symbol,yahooSymbol,date,close,adjClose,volume,avgVolume3m,ma20,ma50,ma200,volatility4m,maxDrawdown4m,high52,low52,range52,distance52High,distance52Low,return1m,return3m,return4m,return6m,source,updatedAt
A,A,2026-09-30,172.309998,172.309998,2590400,2260526,158.0075,151.3064,132.556,0.296197,-0.101467,175.210007,110.239998,0.955364,-0.016552,0.563044,0.122102,0.291776,0.267172,0.511756,Yahoo EOD via GitHub Actions/yfinance,2026-10-01T02:16:40+00:00
AAPL,AAPL,2026-09-30,333.019989,333.019989,49931500,46830968,331.352998,322.087,288.600499,0.300807,-0.127062,341.070007,245.270004,0.915971,-0.023602,0.357769,0.051034,0.131259,0.087199,0.312187,Yahoo EOD via GitHub Actions/yfinance,2026-10-01T02:16:40+00:00
ABBV,ABBV,2026-09-30,261.589996,261.589996,4386600,4973607,261.044498,257.591999,231.157249,0.267052,-0.07406,266.279999,197.380005,0.93193,-0.017613,0.325312,0.020162,0.041942,0.228526,0.202768,Yahoo EOD via GitHub Actions/yfinance,2026-10-01T02:16:40+00:00
ABNB,ABNB,2026-09-30,160.649994,160.649994,4603600,4681187,166.593499,168.77,143.176925,0.456071,-0.214803,190.5,111.540001,0.62196,-0.156693,0.44029,-0.123185,0.090557,0.165228,0.272173,Yahoo EOD via GitHub Actions/yfinance,2026-10-01T02:16:40+00:00
ABT,ABT,2026-09-30,98.830002,98.830002,7571200,9657633,103.4625,106.9808,104.31285,0.305368,-0.15291,134.589996,82.559998,0.312704,-0.265696,0.197069,-0.104476,0.072141,0.125883,-0.037401,Yahoo EOD via GitHub Actions/yfinance,2026-10-01T02:16:40+00:00
ACGL,ACGL,2026-09-30,92.360001,92.360001,5663600,2677117,96.188,98.4224,96.3771,0.220605,-0.132607,106.480003,84.720001,0.351103,-0.132607,0.090179,-0.058224,-0.062811,0.040793,-0.037816,Yahoo EOD via GitHub Actions/yfinance,2026-10-01T02:16:40+00:00
ACN,ACN,2026-09-30,183.369995,183.369995,10531000,6302785,183.780499,177.445199,196.58965,0.559257,-0.331758,288.540009,124.440002,0.35911,-0.36449,0.473561,-0.033674,0.398383,-0.067247,-0.075243,Yahoo EOD via GitHub Actions/yfinance,2026-10-01T02:16:40+00:00
ADBE,ADBE,2026-09-30,239.940002,239.940002,4516500,5211658,251.383002,257.517399,261.01515,0.485294,-0.262104,359.910004,193.410004,0.279459,-0.333333,0.240577,-0.180505,0.137264,-0.124402,-0.012918,Yahoo EOD via GitHub Actions/yfinance,2026-10-01T02:16:40+00:00
ADI,ADI,2026-09-30,396.709991,396.709991,2362600,3653580,374.5355,374.3816,358.223651,0.411692,-0.206766,445.480011,225.199997,0.7786,-0.109477,0.76159,0.09546,0.019872,-0.01485,0.246967,Yahoo EOD via GitHub Actions/yfinance,2026-10-01T02:16:40+00:00
ADM,ADM,2026-09-30,79.379997,79.379997,3134300,3688007,84.02,82.158,74.2088,0.273607,-0.122881,88.089996,56.0,0.728576,-0.098876,0.4175,-0.023496,0.036157,-0.039216,0.092035,Yahoo EOD via GitHub Actions/yfinance,2026-10-01T02:16:40+00:00
ADP,ADP,2026-09-30,258.059998,258.059998,2525000,2269925,269.629498,270.634799,238.02425,0.280179,-0.102338,293.5,188.789993,0.661541,-0.12075,0.366916,-0.098197,0.094727,0.104047,0.270105,Yahoo EOD via GitHub Actions/yfinance,2026-10-01T02:16:40+00:00
ADSK,ADSK,2026-09-30,209.0,209.0,1937200,2136020,217.352998,233.119999,239.80945,0.45757,-0.249095,323.429993,187.720001,0.156805,-0.353801,0.11336,-0.191583,0.046256,-0.157801,-0.126984,Yahoo EOD via GitHub Actions/yfinance,2026-10-01T02:16:40+00:00
AEE,AEE,2026-09-30,99.379997,99.379997,2292500,1567122,102.93,106.5632,107.83135,0.183954,-0.161596,118.32,97.25,0.101091,-0.160074,0.021902,-0.062541,-0.114181,-0.054334,-0.095888,Yahoo EOD via GitHub Actions/yfinance,2026-10-01T02:16:40+00:00
AEP,AEP,2026-09-30,118.639999,118.639999,4110300,3947636,121.279,124.4248,127.0014,0.185301,-0.152282,138.690002,112.5,0.234441,-0.144567,0.054578,-0.030956,-0.121511,-0.041603,-0.094904,Yahoo EOD via GitHub Actions/yfinance,2026-10-01T02:16:40+00:00
AES,AES,2026-09-30,14.9,14.9,11685500,7903469,14.8255,14.7822,14.67485,0.03738,-0.012113,17.280001,13.16,0.42233,-0.137732,0.132219,0.010855,0.01776,0.013605,0.057488,Yahoo EOD via GitHub Actions/yfinance,2026-10-01T02:16:40+00:00
AFL,AFL,2026-09-30,111.779999,111.779999,1774300,2057680,115.424501,119.2974,115.03135,0.184275,-0.137167,129.550003,105.699997,0.254927,-0.137167,0.057521,-0.035132,-0.056629,-0.002944,0.018868,Yahoo EOD via GitHub Actions/yfinance,2026-10-01T02:16:40+00:00
AIG,AIG,2026-09-30,74.419998,74.419998,9411200,3774193,75.269,76.705,77.21055,0.212791,-0.102147,86.589996,71.889999,0.172109,-0.140547,0.035193,-0.025406,-0.028333,0.013206,-0.01103,Yahoo EOD via GitHub Actions/yfinance,2026-10-01T02:16:40+00:00
AIZ,AIZ,2026-09-30,263.5,263.5,306800,368769,276.717497,280.516198,250.083249,0.214081,-0.131678,301.570007,207.699997,0.594439,-0.126239,0.268657,-0.065139,-0.038812,0.059211,0.20977,Yahoo EOD via GitHub Actions/yfinance,2026-10-01T02:16:40+00:00
AJG,AJG,2026-09-30,228.110001,228.110001,1588600,1425093,241.9715,250.256,233.22495,0.339197,-0.164932,310.480011,192.0,0.304777,-0.265299,0.188073,-0.129849,-0.048233,0.106793,0.053237,Yahoo EOD via GitHub Actions/yfinance,2026-10-01T02:16:40+00:00
AKAM,AKAM,2026-09-30,106.349998,106.349998,6249400,4169271,108.8235,112.3846,111.4618,0.553057,-0.348466,161.139999,71.970001,0.385556,-0.340015,0.477699,-0.020899,-0.057264,-0.30946,-0.07401,Yahoo EOD via GitHub Actions/yfinance,2026-10-01T02:16:40+00:00
ALB,ALB,2026-09-30,105.779999,105.779999,1697500,2290617,116.858501,123.334,155.6309,0.470879,-0.384177,215.619995,81.080002,0.183589,-0.509415,0.304637,-0.21627,-0.222663,-0.381873,-0.410795,Yahoo EOD via GitHub Actions/yfinance,2026-10-01T02:16:40+00:00
ALGN,ALGN,2026-09-30,145.350006,145.350006,917800,908030,150.424001,161.198401,170.507,0.406242,-0.235575,197.509995,125.220001,0.278462,-0.264088,0.160757,-0.090369,-0.199129,-0.143842,-0.152132,Yahoo EOD via GitHub Actions/yfinance,2026-10-01T02:16:40+00:00
ALL,ALL,2026-09-30,221.860001,221.860001,3878900,1871022,244.738001,254.8208,224.58995,0.303903,-0.193559,275.109985,190.0,0.374339,-0.193559,0.167684,-0.13941,-0.087447,0.070701,0.07003,Yahoo EOD via GitHub Actions/yfinance,2026-10-01T02:16:40+00:00
ALLE,ALLE,2026-09-30,153.770004,153.770004,671000,1298728,153.9895,158.008,150.3578,0.301636,-0.104593,179.770004,125.650002,0.519586,-0.144629,0.223796,-0.009533,0.098907,0.181029,0.058366,Yahoo EOD via GitHub Actions/yfinance,2026-10-01T02:16:40+00:00
AMAT,AMAT,2026-09-30,511.380005,511.380005,6255000,7454965,459.221501,488.050601,424.90575,0.779282,-0.425477,723.0,204.740005,0.591672,-0.292697,1.497704,0.1156,-0.214361,0.116136,0.496182,Yahoo EOD via GitHub Actions/yfinance,2026-10-01T02:16:40+00:00
AMCR,AMCR,2026-09-30,41.860001,41.860001,2752000,3547487,43.069,45.0268,42.801,0.28584,-0.138506,50.580002,36.689999,0.37221,-0.1724,0.14091,-0.087819,-0.040788,0.109462,0.053082,Yahoo EOD via GitHub Actions/yfinance,2026-10-01T02:16:40+00:00
AMD,AMD,2026-09-30,611.76001,611.76001,16685700,23926906,549.668504,510.381803,370.567201,0.718187,-0.260539,630.630005,161.789993,0.959752,-0.029922,2.781198,0.299626,0.131046,0.199224,2.007226,Yahoo EOD via GitHub Actions/yfinance,2026-10-01T02:16:40+00:00
AME,AME,2026-09-30,247.729996,247.729996,1727300,1285622,240.4625,243.3804,229.7854,0.235127,-0.105214,258.519989,179.279999,0.863831,-0.041738,0.381805,0.053408,0.044701,0.109106,0.155673,Yahoo EOD via GitHub Actions/yfinance,2026-10-01T02:16:40+00:00
AMGN,AMGN,2026-09-30,421.51001,421.51001,3129500,2703898,403.040001,408.027,363.706651,0.319836,-0.15417,444.119995,282.200012,0.860363,-0.05091,0.493657,-0.019471,0.166551,0.280679,0.197982,Yahoo EOD via GitHub Actions/yfinance,2026-10-01T02:16:40+00:00
AMP,AMP,2026-09-30,492.350006,492.350006,769300,557385,533.0405,544.697205,493.117551,0.249542,-0.149874,570.679993,430.399994,0.441617,-0.137257,0.143936,-0.109852,0.026413,0.101085,0.107898,Yahoo EOD via GitHub Actions/yfinance,2026-10-01T02:16:40+00:00
AMT,AMT,2026-09-30,163.690002,163.690002,2778500,2663639,173.2535,173.0412,177.0733,0.293357,-0.164898,194.119995,162.110001,0.04936,-0.156759,0.009746,-0.068355,-0.014391,-0.127126,-0.051512,Yahoo EOD via GitHub Actions/yfinance,2026-10-01T02:16:40+00:00
AMZN,AMZN,2026-09-30,249.149994,249.149994,41825700,39517717,252.3485,256.119,241.1078,0.400674,-0.134005,284.019989,198.789993,0.590872,-0.122773,0.253333,-0.040882,0.030823,-0.046352,0.196284,Yahoo EOD via GitHub Actions/yfinance,2026-10-01T02:16:40+00:00
ANET,ANET,2026-09-30,203.589996,203.589996,4876700,6567688,198.13,192.2096,158.112,0.542359,-0.15506,210.5,116.129997,0.926778,-0.032827,0.753122,0.04037,0.221882,0.192817,0.658169,Yahoo EOD via GitHub Actions/yfinance,2026-10-01T02:16:40+00:00
AON,AON,2026-09-30,276.769989,276.769989,2287000,1506401,297.887502,332.376999,332.62435,0.321157,-0.286314,381.26001,272.100006,0.042781,-0.274065,0.017163,-0.139183,-0.194406,-0.136201,-0.142543,Yahoo EOD via GitHub Actions/yfinance,2026-10-01T02:16:40+00:00
AOS,AOS,2026-09-30,56.369999,56.369999,2275700,1545323,57.9185,60.2576,64.4808,0.29369,-0.119356,80.470001,55.779999,0.023896,-0.299491,0.010577,-0.046677,-0.092855,0.010577,-0.145132,Yahoo EOD via GitHub Actions/yfinance,2026-10-01T02:16:40+00:00
APA,APA,2026-09-30,41.540001,41.540001,5966100,5635726,43.9575,41.2908,35.15845,0.428877,-0.168536,47.41,21.66,0.772039,-0.123814,0.917821,-0.037312,0.30342,0.100397,-0.021206,Yahoo EOD via GitHub Actions/yfinance,2026-10-01T02:16:40+00:00
APD,APD,2026-09-30,278.230011,278.230011,988300,1098544,289.237497,296.573599,285.3714,0.251868,-0.114453,314.190002,230.759995,0.56898,-0.114453,0.205712,-0.100918,-0.091939,-0.002367,-0.042204,Yahoo EOD via GitHub Actions/yfinance,2026-10-01T02:16:40+00:00
APH,APH,2026-09-30,84.300003,84.300003,15793900,12622549,81.386,80.8458,73.92605,0.431092,-0.184154,88.160004,59.575001,0.864964,-0.043784,0.415023,0.063387,-0.02102,0.152112,0.334389,Yahoo EOD via GitHub Actions/yfinance,2026-10-01T02:16:40+00:00
APO,APO,2026-09-30,116.059998,116.059998,4188900,3436603,126.237,128.881,126.9653,0.349584,-0.19167,152.699997,100.300003,0.300763,-0.239948,0.157129,-0.150242,-0.020095,-0.094837,0.041644,Yahoo EOD via GitHub Actions/yfinance,2026-10-01T02:16:40+00:00
APP,APP,2026-09-30,290.429993,290.429993,6573300,5804268,316.616498,335.9502,460.197675,0.651635,-0.52045,733.599976,290.429993,0.0,-0.604103,0.0,-0.069314,-0.48561,-0.526756,-0.270276,Yahoo EOD via GitHub Actions/yfinance,2026-10-01T02:16:40+00:00
APTV,APTV,2026-09-30,43.02,43.02,3719700,4045484,44.591,48.2086,63.66,0.492325,-0.43999,88.669998,43.02,0.0,-0.51483,0.0,-0.038874,-0.28633,-0.372886,-0.380472,Yahoo EOD via GitHub Actions/yfinance,2026-10-01T02:16:40+00:00
ARE,ARE,2026-09-30,47.459999,47.459999,1614600,1865104,51.5985,51.0704,50.29635,0.46805,-0.175391,83.800003,40.41,0.16248,-0.433652,0.174462,-0.074673,-0.104697,-0.024059,0.022404,Yahoo EOD via GitHub Actions/yfinance,2026-10-01T02:16:40+00:00
ARES,ARES,2026-09-30,116.169998,116.169998,2066900,2139506,127.8705,133.3656,130.423201,0.410914,-0.222683,178.279999,96.5,0.240523,-0.348385,0.203834,-0.188587,0.022353,-0.097639,0.064803,Yahoo EOD via GitHub Actions/yfinance,2026-10-01T02:16:40+00:00
ATO,ATO,2026-09-30,156.440002,156.440002,942700,1024438,161.688,167.5988,174.61135,0.149637,-0.129582,192.289993,156.240005,0.005548,-0.186437,0.00128,-0.058328,-0.095879,-0.064074,-0.153097,Yahoo EOD via GitHub Actions/yfinance,2026-10-01T02:16:40+00:00
AVGO,AVGO,2026-09-30,351.190002,351.190002,19694200,22518373,355.384497,375.032599,367.502,0.489608,-0.295492,481.570007,293.410004,0.307079,-0.270739,0.196926,-0.051709,-0.049142,-0.236494,0.134664,Yahoo EOD via GitHub Actions/yfinance,2026-10-01T02:16:40+00:00
AVY,AVY,2026-09-30,170.669998,170.669998,822100,908160,171.071999,173.2512,172.8932,0.263009,-0.087094,197.449997,153.009995,0.39739,-0.135629,0.115417,-0.019758,0.046285,0.097697,-0.01164,Yahoo EOD via GitHub Actions/yfinance,2026-10-01T02:16:40+00:00
AWK,AWK,2026-09-30,129.470001,129.470001,1688300,2106888,135.9825,136.009201,131.99255,0.223618,-0.084889,145.429993,121.129997,0.34321,-0.109743,0.068852,-0.063373,-0.017604,0.068852,-0.048644,Yahoo EOD via GitHub Actions/yfinance,2026-10-01T02:16:40+00:00
AXON,AXON,2026-09-30,422.519989,422.519989,1107400,948176,466.015498,532.746601,498.364351,0.701066,-0.350214,759.440002,345.940002,0.185199,-0.443643,0.221368,-0.254236,-0.288639,-0.113991,-0.00511,Yahoo EOD via GitHub Actions/yfinance,2026-10-01T02:16:40+00:00
AXP,AXP,2026-09-30,304.100006,304.100006,4209200,2895249,315.8815,329.148199,333.035499,0.251017,-0.164864,384.890015,292.269989,0.127726,-0.209904,0.040476,-0.078959,-0.126149,-0.030108,0.005356,Yahoo EOD via GitHub Actions/yfinance,2026-10-01T02:16:40+00:00
AZO,AZO,2026-09-30,2830.02002,2830.02002,493800,273847,2888.779016,2969.352212,3303.29955,0.290365,-0.128925,4290.240234,2803.25,0.018003,-0.340359,0.00955,-0.053897,-0.120607,-0.063202,-0.162166,Yahoo EOD via GitHub Actions/yfinance,2026-10-01T02:16:40+00:00
BA,BA,2026-09-30,186.050003,186.050003,11547500,6240025,201.646999,212.9684,220.8727,0.35879,-0.232316,252.149994,179.119995,0.094893,-0.262146,0.038689,-0.104582,-0.148824,-0.170531,-0.065216,Yahoo EOD via GitHub Actions/yfinance,2026-10-01T02:16:40+00:00
BAC,BAC,2026-09-30,54.43,54.43,33995600,32904171,58.959,61.1786,55.3174,0.21392,-0.16016,64.809998,46.720001,0.426202,-0.16016,0.165026,-0.121246,-0.067341,0.056688,0.116513,Yahoo EOD via GitHub Actions/yfinance,2026-10-01T02:16:40+00:00
BALL,BALL,2026-09-30,56.029999,56.029999,1951400,1879274,59.7765,61.98,60.00265,0.226124,-0.162356,67.760002,46.41,0.450585,-0.173111,0.207283,-0.110211,-0.092632,0.043389,-0.052106,Yahoo EOD via GitHub Actions/yfinance,2026-10-01T02:16:40+00:00
BAX,BAX,2026-09-30,24.0,24.0,8727000,6557638,23.9585,25.1778,20.7885,0.392605,-0.195767,28.35,15.8,0.653386,-0.153439,0.518987,-0.076923,0.106501,0.304348,0.428571,Yahoo EOD via GitHub Actions/yfinance,2026-10-01T02:16:40+00:00
BBY,BBY,2026-09-30,88.239998,88.239998,2647800,3658663,90.8095,87.5292,72.80525,0.346056,-0.112565,94.830002,55.52,0.832358,-0.069493,0.589337,0.100936,0.142561,0.176847,0.374455,Yahoo EOD via GitHub Actions/yfinance,2026-10-01T02:16:40+00:00
BDX,BDX,2026-09-30,179.0,179.0,1798600,1796057,182.006002,179.118801,162.304378,0.279142,-0.081146,192.0,138.671387,0.756228,-0.067708,0.290821,-0.048429,0.1707,0.23168,0.13846,Yahoo EOD via GitHub Actions/yfinance,2026-10-01T02:16:40+00:00
BE,BE,2026-09-30,276.980011,276.980011,14852300,15746669,266.515501,233.531601,205.513051,1.146572,-0.526529,345.850006,76.970001,0.743863,-0.199133,2.598545,0.342608,-0.043247,0.012687,1.044284,Yahoo EOD via GitHub Actions/yfinance,2026-10-01T02:16:40+00:00
BEN,BEN,2026-09-30,32.119999,32.119999,4526500,4021200,33.2725,33.6458,29.4389,0.260063,-0.102041,35.77,21.18,0.749829,-0.102041,0.516525,-0.059444,-0.056958,0.038138,0.359864,Yahoo EOD via GitHub Actions/yfinance,2026-10-01T02:16:40+00:00
BF.B,BF-B,2026-09-30,26.200001,26.200001,2193900,2342592,26.3625,27.266,26.9877,0.33365,-0.128049,30.879999,22.799999,0.420792,-0.151554,0.149123,-0.013925,0.014324,0.041335,-0.009077,Yahoo EOD via GitHub Actions/yfinance,2026-10-01T02:16:40+00:00
BG,BG,2026-09-30,106.949997,106.949997,1113000,1570685,116.427,114.422401,116.0119,0.336973,-0.201811,131.410004,80.769997,0.516983,-0.186135,0.32413,-0.079683,0.01964,-0.177118,-0.159198,Yahoo EOD via GitHub Actions/yfinance,2026-10-01T02:16:40+00:00
BIIB,BIIB,2026-09-30,225.880005,225.880005,1553300,1078646,220.7735,214.4082,194.72705,0.3608,-0.113927,228.690002,140.080002,0.968288,-0.012287,0.612507,0.042603,0.076952,0.175051,0.232095,Yahoo EOD via GitHub Actions/yfinance,2026-10-01T02:16:40+00:00
BKNG,BKNG,2026-09-30,162.910004,162.910004,8378000,6775538,172.2805,190.2204,183.194048,0.406704,-0.272922,219.684402,154.130005,0.133935,-0.258436,0.056965,-0.181727,-0.108027,-0.037459,-0.032674,Yahoo EOD via GitHub Actions/yfinance,2026-10-01T02:16:40+00:00
BKR,BKR,2026-09-30,54.900002,54.900002,8378500,8326241,58.8805,60.6424,59.265,0.324385,-0.201634,69.669998,44.470001,0.413889,-0.211999,0.23454,-0.136113,0.020067,-0.128156,-0.100737,Yahoo EOD via GitHub Actions/yfinance,2026-10-01T02:16:40+00:00
BLK,BLK,2026-09-30,1058.290039,1058.290039,551100,635319,1076.263507,1109.041802,1061.099402,0.2746,-0.123094,1202.589966,922.900024,0.484072,-0.119991,0.146701,-0.084215,0.079469,0.036797,0.100425,Yahoo EOD via GitHub Actions/yfinance,2026-10-01T02:16:40+00:00
BMY,BMY,2026-09-30,62.400002,62.400002,15867300,11020777,63.7955,64.4998,59.31665,0.269771,-0.101924,68.089996,42.599998,0.776775,-0.083566,0.464789,-0.066008,0.105599,0.135578,0.028854,Yahoo EOD via GitHub Actions/yfinance,2026-10-01T02:16:40+00:00
BNY,BNY,2026-09-30,144.630005,144.630005,4419300,3388450,155.419499,158.0484,136.4908,0.223144,-0.122604,164.839996,104.540001,0.664843,-0.122604,0.38349,-0.103237,-0.009519,0.014307,0.219169,Yahoo EOD via GitHub Actions/yfinance,2026-10-01T02:16:40+00:00
BR,BR,2026-09-30,161.100006,161.100006,1051900,1127469,167.210501,167.8672,171.82035,0.322781,-0.132111,238.169998,135.440002,0.249781,-0.323592,0.189457,-0.116679,0.143121,0.007127,-0.008493,Yahoo EOD via GitHub Actions/yfinance,2026-10-01T02:16:40+00:00
BRK.B,BRK-B,2026-09-30,497.950012,497.950012,7043200,4326479,507.326001,506.921999,492.7799,0.143589,-0.063466,529.419983,465.399994,0.508435,-0.059442,0.06994,-0.012063,-0.003582,0.058815,0.039128,Yahoo EOD via GitHub Actions/yfinance,2026-10-01T02:16:40+00:00
BRO,BRO,2026-09-30,60.900002,60.900002,1989200,2285536,65.308,68.8316,68.1402,0.341323,-0.195405,95.959999,54.380001,0.156806,-0.365361,0.119897,-0.156159,-0.095903,0.068796,-0.066094,Yahoo EOD via GitHub Actions/yfinance,2026-10-01T02:16:40+00:00
BSX,BSX,2026-09-30,43.650002,43.650002,17967400,19888768,44.618,46.8908,62.22685,0.338361,-0.17362,104.980003,42.630001,0.016359,-0.584207,0.023927,-0.096273,0.013702,-0.090246,-0.304382,Yahoo EOD via GitHub Actions/yfinance,2026-10-01T02:16:40+00:00
BX,BX,2026-09-30,112.089996,112.089996,5718500,4282692,125.119499,132.9114,128.7874,0.385251,-0.24933,170.850006,102.120003,0.14506,-0.343927,0.09763,-0.217467,-0.062401,-0.041474,-0.02522,Yahoo EOD via GitHub Actions/yfinance,2026-10-01T02:16:40+00:00
BXP,BXP,2026-09-30,61.110001,61.110001,1224400,1356407,64.1335,67.077,62.97405,0.281642,-0.162533,76.32,51.02,0.398814,-0.199292,0.197766,-0.101191,-0.098141,0.033486,0.177457,Yahoo EOD via GitHub Actions/yfinance,2026-10-01T02:16:40+00:00
C,C,2026-09-30,129.479996,129.479996,9799100,10319587,134.4625,134.1042,125.7162,0.272129,-0.127274,145.669998,93.93,0.687089,-0.111142,0.378473,-0.016259,-0.076001,0.003021,0.141698,Yahoo EOD via GitHub Actions/yfinance,2026-10-01T02:16:40+00:00
CAH,CAH,2026-09-30,222.5,222.5,1944800,1985641,231.138,232.4328,217.7322,0.233124,-0.114195,248.610001,153.270004,0.726138,-0.105024,0.451687,-0.051658,-0.064025,0.140149,0.052955,Yahoo EOD via GitHub Actions/yfinance,2026-10-01T02:16:40+00:00
CARR,CARR,2026-09-30,54.860001,54.860001,6443800,6503782,56.2595,60.0298,61.60075,0.344611,-0.291053,76.0,50.360001,0.175507,-0.278158,0.089357,-0.057712,-0.238796,-0.157426,-0.02575,Yahoo EOD via GitHub Actions/yfinance,2026-10-01T02:16:40+00:00
CASY,CASY,2026-09-30,608.460022,608.460022,608400,481077,632.790005,755.374202,731.592549,0.539132,-0.361734,916.280029,513.190002,0.236349,-0.335945,0.185643,-0.191104,-0.22418,-0.183911,-0.164042,Yahoo EOD via GitHub Actions/yfinance,2026-10-01T02:16:40+00:00
CAT,CAT,2026-09-30,810.789978,810.789978,1959800,2698953,807.326501,825.690001,792.674449,0.422978,-0.268326,1064.900024,477.149994,0.567656,-0.238623,0.699235,0.016703,-0.182185,-0.06306,0.14444,Yahoo EOD via GitHub Actions/yfinance,2026-10-01T02:16:40+00:00
CB,CB,2026-09-30,325.25,325.25,1430000,1767353,337.6685,343.483999,329.73435,0.222919,-0.105227,363.5,268.200012,0.598636,-0.105227,0.212714,-0.039427,-0.075285,0.049939,-0.002086,Yahoo EOD via GitHub Actions/yfinance,2026-10-01T02:16:40+00:00
CBOE,CBOE,2026-09-30,275.290009,275.290009,2288000,1094349,276.632998,288.056599,286.853351,0.445562,-0.231068,366.700012,231.509995,0.323841,-0.249277,0.189106,-0.082978,0.111295,-0.085385,-0.020564,Yahoo EOD via GitHub Actions/yfinance,2026-10-01T02:16:40+00:00
CBRE,CBRE,2026-09-30,128.470001,128.470001,2608600,1738817,138.944501,144.247001,145.444201,0.336705,-0.171535,171.610001,124.639999,0.081541,-0.251384,0.030729,-0.118922,-0.071077,0.030729,-0.051602,Yahoo EOD via GitHub Actions/yfinance,2026-10-01T02:16:40+00:00
CCI,CCI,2026-09-30,66.650002,66.650002,3866400,3612400,72.433,74.2898,83.23105,0.326929,-0.294634,98.870003,66.650002,0.0,-0.325882,0.0,-0.124639,-0.1291,-0.267824,-0.180298,Yahoo EOD via GitHub Actions/yfinance,2026-10-01T02:16:40+00:00
CCL,CCL,2026-09-30,24.540001,24.540001,35988600,20849079,22.755,25.2814,27.5063,0.454263,-0.294822,33.990002,21.790001,0.22541,-0.278023,0.126205,0.027208,-0.139551,-0.107961,-0.051777,Yahoo EOD via GitHub Actions/yfinance,2026-10-01T02:16:40+00:00
CDNS,CDNS,2026-09-30,330.190002,330.190002,2969700,2376631,298.999503,317.902601,325.3917,0.404009,-0.342059,416.390015,265.660004,0.428116,-0.207017,0.242904,-0.025356,-0.125857,-0.202748,0.18829,Yahoo EOD via GitHub Actions/yfinance,2026-10-01T02:16:40+00:00
CDW,CDW,2026-09-30,128.160004,128.160004,1056500,1780463,144.604501,142.2332,131.7312,0.470681,-0.167792,159.419998,99.300003,0.48004,-0.196086,0.290634,-0.154506,-0.074055,-0.090935,0.058999,Yahoo EOD via GitHub Actions/yfinance,2026-10-01T02:16:40+00:00
CEG,CEG,2026-09-30,254.020004,254.020004,4407100,2786819,271.629747,272.156299,288.755225,0.37177,-0.150577,403.950012,236.5,0.104628,-0.37116,0.07408,-0.075518,0.07408,-0.043959,-0.090349,Yahoo EOD via GitHub Actions/yfinance,2026-10-01T02:16:40+00:00
CF,CF,2026-09-30,115.199997,115.199997,2121900,2512023,127.768501,124.910001,112.13345,0.376175,-0.176635,139.270004,76.089996,0.619025,-0.17283,0.513997,-0.114051,0.065089,0.01677,-0.112754,Yahoo EOD via GitHub Actions/yfinance,2026-10-01T02:16:40+00:00
CFG,CFG,2026-09-30,63.759998,63.759998,4461100,3936731,67.654,70.1398,65.09075,0.253127,-0.146795,74.730003,48.389999,0.583523,-0.146795,0.317628,-0.074198,-0.112225,0.049029,0.063198,Yahoo EOD via GitHub Actions/yfinance,2026-10-01T02:16:40+00:00
CHD,CHD,2026-09-30,94.220001,94.220001,2383800,1790906,95.740501,98.5412,95.90605,0.225294,-0.093593,105.260002,81.599998,0.53339,-0.104883,0.154657,-0.055723,-0.030758,-0.011333,0.009644,Yahoo EOD via GitHub Actions/yfinance,2026-10-01T02:16:40+00:00
CHRW,CHRW,2026-09-30,147.960007,147.960007,1038300,1717419,150.589001,153.389401,172.323451,0.443669,-0.323704,209.419998,124.389999,0.277196,-0.293477,0.189485,-0.011359,-0.226434,-0.177497,-0.10905,Yahoo EOD via GitHub Actions/yfinance,2026-10-01T02:16:40+00:00
CHTR,CHTR,2026-09-30,110.900002,110.900002,2400500,2913773,131.502001,140.958601,175.86865,0.558922,-0.303831,282.73999,110.669998,0.001337,-0.607767,0.002078,-0.272501,-0.206951,-0.2223,-0.486289,Yahoo EOD via GitHub Actions/yfinance,2026-10-01T02:16:40+00:00
CI,CI,2026-09-30,271.829987,271.829987,3080100,1667701,277.543999,279.619199,280.020049,0.277697,-0.128079,311.0,244.410004,0.411773,-0.125949,0.112188,-0.015394,-0.018912,-0.008607,0.019044,Yahoo EOD via GitHub Actions/yfinance,2026-10-01T02:16:40+00:00
CIEN,CIEN,2026-09-30,351.820007,351.820007,2656100,2253749,345.011501,374.647601,389.6445,0.782536,-0.493684,627.0,145.669998,0.428292,-0.438884,1.415185,-0.08093,-0.239209,-0.382349,-0.093785,Yahoo EOD via GitHub Actions/yfinance,2026-10-01T02:16:40+00:00
CINF,CINF,2026-09-30,159.369995,159.369995,909500,706995,167.557501,171.9372,167.50465,0.23317,-0.170078,192.029999,151.389999,0.196358,-0.170078,0.052712,-0.061978,-0.14871,0.016196,0.012838,Yahoo EOD via GitHub Actions/yfinance,2026-10-01T02:16:40+00:00
CL,CL,2026-09-30,85.32,85.32,4684400,4691542,87.3065,89.8946,88.41775,0.228154,-0.103122,99.139999,74.980003,0.42798,-0.139399,0.137903,-0.0501,-0.080207,-0.035169,0.001056,Yahoo EOD via GitHub Actions/yfinance,2026-10-01T02:16:40+00:00
CLX,CLX,2026-09-30,81.010002,81.010002,2758600,2848125,86.72,96.1972,101.6036,0.337453,-0.25164,127.160004,81.010002,0.0,-0.362929,0.0,-0.170659,-0.159822,-0.090695,-0.218277,Yahoo EOD via GitHub Actions/yfinance,2026-10-01T02:16:40+00:00
CMCSA,CMCSA,2026-09-30,21.76,21.76,34944400,29565049,23.8505,24.7354,26.750133,0.347957,-0.205882,32.48,21.6,0.014706,-0.330049,0.007407,-0.18257,-0.083017,-0.131337,-0.242076,Yahoo EOD via GitHub Actions/yfinance,2026-10-01T02:16:40+00:00
CME,CME,2026-09-30,261.980011,261.980011,1903300,2167547,272.7095,270.019002,278.5082,0.276053,-0.189033,326.459991,218.580002,0.402299,-0.197513,0.198554,-0.082382,0.134113,0.016372,-0.112985,Yahoo EOD via GitHub Actions/yfinance,2026-10-01T02:16:40+00:00
CMG,CMG,2026-09-30,31.950001,31.950001,14111100,16329596,34.4175,34.6752,34.9099,0.472183,-0.186656,42.360001,28.18,0.265867,-0.245751,0.133783,-0.159874,-0.087143,0.045827,-0.001874,Yahoo EOD via GitHub Actions/yfinance,2026-10-01T02:16:40+00:00
CMI,CMI,2026-09-30,516.570007,516.570007,1092300,999996,536.522006,586.344802,603.251803,0.359832,-0.290026,727.590027,407.980011,0.339758,-0.290026,0.266165,-0.084745,-0.242921,-0.197249,-0.039868,Yahoo EOD via GitHub Actions/yfinance,2026-10-01T02:16:40+00:00
CMS,CMS,2026-09-30,63.080002,63.080002,4744600,3560469,65.706999,68.839399,72.89595,0.182575,-0.205685,79.940002,62.599998,0.027682,-0.210908,0.007668,-0.073171,-0.169125,-0.106262,-0.186904,Yahoo EOD via GitHub Actions/yfinance,2026-10-01T02:16:40+00:00
CNC,CNC,2026-09-30,62.119999,62.119999,3580900,4554687,64.956,64.8222,52.576,0.378068,-0.114668,69.410004,31.799999,0.806168,-0.105028,0.953459,-0.034504,-0.091148,0.001935,0.897373,Yahoo EOD via GitHub Actions/yfinance,2026-10-01T02:16:40+00:00
CNP,CNP,2026-09-30,36.799999,36.799999,5829700,6360625,38.302,39.941,41.388,0.18579,-0.186945,45.040001,36.619999,0.021378,-0.182949,0.004915,-0.070707,-0.158472,-0.108743,-0.147359,Yahoo EOD via GitHub Actions/yfinance,2026-10-01T02:16:40+00:00
COF,COF,2026-09-30,193.070007,193.070007,3224400,3692136,205.124502,211.332601,206.094399,0.295386,-0.150743,257.940002,176.100006,0.207356,-0.251493,0.096366,-0.099949,-0.057367,0.04611,0.058324,Yahoo EOD via GitHub Actions/yfinance,2026-10-01T02:16:40+00:00
COHR,COHR,2026-09-30,287.809998,287.809998,5339300,6177077,292.058501,296.411802,287.525901,1.032621,-0.479843,426.890015,107.720001,0.564245,-0.325798,1.671834,0.035921,-0.219287,-0.206916,0.20822,Yahoo EOD via GitHub Actions/yfinance,2026-10-01T02:16:40+00:00
COIN,COIN,2026-09-30,186.410004,186.410004,8349000,8844304,185.629001,171.9362,186.1369,0.7452,-0.180872,387.269989,141.089996,0.184093,-0.518656,0.321213,-0.00909,0.170623,0.020809,0.067579,Yahoo EOD via GitHub Actions/yfinance,2026-10-01T02:16:40+00:00
COO,COO,2026-09-30,56.529999,56.529999,4830000,3029103,58.3175,67.4942,71.62455,0.415746,-0.306561,84.32,53.27,0.104992,-0.329578,0.061198,-0.193466,-0.214315,-0.060807,-0.209371,Yahoo EOD via GitHub Actions/yfinance,2026-10-01T02:16:40+00:00
COP,COP,2026-09-30,125.150002,125.150002,6490800,6704165,132.137499,127.7056,116.21285,0.31326,-0.139259,141.220001,85.660004,0.710763,-0.113794,0.461009,-0.0554,0.212459,0.0828,-0.051894,Yahoo EOD via GitHub Actions/yfinance,2026-10-01T02:16:40+00:00
COR,COR,2026-09-30,300.25,300.25,1781200,1377300,317.646002,317.430001,318.57475,0.263075,-0.109632,374.75,252.740005,0.389394,-0.198799,0.18798,-0.072157,0.041017,0.134346,-0.044216,Yahoo EOD via GitHub Actions/yfinance,2026-10-01T02:16:40+00:00
COST,COST,2026-09-30,910.340027,910.340027,2218300,2129492,908.624493,933.484598,960.967148,0.195003,-0.094195,1094.319946,850.0,0.246971,-0.168123,0.070988,-0.035544,-0.015497,-0.037807,-0.086398,Yahoo EOD via GitHub Actions/yfinance,2026-10-01T02:16:40+00:00
CPAY,CPAY,2026-09-30,388.600006,388.600006,801300,495885,403.408501,400.475999,345.9513,0.270424,-0.095901,425.23999,255.0,0.784775,-0.086163,0.523922,-0.038833,0.13979,0.067201,0.335441,Yahoo EOD via GitHub Actions/yfinance,2026-10-01T02:16:40+00:00
CPRT,CPRT,2026-09-30,27.280001,27.280001,7849700,10950146,30.0585,30.4888,33.6101,0.407863,-0.209438,45.759998,27.139999,0.007519,-0.403846,0.005158,-0.173083,-0.052449,-0.155941,-0.178313,Yahoo EOD via GitHub Actions/yfinance,2026-10-01T02:16:40+00:00
CPT,CPT,2026-09-30,96.730003,96.730003,1274600,1000688,101.205501,106.4468,106.9921,0.201541,-0.177326,117.580002,96.730003,0.0,-0.177326,0.0,-0.085728,-0.163669,-0.088141,-0.009523,Yahoo EOD via GitHub Actions/yfinance,2026-10-01T02:16:40+00:00
CRH,CRH,2026-09-30,82.800003,82.800003,8654300,4633631,87.592501,93.505,108.79775,0.312333,-0.267581,131.380005,82.800003,0.0,-0.369767,0.0,-0.121858,-0.212853,-0.224356,-0.212329,Yahoo EOD via GitHub Actions/yfinance,2026-10-01T02:16:40+00:00
CRL,CRL,2026-09-30,295.01001,295.01001,794100,919926,283.870001,273.4862,209.041,0.418125,-0.086074,298.579987,149.929993,0.975984,-0.011957,0.967652,0.023487,0.287747,0.620311,0.710203,Yahoo EOD via GitHub Actions/yfinance,2026-10-01T02:16:40+00:00
CRM,CRM,2026-09-30,229.570007,229.570007,11228200,13726423,243.6325,217.0326,200.73245,0.575021,-0.252539,266.230011,150.119995,0.684265,-0.1377,0.529243,-0.108604,0.40642,0.095277,0.229817,Yahoo EOD via GitHub Actions/yfinance,2026-10-01T02:16:40+00:00
CRWD,CRWD,2026-09-30,264.75,264.75,8778600,9769476,236.396501,216.5116,152.101225,0.675486,-0.178025,264.75,87.5625,1.0,0.0,2.023555,0.146104,0.370448,0.353926,1.712533,Yahoo EOD via GitHub Actions/yfinance,2026-10-01T02:16:40+00:00
CSCO,CSCO,2026-09-30,107.629997,107.629997,17001600,19797593,108.618499,112.1766,97.3944,0.360579,-0.181308,130.0,67.459999,0.642309,-0.172077,0.595464,-0.025885,-0.080164,-0.112915,0.387163,Yahoo EOD via GitHub Actions/yfinance,2026-10-01T02:16:40+00:00
CSGP,CSGP,2026-09-30,27.4,27.4,6693000,7005382,29.447,30.2754,40.45205,0.461512,-0.212679,84.800003,26.950001,0.007779,-0.676887,0.016698,-0.145619,-0.066758,-0.190786,-0.320773,Yahoo EOD via GitHub Actions/yfinance,2026-10-01T02:16:40+00:00
CSX,CSX,2026-09-30,46.509998,46.509998,11006500,11309652,47.829,49.6142,44.2019,0.211679,-0.136013,53.23,33.68,0.656266,-0.126245,0.380938,-0.079192,-0.037658,0.014174,0.133009,Yahoo EOD via GitHub Actions/yfinance,2026-10-01T02:16:40+00:00
CTAS,CTAS,2026-09-30,195.059998,195.059998,1626200,2172104,198.677001,202.003599,188.0214,0.287235,-0.113425,216.529999,163.550003,0.594753,-0.099155,0.192663,-0.033351,0.119555,0.128167,0.153246,Yahoo EOD via GitHub Actions/yfinance,2026-10-01T02:16:40+00:00
CTSH,CTSH,2026-09-30,57.439999,57.439999,10941200,7952695,60.025,58.2156,61.2162,0.501288,-0.297606,86.699997,38.73,0.390035,-0.337486,0.483088,-0.110561,0.398588,0.004899,-0.063733,Yahoo EOD via GitHub Actions/yfinance,2026-10-01T02:16:40+00:00
CTVA,CTVA,2026-09-30,77.650002,77.650002,4034800,4449701,82.2795,81.9156,78.6873,0.309583,-0.165507,90.510002,61.0,0.564216,-0.142084,0.272951,-0.082477,-0.070505,-0.000386,-0.072393,Yahoo EOD via GitHub Actions/yfinance,2026-10-01T02:16:40+00:00
CVNA,CVNA,2026-09-30,62.540001,62.540001,7238900,8835987,67.813501,68.6688,72.21762,0.614616,-0.201927,95.690002,56.256001,0.159355,-0.346431,0.111704,-0.148652,-0.078533,-0.119155,-0.005344,Yahoo EOD via GitHub Actions/yfinance,2026-10-01T02:16:40+00:00
CVS,CVS,2026-09-30,85.690002,85.690002,8379100,7657042,91.441,95.7688,87.62225,0.271687,-0.231013,110.599998,70.080002,0.385242,-0.225226,0.222745,-0.087531,-0.182425,-0.054403,0.193122,Yahoo EOD via GitHub Actions/yfinance,2026-10-01T02:16:40+00:00
CVX,CVX,2026-09-30,204.210007,204.210007,6390200,8526488,209.067,202.0202,186.06555,0.24453,-0.127028,217.770004,146.75,0.809068,-0.062268,0.39155,-0.009363,0.232482,0.098908,-0.013001,Yahoo EOD via GitHub Actions/yfinance,2026-10-01T02:16:40+00:00
D,D,2026-09-30,60.52,60.52,4359500,4351138,63.403,66.3542,64.33775,0.164665,-0.159158,71.690002,57.080002,0.235455,-0.15581,0.060266,-0.083169,-0.107243,-0.063303,-0.021029,Yahoo EOD via GitHub Actions/yfinance,2026-10-01T02:16:40+00:00
DAL,DAL,2026-09-30,83.459999,83.459999,6574100,6201333,80.838,84.0296,75.66325,0.340672,-0.184497,93.660004,55.650002,0.731649,-0.108905,0.49973,0.07,-0.103159,0.024426,0.255415,Yahoo EOD via GitHub Actions/yfinance,2026-10-01T02:16:40+00:00
DASH,DASH,2026-09-30,183.550003,183.550003,4251000,4155687,197.59675,205.3481,187.1416,0.464824,-0.247077,281.73999,146.600006,0.27342,-0.348513,0.252046,-0.207949,-0.028167,0.113909,0.222444,Yahoo EOD via GitHub Actions/yfinance,2026-10-01T02:16:40+00:00
DD,DD,2026-09-30,129.889999,129.889999,778200,1347657,129.598,135.8352,137.5686,0.242645,-0.156613,154.589996,92.51046,0.602123,-0.159777,0.404057,-0.034921,-0.061963,-0.090215,-0.054658,Yahoo EOD via GitHub Actions/yfinance,2026-10-01T02:16:40+00:00
DDOG,DDOG,2026-09-30,273.850006,273.850006,2788700,4256828,237.627752,243.391701,183.50525,0.62484,-0.273885,288.149994,102.614998,0.922926,-0.049627,1.668713,0.15529,0.035428,-0.013118,1.31978,Yahoo EOD via GitHub Actions/yfinance,2026-10-01T02:16:40+00:00
DE,DE,2026-09-30,671.549988,671.549988,1736800,1210095,686.344498,646.283599,585.970899,0.33815,-0.092539,709.47998,439.109985,0.859711,-0.053462,0.529343,0.025408,0.069978,0.23804,0.192171,Yahoo EOD via GitHub Actions/yfinance,2026-10-01T02:16:40+00:00
DECK,DECK,2026-09-30,78.139999,78.139999,4108600,2729314,80.119,88.5906,101.51295,0.361432,-0.322287,120.940002,77.510002,0.014506,-0.353895,0.008128,-0.102664,-0.22117,-0.294893,-0.219303,Yahoo EOD via GitHub Actions/yfinance,2026-10-01T02:16:40+00:00
DELL,DELL,2026-09-30,537.950012,537.950012,4885700,7708936,543.362506,484.493802,288.928,0.764211,-0.192114,588.400024,111.07,0.894308,-0.085741,3.843342,0.179689,0.265021,0.154498,2.277585,Yahoo EOD via GitHub Actions/yfinance,2026-10-01T02:16:40+00:00
DG,DG,2026-09-30,119.580002,119.580002,2580700,2436720,124.9355,124.234,126.99255,0.35355,-0.10232,156.240005,95.940002,0.39204,-0.234639,0.246404,-0.056568,0.038021,0.087783,0.007159,Yahoo EOD via GitHub Actions/yfinance,2026-10-01T02:16:40+00:00
DGX,DGX,2026-09-30,233.070007,233.070007,1083100,1016012,238.431001,237.2542,205.58985,0.263044,-0.065966,247.449997,173.490005,0.805571,-0.058113,0.34342,-0.030087,0.078928,0.212643,0.189254,Yahoo EOD via GitHub Actions/yfinance,2026-10-01T02:16:40+00:00
DHI,DHI,2026-09-30,136.649994,136.649994,3112700,2449736,139.8745,144.4028,148.73085,0.354399,-0.18796,174.949997,132.529999,0.097124,-0.21892,0.031087,-0.054718,-0.12995,-0.070282,-0.004154,Yahoo EOD via GitHub Actions/yfinance,2026-10-01T02:16:40+00:00
DHR,DHR,2026-09-30,221.550003,221.550003,5147400,4688326,213.318501,207.7094,201.748,0.362726,-0.126823,242.050003,161.910004,0.744198,-0.084693,0.368353,0.037413,0.143661,0.231723,0.168513,Yahoo EOD via GitHub Actions/yfinance,2026-10-01T02:16:40+00:00
DIS,DIS,2026-09-30,104.900002,104.900002,11601200,9592325,105.56,104.0006,103.94615,0.258235,-0.106459,116.650002,92.419998,0.515064,-0.100729,0.135036,-0.02464,0.096019,0.019932,0.0884,Yahoo EOD via GitHub Actions/yfinance,2026-10-01T02:16:40+00:00
DLR,DLR,2026-09-30,175.529999,175.529999,2037600,2421809,183.031998,188.215199,180.814,0.337687,-0.123008,203.910004,147.929993,0.493033,-0.139179,0.186575,-0.054205,-0.004481,-0.051189,-0.02597,Yahoo EOD via GitHub Actions/yfinance,2026-10-01T02:16:40+00:00
DLTR,DLTR,2026-09-30,114.019997,114.019997,2695400,2616179,117.7895,124.323799,117.45695,0.365398,-0.18128,141.210007,85.040001,0.515934,-0.19255,0.340781,-0.099297,-0.058853,0.023978,0.041183,Yahoo EOD via GitHub Actions/yfinance,2026-10-01T02:16:40+00:00
DOC,DOC,2026-09-30,19.969999,19.969999,4699500,5408050,20.4285,21.0224,18.856,0.221847,-0.12489,22.82,15.78,0.59517,-0.12489,0.265526,-0.040826,-0.077172,0.051053,0.215459,Yahoo EOD via GitHub Actions/yfinance,2026-10-01T02:16:40+00:00
DOV,DOV,2026-09-30,187.050003,187.050003,1673000,1223574,189.4115,198.3088,210.1592,0.264313,-0.193473,233.309998,161.160004,0.358836,-0.198277,0.160648,-0.036966,-0.138693,-0.098728,-0.102662,Yahoo EOD via GitHub Actions/yfinance,2026-10-01T02:16:40+00:00
DOW,DOW,2026-09-30,27.540001,27.540001,11745700,9340819,29.0255,29.9516,31.96245,0.342814,-0.236723,41.869999,20.65,0.324694,-0.34225,0.333656,-0.097641,0.019245,-0.206111,-0.338776,Yahoo EOD via GitHub Actions/yfinance,2026-10-01T02:16:40+00:00
DPZ,DPZ,2026-09-30,299.609985,299.609985,774000,867326,310.832497,332.057198,355.1745,0.369196,-0.205342,438.420013,283.029999,0.106699,-0.316614,0.05858,-0.124101,-0.015024,-0.044946,-0.164943,Yahoo EOD via GitHub Actions/yfinance,2026-10-01T02:16:40+00:00
DRI,DRI,2026-09-30,193.25,193.25,1507500,1245252,208.8705,211.6094,203.9042,0.294261,-0.151221,227.679993,169.210007,0.411151,-0.151221,0.142072,-0.098058,-0.04308,-0.04289,-0.014232,Yahoo EOD via GitHub Actions/yfinance,2026-10-01T02:16:40+00:00
DTE,DTE,2026-09-30,121.800003,121.800003,2234000,1481022,129.135001,135.8572,141.00015,0.178764,-0.217574,154.429993,120.830002,0.028869,-0.211293,0.008028,-0.101969,-0.191074,-0.128942,-0.167009,Yahoo EOD via GitHub Actions/yfinance,2026-10-01T02:16:40+00:00
DUK,DUK,2026-09-30,114.010002,114.010002,4445800,4091215,117.4345,121.4548,124.0279,0.174551,-0.13247,133.460007,113.230003,0.038557,-0.145737,0.006889,-0.049204,-0.093504,-0.049045,-0.129296,Yahoo EOD via GitHub Actions/yfinance,2026-10-01T02:16:40+00:00
DVA,DVA,2026-09-30,174.919998,174.919998,533200,799384,182.127,191.691401,169.50745,0.408965,-0.278635,240.960007,103.870003,0.518273,-0.27407,0.684028,-0.006193,-0.232908,-0.078447,0.138135,Yahoo EOD via GitHub Actions/yfinance,2026-10-01T02:16:40+00:00
DVN,DVN,2026-09-30,46.040001,46.040001,9663400,11512239,48.411,46.8332,44.4917,0.354191,-0.136266,52.07,31.74,0.703394,-0.115806,0.450536,-0.050917,0.143851,-0.00583,-0.085056,Yahoo EOD via GitHub Actions/yfinance,2026-10-01T02:16:40+00:00
DXCM,DXCM,2026-09-30,86.290001,86.290001,3440300,4575846,86.9565,85.7822,72.85535,0.399875,-0.138637,92.339996,54.84,0.838667,-0.065519,0.573487,-0.052383,0.253122,0.152531,0.374045,Yahoo EOD via GitHub Actions/yfinance,2026-10-01T02:16:40+00:00
EBAY,EBAY,2026-09-30,106.050003,106.050003,3484100,4396715,107.438,107.4792,100.825,0.302353,-0.140497,118.959999,79.410004,0.673578,-0.108524,0.335474,0.024044,-0.046999,-0.038967,0.165129,Yahoo EOD via GitHub Actions/yfinance,2026-10-01T02:16:40+00:00
ECHO,ECHO,2026-09-30,89.410004,89.410004,3017800,3940319,91.7775,89.542,108.87145,0.483511,-0.345274,141.800003,66.93,0.300254,-0.369464,0.335873,0.034359,-0.113699,-0.298305,-0.236269,Yahoo EOD via GitHub Actions/yfinance,2026-10-01T02:16:40+00:00
ECL,ECL,2026-09-30,274.579987,274.579987,1509300,1271798,275.601997,278.601201,273.73275,0.216427,-0.072746,308.350006,245.729996,0.460715,-0.109518,0.117405,-0.030438,-0.013615,0.096259,0.032178,Yahoo EOD via GitHub Actions/yfinance,2026-10-01T02:16:40+00:00
ED,ED,2026-09-30,102.209999,102.209999,4246900,2173531,105.305,107.4234,107.8483,0.170599,-0.103342,115.459999,95.410004,0.339152,-0.114758,0.071271,-0.044945,-0.078774,-0.013417,-0.096925,Yahoo EOD via GitHub Actions/yfinance,2026-10-01T02:16:40+00:00
EFX,EFX,2026-09-30,137.240005,137.240005,1997000,1555347,162.302999,174.5132,183.33265,0.425326,-0.294867,256.529999,137.240005,0.0,-0.465014,0.0,-0.274477,-0.153728,-0.209401,-0.237852,Yahoo EOD via GitHub Actions/yfinance,2026-10-01T02:16:40+00:00
EG,EG,2026-09-30,365.170013,365.170013,443000,359411,373.828996,374.248397,347.883849,0.226345,-0.087861,398.700012,304.910004,0.642499,-0.084098,0.197632,-0.025304,0.014558,0.124153,0.11724,Yahoo EOD via GitHub Actions/yfinance,2026-10-01T02:16:40+00:00
EIX,EIX,2026-09-30,53.73,53.73,7136300,4595806,55.0775,65.411601,68.23095,0.539913,-0.359667,80.379997,51.470001,0.078174,-0.33155,0.043909,-0.004631,-0.26898,-0.222319,-0.265783,Yahoo EOD via GitHub Actions/yfinance,2026-10-01T02:16:40+00:00
EL,EL,2026-09-30,92.769997,92.769997,3475700,2967777,97.2645,93.3632,92.2284,0.430627,-0.126542,119.610001,67.230003,0.487591,-0.224396,0.37989,-0.093157,0.124894,0.084015,0.292601,Yahoo EOD via GitHub Actions/yfinance,2026-10-01T02:16:40+00:00
ELV,ELV,2026-09-30,388.820007,388.820007,1303700,1223238,406.127501,397.2248,365.55815,0.343856,-0.126385,426.790009,280.73999,0.740021,-0.088966,0.384983,-0.009477,-0.065763,-0.034371,0.328164,Yahoo EOD via GitHub Actions/yfinance,2026-10-01T02:16:40+00:00
EME,EME,2026-09-30,754.48999,754.48999,405300,407622,752.621506,771.289402,771.171,0.505103,-0.226038,943.75,581.580017,0.477428,-0.20054,0.297311,0.02716,-0.061965,-0.092015,0.021915,Yahoo EOD via GitHub Actions/yfinance,2026-10-01T02:16:40+00:00
EMR,EMR,2026-09-30,155.100006,155.100006,4629700,2551473,152.0055,153.933401,144.393501,0.296309,-0.112848,164.380005,123.300003,0.774099,-0.056455,0.257908,0.01745,0.111669,0.094952,0.183789,Yahoo EOD via GitHub Actions/yfinance,2026-10-01T02:16:40+00:00
EOG,EOG,2026-09-30,137.759995,137.759995,3582500,3055882,144.410501,144.478801,131.6711,0.323841,-0.103942,153.740005,101.779999,0.692456,-0.103942,0.353508,-0.049669,0.071312,0.008344,-0.047105,Yahoo EOD via GitHub Actions/yfinance,2026-10-01T02:16:40+00:00
EQIX,EQIX,2026-09-30,1011.580017,1011.580017,616300,547341,1027.296497,1044.312395,984.882448,0.272454,-0.105041,1115.939941,726.090027,0.732307,-0.093518,0.393188,-0.033571,-0.002013,-0.037296,0.031972,Yahoo EOD via GitHub Actions/yfinance,2026-10-01T02:16:40+00:00
EQT,EQT,2026-09-30,48.560001,48.560001,7048400,7122606,52.2195,52.96,55.55495,0.277009,-0.128969,67.93,48.560001,0.0,-0.285146,0.0,-0.103728,-0.074695,-0.121245,-0.236958,Yahoo EOD via GitHub Actions/yfinance,2026-10-01T02:16:40+00:00
ERIE,ERIE,2026-09-30,219.149994,219.149994,136400,274809,238.856001,245.068001,249.6398,0.464324,-0.189238,329.970001,207.240005,0.097042,-0.335849,0.05747,-0.142471,-0.120833,0.035632,-0.127969,Yahoo EOD via GitHub Actions/yfinance,2026-10-01T02:16:40+00:00
ES,ES,2026-09-30,64.160004,64.160004,3904600,2260715,67.475,70.3706,70.1796,0.206989,-0.160631,76.209999,63.279999,0.068059,-0.158116,0.013907,-0.085258,-0.111357,-0.036781,-0.073903,Yahoo EOD via GitHub Actions/yfinance,2026-10-01T02:16:40+00:00
ESS,ESS,2026-09-30,269.390015,269.390015,710900,498658,273.689499,281.781798,268.301199,0.196145,-0.097007,298.329987,239.610001,0.507153,-0.097007,0.124285,-0.047957,-0.08737,-0.027227,0.113182,Yahoo EOD via GitHub Actions/yfinance,2026-10-01T02:16:40+00:00
ETN,ETN,2026-09-30,429.709991,429.709991,1862100,2112106,418.966498,420.902401,388.074901,0.480366,-0.169581,459.959991,315.820007,0.790135,-0.065767,0.360617,0.069249,0.042201,0.07406,0.201415,Yahoo EOD via GitHub Actions/yfinance,2026-10-01T02:16:40+00:00
ETR,ETR,2026-09-30,99.260002,99.260002,3811700,2643236,102.929,106.167,106.1727,0.186648,-0.156709,117.910004,91.190002,0.302021,-0.158171,0.088497,-0.066315,-0.120503,-0.054396,-0.11659,Yahoo EOD via GitHub Actions/yfinance,2026-10-01T02:16:40+00:00
EVRG,EVRG,2026-09-30,78.440002,78.440002,3914300,2117282,80.024,81.9754,81.03855,0.159386,-0.118802,88.129997,72.309998,0.387485,-0.109951,0.084774,-0.031844,-0.089918,-0.024257,-0.04248,Yahoo EOD via GitHub Actions/yfinance,2026-10-01T02:16:40+00:00
EW,EW,2026-09-30,86.32,86.32,4893900,3874866,87.439,88.4378,85.1096,0.241069,-0.131855,95.18,72.650002,0.606747,-0.093087,0.188162,-0.048815,-0.061637,-0.020871,0.077922,Yahoo EOD via GitHub Actions/yfinance,2026-10-01T02:16:40+00:00
EXC,EXC,2026-09-30,40.400002,40.400002,18281600,7967034,42.2395,44.139,45.6746,0.193471,-0.160401,50.290001,40.200001,0.019822,-0.196659,0.004975,-0.075938,-0.126675,-0.096399,-0.175847,Yahoo EOD via GitHub Actions/yfinance,2026-10-01T02:16:40+00:00
EXE,EXE,2026-09-30,84.089996,84.089996,2860900,3346293,91.287001,93.2933,98.666725,0.272944,-0.158932,122.889999,84.089996,0.0,-0.31573,0.0,-0.143337,-0.061181,-0.086872,-0.234014,Yahoo EOD via GitHub Actions/yfinance,2026-10-01T02:16:40+00:00
EXPD,EXPD,2026-09-30,184.639999,184.639999,1159600,1068696,188.752001,184.3466,162.3347,0.237819,-0.086379,193.899994,113.129997,0.885354,-0.047757,0.632105,-0.026417,0.106888,0.153784,0.289115,Yahoo EOD via GitHub Actions/yfinance,2026-10-01T02:16:40+00:00
EXPE,EXPE,2026-09-30,263.359985,263.359985,2410500,1823114,279.325499,297.8426,260.226999,0.455614,-0.236163,339.130005,188.509995,0.496946,-0.223425,0.397061,-0.169526,-0.004461,0.153216,0.14063,Yahoo EOD via GitHub Actions/yfinance,2026-10-01T02:16:40+00:00
EXR,EXR,2026-09-30,131.509995,131.509995,1254200,1212926,136.323,142.762799,141.758199,0.204546,-0.139614,152.850006,126.690002,0.18425,-0.139614,0.038046,-0.067966,-0.107136,-0.062785,0.002898,Yahoo EOD via GitHub Actions/yfinance,2026-10-01T02:16:40+00:00
F,F,2026-09-30,12.06,12.06,50489400,48129828,13.363,13.8714,13.509,0.31286,-0.253251,17.440001,11.21,0.136437,-0.308486,0.075825,-0.134864,-0.115836,-0.274805,0.045061,Yahoo EOD via GitHub Actions/yfinance,2026-10-01T02:16:40+00:00
FANG,FANG,2026-09-30,183.809998,183.809998,1402100,2331825,195.372999,198.4066,184.33185,0.361372,-0.183437,213.690002,137.289993,0.608901,-0.139829,0.338845,-0.08315,0.068911,-0.076471,-0.070681,Yahoo EOD via GitHub Actions/yfinance,2026-10-01T02:16:40+00:00
FAST,FAST,2026-09-30,49.529999,49.529999,10449400,7582706,49.5595,49.6944,46.14875,0.227655,-0.084956,52.380001,39.150002,0.78458,-0.05441,0.265134,0.004462,0.037277,0.125938,0.067457,Yahoo EOD via GitHub Actions/yfinance,2026-10-01T02:16:40+00:00
FCX,FCX,2026-09-30,70.0,70.0,16657400,13637292,72.0465,70.2792,63.38045,0.498029,-0.198271,79.910004,38.650002,0.759816,-0.124015,0.811125,-0.075786,0.156451,0.044153,0.190881,Yahoo EOD via GitHub Actions/yfinance,2026-10-01T02:16:40+00:00
FDS,FDS,2026-09-30,269.950012,269.950012,1490900,883604,279.339,281.519,249.29385,0.504349,-0.183645,313.549988,190.059998,0.646935,-0.139053,0.420341,-0.139053,0.099369,-0.003323,0.244067,Yahoo EOD via GitHub Actions/yfinance,2026-10-01T02:16:40+00:00
FDX,FDX,2026-09-30,285.089996,285.089996,1722800,1567971,302.669501,314.533599,298.431704,0.285462,-0.176249,339.350006,181.007248,0.657326,-0.159894,0.57502,-0.12923,-0.091752,-0.157759,-0.006691,Yahoo EOD via GitHub Actions/yfinance,2026-10-01T02:16:40+00:00
FDXF,FDXF,2026-09-30,109.379997,109.379997,2118500,1368788,121.3295,133.339601,,0.487852,-0.419612,188.460007,109.379997,0.0,-0.419612,0.0,-0.182145,-0.297811,-0.268508,,Yahoo EOD via GitHub Actions/yfinance,2026-10-01T02:16:40+00:00
FE,FE,2026-09-30,43.330002,43.330002,4594800,4205150,45.125,46.594,47.44065,0.169455,-0.138221,51.91,43.02,0.034871,-0.165286,0.007206,-0.055168,-0.079456,-0.045174,-0.14469,Yahoo EOD via GitHub Actions/yfinance,2026-10-01T02:16:40+00:00
FERG,FERG,2026-09-30,222.619995,222.619995,1518800,2317753,221.076999,232.245799,237.8224,0.308294,-0.187732,267.709991,214.259995,0.156408,-0.168429,0.039018,-0.008418,-0.028709,-0.007844,-0.045614,Yahoo EOD via GitHub Actions/yfinance,2026-10-01T02:16:40+00:00
FFIV,FFIV,2026-09-30,445.179993,445.179993,430500,583431,423.929497,409.228799,343.21355,0.348218,-0.123986,455.98999,223.990005,0.953405,-0.023707,0.987499,0.093459,0.049507,0.125272,0.538658,Yahoo EOD via GitHub Actions/yfinance,2026-10-01T02:16:40+00:00
FICO,FICO,2026-09-30,592.469971,592.469971,2006900,453234,919.869998,1050.521195,1230.305097,0.755186,-0.56851,1879.550049,592.469971,0.0,-0.684781,0.0,-0.483556,-0.508996,-0.538844,-0.445014,Yahoo EOD via GitHub Actions/yfinance,2026-10-01T02:16:40+00:00
FIS,FIS,2026-09-30,32.900002,32.900002,5857300,6085595,37.0195,40.213,47.12495,0.358166,-0.297159,68.57,32.900002,0.0,-0.520198,0.0,-0.193034,-0.193627,-0.245413,-0.298657,Yahoo EOD via GitHub Actions/yfinance,2026-10-01T02:16:40+00:00
FISV,FISV,2026-09-30,45.18,45.18,6582300,7381725,48.611,51.186,56.9919,0.419623,-0.199787,130.449997,45.18,0.0,-0.65366,0.0,-0.152504,-0.109403,-0.234886,-0.190323,Yahoo EOD via GitHub Actions/yfinance,2026-10-01T02:16:40+00:00
FITB,FITB,2026-09-30,50.580002,50.580002,9615400,5746476,53.2085,55.123,51.65595,0.240939,-0.148055,59.369999,40.360001,0.537612,-0.148055,0.253221,-0.059327,-0.120195,0.041598,0.088678,Yahoo EOD via GitHub Actions/yfinance,2026-10-01T02:16:40+00:00
FIX,FIX,2026-09-30,1654.089966,1654.089966,298700,417461,1621.576001,1661.056995,1548.545547,0.592129,-0.265075,2066.51001,790.719971,0.676734,-0.199573,1.091878,0.070179,-0.11316,-0.074832,0.199494,Yahoo EOD via GitHub Actions/yfinance,2026-10-01T02:16:40+00:00
FLEX,FLEX,2026-09-30,109.989998,109.989998,3264800,3816433,110.909,114.6094,99.1481,0.66286,-0.364349,162.070007,54.509998,0.515805,-0.321343,1.017795,0.006773,-0.283593,-0.256875,0.680263,Yahoo EOD via GitHub Actions/yfinance,2026-10-01T02:16:40+00:00
FOX,FOX,2026-09-30,56.299999,56.299999,1601200,1185925,58.1205,57.2072,56.7971,0.42942,-0.276565,67.760002,44.389999,0.509628,-0.169126,0.268304,-0.065095,0.162743,-0.059158,0.060264,Yahoo EOD via GitHub Actions/yfinance,2026-10-01T02:16:40+00:00
FOXA,FOXA,2026-09-30,62.650002,62.650002,3996700,5128161,65.0325,64.0796,63.24365,0.452095,-0.285861,76.110001,48.790001,0.507321,-0.176849,0.284075,-0.069785,0.157399,-0.062266,0.072774,Yahoo EOD via GitHub Actions/yfinance,2026-10-01T02:16:40+00:00
FRT,FRT,2026-09-30,108.290001,108.290001,1304000,843730,112.8105,117.1858,112.409,0.152367,-0.148195,127.129997,94.870003,0.415995,-0.148195,0.141457,-0.066707,-0.100656,-0.088161,0.019584,Yahoo EOD via GitHub Actions/yfinance,2026-10-01T02:16:40+00:00
FSLR,FSLR,2026-09-30,175.160004,175.160004,1921200,2267942,195.605501,208.8758,225.052601,0.547355,-0.459042,318.25,172.160004,0.020535,-0.449615,0.017426,-0.132442,-0.24526,-0.421914,-0.112035,Yahoo EOD via GitHub Actions/yfinance,2026-10-01T02:16:40+00:00
FTNT,FTNT,2026-09-30,178.759995,178.759995,3112000,4723828,168.2475,162.5844,117.59505,0.427132,-0.105568,178.759995,75.230003,1.0,0.0,1.37618,0.045808,0.124418,0.214897,1.187469,Yahoo EOD via GitHub Actions/yfinance,2026-10-01T02:16:40+00:00
FTV,FTV,2026-09-30,54.810001,54.810001,2056700,2434847,55.722499,58.5618,58.26865,0.260587,-0.149477,64.089996,47.799999,0.430326,-0.144796,0.146653,-0.068491,-0.113107,-0.066587,-0.008502,Yahoo EOD via GitHub Actions/yfinance,2026-10-01T02:16:40+00:00
GD,GD,2026-09-30,331.829987,331.829987,1041100,1109355,350.255,371.351801,355.29015,0.215013,-0.161982,395.970001,312.529999,0.231304,-0.161982,0.061754,-0.106423,-0.085515,-0.021728,-0.033186,Yahoo EOD via GitHub Actions/yfinance,2026-10-01T02:16:40+00:00
GDDY,GDDY,2026-09-30,95.510002,95.510002,1712300,2172955,98.494999,96.32,93.691,0.629901,-0.21275,137.190002,74.989998,0.329904,-0.303812,0.273637,-0.024213,0.098953,0.0271,0.155316,Yahoo EOD via GitHub Actions/yfinance,2026-10-01T02:16:40+00:00
GE,GE,2026-09-30,312.290009,312.290009,4186400,3933596,321.3405,343.0896,323.7396,0.305271,-0.19456,381.220001,273.25,0.361582,-0.180814,0.142873,-0.069763,-0.167093,-0.037924,0.100504,Yahoo EOD via GitHub Actions/yfinance,2026-10-01T02:16:40+00:00
GEHC,GEHC,2026-09-30,65.370003,65.370003,2689800,4119134,65.921499,68.6205,71.4782,0.35884,-0.15143,88.160004,59.485001,0.205231,-0.258507,0.098933,-0.082269,0.007863,0.04275,-0.081624,Yahoo EOD via GitHub Actions/yfinance,2026-10-01T02:16:40+00:00
GEN,GEN,2026-09-30,22.02,22.02,19490300,6977300,27.801,28.123,24.65495,0.442852,-0.336199,31.41,17.889999,0.305473,-0.298949,0.230855,-0.289677,-0.156645,-0.206772,0.169411,Yahoo EOD via GitHub Actions/yfinance,2026-10-01T02:16:40+00:00
GEV,GEV,2026-09-30,950.48999,950.48999,1752400,2379403,939.046002,965.843004,914.386299,0.541118,-0.255435,1174.859985,547.960022,0.642096,-0.190976,0.734597,0.057828,-0.162084,-5.3e-05,0.088888,Yahoo EOD via GitHub Actions/yfinance,2026-10-01T02:16:40+00:00
GILD,GILD,2026-09-30,149.050003,149.050003,5357200,6293063,149.089999,142.5744,136.4372,0.279746,-0.059607,155.800003,110.559998,0.850796,-0.043325,0.348137,0.018519,0.183218,0.136918,0.069455,Yahoo EOD via GitHub Actions/yfinance,2026-10-01T02:16:40+00:00
GIS,GIS,2026-09-30,32.16,32.16,12741200,9426150,36.1145,37.3676,38.9541,0.354149,-0.225993,50.93,32.16,0.0,-0.368545,0.0,-0.219417,-0.148531,-0.043711,-0.135948,Yahoo EOD via GitHub Actions/yfinance,2026-10-01T02:16:40+00:00
GL,GL,2026-09-30,165.649994,165.649994,425200,540763,170.729499,175.0436,157.13295,0.220203,-0.109504,186.020004,130.369995,0.633962,-0.109504,0.270614,-0.040656,-0.08008,0.088943,0.190271,Yahoo EOD via GitHub Actions/yfinance,2026-10-01T02:16:40+00:00
GLW,GLW,2026-09-30,153.759995,153.759995,6316700,10745873,154.286501,152.6564,149.7662,0.913515,-0.514842,255.690002,78.029999,0.426264,-0.398647,0.970524,0.03382,-0.303087,-0.129825,0.130838,Yahoo EOD via GitHub Actions/yfinance,2026-10-01T02:16:40+00:00
GM,GM,2026-09-30,77.0,77.0,9765600,6673453,83.963,85.5248,80.7015,0.327485,-0.147287,90.300003,55.349998,0.619456,-0.147287,0.391147,-0.10797,0.019598,-0.068699,0.033557,Yahoo EOD via GitHub Actions/yfinance,2026-10-01T02:16:40+00:00
GNRC,GNRC,2026-09-30,206.949997,206.949997,818900,1208353,193.969501,200.7866,212.05835,0.637189,-0.407762,295.540009,136.369995,0.443425,-0.299756,0.517563,0.116356,-0.234143,-0.231412,0.059489,Yahoo EOD via GitHub Actions/yfinance,2026-10-01T02:16:40+00:00
GOOG,GOOG,2026-09-30,340.73999,340.73999,24129300,18042230,339.1465,341.474001,337.111449,0.342081,-0.142172,399.040009,237.490005,0.639121,-0.146101,0.434755,0.015891,-0.04792,-0.085458,0.187827,Yahoo EOD via GitHub Actions/yfinance,2026-10-01T02:16:40+00:00
GOOGL,GOOGL,2026-09-30,344.079987,344.079987,37196700,27057892,342.513499,343.927198,338.597,0.345117,-0.148855,402.619995,236.570007,0.647456,-0.145398,0.454453,0.013938,-0.047424,-0.085793,0.19655,Yahoo EOD via GitHub Actions/yfinance,2026-10-01T02:16:40+00:00
GPC,GPC,2026-09-30,125.739998,125.739998,830500,1389942,131.408999,131.7582,119.97435,0.356828,-0.101456,149.259995,92.470001,0.585843,-0.157577,0.359792,-0.073192,0.071039,0.292823,0.189031,Yahoo EOD via GitHub Actions/yfinance,2026-10-01T02:16:40+00:00
GPN,GPN,2026-09-30,81.669998,81.669998,2356700,2881431,87.104499,87.9938,76.5052,0.413038,-0.156153,94.830002,62.470001,0.593325,-0.138775,0.307347,-0.10302,0.088208,0.082295,0.213521,Yahoo EOD via GitHub Actions/yfinance,2026-10-01T02:16:40+00:00
GRMN,GRMN,2026-09-30,286.839996,286.839996,837000,901434,281.576501,286.2282,245.58385,0.377233,-0.13086,313.160004,187.100006,0.79121,-0.084047,0.533084,0.009609,0.207036,0.211318,0.236326,Yahoo EOD via GitHub Actions/yfinance,2026-10-01T02:16:40+00:00
GS,GS,2026-09-30,900.359985,900.359985,1823300,1973950,971.432504,1011.255001,959.600951,0.363278,-0.218485,1152.069946,744.599976,0.382261,-0.218485,0.209186,-0.122371,-0.116956,-0.141353,0.064268,Yahoo EOD via GitHub Actions/yfinance,2026-10-01T02:16:40+00:00
GWW,GWW,2026-09-30,1245.76001,1245.76001,273200,262747,1273.296497,1305.720994,1204.004799,0.221147,-0.113379,1402.030029,918.179993,0.677028,-0.11146,0.356771,-0.048668,-0.069106,0.002196,0.14205,Yahoo EOD via GitHub Actions/yfinance,2026-10-01T02:16:40+00:00
HAL,HAL,2026-09-30,31.799999,31.799999,13872800,11182769,34.561499,34.0172,35.3964,0.333483,-0.243328,42.98,21.82,0.471645,-0.260121,0.457379,-0.137042,-0.036656,-0.191868,-0.184406,Yahoo EOD via GitHub Actions/yfinance,2026-10-01T02:16:40+00:00
HAS,HAS,2026-09-30,87.68,87.68,1259900,1896658,89.4025,91.9322,90.2836,0.286771,-0.110981,105.940002,70.949997,0.478137,-0.172362,0.2358,-0.068225,0.076357,0.030681,-0.063248,Yahoo EOD via GitHub Actions/yfinance,2026-10-01T02:16:40+00:00
HBAN,HBAN,2026-09-30,15.26,15.26,34788800,25926955,16.147,16.8494,16.94665,0.255685,-0.177802,19.27,15.02,0.056471,-0.208095,0.015979,-0.08568,-0.157372,-0.036008,-0.02492,Yahoo EOD via GitHub Actions/yfinance,2026-10-01T02:16:40+00:00
HCA,HCA,2026-09-30,426.73999,426.73999,1238100,1503052,423.768999,414.511799,446.51385,0.349157,-0.140649,545.130005,361.320007,0.355911,-0.217178,0.181058,0.029654,0.08519,0.150367,-0.098259,Yahoo EOD via GitHub Actions/yfinance,2026-10-01T02:16:40+00:00
HD,HD,2026-09-30,284.48999,284.48999,5766600,4102722,303.229504,324.3998,339.811599,0.266013,-0.205113,405.190002,284.48999,0.0,-0.297885,0.0,-0.132203,-0.189118,-0.084328,-0.135,Yahoo EOD via GitHub Actions/yfinance,2026-10-01T02:16:40+00:00
HIG,HIG,2026-09-30,122.360001,122.360001,2764300,1600969,132.2385,136.934,136.0075,0.216782,-0.160077,145.679993,122.360001,0.0,-0.160077,0.0,-0.109332,-0.086115,-0.033262,-0.095171,Yahoo EOD via GitHub Actions/yfinance,2026-10-01T02:16:40+00:00
HII,HII,2026-09-30,267.070007,267.070007,769600,480142,275.672502,294.736002,344.651902,0.378753,-0.222968,453.730011,257.049988,0.050946,-0.41139,0.038981,-0.082864,-0.042657,-0.098985,-0.296999,Yahoo EOD via GitHub Actions/yfinance,2026-10-01T02:16:40+00:00
HLT,HLT,2026-09-30,318.119995,318.119995,1334700,1890430,310.194501,317.8024,315.7529,0.214017,-0.136143,350.220001,256.75,0.656574,-0.091657,0.239026,0.005818,-0.042153,-0.04368,0.046172,Yahoo EOD via GitHub Actions/yfinance,2026-10-01T02:16:40+00:00
HON,HON,2026-09-30,210.940002,210.940002,1901000,3248092,207.714002,222.562001,230.353464,0.329163,-0.190562,260.136353,197.315155,0.216883,-0.189118,0.069051,-0.012129,-0.048749,-0.149694,-0.110157,Yahoo EOD via GitHub Actions/yfinance,2026-10-01T02:16:40+00:00
HONA,HONA,2026-09-30,154.970001,154.970001,2384600,4007698,159.233501,171.3216,,0.93683,-0.438489,269.950012,151.580002,0.028639,-0.425931,0.022364,-0.01986,-0.318184,,,Yahoo EOD via GitHub Actions/yfinance,2026-10-01T02:16:40+00:00
HOOD,HOOD,2026-09-30,112.5,112.5,34950100,21380755,116.341,105.0392,94.379925,0.724465,-0.263633,152.460007,65.160004,0.542268,-0.262102,0.726519,0.073371,0.035435,0.239943,0.623377,Yahoo EOD via GitHub Actions/yfinance,2026-10-01T02:16:40+00:00
HPE,HPE,2026-09-30,63.889999,63.889999,32721500,20279087,58.993,54.9632,36.473,0.717559,-0.265717,63.889999,20.0,1.0,0.0,2.1945,0.223009,0.453697,0.359362,1.683326,Yahoo EOD via GitHub Actions/yfinance,2026-10-01T02:16:40+00:00
HPQ,HPQ,2026-09-30,31.280001,31.280001,14897500,15346292,32.5425,30.2886,23.55285,0.48897,-0.196409,35.48,18.200001,0.756944,-0.118377,0.718681,0.041972,0.420527,0.066121,0.628319,Yahoo EOD via GitHub Actions/yfinance,2026-10-01T02:16:40+00:00
HRL,HRL,2026-09-30,19.940001,19.940001,4938700,4460912,20.65,22.8722,23.2027,0.283435,-0.256507,26.51,19.709999,0.033824,-0.247831,0.011669,-0.087414,-0.198553,-0.146039,-0.119647,Yahoo EOD via GitHub Actions/yfinance,2026-10-01T02:16:40+00:00
HSIC,HSIC,2026-09-30,83.970001,83.970001,883500,1202296,87.058,87.7032,80.1838,0.207705,-0.075831,90.860001,62.029999,0.761013,-0.075831,0.3537,-0.064922,-0.006507,0.099084,0.139349,Yahoo EOD via GitHub Actions/yfinance,2026-10-01T02:16:40+00:00
HST,HST,2026-09-30,22.389999,22.389999,10196400,8974422,22.175,22.9986,21.3306,0.24432,-0.152702,25.540001,15.82,0.675926,-0.123336,0.415297,0.020976,-0.041114,-0.034081,0.16858,Yahoo EOD via GitHub Actions/yfinance,2026-10-01T02:16:40+00:00
HSY,HSY,2026-09-30,157.610001,157.610001,2041300,1517476,169.662999,176.7176,191.1963,0.267936,-0.170212,236.279999,157.610001,0.0,-0.332952,0.0,-0.105556,-0.117871,-0.154453,-0.241859,Yahoo EOD via GitHub Actions/yfinance,2026-10-01T02:16:40+00:00
HUBB,HUBB,2026-09-29,459.089996,459.089996,481446,518569,454.7125,473.4748,487.590651,0.346226,-0.186989,557.849976,407.359985,0.343744,-0.177037,0.126988,-0.00124,-0.122534,-0.030658,-0.027496,Yahoo EOD via GitHub Actions/yfinance,2026-10-01T02:16:40+00:00
HUM,HUM,2026-09-30,381.570007,381.570007,1312700,1222560,392.172498,385.846999,292.1245,0.347708,-0.115432,409.799988,163.669998,0.885305,-0.068887,1.331338,-0.004332,-0.068023,0.162225,1.200646,Yahoo EOD via GitHub Actions/yfinance,2026-10-01T02:16:40+00:00
HWM,HWM,2026-09-30,226.179993,226.179993,2727300,2709031,232.907999,260.346801,248.159451,0.369668,-0.232291,292.649994,184.089996,0.387712,-0.227131,0.228638,-0.076628,-0.154183,-0.114825,-0.018572,Yahoo EOD via GitHub Actions/yfinance,2026-10-01T02:16:40+00:00
IBKR,IBKR,2026-09-30,85.419998,85.419998,4017200,4161071,89.824,90.8684,81.04675,0.396671,-0.130054,98.190002,61.049999,0.656166,-0.130054,0.399181,-0.122006,-0.083968,-0.03687,0.273595,Yahoo EOD via GitHub Actions/yfinance,2026-10-01T02:16:40+00:00
IBM,IBM,2026-09-30,219.929993,219.929993,4559300,8227123,233.105999,231.148999,256.348249,0.577253,-0.374996,329.230011,205.770004,0.114693,-0.331987,0.068815,-0.059606,-0.231686,-0.31362,-0.092661,Yahoo EOD via GitHub Actions/yfinance,2026-10-01T02:16:40+00:00
ICE,ICE,2026-09-30,152.029999,152.029999,2786600,3618082,156.085499,154.997,155.11995,0.265658,-0.136747,175.100006,122.910004,0.557961,-0.131753,0.236921,-0.053951,0.199637,0.048772,-0.03338,Yahoo EOD via GitHub Actions/yfinance,2026-10-01T02:16:40+00:00
IDXX,IDXX,2026-09-30,522.190002,522.190002,502200,570903,518.922504,544.761005,589.794449,0.296803,-0.152847,766.679993,504.700012,0.066761,-0.318894,0.034654,-0.061973,-0.028628,-0.078689,-0.070654,Yahoo EOD via GitHub Actions/yfinance,2026-10-01T02:16:40+00:00
IEX,IEX,2026-09-30,227.979996,227.979996,723200,633022,225.300001,229.470601,210.37385,0.192636,-0.079245,240.520004,160.839996,0.84262,-0.052137,0.417433,-0.002887,0.013425,0.098222,0.202743,Yahoo EOD via GitHub Actions/yfinance,2026-10-01T02:16:40+00:00
IFF,IFF,2026-09-30,83.480003,83.480003,1903200,1699368,84.918501,83.645,76.16105,0.317961,-0.120005,88.07,59.549999,0.83906,-0.052118,0.401847,-0.033013,0.028712,0.124158,0.150655,Yahoo EOD via GitHub Actions/yfinance,2026-10-01T02:16:40+00:00
ILMN,ILMN,2026-09-30,273.679993,273.679993,2939100,2610303,236.213999,215.8702,161.3585,0.462,-0.116035,273.899994,91.0,0.998797,-0.000803,2.007472,0.281093,0.488281,0.66472,1.220347,Yahoo EOD via GitHub Actions/yfinance,2026-10-01T02:16:40+00:00
INCY,INCY,2026-09-30,121.349998,121.349998,1619900,1601877,124.7135,123.626,106.6636,0.365576,-0.094997,129.929993,83.800003,0.814004,-0.066036,0.448091,-0.015176,0.066251,0.269484,0.289311,Yahoo EOD via GitHub Actions/yfinance,2026-10-01T02:16:40+00:00
INTC,INTC,2026-09-30,120.230003,120.230003,94551100,108319671,108.754501,100.1452,80.35885,0.80812,-0.419044,140.940002,33.549999,0.807152,-0.146942,2.583607,0.343202,-0.053456,0.099698,1.72445,Yahoo EOD via GitHub Actions/yfinance,2026-10-01T02:16:40+00:00
INTU,INTU,2026-09-30,275.709991,275.709991,3655600,3990930,306.967499,323.416,397.523901,0.477763,-0.275438,683.390015,255.070007,0.048188,-0.596555,0.080919,-0.232647,0.032312,-0.22063,-0.362343,Yahoo EOD via GitHub Actions/yfinance,2026-10-01T02:16:40+00:00
INVH,INVH,2026-09-30,26.33,26.33,4871200,4342714,27.3695,28.8966,27.85385,0.179349,-0.139261,30.59,24.389999,0.312903,-0.139261,0.079541,-0.096431,-0.132455,-0.095189,0.059557,Yahoo EOD via GitHub Actions/yfinance,2026-10-01T02:16:40+00:00
IP,IP,2026-09-30,33.169998,33.169998,6137600,4957963,34.9635,38.5006,38.0773,0.445696,-0.247675,49.189999,29.379999,0.191317,-0.325676,0.128999,-0.125494,-0.134846,-0.015435,-0.070868,Yahoo EOD via GitHub Actions/yfinance,2026-10-01T02:16:40+00:00
IQV,IQV,2026-09-30,268.850006,268.850006,1504400,1431669,267.026999,251.5336,205.46755,0.401384,-0.102258,275.019989,156.660004,0.947871,-0.022435,0.716137,0.029327,0.323081,0.439086,0.576463,Yahoo EOD via GitHub Actions/yfinance,2026-10-01T02:16:40+00:00
IR,IR,2026-09-30,75.110001,75.110001,6666200,4234642,74.132,79.5334,81.62335,0.318368,-0.206222,98.760002,68.540001,0.217406,-0.239469,0.095856,-0.025178,-0.071111,0.058484,-0.062531,Yahoo EOD via GitHub Actions/yfinance,2026-10-01T02:16:40+00:00
IRM,IRM,2026-09-30,110.949997,110.949997,1846700,1788574,113.836499,119.5096,111.9772,0.302008,-0.166166,133.059998,78.860001,0.592066,-0.166166,0.406924,-0.038145,-0.089828,-0.122092,0.086254,Yahoo EOD via GitHub Actions/yfinance,2026-10-01T02:16:40+00:00
ISRG,ISRG,2026-09-30,406.630005,406.630005,1658500,2995261,384.800998,377.628998,448.75885,0.431943,-0.232909,592.849976,332.019989,0.286048,-0.31411,0.224715,0.078995,0.010562,-0.013656,-0.11792,Yahoo EOD via GitHub Actions/yfinance,2026-10-01T02:16:40+00:00
IT,IT,2026-09-30,186.539993,186.539993,777200,1287006,184.244501,180.014401,173.6009,0.676394,-0.263099,262.869995,125.730003,0.443415,-0.290372,0.483655,-0.058402,0.394587,0.038699,0.178098,Yahoo EOD via GitHub Actions/yfinance,2026-10-01T02:16:40+00:00
ITW,ITW,2026-09-30,257.279999,257.279999,2766300,1291603,268.735501,279.304002,268.657401,0.218889,-0.13467,299.600006,241.070007,0.276952,-0.141255,0.067242,-0.065693,-0.043462,0.046662,-0.011564,Yahoo EOD via GitHub Actions/yfinance,2026-10-01T02:16:40+00:00
IVZ,IVZ,2026-09-30,30.16,30.16,4125500,4489268,31.242,31.3814,27.77825,0.34345,-0.114041,33.310001,22.440001,0.710211,-0.094566,0.344028,-0.079927,0.124115,0.091962,0.241663,Yahoo EOD via GitHub Actions/yfinance,2026-10-01T02:16:40+00:00
J,J,2026-09-30,135.270004,135.270004,1039900,855287,142.055,142.9102,133.07845,0.268151,-0.109949,164.440002,107.269997,0.489767,-0.17739,0.261024,-0.092452,0.085373,0.099577,0.062775,Yahoo EOD via GitHub Actions/yfinance,2026-10-01T02:16:40+00:00
JBHT,JBHT,2026-09-30,224.050003,224.050003,1068900,1026315,248.958498,263.1212,243.0994,0.388046,-0.249187,298.410004,132.679993,0.551318,-0.249187,0.688649,-0.156025,-0.2276,-0.198275,0.057338,Yahoo EOD via GitHub Actions/yfinance,2026-10-01T02:16:40+00:00
JBL,JBL,2026-09-30,286.859985,286.859985,4924200,1155368,306.071999,317.5792,300.8529,0.514625,-0.256126,385.630005,192.490005,0.488609,-0.256126,0.490259,-0.060277,-0.235733,-0.2031,0.079923,Yahoo EOD via GitHub Actions/yfinance,2026-10-01T02:16:40+00:00
JCI,JCI,2026-09-30,148.649994,148.649994,3170900,3326538,144.371497,145.542999,137.25055,0.332659,-0.109848,154.759995,105.550003,0.875838,-0.03948,0.408337,0.075304,0.026588,0.110074,0.135166,Yahoo EOD via GitHub Actions/yfinance,2026-10-01T02:16:40+00:00
JKHY,JKHY,2026-09-30,143.240005,143.240005,851400,1054734,155.618001,157.5398,158.1011,0.338744,-0.17498,192.600006,123.419998,0.286499,-0.256282,0.16059,-0.146924,0.005758,0.021683,-0.093647,Yahoo EOD via GitHub Actions/yfinance,2026-10-01T02:16:40+00:00
JNJ,JNJ,2026-09-30,264.73999,264.73999,6341000,6973804,269.6,266.0052,241.26235,0.232527,-0.075662,278.429993,185.419998,0.852811,-0.049169,0.427786,-0.004175,0.042366,0.184466,0.083047,Yahoo EOD via GitHub Actions/yfinance,2026-10-01T02:16:40+00:00
JPM,JPM,2026-09-30,330.829987,330.829987,9113300,7681169,347.952002,352.8878,321.632001,0.206594,-0.094063,365.179993,282.839996,0.582827,-0.094063,0.169672,-0.070754,-0.009699,0.115483,0.12466,Yahoo EOD via GitHub Actions/yfinance,2026-10-01T02:16:40+00:00
KDP,KDP,2026-09-30,30.34,30.34,12397700,11523823,31.6175,31.2236,29.41495,0.290161,-0.128955,33.5,25.299999,0.614634,-0.094328,0.19921,-0.047709,-0.0908,0.004636,0.152298,Yahoo EOD via GitHub Actions/yfinance,2026-10-01T02:16:40+00:00
KEY,KEY,2026-09-30,20.07,20.07,12651100,11629834,21.117,21.9308,21.6131,0.216218,-0.163401,23.99,16.780001,0.456311,-0.163401,0.196067,-0.071263,-0.136774,-0.039713,0.000998,Yahoo EOD via GitHub Actions/yfinance,2026-10-01T02:16:40+00:00
KEYS,KEYS,2026-09-30,364.040009,364.040009,964500,1249920,338.187999,331.988801,300.819649,0.452889,-0.205228,373.339996,159.490005,0.956512,-0.02491,1.282526,0.128107,0.084744,0.103152,0.28923,Yahoo EOD via GitHub Actions/yfinance,2026-10-01T02:16:40+00:00
KHC,KHC,2026-09-30,22.719999,22.719999,12494800,16719177,24.365,25.1256,23.96545,0.31087,-0.177408,27.620001,21.209999,0.235569,-0.177408,0.071193,-0.11492,-0.091563,-0.03851,0.010227,Yahoo EOD via GitHub Actions/yfinance,2026-10-01T02:16:40+00:00
KIM,KIM,2026-09-30,22.209999,22.209999,5006000,4673352,22.921,24.0014,23.25215,0.178924,-0.158074,26.379999,19.780001,0.368182,-0.158074,0.122851,-0.063264,-0.114434,-0.060491,-0.011571,Yahoo EOD via GitHub Actions/yfinance,2026-10-01T02:16:40+00:00
KKR,KKR,2026-09-30,91.300003,91.300003,5009400,4126855,99.9155,103.525,103.4219,0.366299,-0.208153,142.770004,83.879997,0.125998,-0.36051,0.08846,-0.167882,-0.013613,-0.039049,-0.012973,Yahoo EOD via GitHub Actions/yfinance,2026-10-01T02:16:40+00:00
KLAC,KLAC,2026-09-30,194.929993,194.929993,6852100,10693338,181.338,187.7428,176.984035,0.76891,-0.445295,301.709991,98.275002,0.475115,-0.353916,0.983516,0.111029,-0.267704,0.004773,0.323884,Yahoo EOD via GitHub Actions/yfinance,2026-10-01T02:16:40+00:00
KMB,KMB,2026-09-30,97.43,97.43,4139700,3880176,99.8785,105.759,102.6977,0.273304,-0.152693,124.339996,93.050003,0.139981,-0.216423,0.047071,-0.097452,-0.125718,-0.005309,0.009951,Yahoo EOD via GitHub Actions/yfinance,2026-10-01T02:16:40+00:00
KMI,KMI,2026-09-30,30.15,30.15,11810200,10877946,31.1685,31.5468,31.41905,0.2091,-0.091594,34.310001,25.84,0.508855,-0.121247,0.166796,-0.064826,-0.049496,-0.02269,-0.100805,Yahoo EOD via GitHub Actions/yfinance,2026-10-01T02:16:40+00:00
KO,KO,2026-09-30,86.080002,86.080002,15828000,15786826,87.961,87.7706,79.86045,0.221301,-0.064246,91.989998,66.099998,0.771727,-0.064246,0.302269,-0.029209,0.058925,0.094608,0.131887,Yahoo EOD via GitHub Actions/yfinance,2026-10-01T02:16:40+00:00
KR,KR,2026-09-30,58.619999,58.619999,7530800,7236290,59.105,58.0686,63.54715,0.313013,-0.141864,75.599998,55.529999,0.153961,-0.224603,0.055646,0.01877,0.042319,-0.047139,-0.189884,Yahoo EOD via GitHub Actions/yfinance,2026-10-01T02:16:40+00:00
KVUE,KVUE,2026-09-30,17.66,17.66,25306700,22035809,17.9965,18.712,18.03485,0.229034,-0.111952,19.83,14.11,0.620629,-0.10943,0.251595,-0.064619,-0.086394,0.017867,0.024362,Yahoo EOD via GitHub Actions/yfinance,2026-10-01T02:16:40+00:00
L,L,2026-09-30,104.43,104.43,1063700,824834,107.4655,111.1684,108.98315,0.149309,-0.125377,119.400002,97.800003,0.306944,-0.125377,0.067791,-0.035645,-0.084911,0.005779,-0.021641,Yahoo EOD via GitHub Actions/yfinance,2026-10-01T02:16:40+00:00
LDOS,LDOS,2026-09-30,121.830002,121.830002,1073100,1399793,127.776001,130.0372,147.9158,0.381791,-0.211481,199.550003,100.0,0.219287,-0.389476,0.2183,-0.131089,0.182012,-0.046116,-0.216628,Yahoo EOD via GitHub Actions/yfinance,2026-10-01T02:16:40+00:00
LEN,LEN,2026-09-30,81.589996,81.589996,5390200,3219577,80.885,83.766,94.65275,0.381986,-0.19505,133.130005,76.43,0.091005,-0.38714,0.067513,-0.029961,-0.06283,-0.094551,-0.060456,Yahoo EOD via GitHub Actions/yfinance,2026-10-01T02:16:40+00:00
LH,LH,2026-09-30,308.109985,308.109985,646200,731304,317.166502,318.539601,279.919901,0.246026,-0.104202,339.339996,246.639999,0.663107,-0.092032,0.24923,-0.073799,0.085353,0.199478,0.154792,Yahoo EOD via GitHub Actions/yfinance,2026-10-01T02:16:40+00:00
LHX,LHX,2026-09-30,236.779999,236.779999,1441800,1561795,246.987501,267.3394,311.105251,0.303384,-0.244915,378.480011,236.470001,0.002183,-0.374392,0.001311,-0.110685,-0.189748,-0.235182,-0.313979,Yahoo EOD via GitHub Actions/yfinance,2026-10-01T02:16:40+00:00
LII,LII,2026-09-30,355.019989,355.019989,541000,512893,369.503999,409.1578,487.957599,0.480031,-0.380365,572.950012,355.019989,0.0,-0.380365,0.0,-0.072183,-0.378336,-0.285343,-0.235085,Yahoo EOD via GitHub Actions/yfinance,2026-10-01T02:16:40+00:00
LIN,LIN,2026-09-30,474.649994,474.649994,2640100,2049896,468.432002,481.873802,485.6483,0.199506,-0.163069,546.640015,389.380005,0.542223,-0.131695,0.218989,-0.030496,-0.110393,-0.045757,-0.042581,Yahoo EOD via GitHub Actions/yfinance,2026-10-01T02:16:40+00:00
LITE,LITE,2026-09-30,971.26001,971.26001,3996400,4609863,921.064001,869.668302,738.067225,0.9632,-0.414711,1053.089966,149.610001,0.909428,-0.077705,5.491946,0.061765,0.212317,0.073215,0.382065,Yahoo EOD via GitHub Actions/yfinance,2026-10-01T02:16:40+00:00
LLY,LLY,2026-09-30,1157.079956,1157.079956,3407700,2521090,1152.56499,1177.912998,1072.799603,0.312714,-0.128591,1280.339966,763.0,0.761743,-0.096271,0.516487,0.000303,-0.029084,0.069192,0.25801,Yahoo EOD via GitHub Actions/yfinance,2026-10-01T02:16:40+00:00
LMT,LMT,2026-09-30,509.25,509.25,1380400,1139358,527.075009,557.592601,562.655452,0.324148,-0.163353,676.700012,439.190002,0.294977,-0.247451,0.159521,-0.092618,-0.024089,-0.014037,-0.157415,Yahoo EOD via GitHub Actions/yfinance,2026-10-01T02:16:40+00:00
LNT,LNT,2026-09-30,63.299999,63.299999,4636900,2464387,65.85,68.5248,70.3127,0.181167,-0.189927,78.029999,63.209999,0.006073,-0.188774,0.001424,-0.068844,-0.164797,-0.090125,-0.117893,Yahoo EOD via GitHub Actions/yfinance,2026-10-01T02:16:40+00:00
LOW,LOW,2026-09-30,184.289993,184.289993,3694400,3100104,194.398,205.9242,232.270001,0.274246,-0.189934,287.390015,184.289993,0.0,-0.358746,0.0,-0.099707,-0.169566,-0.112711,-0.220036,Yahoo EOD via GitHub Actions/yfinance,2026-10-01T02:16:40+00:00
LRCX,LRCX,2026-09-30,328.51001,328.51001,7685900,9831058,300.092999,305.079399,273.252549,0.797291,-0.417649,433.329987,131.369995,0.652868,-0.241894,1.500647,0.089622,-0.160379,0.035917,0.537536,Yahoo EOD via GitHub Actions/yfinance,2026-10-01T02:16:40+00:00
LULU,LULU,2026-09-30,96.190002,96.190002,4132800,4511222,101.860001,112.608201,146.05955,0.506643,-0.253539,215.880005,95.980003,0.001751,-0.554428,0.002188,-0.20015,-0.173625,-0.271784,-0.371718,Yahoo EOD via GitHub Actions/yfinance,2026-10-01T02:16:40+00:00
LUV,LUV,2026-09-30,41.639999,41.639999,4838700,5343542,40.3315,42.3828,43.51065,0.369348,-0.276637,54.799999,29.67,0.476323,-0.240146,0.403438,0.080716,-0.174955,-0.026193,0.108331,Yahoo EOD via GitHub Actions/yfinance,2026-10-01T02:16:40+00:00
LVS,LVS,2026-09-30,37.810001,37.810001,6336400,5222436,41.162,44.2338,52.0159,0.241007,-0.267957,69.489998,37.810001,0.0,-0.455893,0.0,-0.136955,-0.182486,-0.29022,-0.298255,Yahoo EOD via GitHub Actions/yfinance,2026-10-01T02:16:40+00:00
LYB,LYB,2026-09-30,57.470001,57.470001,3101100,4213920,62.144501,62.4716,61.8918,0.335572,-0.218838,82.379997,42.279999,0.378803,-0.302379,0.359272,-0.116933,0.093001,-0.144027,-0.286619,Yahoo EOD via GitHub Actions/yfinance,2026-10-01T02:16:40+00:00
LYV,LYV,2026-09-30,169.300003,169.300003,1851600,1936336,171.091499,177.6058,163.541651,0.242396,-0.113234,188.460007,125.610001,0.695147,-0.101666,0.347823,-0.058869,-0.079791,-0.006747,0.110091,Yahoo EOD via GitHub Actions/yfinance,2026-10-01T02:16:40+00:00
MA,MA,2026-09-30,551.469971,551.469971,5034600,2905117,568.646005,569.902195,532.361448,0.221684,-0.080669,599.859985,471.549988,0.622866,-0.080669,0.169484,-0.064211,0.055566,0.113518,0.10369,Yahoo EOD via GitHub Actions/yfinance,2026-10-01T02:16:40+00:00
MAA,MAA,2026-09-30,117.739998,117.739998,1328000,1052825,122.4065,128.435601,131.221851,0.198216,-0.175329,142.190002,117.260002,0.019254,-0.171953,0.004093,-0.086224,-0.158639,-0.08109,-0.035866,Yahoo EOD via GitHub Actions/yfinance,2026-10-01T02:16:40+00:00
MAR,MAR,2026-09-30,355.670013,355.670013,1122200,1583433,341.858003,352.305801,348.845051,0.253962,-0.183212,402.540009,259.040009,0.67338,-0.116436,0.373031,0.040701,-0.034345,-0.056478,0.087443,Yahoo EOD via GitHub Actions/yfinance,2026-10-01T02:16:40+00:00
MAS,MAS,2026-09-30,67.400002,67.400002,1700900,2377158,69.027,72.5592,70.0833,0.371303,-0.186783,82.769997,58.599998,0.364088,-0.185695,0.150171,-0.065965,-0.174424,-0.022905,0.116449,Yahoo EOD via GitHub Actions/yfinance,2026-10-01T02:16:40+00:00
MCD,MCD,2026-09-30,230.940002,230.940002,5559400,4967057,247.764001,260.499802,290.6723,0.227722,-0.19793,341.059998,230.940002,0.0,-0.322876,0.0,-0.1237,-0.142857,-0.163594,-0.256926,Yahoo EOD via GitHub Actions/yfinance,2026-10-01T02:16:40+00:00
MCHP,MCHP,2026-09-30,77.769997,77.769997,5726400,9562979,74.1445,75.926,78.7622,0.57935,-0.322461,102.919998,49.02,0.533395,-0.244365,0.586495,0.058816,-0.123126,-0.15024,0.203684,Yahoo EOD via GitHub Actions/yfinance,2026-10-01T02:16:40+00:00
MCK,MCK,2026-09-30,853.809998,853.809998,691200,939707,885.922998,874.831802,846.59955,0.298426,-0.076743,995.690002,725.169983,0.475529,-0.142494,0.177393,-0.035592,0.111645,0.161931,-0.013347,Yahoo EOD via GitHub Actions/yfinance,2026-10-01T02:16:40+00:00
MCO,MCO,2026-09-30,454.130005,454.130005,1039800,771249,472.112,482.437201,471.6762,0.264882,-0.125024,539.609985,412.230011,0.328937,-0.158411,0.101642,-0.100091,-0.030424,-0.021693,0.040986,Yahoo EOD via GitHub Actions/yfinance,2026-10-01T02:16:40+00:00
MDLZ,MDLZ,2026-09-30,57.82,57.82,10966300,8295033,61.25,62.0224,59.56165,0.252513,-0.110325,64.989998,51.509998,0.468101,-0.110325,0.122501,-0.068471,-0.025779,-0.052907,0.003123,Yahoo EOD via GitHub Actions/yfinance,2026-10-01T02:16:40+00:00
MDT,MDT,2026-09-30,86.290001,86.290001,26614100,8796579,91.1605,89.7426,88.77565,0.287157,-0.083678,105.349998,73.75,0.396835,-0.180921,0.170034,-0.048097,0.08952,0.166396,-0.004155,Yahoo EOD via GitHub Actions/yfinance,2026-10-01T02:16:40+00:00
MET,MET,2026-09-30,94.160004,94.160004,3008300,3359073,96.793,96.3742,83.62555,0.225838,-0.064932,99.949997,67.699997,0.820465,-0.057929,0.390842,-0.010613,0.079817,0.150538,0.331448,Yahoo EOD via GitHub Actions/yfinance,2026-10-01T02:16:40+00:00
META,META,2026-09-30,725.179993,725.179993,19240800,19615865,683.393994,620.624796,627.571197,0.495059,-0.208833,777.590027,525.719971,0.791916,-0.067401,0.379404,0.267044,0.183175,0.207687,0.267509,Yahoo EOD via GitHub Actions/yfinance,2026-10-01T02:16:40+00:00
MGM,MGM,2026-09-30,31.049999,31.049999,6182100,3037080,37.7775,41.5754,39.81815,0.293602,-0.375126,50.689999,30.719999,0.016525,-0.387453,0.010742,-0.249275,-0.346591,-0.387453,-0.161038,Yahoo EOD via GitHub Actions/yfinance,2026-10-01T02:16:40+00:00
MKC,MKC,2026-09-30,46.400002,46.400002,5652200,3088879,49.9705,51.95,55.73915,0.296904,-0.17847,71.650002,45.599998,0.03071,-0.352408,0.017544,-0.144227,-0.123039,-0.003864,-0.080095,Yahoo EOD via GitHub Actions/yfinance,2026-10-01T02:16:40+00:00
MLM,MLM,2026-09-30,479.809998,479.809998,782000,689271,498.064003,524.490001,590.965449,0.319051,-0.238258,708.109985,479.089996,0.003144,-0.322408,0.001503,-0.074976,-0.171656,-0.159643,-0.184939,Yahoo EOD via GitHub Actions/yfinance,2026-10-01T02:16:40+00:00
MMM,MMM,2026-09-30,164.149994,164.149994,3936100,3119687,166.4535,173.683,160.6796,0.239457,-0.118402,183.779999,141.199997,0.538985,-0.106813,0.162535,-0.044695,0.026194,0.08759,0.130276,Yahoo EOD via GitHub Actions/yfinance,2026-10-01T02:16:40+00:00
MNST,MNST,2026-09-30,41.619999,41.619999,11654600,10704342,43.53,45.6749,42.3436,0.233952,-0.1671,49.970001,33.154999,0.50342,-0.1671,0.255316,-0.093641,-0.144941,-0.065769,0.148772,Yahoo EOD via GitHub Actions/yfinance,2026-10-01T02:16:40+00:00
MO,MO,2026-09-30,67.339996,67.339996,7571200,8422988,69.025499,68.629799,67.2811,0.287049,-0.146289,74.919998,54.720001,0.624752,-0.101175,0.230629,-0.016647,-0.058708,-0.019082,0.020458,Yahoo EOD via GitHub Actions/yfinance,2026-10-01T02:16:40+00:00
MOS,MOS,2026-09-30,21.65,21.65,7848000,7885882,24.5905,23.6032,24.53495,0.447009,-0.183943,35.41,19.82,0.117383,-0.388591,0.092331,-0.102405,0.016432,-0.07201,-0.15098,Yahoo EOD via GitHub Actions/yfinance,2026-10-01T02:16:40+00:00
MPC,MPC,2026-09-30,395.420013,395.420013,1648500,2527669,397.951501,361.162,259.36485,0.340166,-0.09094,424.890015,162.630005,0.887631,-0.069359,1.431409,0.059199,0.492883,0.528725,0.619379,Yahoo EOD via GitHub Actions/yfinance,2026-10-01T02:16:40+00:00
MPWR,MPWR,2026-09-30,1347.219971,1347.219971,465200,773304,1254.575494,1304.431201,1278.7862,0.633209,-0.323944,1689.890015,856.960022,0.588597,-0.202777,0.572092,0.062669,0.011631,-0.126537,0.232195,Yahoo EOD via GitHub Actions/yfinance,2026-10-01T02:16:40+00:00
MRK,MRK,2026-09-30,145.309998,145.309998,10223500,9830036,147.752,141.6858,122.41885,0.343354,-0.08092,156.449997,82.489998,0.849378,-0.071205,0.761547,-0.016581,0.159049,0.2617,0.207997,Yahoo EOD via GitHub Actions/yfinance,2026-10-01T02:16:40+00:00
MRNA,MRNA,2026-09-30,192.570007,192.570007,20601600,17209644,163.728501,118.356601,66.787925,3.187818,-0.341565,203.460007,22.360001,0.939867,-0.053524,7.612254,0.372168,1.656138,3.180851,2.790748,Yahoo EOD via GitHub Actions/yfinance,2026-10-01T02:16:40+00:00
MRSH,MRSH,2026-09-30,170.729996,170.729996,3087400,2483446,176.223998,184.067199,177.309249,0.266952,-0.144542,207.020004,157.320007,0.269819,-0.175297,0.08524,-0.100474,-0.008191,0.050323,-0.015682,Yahoo EOD via GitHub Actions/yfinance,2026-10-01T02:16:40+00:00
MRVL,MRVL,2026-09-30,264.209991,264.209991,11903700,22678642,239.9245,224.325599,165.0547,1.082606,-0.483614,316.429993,73.730003,0.784837,-0.165029,2.58348,0.248275,-0.028818,0.204074,1.667441,Yahoo EOD via GitHub Actions/yfinance,2026-10-01T02:16:40+00:00
MS,MS,2026-09-30,188.080002,188.080002,6907300,5040039,204.925001,210.547401,193.7671,0.287685,-0.177073,228.550003,151.860001,0.472291,-0.177073,0.238509,-0.11832,-0.112244,-0.108668,0.142857,Yahoo EOD via GitHub Actions/yfinance,2026-10-01T02:16:40+00:00
MSCI,MSCI,2026-09-30,538.659973,538.659973,667100,624976,552.487994,561.396798,572.906399,0.316133,-0.154698,643.830017,511.839996,0.203197,-0.163351,0.052399,-0.056042,-0.074515,-0.163351,-0.000649,Yahoo EOD via GitHub Actions/yfinance,2026-10-01T02:16:40+00:00
MSFT,MSFT,2026-09-30,512.900024,512.900024,27197800,28766969,500.502499,482.555999,432.446049,0.405045,-0.200494,542.070007,352.829987,0.845857,-0.053812,0.453675,0.011059,0.334704,0.113741,0.38558,Yahoo EOD via GitHub Actions/yfinance,2026-10-01T02:16:40+00:00
MSI,MSI,2026-09-30,445.970001,445.970001,794300,922549,461.436003,459.550001,430.154801,0.246873,-0.092155,491.23999,363.829987,0.64469,-0.092155,0.225765,-0.081043,0.06452,0.083556,0.027652,Yahoo EOD via GitHub Actions/yfinance,2026-10-01T02:16:40+00:00
MTB,MTB,2026-09-30,217.600006,217.600006,1383900,1052231,229.444501,239.8424,223.7714,0.213298,-0.144004,254.089996,178.630005,0.516433,-0.14361,0.21816,-0.069847,-0.100641,0.028258,0.052632,Yahoo EOD via GitHub Actions/yfinance,2026-10-01T02:16:40+00:00
MTD,MTD,2026-09-30,1510.949951,1510.949951,152500,183615,1404.733984,1401.482998,1317.797748,0.273188,-0.113785,1545.26001,1025.530029,0.933985,-0.022203,0.473336,0.075302,0.16193,0.276604,0.198026,Yahoo EOD via GitHub Actions/yfinance,2026-10-01T02:16:40+00:00
MU,MU,2026-09-30,1065.109985,1065.109985,30538500,34149923,1012.0995,951.594,673.146101,0.920982,-0.391048,1213.560059,167.320007,0.858111,-0.122326,5.365706,0.110959,0.031803,0.028595,2.152705,Yahoo EOD via GitHub Actions/yfinance,2026-10-01T02:16:40+00:00
NCLH,NCLH,2026-09-30,14.66,14.66,23992600,15838726,14.6805,16.9462,19.5041,0.462848,-0.355839,25.02,14.12,0.049541,-0.414069,0.038244,-0.091698,-0.29076,-0.188261,-0.216043,Yahoo EOD via GitHub Actions/yfinance,2026-10-01T02:16:40+00:00
NDAQ,NDAQ,2026-09-30,92.010002,92.010002,3413800,3353461,93.369501,94.9086,90.6795,0.308006,-0.155866,100.980003,76.849998,0.628264,-0.088829,0.197267,-0.06693,0.112172,-0.00862,0.083873,Yahoo EOD via GitHub Actions/yfinance,2026-10-01T02:16:40+00:00
NDSN,NDSN,2026-09-30,327.850006,327.850006,397900,368782,317.410001,313.846,286.212601,0.254673,-0.081416,334.700012,226.690002,0.93658,-0.020466,0.446248,0.019054,0.10895,0.16544,0.232241,Yahoo EOD via GitHub Actions/yfinance,2026-10-01T02:16:40+00:00
NEE,NEE,2026-09-30,75.739998,75.739998,13461500,11049368,80.0685,83.585,87.45975,0.159667,-0.159261,97.879997,75.489998,0.011166,-0.226195,0.003312,-0.080155,-0.123075,-0.094669,-0.184539,Yahoo EOD via GitHub Actions/yfinance,2026-10-01T02:16:40+00:00
NEM,NEM,2026-09-30,115.339996,115.339996,5840900,7486853,123.716,117.0398,111.33925,0.46675,-0.185388,135.139999,78.629997,0.649619,-0.146515,0.46687,-0.085039,0.236227,0.066087,0.065497,Yahoo EOD via GitHub Actions/yfinance,2026-10-01T02:16:40+00:00
NFLX,NFLX,2026-09-30,69.580002,69.580002,36350700,37348234,75.022501,75.6148,84.3407,0.363208,-0.188768,124.135002,67.599998,0.035023,-0.439481,0.02929,-0.141518,-0.062138,-0.189517,-0.276339,Yahoo EOD via GitHub Actions/yfinance,2026-10-01T02:16:40+00:00
NI,NI,2026-09-30,39.0,39.0,6932300,5494971,40.501,41.9718,44.8671,0.187977,-0.205379,49.080002,39.0,0.0,-0.205379,0.0,-0.046921,-0.167911,-0.135255,-0.164166,Yahoo EOD via GitHub Actions/yfinance,2026-10-01T02:16:40+00:00
NKE,NKE,2026-09-30,35.400002,35.400002,37970000,26422266,36.641,39.2312,49.0471,0.320487,-0.229765,74.57,35.400002,0.0,-0.525278,0.0,-0.093702,-0.177891,-0.229262,-0.329799,Yahoo EOD via GitHub Actions/yfinance,2026-10-01T02:16:40+00:00
NOC,NOC,2026-09-30,483.480011,483.480011,1475500,823787,517.212498,540.097599,599.25315,0.277893,-0.179346,768.02002,483.480011,0.0,-0.370485,0.0,-0.104169,-0.070141,-0.103371,-0.291334,Yahoo EOD via GitHub Actions/yfinance,2026-10-01T02:16:40+00:00
NOW,NOW,2026-09-30,134.009995,134.009995,9002800,18515160,136.742999,127.4946,116.03297,0.604906,-0.298707,189.257996,83.0,0.480058,-0.291919,0.614578,-0.094466,0.266635,-0.013617,0.281779,Yahoo EOD via GitHub Actions/yfinance,2026-10-01T02:16:40+00:00
NRG,NRG,2026-09-30,95.650002,95.650002,3675400,2778255,106.4295,116.0316,141.5041,0.523282,-0.359601,184.029999,95.650002,0.0,-0.480248,0.0,-0.131402,-0.320668,-0.261219,-0.345491,Yahoo EOD via GitHub Actions/yfinance,2026-10-01T02:16:40+00:00
NSC,NSC,2026-09-30,309.0,309.0,850300,1121153,318.591998,332.287398,311.262799,0.205548,-0.124596,352.980011,278.190002,0.411953,-0.124596,0.110752,-0.098573,-0.031318,0.012584,0.076655,Yahoo EOD via GitHub Actions/yfinance,2026-10-01T02:16:40+00:00
NTAP,NTAP,2026-09-30,210.080002,210.080002,3193300,2549085,194.1175,190.1264,137.70205,0.422618,-0.158107,210.080002,94.110001,1.0,0.0,1.232281,0.13379,0.343394,0.16906,1.051763,Yahoo EOD via GitHub Actions/yfinance,2026-10-01T02:16:40+00:00
NTRS,NTRS,2026-09-30,169.360001,169.360001,1539500,1034741,179.467501,182.72,162.484601,0.226701,-0.115475,191.470001,122.720001,0.6784,-0.115475,0.380052,-0.087303,-0.035535,0.006059,0.213441,Yahoo EOD via GitHub Actions/yfinance,2026-10-01T02:16:40+00:00
NUE,NUE,2026-09-30,233.75,233.75,1494900,1361317,252.454502,255.818601,213.9137,0.364147,-0.177699,274.73999,131.779999,0.713276,-0.149196,0.77379,-0.063652,0.067254,-0.07054,0.382318,Yahoo EOD via GitHub Actions/yfinance,2026-10-01T02:16:40+00:00
NVDA,NVDA,2026-09-30,228.380005,228.380005,121269300,123106677,223.1885,217.3984,200.1471,0.393208,-0.147249,235.740005,165.169998,0.895706,-0.031221,0.382697,0.034423,0.155886,0.017918,0.309518,Yahoo EOD via GitHub Actions/yfinance,2026-10-01T02:16:40+00:00
NVR,NVR,2026-09-30,6154.390137,6154.390137,32800,34738,6232.42854,6291.521221,6705.315002,0.283052,-0.108417,8178.0,5563.620117,0.225969,-0.247446,0.106184,-0.025469,-0.073654,0.005404,-0.066078,Yahoo EOD via GitHub Actions/yfinance,2026-10-01T02:16:40+00:00
NWS,NWS,2026-09-30,31.719999,31.719999,686600,1173952,32.865,32.9364,30.15605,0.29331,-0.116082,35.32,25.65,0.627715,-0.101925,0.236647,-0.078175,0.084444,0.033898,0.112592,Yahoo EOD via GitHub Actions/yfinance,2026-10-01T02:16:40+00:00
NWSA,NWSA,2026-09-30,28.65,28.65,3689800,3983765,29.583,29.2682,26.5341,0.279162,-0.098429,31.190001,22.4,0.711035,-0.081436,0.279018,-0.067079,0.111327,0.06903,0.149218,Yahoo EOD via GitHub Actions/yfinance,2026-10-01T02:16:40+00:00
NXPI,NXPI,2026-09-30,237.529999,237.529999,2685800,3757811,230.054501,234.108201,245.58895,0.468254,-0.323342,332.670013,184.190002,0.35924,-0.285989,0.289592,0.057381,-0.149187,-0.23717,0.206594,Yahoo EOD via GitHub Actions/yfinance,2026-10-01T02:16:40+00:00
O,O,2026-09-30,54.299999,54.299999,8889000,6281179,57.9165,61.0554,61.86105,0.174164,-0.174144,67.559998,54.299999,0.0,-0.19627,0.0,-0.113903,-0.121643,-0.088161,-0.112455,Yahoo EOD via GitHub Actions/yfinance,2026-10-01T02:16:40+00:00
ODFL,ODFL,2026-09-30,173.839996,173.839996,2276900,1704165,179.0315,198.676401,199.592,0.332033,-0.304467,248.729996,126.290001,0.388353,-0.30109,0.376514,-0.130626,-0.202423,-0.239312,-0.110338,Yahoo EOD via GitHub Actions/yfinance,2026-10-01T02:16:40+00:00
OKE,OKE,2026-09-30,85.269997,85.269997,3736600,3615893,92.846,92.3954,86.6,0.267156,-0.125526,97.510002,64.309998,0.631325,-0.125526,0.325921,-0.111863,-0.005366,0.003767,-0.056643,Yahoo EOD via GitHub Actions/yfinance,2026-10-01T02:16:40+00:00
OMC,OMC,2026-09-30,73.629997,73.629997,1958700,2946634,78.127999,82.0046,78.3666,0.345409,-0.172139,88.940002,67.269997,0.293493,-0.172139,0.094544,-0.158803,-0.032584,-0.030802,-0.022308,Yahoo EOD via GitHub Actions/yfinance,2026-10-01T02:16:40+00:00
ON,ON,2026-09-30,76.870003,76.870003,6864500,9905052,72.8355,76.995,80.1803,0.772851,-0.502725,133.929993,44.900002,0.359092,-0.426043,0.712027,0.037522,-0.187678,-0.36429,0.241441,Yahoo EOD via GitHub Actions/yfinance,2026-10-01T02:16:40+00:00
ORCL,ORCL,2026-09-30,137.300003,137.300003,22263000,32893342,146.9545,142.9022,163.3611,0.569204,-0.529847,313.0,114.989998,0.112671,-0.561342,0.194017,-0.079265,-0.036491,-0.446706,-0.066685,Yahoo EOD via GitHub Actions/yfinance,2026-10-01T02:16:40+00:00
ORLY,ORLY,2026-09-30,85.410004,85.410004,4132100,6656647,85.8075,88.434201,91.04865,0.287873,-0.113867,107.809998,82.730003,0.106858,-0.207773,0.032395,-0.038176,-0.078541,-0.014197,-0.074748,Yahoo EOD via GitHub Actions/yfinance,2026-10-01T02:16:40+00:00
OTIS,OTIS,2026-09-30,64.32,64.32,5597200,3916803,68.348,70.6648,78.3162,0.230501,-0.1424,93.620003,64.32,0.0,-0.312967,0.0,-0.09574,-0.089468,-0.072397,-0.165542,Yahoo EOD via GitHub Actions/yfinance,2026-10-01T02:16:40+00:00
OXY,OXY,2026-09-30,55.32,55.32,10167500,8634787,59.0555,58.367,53.8478,0.332531,-0.196177,66.239998,38.919998,0.600293,-0.164855,0.421377,-0.080758,0.153942,-0.0611,-0.148923,Yahoo EOD via GitHub Actions/yfinance,2026-10-01T02:16:40+00:00
P,P,2026-09-30,130.779999,130.779999,3198900,4397031,107.4685,99.5572,77.9462,0.705505,-0.217756,130.779999,56.990002,1.0,0.0,1.294788,0.406993,0.695359,0.548609,1.215108,Yahoo EOD via GitHub Actions/yfinance,2026-10-01T02:16:40+00:00
PANW,PANW,2026-09-30,397.309998,397.309998,6084900,6408519,364.016,359.0892,248.2305,0.586509,-0.170505,397.309998,141.669998,1.0,0.0,1.804475,0.039725,0.128593,0.322251,1.478231,Yahoo EOD via GitHub Actions/yfinance,2026-10-01T02:16:40+00:00
PAYX,PAYX,2026-09-30,98.5,98.5,3424600,3012360,112.686501,117.4822,103.96375,0.332441,-0.22648,128.589996,85.57,0.300558,-0.234,0.151104,-0.22648,-0.040989,-0.038462,0.069257,Yahoo EOD via GitHub Actions/yfinance,2026-10-01T02:16:40+00:00
PCAR,PCAR,2026-09-30,109.809998,109.809998,3238700,3320558,117.697,125.5204,120.7752,0.280294,-0.205484,138.210007,93.0,0.37182,-0.205484,0.180753,-0.115363,-0.094276,0.003106,-0.049264,Yahoo EOD via GitHub Actions/yfinance,2026-10-01T02:16:40+00:00
PCG,PCG,2026-09-30,12.25,12.25,48270400,35473893,13.219,15.6958,16.55925,0.489287,-0.349129,19.110001,11.95,0.041899,-0.358974,0.025105,-0.076865,-0.260712,-0.241486,-0.302789,Yahoo EOD via GitHub Actions/yfinance,2026-10-01T02:16:40+00:00
PEG,PEG,2026-09-30,67.339996,67.339996,4014300,3019361,70.304499,73.6014,78.992,0.171108,-0.203637,86.949997,66.559998,0.038254,-0.225532,0.011719,-0.081686,-0.161081,-0.12169,-0.168128,Yahoo EOD via GitHub Actions/yfinance,2026-10-01T02:16:40+00:00
PEP,PEP,2026-09-30,126.720001,126.720001,9807500,8260030,133.376,137.369,147.51045,0.213087,-0.133538,170.490005,126.720001,0.0,-0.256731,0.0,-0.09705,-0.102295,-0.104579,-0.183978,Yahoo EOD via GitHub Actions/yfinance,2026-10-01T02:16:40+00:00
PFE,PFE,2026-09-30,28.52,28.52,33629100,37149938,28.107,27.2066,26.38125,0.206147,-0.09691,29.02,23.67,0.906542,-0.017229,0.204901,0.002108,0.194305,0.112759,0.01567,Yahoo EOD via GitHub Actions/yfinance,2026-10-01T02:16:40+00:00
PFG,PFG,2026-09-30,111.959999,111.959999,1233100,1379579,115.284,113.565,101.3946,0.234591,-0.061588,118.510002,78.389999,0.83674,-0.05527,0.428243,0.01634,0.027816,0.088047,0.242481,Yahoo EOD via GitHub Actions/yfinance,2026-10-01T02:16:40+00:00
PG,PG,2026-09-30,145.279999,145.279999,8578400,8604507,146.372501,145.879001,147.641151,0.197685,-0.066187,167.199997,138.039993,0.248285,-0.1311,0.052449,0.001103,-0.014583,0.035643,0.005816,Yahoo EOD via GitHub Actions/yfinance,2026-10-01T02:16:40+00:00
PGR,PGR,2026-09-30,207.309998,207.309998,2959200,2693368,213.739,214.167199,209.4209,0.324518,-0.137794,246.949997,190.399994,0.299027,-0.160518,0.088813,-0.049386,-0.079849,0.075985,0.045753,Yahoo EOD via GitHub Actions/yfinance,2026-10-01T02:16:40+00:00
PH,PH,2026-09-30,955.419983,955.419983,675000,610473,952.534497,988.569401,944.054999,0.265503,-0.14445,1073.869995,716.659973,0.668402,-0.110302,0.333157,-0.024524,-0.008705,0.160476,0.067222,Yahoo EOD via GitHub Actions/yfinance,2026-10-01T02:16:40+00:00
PHM,PHM,2026-09-30,116.059998,116.059998,2012100,1585580,119.494,125.376799,124.7843,0.340152,-0.15862,142.559998,110.110001,0.183359,-0.185887,0.054037,-0.081222,-0.12467,-0.013934,-0.013179,Yahoo EOD via GitHub Actions/yfinance,2026-10-01T02:16:40+00:00
PKG,PKG,2026-09-30,229.259995,229.259995,582300,619614,234.2785,243.034399,226.23035,0.284747,-0.117119,257.429993,191.679993,0.571559,-0.109428,0.196056,-0.020005,-0.036439,0.03424,0.080294,Yahoo EOD via GitHub Actions/yfinance,2026-10-01T02:16:40+00:00
PLD,PLD,2026-09-30,129.839996,129.839996,6121200,4039485,134.939501,139.3446,137.9379,0.224402,-0.134746,150.059998,111.230003,0.479268,-0.134746,0.167311,-0.072041,-0.050877,-0.066034,-0.017703,Yahoo EOD via GitHub Actions/yfinance,2026-10-01T02:16:40+00:00
PLTR,PLTR,2026-09-30,187.050003,187.050003,16833900,35491558,178.848,167.158999,152.044675,0.731679,-0.295065,207.179993,107.269997,0.798519,-0.097162,0.743731,0.003595,0.487712,0.164332,0.278712,Yahoo EOD via GitHub Actions/yfinance,2026-10-01T02:16:40+00:00
PM,PM,2026-09-30,190.820007,190.820007,4353400,4669395,189.834999,190.1782,177.585,0.263018,-0.088125,200.169998,144.330002,0.832557,-0.04671,0.322109,0.018793,0.073893,0.105178,0.154107,Yahoo EOD via GitHub Actions/yfinance,2026-10-01T02:16:40+00:00
PNC,PNC,2026-09-30,222.259995,222.259995,2242200,1723593,234.3015,243.2524,227.9862,0.206489,-0.137448,256.970001,178.369995,0.558397,-0.135074,0.246062,-0.072487,-0.116684,0.028648,0.068096,Yahoo EOD via GitHub Actions/yfinance,2026-10-01T02:16:40+00:00
PNR,PNR,2026-09-30,52.990002,52.990002,2334900,3360546,56.154,61.4002,81.55795,0.380026,-0.309307,112.360001,52.990002,0.0,-0.528391,0.0,-0.123553,-0.306232,-0.251554,-0.391689,Yahoo EOD via GitHub Actions/yfinance,2026-10-01T02:16:40+00:00
PNW,PNW,2026-09-30,93.040001,93.040001,2157300,1135593,94.75,98.344,98.986,0.172918,-0.167231,109.370003,86.550003,0.2844,-0.14931,0.074986,-0.047112,-0.124741,-0.045548,-0.076526,Yahoo EOD via GitHub Actions/yfinance,2026-10-01T02:16:40+00:00
PODD,PODD,2026-09-30,130.470001,130.470001,1416000,1605631,138.878001,146.331801,194.999101,0.520527,-0.235318,346.359985,130.470001,0.0,-0.623311,0.0,-0.12236,-0.183491,-0.11922,-0.378241,Yahoo EOD via GitHub Actions/yfinance,2026-10-01T02:16:40+00:00
PPG,PPG,2026-09-30,104.330002,104.330002,1918200,1716800,106.9105,111.5442,111.9646,0.298369,-0.167558,131.559998,94.339996,0.268404,-0.206978,0.105894,-0.069894,-0.149091,-0.069064,-0.023858,Yahoo EOD via GitHub Actions/yfinance,2026-10-01T02:16:40+00:00
PPL,PPL,2026-09-30,32.889999,32.889999,14847700,7504614,33.4905,34.579,36.11925,0.186066,-0.136413,39.810001,31.969999,0.117347,-0.173826,0.028777,-0.036332,-0.076642,-0.047219,-0.139005,Yahoo EOD via GitHub Actions/yfinance,2026-10-01T02:16:40+00:00
PRU,PRU,2026-09-30,113.580002,113.580002,1577700,1705165,118.431999,120.322399,108.75125,0.21362,-0.092304,125.129997,92.0,0.651373,-0.092304,0.234565,-0.034184,0.022598,0.130262,0.162657,Yahoo EOD via GitHub Actions/yfinance,2026-10-01T02:16:40+00:00
PSA,PSA,2026-09-30,282.839996,282.839996,988700,976485,293.952501,310.706,299.552751,0.216165,-0.144128,330.470001,258.440002,0.338748,-0.144128,0.094413,-0.078667,-0.124443,-0.043813,0.044152,Yahoo EOD via GitHub Actions/yfinance,2026-10-01T02:16:40+00:00
PSKY,PSKY,2026-09-30,10.33,10.33,31966700,15034904,10.472,9.8692,10.6031,0.38735,-0.27551,19.129999,7.81,0.222615,-0.46001,0.322663,-0.053162,0.015733,-0.059199,0.145233,Yahoo EOD via GitHub Actions/yfinance,2026-10-01T02:16:40+00:00
PSX,PSX,2026-09-30,255.309998,255.309998,2521700,2891977,259.272001,238.436201,182.78765,0.302373,-0.10039,274.209991,126.760002,0.871821,-0.068925,1.014121,0.035404,0.463095,0.4165,0.401416,Yahoo EOD via GitHub Actions/yfinance,2026-10-01T02:16:40+00:00
PTC,PTC,2026-09-30,140.300003,140.300003,1046100,1510422,137.0765,140.9826,145.414651,0.459615,-0.210833,205.869995,112.330002,0.299016,-0.318502,0.248998,-0.09914,0.171314,-0.032947,-0.01537,Yahoo EOD via GitHub Actions/yfinance,2026-10-01T02:16:40+00:00
PWR,PWR,2026-09-30,642.51001,642.51001,917400,1026639,632.495999,642.194204,603.326501,0.50263,-0.241846,785.23999,412.209991,0.617377,-0.181766,0.558696,0.058344,-0.070712,-0.065413,0.170285,Yahoo EOD via GitHub Actions/yfinance,2026-10-01T02:16:40+00:00
PYPL,PYPL,2026-09-30,52.529999,52.529999,8613500,14271592,53.554499,56.6203,50.337525,0.480271,-0.1626,76.129997,39.080002,0.363023,-0.309996,0.344166,-0.002563,0.191967,0.162425,0.161397,Yahoo EOD via GitHub Actions/yfinance,2026-10-01T02:16:40+00:00
Q,Q,2026-09-30,125.739998,125.739998,1449100,1764296,121.67,127.9348,125.17685,0.554643,-0.347586,175.639999,73.540001,0.511263,-0.284104,0.709818,0.052834,-0.180153,-0.172328,0.08979,Yahoo EOD via GitHub Actions/yfinance,2026-10-01T02:16:40+00:00
QCOM,QCOM,2026-09-30,184.039993,184.039993,7401000,12660512,183.871001,171.042,169.21185,0.574371,-0.409584,251.020004,124.07,0.472391,-0.266831,0.483356,0.07954,0.011653,-0.196297,0.429104,Yahoo EOD via GitHub Actions/yfinance,2026-10-01T02:16:40+00:00
RCL,RCL,2026-09-30,265.859985,265.859985,4286700,2390122,253.005001,282.5182,287.0008,0.412486,-0.296622,348.029999,230.300003,0.302047,-0.2361,0.154407,-0.010717,-0.132027,-0.080228,-0.033869,Yahoo EOD via GitHub Actions/yfinance,2026-10-01T02:16:40+00:00
RDDT,RDDT,2026-09-30,142.440002,142.440002,4885300,5880731,153.029502,157.158,169.28025,0.798903,-0.307965,258.929993,121.839996,0.150266,-0.44989,0.169074,-0.03633,-0.279733,-0.1991,0.057854,Yahoo EOD via GitHub Actions/yfinance,2026-10-01T02:16:40+00:00
REG,REG,2026-09-30,71.879997,71.879997,1234800,1296900,73.965,76.3434,76.27635,0.159714,-0.130624,82.68,67.160004,0.304123,-0.130624,0.07028,-0.038652,-0.094368,-0.05595,-0.04996,Yahoo EOD via GitHub Actions/yfinance,2026-10-01T02:16:40+00:00
REGN,REGN,2026-09-30,758.27002,758.27002,872400,749161,794.083499,781.525797,736.163299,0.297034,-0.119151,852.030029,557.72998,0.681414,-0.110043,0.359565,-0.051071,0.213776,0.262395,-0.018599,Yahoo EOD via GitHub Actions/yfinance,2026-10-01T02:16:40+00:00
RF,RF,2026-09-30,26.879999,26.879999,9300000,8809353,28.7875,30.1142,28.70155,0.224596,-0.17037,32.400002,23.35,0.390055,-0.17037,0.151178,-0.100402,-0.127273,-0.016825,0.029096,Yahoo EOD via GitHub Actions/yfinance,2026-10-01T02:16:40+00:00
RJF,RJF,2026-09-30,158.020004,158.020004,938900,1204079,167.373001,172.8212,160.93535,0.232173,-0.127829,181.179993,140.889999,0.425168,-0.127829,0.121584,-0.113094,-0.001075,0.083665,0.091374,Yahoo EOD via GitHub Actions/yfinance,2026-10-01T02:16:40+00:00
RL,RL,2026-09-30,355.070007,355.070007,533400,633166,343.708002,363.668602,365.3228,0.320058,-0.195945,414.25,309.290009,0.436166,-0.142861,0.148016,0.023551,-0.107909,-0.030684,0.03221,Yahoo EOD via GitHub Actions/yfinance,2026-10-01T02:16:40+00:00
RMD,RMD,2026-09-30,221.100006,221.100006,1262100,1413490,223.957502,222.159201,226.03225,0.340009,-0.12678,283.279999,182.820007,0.381047,-0.2195,0.209386,-0.079134,0.099453,0.185904,-0.015057,Yahoo EOD via GitHub Actions/yfinance,2026-10-01T02:16:40+00:00
ROK,ROK,2026-09-30,435.329987,435.329987,820500,749858,425.9495,438.239401,423.35645,0.303477,-0.17175,495.079987,333.75,0.629641,-0.120688,0.30436,0.025681,-0.09836,-0.046813,0.213024,Yahoo EOD via GitHub Actions/yfinance,2026-10-01T02:16:40+00:00
ROL,ROL,2026-09-30,30.120001,30.120001,11351100,6105647,33.172,35.7234,49.93775,0.307023,-0.371363,65.599998,30.030001,0.00253,-0.540854,0.002997,-0.164957,-0.28524,-0.349741,-0.436061,Yahoo EOD via GitHub Actions/yfinance,2026-10-01T02:16:40+00:00
ROP,ROP,2026-09-30,349.410004,349.410004,765000,814146,379.071999,390.358601,370.017051,0.309893,-0.180174,520.0,315.529999,0.165697,-0.328058,0.107375,-0.177162,-0.014858,0.014989,-0.012576,Yahoo EOD via GitHub Actions/yfinance,2026-10-01T02:16:40+00:00
ROST,ROST,2026-09-30,233.399994,233.399994,1746400,2335390,230.767498,237.9264,217.38965,0.267571,-0.130346,255.229996,147.710007,0.796968,-0.085531,0.580123,0.021265,0.101463,0.041639,0.077413,Yahoo EOD via GitHub Actions/yfinance,2026-10-01T02:16:40+00:00
RSG,RSG,2026-09-30,209.869995,209.869995,1137200,1459247,218.220501,217.1434,215.23495,0.203952,-0.077903,232.270004,197.729996,0.351476,-0.09644,0.061397,-0.050018,-0.022542,0.045013,-0.041777,Yahoo EOD via GitHub Actions/yfinance,2026-10-01T02:16:40+00:00
RTX,RTX,2026-09-30,185.649994,185.649994,4741400,4494515,194.342499,207.214799,194.868,0.268069,-0.176682,225.490005,157.0,0.418309,-0.176682,0.182484,-0.106292,-0.031964,0.064446,-0.037584,Yahoo EOD via GitHub Actions/yfinance,2026-10-01T02:16:40+00:00
RVTY,RVTY,2026-09-30,152.889999,152.889999,4432400,1720449,139.002,126.2788,105.7515,0.389611,-0.076371,152.889999,82.260002,1.0,0.0,0.858619,0.188233,0.354927,0.520991,0.74512,Yahoo EOD via GitHub Actions/yfinance,2026-10-01T02:16:40+00:00
SBAC,SBAC,2026-09-30,160.119995,160.119995,938000,983425,177.8465,180.683199,191.59875,0.328074,-0.230266,223.75,160.119995,0.0,-0.28438,0.0,-0.155752,-0.114136,-0.21529,-0.069665,Yahoo EOD via GitHub Actions/yfinance,2026-10-01T02:16:40+00:00
SBUX,SBUX,2026-09-30,93.959999,93.959999,5734400,6900125,97.9915,102.6522,98.6583,0.219408,-0.137264,108.550003,78.459999,0.515121,-0.134408,0.197553,-0.115671,-0.091208,-0.026422,0.048778,Yahoo EOD via GitHub Actions/yfinance,2026-10-01T02:16:40+00:00
SCHW,SCHW,2026-09-30,97.739998,97.739998,10294600,8166523,104.3215,106.4706,98.31995,0.246419,-0.139991,113.650002,85.349998,0.437809,-0.139991,0.145167,-0.109998,0.020464,0.10142,0.040008,Yahoo EOD via GitHub Actions/yfinance,2026-10-01T02:16:40+00:00
SHW,SHW,2026-09-30,323.269989,323.269989,1403300,1830112,325.383501,338.806801,333.32885,0.312551,-0.141428,372.600006,293.0,0.380276,-0.132394,0.103311,-0.045866,-0.065829,0.096351,0.008485,Yahoo EOD via GitHub Actions/yfinance,2026-10-01T02:16:40+00:00
SJM,SJM,2026-09-30,118.910004,118.910004,1192600,1377947,122.7885,122.5268,108.4813,0.337218,-0.101481,132.339996,89.529999,0.686288,-0.101481,0.328158,-0.093397,0.03526,0.18189,0.232995,Yahoo EOD via GitHub Actions/yfinance,2026-10-01T02:16:40+00:00
SLB,SLB,2026-09-30,48.720001,48.720001,13232200,12652404,53.5545,52.8662,50.3943,0.397666,-0.22272,60.099998,31.719999,0.599013,-0.189351,0.53594,-0.189351,0.080506,-0.110137,-0.051956,Yahoo EOD via GitHub Actions/yfinance,2026-10-01T02:16:40+00:00
SMCI,SMCI,2026-09-30,41.07,41.07,31810400,44882938,39.631,36.0392,31.89355,1.055424,-0.525015,58.68,20.530001,0.538401,-0.300102,1.000487,0.101663,0.485353,-0.123933,0.803689,Yahoo EOD via GitHub Actions/yfinance,2026-10-01T02:16:40+00:00
SNA,SNA,2026-09-30,363.350006,363.350006,317400,320239,373.652499,391.483599,379.210799,0.179598,-0.133457,419.309998,327.329987,0.391607,-0.133457,0.110042,-0.059434,-0.099013,-0.00846,0.000358,Yahoo EOD via GitHub Actions/yfinance,2026-10-01T02:16:40+00:00
SNDK,SNDK,2026-09-30,1739.890015,1739.890015,6003500,13309531,1693.488251,1533.706296,1130.354623,1.248565,-0.564929,2335.0,112.199997,0.73227,-0.254865,14.507042,0.110545,-0.143848,-0.012229,1.738518,Yahoo EOD via GitHub Actions/yfinance,2026-10-01T02:16:40+00:00
SNPS,SNPS,2026-09-30,434.940002,434.940002,4489200,1867230,402.106001,403.021201,444.535352,0.447824,-0.276679,534.559998,367.700012,0.402973,-0.186359,0.182866,-0.010578,-0.043099,-0.116496,0.097004,Yahoo EOD via GitHub Actions/yfinance,2026-10-01T02:16:40+00:00
SO,SO,2026-09-30,82.889999,82.889999,8553800,5595025,85.871999,89.8334,92.18185,0.166622,-0.159522,99.720001,82.349998,0.031088,-0.168773,0.006557,-0.058068,-0.128574,-0.068966,-0.141214,Yahoo EOD via GitHub Actions/yfinance,2026-10-01T02:16:40+00:00
SOLV,SOLV,2026-09-30,88.150002,88.150002,689700,1038430,89.3705,87.7106,77.8919,0.318654,-0.107931,92.440002,62.490002,0.856761,-0.046408,0.410626,-0.031957,0.12508,0.162315,0.349923,Yahoo EOD via GitHub Actions/yfinance,2026-10-01T02:16:40+00:00
SOXX,SOXX,2026-09-30,568.640015,568.640015,4426900,8466834,535.617001,528.591601,452.315052,0.587474,-0.290087,655.01001,268.100006,0.77677,-0.131861,1.121,0.112711,-0.051793,-0.005752,0.730177,Yahoo EOD via GitHub Actions/yfinance,2026-10-01T02:16:40+00:00
SPG,SPG,2026-09-30,200.759995,200.759995,1486800,1355047,205.652501,215.9692,203.676701,0.191165,-0.151838,236.699997,173.350006,0.432675,-0.151838,0.158119,-0.054446,-0.099731,-0.009571,0.076288,Yahoo EOD via GitHub Actions/yfinance,2026-10-01T02:16:40+00:00
SPGI,SPGI,2026-09-30,394.470001,394.470001,3025000,1960214,412.2325,418.6444,424.975537,0.320039,-0.141961,516.88739,369.687805,0.168358,-0.236836,0.067035,-0.09492,-0.049401,-0.02708,-0.019714,Yahoo EOD via GitHub Actions/yfinance,2026-10-01T02:16:40+00:00
SPY,SPY,2026-09-30,762.630005,762.630005,61884900,44328615,765.063498,762.741398,719.6153,0.129282,-0.044947,777.880005,631.969971,0.895484,-0.019605,0.20675,-0.005762,0.022621,0.005392,0.172663,Yahoo EOD via GitHub Actions/yfinance,2026-10-01T02:16:40+00:00
SRE,SRE,2026-09-30,77.959999,77.959999,4628200,3635385,81.473999,84.6292,90.1468,0.222826,-0.193433,99.75,76.889999,0.046807,-0.218446,0.013916,-0.045777,-0.146766,-0.105245,-0.197695,Yahoo EOD via GitHub Actions/yfinance,2026-10-01T02:16:40+00:00
STE,STE,2026-09-30,210.009995,210.009995,560800,683766,213.026498,224.0474,228.6177,0.255315,-0.141769,268.649994,199.399994,0.153213,-0.218277,0.05321,-0.097275,-0.010787,-0.005022,-0.050287,Yahoo EOD via GitHub Actions/yfinance,2026-10-01T02:16:40+00:00
STLD,STLD,2026-09-30,221.610001,221.610001,1221200,1137809,236.360999,243.2984,216.28355,0.394686,-0.225492,282.76001,139.429993,0.573362,-0.216261,0.5894,-0.04733,-0.000676,-0.152835,0.231167,Yahoo EOD via GitHub Actions/yfinance,2026-10-01T02:16:40+00:00
STT,STT,2026-09-30,174.589996,174.589996,2334100,1966557,185.398499,186.569999,154.4545,0.234513,-0.101256,194.259995,111.0,0.763752,-0.101256,0.572883,-0.087731,0.028997,0.092622,0.379504,Yahoo EOD via GitHub Actions/yfinance,2026-10-01T02:16:40+00:00
STX,STX,2026-09-30,922.340027,922.340027,3080400,4468990,863.138501,855.253999,644.599999,0.780071,-0.31859,1094.040039,211.630005,0.805419,-0.156941,3.358267,0.113426,0.007813,0.001172,1.35435,Yahoo EOD via GitHub Actions/yfinance,2026-10-01T02:16:40+00:00
STZ,STZ,2026-09-30,113.059998,113.059998,1649500,2044419,120.380999,127.7418,143.574,0.289652,-0.240657,166.679993,112.769997,0.005379,-0.321694,0.002572,-0.134436,-0.174021,-0.170202,-0.246267,Yahoo EOD via GitHub Actions/yfinance,2026-10-01T02:16:40+00:00
SW,SW,2026-09-30,44.099998,44.099998,5233300,4788046,44.725,46.7412,43.2085,0.449018,-0.169291,51.84,32.790001,0.593701,-0.149306,0.344922,-0.059702,-0.043176,0.069091,0.10665,Yahoo EOD via GitHub Actions/yfinance,2026-10-01T02:16:40+00:00
SWK,SWK,2026-09-30,88.589996,88.589996,1895900,1733766,91.009,95.269601,83.6581,0.360123,-0.148269,104.0,62.119999,0.632044,-0.148173,0.426111,-0.080731,-0.030107,0.133299,0.246693,Yahoo EOD via GitHub Actions/yfinance,2026-10-01T02:16:40+00:00
SWKS,SWKS,2026-09-30,85.480003,85.480003,6069700,6187926,84.241499,73.3384,65.61295,0.606184,-0.298537,91.449997,52.5,0.846727,-0.065282,0.628191,0.275631,0.296527,0.132335,0.596265,Yahoo EOD via GitHub Actions/yfinance,2026-10-01T02:16:40+00:00
SYF,SYF,2026-09-30,70.970001,70.970001,3092000,3403703,74.9435,76.7334,74.78595,0.331846,-0.132215,88.470001,63.779999,0.291211,-0.197807,0.112731,-0.079268,-0.07555,0.002118,0.04337,Yahoo EOD via GitHub Actions/yfinance,2026-10-01T02:16:40+00:00
SYK,SYK,2026-09-30,275.390015,275.390015,2865000,2618082,280.917,312.8102,331.00585,0.383989,-0.234209,388.350006,269.75,0.047555,-0.290872,0.020908,-0.149506,-0.121255,-0.080378,-0.161904,Yahoo EOD via GitHub Actions/yfinance,2026-10-01T02:16:40+00:00
SYY,SYY,2026-09-30,77.959999,77.959999,4604100,3627204,79.787,81.9768,79.81915,0.195408,-0.095874,91.160004,69.300003,0.396157,-0.1448,0.124964,-0.038481,-0.066683,0.057515,0.092948,Yahoo EOD via GitHub Actions/yfinance,2026-10-01T02:16:40+00:00
T,T,2026-09-30,24.4,24.4,39670100,52529700,25.526,24.9146,25.15295,0.290102,-0.168831,29.1,20.48,0.454756,-0.161512,0.191406,-0.057551,0.191406,-0.00611,-0.15833,Yahoo EOD via GitHub Actions/yfinance,2026-10-01T02:16:40+00:00
TDG,TDG,2026-09-30,1082.599976,1082.599976,384000,391233,1114.524005,1183.593,1249.443298,0.271441,-0.202063,1450.0,1076.01001,0.017621,-0.253379,0.006124,-0.076075,-0.17307,-0.125815,-0.065887,Yahoo EOD via GitHub Actions/yfinance,2026-10-01T02:16:40+00:00
TDY,TDY,2026-09-30,606.809998,606.809998,209400,327798,605.995502,635.253401,622.506449,0.227089,-0.13897,691.299988,484.470001,0.5915,-0.122219,0.252523,-0.010017,-0.08226,-0.004364,0.002975,Yahoo EOD via GitHub Actions/yfinance,2026-10-01T02:16:40+00:00
TECH,TECH,2026-09-30,72.470001,72.470001,2981200,3336949,72.387,72.2464,61.9026,0.406876,-0.040214,72.610001,43.299999,0.995223,-0.001928,0.673672,0.002213,0.020704,0.426856,0.38672,Yahoo EOD via GitHub Actions/yfinance,2026-10-01T02:16:40+00:00
TEL,TEL,2026-09-30,211.080002,211.080002,1677500,2219234,208.703,208.485201,214.4721,0.331204,-0.111031,249.0,195.839996,0.286682,-0.152289,0.077819,0.028404,0.047855,-4.7e-05,0.009856,Yahoo EOD via GitHub Actions/yfinance,2026-10-01T02:16:40+00:00
TER,TER,2026-09-30,400.910004,400.910004,1523800,3027041,371.569002,372.498,332.677199,0.878912,-0.339844,483.839996,132.080002,0.764243,-0.1714,2.035357,0.146014,-0.061848,0.085095,0.352324,Yahoo EOD via GitHub Actions/yfinance,2026-10-01T02:16:40+00:00
TFC,TFC,2026-09-30,46.299999,46.299999,7327900,7162495,49.0125,50.592,49.83405,0.249246,-0.130516,55.810001,41.09,0.35394,-0.1704,0.126795,-0.066156,-0.090195,-0.012161,0.007179,Yahoo EOD via GitHub Actions/yfinance,2026-10-01T02:16:40+00:00
TGT,TGT,2026-09-30,156.690002,156.690002,4457600,3986563,158.376999,154.874398,128.22095,0.313147,-0.106941,169.889999,83.68,0.846886,-0.077697,0.87249,-0.026044,0.202625,0.266591,0.292822,Yahoo EOD via GitHub Actions/yfinance,2026-10-01T02:16:40+00:00
TJX,TJX,2026-09-30,132.309998,132.309998,7763500,7077049,129.0835,141.852601,152.7924,0.246887,-0.27059,168.410004,122.839996,0.207812,-0.214358,0.077092,-0.011948,-0.125801,-0.133813,-0.171509,Yahoo EOD via GitHub Actions/yfinance,2026-10-01T02:16:40+00:00
TKO,TKO,2026-09-30,179.720001,179.720001,1096300,1121993,188.104499,188.347799,196.9317,0.324869,-0.177413,224.960007,176.490005,0.066639,-0.201102,0.018301,-0.015826,-0.112187,-0.13791,-0.108753,Yahoo EOD via GitHub Actions/yfinance,2026-10-01T02:16:40+00:00
TMO,TMO,2026-09-30,675.049988,675.049988,2323500,2048974,642.245001,613.278203,541.8123,0.300133,-0.065537,679.609985,438.339996,0.9811,-0.00671,0.540015,0.093907,0.315041,0.366387,0.373365,Yahoo EOD via GitHub Actions/yfinance,2026-10-01T02:16:40+00:00
TMUS,TMUS,2026-09-30,163.080002,163.080002,3926100,4788368,173.3125,177.0948,191.5697,0.379934,-0.169853,239.380005,162.410004,0.008705,-0.31874,0.004125,-0.096209,-0.057668,-0.1267,-0.223539,Yahoo EOD via GitHub Actions/yfinance,2026-10-01T02:16:40+00:00
TPL,TPL,2026-09-30,325.829987,325.829987,335600,363106,355.126001,368.86,396.4211,0.466555,-0.255484,539.789978,273.563324,0.196324,-0.396376,0.191059,-0.129588,-0.214905,-0.115145,-0.313406,Yahoo EOD via GitHub Actions/yfinance,2026-10-01T02:16:40+00:00
TPR,TPR,2026-09-30,115.040001,115.040001,3891000,2987117,116.1155,131.4498,138.6726,0.418834,-0.329348,164.779999,98.809998,0.246021,-0.301857,0.164255,-0.067672,-0.201056,-0.171241,-0.184749,Yahoo EOD via GitHub Actions/yfinance,2026-10-01T02:16:40+00:00
TRGP,TRGP,2026-09-30,270.309998,270.309998,1221400,1188284,285.828998,281.4446,247.22945,0.304106,-0.105674,302.25,146.300003,0.795191,-0.105674,0.847642,-0.079482,0.048485,0.043346,0.078092,Yahoo EOD via GitHub Actions/yfinance,2026-10-01T02:16:40+00:00
TRMB,TRMB,2026-09-30,57.110001,57.110001,2249800,2967892,58.149,57.9518,62.8972,0.323443,-0.15362,83.519997,48.869999,0.237807,-0.316212,0.168611,-0.047214,0.086154,-0.017885,-0.124483,Yahoo EOD via GitHub Actions/yfinance,2026-10-01T02:16:40+00:00
TROW,TROW,2026-09-30,104.050003,104.050003,1894200,1690511,105.7995,110.505,103.86975,0.243923,-0.158448,121.68,86.190002,0.50324,-0.144888,0.207217,-0.064971,-0.103867,0.001251,0.154316,Yahoo EOD via GitHub Actions/yfinance,2026-10-01T02:16:40+00:00
TRV,TRV,2026-09-30,356.51001,356.51001,1174600,1710661,368.801503,372.1464,319.40675,0.261112,-0.102487,397.220001,261.570007,0.699889,-0.102487,0.362962,-0.025743,0.065418,0.233898,0.222264,Yahoo EOD via GitHub Actions/yfinance,2026-10-01T02:16:40+00:00
TSCO,TSCO,2026-09-30,31.290001,31.290001,8101700,10073417,33.049,33.4552,40.11995,0.308889,-0.141092,56.869999,29.139999,0.077533,-0.449798,0.073782,-0.103438,-0.030068,-0.015418,-0.309271,Yahoo EOD via GitHub Actions/yfinance,2026-10-01T02:16:40+00:00
TSLA,TSLA,2026-09-30,354.809998,354.809998,39158100,38564507,365.299997,346.963798,394.229999,0.530899,-0.298566,489.880005,298.320007,0.294895,-0.275721,0.18936,-0.035711,-0.165742,-0.146845,-0.045568,Yahoo EOD via GitHub Actions/yfinance,2026-10-01T02:16:40+00:00
TSN,TSN,2026-09-30,50.529999,50.529999,2811100,3248374,52.0515,55.5096,60.0929,0.273006,-0.174077,68.75,50.529999,0.0,-0.265018,0.0,-0.083605,-0.135205,-0.15685,-0.211331,Yahoo EOD via GitHub Actions/yfinance,2026-10-01T02:16:40+00:00
TT,TT,2026-09-30,451.980011,451.980011,1762000,1115498,439.416499,455.030998,447.02,0.288626,-0.162436,503.459991,376.429993,0.594742,-0.102252,0.200701,0.017057,-0.067275,0.007827,0.084561,Yahoo EOD via GitHub Actions/yfinance,2026-10-01T02:16:40+00:00
TTWO,TTWO,2026-09-30,207.5,207.5,2448000,2330565,210.167001,227.356399,224.96755,0.347092,-0.220464,262.290009,189.690002,0.245317,-0.208891,0.09389,-0.05553,-0.171061,-0.085823,0.050633,Yahoo EOD via GitHub Actions/yfinance,2026-10-01T02:16:40+00:00
TXN,TXN,2026-09-30,280.089996,280.089996,3959000,6631825,266.555504,270.621,247.7183,0.439424,-0.237571,332.279999,153.330002,0.708354,-0.157066,0.826714,0.073512,-0.061392,-0.044714,0.442722,Yahoo EOD via GitHub Actions/yfinance,2026-10-01T02:16:40+00:00
TXT,TXT,2026-09-30,76.199997,76.199997,1906400,1686060,78.8915,83.7654,89.7101,0.266208,-0.209196,100.769997,76.019997,0.007273,-0.243823,0.002368,-0.054121,-0.171108,-0.149459,-0.12974,Yahoo EOD via GitHub Actions/yfinance,2026-10-01T02:16:40+00:00
TYL,TYL,2026-09-30,318.600006,318.600006,693900,838338,341.317502,334.521002,346.7251,0.43276,-0.166135,523.159973,275.269989,0.174795,-0.391008,0.157409,-0.144055,0.056121,-0.034048,-0.069455,Yahoo EOD via GitHub Actions/yfinance,2026-10-01T02:16:40+00:00
UAL,UAL,2026-09-30,110.949997,110.949997,4074900,3798476,109.96,116.022399,109.074,0.437471,-0.231284,136.110001,85.209999,0.505697,-0.184851,0.302077,0.02741,-0.178939,-0.007248,0.205061,Yahoo EOD via GitHub Actions/yfinance,2026-10-01T02:16:40+00:00
UBER,UBER,2026-09-30,68.510002,68.510002,15593100,17933784,71.4015,73.0984,74.88825,0.38186,-0.151711,100.099998,65.940002,0.075234,-0.315584,0.038975,-0.094382,-0.057115,-0.071303,-0.047546,Yahoo EOD via GitHub Actions/yfinance,2026-10-01T02:16:40+00:00
UDR,UDR,2026-09-30,33.549999,33.549999,4083900,3395019,34.72,36.753,37.0178,0.201539,-0.186469,41.240002,33.549999,0.0,-0.186469,0.0,-0.092016,-0.174052,-0.083333,-0.006809,Yahoo EOD via GitHub Actions/yfinance,2026-10-01T02:16:40+00:00
UHS,UHS,2026-09-30,174.259995,174.259995,596000,824184,175.453001,171.6012,181.28705,0.302411,-0.105606,244.179993,141.169998,0.321231,-0.286346,0.234398,0.023073,0.157259,0.204368,-0.026317,Yahoo EOD via GitHub Actions/yfinance,2026-10-01T02:16:40+00:00
ULTA,ULTA,2026-09-30,546.169983,546.169983,325600,593588,547.3685,532.156795,556.226699,0.342306,-0.127081,706.820007,450.75,0.372632,-0.227286,0.211692,0.016887,0.200954,0.09066,0.044881,Yahoo EOD via GitHub Actions/yfinance,2026-10-01T02:16:40+00:00
UNH,UNH,2026-09-30,367.079987,367.079987,4788300,4927125,381.955499,396.095999,356.081549,0.238159,-0.158749,436.350006,259.019989,0.609372,-0.158749,0.417188,-0.057343,-0.139401,-0.033644,0.356591,Yahoo EOD via GitHub Actions/yfinance,2026-10-01T02:16:40+00:00
UNP,UNP,2026-09-30,272.130005,272.130005,3246000,2671380,280.576001,291.482,264.415751,0.22327,-0.131962,310.619995,216.369995,0.591618,-0.123913,0.257707,-0.094921,-0.020163,0.032751,0.121631,Yahoo EOD via GitHub Actions/yfinance,2026-10-01T02:16:40+00:00
UPS,UPS,2026-09-30,93.440002,93.440002,3857700,4834565,98.2815,102.8036,105.0659,0.307104,-0.21806,120.0,82.870003,0.284675,-0.221333,0.127549,-0.103521,-0.146978,-0.14291,-0.050213,Yahoo EOD via GitHub Actions/yfinance,2026-10-01T02:16:40+00:00
URI,URI,2026-09-30,1000.780029,1000.780029,679000,465504,1012.211508,1066.069008,945.369403,0.371074,-0.158823,1164.819946,710.469971,0.638957,-0.140829,0.408617,-0.035857,-0.099824,0.002966,0.373641,Yahoo EOD via GitHub Actions/yfinance,2026-10-01T02:16:40+00:00
USB,USB,2026-09-30,57.759998,57.759998,9886700,7400314,60.7615,62.3894,57.6272,0.225265,-0.11709,65.419998,45.279999,0.619662,-0.11709,0.275618,-0.062033,-0.067786,0.078618,0.110556,Yahoo EOD via GitHub Actions/yfinance,2026-10-01T02:16:40+00:00
V,V,2026-09-30,359.329987,359.329987,7414100,6899395,369.389001,368.357403,337.33915,0.204865,-0.064586,384.140015,295.519989,0.72004,-0.064586,0.215924,-0.052824,0.023499,0.11327,0.18889,Yahoo EOD via GitHub Actions/yfinance,2026-10-01T02:16:40+00:00
VEEV,VEEV,2026-09-30,285.450012,285.450012,1748100,1746807,270.141499,246.9116,200.6662,0.473208,-0.162786,306.220001,151.429993,0.865818,-0.067827,0.88503,-0.00084,0.549506,0.513039,0.625014,Yahoo EOD via GitHub Actions/yfinance,2026-10-01T02:16:40+00:00
VICI,VICI,2026-09-30,22.969999,22.969999,9781500,9834479,24.3375,25.5374,27.48835,0.218423,-0.1946,32.91,22.969999,0.0,-0.302036,0.0,-0.104483,-0.125619,-0.172848,-0.159224,Yahoo EOD via GitHub Actions/yfinance,2026-10-01T02:16:40+00:00
VLO,VLO,2026-09-30,387.609985,387.609985,2536700,3032539,387.271001,351.112802,257.898402,0.34578,-0.096194,413.279999,156.389999,0.900074,-0.062113,1.478483,0.079934,0.438576,0.534967,0.568763,Yahoo EOD via GitHub Actions/yfinance,2026-10-01T02:16:40+00:00
VLTO,VLTO,2026-09-30,94.32,94.32,2228500,1659396,95.691499,96.425,93.03555,0.245232,-0.066434,107.139999,82.230003,0.485347,-0.119657,0.147027,-0.043117,0.044056,0.12823,0.066727,Yahoo EOD via GitHub Actions/yfinance,2026-10-01T02:16:40+00:00
VMC,VMC,2026-09-30,244.630005,244.630005,1511000,1065846,249.319499,266.4902,284.5951,0.304716,-0.230501,330.369995,240.830002,0.042439,-0.259527,0.015779,-0.092551,-0.17083,-0.131162,-0.101616,Yahoo EOD via GitHub Actions/yfinance,2026-10-01T02:16:40+00:00
VMRK,VMRK,2026-09-30,60.759998,60.759998,4779300,4766565,63.358,65.2282,64.0698,0.219504,-0.133856,70.150002,57.98,0.22843,-0.133856,0.047948,-0.06724,-0.114673,-0.076736,0.027219,Yahoo EOD via GitHub Actions/yfinance,2026-10-01T02:16:40+00:00
VRSK,VRSK,2026-09-30,167.850006,167.850006,1508100,1460153,176.301002,185.187801,190.544101,0.366962,-0.221487,251.509995,156.839996,0.116299,-0.332631,0.070199,-0.133812,-0.086381,-0.087623,-0.115415,Yahoo EOD via GitHub Actions/yfinance,2026-10-01T02:16:40+00:00
VRSN,VRSN,2026-09-30,282.01001,282.01001,759400,755549,292.4755,288.262799,265.42585,0.309622,-0.168757,310.0,211.490005,0.715866,-0.09029,0.333444,-0.02175,0.102032,-0.049159,0.135489,Yahoo EOD via GitHub Actions/yfinance,2026-10-01T02:16:40+00:00
VRT,VRT,2026-09-30,241.309998,241.309998,4163300,5313723,252.6315,262.9052,263.7346,0.710265,-0.376914,376.230011,149.830002,0.404064,-0.35861,0.610559,-0.067293,-0.22513,-0.253811,-0.036994,Yahoo EOD via GitHub Actions/yfinance,2026-10-01T02:16:40+00:00
VRTX,VRTX,2026-09-30,522.809998,522.809998,1146000,1229442,524.038004,516.887801,473.09955,0.283061,-0.111162,557.960022,391.640015,0.78866,-0.062997,0.334925,-0.03987,0.049798,0.192541,0.170802,Yahoo EOD via GitHub Actions/yfinance,2026-10-01T02:16:40+00:00
VST,VST,2026-09-30,138.350006,138.350006,8040700,4466214,142.743502,144.431601,155.2061,0.410414,-0.197183,210.850006,134.710007,0.047807,-0.343846,0.027021,0.007134,-0.096696,-0.106035,-0.079691,Yahoo EOD via GitHub Actions/yfinance,2026-10-01T02:16:40+00:00
VTR,VTR,2026-09-30,85.019997,85.019997,2903000,3404798,88.365499,91.252399,85.8576,0.264722,-0.154282,100.529999,67.449997,0.531137,-0.154282,0.260489,-0.067456,-0.051645,0.040509,0.039618,Yahoo EOD via GitHub Actions/yfinance,2026-10-01T02:16:40+00:00
VTRS,VTRS,2026-09-30,17.719999,17.719999,11806700,9351939,17.104,16.929,15.25915,0.280889,-0.101904,18.27,9.74,0.935522,-0.030104,0.819302,0.073289,0.095179,0.12081,0.311621,Yahoo EOD via GitHub Actions/yfinance,2026-10-01T02:16:40+00:00
VZ,VZ,2026-09-30,45.869999,45.869999,19960700,23370200,48.709,48.242,46.36335,0.270087,-0.127208,51.450001,38.400002,0.572414,-0.108455,0.194531,-0.082967,0.092403,-0.038969,-0.086255,Yahoo EOD via GitHub Actions/yfinance,2026-10-01T02:16:40+00:00
WAB,WAB,2026-09-30,287.179993,287.179993,883200,893368,283.9095,290.838,260.76255,0.295233,-0.09621,305.790009,191.029999,0.837835,-0.060859,0.503324,0.004372,0.087803,0.121753,0.149134,Yahoo EOD via GitHub Actions/yfinance,2026-10-01T02:16:40+00:00
WAT,WAT,2026-09-30,439.390015,439.390015,665900,764288,420.479504,408.233402,363.145301,0.263643,-0.064065,443.26001,283.320007,0.975803,-0.008731,0.550861,0.059716,0.162008,0.161916,0.475453,Yahoo EOD via GitHub Actions/yfinance,2026-10-01T02:16:40+00:00
WBD,WBD,2026-09-30,30.950001,30.950001,95611100,29567028,29.2155,28.0222,27.66715,0.261342,-0.080058,30.950001,17.1,1.0,0.0,0.809942,0.084823,0.15442,0.13578,0.127094,Yahoo EOD via GitHub Actions/yfinance,2026-10-01T02:16:40+00:00
WDAY,WDAY,2026-09-30,190.460007,190.460007,2109900,4091293,191.684499,183.634999,157.5782,0.631074,-0.240731,245.669998,112.5,0.585417,-0.224732,0.692978,-0.035401,0.46204,0.211347,0.465979,Yahoo EOD via GitHub Actions/yfinance,2026-10-01T02:16:40+00:00
WDC,WDC,2026-09-30,454.459991,454.459991,6946300,7261712,450.073499,470.900398,397.376599,0.913584,-0.447945,746.22998,113.129997,0.539141,-0.390992,3.017148,0.008678,-0.240503,-0.16796,0.680136,Yahoo EOD via GitHub Actions/yfinance,2026-10-01T02:16:40+00:00
WEC,WEC,2026-09-30,100.779999,100.779999,3366100,2379857,103.843,107.1228,111.30335,0.173895,-0.15204,118.849998,100.779999,0.0,-0.15204,0.0,-0.050768,-0.132852,-0.072007,-0.129481,Yahoo EOD via GitHub Actions/yfinance,2026-10-01T02:16:40+00:00
WELL,WELL,2026-09-30,230.240005,230.240005,2995800,2840682,233.852998,236.4108,213.69545,0.235814,-0.103384,252.070007,165.940002,0.746546,-0.086603,0.387489,-0.025398,0.000217,0.166599,0.164534,Yahoo EOD via GitHub Actions/yfinance,2026-10-01T02:16:40+00:00
WFC,WFC,2026-09-30,80.050003,80.050003,17820200,14081847,86.118501,86.411,84.873,0.247888,-0.113412,96.389999,73.419998,0.288638,-0.16952,0.090302,-0.073388,-0.068536,0.03732,0.005527,Yahoo EOD via GitHub Actions/yfinance,2026-10-01T02:16:40+00:00
WM,WM,2026-09-30,203.919998,203.919998,2337900,2016909,212.540501,221.176201,224.97695,0.21623,-0.158225,246.509995,196.770004,0.143747,-0.172772,0.036337,-0.068518,-0.089968,-0.040422,-0.112581,Yahoo EOD via GitHub Actions/yfinance,2026-10-01T02:16:40+00:00
WMB,WMB,2026-09-30,67.970001,67.970001,9586200,7001185,71.875501,72.308801,71.06285,0.249796,-0.127695,79.400002,56.509998,0.500655,-0.143955,0.202796,-0.094337,-0.065961,-0.029555,-0.06609,Yahoo EOD via GitHub Actions/yfinance,2026-10-01T02:16:40+00:00
WMT,WMT,2026-09-30,103.919998,103.919998,28099300,23923569,107.385501,109.036,118.44595,0.273321,-0.152099,134.199997,100.610001,0.098541,-0.225633,0.032899,-0.009059,-0.045029,-0.093194,-0.163824,Yahoo EOD via GitHub Actions/yfinance,2026-10-01T02:16:40+00:00
WRB,WRB,2026-09-30,67.540001,67.540001,2323100,2449803,69.037,70.2512,68.89665,0.209692,-0.122752,78.459999,63.540001,0.268097,-0.139179,0.062952,-0.000296,-0.044155,0.049573,0.01901,Yahoo EOD via GitHub Actions/yfinance,2026-10-01T02:16:40+00:00
WSM,WSM,2026-09-30,227.940002,227.940002,1203300,1044934,226.3305,233.1632,208.3877,0.310763,-0.13337,251.779999,168.639999,0.713255,-0.094686,0.351637,-0.001358,-0.00092,0.127634,0.250151,Yahoo EOD via GitHub Actions/yfinance,2026-10-01T02:16:40+00:00
WST,WST,2026-09-30,370.76001,370.76001,471200,640853,358.872003,351.508602,301.367151,0.246337,-0.102641,376.630005,230.949997,0.959706,-0.015586,0.605369,0.086922,0.015781,0.172178,0.479253,Yahoo EOD via GitHub Actions/yfinance,2026-10-01T02:16:40+00:00
WTW,WTW,2026-09-30,288.230011,288.230011,660300,546652,311.412,323.3992,299.1762,0.295996,-0.178247,350.75,242.119995,0.424469,-0.178247,0.190443,-0.148634,0.047957,0.121343,-0.008497,Yahoo EOD via GitHub Actions/yfinance,2026-10-01T02:16:40+00:00
WY,WY,2026-09-30,19.049999,19.049999,11008600,5658417,21.499,23.2722,24.2036,0.298318,-0.262771,27.1,19.049999,0.0,-0.297048,0.0,-0.184852,-0.191426,-0.196542,-0.220221,Yahoo EOD via GitHub Actions/yfinance,2026-10-01T02:16:40+00:00
WYNN,WYNN,2026-09-30,79.43,79.43,3318700,1767011,85.165,93.5108,103.6,0.255008,-0.273967,133.339996,78.230003,0.021775,-0.404305,0.015339,-0.12982,-0.173551,-0.254388,-0.217824,Yahoo EOD via GitHub Actions/yfinance,2026-10-01T02:16:40+00:00
XEL,XEL,2026-09-30,70.480003,70.480003,5387700,5257215,73.0665,76.1866,78.1142,0.186709,-0.156147,83.910004,69.389999,0.075069,-0.160052,0.015708,-0.068833,-0.115684,-0.077608,-0.11279,Yahoo EOD via GitHub Actions/yfinance,2026-10-01T02:16:40+00:00
XOM,XOM,2026-09-30,162.75,162.75,13088200,14298715,162.703001,160.209401,148.6396,0.256126,-0.107979,171.470001,110.639999,0.85665,-0.050854,0.470987,0.011184,0.194232,0.089503,-0.040729,Yahoo EOD via GitHub Actions/yfinance,2026-10-01T02:16:40+00:00
XYL,XYL,2026-09-30,101.269997,101.269997,2681300,2139342,105.991499,112.8074,121.36275,0.269596,-0.194653,152.949997,100.910004,0.006918,-0.337888,0.003567,-0.080283,-0.136437,-0.065171,-0.152552,Yahoo EOD via GitHub Actions/yfinance,2026-10-01T02:16:40+00:00
XYZ,XYZ,2026-09-30,73.529999,73.529999,5125400,4518134,77.886,79.774799,70.03715,0.408018,-0.136005,84.849998,49.09,0.683445,-0.133412,0.497861,-0.103511,-0.046674,-0.033771,0.221834,Yahoo EOD via GitHub Actions/yfinance,2026-10-01T02:16:40+00:00
YUM,YUM,2026-09-30,136.339996,136.339996,1911800,2516450,142.037001,147.1076,154.13525,0.287243,-0.189504,168.160004,135.75,0.018204,-0.189225,0.004346,-0.110691,-0.15626,-0.075724,-0.123103,Yahoo EOD via GitHub Actions/yfinance,2026-10-01T02:16:40+00:00
ZBH,ZBH,2026-09-30,88.830002,88.830002,2569400,2161138,94.2145,96.122201,91.3764,0.314604,-0.123792,103.980003,79.580002,0.379098,-0.145701,0.116235,-0.112055,0.055364,0.071015,-0.017585,Yahoo EOD via GitHub Actions/yfinance,2026-10-01T02:16:40+00:00
ZBRA,ZBRA,2026-09-30,373.309998,373.309998,334100,681049,356.650998,346.243799,266.09025,0.584484,-0.147972,383.059998,199.300003,0.946942,-0.025453,0.873106,0.05589,0.393728,0.493479,0.785489,Yahoo EOD via GitHub Actions/yfinance,2026-10-01T02:16:40+00:00
ZTS,ZTS,2026-09-30,69.830002,69.830002,4444300,5522688,72.7085,74.5964,98.854,0.308603,-0.150487,147.529999,69.830002,0.0,-0.526673,0.0,-0.094293,-0.036163,-0.099665,-0.409272,Yahoo EOD via GitHub Actions/yfinance,2026-10-01T02:16:40+00:00
