model,symbol,asOf,issuedAt,horizon,anchor,bear,base,bull,direction,dailyDrift,volatility
trend-decay-v2-medium-long,A,2026-10-01,2026-10-02T02:23:53+00:00,126,166.679993,146.05134356137003,180.83590827519862,223.90499754611966,up,0.0014963919524911445,0.302121
trend-decay-v2-medium-long,A,2026-10-01,2026-10-02T02:23:53+00:00,252,166.679993,135.1656134622424,182.84189048373872,247.3347773840887,up,0.0014963919524911445,0.302121
trend-decay-v2-medium-long,AAPL,2026-10-01,2026-10-02T02:23:53+00:00,126,330.320007,273.4190664216387,337.3681495498267,416.27407269088167,up,0.0003875777586299291,0.297224
trend-decay-v2-medium-long,AAPL,2026-10-01,2026-10-02T02:23:53+00:00,252,330.320007,251.3403712589077,338.33349522465625,455.4364005176729,up,0.0003875777586299291,0.297224
trend-decay-v2-medium-long,ABBV,2026-10-01,2026-10-02T02:23:53+00:00,126,259.929993,216.33807417874576,261.2965884481139,315.5982015362268,neutral,9.626227423480902e-05,0.267023
trend-decay-v2-medium-long,ABBV,2026-10-01,2026-10-02T02:23:53+00:00,252,259.929993,200.20518881964244,261.48208818258547,341.5140378899972,neutral,9.626227423480902e-05,0.267023
trend-decay-v2-medium-long,ABNB,2026-10-01,2026-10-02T02:23:53+00:00,126,160.470001,111.40848283056566,153.52862073639048,211.57309377479075,down,-0.00081176545155233,0.453515
trend-decay-v2-medium-long,ABNB,2026-10-01,2026-10-02T02:23:53+00:00,252,160.470001,96.96862534941961,152.61256824545464,240.1869254364236,down,-0.00081176545155233,0.453515
trend-decay-v2-medium-long,ABT,2026-10-01,2026-10-02T02:23:53+00:00,126,96.690002,73.66191621678684,91.55044643746258,113.7831415928961,down,-0.0010026798254462893,0.307456
trend-decay-v2-medium-long,ABT,2026-10-01,2026-10-02T02:23:53+00:00,252,96.690002,66.82265392322677,90.87620117409249,123.58808659893073,down,-0.0010026798254462893,0.307456
trend-decay-v2-medium-long,ACGL,2026-10-01,2026-10-02T02:23:53+00:00,126,94.260002,78.32118522986997,91.63761198954046,107.21814163689352,down,-0.0005179573319291926,0.222065
trend-decay-v2-medium-long,ACGL,2026-10-01,2026-10-02T02:23:53+00:00,252,94.260002,73.10949830789993,91.28836058785683,113.98744310516054,down,-0.0005179573319291926,0.222065
trend-decay-v2-medium-long,ACN,2026-10-01,2026-10-02T02:23:53+00:00,126,212.300003,151.36668750929556,233.86753272040622,361.33460909205326,up,0.001776162773581213,0.615253
trend-decay-v2-medium-long,ACN,2026-10-01,2026-10-02T02:23:53+00:00,252,212.300003,128.0724538590232,236.95000026921292,438.3870296526247,up,0.001776162773581213,0.615253
trend-decay-v2-medium-long,ADBE,2026-10-01,2026-10-02T02:23:53+00:00,126,241.279999,160.44262094584187,225.2320619308933,316.1845737908116,down,-0.0012634831081940515,0.479694
trend-decay-v2-medium-long,ADBE,2026-10-01,2026-10-02T02:23:53+00:00,252,241.279999,138.11995674899518,223.14383407260078,360.5067063198499,down,-0.0012634831081940515,0.479694
trend-decay-v2-medium-long,ADI,2026-10-01,2026-10-02T02:23:53+00:00,126,404.600006,327.3355758889645,435.4157559897079,579.1820215362067,up,0.0013474788248043097,0.403497
trend-decay-v2-medium-long,ADI,2026-10-01,2026-10-02T02:23:53+00:00,252,404.600006,293.75270372468816,439.76270278767083,658.3470800812377,up,0.0013474788248043097,0.403497
trend-decay-v2-medium-long,ADM,2026-10-01,2026-10-02T02:23:53+00:00,126,79.519997,64.11723408123284,77.80369465942533,94.41166621423129,down,-0.0004005517232960703,0.273616
trend-decay-v2-medium-long,ADM,2026-10-01,2026-10-02T02:23:53+00:00,252,79.519997,59.004868460416056,77.57428215881025,101.98767338142241,down,-0.0004005517232960703,0.273616
trend-decay-v2-medium-long,ADP,2026-10-01,2026-10-02T02:23:53+00:00,126,263.959991,212.75156355187835,259.6629053893479,316.9181147700296,neutral,-0.0003013053448747659,0.281795
trend-decay-v2-medium-long,ADP,2026-10-01,2026-10-02T02:23:53+00:00,252,263.959991,195.46238903901954,259.08675771594744,343.4213014267512,neutral,-0.0003013053448747659,0.281795
trend-decay-v2-medium-long,ADSK,2026-10-01,2026-10-02T02:23:53+00:00,126,211.309998,142.61899934400628,196.2311532349536,269.99674431202027,down,-0.001359053667551335,0.451299
trend-decay-v2-medium-long,ADSK,2026-10-01,2026-10-02T02:23:53+00:00,252,211.309998,123.71432178098205,194.2748775959016,305.07969911293276,down,-0.001359053667551335,0.451299
trend-decay-v2-medium-long,AEE,2026-10-01,2026-10-02T02:23:53+00:00,126,99.639999,83.79373600222482,95.28267909148205,108.34686896654541,down,-0.0008208638700230013,0.181712
trend-decay-v2-medium-long,AEE,2026-10-01,2026-10-02T02:23:53+00:00,252,99.639999,78.97129557260858,94.70780730138158,113.58011412626168,down,-0.0008208638700230013,0.181712
trend-decay-v2-medium-long,AEP,2026-10-01,2026-10-02T02:23:53+00:00,126,119.75,102.52543950764061,116.43266278784274,132.22635307851777,down,-0.0005157175086566628,0.179891
trend-decay-v2-medium-long,AEP,2026-10-01,2026-10-02T02:23:53+00:00,252,119.75,96.8942436496749,115.99082719471322,138.85109668595842,down,-0.0005157175086566628,0.179891
trend-decay-v2-medium-long,AES,2026-10-01,2026-10-02T02:23:53+00:00,126,14.92,14.650543531530456,15.042497905885266,15.444938459899229,neutral,0.0001501048676983889,0.037338
trend-decay-v2-medium-long,AES,2026-10-01,2026-10-02T02:23:53+00:00,252,14.92,14.507242357287412,15.059153279461256,15.632061001613542,neutral,0.0001501048676983889,0.037338
trend-decay-v2-medium-long,AFL,2026-10-01,2026-10-02T02:23:53+00:00,126,111.18,95.13116274074737,108.270693581093,123.22505844354446,down,-0.0004867653557131071,0.182968
trend-decay-v2-medium-long,AFL,2026-10-01,2026-10-02T02:23:53+00:00,252,111.18,89.84428125196227,107.8828551044228,129.5431413474376,down,-0.0004867653557131071,0.182968
trend-decay-v2-medium-long,AIG,2026-10-01,2026-10-02T02:23:53+00:00,126,75.43,64.36405618497959,74.87406772988588,87.10025984546046,neutral,-0.00013579845815144705,0.213903
trend-decay-v2-medium-long,AIG,2026-10-01,2026-10-02T02:23:53+00:00,252,75.43,60.3948276801803,74.79914592795903,92.63893029349904,neutral,-0.00013579845815144705,0.213903
trend-decay-v2-medium-long,AIZ,2026-10-01,2026-10-02T02:23:53+00:00,126,266.23999,223.70346078267693,260.3785302536726,303.06629490603194,down,-0.0004086667482157787,0.214699
trend-decay-v2-medium-long,AIZ,2026-10-01,2026-10-02T02:23:53+00:00,252,266.23999,209.43735422538307,259.59524537560407,321.76538741555913,down,-0.0004086667482157787,0.214699
trend-decay-v2-medium-long,AJG,2026-10-01,2026-10-02T02:23:53+00:00,126,231.820007,171.44420303178546,218.0578598101115,277.34522010143843,down,-0.0011234889511264302,0.340122
trend-decay-v2-medium-long,AJG,2026-10-01,2026-10-02T02:23:53+00:00,252,231.820007,153.90812170503276,216.25922677398484,303.86994946578244,down,-0.0011234889511264302,0.340122
trend-decay-v2-medium-long,AKAM,2026-10-01,2026-10-02T02:23:53+00:00,126,106.93,72.19193630017864,106.33838219779015,156.63593619964053,neutral,-0.00010184919056197235,0.547722
trend-decay-v2-medium-long,AKAM,2026-10-01,2026-10-02T02:23:53+00:00,252,106.93,61.44567419699872,106.2585673081056,183.75391390729837,neutral,-0.00010184919056197235,0.547722
trend-decay-v2-medium-long,ALB,2026-10-01,2026-10-02T02:23:53+00:00,126,105.029999,66.13946323395244,92.25406127373248,128.67978367760008,down,-0.0023809523809523807,0.470623
trend-decay-v2-medium-long,ALB,2026-10-01,2026-10-02T02:23:53+00:00,252,105.029999,56.62045750634801,90.64885987909878,145.12803603643098,down,-0.0023809523809523807,0.470623
trend-decay-v2-medium-long,ALGN,2026-10-01,2026-10-02T02:23:53+00:00,126,145.350006,103.20047104606218,137.44106492471343,183.04224909213806,down,-0.001027087931160598,0.405203
trend-decay-v2-medium-long,ALGN,2026-10-01,2026-10-02T02:23:53+00:00,252,145.350006,90.96003827537251,136.404300054084,204.5528280992621,down,-0.001027087931160598,0.405203
trend-decay-v2-medium-long,ALL,2026-10-01,2026-10-02T02:23:53+00:00,126,224.410004,168.81678688646198,209.20859956065436,259.264726792642,down,-0.0012876431638345453,0.303374
trend-decay-v2-medium-long,ALL,2026-10-01,2026-10-02T02:23:53+00:00,252,224.410004,153.00414719770419,207.2320182938844,280.67938152464166,down,-0.0012876431638345453,0.303374
trend-decay-v2-medium-long,ALLE,2026-10-01,2026-10-02T02:23:53+00:00,126,154.279999,126.89405261724457,157.0495663749855,194.37133411577338,neutral,0.0003266214741445111,0.301523
trend-decay-v2-medium-long,ALLE,2026-10-01,2026-10-02T02:23:53+00:00,252,154.279999,116.44818335896893,157.4281865745148,212.82971716047282,up,0.0003266214741445111,0.301523
trend-decay-v2-medium-long,AMAT,2026-10-01,2026-10-02T02:23:53+00:00,126,529.299988,332.82834720761207,574.718878237059,992.4088250693003,up,0.0015112869128252207,0.77252
trend-decay-v2-medium-long,AMAT,2026-10-01,2026-10-02T02:23:53+00:00,252,529.299988,268.40648862849895,581.1579507289181,1258.3323354857769,up,0.0015112869128252207,0.77252
trend-decay-v2-medium-long,AMCR,2026-10-01,2026-10-02T02:23:53+00:00,126,41.810001,32.609790249687556,39.87300721786834,48.75396905110158,down,-0.0008708024402509323,0.28438
trend-decay-v2-medium-long,AMCR,2026-10-01,2026-10-02T02:23:53+00:00,252,41.810001,29.811666841504618,39.61785187655236,52.64966214929114,down,-0.0008708024402509323,0.28438
trend-decay-v2-medium-long,AMD,2026-10-01,2026-10-02T02:23:53+00:00,126,615.72998,422.0875915469693,701.0002409734948,1164.2164983905134,up,0.0023809523809523807,0.717424
trend-decay-v2-medium-long,AMD,2026-10-01,2026-10-02T02:23:53+00:00,252,615.72998,348.1513076729782,713.4134866111121,1461.8896774522339,up,0.0023809523809523807,0.717424
trend-decay-v2-medium-long,AME,2026-10-01,2026-10-02T02:23:53+00:00,126,249.089996,220.51980236749205,260.02892504505274,306.6166445560588,up,0.0007889765950423482,0.23307
trend-decay-v2-medium-long,AME,2026-10-01,2026-10-02T02:23:53+00:00,252,249.089996,207.16993487774903,261.54579642808295,330.1936821555053,up,0.0007889765950423482,0.23307
trend-decay-v2-medium-long,AMGN,2026-10-01,2026-10-02T02:23:53+00:00,126,407.269989,316.6484078075758,398.7501412483367,502.13950623175816,down,-0.00038810016704305414,0.326037
trend-decay-v2-medium-long,AMGN,2026-10-01,2026-10-02T02:23:53+00:00,252,407.269989,286.98697793605106,397.61088122940413,550.8766077436841,down,-0.00038810016704305414,0.326037
trend-decay-v2-medium-long,AMP,2026-10-01,2026-10-02T02:23:53+00:00,126,494.820007,399.71426737129343,476.8224077695708,568.8053369883271,down,-0.0006801418468129958,0.249459
trend-decay-v2-medium-long,AMP,2026-10-01,2026-10-02T02:23:53+00:00,252,494.820007,369.6922650596593,474.4375245467375,608.8603575779763,down,-0.0006801418468129958,0.249459
trend-decay-v2-medium-long,AMT,2026-10-01,2026-10-02T02:23:53+00:00,126,161.059998,125.08302492872268,153.98912132327757,189.57528009438144,down,-0.0008241564054731313,0.294021
trend-decay-v2-medium-long,AMT,2026-10-01,2026-10-02T02:23:53+00:00,252,161.059998,114.06689588783728,153.05633899292647,205.37284479936054,down,-0.0008241564054731313,0.294021
trend-decay-v2-medium-long,AMZN,2026-10-01,2026-10-02T02:23:53+00:00,126,248.229996,186.20216362952993,246.98295233381938,327.60402754984733,neutral,-9.245540296379816e-05,0.399496
trend-decay-v2-medium-long,AMZN,2026-10-01,2026-10-02T02:23:53+00:00,252,248.229996,165.5282230259653,246.81466532278074,368.0186853020258,neutral,-9.245540296379816e-05,0.399496
trend-decay-v2-medium-long,ANET,2026-10-01,2026-10-02T02:23:53+00:00,126,204.490005,149.9891648476048,219.8325225348501,322.1988602519186,up,0.001328102570165517,0.540658
trend-decay-v2-medium-long,ANET,2026-10-01,2026-10-02T02:23:53+00:00,252,204.490005,129.28239017196918,221.99549368211277,381.1965353487889,up,0.001328102570165517,0.540658
trend-decay-v2-medium-long,AON,2026-10-01,2026-10-02T02:23:53+00:00,126,275.950012,198.15978632584967,248.64688823588315,311.9970816264589,down,-0.0019125857817347282,0.32097
trend-decay-v2-medium-long,AON,2026-10-01,2026-10-02T02:23:53+00:00,252,275.950012,177.8541324373603,245.16555907282023,337.95195271415867,down,-0.0019125857817347282,0.32097
trend-decay-v2-medium-long,AOS,2026-10-01,2026-10-02T02:23:53+00:00,126,56.669998,44.828132611145136,55.119219456983444,67.77280641825722,down,-0.000509353666891947,0.292265
trend-decay-v2-medium-long,AOS,2026-10-01,2026-10-02T02:23:53+00:00,252,56.669998,40.99615941691409,54.91263070599886,73.55315848950777,down,-0.000509353666891947,0.292265
trend-decay-v2-medium-long,APA,2026-10-01,2026-10-02T02:23:53+00:00,126,43.34,32.44408503736596,44.12726199429177,60.01757327630761,neutral,0.0003304663096858402,0.434955
trend-decay-v2-medium-long,APA,2026-10-01,2026-10-02T02:23:53+00:00,252,43.34,28.63297579387982,44.234899254137254,68.33820997543378,up,0.0003304663096858402,0.434955
trend-decay-v2-medium-long,APD,2026-10-01,2026-10-02T02:23:53+00:00,126,273.329987,214.14491947112253,256.22497560334097,306.5738766302403,down,-0.0011863289838041722,0.253714
trend-decay-v2-medium-long,APD,2026-10-01,2026-10-02T02:23:53+00:00,252,273.329987,197.07728675780217,253.9938287259137,327.34804752072597,down,-0.0011863289838041722,0.253714
trend-decay-v2-medium-long,APH,2026-10-01,2026-10-02T02:23:53+00:00,126,85.669998,65.38080652009093,88.69459414514016,120.3217190071486,up,0.0006369339078291232,0.431293
trend-decay-v2-medium-long,APH,2026-10-01,2026-10-02T02:23:53+00:00,252,85.669998,57.89329473472632,89.11205031616404,137.16541005200907,up,0.0006369339078291232,0.431293
trend-decay-v2-medium-long,APO,2026-10-01,2026-10-02T02:23:53+00:00,126,114.339996,83.5236465862566,106.99891382723534,137.0721709137155,down,-0.0012181572352422383,0.350285
trend-decay-v2-medium-long,APO,2026-10-01,2026-10-02T02:23:53+00:00,252,114.339996,74.70545677727847,106.04230716678055,150.524090131445,down,-0.0012181572352422383,0.350285
trend-decay-v2-medium-long,APP,2026-10-01,2026-10-02T02:23:53+00:00,126,281.309998,158.29854511221902,251.1648910927703,398.5115749037528,down,-0.002080769771486892,0.652839
trend-decay-v2-medium-long,APP,2026-10-01,2026-10-02T02:23:53+00:00,252,281.309998,128.7574923595168,247.34144017112456,475.1396357977003,down,-0.002080769771486892,0.652839
trend-decay-v2-medium-long,APTV,2026-10-01,2026-10-02T02:23:53+00:00,126,43.970001,30.043628866438187,41.99470182843857,58.69979919867582,down,-0.0008437832030856533,0.47361
trend-decay-v2-medium-long,APTV,2026-10-01,2026-10-02T02:23:53+00:00,252,43.970001,25.990027146047634,41.734281656293554,67.01610027489768,down,-0.0008437832030856533,0.47361
trend-decay-v2-medium-long,ARE,2026-10-01,2026-10-02T02:23:53+00:00,126,47.029999,32.67609805894057,44.73715373949806,61.25005871574299,down,-0.0009175285672310715,0.44429
trend-decay-v2-medium-long,ARE,2026-10-01,2026-10-02T02:23:53+00:00,252,47.029999,28.495611633262545,44.435562126217306,69.29204422368278,down,-0.0009175285672310715,0.44429
trend-decay-v2-medium-long,ARES,2026-10-01,2026-10-02T02:23:53+00:00,126,116.57,80.67266441153706,107.87661788749546,144.2541258768743,down,-0.0014227701035524635,0.410954
trend-decay-v2-medium-long,ARES,2026-10-01,2026-10-02T02:23:53+00:00,252,116.57,70.77778270452055,106.75101367461137,161.00785423204874,down,-0.0014227701035524635,0.410954
trend-decay-v2-medium-long,ATO,2026-10-01,2026-10-02T02:23:53+00:00,126,156.380005,134.18021324152713,149.0406111473838,165.54679139763792,down,-0.0008824440325336784,0.148542
trend-decay-v2-medium-long,ATO,2026-10-01,2026-10-02T02:23:53+00:00,252,156.380005,127.63456754828461,148.07416154400383,171.7869832454682,down,-0.0008824440325336784,0.148542
trend-decay-v2-medium-long,AVGO,2026-10-01,2026-10-02T02:23:53+00:00,126,343.640015,235.91488427965223,331.9153318243156,466.9810802164278,down,-0.0006372729731369925,0.482825
trend-decay-v2-medium-long,AVGO,2026-10-01,2026-10-02T02:23:53+00:00,252,343.640015,203.8443645898545,330.35960854145816,535.3960663825843,down,-0.0006372729731369925,0.482825
trend-decay-v2-medium-long,AVY,2026-10-01,2026-10-02T02:23:53+00:00,126,171.619995,142.3035482287258,171.34815327141197,206.32085422306116,neutral,-2.9100746783394047e-05,0.262669
trend-decay-v2-medium-long,AVY,2026-10-01,2026-10-02T02:23:53+00:00,252,171.619995,131.73784605641177,171.31139658949888,222.77269197856452,neutral,-2.9100746783394047e-05,0.262669
trend-decay-v2-medium-long,AWK,2026-10-01,2026-10-02T02:23:53+00:00,126,127.860001,104.90932949502725,122.73785482079839,143.59619948505582,down,-0.0007505451403748289,0.221967
trend-decay-v2-medium-long,AWK,2026-10-01,2026-10-02T02:23:53+00:00,252,127.860001,97.76343406211451,122.06059750549791,152.39633924820134,down,-0.0007505451403748289,0.221967
trend-decay-v2-medium-long,AXON,2026-10-01,2026-10-02T02:23:53+00:00,126,422.209991,227.32337925531982,372.73412909166404,611.1590081268337,down,-0.0022880219094463298,0.699317
trend-decay-v2-medium-long,AXON,2026-10-01,2026-10-02T02:23:53+00:00,252,422.209991,182.1226814172485,366.4996380394962,737.5357294204671,down,-0.0022880219094463298,0.699317
trend-decay-v2-medium-long,AXP,2026-10-01,2026-10-02T02:23:53+00:00,126,302.089996,241.64456764602897,288.54935906833964,344.5586773575369,down,-0.0008418496247480786,0.250879
trend-decay-v2-medium-long,AXP,2026-10-01,2026-10-02T02:23:53+00:00,252,302.089996,223.13586465660265,286.7640764664986,368.53616373252316,down,-0.0008418496247480786,0.250879
trend-decay-v2-medium-long,AZO,2026-10-01,2026-10-02T02:23:53+00:00,126,2819.030029,2207.3293182211773,2710.4032979185235,3328.1332226800523,down,-0.0007213626832961745,0.290358
trend-decay-v2-medium-long,AZO,2026-10-01,2026-10-02T02:23:53+00:00,252,2819.030029,2016.6170608504747,2696.027478032628,3604.3353512250746,down,-0.0007213626832961745,0.290358
trend-decay-v2-medium-long,BA,2026-10-01,2026-10-02T02:23:53+00:00,126,192.279999,142.05345282922877,183.32652489528286,236.59132573555786,down,-0.0008753514231120606,0.360717
trend-decay-v2-medium-long,BA,2026-10-01,2026-10-02T02:23:53+00:00,252,192.279999,126.9887567820743,182.1472732003138,261.2643038253061,down,-0.0008753514231120606,0.360717
trend-decay-v2-medium-long,BAC,2026-10-01,2026-10-02T02:23:53+00:00,126,53.73,43.082189611653355,50.07893123697572,58.211975213984424,down,-0.0012918323968324733,0.212826
trend-decay-v2-medium-long,BAC,2026-10-01,2026-10-02T02:23:53+00:00,252,53.73,40.09496198312009,49.60425865814914,61.36886918761677,down,-0.0012918323968324733,0.212826
trend-decay-v2-medium-long,BALL,2026-10-01,2026-10-02T02:23:53+00:00,126,56.5,45.32410484573534,53.19780188168464,62.43931644486196,down,-0.0011055493718445412,0.226526
trend-decay-v2-medium-long,BALL,2026-10-01,2026-10-02T02:23:53+00:00,252,56.5,42.07024431117279,52.76598210912295,66.1809531541241,down,-0.0011055493718445412,0.226526
trend-decay-v2-medium-long,BAX,2026-10-01,2026-10-02T02:23:53+00:00,126,23.639999,17.549637754960113,23.17726033467638,30.6094863108805,neutral,-0.0003628989022544308,0.393347
trend-decay-v2-medium-long,BAX,2026-10-01,2026-10-02T02:23:53+00:00,252,23.639999,15.59810235717153,23.115335300417044,34.255367339927915,down,-0.0003628989022544308,0.393347
trend-decay-v2-medium-long,BBY,2026-10-01,2026-10-02T02:23:53+00:00,126,87.699997,72.18279141630619,91.9270585805746,117.0720047460979,up,0.0008641491730612177,0.341948
trend-decay-v2-medium-long,BBY,2026-10-01,2026-10-02T02:23:53+00:00,252,87.699997,65.72097535248771,92.51456893246875,130.23156486731193,up,0.0008641491730612177,0.341948
trend-decay-v2-medium-long,BDX,2026-10-01,2026-10-02T02:23:53+00:00,126,178.070007,145.05350649839266,176.69449886063848,215.23744362538477,neutral,-0.00014235308625028852,0.279052
trend-decay-v2-medium-long,BDX,2026-10-01,2026-10-02T02:23:53+00:00,252,178.070007,133.52928077203265,176.50916218388772,233.32323932791982,neutral,-0.00014235308625028852,0.279052
trend-decay-v2-medium-long,BE,2026-10-01,2026-10-02T02:23:53+00:00,126,277.579987,141.95202128117666,316.02105484033694,703.5426914040166,up,0.0023809523809523807,1.131823
trend-decay-v2-medium-long,BE,2026-10-01,2026-10-02T02:23:53+00:00,252,277.579987,103.70380295878078,321.61712564188804,997.4328091638394,up,0.0023809523809523807,1.131823
trend-decay-v2-medium-long,BEN,2026-10-01,2026-10-02T02:23:53+00:00,126,32.5,26.948925007611667,32.40274082228302,38.96027810012807,neutral,-5.5018606924005506e-05,0.260639
trend-decay-v2-medium-long,BEN,2026-10-01,2026-10-02T02:23:53+00:00,252,32.5,24.95809958693196,32.38960060380969,42.03389859953959,neutral,-5.5018606924005506e-05,0.260639
trend-decay-v2-medium-long,BF.B,2026-10-01,2026-10-02T02:23:53+00:00,126,25.969999,20.347594412385526,25.761754105380433,32.61653250676713,neutral,-0.0001477955034263416,0.333653
trend-decay-v2-medium-long,BF.B,2026-10-01,2026-10-02T02:23:53+00:00,252,25.969999,18.433108257146447,25.73369980798735,35.925753625998844,neutral,-0.0001477955034263416,0.333653
trend-decay-v2-medium-long,BG,2026-10-01,2026-10-02T02:23:53+00:00,126,106.610001,78.87396257567345,100.09000045106684,127.0128679116769,down,-0.0011584917927540566,0.336892
trend-decay-v2-medium-long,BG,2026-10-01,2026-10-02T02:23:53+00:00,252,106.610001,70.85511150558763,99.23880418179314,138.99265763847745,down,-0.0011584917927540566,0.336892
trend-decay-v2-medium-long,BIIB,2026-10-01,2026-10-02T02:23:53+00:00,126,222.820007,176.6742925146209,227.9195909466233,294.0288550071716,up,0.00041540265902229517,0.360179
trend-decay-v2-medium-long,BIIB,2026-10-01,2026-10-02T02:23:53+00:00,252,222.820007,159.47327328357844,228.61865251000532,327.74450037498946,up,0.00041540265902229517,0.360179
trend-decay-v2-medium-long,BKNG,2026-10-01,2026-10-02T02:23:53+00:00,126,160.279999,108.23535468141037,144.34290345381206,192.4960087099427,down,-0.0019225827529752324,0.407129
trend-decay-v2-medium-long,BKNG,2026-10-01,2026-10-02T02:23:53+00:00,252,160.279999,94.71657449763387,142.31145573576973,213.82266557940054,down,-0.0019225827529752324,0.407129
trend-decay-v2-medium-long,BKR,2026-10-01,2026-10-02T02:23:53+00:00,126,55.619999,41.75348003342643,52.43356008118028,65.84548690518163,down,-0.001083014245026411,0.322107
trend-decay-v2-medium-long,BKR,2026-10-01,2026-10-02T02:23:53+00:00,252,55.619999,37.692291631985945,52.016584870740964,71.78457409893595,down,-0.001083014245026411,0.322107
trend-decay-v2-medium-long,BLK,2026-10-01,2026-10-02T02:23:53+00:00,126,1064.359985,861.5483229787019,1046.2663807977524,1270.5884398949597,neutral,-0.0003147502433231251,0.274714
trend-decay-v2-medium-long,BLK,2026-10-01,2026-10-02T02:23:53+00:00,252,1064.359985,793.099641274441,1043.8414246217699,1373.8562761237758,neutral,-0.0003147502433231251,0.274714
trend-decay-v2-medium-long,BMY,2026-10-01,2026-10-02T02:23:53+00:00,126,61.459999,49.070275271523315,59.42262485718651,71.95900828718345,down,-0.0006188562021185916,0.270711
trend-decay-v2-medium-long,BMY,2026-10-01,2026-10-02T02:23:53+00:00,252,61.459999,45.12343293020726,59.15213525400263,77.54230735324838,down,-0.0006188562021185916,0.270711
trend-decay-v2-medium-long,BNY,2026-10-01,2026-10-02T02:23:53+00:00,126,143.919998,117.4270590567556,137.45575284457902,160.9005977143478,down,-0.0008436246935251689,0.222717
trend-decay-v2-medium-long,BNY,2026-10-01,2026-10-02T02:23:53+00:00,252,143.919998,109.3294352789444,136.60351326157294,170.68157159866476,down,-0.0008436246935251689,0.222717
trend-decay-v2-medium-long,BR,2026-10-01,2026-10-02T02:23:53+00:00,126,161.149994,123.5832421711475,154.7180608553538,193.69679848413625,down,-0.00074771752591119,0.317759
trend-decay-v2-medium-long,BR,2026-10-01,2026-10-02T02:23:53+00:00,252,161.149994,111.98144043042376,153.86754687809557,211.42094521451358,down,-0.00074771752591119,0.317759
trend-decay-v2-medium-long,BRK.B,2026-10-01,2026-10-02T02:23:53+00:00,126,500.5,451.3979403937377,499.6961152230781,553.1620444507013,neutral,-2.950872487199782e-05,0.143756
trend-decay-v2-medium-long,BRK.B,2026-10-01,2026-10-02T02:23:53+00:00,252,500.5,432.6921905017793,499.587420489812,576.8248103166029,neutral,-2.950872487199782e-05,0.143756
trend-decay-v2-medium-long,BRO,2026-10-01,2026-10-02T02:23:53+00:00,126,61.77,44.66650880923147,56.87853474553143,72.42938391750906,down,-0.0015144834423939278,0.341807
trend-decay-v2-medium-long,BRO,2026-10-01,2026-10-02T02:23:53+00:00,252,61.77,39.96267497844973,56.24701049645613,79.16702751991743,down,-0.0015144834423939278,0.341807
trend-decay-v2-medium-long,BSX,2026-10-01,2026-10-02T02:23:53+00:00,126,43.23,31.945135934507256,40.58616291189136,51.56455190197626,down,-0.0011584911600782443,0.338573
trend-decay-v2-medium-long,BSX,2026-10-01,2026-10-02T02:23:53+00:00,252,43.23,28.683255528951516,40.241005838129766,56.455884138741155,down,-0.0011584911600782443,0.338573
trend-decay-v2-medium-long,BX,2026-10-01,2026-10-02T02:23:53+00:00,126,112.239998,77.55448811151413,101.75512205591383,133.50748766113895,down,-0.0018003171505978762,0.384084
trend-decay-v2-medium-long,BX,2026-10-01,2026-10-02T02:23:53+00:00,252,112.239998,68.38905497866553,100.41351370876933,147.4340263728843,down,-0.0018003171505978762,0.384084
trend-decay-v2-medium-long,BXP,2026-10-01,2026-10-02T02:23:53+00:00,126,60.240002,46.83661588082437,56.9361636308186,69.21351314629379,down,-0.0010354671945729112,0.276147
trend-decay-v2-medium-long,BXP,2026-10-01,2026-10-02T02:23:53+00:00,252,60.240002,42.86904457325249,56.50318418136797,74.47354739101355,down,-0.0010354671945729112,0.276147
trend-decay-v2-medium-long,C,2026-10-01,2026-10-02T02:23:53+00:00,126,127.0,102.12057301677841,123.82891628054213,150.15192388995118,down,-0.0004641891170832157,0.272585
trend-decay-v2-medium-long,C,2026-10-01,2026-10-02T02:23:53+00:00,252,127.0,93.96231457027913,123.4058840480496,162.07574587033102,down,-0.0004641891170832157,0.272585
trend-decay-v2-medium-long,CAH,2026-10-01,2026-10-02T02:23:53+00:00,126,230.089996,190.5845872797173,225.79059613203336,267.5000850243708,neutral,-0.00034626717197841554,0.239726
trend-decay-v2-medium-long,CAH,2026-10-01,2026-10-02T02:23:53+00:00,252,230.089996,177.20889600416194,225.21494112592586,286.22586591343025,down,-0.00034626717197841554,0.239726
trend-decay-v2-medium-long,CARR,2026-10-01,2026-10-02T02:23:53+00:00,126,55.220001,41.67991841915553,53.112189127654425,67.68018606858124,down,-0.0007144483615147507,0.342787
trend-decay-v2-medium-long,CARR,2026-10-01,2026-10-02T02:23:53+00:00,252,55.220001,37.50042886317077,52.8331782472793,74.43500803400599,down,-0.0007144483615147507,0.342787
trend-decay-v2-medium-long,CASY,2026-10-01,2026-10-02T02:23:53+00:00,126,619.5,373.22064607250365,546.6616018612947,800.7030428094346,down,-0.002296196642868589,0.539749
trend-decay-v2-medium-long,CASY,2026-10-01,2026-10-02T02:23:53+00:00,252,619.5,313.2973877304077,537.4855414465869,922.0974019506382,down,-0.002296196642868589,0.539749
trend-decay-v2-medium-long,CAT,2026-10-01,2026-10-02T02:23:53+00:00,126,826.349976,626.6168857327209,840.0874893994144,1126.281474237901,neutral,0.0003026708906716688,0.414606
trend-decay-v2-medium-long,CAT,2026-10-01,2026-10-02T02:23:53+00:00,252,826.349976,556.2019246664382,841.9641214074675,1274.5435610683792,neutral,0.0003026708906716688,0.414606
trend-decay-v2-medium-long,CB,2026-10-01,2026-10-02T02:23:53+00:00,126,331.299988,277.711630390482,325.54012457984146,381.6058137804618,neutral,-0.0003219625506850936,0.224722
trend-decay-v2-medium-long,CB,2026-10-01,2026-10-02T02:23:53+00:00,252,331.299988,259.4048944955641,324.76834391767835,406.601723595601,neutral,-0.0003219625506850936,0.224722
trend-decay-v2-medium-long,CBOE,2026-10-01,2026-10-02T02:23:53+00:00,126,277.190002,198.19177783265522,266.8864126305134,359.39108082943227,down,-0.0006953801307744988,0.420853
trend-decay-v2-medium-long,CBOE,2026-10-01,2026-10-02T02:23:53+00:00,252,277.190002,174.31144961238275,265.5217184695198,404.4587038647323,down,-0.0006953801307744988,0.420853
trend-decay-v2-medium-long,CBRE,2026-10-01,2026-10-02T02:23:53+00:00,126,130.529999,97.56147494009883,123.62967821635748,156.66324586897036,down,-0.0009970365495433186,0.334897
trend-decay-v2-medium-long,CBRE,2026-10-01,2026-10-02T02:23:53+00:00,252,130.529999,87.7983968081957,122.72428340376023,171.54356212072128,down,-0.0009970365495433186,0.334897
trend-decay-v2-medium-long,CCI,2026-10-01,2026-10-02T02:23:53+00:00,126,66.120003,48.36535748122538,60.93292493996532,76.7661304515469,down,-0.0014997583164395203,0.326669
trend-decay-v2-medium-long,CCI,2026-10-01,2026-10-02T02:23:53+00:00,252,66.120003,43.46900230489195,60.26292627778267,83.5450571901617,down,-0.0014997583164395203,0.326669
trend-decay-v2-medium-long,CCL,2026-10-01,2026-10-02T02:23:53+00:00,126,25.07,18.586472299462148,25.65561055091717,35.41340939449708,up,0.00042387969539894936,0.455841
trend-decay-v2-medium-long,CCL,2026-10-01,2026-10-02T02:23:53+00:00,252,25.07,16.314368530467082,25.735908238849845,40.598382440704654,up,0.00042387969539894936,0.455841
trend-decay-v2-medium-long,CDNS,2026-10-01,2026-10-02T02:23:53+00:00,126,350.730011,274.9251975022194,369.7387192100245,497.2506038918667,up,0.0009689022811494789,0.419028
trend-decay-v2-medium-long,CDNS,2026-10-01,2026-10-02T02:23:53+00:00,252,350.730011,244.91508771374504,372.38920960885235,566.2114356759703,up,0.0009689022811494789,0.419028
trend-decay-v2-medium-long,CDW,2026-10-01,2026-10-02T02:23:53+00:00,126,135.830002,92.73129964502611,130.38734644286293,183.33464728187968,down,-0.0007507178190825084,0.481969
trend-decay-v2-medium-long,CDW,2026-10-01,2026-10-02T02:23:53+00:00,252,135.830002,80.0783986696937,129.6677147956792,209.96569036909176,down,-0.0007507178190825084,0.481969
trend-decay-v2-medium-long,CEG,2026-10-01,2026-10-02T02:23:53+00:00,126,258.920013,193.13365218761314,250.9739745222592,326.1365131039521,down,-0.0005721997206654778,0.370477
trend-decay-v2-medium-long,CEG,2026-10-01,2026-10-02T02:23:53+00:00,252,258.920013,172.54427225600057,249.91749772610106,361.9868388155295,down,-0.0005721997206654778,0.370477
trend-decay-v2-medium-long,CF,2026-10-01,2026-10-02T02:23:53+00:00,126,114.540001,81.29407291858031,106.07789208877472,138.41746127380824,down,-0.0014089406596531247,0.376323
trend-decay-v2-medium-long,CF,2026-10-01,2026-10-02T02:23:53+00:00,252,114.540001,72.05744225144448,104.98175886637432,152.9497765993301,down,-0.0014089406596531247,0.376323
trend-decay-v2-medium-long,CFG,2026-10-01,2026-10-02T02:23:53+00:00,126,63.700001,51.35483811154588,61.262298095857155,73.08112158456746,down,-0.0007163059764633928,0.249475
trend-decay-v2-medium-long,CFG,2026-10-01,2026-10-02T02:23:53+00:00,252,63.700001,47.48476091197994,60.939638206550605,78.20697489935908,down,-0.0007163059764633928,0.249475
trend-decay-v2-medium-long,CHD,2026-10-01,2026-10-02T02:23:53+00:00,126,94.110001,78.00279977322177,91.43956692907003,107.19095243355945,down,-0.0005284374758201215,0.224766
trend-decay-v2-medium-long,CHD,2026-10-01,2026-10-02T02:23:53+00:00,252,94.110001,72.74909868234829,91.08403270484229,114.03991477615075,down,-0.0005284374758201215,0.224766
trend-decay-v2-medium-long,CHRW,2026-10-01,2026-10-02T02:23:53+00:00,126,153.139999,110.82397966520325,152.14238326619014,208.86548972382852,neutral,-0.00011997887969739445,0.448127
trend-decay-v2-medium-long,CHRW,2026-10-01,2026-10-02T02:23:53+00:00,252,153.139999,97.10620744178604,152.0078708773808,237.94969876180647,neutral,-0.00011997887969739445,0.448127
trend-decay-v2-medium-long,CHTR,2026-10-01,2026-10-02T02:23:53+00:00,126,111.370003,65.90673178103312,97.82286183605285,145.194762950594,down,-0.0023809523809523807,0.558498
trend-decay-v2-medium-long,CHTR,2026-10-01,2026-10-02T02:23:53+00:00,252,111.370003,54.98758124413067,96.12076447493644,168.0234182737832,down,-0.0023809523809523807,0.558498
trend-decay-v2-medium-long,CI,2026-10-01,2026-10-02T02:23:53+00:00,126,267.959991,213.26095444949965,259.70550686068026,316.26488059132413,down,-0.0005743919937821058,0.278645
trend-decay-v2-medium-long,CI,2026-10-01,2026-10-02T02:23:53+00:00,252,267.959991,195.7168102740287,258.6080949677478,341.70875097141453,down,-0.0005743919937821058,0.278645
trend-decay-v2-medium-long,CIEN,2026-10-01,2026-10-02T02:23:53+00:00,126,379.140015,221.64177548836864,383.1470908720266,662.3376523682507,neutral,0.00019299884089495512,0.774079
trend-decay-v2-medium-long,CIEN,2026-10-01,2026-10-02T02:23:53+00:00,252,379.140015,176.93152583538912,383.69263333166924,832.0735164515518,neutral,0.00019299884089495512,0.774079
trend-decay-v2-medium-long,CINF,2026-10-01,2026-10-02T02:23:53+00:00,126,162.149994,132.3606836444934,156.25898212651003,184.4722225883486,down,-0.0006793535747523131,0.234737
trend-decay-v2-medium-long,CINF,2026-10-01,2026-10-02T02:23:53+00:00,252,162.149994,122.94897311954266,155.47833802510152,196.61419678181403,down,-0.0006793535747523131,0.234737
trend-decay-v2-medium-long,CL,2026-10-01,2026-10-02T02:23:53+00:00,126,84.529999,69.25412268368234,81.4079756163703,95.69478663711459,down,-0.0006908493083588607,0.228665
trend-decay-v2-medium-long,CL,2026-10-01,2026-10-02T02:23:53+00:00,252,84.529999,64.43874892257556,80.99441028880108,101.80356707286063,down,-0.0006908493083588607,0.228665
trend-decay-v2-medium-long,CLX,2026-10-01,2026-10-02T02:23:53+00:00,126,80.650002,57.55040503423001,73.05098951223586,92.72649020528641,down,-0.0018166716001676074,0.337285
trend-decay-v2-medium-long,CLX,2026-10-01,2026-10-02T02:23:53+00:00,252,80.650002,51.443275247569254,72.07914483516575,100.99285271332505,down,-0.0018166716001676074,0.337285
trend-decay-v2-medium-long,CMCSA,2026-10-01,2026-10-02T02:23:53+00:00,126,21.700001,15.302351996856776,19.568503507902108,25.024017851467097,down,-0.0018979922528837032,0.347776
trend-decay-v2-medium-long,CMCSA,2026-10-01,2026-10-02T02:23:53+00:00,252,21.700001,13.628359241052074,19.296598945907313,27.322344846733436,down,-0.0018979922528837032,0.347776
trend-decay-v2-medium-long,CME,2026-10-01,2026-10-02T02:23:53+00:00,126,265.100006,212.58609353739942,257.7111014973123,312.41465859700685,down,-0.0005189265299607989,0.272225
trend-decay-v2-medium-long,CME,2026-10-01,2026-10-02T02:23:53+00:00,252,265.100006,195.54461169548273,256.72707258133283,337.0524466244012,down,-0.0005189265299607989,0.272225
trend-decay-v2-medium-long,CMG,2026-10-01,2026-10-02T02:23:53+00:00,126,32.32,21.536765910449468,29.950802527182493,41.652055640677204,down,-0.001397552696073453,0.4664
trend-decay-v2-medium-long,CMG,2026-10-01,2026-10-02T02:23:53+00:00,252,32.32,18.594261827837695,29.643800945750897,47.25946868166108,down,-0.001397552696073453,0.4664
trend-decay-v2-medium-long,CMI,2026-10-01,2026-10-02T02:23:53+00:00,126,517.0,382.68172721055095,490.1566131935033,627.8154622343349,down,-0.0009787795268532053,0.350048
trend-decay-v2-medium-long,CMI,2026-10-01,2026-10-02T02:23:53+00:00,252,517.0,342.90764816352475,486.63247347142715,690.5974990793717,down,-0.0009787795268532053,0.350048
trend-decay-v2-medium-long,CMS,2026-10-01,2026-10-02T02:23:53+00:00,126,63.639999,53.071283538891116,60.288634201070224,68.48749778525517,down,-0.0009931106827312998,0.180323
trend-decay-v2-medium-long,CMS,2026-10-01,2026-10-02T02:23:53+00:00,252,63.639999,49.973814113621074,59.84884601386237,71.67522496976505,down,-0.0009931106827312998,0.180323
trend-decay-v2-medium-long,CNC,2026-10-01,2026-10-02T02:23:53+00:00,126,60.990002,45.740665453846745,59.63474297030177,77.74925296446196,down,-0.00041252083200633133,0.375121
trend-decay-v2-medium-long,CNC,2026-10-01,2026-10-02T02:23:53+00:00,252,60.990002,40.85691718836511,59.453657194145606,86.5150284702727,down,-0.00041252083200633133,0.375121
trend-decay-v2-medium-long,CNP,2026-10-01,2026-10-02T02:23:53+00:00,126,37.209999,31.104402751885168,35.47369142015368,40.45674154267491,down,-0.0008772311242415403,0.185887
trend-decay-v2-medium-long,CNP,2026-10-01,2026-10-02T02:23:53+00:00,252,37.209999,29.266314495345526,35.24501774537113,42.44508737405543,down,-0.0008772311242415403,0.185887
trend-decay-v2-medium-long,COF,2026-10-01,2026-10-02T02:23:53+00:00,126,194.479996,151.4721079594958,186.67079412771352,230.0488575070808,down,-0.0007523368147207168,0.295493
trend-decay-v2-medium-long,COF,2026-10-01,2026-10-02T02:23:53+00:00,252,194.479996,138.14546172228046,185.63830810207955,249.45865760166745,down,-0.0007523368147207168,0.295493
trend-decay-v2-medium-long,COHR,2026-10-01,2026-10-02T02:23:53+00:00,126,319.190002,169.4066969429614,344.49484655507575,700.543139348046,up,0.0014005353041370138,1.003776
trend-decay-v2-medium-long,COHR,2026-10-01,2026-10-02T02:23:53+00:00,252,319.190002,127.56527701367956,348.0702092559665,949.7323519981101,up,0.0014005353041370138,1.003776
trend-decay-v2-medium-long,COIN,2026-10-01,2026-10-02T02:23:53+00:00,126,189.289993,117.37711431492248,198.17410123888072,334.58800406754636,up,0.0008419769673173416,0.7407
trend-decay-v2-medium-long,COIN,2026-10-01,2026-10-02T02:23:53+00:00,252,189.289993,95.07377771995681,199.40804400763258,418.2390662131354,up,0.0008419769673173416,0.7407
trend-decay-v2-medium-long,COO,2026-10-01,2026-10-02T02:23:53+00:00,126,57.41,38.119050945663886,51.16215013557332,68.66817356565636,down,-0.0021151147430235697,0.416183
trend-decay-v2-medium-long,COO,2026-10-01,2026-10-02T02:23:53+00:00,252,57.41,33.222384314457976,50.37055988155402,76.36999436181539,down,-0.0021151147430235697,0.416183
trend-decay-v2-medium-long,COP,2026-10-01,2026-10-02T02:23:53+00:00,126,127.059998,100.33820899545356,125.2602463696991,156.37242758946053,neutral,-0.0002618843541294209,0.313739
trend-decay-v2-medium-long,COP,2026-10-01,2026-10-02T02:23:53+00:00,252,127.059998,91.35233744410657,125.01864301245575,171.09207643689223,neutral,-0.0002618843541294209,0.313739
trend-decay-v2-medium-long,COR,2026-10-01,2026-10-02T02:23:53+00:00,126,309.779999,249.48748563378663,301.5818212172492,364.55373566198557,down,-0.0004923645323804544,0.268181
trend-decay-v2-medium-long,COR,2026-10-01,2026-10-02T02:23:53+00:00,252,309.779999,229.80486402319178,300.48911535025445,392.9146966831221,down,-0.0004923645323804544,0.268181
trend-decay-v2-medium-long,COST,2026-10-01,2026-10-02T02:23:53+00:00,126,914.940002,782.7779735669396,898.2532792857111,1030.763487213191,neutral,-0.0003378943406531311,0.1946
trend-decay-v2-medium-long,COST,2026-10-01,2026-10-02T02:23:53+00:00,252,914.940002,737.5700298062773,896.0184814455117,1088.5056152604102,down,-0.0003378943406531311,0.1946
trend-decay-v2-medium-long,CPAY,2026-10-01,2026-10-02T02:23:53+00:00,126,389.730011,322.3887887225382,390.07363692891334,471.9687766744986,neutral,1.6178654515893313e-05,0.269517
trend-decay-v2-medium-long,CPAY,2026-10-01,2026-10-02T02:23:53+00:00,252,389.730011,297.9536110659751,390.1201649116765,510.7967731158453,neutral,1.6178654515893313e-05,0.269517
trend-decay-v2-medium-long,CPRT,2026-10-01,2026-10-02T02:23:53+00:00,126,27.290001,18.725819506686705,24.859296535929456,33.001739872618195,down,-0.0017125379645800032,0.400687
trend-decay-v2-medium-long,CPRT,2026-10-01,2026-10-02T02:23:53+00:00,252,27.290001,16.44332388359912,24.547414963464515,36.64560679179602,down,-0.0017125379645800032,0.400687
trend-decay-v2-medium-long,CPT,2026-10-01,2026-10-02T02:23:53+00:00,126,96.620003,78.91031126680146,90.99596243784258,104.93261333101428,down,-0.001100906647167405,0.20153
trend-decay-v2-medium-long,CPT,2026-10-01,2026-10-02T02:23:53+00:00,252,96.620003,73.78599849714458,90.26041492140013,110.41312264817543,down,-0.001100906647167405,0.20153
trend-decay-v2-medium-long,CRH,2026-10-01,2026-10-02T02:23:53+00:00,126,81.699997,60.281138817049026,75.20670961821644,93.82784205130271,down,-0.0015202427080204667,0.312854
trend-decay-v2-medium-long,CRH,2026-10-01,2026-10-02T02:23:53+00:00,252,81.699997,54.389920957424515,74.36852938221945,101.68571796240255,down,-0.0015202427080204667,0.312854
trend-decay-v2-medium-long,CRL,2026-10-01,2026-10-02T02:23:53+00:00,126,286.829987,223.11072679142563,299.10595729891423,400.9864293765464,up,0.0007693269618079517,0.414548
trend-decay-v2-medium-long,CRL,2026-10-01,2026-10-02T02:23:53+00:00,252,286.829987,198.72491743842906,300.8072048259308,455.3277749038414,up,0.0007693269618079517,0.414548
trend-decay-v2-medium-long,CRM,2026-10-01,2026-10-02T02:23:53+00:00,126,236.690002,157.94929851272957,236.70788924769087,354.7380416354393,neutral,1.387263342824351e-06,0.572124
trend-decay-v2-medium-long,CRM,2026-10-01,2026-10-02T02:23:53+00:00,252,236.690002,133.58167297400888,236.71031012727258,419.4570233556793,neutral,1.387263342824351e-06,0.572124
trend-decay-v2-medium-long,CRWD,2026-10-01,2026-10-02T02:23:53+00:00,126,266.089996,188.03502386844826,302.9398557410446,488.06097028290947,up,0.0023809523809523807,0.674447
trend-decay-v2-medium-long,CRWD,2026-10-01,2026-10-02T02:23:53+00:00,252,266.089996,157.06193791369031,308.30428591230344,605.1850242935924,up,0.0023809523809523807,0.674447
trend-decay-v2-medium-long,CSCO,2026-10-01,2026-10-02T02:23:53+00:00,126,108.760002,85.30073842625154,109.06419554956719,139.44778169954876,neutral,5.127266232220147e-05,0.347548
trend-decay-v2-medium-long,CSCO,2026-10-01,2026-10-02T02:23:53+00:00,252,108.760002,77.0740503908792,109.10542898073429,154.4488005067754,neutral,5.127266232220147e-05,0.347548
trend-decay-v2-medium-long,CSGP,2026-10-01,2026-10-02T02:23:53+00:00,126,27.719999,18.403265700954755,25.51498464580494,35.374941168288814,down,-0.001521614209040261,0.462077
trend-decay-v2-medium-long,CSGP,2026-10-01,2026-10-02T02:23:53+00:00,252,27.719999,15.894469384583283,25.23036454121902,40.049861337317715,down,-0.001521614209040261,0.462077
trend-decay-v2-medium-long,CSX,2026-10-01,2026-10-02T02:23:53+00:00,126,46.540001,39.22260325642253,45.54761194701095,52.89258697370603,down,-0.00039567560128995273,0.211432
trend-decay-v2-medium-long,CSX,2026-10-01,2026-10-02T02:23:53+00:00,252,46.540001,36.75995894764574,45.41494249400586,56.10770688485631,down,-0.00039567560128995273,0.211432
trend-decay-v2-medium-long,CTAS,2026-10-01,2026-10-02T02:23:53+00:00,126,195.600006,159.53592072220235,195.46429918402674,239.48394870914868,neutral,-1.2740756332480916e-05,0.287239
trend-decay-v2-medium-long,CTAS,2026-10-01,2026-10-02T02:23:53+00:00,252,195.600006,146.64941729822925,195.44594049844935,260.4791506238371,neutral,-1.2740756332480916e-05,0.287239
trend-decay-v2-medium-long,CTSH,2026-10-01,2026-10-02T02:23:53+00:00,126,60.880001,43.16893475448478,61.81259990615991,88.50803312356605,neutral,0.000279078642346108,0.507683
trend-decay-v2-medium-long,CTSH,2026-10-01,2026-10-02T02:23:53+00:00,252,60.880001,37.28091970523921,61.939906171683184,102.90926315365965,neutral,0.000279078642346108,0.507683
trend-decay-v2-medium-long,CTVA,2026-10-01,2026-10-02T02:23:53+00:00,126,12.57,3.8643703078283704,11.040974590610224,31.54540331281179,down,-0.0023809523809523807,1.484662
trend-decay-v2-medium-long,CTVA,2026-10-01,2026-10-02T02:23:53+00:00,252,12.57,2.45812378133943,10.84886393915201,47.881172487619544,down,-0.0023809523809523807,1.484662
trend-decay-v2-medium-long,CVNA,2026-10-01,2026-10-02T02:23:53+00:00,126,63.040001,38.48868476846157,58.846586864496565,89.97243752112647,down,-0.0012636447080084723,0.600432
trend-decay-v2-medium-long,CVNA,2026-10-01,2026-10-02T02:23:53+00:00,252,63.040001,31.982406214295672,58.30092420465826,106.27711187027587,down,-0.0012636447080084723,0.600432
trend-decay-v2-medium-long,CVS,2026-10-01,2026-10-02T02:23:53+00:00,126,85.199997,65.22343882475089,79.00261045503359,95.69278423788508,down,-0.0013863618106695088,0.271051
trend-decay-v2-medium-long,CVS,2026-10-01,2026-10-02T02:23:53+00:00,252,85.199997,59.63301162129731,78.19926957201334,102.54598242380997,down,-0.0013863618106695088,0.271051
trend-decay-v2-medium-long,CVX,2026-10-01,2026-10-02T02:23:53+00:00,126,207.100006,176.1030601943511,209.43759366967595,249.08201818716222,neutral,0.00020604399676323049,0.245163
trend-decay-v2-medium-long,CVX,2026-10-01,2026-10-02T02:23:53+00:00,252,207.100006,164.15019272744908,209.75597223240075,268.0323864146304,neutral,0.00020604399676323049,0.245163
trend-decay-v2-medium-long,D,2026-10-01,2026-10-02T02:23:53+00:00,126,60.759998,51.567804879295984,57.605033852023574,64.34906300277805,down,-0.0009788487702245335,0.156571
trend-decay-v2-medium-long,D,2026-10-01,2026-10-02T02:23:53+00:00,252,60.759998,48.90221301782111,57.19083460936959,66.88432611678154,down,-0.0009788487702245335,0.156571
trend-decay-v2-medium-long,DAL,2026-10-01,2026-10-02T02:23:53+00:00,126,84.129997,68.99349800146403,87.70666953075511,111.49543222194436,up,0.0007643068960389216,0.339391
trend-decay-v2-medium-long,DAL,2026-10-01,2026-10-02T02:23:53+00:00,252,84.129997,62.81799631202849,88.20226102606007,123.84411007741066,up,0.0007643068960389216,0.339391
trend-decay-v2-medium-long,DASH,2026-10-01,2026-10-02T02:23:53+00:00,126,182.175003,119.77457756491783,165.4719478850949,228.60415034273092,down,-0.0017653617436055764,0.45706
trend-decay-v2-medium-long,DASH,2026-10-01,2026-10-02T02:23:53+00:00,252,182.175003,103.41262104827167,163.33233906382864,257.970958608706,down,-0.0017653617436055764,0.45706
trend-decay-v2-medium-long,DD,2026-10-01,2026-10-02T02:23:53+00:00,126,129.199997,106.98943602956136,126.70840560765214,150.0617317694549,neutral,-0.000357476673535367,0.239226
trend-decay-v2-medium-long,DD,2026-10-01,2026-10-02T02:23:53+00:00,252,129.199997,99.48700421769504,126.37491752974051,160.52970844013146,down,-0.000357476673535367,0.239226
trend-decay-v2-medium-long,DDOG,2026-10-01,2026-10-02T02:23:53+00:00,126,276.459991,202.0767310727909,313.86164510226786,487.48379758190737,up,0.0023293028191779977,0.622685
trend-decay-v2-medium-long,DDOG,2026-10-01,2026-10-02T02:23:53+00:00,252,276.459991,171.3039462140231,319.2978741726349,595.1475999495568,up,0.0023293028191779977,0.622685
trend-decay-v2-medium-long,DE,2026-10-01,2026-10-02T02:23:53+00:00,126,667.26001,535.4588035735302,670.774439944388,840.2856508846638,neutral,9.643402695481795e-05,0.318635
trend-decay-v2-medium-long,DE,2026-10-01,2026-10-02T02:23:53+00:00,252,667.26001,488.0944147276797,671.2514862291893,923.1381146131014,neutral,9.643402695481795e-05,0.318635
trend-decay-v2-medium-long,DECK,2026-10-01,2026-10-02T02:23:53+00:00,126,79.57,57.965018903301754,74.94980133994086,96.91142739499084,down,-0.0010981146658750733,0.363423
trend-decay-v2-medium-long,DECK,2026-10-01,2026-10-02T02:23:53+00:00,252,79.57,51.691843946849424,74.34548998020867,106.92696290889789,down,-0.0010981146658750733,0.363423
trend-decay-v2-medium-long,DELL,2026-10-01,2026-10-02T02:23:53+00:00,126,541.73999,361.70393528931857,616.7636396963791,1051.6816383190687,up,0.0023809523809523807,0.754709
trend-decay-v2-medium-long,DELL,2026-10-01,2026-10-02T02:23:53+00:00,252,541.73999,295.1045845044702,627.6852316052064,1335.0817664756185,up,0.0023809523809523807,0.754709
trend-decay-v2-medium-long,DG,2026-10-01,2026-10-02T02:23:53+00:00,126,118.93,89.02514175954845,113.90635317838394,145.7414954692519,down,-0.0007922776848507253,0.348544
trend-decay-v2-medium-long,DG,2026-10-01,2026-10-02T02:23:53+00:00,252,118.93,79.91725509785222,113.24298140886563,160.46563189222115,down,-0.0007922776848507253,0.348544
trend-decay-v2-medium-long,DGX,2026-10-01,2026-10-02T02:23:53+00:00,126,231.089996,191.97437136949452,231.3225856294828,278.73584500150815,neutral,1.846725941491251e-05,0.263682
trend-decay-v2-medium-long,DGX,2026-10-01,2026-10-02T02:23:53+00:00,252,231.089996,177.73032190428154,231.35408119241515,301.15688933041423,neutral,1.846725941491251e-05,0.263682
trend-decay-v2-medium-long,DHI,2026-10-01,2026-10-02T02:23:53+00:00,126,137.059998,103.79073189805845,133.33531683446472,171.28992531634375,down,-0.0005057770516108563,0.354247
trend-decay-v2-medium-long,DHI,2026-10-01,2026-10-02T02:23:53+00:00,252,137.059998,93.21339420333835,132.83907404003264,189.30991348002314,down,-0.0005057770516108563,0.354247
trend-decay-v2-medium-long,DHR,2026-10-01,2026-10-02T02:23:53+00:00,126,211.759995,166.32272552126304,215.9863429636372,280.47941254330914,neutral,0.0003627728626919357,0.369513
trend-decay-v2-medium-long,DHR,2026-10-01,2026-10-02T02:23:53+00:00,252,211.759995,149.66158217635328,216.5647602783375,313.37564866278746,up,0.0003627728626919357,0.369513
trend-decay-v2-medium-long,DIS,2026-10-01,2026-10-02T02:23:53+00:00,126,101.330002,82.55829156434291,99.49442401376189,119.90486021764644,neutral,-0.00033559084868852536,0.263888
trend-decay-v2-medium-long,DIS,2026-10-01,2026-10-02T02:23:53+00:00,252,101.330002,76.22881547584439,99.24857353896829,129.21989260926375,down,-0.00033559084868852536,0.263888
trend-decay-v2-medium-long,DLR,2026-10-01,2026-10-02T02:23:53+00:00,126,176.490005,136.8320648455531,173.66641939632723,220.41635679461277,neutral,-0.0002960669857547569,0.337123
trend-decay-v2-medium-long,DLR,2026-10-01,2026-10-02T02:23:53+00:00,252,176.490005,123.69645897756769,173.28777522158092,242.76081376501523,neutral,-0.0002960669857547569,0.337123
trend-decay-v2-medium-long,DLTR,2026-10-01,2026-10-02T02:23:53+00:00,126,114.43,82.51073897449132,106.73471270118112,138.07049890712617,down,-0.001277985901806722,0.364044
trend-decay-v2-medium-long,DLTR,2026-10-01,2026-10-02T02:23:53+00:00,252,114.43,73.47026889815032,105.73382166439042,152.1655114568197,down,-0.001277985901806722,0.364044
trend-decay-v2-medium-long,DOC,2026-10-01,2026-10-02T02:23:53+00:00,126,19.440001,16.004290831277277,18.739009796439213,21.941021433126508,down,-0.0006741839577626422,0.223093
trend-decay-v2-medium-long,DOC,2026-10-01,2026-10-02T02:23:53+00:00,252,19.440001,14.917636818628539,18.646103414428325,23.306451066524865,down,-0.0006741839577626422,0.223093
trend-decay-v2-medium-long,DOV,2026-10-01,2026-10-02T02:23:53+00:00,126,188.059998,153.33068985132033,184.51177327628622,222.0337918688787,neutral,-0.00034966809722687957,0.261794
trend-decay-v2-medium-long,DOV,2026-10-01,2026-10-02T02:23:53+00:00,252,188.059998,141.64748016410059,184.0367446669269,239.11137246043012,down,-0.00034966809722687957,0.261794
trend-decay-v2-medium-long,DOW,2026-10-01,2026-10-02T02:23:53+00:00,126,27.59,20.449296637361055,26.059383806832226,33.20854973325015,down,-0.001047758392888775,0.342847
trend-decay-v2-medium-long,DOW,2026-10-01,2026-10-02T02:23:53+00:00,252,27.59,18.353248750098526,25.858868109003286,36.433934339566854,down,-0.001047758392888775,0.342847
trend-decay-v2-medium-long,DPZ,2026-10-01,2026-10-02T02:23:53+00:00,126,295.0,210.66397690606823,273.3877642239317,354.7871388599383,down,-0.0013967095999465298,0.368582
trend-decay-v2-medium-long,DPZ,2026-10-01,2026-10-02T02:23:53+00:00,252,295.0,187.1690640322298,270.58716802265394,391.1833180183674,down,-0.0013967095999465298,0.368582
trend-decay-v2-medium-long,DRI,2026-10-01,2026-10-02T02:23:53+00:00,126,197.410004,153.5911992691097,189.21915098371215,233.11157976092275,down,-0.0007779312656432717,0.295021
trend-decay-v2-medium-long,DRI,2026-10-01,2026-10-02T02:23:53+00:00,252,197.410004,140.07104780685822,188.13706723512487,252.69716063408245,down,-0.0007779312656432717,0.295021
trend-decay-v2-medium-long,DTE,2026-10-01,2026-10-02T02:23:53+00:00,126,123.269997,101.42301102877697,114.88916418284792,130.14324769837742,down,-0.001292530970760672,0.176307
trend-decay-v2-medium-long,DTE,2026-10-01,2026-10-02T02:23:53+00:00,252,123.269997,95.4050992697837,113.79960247439429,135.74064303113983,down,-0.001292530970760672,0.176307
trend-decay-v2-medium-long,DUK,2026-10-01,2026-10-02T02:23:53+00:00,126,113.739998,96.47343132605151,109.07297372754158,123.31803102929909,down,-0.0007691389803380633,0.173594
trend-decay-v2-medium-long,DUK,2026-10-01,2026-10-02T02:23:53+00:00,252,113.739998,91.17245898480883,108.45625008690814,129.01657270068668,down,-0.0007691389803380633,0.173594
trend-decay-v2-medium-long,DVA,2026-10-01,2026-10-02T02:23:53+00:00,126,176.350006,129.36918499826487,172.74358032089137,230.66037358494967,down,-0.00037930823911067816,0.408903
trend-decay-v2-medium-long,DVA,2026-10-01,2026-10-02T02:23:53+00:00,252,176.350006,114.44666994544619,172.26120349225482,259.2816570612743,down,-0.00037930823911067816,0.408903
trend-decay-v2-medium-long,DVN,2026-10-01,2026-10-02T02:23:53+00:00,126,47.16,36.47109497793974,46.93173530625746,60.39269674214311,neutral,-8.906966639194432e-05,0.356628
trend-decay-v2-medium-long,DVN,2026-10-01,2026-10-02T02:23:53+00:00,252,47.16,32.832190863228945,46.90092803864107,66.9981805371807,neutral,-8.906966639194432e-05,0.356628
trend-decay-v2-medium-long,DXCM,2026-10-01,2026-10-02T02:23:53+00:00,126,86.230003,65.52521391607003,86.83550143218847,115.07637836387627,neutral,0.00012845351447140252,0.398215
trend-decay-v2-medium-long,DXCM,2026-10-01,2026-10-02T02:23:53+00:00,252,86.230003,58.36681724861488,86.91777271768062,129.434832501196,neutral,0.00012845351447140252,0.398215
trend-decay-v2-medium-long,EBAY,2026-10-01,2026-10-02T02:23:53+00:00,126,105.889999,85.59670609375941,105.93631191056924,131.1090425479774,neutral,8.027196385362387e-06,0.301498
trend-decay-v2-medium-long,EBAY,2026-10-01,2026-10-02T02:23:53+00:00,252,105.889999,78.3667132187889,105.942581237403,143.2219121900439,neutral,8.027196385362387e-06,0.301498
trend-decay-v2-medium-long,ECHO,2026-10-01,2026-10-02T02:23:53+00:00,126,88.25,62.118073237769465,87.3161167417333,122.73568456756858,neutral,-0.00019529795297910853,0.481537
trend-decay-v2-medium-long,ECHO,2026-10-01,2026-10-02T02:23:53+00:00,252,88.25,53.869167149872865,87.19049094763385,141.12306007143013,neutral,-0.00019529795297910853,0.481537
trend-decay-v2-medium-long,ECL,2026-10-01,2026-10-02T02:23:53+00:00,126,271.26001,228.84917064431954,266.26917625935437,309.8078705123547,neutral,-0.00034089861837772025,0.214175
trend-decay-v2-medium-long,ECL,2026-10-01,2026-10-02T02:23:53+00:00,252,271.26001,214.39488086074707,265.60083258479125,329.0367847707784,down,-0.00034089861837772025,0.214175
trend-decay-v2-medium-long,ED,2026-10-01,2026-10-02T02:23:53+00:00,126,103.5,88.96433105699248,100.46901744522516,113.46146648303925,down,-0.0005456233044980082,0.171988
trend-decay-v2-medium-long,ED,2026-10-01,2026-10-02T02:23:53+00:00,252,103.5,84.25424310304369,100.06569609214276,118.8443829726048,down,-0.0005456233044980082,0.171988
trend-decay-v2-medium-long,EFX,2026-10-01,2026-10-02T02:23:53+00:00,126,139.729996,90.82353130260894,122.73312135099985,165.85370399627428,down,-0.0023809523809523807,0.425811
trend-decay-v2-medium-long,EFX,2026-10-01,2026-10-02T02:23:53+00:00,252,139.729996,78.77914514365703,120.59759067798365,184.6145810647387,down,-0.0023809523809523807,0.425811
trend-decay-v2-medium-long,EG,2026-10-01,2026-10-02T02:23:53+00:00,126,368.720001,311.6509131234435,365.5129188077302,428.6837874992144,neutral,-0.00016036910607495483,0.225451
trend-decay-v2-medium-long,EG,2026-10-01,2026-10-02T02:23:53+00:00,252,368.720001,291.39168100617024,365.0810358571892,457.4055178319794,neutral,-0.00016036910607495483,0.225451
trend-decay-v2-medium-long,EIX,2026-10-01,2026-10-02T02:23:53+00:00,126,53.799999,33.93236182691331,49.625220590566705,72.57562946028577,down,-0.0014828073316956666,0.537585
trend-decay-v2-medium-long,EIX,2026-10-01,2026-10-02T02:23:53+00:00,252,53.799999,28.67376451195977,49.08569146760609,84.02821003318412,down,-0.0014828073316956666,0.537585
trend-decay-v2-medium-long,EL,2026-10-01,2026-10-02T02:23:53+00:00,126,90.190002,64.35024841150218,87.28519769263985,118.39434849611908,down,-0.0006009795589797118,0.431109
trend-decay-v2-medium-long,EL,2026-10-01,2026-10-02T02:23:53+00:00,252,90.190002,56.466149097611044,86.89933046541874,133.73487932184028,down,-0.0006009795589797118,0.431109
trend-decay-v2-medium-long,ELV,2026-10-01,2026-10-02T02:23:53+00:00,126,381.670013,292.48540856398233,372.0516211626879,473.2626133023104,down,-0.00046855089241993285,0.340285
trend-decay-v2-medium-long,ELV,2026-10-01,2026-10-02T02:23:53+00:00,252,381.670013,263.82693599489835,370.7686720669347,521.0590331418488,down,-0.00046855089241993285,0.340285
trend-decay-v2-medium-long,EME,2026-10-01,2026-10-02T02:23:53+00:00,126,769.030029,548.546987556038,784.6473929121631,1122.367901329436,up,0.0003690652980532188,0.506234
trend-decay-v2-medium-long,EME,2026-10-01,2026-10-02T02:23:53+00:00,252,769.030029,474.2436754994606,786.785197611983,1305.301428699878,up,0.0003690652980532188,0.506234
trend-decay-v2-medium-long,EMR,2026-10-01,2026-10-02T02:23:53+00:00,126,158.570007,134.95371642948885,166.6739177023655,205.8497948574066,up,0.0009149915019462631,0.298551
trend-decay-v2-medium-long,EMR,2026-10-01,2026-10-02T02:23:53+00:00,252,158.570007,124.49105298780286,167.8020229649573,226.1810647058373,up,0.0009149915019462631,0.298551
trend-decay-v2-medium-long,EOG,2026-10-01,2026-10-02T02:23:53+00:00,126,141.309998,110.56815502022243,139.22730939068288,175.31488769640444,neutral,-0.00027257335822507744,0.325942
trend-decay-v2-medium-long,EOG,2026-10-01,2026-10-02T02:23:53+00:00,252,141.309998,100.2990718564694,138.947816426561,192.4892756469112,neutral,-0.00027257335822507744,0.325942
trend-decay-v2-medium-long,EQIX,2026-10-01,2026-10-02T02:23:53+00:00,126,1012.330017,831.8341783845387,1006.9088129081961,1218.8310890052235,neutral,-9.857137628719893e-05,0.270125
trend-decay-v2-medium-long,EQIX,2026-10-01,2026-10-02T02:23:53+00:00,252,1012.330017,767.9991633761861,1006.1773665260617,1318.221348651944,neutral,-9.857137628719893e-05,0.270125
trend-decay-v2-medium-long,EQT,2026-10-01,2026-10-02T02:23:53+00:00,126,50.09,38.72300052824552,47.27886806640197,57.72515908238481,down,-0.0010602872172788258,0.282319
trend-decay-v2-medium-long,EQT,2026-10-01,2026-10-02T02:23:53+00:00,252,50.09,35.37225452892258,46.91074447330062,62.21310957829788,down,-0.0010602872172788258,0.282319
trend-decay-v2-medium-long,ERIE,2026-10-01,2026-10-02T02:23:53+00:00,126,222.110001,147.46097530245072,204.6495643852254,284.0171382100337,down,-0.001502989856334737,0.463488
trend-decay-v2-medium-long,ERIE,2026-10-01,2026-10-02T02:23:53+00:00,252,222.110001,127.3234470594282,202.3944823711692,321.7280669064339,down,-0.001502989856334737,0.463488
trend-decay-v2-medium-long,ES,2026-10-01,2026-10-02T02:23:53+00:00,126,64.309998,52.68542021954588,60.72186712984586,69.98416511380037,down,-0.0010539221659497317,0.200769
trend-decay-v2-medium-long,ES,2026-10-01,2026-10-02T02:23:53+00:00,252,64.309998,49.292163736398145,60.25190064416843,73.64845151956837,down,-0.0010539221659497317,0.200769
trend-decay-v2-medium-long,ESS,2026-10-01,2026-10-02T02:23:53+00:00,126,269.51001,229.55314913547232,263.6957846432576,302.9166321634145,down,-0.0004003648326351582,0.196097
trend-decay-v2-medium-long,ESS,2026-10-01,2026-10-02T02:23:53+00:00,252,269.51001,216.10135270866746,262.9186117177108,319.87859178632453,down,-0.0004003648326351582,0.196097
trend-decay-v2-medium-long,ETN,2026-10-01,2026-10-02T02:23:53+00:00,126,437.279999,333.4041598973775,466.6316433537195,653.096501993302,up,0.0011926166753925512,0.475437
trend-decay-v2-medium-long,ETN,2026-10-01,2026-10-02T02:23:53+00:00,252,437.279999,292.6260247279939,470.7524762055238,757.3075363328487,up,0.0011926166753925512,0.475437
trend-decay-v2-medium-long,ETR,2026-10-01,2026-10-02T02:23:53+00:00,126,100.400002,84.35554931634712,95.96942016802022,109.18226106081666,down,-0.0008285187089190737,0.182418
trend-decay-v2-medium-long,ETR,2026-10-01,2026-10-02T02:23:53+00:00,252,100.400002,79.47985267203394,95.38502200018343,114.47306601735606,down,-0.0008285187089190737,0.182418
trend-decay-v2-medium-long,EVRG,2026-10-01,2026-10-02T02:23:53+00:00,126,78.790001,68.57968379794525,76.69533077967434,85.77137481027435,down,-0.0004946456768258908,0.158172
trend-decay-v2-medium-long,EVRG,2026-10-01,2026-10-02T02:23:53+00:00,252,78.790001,65.2366993901191,76.41615942915273,89.51141729261275,down,-0.0004946456768258908,0.158172
trend-decay-v2-medium-long,EW,2026-10-01,2026-10-02T02:23:53+00:00,126,85.190002,69.22091486726168,82.13557841182725,97.45975264819985,down,-0.0006702809541130815,0.241927
trend-decay-v2-medium-long,EW,2026-10-01,2026-10-02T02:23:53+00:00,252,85.190002,64.16788210194699,81.73070902723856,104.10050291955096,down,-0.0006702809541130815,0.241927
trend-decay-v2-medium-long,EXC,2026-10-01,2026-10-02T02:23:53+00:00,126,40.470001,33.343069036885986,38.22065138752504,43.811749628406446,down,-0.0010497692620688535,0.193077
trend-decay-v2-medium-long,EXC,2026-10-01,2026-10-02T02:23:53+00:00,252,40.470001,31.266893851417915,37.92599774857145,46.00333221649447,down,-0.0010497692620688535,0.193077
trend-decay-v2-medium-long,EXE,2026-10-01,2026-10-02T02:23:53+00:00,126,85.959999,65.30617406670055,79.36458088074204,96.44932946068197,down,-0.0014654707945592322,0.275723
trend-decay-v2-medium-long,EXE,2026-10-01,2026-10-02T02:23:53+00:00,252,85.959999,59.59224124939911,78.51175707406843,103.4378950954406,down,-0.0014654707945592322,0.275723
trend-decay-v2-medium-long,EXPD,2026-10-01,2026-10-02T02:23:53+00:00,126,187.740005,161.6393734142927,191.2221291122615,226.21903246621432,neutral,0.0003373668145729525,0.237684
trend-decay-v2-medium-long,EXPD,2026-10-01,2026-10-02T02:23:53+00:00,252,187.740005,151.14488502587952,191.69831883992222,243.1325773264529,up,0.0003373668145729525,0.237684
trend-decay-v2-medium-long,EXPE,2026-10-01,2026-10-02T02:23:53+00:00,126,262.670013,178.49293708627724,246.28527219290297,339.82540872086787,down,-0.0011823655152262728,0.455294
trend-decay-v2-medium-long,EXPE,2026-10-01,2026-10-02T02:23:53+00:00,252,262.670013,154.85354938942456,244.1478117220507,384.93243586405475,down,-0.0011823655152262728,0.455294
trend-decay-v2-medium-long,EXR,2026-10-01,2026-10-02T02:23:53+00:00,126,133.080002,111.37303468798035,128.66581501216177,148.64362813784834,down,-0.0006192326715394222,0.204118
trend-decay-v2-medium-long,EXR,2026-10-01,2026-10-02T02:23:53+00:00,252,133.080002,104.43191535006449,128.07977747776542,157.08252926095332,down,-0.0006192326715394222,0.204118
trend-decay-v2-medium-long,F,2026-10-01,2026-10-02T02:23:53+00:00,126,12.27,9.260835381693461,11.545130992637127,14.39287538796274,down,-0.0011178471754557536,0.311791
trend-decay-v2-medium-long,F,2026-10-01,2026-10-02T02:23:53+00:00,252,12.27,8.383217192770536,11.450378131460008,15.639718778428449,down,-0.0011178471754557536,0.311791
trend-decay-v2-medium-long,FANG,2026-10-01,2026-10-02T02:23:53+00:00,126,185.509995,138.7920669143191,179.08728808452705,231.08133963643354,down,-0.0006468317278884228,0.360478
trend-decay-v2-medium-long,FANG,2026-10-01,2026-10-02T02:23:53+00:00,252,185.509995,124.29114197843548,178.2353258940483,255.59207913681666,down,-0.0006468317278884228,0.360478
trend-decay-v2-medium-long,FAST,2026-10-01,2026-10-02T02:23:53+00:00,126,50.23,43.58935968586639,51.18438491172943,60.10276998038915,neutral,0.00034552425046345173,0.227153
trend-decay-v2-medium-long,FAST,2026-10-01,2026-10-02T02:23:53+00:00,252,50.23,40.887679796656016,51.314932423698124,64.40136253131345,up,0.00034552425046345173,0.227153
trend-decay-v2-medium-long,FCX,2026-10-01,2026-10-02T02:23:53+00:00,126,69.279999,48.96763411576557,68.92884024873531,97.02704865837057,neutral,-9.328467859307665e-05,0.483541
trend-decay-v2-medium-long,FCX,2026-10-01,2026-10-02T02:23:53+00:00,252,69.279999,42.47203905735172,68.88145302265876,111.71242718311323,neutral,-9.328467859307665e-05,0.483541
trend-decay-v2-medium-long,FDS,2026-10-01,2026-10-02T02:23:53+00:00,126,277.609985,190.05129352203878,270.0762027460851,383.79720515443927,down,-0.0005050686103341215,0.496969
trend-decay-v2-medium-long,FDS,2026-10-01,2026-10-02T02:23:53+00:00,252,277.609985,163.69610094120785,269.0724477346216,442.2828748737482,down,-0.0005050686103341215,0.496969
trend-decay-v2-medium-long,FDX,2026-10-01,2026-10-02T02:23:53+00:00,126,287.070007,220.51030079052114,269.19866482320606,328.63735110242953,down,-0.0011799504319482792,0.282143
trend-decay-v2-medium-long,FDX,2026-10-01,2026-10-02T02:23:53+00:00,252,287.070007,201.2620445150845,266.8670950252696,353.8573136272025,down,-0.0011799504319482792,0.282143
trend-decay-v2-medium-long,FDXF,2026-10-01,2026-10-02T02:23:53+00:00,126,110.669998,69.9062379534508,98.57251976621266,138.99391438472836,down,-0.0021250601147135137,0.485977
trend-decay-v2-medium-long,FDXF,2026-10-01,2026-10-02T02:23:53+00:00,252,110.669998,59.6890788900772,97.04027228141616,157.7644456834942,down,-0.0021250601147135137,0.485977
trend-decay-v2-medium-long,FE,2026-10-01,2026-10-02T02:23:53+00:00,126,43.389999,36.86508797921228,41.55863972220811,46.84976030802351,down,-0.0007916370887555224,0.16948
trend-decay-v2-medium-long,FE,2026-10-01,2026-10-02T02:23:53+00:00,252,43.389999,34.87566466769916,41.316804198462584,48.94754911309668,down,-0.0007916370887555224,0.16948
trend-decay-v2-medium-long,FERG,2026-10-01,2026-10-02T02:23:53+00:00,126,221.490005,178.12815055448428,221.37731863421956,275.12730050316594,neutral,-9.341991183508289e-06,0.307401
trend-decay-v2-medium-long,FERG,2026-10-01,2026-10-02T02:23:53+00:00,252,221.490005,162.7798539141218,221.36207259810715,301.02722177635894,neutral,-9.341991183508289e-06,0.307401
trend-decay-v2-medium-long,FFIV,2026-10-01,2026-10-02T02:23:53+00:00,126,443.679993,373.87630843055973,476.7055131681008,607.8163851536725,up,0.0013179778102815774,0.343617
trend-decay-v2-medium-long,FFIV,2026-10-01,2026-10-02T02:23:53+00:00,252,443.679993,341.3807328230661,481.35997211523767,678.736086945111,up,0.0013179778102815774,0.343617
trend-decay-v2-medium-long,FICO,2026-10-01,2026-10-02T02:23:53+00:00,126,661.75,333.69853774252124,581.2541714666918,1012.4599710056783,down,-0.0023809523809523807,0.784818
trend-decay-v2-medium-long,FICO,2026-10-01,2026-10-02T02:23:53+00:00,252,661.75,260.5558378406491,571.1404703049993,1251.9444566032498,down,-0.0023809523809523807,0.784818
trend-decay-v2-medium-long,FIS,2026-10-01,2026-10-02T02:23:53+00:00,126,33.099998,22.682442577966338,29.185166857058817,37.55212700513018,down,-0.002310697028966651,0.35648
trend-decay-v2-medium-long,FIS,2026-10-01,2026-10-02T02:23:53+00:00,252,33.099998,20.088461356325595,28.692208020333165,40.98087884778902,down,-0.002310697028966651,0.35648
trend-decay-v2-medium-long,FISV,2026-10-01,2026-10-02T02:23:53+00:00,126,45.380001,31.33383868609886,41.977923297503004,56.23779652484185,down,-0.001430550956558811,0.41358
trend-decay-v2-medium-long,FISV,2026-10-01,2026-10-02T02:23:53+00:00,252,45.380001,27.467884415292872,41.53753526917598,62.81396885729696,down,-0.001430550956558811,0.41358
trend-decay-v2-medium-long,FITB,2026-10-01,2026-10-02T02:23:53+00:00,126,50.41,41.409905210749784,48.82228620183809,57.56148481487991,down,-0.0005874866393014706,0.232874
trend-decay-v2-medium-long,FITB,2026-10-01,2026-10-02T02:23:53+00:00,252,50.41,38.512459102189055,48.611289685559065,61.35826015739993,down,-0.0005874866393014706,0.232874
trend-decay-v2-medium-long,FIX,2026-10-01,2026-10-02T02:23:53+00:00,126,1685.290039,1157.8649785462326,1751.8658586548256,2650.5974734409538,up,0.0007112353287288958,0.585631
trend-decay-v2-medium-long,FIX,2026-10-01,2026-10-02T02:23:53+00:00,252,1685.290039,980.4867182982892,1761.075709135439,3163.1103159557215,up,0.0007112353287288958,0.585631
trend-decay-v2-medium-long,FLEX,2026-10-01,2026-10-02T02:23:53+00:00,126,112.779999,72.8225337745494,115.30154185640937,182.55950274434937,up,0.0004059154844462152,0.649867
trend-decay-v2-medium-long,FLEX,2026-10-01,2026-10-02T02:23:53+00:00,252,112.779999,60.381109846731384,115.64709912551716,221.49727903471418,up,0.0004059154844462152,0.649867
trend-decay-v2-medium-long,FOX,2026-10-01,2026-10-02T02:23:53+00:00,126,54.919998,39.55223009897355,53.61195265772885,72.66951725812172,down,-0.00044251492971316304,0.430133
trend-decay-v2-medium-long,FOX,2026-10-01,2026-10-02T02:23:53+00:00,252,54.919998,34.756851406770316,53.43733801325751,82.15787617019019,down,-0.00044251492971316304,0.430133
trend-decay-v2-medium-long,FOXA,2026-10-01,2026-10-02T02:23:53+00:00,126,61.279999,43.42106354886874,59.804625719759734,82.37000582574927,down,-0.00044737953764042846,0.452744
trend-decay-v2-medium-long,FOXA,2026-10-01,2026-10-02T02:23:53+00:00,252,61.279999,37.90340019197497,59.60770372755646,93.74035906215133,down,-0.00044737953764042846,0.452744
trend-decay-v2-medium-long,FRT,2026-10-01,2026-10-02T02:23:53+00:00,126,108.029999,92.60257161359449,103.11350556252627,114.81749204286946,down,-0.0008550626882683581,0.152047
trend-decay-v2-medium-long,FRT,2026-10-01,2026-10-02T02:23:53+00:00,252,108.029999,88.01257059396188,102.4655507593789,119.29192638696948,down,-0.0008550626882683581,0.152047
trend-decay-v2-medium-long,FSLR,2026-10-01,2026-10-02T02:23:53+00:00,126,172.110001,106.3721956441723,156.3569211232611,229.82967151421278,down,-0.0017621742442690401,0.544751
trend-decay-v2-medium-long,FSLR,2026-10-01,2026-10-02T02:23:53+00:00,252,172.110001,89.51437103117752,154.3387994774761,266.10771823277406,down,-0.0017621742442690401,0.544751
trend-decay-v2-medium-long,FTNT,2026-10-01,2026-10-02T02:23:53+00:00,126,178.720001,143.3201783708175,193.8184095307832,262.1094691624485,up,0.0014888117145663217,0.426867
trend-decay-v2-medium-long,FTNT,2026-10-01,2026-10-02T02:23:53+00:00,252,178.720001,127.87210197417936,195.95745337644956,300.2947706415056,up,0.0014888117145663217,0.426867
trend-decay-v2-medium-long,FTV,2026-10-01,2026-10-02T02:23:53+00:00,126,55.84,45.65302452537706,54.831932891226714,65.85633473017216,neutral,-0.00033443033930514673,0.259088
trend-decay-v2-medium-long,FTV,2026-10-01,2026-10-02T02:23:53+00:00,252,55.84,42.21262054226648,54.69691128135188,70.87340386092613,down,-0.00033443033930514673,0.259088
trend-decay-v2-medium-long,GD,2026-10-01,2026-10-02T02:23:53+00:00,126,332.720001,269.281661473519,313.4784770940628,364.9292531228552,down,-0.0010935625925934233,0.214922
trend-decay-v2-medium-long,GD,2026-10-01,2026-10-02T02:23:53+00:00,252,332.720001,250.82279677307486,310.96137267635976,385.51908574821397,down,-0.0010935625925934233,0.214922
trend-decay-v2-medium-long,GDDY,2026-10-01,2026-10-02T02:23:53+00:00,126,96.980003,62.19911124589137,96.73064982096348,150.4333169294913,neutral,-4.7261048588381555e-05,0.624502
trend-decay-v2-medium-long,GDDY,2026-10-01,2026-10-02T02:23:53+00:00,252,96.980003,51.783931082481274,96.69695282967905,180.56374807953543,neutral,-4.7261048588381555e-05,0.624502
trend-decay-v2-medium-long,GE,2026-10-01,2026-10-02T02:23:53+00:00,126,312.390015,241.85629679659863,299.65752017000153,371.2726548110188,down,-0.0007638933429631081,0.303061
trend-decay-v2-medium-long,GE,2026-10-01,2026-10-02T02:23:53+00:00,252,312.390015,220.07042744671293,297.9747108190911,403.4568811351085,down,-0.0007638933429631081,0.303061
trend-decay-v2-medium-long,GEHC,2026-10-01,2026-10-02T02:23:53+00:00,126,63.98,47.20450808078706,60.90081373501803,78.57107857664433,down,-0.0009054614917623,0.360281
trend-decay-v2-medium-long,GEHC,2026-10-01,2026-10-02T02:23:53+00:00,252,63.98,42.194515966639585,60.49563775415505,86.7345460290491,down,-0.0009054614917623,0.360281
trend-decay-v2-medium-long,GEN,2026-10-01,2026-10-02T02:23:53+00:00,126,22.25,14.284809704460155,19.543491220451667,26.738056507999232,down,-0.0023809523809523807,0.443279
trend-decay-v2-medium-long,GEN,2026-10-01,2026-10-02T02:23:53+00:00,252,22.25,12.327226521506892,19.20343855577822,29.915249121297915,down,-0.0023809523809523807,0.443279
trend-decay-v2-medium-long,GEV,2026-10-01,2026-10-02T02:23:53+00:00,126,987.450012,695.96749862997,1022.565727585811,1502.4274399184876,up,0.0006414871530785481,0.544143
trend-decay-v2-medium-long,GEV,2026-10-01,2026-10-02T02:23:53+00:00,252,987.450012,596.2478061688881,1027.4130940717425,1770.3673790475596,up,0.0006414871530785481,0.544143
trend-decay-v2-medium-long,GILD,2026-10-01,2026-10-02T02:23:53+00:00,126,147.5,121.91675069054783,148.1964565865043,180.14087170466541,neutral,8.647497423512776e-05,0.276055
trend-decay-v2-medium-long,GILD,2026-10-01,2026-10-02T02:23:53+00:00,252,147.5,112.51891231242284,148.2909640323377,195.43567887131277,neutral,8.647497423512776e-05,0.276055
trend-decay-v2-medium-long,GIS,2026-10-01,2026-10-02T02:23:53+00:00,126,31.67,21.65819816672541,27.81763446973952,35.7287703037504,down,-0.0023809523809523807,0.353958
trend-decay-v2-medium-long,GIS,2026-10-01,2026-10-02T02:23:53+00:00,252,31.67,19.185584819224015,27.333613440966122,38.9420719138851,down,-0.0023809523809523807,0.353958
trend-decay-v2-medium-long,GL,2026-10-01,2026-10-02T02:23:53+00:00,126,165.830002,139.1495729172849,162.5408025456138,189.86412921207338,neutral,-0.0003677747480581823,0.21974
trend-decay-v2-medium-long,GL,2026-10-01,2026-10-02T02:23:53+00:00,252,165.830002,130.1226854977304,162.10069885908,201.93739831061558,down,-0.0003677747480581823,0.21974
trend-decay-v2-medium-long,GLW,2026-10-01,2026-10-02T02:23:53+00:00,126,160.419998,88.26731592268247,165.1708418368451,309.07711090919753,up,0.0005357610172509628,0.886161
trend-decay-v2-medium-long,GLW,2026-10-01,2026-10-02T02:23:53+00:00,252,160.419998,68.35871775449385,165.8245166890448,402.2569649991367,up,0.0005357610172509628,0.886161
trend-decay-v2-medium-long,GM,2026-10-01,2026-10-02T02:23:53+00:00,126,79.309998,60.9424014335972,77.0230371180235,97.34680792565297,down,-0.0005371315563909638,0.331174
trend-decay-v2-medium-long,GM,2026-10-01,2026-10-02T02:23:53+00:00,252,79.309998,55.09013703768552,76.71863964602076,106.83853745198935,down,-0.0005371315563909638,0.331174
trend-decay-v2-medium-long,GNRC,2026-10-01,2026-10-02T02:23:53+00:00,126,207.910004,139.48512980462695,217.58592158163512,339.4170642909563,up,0.0008350516551299627,0.62881
trend-decay-v2-medium-long,GNRC,2026-10-01,2026-10-02T02:23:53+00:00,252,207.910004,116.7389229271852,218.92955545443837,410.5755736788319,up,0.0008350516551299627,0.62881
trend-decay-v2-medium-long,GOOG,2026-10-01,2026-10-02T02:23:53+00:00,126,334.929993,264.4945824201278,335.67259326680403,426.0052846431636,neutral,4.0656666094997015e-05,0.337029
trend-decay-v2-medium-long,GOOG,2026-10-01,2026-10-02T02:23:53+00:00,252,334.929993,239.7045182110282,335.7732196949922,470.344305171109,neutral,4.0656666094997015e-05,0.337029
trend-decay-v2-medium-long,GOOGL,2026-10-01,2026-10-02T02:23:53+00:00,126,338.23999,266.6632997893077,339.1203419782552,431.2652188520619,neutral,4.771759402780218e-05,0.339932
trend-decay-v2-medium-long,GOOGL,2026-10-01,2026-10-02T02:23:53+00:00,252,338.23999,241.47714258036618,339.2396605632087,476.5815350856242,neutral,4.771759402780218e-05,0.339932
trend-decay-v2-medium-long,GPC,2026-10-01,2026-10-02T02:23:53+00:00,126,125.120003,94.04896841273369,120.94231184119468,155.52581852149652,down,-0.0006234112987757128,0.355672
trend-decay-v2-medium-long,GPC,2026-10-01,2026-10-02T02:23:53+00:00,252,125.120003,84.35598274109563,120.38774404575013,171.81008916590338,down,-0.0006234112987757128,0.355672
trend-decay-v2-medium-long,GPN,2026-10-01,2026-10-02T02:23:53+00:00,126,80.290001,57.38505305981512,76.83350280583672,102.87325424725394,down,-0.0008078057863094741,0.412748
trend-decay-v2-medium-long,GPN,2026-10-01,2026-10-02T02:23:53+00:00,252,80.290001,50.54871088170105,76.37729325519857,115.40335694500097,down,-0.0008078057863094741,0.412748
trend-decay-v2-medium-long,GRMN,2026-10-01,2026-10-02T02:23:53+00:00,126,282.459991,223.2927918783713,291.61271041943905,380.83617551117476,up,0.0005854121941642276,0.377514
trend-decay-v2-medium-long,GRMN,2026-10-01,2026-10-02T02:23:53+00:00,252,282.459991,200.78373539625355,292.87397162582744,427.2017506129458,up,0.0005854121941642276,0.377514
trend-decay-v2-medium-long,GS,2026-10-01,2026-10-02T02:23:53+00:00,126,896.669983,652.9089910552118,843.4353345836382,1089.5594537218699,down,-0.0011235595810411656,0.362103
trend-decay-v2-medium-long,GS,2026-10-01,2026-10-02T02:23:53+00:00,252,896.669983,582.3648187293817,836.4778892797214,1201.4724048414712,down,-0.0011235595810411656,0.362103
trend-decay-v2-medium-long,GWW,2026-10-01,2026-10-02T02:23:53+00:00,126,1281.680054,1083.6479342166704,1269.5987982682218,1487.4582949574697,neutral,-0.00017385977090245277,0.223966
trend-decay-v2-medium-long,GWW,2026-10-01,2026-10-02T02:23:53+00:00,252,1281.680054,1013.5441097335082,1267.9725508002884,1586.2697776475834,neutral,-0.00017385977090245277,0.223966
trend-decay-v2-medium-long,HAL,2026-10-01,2026-10-02T02:23:53+00:00,126,31.879999,23.43428009871043,29.621164928414007,37.441449364795616,down,-0.0013490812332227378,0.331335
trend-decay-v2-medium-long,HAL,2026-10-01,2026-10-02T02:23:53+00:00,252,31.879999,21.056480811974726,29.32802049148246,40.8488385893839,down,-0.0013490812332227378,0.331335
trend-decay-v2-medium-long,HAS,2026-10-01,2026-10-02T02:23:53+00:00,126,89.980003,72.96252694196095,89.50839022899522,109.80639318809703,neutral,-9.646991486169294e-05,0.289046
trend-decay-v2-medium-long,HAS,2026-10-01,2026-10-02T02:23:53+00:00,252,89.980003,66.99213117398288,89.44475457096054,119.42244529408843,neutral,-9.646991486169294e-05,0.289046
trend-decay-v2-medium-long,HBAN,2026-10-01,2026-10-02T02:23:53+00:00,126,15.19,12.075559810057198,14.429082312702521,17.241305551179952,down,-0.0009434162633632672,0.251818
trend-decay-v2-medium-long,HBAN,2026-10-01,2026-10-02T02:23:53+00:00,252,15.19,11.139225258072278,14.3290749464862,18.43237604637066,down,-0.0009434162633632672,0.251818
trend-decay-v2-medium-long,HCA,2026-10-01,2026-10-02T02:23:53+00:00,126,423.390015,334.12335779220894,427.6383228263141,547.3264017160762,neutral,0.00018328092670400996,0.348982
trend-decay-v2-medium-long,HCA,2026-10-01,2026-10-02T02:23:53+00:00,252,423.390015,302.06643866135005,428.2165342307624,607.0498960468202,neutral,0.00018328092670400996,0.348982
trend-decay-v2-medium-long,HD,2026-10-01,2026-10-02T02:23:53+00:00,126,282.459991,215.4781530177498,260.09808881358197,313.9576558320755,down,-0.001514085200965783,0.266154
trend-decay-v2-medium-long,HD,2026-10-01,2026-10-02T02:23:53+00:00,252,282.459991,197.10619190291453,257.21096629896505,335.6438503820999,down,-0.001514085200965783,0.266154
trend-decay-v2-medium-long,HIG,2026-10-01,2026-10-02T02:23:53+00:00,126,125.739998,102.2562618533201,119.6334959806222,139.96378413554197,down,-0.0009138948908234981,0.221962
trend-decay-v2-medium-long,HIG,2026-10-01,2026-10-02T02:23:53+00:00,252,125.739998,95.1765338996007,118.83018043871797,148.3623242467912,down,-0.0009138948908234981,0.221962
trend-decay-v2-medium-long,HII,2026-10-01,2026-10-02T02:23:53+00:00,126,274.329987,200.15868859618865,262.1528140274052,343.3480624023029,down,-0.000833502641471267,0.381579
trend-decay-v2-medium-long,HII,2026-10-01,2026-10-02T02:23:53+00:00,252,274.329987,177.8968368234484,260.5468818903314,381.5957544548453,down,-0.000833502641471267,0.381579
trend-decay-v2-medium-long,HLT,2026-10-01,2026-10-02T02:23:53+00:00,126,315.440002,270.8897388053697,315.2461454672353,366.86562093572854,neutral,-1.1285189885357835e-05,0.214454
trend-decay-v2-medium-long,HLT,2026-10-01,2026-10-02T02:23:53+00:00,252,315.440002,254.37677924850027,315.2199189927893,390.61583224446963,neutral,-1.1285189885357835e-05,0.214454
trend-decay-v2-medium-long,HON,2026-10-01,2026-10-02T02:23:53+00:00,126,213.800003,168.98065395384768,213.4143408905021,269.5319247028537,neutral,-3.3143851395856984e-05,0.33015
trend-decay-v2-medium-long,HON,2026-10-01,2026-10-02T02:23:53+00:00,252,213.800003,153.36814293418337,213.36220067302278,296.8245412971535,neutral,-3.3143851395856984e-05,0.33015
trend-decay-v2-medium-long,HONA,2026-10-01,2026-10-02T02:23:53+00:00,126,154.070007,75.57918675496613,145.93316566016435,281.7771631843819,down,-0.000996043340611042,0.930507
trend-decay-v2-medium-long,HONA,2026-10-01,2026-10-02T02:23:53+00:00,252,154.070007,57.12824651021432,144.86549327082275,367.34912101400784,down,-0.000996043340611042,0.930507
trend-decay-v2-medium-long,HOOD,2026-10-01,2026-10-02T02:23:53+00:00,126,111.150002,69.73842690277911,116.26494558309072,193.83198290783875,up,0.0008259177481821965,0.722833
trend-decay-v2-medium-long,HOOD,2026-10-01,2026-10-02T02:23:53+00:00,252,111.150002,56.776781300443815,116.97502637549947,240.999163428129,up,0.0008259177481821965,0.722833
trend-decay-v2-medium-long,HPE,2026-10-01,2026-10-02T02:23:53+00:00,126,64.580002,46.90314365974907,73.52345741564959,115.25237688896863,up,0.0023809523809523807,0.635717
trend-decay-v2-medium-long,HPE,2026-10-01,2026-10-02T02:23:53+00:00,252,64.580002,39.62421615665071,74.82540381121704,141.2984684259037,up,0.0023809523809523807,0.635717
trend-decay-v2-medium-long,HPQ,2026-10-01,2026-10-02T02:23:53+00:00,126,32.150002,24.463918385694917,34.22702843904274,47.88642020863101,up,0.0011492320274096204,0.474916
trend-decay-v2-medium-long,HPQ,2026-10-01,2026-10-02T02:23:53+00:00,252,32.150002,21.468184505780037,34.51824582510551,55.50116706522693,up,0.0011492320274096204,0.474916
trend-decay-v2-medium-long,HRL,2026-10-01,2026-10-02T02:23:53+00:00,126,19.959999,15.270142668332845,18.65911070045659,22.80020689354208,down,-0.0012372110832901918,0.283458
trend-decay-v2-medium-long,HRL,2026-10-01,2026-10-02T02:23:53+00:00,252,19.959999,13.925971112431498,18.48969448775974,24.549009867291183,down,-0.0012372110832901918,0.283458
trend-decay-v2-medium-long,HSIC,2026-10-01,2026-10-02T02:23:53+00:00,126,84.93,72.15353478302553,83.59704142655983,96.85548124965918,neutral,-0.0002904008083840277,0.208189
trend-decay-v2-medium-long,HSIC,2026-10-01,2026-10-02T02:23:53+00:00,252,84.93,67.74009339208318,83.41825965207933,102.72507306869143,neutral,-0.0002904008083840277,0.208189
trend-decay-v2-medium-long,HST,2026-10-01,2026-10-02T02:23:53+00:00,126,22.51,19.345813156335968,22.954123071873678,27.23544168140385,neutral,0.0003586658600388383,0.241861
trend-decay-v2-medium-long,HST,2026-10-01,2026-10-02T02:23:53+00:00,252,22.51,18.070499466245032,23.014897988224984,29.31216873102117,up,0.0003586658600388383,0.241861
trend-decay-v2-medium-long,HSY,2026-10-01,2026-10-02T02:23:53+00:00,126,159.300003,123.52281514449594,149.31356850237947,180.48926194593932,down,-0.001188471574260256,0.268167
trend-decay-v2-medium-long,HSY,2026-10-01,2026-10-02T02:23:53+00:00,252,159.300003,113.1958932487348,148.0110430805388,193.53413136332108,down,-0.001188471574260256,0.268167
trend-decay-v2-medium-long,HUBB,2026-10-01,2026-10-02T02:23:53+00:00,126,466.980011,373.1787385257567,475.31570842397633,605.4070056807193,neutral,0.0003247938229379375,0.342129
trend-decay-v2-medium-long,HUBB,2026-10-01,2026-10-02T02:23:53+00:00,252,466.980011,338.4054354469253,476.45519524116406,670.8212377631844,up,0.0003247938229379375,0.342129
trend-decay-v2-medium-long,HUM,2026-10-01,2026-10-02T02:23:53+00:00,126,379.679993,297.82306051012205,380.1712487183995,485.2887419280116,neutral,2.3736725654818953e-05,0.345241
trend-decay-v2-medium-long,HUM,2026-10-01,2026-10-02T02:23:53+00:00,252,379.679993,269.22724461748703,380.23778176378755,537.021321471619,neutral,2.3736725654818953e-05,0.345241
trend-decay-v2-medium-long,HWM,2026-10-01,2026-10-02T02:23:53+00:00,126,228.380005,164.61814752792768,213.67152821603085,277.34197386973113,down,-0.0012220721690365754,0.368843
trend-decay-v2-medium-long,HWM,2026-10-01,2026-10-02T02:23:53+00:00,252,228.380005,146.43585966021334,211.75512039620568,306.21072678548734,down,-0.0012220721690365754,0.368843
trend-decay-v2-medium-long,IBKR,2026-10-01,2026-10-02T02:23:53+00:00,126,85.809998,63.39618896227157,83.9273205271148,111.10754835835601,down,-0.0004072472013329482,0.396754
trend-decay-v2-medium-long,IBKR,2026-10-01,2026-10-02T02:23:53+00:00,252,85.809998,56.271875843556565,83.67572147147514,124.42496822457733,down,-0.0004072472013329482,0.396754
trend-decay-v2-medium-long,IBM,2026-10-01,2026-10-02T02:23:53+00:00,126,225.619995,144.67213726040916,217.55805248205314,327.16393837873085,down,-0.0006679609573731239,0.576993
trend-decay-v2-medium-long,IBM,2026-10-01,2026-10-02T02:23:53+00:00,252,225.619995,121.57706675701174,216.48935031406364,385.4973643432006,down,-0.0006679609573731239,0.576993
trend-decay-v2-medium-long,ICE,2026-10-01,2026-10-02T02:23:53+00:00,126,151.470001,124.04506275680397,149.48170652161392,180.1343809097979,neutral,-0.00024256711457038157,0.263792
trend-decay-v2-medium-long,ICE,2026-10-01,2026-10-02T02:23:53+00:00,252,151.470001,114.6167275786636,149.21463287624317,194.25617128277497,neutral,-0.00024256711457038157,0.263792
trend-decay-v2-medium-long,IDXX,2026-10-01,2026-10-02T02:23:53+00:00,126,517.75,407.215200026249,501.0396801937911,616.4818040007212,down,-0.00060225565089698,0.293228
trend-decay-v2-medium-long,IDXX,2026-10-01,2026-10-02T02:23:53+00:00,252,517.75,372.04593512973565,498.8200094518778,668.792152621706,down,-0.00060225565089698,0.293228
trend-decay-v2-medium-long,IEX,2026-10-01,2026-10-02T02:23:53+00:00,126,229.850006,205.45611620511767,234.93488618327834,268.64325952139814,up,0.0004016869821898226,0.189612
trend-decay-v2-medium-long,IEX,2026-10-01,2026-10-02T02:23:53+00:00,252,229.850006,194.93335434380575,235.6316374961183,284.82692854695847,up,0.0004016869821898226,0.189612
trend-decay-v2-medium-long,IFF,2026-10-01,2026-10-02T02:23:53+00:00,126,83.120003,65.70459643327301,82.21362367809229,102.87073180865256,neutral,-0.00020127732686557937,0.316999
trend-decay-v2-medium-long,IFF,2026-10-01,2026-10-02T02:23:53+00:00,252,83.120003,59.7899844149404,82.09172028533492,112.71203037346346,neutral,-0.00020127732686557937,0.316999
trend-decay-v2-medium-long,ILMN,2026-10-01,2026-10-02T02:23:53+00:00,126,265.720001,217.73224107752102,302.51862144584436,420.32138129194345,up,0.0023809523809523807,0.465102
trend-decay-v2-medium-long,ILMN,2026-10-01,2026-10-02T02:23:53+00:00,252,265.720001,193.3677431270421,307.8755924402418,490.19230864247515,up,0.0023809523809523807,0.465102
trend-decay-v2-medium-long,INCY,2026-10-01,2026-10-02T02:23:53+00:00,126,117.139999,88.42992964991267,114.50669155650505,148.27312950632358,down,-0.0004173840835949485,0.365465
trend-decay-v2-medium-long,INCY,2026-10-01,2026-10-02T02:23:53+00:00,252,117.139999,79.20910134545417,114.15488974511143,164.51820095628966,down,-0.0004173840835949485,0.365465
trend-decay-v2-medium-long,INTC,2026-10-01,2026-10-02T02:23:53+00:00,126,120.0,77.17291667524975,136.618374367315,241.85402105909756,up,0.0023809523809523807,0.807718
trend-decay-v2-medium-long,INTC,2026-10-01,2026-10-02T02:23:53+00:00,252,120.0,61.99330509951722,139.03759955513854,311.8313188661658,up,0.0023809523809523807,0.807718
trend-decay-v2-medium-long,INTU,2026-10-01,2026-10-02T02:23:53+00:00,126,282.779999,185.41179721618644,255.82868702796992,352.9889580334716,down,-0.0018387010927501126,0.455276
trend-decay-v2-medium-long,INTU,2026-10-01,2026-10-02T02:23:53+00:00,252,282.779999,160.08047985311856,252.38423992608753,397.9111295862848,down,-0.0018387010927501126,0.455276
trend-decay-v2-medium-long,INVH,2026-10-01,2026-10-02T02:23:53+00:00,126,26.4,21.992617497846023,24.961345294610396,28.33081414605572,down,-0.0010286686574864394,0.17907
trend-decay-v2-medium-long,INVH,2026-10-01,2026-10-02T02:23:53+00:00,252,26.4,20.71120483751701,24.772764655214573,29.630814502446945,down,-0.0010286686574864394,0.17907
trend-decay-v2-medium-long,IP,2026-10-01,2026-10-02T02:23:53+00:00,126,32.52,22.089492498212586,30.299912749466575,41.56205547499905,down,-0.0012980616658030827,0.446952
trend-decay-v2-medium-long,IP,2026-10-01,2026-10-02T02:23:53+00:00,252,32.52,19.194489141297954,30.01133711007646,46.92390344459814,down,-0.0012980616658030827,0.446952
trend-decay-v2-medium-long,IQV,2026-10-01,2026-10-02T02:23:53+00:00,126,260.720001,203.9289247723355,270.7079658438792,359.35462736903645,up,0.0006901213318894193,0.400603
trend-decay-v2-medium-long,IQV,2026-10-01,2026-10-02T02:23:53+00:00,252,260.720001,182.27660872173882,272.0887667627212,406.15357898980494,up,0.0006901213318894193,0.400603
trend-decay-v2-medium-long,IR,2026-10-01,2026-10-02T02:23:53+00:00,126,75.25,59.832694353334745,74.92099187419868,93.81417775148041,neutral,-8.043831756538309e-05,0.318031
trend-decay-v2-medium-long,IR,2026-10-01,2026-10-02T02:23:53+00:00,252,75.25,54.47871670435295,74.87657611848594,102.91177895494461,neutral,-8.043831756538309e-05,0.318031
trend-decay-v2-medium-long,IRM,2026-10-01,2026-10-02T02:23:53+00:00,126,111.129997,88.58110693030014,109.54780715951355,135.47721934543802,neutral,-0.00026323830632325756,0.300439
trend-decay-v2-medium-long,IRM,2026-10-01,2026-10-02T02:23:53+00:00,252,111.129997,80.96212022148099,109.33541877576182,147.652183097096,neutral,-0.00026323830632325756,0.300439
trend-decay-v2-medium-long,ISRG,2026-10-01,2026-10-02T02:23:53+00:00,126,401.23999,304.2990475885483,412.5719013384343,559.3693937687385,up,0.0005112683587365028,0.430486
trend-decay-v2-medium-long,ISRG,2026-10-01,2026-10-02T02:23:53+00:00,252,401.23999,269.26437096642456,414.12989832222553,636.9337765290982,up,0.0005112683587365028,0.430486
trend-decay-v2-medium-long,IT,2026-10-01,2026-10-02T02:23:53+00:00,126,192.800003,125.33042978507588,201.65920420082,324.4737507774071,up,0.0008247213035680875,0.672636
trend-decay-v2-medium-long,IT,2026-10-01,2026-10-02T02:23:53+00:00,252,192.800003,103.54675047308146,202.88903543460555,397.53986012613524,up,0.0008247213035680875,0.672636
trend-decay-v2-medium-long,ITW,2026-10-01,2026-10-02T02:23:53+00:00,126,260.839996,219.05922071687044,255.8059399353538,298.71684329045155,neutral,-0.00035775069296161875,0.219312
trend-decay-v2-medium-long,ITW,2026-10-01,2026-10-02T02:23:53+00:00,252,260.839996,204.8892699827427,255.13216034972183,317.69559845763877,down,-0.00035775069296161875,0.219312
trend-decay-v2-medium-long,IVZ,2026-10-01,2026-10-02T02:23:53+00:00,126,30.42,23.732042163368767,30.259898993366267,38.583341491870605,neutral,-9.6870586615339e-05,0.34365
trend-decay-v2-medium-long,IVZ,2026-10-01,2026-10-02T02:23:53+00:00,252,30.42,21.444307325819064,30.238296510970567,42.63856892148188,neutral,-9.6870586615339e-05,0.34365
trend-decay-v2-medium-long,J,2026-10-01,2026-10-02T02:23:53+00:00,126,139.789993,114.06937868436157,138.38368318242973,167.8806704481549,neutral,-0.0001856138535243262,0.273259
trend-decay-v2-medium-long,J,2026-10-01,2026-10-02T02:23:53+00:00,252,139.789993,105.15156133924859,138.1944499151595,181.6207552614359,neutral,-0.0001856138535243262,0.273259
trend-decay-v2-medium-long,JBHT,2026-10-01,2026-10-02T02:23:53+00:00,126,227.199997,160.31042255408613,210.998567703171,277.7136686653619,down,-0.0013580698160035201,0.38854
trend-decay-v2-medium-long,JBHT,2026-10-01,2026-10-02T02:23:53+00:00,252,227.199997,141.64151622465468,208.89658731238083,308.0861131248141,down,-0.0013580698160035201,0.38854
trend-decay-v2-medium-long,JBL,2026-10-01,2026-10-02T02:23:53+00:00,126,299.790009,206.40468290370168,297.4489206577013,428.6523888690549,neutral,-0.0001439175068120038,0.516759
trend-decay-v2-medium-long,JBL,2026-10-01,2026-10-02T02:23:53+00:00,252,299.790009,177.22542696760112,297.13349648264926,498.1695699237596,neutral,-0.0001439175068120038,0.516759
trend-decay-v2-medium-long,JCI,2026-10-01,2026-10-02T02:23:53+00:00,126,151.770004,127.34571580423687,159.4758970902765,199.71273938924531,up,0.000909179860923223,0.31818
trend-decay-v2-medium-long,JCI,2026-10-01,2026-10-02T02:23:53+00:00,252,151.770004,116.79444219729179,160.54840491142832,220.69363776799332,up,0.000909179860923223,0.31818
trend-decay-v2-medium-long,JKHY,2026-10-01,2026-10-02T02:23:53+00:00,126,143.839996,105.32573549944614,133.44286352328064,169.06597177654209,down,-0.0013773233923161632,0.334625
trend-decay-v2-medium-long,JKHY,2026-10-01,2026-10-02T02:23:53+00:00,252,143.839996,94.5278445428445,132.09474659542727,184.59134620594696,down,-0.0013773233923161632,0.334625
trend-decay-v2-medium-long,JNJ,2026-10-01,2026-10-02T02:23:53+00:00,126,258.660004,214.23965065215953,253.2220085471404,299.2974709278061,down,-0.0003900560502750514,0.236416
trend-decay-v2-medium-long,JNJ,2026-10-01,2026-10-02T02:23:53+00:00,252,258.660004,199.3326470148276,252.4948928583177,319.8355707120618,down,-0.0003900560502750514,0.236416
trend-decay-v2-medium-long,JPM,2026-10-01,2026-10-02T02:23:53+00:00,126,333.179993,280.8794666326146,324.811123409423,375.61402104371876,down,-0.00046699464309669106,0.205511
trend-decay-v2-medium-long,JPM,2026-10-01,2026-10-02T02:23:53+00:00,252,333.179993,263.56237551432906,323.694787907141,397.54655995105253,down,-0.00046699464309669106,0.205511
trend-decay-v2-medium-long,KDP,2026-10-01,2026-10-02T02:23:53+00:00,126,30.690001,24.506690779888533,30.099157004502164,36.96783301012428,neutral,-0.00035686346121734065,0.290693
trend-decay-v2-medium-long,KDP,2026-10-01,2026-10-02T02:23:53+00:00,252,30.690001,22.447366061334233,30.02007374235028,40.1474642964228,down,-0.00035686346121734065,0.290693
trend-decay-v2-medium-long,KEY,2026-10-01,2026-10-02T02:23:53+00:00,126,20.049999,16.573237706476412,19.292602004054057,22.458164100390732,down,-0.0007068965770970402,0.214865
trend-decay-v2-medium-long,KEY,2026-10-01,2026-10-02T02:23:53+00:00,252,20.049999,15.48149279122345,19.192321881640794,23.79261639532107,down,-0.0007068965770970402,0.214865
trend-decay-v2-medium-long,KEYS,2026-10-01,2026-10-02T02:23:53+00:00,126,373.880005,299.78831898337825,411.25150933882173,564.1574178306668,up,0.00174891293742485,0.447073
trend-decay-v2-medium-long,KEYS,2026-10-01,2026-10-02T02:23:53+00:00,252,373.880005,266.4070424402679,416.5882708240042,651.4309298976029,up,0.00174891293742485,0.447073
trend-decay-v2-medium-long,KHC,2026-10-01,2026-10-02T02:23:53+00:00,126,22.459999,16.727443558946877,20.837769037525945,25.95809795627922,down,-0.0013762329668459757,0.310726
trend-decay-v2-medium-long,KHC,2026-10-01,2026-10-02T02:23:53+00:00,252,22.459999,15.118138419929165,20.627419672546626,28.144367416723064,down,-0.0013762329668459757,0.310726
trend-decay-v2-medium-long,KIM,2026-10-01,2026-10-02T02:23:53+00:00,126,22.209999,18.623580074284693,21.133704077238356,23.982147698926557,down,-0.0009118770274245863,0.178814
trend-decay-v2-medium-long,KIM,2026-10-01,2026-10-02T02:23:53+00:00,252,22.209999,17.554889965344636,20.992107664967122,25.102326764081223,down,-0.0009118770274245863,0.178814
trend-decay-v2-medium-long,KKR,2026-10-01,2026-10-02T02:23:53+00:00,126,91.239998,65.50754040156514,84.86674360861319,109.947101151702,down,-0.001329280660750049,0.366164
trend-decay-v2-medium-long,KKR,2026-10-01,2026-10-02T02:23:53+00:00,252,91.239998,58.27181514234139,84.03913063082099,121.20054026002693,down,-0.001329280660750049,0.366164
trend-decay-v2-medium-long,KLAC,2026-10-01,2026-10-02T02:23:53+00:00,126,200.330002,124.59050656618973,213.95675995146564,367.42362151493006,up,0.0012080638456944302,0.764724
trend-decay-v2-medium-long,KLAC,2026-10-01,2026-10-02T02:23:53+00:00,252,200.330002,100.47973566593926,215.87079814981416,463.7771107277544,up,0.0012080638456944302,0.764724
trend-decay-v2-medium-long,KMB,2026-10-01,2026-10-02T02:23:53+00:00,126,94.339996,71.77681540582763,87.41147104993524,106.45171742313475,down,-0.0014002806056473197,0.278692
trend-decay-v2-medium-long,KMB,2026-10-01,2026-10-02T02:23:53+00:00,252,94.339996,65.47126345121703,86.51374650437133,114.3192897109654,down,-0.0014002806056473197,0.278692
trend-decay-v2-medium-long,KMI,2026-10-01,2026-10-02T02:23:53+00:00,126,30.530001,25.59730989150093,29.644070588059474,34.33059664295547,down,-0.0005405841434540329,0.207571
trend-decay-v2-medium-long,KMI,2026-10-01,2026-10-02T02:23:53+00:00,252,30.530001,23.99164897769484,29.5261647384577,36.3374107787695,down,-0.0005405841434540329,0.207571
trend-decay-v2-medium-long,KO,2026-10-01,2026-10-02T02:23:53+00:00,126,86.099998,73.3344176605639,85.7499668873641,100.26747406952134,neutral,-7.478241911112325e-05,0.221191
trend-decay-v2-medium-long,KO,2026-10-01,2026-10-02T02:23:53+00:00,252,86.099998,68.69616574723426,85.70270477989014,106.91941139210837,neutral,-7.478241911112325e-05,0.221191
trend-decay-v2-medium-long,KR,2026-10-01,2026-10-02T02:23:53+00:00,126,59.48,48.04959087497174,59.99918093433652,74.920548692255,neutral,0.00015954049713911303,0.314093
trend-decay-v2-medium-long,KR,2026-10-01,2026-10-02T02:23:53+00:00,252,59.48,43.87804501746562,60.069791715038136,82.23656900055032,neutral,0.00015954049713911303,0.314093
trend-decay-v2-medium-long,KVUE,2026-10-01,2026-10-02T02:23:53+00:00,126,17.219999,13.86653779716586,16.3517954159713,19.28247823911959,down,-0.0009496981110873766,0.233146
trend-decay-v2-medium-long,KVUE,2026-10-01,2026-10-02T02:23:53+00:00,252,17.219999,12.860882017424021,16.237709799186703,20.501177070545463,down,-0.0009496981110873766,0.233146
trend-decay-v2-medium-long,L,2026-10-01,2026-10-02T02:23:53+00:00,126,105.050003,92.20357099682843,102.41435058529007,113.75588919617321,down,-0.0004664549680424058,0.148532
trend-decay-v2-medium-long,L,2026-10-01,2026-10-02T02:23:53+00:00,252,105.050003,87.97529429111276,102.06277124562986,118.40607477672366,down,-0.0004664549680424058,0.148532
trend-decay-v2-medium-long,LDOS,2026-10-01,2026-10-02T02:23:53+00:00,126,121.970001,87.96214952726568,115.2090668129074,150.89591542765427,down,-0.0010468627146293333,0.381614
trend-decay-v2-medium-long,LDOS,2026-10-01,2026-10-02T02:23:53+00:00,252,121.970001,78.05523596599043,114.32333771895857,167.4432904526447,down,-0.0010468627146293333,0.381614
trend-decay-v2-medium-long,LEN,2026-10-01,2026-10-02T02:23:53+00:00,126,82.110001,61.98145009696593,81.19276928760259,106.35868916065522,neutral,-0.00020622047604430306,0.381825
trend-decay-v2-medium-long,LEN,2026-10-01,2026-10-02T02:23:53+00:00,252,82.110001,55.339165164514846,81.06942518935993,118.76311615823857,neutral,-0.00020622047604430306,0.381825
trend-decay-v2-medium-long,LH,2026-10-01,2026-10-02T02:23:53+00:00,126,304.600006,249.6170298734683,297.2858855838538,354.05796556499274,down,-0.0004461809565000135,0.247157
trend-decay-v2-medium-long,LH,2026-10-01,2026-10-02T02:23:53+00:00,252,304.600006,231.42316123634808,296.30961418564107,379.38893838363737,down,-0.0004461809565000135,0.247157
trend-decay-v2-medium-long,LHX,2026-10-01,2026-10-02T02:23:53+00:00,126,238.399994,177.70158881505682,220.29272787276076,273.0920206016207,down,-0.0014501017917934193,0.303846
trend-decay-v2-medium-long,LHX,2026-10-01,2026-10-02T02:23:53+00:00,252,238.399994,160.84171555752198,217.95023310300184,295.3357214886492,down,-0.0014501017917934193,0.303846
trend-decay-v2-medium-long,LII,2026-10-01,2026-10-02T02:23:53+00:00,126,360.459991,240.16851705706057,336.0998130012684,470.34926010993,down,-0.0012845201020556625,0.475271
trend-decay-v2-medium-long,LII,2026-10-01,2026-10-02T02:23:53+00:00,252,360.459991,206.98935999752095,332.93204196355475,535.5045523467958,down,-0.0012845201020556625,0.475271
trend-decay-v2-medium-long,LIN,2026-10-01,2026-10-02T02:23:53+00:00,126,469.450012,394.70891351523295,454.76074573236514,523.9489881727121,down,-0.0005835893611634803,0.200285
trend-decay-v2-medium-long,LIN,2026-10-01,2026-10-02T02:23:53+00:00,252,469.450012,370.62252346125956,452.808404399184,553.219079023315,down,-0.0005835893611634803,0.200285
trend-decay-v2-medium-long,LITE,2026-10-01,2026-10-02T02:23:53+00:00,126,1045.780029,609.1680147583245,1186.6927426818793,2311.7426250498925,up,0.002320510132926554,0.943042
trend-decay-v2-medium-long,LITE,2026-10-01,2026-10-02T02:23:53+00:00,252,1045.780029,470.12135389162046,1207.1685573065236,3099.7441696414885,up,0.002320510132926554,0.943042
trend-decay-v2-medium-long,LLY,2026-10-01,2026-10-02T02:23:53+00:00,126,1149.849976,919.550728379314,1146.0876484390938,1428.433317887414,neutral,-6.016426510315227e-05,0.311444
trend-decay-v2-medium-long,LLY,2026-10-01,2026-10-02T02:23:53+00:00,252,1149.849976,839.009333662143,1145.5794194181358,1564.168780418906,neutral,-6.016426510315227e-05,0.311444
trend-decay-v2-medium-long,LMT,2026-10-01,2026-10-02T02:23:53+00:00,126,505.5,383.5595294991254,482.3958376850732,606.7004632104027,down,-0.0008588157090124431,0.324237
trend-decay-v2-medium-long,LMT,2026-10-01,2026-10-02T02:23:53+00:00,252,505.5,346.608750474685,479.35124825242997,662.9308085455991,down,-0.0008588157090124431,0.324237
trend-decay-v2-medium-long,LNT,2026-10-01,2026-10-02T02:23:53+00:00,126,63.709999,53.37939094088073,60.53423852018644,68.64810498263739,down,-0.0009386588983039675,0.177886
trend-decay-v2-medium-long,LNT,2026-10-01,2026-10-02T02:23:53+00:00,252,63.709999,50.320025265902956,60.116786648544135,71.82087087296145,down,-0.0009386588983039675,0.177886
trend-decay-v2-medium-long,LOW,2026-10-01,2026-10-02T02:23:53+00:00,126,182.380005,140.05854965721957,170.07613866252134,206.52714891841055,down,-0.0012821969409451577,0.27462
trend-decay-v2-medium-long,LOW,2026-10-01,2026-10-02T02:23:53+00:00,252,182.380005,128.01834203205573,168.47604116974077,221.71960671948707,down,-0.0012821969409451577,0.27462
trend-decay-v2-medium-long,LRCX,2026-10-01,2026-10-02T02:23:53+00:00,126,340.100006,210.54230071973447,369.1507256220499,647.2440823598969,up,0.0015046720700589412,0.794107
trend-decay-v2-medium-long,LRCX,2026-10-01,2026-10-02T02:23:53+00:00,252,340.100006,168.71161397921261,373.2684370426897,825.8431225099864,up,0.0015046720700589412,0.794107
trend-decay-v2-medium-long,LULU,2026-10-01,2026-10-02T02:23:53+00:00,126,95.860001,59.09602013928153,84.27511598977958,120.18229245136348,down,-0.0023644758450041096,0.501937
trend-decay-v2-medium-long,LULU,2026-10-01,2026-10-02T02:23:53+00:00,252,95.860001,50.134939474744584,82.81880587773053,136.80987109734926,down,-0.0023644758450041096,0.501937
trend-decay-v2-medium-long,LUV,2026-10-01,2026-10-02T02:23:53+00:00,126,41.84,33.332786804458685,43.27147327447633,56.173532994044756,up,0.0006175580674918757,0.369042
trend-decay-v2-medium-long,LUV,2026-10-01,2026-10-02T02:23:53+00:00,252,41.84,30.05425916457435,43.46892812399397,62.871212426231,up,0.0006175580674918757,0.369042
trend-decay-v2-medium-long,LVS,2026-10-01,2026-10-02T02:23:53+00:00,126,36.689999,27.64323451226257,32.698948358322426,38.679309516617145,down,-0.0021140645761584353,0.237534
trend-decay-v2-medium-long,LVS,2026-10-01,2026-10-02T02:23:53+00:00,252,36.689999,25.386652169126922,32.19327342058153,40.82487311157596,down,-0.0021140645761584353,0.237534
trend-decay-v2-medium-long,LYB,2026-10-01,2026-10-02T02:23:53+00:00,126,57.779999,43.08900855072513,54.63396231626392,69.2721865452324,down,-0.0010277764468629971,0.335717
trend-decay-v2-medium-long,LYB,2026-10-01,2026-10-02T02:23:53+00:00,252,57.779999,38.75895003056791,54.221564464246825,75.85288173781306,down,-0.0010277764468629971,0.335717
trend-decay-v2-medium-long,LYV,2026-10-01,2026-10-02T02:23:53+00:00,126,166.850006,135.8017144696683,161.14724455491267,191.22317070187626,down,-0.0006384111705187563,0.242004
trend-decay-v2-medium-long,LYV,2026-10-01,2026-10-02T02:23:53+00:00,252,166.850006,125.9151151516456,160.39058402900162,204.3054117385527,down,-0.0006384111705187563,0.242004
trend-decay-v2-medium-long,MA,2026-10-01,2026-10-02T02:23:53+00:00,126,550.0,464.08177130505607,539.2135318020017,626.5086259707193,neutral,-0.00036359855228596205,0.212204
trend-decay-v2-medium-long,MA,2026-10-01,2026-10-02T02:23:53+00:00,252,550.0,434.9482769426167,537.770086569656,664.8989807293556,down,-0.00036359855228596205,0.212204
trend-decay-v2-medium-long,MAA,2026-10-01,2026-10-02T02:23:53+00:00,126,116.379997,94.50562199152672,108.75655506924375,125.15645123831821,down,-0.0012436920655699796,0.19863
trend-decay-v2-medium-long,MAA,2026-10-01,2026-10-02T02:23:53+00:00,252,116.379997,88.35061425412104,107.76394615162664,131.44298076715415,down,-0.0012436920655699796,0.19863
trend-decay-v2-medium-long,MAR,2026-10-01,2026-10-02T02:23:53+00:00,126,354.790009,303.7511158425054,363.41127814541437,434.78937259858725,up,0.00044074520291512316,0.253606
trend-decay-v2-medium-long,MAR,2026-10-01,2026-10-02T02:23:53+00:00,252,354.790009,282.9240448624986,364.5940230382796,469.83918139527907,up,0.00044074520291512316,0.253606
trend-decay-v2-medium-long,MAS,2026-10-01,2026-10-02T02:23:53+00:00,126,68.279999,51.09881763484642,66.47319058788418,86.47333287649084,down,-0.0004923124139449182,0.371991
trend-decay-v2-medium-long,MAS,2026-10-01,2026-10-02T02:23:53+00:00,252,68.279999,45.65797420814783,66.23236715138485,96.07799151310171,down,-0.0004923124139449182,0.371991
trend-decay-v2-medium-long,MCD,2026-10-01,2026-10-02T02:23:53+00:00,126,231.830002,182.17995570538403,214.0353238411819,251.46081342715866,down,-0.0014660841336182249,0.227895
trend-decay-v2-medium-long,MCD,2026-10-01,2026-10-02T02:23:53+00:00,252,231.830002,168.5846075134282,211.73441831023905,265.9285717624271,down,-0.0014660841336182249,0.227895
trend-decay-v2-medium-long,MCHP,2026-10-01,2026-10-02T02:23:53+00:00,126,78.5,54.6985124910361,81.84008598034559,122.44939337917062,up,0.0007649271471129046,0.56983
trend-decay-v2-medium-long,MCHP,2026-10-01,2026-10-02T02:23:53+00:00,252,78.5,46.55229930936154,82.30290435414085,145.50877541218833,up,0.0007649271471129046,0.56983
trend-decay-v2-medium-long,MCK,2026-10-01,2026-10-02T02:23:53+00:00,126,898.820007,727.888552505788,906.9921712812312,1130.1658693950965,neutral,0.00016615338148194737,0.311107
trend-decay-v2-medium-long,MCK,2026-10-01,2026-10-02T02:23:53+00:00,252,898.820007,665.309097435871,908.1038468509283,1239.5029616214476,neutral,0.00016615338148194737,0.311107
trend-decay-v2-medium-long,MCO,2026-10-01,2026-10-02T02:23:53+00:00,126,447.359985,352.0699279359544,424.07842352603933,510.81474170394404,down,-0.0009811162632527236,0.263169
trend-decay-v2-medium-long,MCO,2026-10-01,2026-10-02T02:23:53+00:00,252,447.359985,323.602650906715,421.02212134950264,547.7693899260856,down,-0.0009811162632527236,0.263169
trend-decay-v2-medium-long,MDLZ,2026-10-01,2026-10-02T02:23:53+00:00,126,57.759998,46.7116922996599,55.843143084727814,66.75965857918808,down,-0.0006195578048874194,0.252511
trend-decay-v2-medium-long,MDLZ,2026-10-01,2026-10-02T02:23:53+00:00,252,57.759998,43.18392056688587,55.58865962439962,71.55670532626199,down,-0.0006195578048874194,0.252511
trend-decay-v2-medium-long,MDT,2026-10-01,2026-10-02T02:23:53+00:00,126,86.440002,68.82832218631454,84.31566684288559,103.2878827979628,down,-0.00045678519754925844,0.287018
trend-decay-v2-medium-long,MDT,2026-10-01,2026-10-02T02:23:53+00:00,252,86.440002,63.06602320596588,84.03220893339547,111.9685653107399,down,-0.00045678519754925844,0.287018
trend-decay-v2-medium-long,MET,2026-10-01,2026-10-02T02:23:53+00:00,126,94.349998,81.47051260104516,95.5292129859074,112.0139083743753,neutral,0.0002280147087422177,0.22513
trend-decay-v2-medium-long,MET,2026-10-01,2026-10-02T02:23:53+00:00,252,94.349998,76.40002890105413,95.68993059293724,119.85025331259803,neutral,0.0002280147087422177,0.22513
trend-decay-v2-medium-long,META,2026-10-01,2026-10-02T02:23:53+00:00,126,725.929993,582.4299797245604,826.4614629011363,1172.7393393858351,up,0.0023809523809523807,0.494896
trend-decay-v2-medium-long,META,2026-10-01,2026-10-02T02:23:53+00:00,252,725.929993,512.7611980771289,841.0963639316543,1379.6736103901474,up,0.0023809523809523807,0.494896
trend-decay-v2-medium-long,MGM,2026-10-01,2026-10-02T02:23:53+00:00,126,30.469999,21.86443239345331,26.76360260420994,32.760531417707696,down,-0.0023809523809523807,0.285928
trend-decay-v2-medium-long,MGM,2026-10-01,2026-10-02T02:23:53+00:00,252,30.469999,19.758067837025774,26.29792150971343,35.00244464365364,down,-0.0023809523809523807,0.285928
trend-decay-v2-medium-long,MKC,2026-10-01,2026-10-02T02:23:53+00:00,126,44.139999,31.673671504846123,39.389955456784016,48.98606688681595,down,-0.002090094150825091,0.308334
trend-decay-v2-medium-long,MKC,2026-10-01,2026-10-02T02:23:53+00:00,252,44.139999,28.49612677715781,38.787660802007615,52.79603934446189,down,-0.002090094150825091,0.308334
trend-decay-v2-medium-long,MLM,2026-10-01,2026-10-02T02:23:53+00:00,126,479.170013,363.6265700744608,455.4174051332181,570.3791470898367,down,-0.0009333114870027282,0.318321
trend-decay-v2-medium-long,MLM,2026-10-01,2026-10-02T02:23:53+00:00,252,479.170013,328.98520439439267,452.29461848733314,621.8225597384617,down,-0.0009333114870027282,0.318321
trend-decay-v2-medium-long,MMM,2026-10-01,2026-10-02T02:23:53+00:00,126,163.020004,135.6657254793566,160.63610159784005,190.20247778410337,neutral,-0.00027042960231754836,0.238928
trend-decay-v2-medium-long,MMM,2026-10-01,2026-10-02T02:23:53+00:00,252,163.020004,126.24442351307184,160.3161650455683,203.58343014063263,neutral,-0.00027042960231754836,0.238928
trend-decay-v2-medium-long,MNST,2026-10-01,2026-10-02T02:23:53+00:00,126,42.139999,34.34919046796175,40.54497946730507,47.85834360601561,down,-0.0007083289216976116,0.234524
trend-decay-v2-medium-long,MNST,2026-10-01,2026-10-02T02:23:53+00:00,252,42.139999,31.90191351772883,40.333806685889705,50.994306685417214,down,-0.0007083289216976116,0.234524
trend-decay-v2-medium-long,MO,2026-10-01,2026-10-02T02:23:53+00:00,126,66.949997,53.35092941363532,65.34616902212058,80.03837707794838,down,-0.00044511631452422997,0.286813
trend-decay-v2-medium-long,MO,2026-10-01,2026-10-02T02:23:53+00:00,252,66.949997,48.89153693371264,65.13208680541345,86.7673425235024,down,-0.00044511631452422997,0.286813
trend-decay-v2-medium-long,MOS,2026-10-01,2026-10-02T02:23:53+00:00,126,21.549999,14.6778359818602,20.135019961067556,27.621171767665984,down,-0.0012467477629106846,0.447064
trend-decay-v2-medium-long,MOS,2026-10-01,2026-10-02T02:23:53+00:00,252,21.549999,12.758596311589958,19.950800441994932,31.197353420041132,down,-0.0012467477629106846,0.447064
trend-decay-v2-medium-long,MPC,2026-10-01,2026-10-02T02:23:53+00:00,126,420.149994,361.7763034960285,464.6099946765252,596.6738149163782,up,0.001846509954788217,0.353797
trend-decay-v2-medium-long,MPC,2026-10-01,2026-10-02T02:23:53+00:00,252,420.149994,330.63473375383273,470.977933520744,670.8920485910654,up,0.001846509954788217,0.353797
trend-decay-v2-medium-long,MPWR,2026-10-01,2026-10-02T02:23:53+00:00,126,1360.969971,926.4911713886238,1442.7135804043082,2246.5648236705642,up,0.0010707538118209755,0.626322
trend-decay-v2-medium-long,MPWR,2026-10-01,2026-10-02T02:23:53+00:00,252,1360.969971,777.3206184382582,1454.1472155097517,2720.298515460928,up,0.0010707538118209755,0.626322
trend-decay-v2-medium-long,MRK,2026-10-01,2026-10-02T02:23:53+00:00,126,143.809998,112.30254605751976,143.2407564429699,182.7021294409945,neutral,-7.280818135172803e-05,0.344121
trend-decay-v2-medium-long,MRK,2026-10-01,2026-10-02T02:23:53+00:00,252,143.809998,101.48074406640238,143.1638912783455,201.96836310686436,neutral,-7.280818135172803e-05,0.344121
trend-decay-v2-medium-long,MRNA,2026-10-01,2026-10-02T02:23:53+00:00,126,188.940002,22.57241429317689,215.10563271831037,2049.8663823094494,up,0.0023809523809523807,3.188204
trend-decay-v2-medium-long,MRNA,2026-10-01,2026-10-02T02:23:53+00:00,252,188.940002,9.029330013883554,218.91470281685895,5307.552945313324,up,0.0023809523809523807,3.188204
trend-decay-v2-medium-long,MRSH,2026-10-01,2026-10-02T02:23:53+00:00,126,171.850006,136.2852190865977,164.57930364111667,198.74750445082236,down,-0.0007935821245940208,0.266781
trend-decay-v2-medium-long,MRSH,2026-10-01,2026-10-02T02:23:53+00:00,252,171.850006,125.30629086531452,163.61924751061156,213.64656132638905,down,-0.0007935821245940208,0.266781
trend-decay-v2-medium-long,MRVL,2026-10-01,2026-10-02T02:23:53+00:00,126,268.079987,158.63330060139043,305.2054335362579,587.2055634404334,up,0.0023809523809523807,0.925447
trend-decay-v2-medium-long,MRVL,2026-10-01,2026-10-02T02:23:53+00:00,252,268.079987,123.11157390286712,310.6099823437729,783.6676769945188,up,0.0023809523809523807,0.925447
trend-decay-v2-medium-long,MS,2026-10-01,2026-10-02T02:23:53+00:00,126,188.009995,144.6248011933794,176.98261287272547,216.580040219899,down,-0.001109589294441662,0.285542
trend-decay-v2-medium-long,MS,2026-10-01,2026-10-02T02:23:53+00:00,252,188.009995,131.93763376785793,175.54077278442202,233.55400600839778,down,-0.001109589294441662,0.285542
trend-decay-v2-medium-long,MSCI,2026-10-01,2026-10-02T02:23:53+00:00,126,545.390015,426.4047964750832,532.9055118150128,666.0063087245678,down,-0.0004251033978601317,0.315306
trend-decay-v2-medium-long,MSCI,2026-10-01,2026-10-02T02:23:53+00:00,252,545.390015,387.5729809730998,531.2380198188486,728.156624830973,down,-0.0004251033978601317,0.315306
trend-decay-v2-medium-long,MSFT,2026-10-01,2026-10-02T02:23:53+00:00,126,512.799988,404.94611568603113,536.5197175142259,710.8437298969616,up,0.0008300755091060995,0.397888
trend-decay-v2-medium-long,MSFT,2026-10-01,2026-10-02T02:23:53+00:00,252,512.799988,362.61252045771005,539.8130238085919,803.6073886956696,up,0.0008300755091060995,0.397888
trend-decay-v2-medium-long,MSI,2026-10-01,2026-10-02T02:23:53+00:00,126,448.029999,363.21239711814553,432.38228107512543,514.7248234671802,down,-0.0006526079516339732,0.246529
trend-decay-v2-medium-long,MSI,2026-10-01,2026-10-02T02:23:53+00:00,252,448.029999,336.28866930794294,430.30700797390875,550.610644992921,down,-0.0006526079516339732,0.246529
trend-decay-v2-medium-long,MTB,2026-10-01,2026-10-02T02:23:53+00:00,126,217.350006,180.7698826886472,209.44742896553407,242.67441482954214,down,-0.0006798894227179502,0.20824
trend-decay-v2-medium-long,MTB,2026-10-01,2026-10-02T02:23:53+00:00,252,217.350006,169.22352358442203,208.40024089097082,256.6467089414317,down,-0.0006798894227179502,0.20824
trend-decay-v2-medium-long,MTD,2026-10-01,2026-10-02T02:23:53+00:00,126,1481.170044,1281.1047565165716,1555.965963818707,1889.798682150909,up,0.0009043638570661539,0.274886
trend-decay-v2-medium-long,MTD,2026-10-01,2026-10-02T02:23:53+00:00,252,1481.170044,1189.910074463228,1566.3745364890071,2061.945050484547,up,0.0009043638570661539,0.274886
trend-decay-v2-medium-long,MU,2026-10-01,2026-10-02T02:23:53+00:00,126,1097.390015,643.232061097426,1233.865469820044,2366.834754811214,up,0.002151806686846534,0.921221
trend-decay-v2-medium-long,MU,2026-10-01,2026-10-02T02:23:53+00:00,252,1097.390015,498.97191374091045,1253.5951335809882,3149.4773867250824,up,0.002151806686846534,0.921221
trend-decay-v2-medium-long,NCLH,2026-10-01,2026-10-02T02:23:53+00:00,126,14.64,9.943209165020475,13.792037934171871,19.130675742678513,down,-0.0010953148056111904,0.462733
trend-decay-v2-medium-long,NCLH,2026-10-01,2026-10-02T02:23:53+00:00,252,14.64,8.613093482313595,13.681116760171527,21.73121146192054,down,-0.0010953148056111904,0.462733
trend-decay-v2-medium-long,NDAQ,2026-10-01,2026-10-02T02:23:53+00:00,126,91.669998,73.0912199880474,89.969912972604,110.74634192207553,neutral,-0.000343647946475199,0.293827
trend-decay-v2-medium-long,NDAQ,2026-10-01,2026-10-02T02:23:53+00:00,252,91.669998,66.89437345763467,89.74226679615995,120.39389911938828,down,-0.000343647946475199,0.293827
trend-decay-v2-medium-long,NDSN,2026-10-01,2026-10-02T02:23:53+00:00,126,329.019989,286.0480798523282,341.8553131130704,408.5503918221258,up,0.0007025216987183277,0.252052
trend-decay-v2-medium-long,NDSN,2026-10-01,2026-10-02T02:23:53+00:00,252,329.019989,267.0710541349058,343.6304282411432,442.13653776775334,up,0.0007025216987183277,0.252052
trend-decay-v2-medium-long,NEE,2026-10-01,2026-10-02T02:23:53+00:00,126,76.349998,64.68621167063336,72.14198987544933,80.45712631448146,down,-0.001040714371912181,0.154274
trend-decay-v2-medium-long,NEE,2026-10-01,2026-10-02T02:23:53+00:00,252,76.349998,61.35580974247834,71.59060605444895,83.53267435887125,down,-0.001040714371912181,0.154274
trend-decay-v2-medium-long,NEM,2026-10-01,2026-10-02T02:23:53+00:00,126,114.669998,81.21579924618692,112.9540927845174,157.0953828589255,neutral,-0.00027677381844456897,0.466509
trend-decay-v2-medium-long,NEM,2026-10-01,2026-10-02T02:23:53+00:00,252,114.669998,70.69904289610896,112.72385144703769,179.72897743079847,neutral,-0.00027677381844456897,0.466509
trend-decay-v2-medium-long,NFLX,2026-10-01,2026-10-02T02:23:53+00:00,126,67.849998,47.42617625190175,61.273001014954346,79.16262600293544,down,-0.00187172377697401,0.362272
trend-decay-v2-medium-long,NFLX,2026-10-01,2026-10-02T02:23:53+00:00,252,67.849998,42.06720730564169,60.43331424971882,86.8178732348479,down,-0.00187172377697401,0.362272
trend-decay-v2-medium-long,NI,2026-10-01,2026-10-02T02:23:53+00:00,126,39.5,33.28533038121462,37.98812511907052,43.355365067267094,down,-0.0007164362061607096,0.186898
trend-decay-v2-medium-long,NI,2026-10-01,2026-10-02T02:23:53+00:00,252,39.5,31.346225969674943,37.78801073870538,45.553610089135745,down,-0.0007164362061607096,0.186898
trend-decay-v2-medium-long,NKE,2026-10-01,2026-10-02T02:23:53+00:00,126,35.150002,26.45066607283756,32.950378624531766,41.04726317704883,down,-0.001186291976371026,0.310733
trend-decay-v2-medium-long,NKE,2026-10-01,2026-10-02T02:23:53+00:00,252,35.150002,23.939363810810196,32.6634633819484,44.566841814823306,down,-0.001186291976371026,0.310733
trend-decay-v2-medium-long,NOC,2026-10-01,2026-10-02T02:23:53+00:00,126,482.0,369.78536314984683,450.06101591047667,547.7634818127989,down,-0.0012586023456568323,0.277837
trend-decay-v2-medium-long,NOC,2026-10-01,2026-10-02T02:23:53+00:00,252,482.0,337.7369874579103,445.90434189348514,588.7145604513954,down,-0.0012586023456568323,0.277837
trend-decay-v2-medium-long,NOW,2026-10-01,2026-10-02T02:23:53+00:00,126,137.759995,91.70980416652088,139.89610275325697,213.40051637242829,neutral,0.0002824660245872615,0.597181
trend-decay-v2-medium-long,NOW,2026-10-01,2026-10-02T02:23:53+00:00,252,137.759995,77.15384615798301,140.18772686191244,254.71962502645428,neutral,0.0002824660245872615,0.597181
trend-decay-v2-medium-long,NRG,2026-10-01,2026-10-02T02:23:53+00:00,126,96.93,60.70564830814949,87.72330938918424,126.76545304528878,down,-0.001832096853425724,0.520644
trend-decay-v2-medium-long,NRG,2026-10-01,2026-10-02T02:23:53+00:00,252,96.93,51.420503632400184,86.5464268269082,145.66726242225545,down,-0.001832096853425724,0.520644
trend-decay-v2-medium-long,NSC,2026-10-01,2026-10-02T02:23:53+00:00,126,310.26001,259.56946664858725,300.10823069936083,346.97821471981274,down,-0.0006107057366103458,0.205229
trend-decay-v2-medium-long,NSC,2026-10-01,2026-10-02T02:23:53+00:00,252,310.26001,243.32838528012127,298.76010017826553,366.81950342855936,down,-0.0006107057366103458,0.205229
trend-decay-v2-medium-long,NTAP,2026-10-01,2026-10-02T02:23:53+00:00,126,215.050003,180.9344116167346,243.83987020131528,328.6156666855683,up,0.0023064480365010583,0.421969
trend-decay-v2-medium-long,NTAP,2026-10-01,2026-10-02T02:23:53+00:00,252,215.050003,162.64117976072956,248.02149681408144,378.2231718461157,up,0.0023064480365010583,0.421969
trend-decay-v2-medium-long,NTRS,2026-10-01,2026-10-02T02:23:53+00:00,126,169.199997,139.47907899519697,163.674408936923,192.06688439470983,down,-0.0006095084112581953,0.226224
trend-decay-v2-medium-long,NTRS,2026-10-01,2026-10-02T02:23:53+00:00,252,169.199997,129.9515517695508,162.94059756975454,204.30412699857882,down,-0.0006095084112581953,0.226224
trend-decay-v2-medium-long,NUE,2026-10-01,2026-10-02T02:23:53+00:00,126,235.979996,180.186544584466,232.61896317258478,300.30867261635336,neutral,-0.00026334227966546316,0.361203
trend-decay-v2-medium-long,NUE,2026-10-01,2026-10-02T02:23:53+00:00,252,235.979996,161.78322823638044,232.16778973447308,333.1734888577869,neutral,-0.00026334227966546316,0.361203
trend-decay-v2-medium-long,NVDA,2026-10-01,2026-10-02T02:23:53+00:00,126,230.860001,183.91699820032335,242.90187091540625,320.8040554790924,up,0.0009334027707343222,0.393396
trend-decay-v2-medium-long,NVDA,2026-10-01,2026-10-02T02:23:53+00:00,252,230.860001,165.03256290770125,244.57910768182174,362.4674964775979,up,0.0009334027707343222,0.393396
trend-decay-v2-medium-long,NVR,2026-10-01,2026-10-02T02:23:53+00:00,126,6126.379883,4905.830117606814,5991.283884459668,7316.902893836209,down,-0.0004093391568311526,0.282675
trend-decay-v2-medium-long,NVR,2026-10-01,2026-10-02T02:23:53+00:00,252,6126.379883,4502.410777294787,5973.2309676092,7924.529759108981,down,-0.0004093391568311526,0.282675
trend-decay-v2-medium-long,NWS,2026-10-01,2026-10-02T02:23:53+00:00,126,31.450001,24.789418791428382,30.480136868716233,37.47722975485472,down,-0.0005750241276453389,0.292259
trend-decay-v2-medium-long,NWS,2026-10-01,2026-10-02T02:23:53+00:00,252,31.450001,22.659450527963816,30.351198522555485,40.653909529656765,down,-0.0005750241276453389,0.292259
trend-decay-v2-medium-long,NWSA,2026-10-01,2026-10-02T02:23:53+00:00,126,28.639999,23.07800877868397,28.08818640225049,34.18606097837524,neutral,-0.00035714792083374084,0.277849
trend-decay-v2-medium-long,NWSA,2026-10-01,2026-10-02T02:23:53+00:00,252,28.639999,21.218365331370812,28.01432806448399,36.98694808238714,down,-0.00035714792083374084,0.277849
trend-decay-v2-medium-long,NXPI,2026-10-01,2026-10-02T02:23:53+00:00,126,239.190002,177.160113955828,245.7378860371017,340.86176219687985,up,0.0004957833337958749,0.462747
trend-decay-v2-medium-long,NXPI,2026-10-01,2026-10-02T02:23:53+00:00,252,239.190002,155.27123587711557,246.63770944504122,391.7670866511209,up,0.0004957833337958749,0.462747
trend-decay-v2-medium-long,O,2026-10-01,2026-10-02T02:23:53+00:00,126,53.529999,43.55467954612287,49.29843609622929,55.79964832390427,down,-0.0015117313410378025,0.175186
trend-decay-v2-medium-long,O,2026-10-01,2026-10-02T02:23:53+00:00,252,53.529999,40.91765022221827,48.752063060353656,58.08651375953444,down,-0.0015117313410378025,0.175186
trend-decay-v2-medium-long,ODFL,2026-10-01,2026-10-02T02:23:53+00:00,126,178.100006,134.480022933364,170.4639981215606,216.0765147250598,down,-0.0008044425430553472,0.335322
trend-decay-v2-medium-long,ODFL,2026-10-01,2026-10-02T02:23:53+00:00,252,178.100006,121.17933770949963,169.45604610146853,236.9657410505218,down,-0.0008044425430553472,0.335322
trend-decay-v2-medium-long,OKE,2026-10-01,2026-10-02T02:23:53+00:00,126,87.160004,69.09352819757119,83.47912290491334,100.8598655006678,down,-0.0007921040821258124,0.267478
trend-decay-v2-medium-long,OKE,2026-10-01,2026-10-02T02:23:53+00:00,252,87.160004,63.515184037297495,82.99306051198771,108.44411769478236,down,-0.0007921040821258124,0.267478
trend-decay-v2-medium-long,OMC,2026-10-01,2026-10-02T02:23:53+00:00,126,74.699997,54.57720456780939,69.7006387622576,89.01480173523152,down,-0.0012716291444396736,0.345907
trend-decay-v2-medium-long,OMC,2026-10-01,2026-10-02T02:23:53+00:00,252,74.699997,48.85846895494671,69.05026585242705,97.58675038891326,down,-0.0012716291444396736,0.345907
trend-decay-v2-medium-long,ON,2026-10-01,2026-10-02T02:23:53+00:00,126,80.080002,48.42779220402317,83.35010355253102,143.455636650735,up,0.0007347318326773514,0.767884
trend-decay-v2-medium-long,ON,2026-10-01,2026-10-02T02:23:53+00:00,252,80.080002,38.88398500078824,83.80280413973865,180.61188897025423,up,0.0007347318326773514,0.767884
trend-decay-v2-medium-long,ORCL,2026-10-01,2026-10-02T02:23:53+00:00,126,138.070007,91.067844552111,136.21495683212757,203.74386322672962,neutral,-0.0002483144478260432,0.569404
trend-decay-v2-medium-long,ORCL,2026-10-01,2026-10-02T02:23:53+00:00,252,138.070007,76.93797438639096,135.9658253261968,240.28063910016138,neutral,-0.0002483144478260432,0.569404
trend-decay-v2-medium-long,ORLY,2026-10-01,2026-10-02T02:23:53+00:00,126,85.029999,67.78245083689112,83.0838530195438,101.83943701274647,down,-0.00042504315264727454,0.287859
trend-decay-v2-medium-long,ORLY,2026-10-01,2026-10-02T02:23:53+00:00,252,85.029999,62.106947335826256,82.8239156505081,110.45142770566375,down,-0.00042504315264727454,0.287859
trend-decay-v2-medium-long,OTIS,2026-10-01,2026-10-02T02:23:53+00:00,126,64.480003,51.740200781100334,60.83745550188995,71.53424099769659,down,-0.0010674749811580195,0.229061
trend-decay-v2-medium-long,OTIS,2026-10-01,2026-10-02T02:23:53+00:00,252,64.480003,48.00354990593807,60.36056320049943,75.89850327779186,down,-0.0010674749811580195,0.229061
trend-decay-v2-medium-long,OXY,2026-10-01,2026-10-02T02:23:53+00:00,126,57.84,44.930993116613784,57.22079226386818,72.8721721954121,neutral,-0.00019758542921158174,0.341942
trend-decay-v2-medium-long,OXY,2026-10-01,2026-10-02T02:23:53+00:00,252,57.84,40.58987643902255,57.13750246060919,80.43124231581767,neutral,-0.00019758542921158174,0.341942
trend-decay-v2-medium-long,P,2026-10-01,2026-10-02T02:23:53+00:00,126,134.130005,92.75374066377381,152.70519364149862,251.40631524088047,up,0.0023809523809523807,0.705072
trend-decay-v2-medium-long,P,2026-10-01,2026-10-02T02:23:53+00:00,252,134.130005,76.78353048586234,155.40928269598942,314.54720817414,up,0.0023809523809523807,0.705072
trend-decay-v2-medium-long,PANW,2026-10-01,2026-10-02T02:23:53+00:00,126,396.25,283.6291287421689,429.2592570545496,649.6635609473217,up,0.0014688827779343757,0.586041
trend-decay-v2-medium-long,PANW,2026-10-01,2026-10-02T02:23:53+00:00,252,396.25,241.4950601528819,433.9329452060702,779.716988065966,up,0.0014688827779343757,0.586041
trend-decay-v2-medium-long,PAYX,2026-10-01,2026-10-02T02:23:53+00:00,126,100.839996,71.9497992215988,91.10617959857785,115.36287871331021,down,-0.001863451490003622,0.333835
trend-decay-v2-medium-long,PAYX,2026-10-01,2026-10-02T02:23:53+00:00,252,100.839996,64.35745820649957,89.86313835501193,125.47704430931779,down,-0.001863451490003622,0.333835
trend-decay-v2-medium-long,PCAR,2026-10-01,2026-10-02T02:23:53+00:00,126,109.940002,85.36701768775539,103.68860873807625,125.94240578208671,down,-0.001074689791022944,0.274969
trend-decay-v2-medium-long,PCAR,2026-10-01,2026-10-02T02:23:53+00:00,252,109.940002,78.13986738567588,102.8703433132579,135.42776418030405,down,-0.001074689791022944,0.274969
trend-decay-v2-medium-long,PCG,2026-10-01,2026-10-02T02:23:53+00:00,126,12.17,7.746562168873369,10.92887013190605,15.418478514249001,down,-0.0019746342445256903,0.486714
trend-decay-v2-medium-long,PCG,2026-10-01,2026-10-02T02:23:53+00:00,252,12.17,6.620271961635948,10.770925826351649,17.52387875136489,down,-0.0019746342445256903,0.486714
trend-decay-v2-medium-long,PEG,2026-10-01,2026-10-02T02:23:53+00:00,126,67.889999,56.91781610742627,64.05992547873512,72.09823448945853,down,-0.0010660110081990128,0.167175
trend-decay-v2-medium-long,PEG,2026-10-01,2026-10-02T02:23:53+00:00,252,67.889999,53.77373196238886,63.55845886522088,75.1236253445727,down,-0.0010660110081990128,0.167175
trend-decay-v2-medium-long,PEP,2026-10-01,2026-10-02T02:23:53+00:00,126,125.599998,100.96901498841753,117.40917074903028,136.52617466414083,down,-0.0012379735366555421,0.213336
trend-decay-v2-medium-long,PEP,2026-10-01,2026-10-02T02:23:53+00:00,252,125.599998,93.99131503013622,116.3424950802738,144.00879652724993,down,-0.0012379735366555421,0.213336
trend-decay-v2-medium-long,PFE,2026-10-01,2026-10-02T02:23:53+00:00,126,28.120001,24.420677091322972,28.28449999753214,32.75965433385352,neutral,0.00010707607274763928,0.207725
trend-decay-v2-medium-long,PFE,2026-10-01,2026-10-02T02:23:53+00:00,252,28.120001,22.997335044521378,28.306836320903795,34.84216675311366,neutral,0.00010707607274763928,0.207725
trend-decay-v2-medium-long,PFG,2026-10-01,2026-10-02T02:23:53+00:00,126,112.239998,96.96583802665859,114.4583071177281,135.10638730987327,neutral,0.00035927695536295943,0.23455
trend-decay-v2-medium-long,PFG,2026-10-01,2026-10-02T02:23:53+00:00,252,112.239998,90.76822702915527,114.76187182781118,145.09798920268204,up,0.00035927695536295943,0.23455
trend-decay-v2-medium-long,PG,2026-10-01,2026-10-02T02:23:53+00:00,126,143.949997,123.66307863156621,142.27729187767105,163.6933837330233,neutral,-0.0002145630838369785,0.198297
trend-decay-v2-medium-long,PG,2026-10-01,2026-10-02T02:23:53+00:00,252,143.949997,116.50091221112562,142.05241413374597,173.2079859139354,neutral,-0.0002145630838369785,0.198297
trend-decay-v2-medium-long,PGR,2026-10-01,2026-10-02T02:23:53+00:00,126,210.960007,163.43915871037936,205.49617789191709,258.3755292268564,down,-0.0004817197140981095,0.323836
trend-decay-v2-medium-long,PGR,2026-10-01,2026-10-02T02:23:53+00:00,252,210.960007,148.12256641834932,204.7676829280904,283.075057269226,down,-0.0004817197140981095,0.323836
trend-decay-v2-medium-long,PH,2026-10-01,2026-10-02T02:23:53+00:00,126,965.880005,807.5546057482791,973.8880827893751,1174.4815657639954,neutral,0.0001515732800301785,0.264862
trend-decay-v2-medium-long,PH,2026-10-01,2026-10-02T02:23:53+00:00,252,965.880005,748.1113470137652,974.9769469261885,1270.6397929024076,neutral,0.0001515732800301785,0.264862
trend-decay-v2-medium-long,PHM,2026-10-01,2026-10-02T02:23:53+00:00,126,116.349998,88.01825261370725,111.95373129906275,142.39816832981367,down,-0.000707076529717105,0.340177
trend-decay-v2-medium-long,PHM,2026-10-01,2026-10-02T02:23:53+00:00,252,116.349998,79.25701580641993,111.37166443261641,156.49904948208513,down,-0.000707076529717105,0.340177
trend-decay-v2-medium-long,PKG,2026-10-01,2026-10-02T02:23:53+00:00,126,229.710007,188.02667194228832,229.80302881163146,280.86138793760335,neutral,7.432393100347285e-06,0.283746
trend-decay-v2-medium-long,PKG,2026-10-01,2026-10-02T02:23:53+00:00,252,229.710007,173.04148075427628,229.81562083849357,305.21710373237806,neutral,7.432393100347285e-06,0.283746
trend-decay-v2-medium-long,PLD,2026-10-01,2026-10-02T02:23:53+00:00,126,128.179993,104.25173873198061,122.19312705805464,143.222170506069,down,-0.0008780845461023015,0.224569
trend-decay-v2-medium-long,PLD,2026-10-01,2026-10-02T02:23:53+00:00,252,128.179993,96.98539051056548,121.40467098417912,151.9723131410305,down,-0.0008780845461023015,0.224569
trend-decay-v2-medium-long,PLTR,2026-10-01,2026-10-02T02:23:53+00:00,126,190.039993,121.74335313271092,203.34732527842064,339.6500394794658,up,0.001242447628578678,0.725492
trend-decay-v2-medium-long,PLTR,2026-10-01,2026-10-02T02:23:53+00:00,252,190.039993,99.34345594107226,205.2184657108837,423.9294704395058,up,0.001242447628578678,0.725492
trend-decay-v2-medium-long,PM,2026-10-01,2026-10-02T02:23:53+00:00,126,188.179993,157.80941667925245,190.2247751614968,229.29851618923956,neutral,0.0001983975858717565,0.264201
trend-decay-v2-medium-long,PM,2026-10-01,2026-10-02T02:23:53+00:00,252,188.179993,146.2720193214804,190.50320798517163,248.10946359384857,neutral,0.0001983975858717565,0.264201
trend-decay-v2-medium-long,PNC,2026-10-01,2026-10-02T02:23:53+00:00,126,220.75,183.2332863522277,211.52827295250484,244.19258721506523,down,-0.000783351101431045,0.203079
trend-decay-v2-medium-long,PNC,2026-10-01,2026-10-02T02:23:53+00:00,252,220.75,171.6580844713979,210.31020708811735,257.66559927340086,down,-0.000783351101431045,0.203079
trend-decay-v2-medium-long,PNR,2026-10-01,2026-10-02T02:23:53+00:00,126,52.880001,36.236375354318795,47.39519207189732,61.99031248483618,down,-0.0020102190205110106,0.379656
trend-decay-v2-medium-long,PNR,2026-10-01,2026-10-02T02:23:53+00:00,252,52.880001,31.94593613589618,46.69798323699425,68.26225498999361,down,-0.0020102190205110106,0.379656
trend-decay-v2-medium-long,PNW,2026-10-01,2026-10-02T02:23:53+00:00,126,94.629997,81.24467130681256,91.87181909502661,103.88904291279401,down,-0.0005430159467861275,0.173848
trend-decay-v2-medium-long,PNW,2026-10-01,2026-10-02T02:23:53+00:00,252,94.629997,76.90286194443726,91.5047691024723,108.87920887191942,down,-0.0005430159467861275,0.173848
trend-decay-v2-medium-long,PODD,2026-10-01,2026-10-02T02:23:53+00:00,126,130.789993,82.80340960583247,119.29541760830918,171.86969389408404,down,-0.0016886995579550126,0.516377
trend-decay-v2-medium-long,PODD,2026-10-01,2026-10-02T02:23:53+00:00,252,130.789993,70.30032510478559,117.81945652669859,197.45889248102011,down,-0.0016886995579550126,0.516377
trend-decay-v2-medium-long,PPG,2026-10-01,2026-10-02T02:23:53+00:00,126,104.669998,81.64515833070512,100.74928100170138,124.3235708019004,down,-0.0007008397861590821,0.297342
trend-decay-v2-medium-long,PPG,2026-10-01,2026-10-02T02:23:53+00:00,252,104.669998,74.44989188326257,100.2300763638808,134.93731090518725,down,-0.0007008397861590821,0.297342
trend-decay-v2-medium-long,PPL,2026-10-01,2026-10-02T02:23:53+00:00,126,32.759998,27.644928272671446,31.517648557578077,35.932890141769604,down,-0.0007097078332953005,0.185411
trend-decay-v2-medium-long,PPL,2026-10-01,2026-10-02T02:23:53+00:00,252,32.759998,26.047050203506203,31.353174622818432,37.74022590844551,down,-0.0007097078332953005,0.185411
trend-decay-v2-medium-long,PRU,2026-10-01,2026-10-02T02:23:53+00:00,126,113.129997,96.37167930154811,111.85696839802853,129.8304799696124,neutral,-0.00020774335767463696,0.21073
trend-decay-v2-medium-long,PRU,2026-10-01,2026-10-02T02:23:53+00:00,252,113.129997,90.464675983162,111.6857868344739,137.88492409078268,neutral,-0.00020774335767463696,0.21073
trend-decay-v2-medium-long,PSA,2026-10-01,2026-10-02T02:23:53+00:00,126,284.0,233.88487580758812,272.35197718005145,317.14577190064176,down,-0.0007687900483950039,0.215337
trend-decay-v2-medium-long,PSA,2026-10-01,2026-10-02T02:23:53+00:00,252,284.0,218.3480961443269,270.812733199283,335.8835627968517,down,-0.0007687900483950039,0.215337
trend-decay-v2-medium-long,PSKY,2026-10-01,2026-10-02T02:23:53+00:00,126,9.34,6.504922797102723,8.755016262502698,11.783431125551031,down,-0.001187347631030957,0.420117
trend-decay-v2-medium-long,PSKY,2026-10-01,2026-10-02T02:23:53+00:00,252,9.34,5.701654605615508,8.678714463355794,13.210215270191743,down,-0.001187347631030957,0.420117
trend-decay-v2-medium-long,PSX,2026-10-01,2026-10-02T02:23:53+00:00,126,264.230011,228.26259078600486,283.53369640191977,352.1880511323144,up,0.0012944001920458718,0.30665
trend-decay-v2-medium-long,PSX,2026-10-01,2026-10-02T02:23:53+00:00,252,264.230011,210.65539523638532,286.25230304914726,388.97831650118474,up,0.0012944001920458718,0.30665
trend-decay-v2-medium-long,PTC,2026-10-01,2026-10-02T02:23:53+00:00,126,146.470001,105.06564611299906,145.93050291363616,202.68957997672274,neutral,-6.77413727500367e-05,0.464633
trend-decay-v2-medium-long,PTC,2026-10-01,2026-10-02T02:23:53+00:00,252,146.470001,91.65193577470335,145.8576426135461,232.12223210513852,neutral,-6.77413727500367e-05,0.464633
trend-decay-v2-medium-long,PWR,2026-10-01,2026-10-02T02:23:53+00:00,126,662.599976,483.4969861277542,690.2068404007911,985.29152446499,up,0.0007493475745196145,0.503384
trend-decay-v2-medium-long,PWR,2026-10-01,2026-10-02T02:23:53+00:00,252,662.599976,419.5285956966418,694.0303487418388,1148.1413422483758,up,0.0007493475745196145,0.503384
trend-decay-v2-medium-long,PYPL,2026-10-01,2026-10-02T02:23:53+00:00,126,53.060001,38.755249811291726,54.399581135374085,76.3590595368043,up,0.00045770721417971803,0.479546
trend-decay-v2-medium-long,PYPL,2026-10-01,2026-10-02T02:23:53+00:00,252,53.060001,33.79067174241749,54.583453121993344,88.17088270491108,up,0.00045770721417971803,0.479546
trend-decay-v2-medium-long,Q,2026-10-01,2026-10-02T02:23:53+00:00,126,128.449997,90.5095814777855,133.92763914117302,198.1736323720665,up,0.0007666050163020301,0.554151
trend-decay-v2-medium-long,Q,2026-10-01,2026-10-02T02:23:53+00:00,252,128.449997,77.38556325975537,134.68668672008013,234.4171550285406,up,0.0007666050163020301,0.554151
trend-decay-v2-medium-long,QCOM,2026-10-01,2026-10-02T02:23:53+00:00,126,182.089996,128.74819003321394,192.21790194345638,286.97663103467784,up,0.0009936613458349222,0.566776
trend-decay-v2-medium-long,QCOM,2026-10-01,2026-10-02T02:23:53+00:00,252,182.089996,109.85695846685306,193.63116574874982,341.28951750045513,up,0.0009936613458349222,0.566776
trend-decay-v2-medium-long,RCL,2026-10-01,2026-10-02T02:23:53+00:00,126,269.98999,201.0706119183045,269.31722154794795,360.72783153301555,neutral,-4.5800616533929285e-05,0.413281
trend-decay-v2-medium-long,RCL,2026-10-01,2026-10-02T02:23:53+00:00,252,269.98999,178.08683956513983,269.2263011235015,407.00818428601434,neutral,-4.5800616533929285e-05,0.413281
trend-decay-v2-medium-long,RDDT,2026-10-01,2026-10-02T02:23:53+00:00,126,149.529999,84.45774936247342,148.63140203028865,261.5662131212909,neutral,-0.00011065130816752578,0.799339
trend-decay-v2-medium-long,RDDT,2026-10-01,2026-10-02T02:23:53+00:00,252,149.529999,66.77405997554033,148.51020574041794,330.297142590105,neutral,-0.00011065130816752578,0.799339
trend-decay-v2-medium-long,REG,2026-10-01,2026-10-02T02:23:53+00:00,126,71.800003,61.69004584223038,69.06545031901173,77.322627380875,down,-0.0007128170329187792,0.15971
trend-decay-v2-medium-long,REG,2026-10-01,2026-10-02T02:23:53+00:00,252,71.800003,58.56220682658758,68.7034594477717,80.60087889223175,down,-0.0007128170329187792,0.15971
trend-decay-v2-medium-long,REGN,2026-10-01,2026-10-02T02:23:53+00:00,126,734.809998,568.1905573404259,703.8380435943897,871.8694550813715,down,-0.0007905382164913542,0.302771
trend-decay-v2-medium-long,REGN,2026-10-01,2026-10-02T02:23:53+00:00,252,734.809998,516.9515944767458,699.7479805418835,947.1819828083928,down,-0.0007905382164913542,0.302771
trend-decay-v2-medium-long,RF,2026-10-01,2026-10-02T02:23:53+00:00,126,26.959999,22.002462097911234,25.710157413428956,30.04264664935148,down,-0.0008713920785049619,0.220238
trend-decay-v2-medium-long,RF,2026-10-01,2026-10-02T02:23:53+00:00,252,26.959999,20.4958829542015,25.54552193285018,31.83925729278995,down,-0.0008713920785049619,0.220238
trend-decay-v2-medium-long,RJF,2026-10-01,2026-10-02T02:23:53+00:00,126,159.759995,130.75937177044605,154.13916394408375,181.69926590876344,down,-0.0006575041717051509,0.232634
trend-decay-v2-medium-long,RJF,2026-10-01,2026-10-02T02:23:53+00:00,252,159.759995,121.55594133861705,153.39381663590785,193.57065333881292,down,-0.0006575041717051509,0.232634
trend-decay-v2-medium-long,RL,2026-10-01,2026-10-02T02:23:53+00:00,126,362.660004,294.8119482513486,370.17840343153205,464.81172550811385,up,0.00037668135046194177,0.321942
trend-decay-v2-medium-long,RL,2026-10-01,2026-10-02T02:23:53+00:00,252,362.660004,269.02923265578437,371.2078117517118,512.1943000216618,up,0.00037668135046194177,0.321942
trend-decay-v2-medium-long,RMD,2026-10-01,2026-10-02T02:23:53+00:00,126,221.149994,171.4076547936377,217.66956767064286,276.41729738947004,neutral,-0.0002912039633598127,0.337903
trend-decay-v2-medium-long,RMD,2026-10-01,2026-10-02T02:23:53+00:00,252,221.149994,154.92301923482293,217.2027704883859,304.51926215252973,neutral,-0.0002912039633598127,0.337903
trend-decay-v2-medium-long,ROK,2026-10-01,2026-10-02T02:23:53+00:00,126,442.450012,366.3361557295393,454.10639436411196,562.9054467520757,up,0.00047736694959312685,0.303745
trend-decay-v2-medium-long,ROK,2026-10-01,2026-10-02T02:23:53+00:00,252,442.450012,336.3343592497629,455.7073294045085,617.4485727126485,up,0.00047736694959312685,0.303745
trend-decay-v2-medium-long,ROL,2026-10-01,2026-10-02T02:23:53+00:00,126,30.57,21.717227539265444,26.969409846867773,33.49180120589786,down,-0.002300476620527556,0.306315
trend-decay-v2-medium-long,ROL,2026-10-01,2026-10-02T02:23:53+00:00,252,30.57,19.51978555182151,26.5158745920986,36.0194328732413,down,-0.002300476620527556,0.306315
trend-decay-v2-medium-long,ROP,2026-10-01,2026-10-02T02:23:53+00:00,126,362.589996,272.2072520527139,339.8635963255698,424.33573402732645,down,-0.001188245850187987,0.313928
trend-decay-v2-medium-long,ROP,2026-10-01,2026-10-02T02:23:53+00:00,252,362.589996,246.12913054095037,336.8993830339935,461.1449040559685,down,-0.001188245850187987,0.313928
trend-decay-v2-medium-long,ROST,2026-10-01,2026-10-02T02:23:53+00:00,126,234.100006,197.61877641422555,238.78199269073662,288.51934551930896,neutral,0.0003635241713886143,0.267585
trend-decay-v2-medium-long,ROST,2026-10-01,2026-10-02T02:23:53+00:00,252,234.100006,183.2123674259478,239.4227834943815,312.8788195991565,up,0.0003635241713886143,0.267585
trend-decay-v2-medium-long,RSG,2026-10-01,2026-10-02T02:23:53+00:00,126,206.979996,171.8475791880155,198.70489397443058,229.75962231153298,down,-0.0007490080351023366,0.205362
trend-decay-v2-medium-long,RSG,2026-10-01,2026-10-02T02:23:53+00:00,252,206.979996,160.92475798317398,197.61069612319008,242.65990958566343,down,-0.0007490080351023366,0.205362
trend-decay-v2-medium-long,RTX,2026-10-01,2026-10-02T02:23:53+00:00,126,185.009995,144.83348274011462,175.07252571668062,211.62502399956807,down,-0.0010135046886965836,0.268157
trend-decay-v2-medium-long,RTX,2026-10-01,2026-10-02T02:23:53+00:00,252,185.009995,132.89661875469105,173.7692940842643,227.21245919943811,down,-0.0010135046886965836,0.268157
trend-decay-v2-medium-long,RVTY,2026-10-01,2026-10-02T02:23:53+00:00,126,149.059998,126.61479608556981,167.17401393676352,220.7257903479285,up,0.0021053462592455557,0.39299
trend-decay-v2-medium-long,RVTY,2026-10-01,2026-10-02T02:23:53+00:00,252,149.059998,114.61358985520549,169.78898178023613,251.52600464211048,up,0.0021053462592455557,0.39299
trend-decay-v2-medium-long,SBAC,2026-10-01,2026-10-02T02:23:53+00:00,126,158.020004,114.117103148456,143.35534466611102,180.08479252759176,down,-0.00178792408444776,0.322584
trend-decay-v2-medium-long,SBAC,2026-10-01,2026-10-02T02:23:53+00:00,252,158.020004,102.4691189365145,141.47817635994835,195.33762555856222,down,-0.00178792408444776,0.322584
trend-decay-v2-medium-long,SBUX,2026-10-01,2026-10-02T02:23:53+00:00,126,94.879997,76.66441017446175,89.52761423423291,104.5490820608129,down,-0.0010659382081745893,0.219358
trend-decay-v2-medium-long,SBUX,2026-10-01,2026-10-02T02:23:53+00:00,252,94.879997,71.33098226376072,88.82683203311892,110.61401145247501,down,-0.0010659382081745893,0.219358
trend-decay-v2-medium-long,SCHW,2026-10-01,2026-10-02T02:23:53+00:00,126,98.370003,79.42865201517326,94.47591932895618,112.37379845432048,down,-0.0007414733817231569,0.245346
trend-decay-v2-medium-long,SCHW,2026-10-01,2026-10-02T02:23:53+00:00,252,98.370003,73.51817555944949,93.96089284795414,120.08798256487678,down,-0.0007414733817231569,0.245346
trend-decay-v2-medium-long,SHW,2026-10-01,2026-10-02T02:23:53+00:00,126,320.779999,251.60442449552107,313.85912465274777,391.51755906241084,down,-0.00040039905909835264,0.312663
trend-decay-v2-medium-long,SHW,2026-10-01,2026-10-02T02:23:53+00:00,252,320.779999,228.91011157834367,312.9340297135043,427.79983058641335,down,-0.00040039905909835264,0.312663
trend-decay-v2-medium-long,SJM,2026-10-01,2026-10-02T02:23:53+00:00,126,115.949997,86.59217146716135,110.15892737336847,140.13956544158341,down,-0.0009405411018719265,0.340422
trend-decay-v2-medium-long,SJM,2026-10-01,2026-10-02T02:23:53+00:00,252,115.949997,77.83321163898852,109.39773926436935,153.7629644741519,down,-0.0009405411018719265,0.340422
trend-decay-v2-medium-long,SLB,2026-10-01,2026-10-02T02:23:53+00:00,126,48.66,34.462086733668244,45.5062474509074,60.08976104862796,down,-0.0012300889473830492,0.393137
trend-decay-v2-medium-long,SLB,2026-10-01,2026-10-02T02:23:53+00:00,252,48.66,30.436547757010775,45.09543920692666,66.81436585715271,down,-0.0012300889473830492,0.393137
trend-decay-v2-medium-long,SMCI,2026-10-01,2026-10-02T02:23:53+00:00,126,41.919998,22.472317913098067,47.18283012410978,99.0649681590274,up,0.002171078537570019,1.048987
trend-decay-v2-medium-long,SMCI,2026-10-01,2026-10-02T02:23:53+00:00,252,41.919998,16.794454870093716,47.944100755036345,136.8687947890654,up,0.002171078537570019,1.048987
trend-decay-v2-medium-long,SNA,2026-10-01,2026-10-02T02:23:53+00:00,126,367.720001,315.5892713380903,358.0574285077248,406.2404325913174,down,-0.0004888286779559792,0.178547
trend-decay-v2-medium-long,SNA,2026-10-01,2026-10-02T02:23:53+00:00,252,367.720001,298.4321569810025,356.7693973273822,426.5103471320824,down,-0.0004888286779559792,0.178547
trend-decay-v2-medium-long,SNDK,2026-10-01,2026-10-02T02:23:53+00:00,126,1787.689941,816.9064122821001,1974.7381446565983,4773.607700137809,up,0.0018267756791702664,1.248279
trend-decay-v2-medium-long,SNDK,2026-10-01,2026-10-02T02:23:53+00:00,252,1787.689941,574.4307255723384,2001.5126684664078,6973.953139501825,up,0.0018267756791702664,1.248279
trend-decay-v2-medium-long,SNPS,2026-10-01,2026-10-02T02:23:53+00:00,126,490.540009,378.76252693499106,538.3447669902984,765.1630442194747,up,0.0017070997539056036,0.497223
trend-decay-v2-medium-long,SNPS,2026-10-01,2026-10-02T02:23:53+00:00,252,490.540009,331.5774212876177,545.1627264486701,896.3288186355353,up,0.0017070997539056036,0.497223
trend-decay-v2-medium-long,SO,2026-10-01,2026-10-02T02:23:53+00:00,126,83.470001,71.14469652241802,79.9141977191718,89.7646530136865,down,-0.0007991677758681793,0.164385
trend-decay-v2-medium-long,SO,2026-10-01,2026-10-02T02:23:53+00:00,252,83.470001,67.40214726029517,79.44475511369235,93.63899180690449,down,-0.0007991677758681793,0.164385
trend-decay-v2-medium-long,SOLV,2026-10-01,2026-10-02T02:23:53+00:00,126,87.769997,70.31746175821534,88.0898583082175,110.35414167029771,neutral,6.677858081147078e-05,0.318675
trend-decay-v2-medium-long,SOLV,2026-10-01,2026-10-02T02:23:53+00:00,252,87.769997,64.0827180387426,88.13323628854567,121.21001693462243,neutral,6.677858081147078e-05,0.318675
trend-decay-v2-medium-long,SOXX,2026-10-01,2026-10-02T02:23:53+00:00,126,576.330017,415.27611929536323,625.5209028420984,942.2078027417233,up,0.0015035519524627466,0.57932
trend-decay-v2-medium-long,SOXX,2026-10-01,2026-10-02T02:23:53+00:00,252,576.330017,354.37273729026253,632.4930860464439,1128.889053248134,up,0.0015035519524627466,0.57932
trend-decay-v2-medium-long,SPG,2026-10-01,2026-10-02T02:23:53+00:00,126,200.809998,169.72358462519765,194.26988170411818,222.36619041882392,down,-0.0006078297345062565,0.191028
trend-decay-v2-medium-long,SPG,2026-10-01,2026-10-02T02:23:53+00:00,252,200.809998,159.77063730246903,193.40129324822504,234.1109784726878,down,-0.0006078297345062565,0.191028
trend-decay-v2-medium-long,SPGI,2026-10-01,2026-10-02T02:23:53+00:00,126,388.160004,289.15075268356827,362.07752584510837,453.3971760591763,down,-0.0012769292549425226,0.318071
trend-decay-v2-medium-long,SPGI,2026-10-01,2026-10-02T02:23:53+00:00,252,388.160004,260.9616659633081,358.68498452022396,493.00312996301346,down,-0.0012769292549425226,0.318071
trend-decay-v2-medium-long,SPY,2026-10-01,2026-10-02T02:23:53+00:00,126,763.98999,703.0316958662036,770.337524925425,844.0869818494864,neutral,0.00015189070996133336,0.129297
trend-decay-v2-medium-long,SPY,2026-10-01,2026-10-02T02:23:53+00:00,252,763.98999,677.6639643433571,771.2006123082411,877.6479431083623,neutral,0.00015189070996133336,0.129297
trend-decay-v2-medium-long,SRE,2026-10-01,2026-10-02T02:23:53+00:00,126,78.050003,63.21097044283747,73.69400516015192,85.91556747978814,down,-0.0010542343159715781,0.217002
trend-decay-v2-medium-long,SRE,2026-10-01,2026-10-02T02:23:53+00:00,252,78.050003,58.85915513633576,73.12347048723315,90.8446939768652,down,-0.0010542343159715781,0.217002
trend-decay-v2-medium-long,STE,2026-10-01,2026-10-02T02:23:53+00:00,126,209.339996,166.70955961706693,199.6702362348932,239.14767293294764,down,-0.000868168760208113,0.255144
trend-decay-v2-medium-long,STE,2026-10-01,2026-10-02T02:23:53+00:00,252,209.339996,153.71847431446918,198.39635854071273,256.05975636794403,down,-0.000868168760208113,0.255144
trend-decay-v2-medium-long,STLD,2026-10-01,2026-10-02T02:23:53+00:00,126,226.169998,170.41238238584978,224.6284250088465,296.09309262344283,neutral,-0.00012555242520019877,0.390643
trend-decay-v2-medium-long,STLD,2026-10-01,2026-10-02T02:23:53+00:00,252,226.169998,151.84784357235216,224.42060461433178,331.6781232488469,neutral,-0.00012555242520019877,0.390643
trend-decay-v2-medium-long,STT,2026-10-01,2026-10-02T02:23:53+00:00,126,174.619995,144.7760737473811,170.88847211997378,201.7106083043457,down,-0.00039653909323483555,0.234509
trend-decay-v2-medium-long,STT,2026-10-01,2026-10-02T02:23:53+00:00,252,174.619995,134.77123068549153,170.38962961664672,215.4215386564953,down,-0.00039653909323483555,0.234509
trend-decay-v2-medium-long,STX,2026-10-01,2026-10-02T02:23:53+00:00,126,945.570007,603.7971314796107,1048.9933230613567,1822.4448816621552,up,0.0019054695769918657,0.781138
trend-decay-v2-medium-long,STX,2026-10-01,2026-10-02T02:23:53+00:00,252,945.570007,487.112848387625,1063.8331224246338,2323.3649371267484,up,0.0019054695769918657,0.781138
trend-decay-v2-medium-long,STZ,2026-10-01,2026-10-02T02:23:53+00:00,126,112.989998,83.94400838064438,103.012137000456,126.41164716941833,down,-0.001697189370457828,0.289485
trend-decay-v2-medium-long,STZ,2026-10-01,2026-10-02T02:23:53+00:00,252,112.989998,76.16101617002023,101.7312704281427,135.88646663826609,down,-0.001697189370457828,0.289485
trend-decay-v2-medium-long,SW,2026-10-01,2026-10-02T02:23:53+00:00,126,43.040001,30.4504895440616,41.838449214057725,57.48531005074296,down,-0.0005197754624737435,0.449315
trend-decay-v2-medium-long,SW,2026-10-01,2026-10-02T02:23:53+00:00,252,43.040001,26.5935537499571,41.6784348931288,65.32003776078926,down,-0.0005197754624737435,0.449315
trend-decay-v2-medium-long,SWK,2026-10-01,2026-10-02T02:23:53+00:00,126,89.589996,68.10501991416166,87.84985503769246,113.31906282195791,neutral,-0.0003600716245207923,0.360028
trend-decay-v2-medium-long,SWK,2026-10-01,2026-10-02T02:23:53+00:00,252,89.589996,61.12656990320947,87.61696389409245,125.58748796430719,down,-0.0003600716245207923,0.360028
trend-decay-v2-medium-long,SWKS,2026-10-01,2026-10-02T02:23:53+00:00,126,83.160004,61.815951109167045,94.67653799049512,145.00540208522966,up,0.0023809523809523807,0.602886
trend-decay-v2-medium-long,SWKS,2026-10-01,2026-10-02T02:23:53+00:00,252,83.160004,52.72729036531055,96.35306112629766,176.07414157045267,up,0.0023809523809523807,0.602886
trend-decay-v2-medium-long,SYF,2026-10-01,2026-10-02T02:23:53+00:00,126,71.510002,54.551817119399026,68.9901826661197,87.2499864465926,down,-0.0006585379199706956,0.332076
trend-decay-v2-medium-long,SYF,2026-10-01,2026-10-02T02:23:53+00:00,252,71.510002,49.256104849081744,68.65605410187695,95.69684365587281,down,-0.0006585379199706956,0.332076
trend-decay-v2-medium-long,SYK,2026-10-01,2026-10-02T02:23:53+00:00,126,272.959991,190.2418645286287,249.35873537273554,326.84592879046755,down,-0.0016601107190915266,0.382681
trend-decay-v2-medium-long,SYK,2026-10-01,2026-10-02T02:23:53+00:00,252,272.959991,168.0014874613708,246.32550030930798,361.164969545775,down,-0.0016601107190915266,0.382681
trend-decay-v2-medium-long,SYY,2026-10-01,2026-10-02T02:23:53+00:00,126,77.769997,65.7170134119187,75.45051535271834,86.62566923588041,down,-0.0005558388742372242,0.19533
trend-decay-v2-medium-long,SYY,2026-10-01,2026-10-02T02:23:53+00:00,252,77.769997,61.809015724492326,75.14196863271067,91.35100088257637,down,-0.0005558388742372242,0.19533
trend-decay-v2-medium-long,T,2026-10-01,2026-10-02T02:23:53+00:00,126,24.299999,19.3965462101945,23.813269337364805,29.235709821155442,down,-0.00037143213875582344,0.290123
trend-decay-v2-medium-long,T,2026-10-01,2026-10-02T02:23:53+00:00,252,24.299999,17.767690624976428,23.748150992887584,31.741585751622445,down,-0.00037143213875582344,0.290123
trend-decay-v2-medium-long,TDG,2026-10-01,2026-10-02T02:23:53+00:00,126,1097.23999,865.8170191824735,1049.6570476433728,1272.532063076943,down,-0.0008138660129787044,0.2723
trend-decay-v2-medium-long,TDG,2026-10-01,2026-10-02T02:23:53+00:00,252,1097.23999,794.663500222535,1043.3779472453473,1369.935249942971,down,-0.0008138660129787044,0.2723
trend-decay-v2-medium-long,TDY,2026-10-01,2026-10-02T02:23:53+00:00,126,612.700012,519.9202512563794,610.0776359983838,715.8688684389069,neutral,-7.873899093532153e-05,0.226148
trend-decay-v2-medium-long,TDY,2026-10-01,2026-10-02T02:23:53+00:00,252,612.700012,486.31557217766186,609.723599343094,764.4477965844048,neutral,-7.873899093532153e-05,0.226148
trend-decay-v2-medium-long,TECH,2026-10-01,2026-10-02T02:23:53+00:00,126,72.400002,55.06836275587661,73.31351876214995,97.6036287317174,neutral,0.00023017813518473796,0.404705
trend-decay-v2-medium-long,TECH,2026-10-01,2026-10-02T02:23:53+00:00,252,72.400002,48.995916131272615,73.43803213292287,110.07334874822212,neutral,0.00023017813518473796,0.404705
trend-decay-v2-medium-long,TEL,2026-10-01,2026-10-02T02:23:53+00:00,126,217.759995,177.24293795257927,224.5192762427069,284.40572011978077,up,0.000561150631211185,0.334377
trend-decay-v2-medium-long,TEL,2026-10-01,2026-10-02T02:23:53+00:00,252,217.759995,161.3734916519038,225.45002195994294,314.9694034716582,up,0.000561150631211185,0.334377
trend-decay-v2-medium-long,TER,2026-10-01,2026-10-02T02:23:53+00:00,126,415.790009,251.79346350467011,467.36994642211187,867.5152395866553,up,0.0021467312389783773,0.874708
trend-decay-v2-medium-long,TER,2026-10-01,2026-10-02T02:23:53+00:00,252,415.790009,197.99451599172684,474.825483467624,1138.7145680321955,up,0.0021467312389783773,0.874708
trend-decay-v2-medium-long,TFC,2026-10-01,2026-10-02T02:23:53+00:00,126,46.279999,37.433078930684225,44.50782976796232,52.91968940952151,down,-0.0007167611196335715,0.244815
trend-decay-v2-medium-long,TFC,2026-10-01,2026-10-02T02:23:53+00:00,252,46.279999,34.65929661630724,44.273264746033156,56.554003186264964,down,-0.0007167611196335715,0.244815
trend-decay-v2-medium-long,TGT,2026-10-01,2026-10-02T02:23:53+00:00,126,156.699997,126.19852683568217,157.45366142853624,196.4496426296029,neutral,8.808022960244693e-05,0.31293
trend-decay-v2-medium-long,TGT,2026-10-01,2026-10-02T02:23:53+00:00,252,156.699997,115.22083026679807,157.5559369111187,215.4460543155246,neutral,8.808022960244693e-05,0.31293
trend-decay-v2-medium-long,TJX,2026-10-01,2026-10-02T02:23:53+00:00,126,133.589996,110.177884061926,131.23132073735042,156.30777164671107,neutral,-0.0003270155501579591,0.247297
trend-decay-v2-medium-long,TJX,2026-10-01,2026-10-02T02:23:53+00:00,252,133.589996,102.23291973563894,130.91532456191388,167.64484717320036,down,-0.0003270155501579591,0.247297
trend-decay-v2-medium-long,TKO,2026-10-01,2026-10-02T02:23:53+00:00,126,176.039993,135.90360845253582,171.03774623968897,215.25484843155684,down,-0.0005291881778351049,0.325182
trend-decay-v2-medium-long,TKO,2026-10-01,2026-10-02T02:23:53+00:00,252,176.039993,123.07586691433173,170.37177643186794,235.84267925372103,down,-0.0005291881778351049,0.325182
trend-decay-v2-medium-long,TMO,2026-10-01,2026-10-02T02:23:53+00:00,126,652.51001,562.602349998562,697.1025244156026,863.7573759651875,up,0.001213536050162214,0.30315
trend-decay-v2-medium-long,TMO,2026-10-01,2026-10-02T02:23:53+00:00,252,652.51001,519.428396716149,703.3671167110837,952.4417686790711,up,0.001213536050162214,0.30315
trend-decay-v2-medium-long,TMUS,2026-10-01,2026-10-02T02:23:53+00:00,126,161.729996,115.36157988824452,150.86816430381302,197.30314912860965,down,-0.0012762425891877274,0.379483
trend-decay-v2-medium-long,TMUS,2026-10-01,2026-10-02T02:23:53+00:00,252,161.729996,102.25959281452892,149.45533830727297,218.43327881281976,down,-0.0012762425891877274,0.379483
trend-decay-v2-medium-long,TPL,2026-10-01,2026-10-02T02:23:53+00:00,126,336.459991,225.3616598992737,314.2031041085389,438.0673743509267,down,-0.0012563754030159914,0.46999
trend-decay-v2-medium-long,TPL,2026-10-01,2026-10-02T02:23:53+00:00,252,336.459991,194.56908780245175,311.3062975849803,498.0832875901839,down,-0.0012563754030159914,0.46999
trend-decay-v2-medium-long,TPR,2026-10-01,2026-10-02T02:23:53+00:00,126,119.239998,85.39757339722667,115.2593378526104,155.5631434681213,down,-0.0006232996921216736,0.424076
trend-decay-v2-medium-long,TPR,2026-10-01,2026-10-02T02:23:53+00:00,252,119.239998,75.07695001473941,114.7309231147909,175.32924174713824,down,-0.0006232996921216736,0.424076
trend-decay-v2-medium-long,TRGP,2026-10-01,2026-10-02T02:23:53+00:00,126,279.309998,221.1573862924202,275.0005488221399,341.95241280562226,neutral,-0.00028544279157663384,0.308155
trend-decay-v2-medium-long,TRGP,2026-10-01,2026-10-02T02:23:53+00:00,252,279.309998,201.64601139903982,274.422459310769,373.46479432783497,neutral,-0.00028544279157663384,0.308155
trend-decay-v2-medium-long,TRMB,2026-10-01,2026-10-02T02:23:53+00:00,126,57.529999,45.43327197615247,57.108930714558674,71.78505587429758,neutral,-0.00013485407384397944,0.323453
trend-decay-v2-medium-long,TRMB,2026-10-01,2026-10-02T02:23:53+00:00,252,57.529999,41.28558192022672,57.05218258416888,78.83990938789869,neutral,-0.00013485407384397944,0.323453
trend-decay-v2-medium-long,TROW,2026-10-01,2026-10-02T02:23:53+00:00,126,105.830002,87.31177946225986,103.87228584140537,123.5738388607956,neutral,-0.00034276848332391726,0.245616
trend-decay-v2-medium-long,TROW,2026-10-01,2026-10-02T02:23:53+00:00,252,105.830002,81.04618302958184,103.6101349819389,132.45608453956808,down,-0.00034276848332391726,0.245616
trend-decay-v2-medium-long,TRV,2026-10-01,2026-10-02T02:23:53+00:00,126,361.640015,303.2144524868586,364.8219964282939,438.94704881751795,neutral,0.0001608159859279831,0.261586
trend-decay-v2-medium-long,TRV,2026-10-01,2026-10-02T02:23:53+00:00,252,361.640015,281.1839628704377,365.25477627231095,474.46180866014856,neutral,0.0001608159859279831,0.261586
trend-decay-v2-medium-long,TSCO,2026-10-01,2026-10-02T02:23:53+00:00,126,31.73,24.49096619769342,30.149604227014276,37.1156706398626,down,-0.0009378955927908486,0.293969
trend-decay-v2-medium-long,TSCO,2026-10-01,2026-10-02T02:23:53+00:00,252,31.73,22.315654041227273,29.941857180359754,40.17425658924385,down,-0.0009378955927908486,0.293969
trend-decay-v2-medium-long,TSLA,2026-10-01,2026-10-02T02:23:53+00:00,126,354.109985,240.01741470532275,349.071422610358,507.6750711310655,neutral,-0.0002630803449211469,0.529715
trend-decay-v2-medium-long,TSLA,2026-10-01,2026-10-02T02:23:53+00:00,252,354.109985,205.12551493796582,348.3950579080849,591.7309526876038,neutral,-0.0002630803449211469,0.529715
trend-decay-v2-medium-long,TSN,2026-10-01,2026-10-02T02:23:53+00:00,126,50.470001,39.15541260061297,47.490415196657246,57.59968764869015,down,-0.0011170714844821828,0.272928
trend-decay-v2-medium-long,TSN,2026-10-01,2026-10-02T02:23:53+00:00,252,50.470001,35.85075364328899,47.100922600553055,61.88145811095317,down,-0.0011170714844821828,0.272928
trend-decay-v2-medium-long,TT,2026-10-01,2026-10-02T02:23:53+00:00,126,458.940002,381.19766402733933,466.9768152668488,572.0584530684034,neutral,0.0003186871269969332,0.287031
trend-decay-v2-medium-long,TT,2026-10-01,2026-10-02T02:23:53+00:00,252,458.940002,351.2850659479259,468.07523780888033,623.6941148028142,neutral,0.0003186871269969332,0.287031
trend-decay-v2-medium-long,TTWO,2026-10-01,2026-10-02T02:23:53+00:00,126,203.619995,151.893078951562,194.11037351674437,248.0615796775417,down,-0.0008780089959877976,0.346836
trend-decay-v2-medium-long,TTWO,2026-10-01,2026-10-02T02:23:53+00:00,252,203.619995,136.3354021571124,192.85797593023784,272.8139448112365,down,-0.0008780089959877976,0.346836
trend-decay-v2-medium-long,TXN,2026-10-01,2026-10-02T02:23:53+00:00,126,281.309998,219.1796595071569,297.1285145818894,402.79902969170035,up,0.00100428866288081,0.430307
trend-decay-v2-medium-long,TXN,2026-10-01,2026-10-02T02:23:53+00:00,252,281.309998,194.66139413623424,299.33657490417596,460.2986918538912,up,0.00100428866288081,0.430307
trend-decay-v2-medium-long,TXT,2026-10-01,2026-10-02T02:23:53+00:00,126,77.169998,61.7677506058953,74.4831603660859,89.81614392139734,down,-0.0006505446632711193,0.264729
trend-decay-v2-medium-long,TXT,2026-10-01,2026-10-02T02:23:53+00:00,252,77.169998,56.88593341464348,74.12679661461057,96.59298259715966,down,-0.0006505446632711193,0.264729
trend-decay-v2-medium-long,TYL,2026-10-01,2026-10-02T02:23:53+00:00,126,330.179993,230.482016079275,312.0644737461724,422.5242274042756,down,-0.001035874972771157,0.428559
trend-decay-v2-medium-long,TYL,2026-10-01,2026-10-02T02:23:53+00:00,252,330.179993,201.7469313082797,309.69040244888544,475.38837268558024,down,-0.001035874972771157,0.428559
trend-decay-v2-medium-long,UAL,2026-10-01,2026-10-02T02:23:53+00:00,126,111.779999,83.7423862677153,113.91332160825674,154.95432382763119,neutral,0.00034705033887403425,0.435143
trend-decay-v2-medium-long,UAL,2026-10-01,2026-10-02T02:23:53+00:00,252,111.779999,73.91038604628972,114.20514628263365,176.46796526362473,up,0.00034705033887403425,0.435143
trend-decay-v2-medium-long,UBER,2026-10-01,2026-10-02T02:23:53+00:00,126,67.879997,49.061574938552475,64.1347846628497,83.83894338699476,down,-0.0010418666698204413,0.378883
trend-decay-v2-medium-long,UBER,2026-10-01,2026-10-02T02:23:53+00:00,252,67.879997,43.57235939790262,63.644059539553076,92.9618310930657,down,-0.0010418666698204413,0.378883
trend-decay-v2-medium-long,UDR,2026-10-01,2026-10-02T02:23:53+00:00,126,33.68,27.52069394066312,31.73026779907784,36.583739377065164,down,-0.0010947108411366148,0.201289
trend-decay-v2-medium-long,UDR,2026-10-01,2026-10-02T02:23:53+00:00,252,33.68,25.73653498335387,31.47522023589995,38.49350697516872,down,-0.0010947108411366148,0.201289
trend-decay-v2-medium-long,UHS,2026-10-01,2026-10-02T02:23:53+00:00,126,175.070007,144.36899008434108,178.60214576592065,220.95275760781988,up,0.00036668491120982644,0.300928
trend-decay-v2-medium-long,UHS,2026-10-01,2026-10-02T02:23:53+00:00,252,175.070007,132.54682391333782,179.08561203462898,241.9647298285082,up,0.00036668491120982644,0.300928
trend-decay-v2-medium-long,ULTA,2026-10-01,2026-10-02T02:23:53+00:00,126,537.72998,425.0886500192491,541.6862010792776,690.2652903727554,neutral,0.00013456598098077603,0.34279
trend-decay-v2-medium-long,ULTA,2026-10-01,2026-10-02T02:23:53+00:00,252,537.72998,384.86357519969437,542.223848809618,763.9244687298973,neutral,0.00013456598098077603,0.34279
trend-decay-v2-medium-long,UNH,2026-10-01,2026-10-02T02:23:53+00:00,126,365.200012,295.83260266566475,350.0928180741752,414.30518530655104,down,-0.0007755436176353947,0.23816
trend-decay-v2-medium-long,UNH,2026-10-01,2026-10-02T02:23:53+00:00,252,365.200012,274.3269990499729,348.0968765796216,441.7043743565869,down,-0.0007755436176353947,0.23816
trend-decay-v2-medium-long,UNP,2026-10-01,2026-10-02T02:23:53+00:00,126,272.420013,225.9723388258738,264.59825791499156,309.8265852158008,down,-0.0005347952898695947,0.223163
trend-decay-v2-medium-long,UNP,2026-10-01,2026-10-02T02:23:53+00:00,252,272.420013,210.84157664371241,263.55709659395484,329.45277810370004,down,-0.0005347952898695947,0.223163
trend-decay-v2-medium-long,UPS,2026-10-01,2026-10-02T02:23:53+00:00,126,93.889999,71.38588672396992,88.7122188189281,110.24388893855178,down,-0.0010413475653248737,0.307305
trend-decay-v2-medium-long,UPS,2026-10-01,2026-10-02T02:23:53+00:00,252,93.889999,64.74235166506593,88.03377719543712,119.70442419807294,down,-0.0010413475653248737,0.307305
trend-decay-v2-medium-long,URI,2026-10-01,2026-10-02T02:23:53+00:00,126,1034.109985,812.857183126315,1059.9741263759015,1382.2171617714064,up,0.0004534900237498804,0.375395
trend-decay-v2-medium-long,URI,2026-10-01,2026-10-02T02:23:53+00:00,252,1034.109985,730.6598382756184,1063.5238006413742,1548.0293500188359,up,0.0004534900237498804,0.375395
trend-decay-v2-medium-long,USB,2026-10-01,2026-10-02T02:23:53+00:00,126,57.360001,47.36279042686122,55.46359066926523,64.94992930533017,down,-0.0006171844925133265,0.22329
trend-decay-v2-medium-long,USB,2026-10-01,2026-10-02T02:23:53+00:00,252,57.360001,44.16297422362007,55.2118028834566,69.0248614644096,down,-0.0006171844925133265,0.22329
trend-decay-v2-medium-long,V,2026-10-01,2026-10-02T02:23:53+00:00,126,359.850006,308.5221516284992,355.9815214862592,410.741475031144,neutral,-0.00019841567415991324,0.202353
trend-decay-v2-medium-long,V,2026-10-01,2026-10-02T02:23:53+00:00,252,359.850006,290.3430213059108,355.4611839479805,435.18405479624926,neutral,-0.00019841567415991324,0.202353
trend-decay-v2-medium-long,VEEV,2026-10-01,2026-10-02T02:23:53+00:00,126,281.929993,213.35693097981923,297.49009458118235,414.7995378799847,up,0.0009862000534037157,0.470105
trend-decay-v2-medium-long,VEEV,2026-10-01,2026-10-02T02:23:53+00:00,252,281.929993,187.2690644468012,299.6608784245413,479.50601090163974,up,0.0009862000534037157,0.470105
trend-decay-v2-medium-long,VICI,2026-10-01,2026-10-02T02:23:53+00:00,126,22.73,18.06874761532289,21.089717964313536,24.615773781526745,down,-0.0013749712767216818,0.21864
trend-decay-v2-medium-long,VICI,2026-10-01,2026-10-02T02:23:53+00:00,252,22.73,16.77700177363252,20.87701945686226,25.97901265571817,down,-0.0013749712767216818,0.21864
trend-decay-v2-medium-long,VLO,2026-10-01,2026-10-02T02:23:53+00:00,126,408.459991,354.50941542401716,455.53416861742863,585.3480041701412,up,0.002002368194744047,0.354594
trend-decay-v2-medium-long,VLO,2026-10-01,2026-10-02T02:23:53+00:00,252,408.459991,324.2901570235595,462.3086129163517,659.0679641291541,up,0.002002368194744047,0.354594
trend-decay-v2-medium-long,VLTO,2026-10-01,2026-10-02T02:23:53+00:00,126,94.599998,79.03341181299126,93.89784811840559,111.55795604686125,neutral,-0.0001367625381264029,0.243721
trend-decay-v2-medium-long,VLTO,2026-10-01,2026-10-02T02:23:53+00:00,252,94.599998,73.5141734211078,93.80322370602758,119.69181408379443,neutral,-0.0001367625381264029,0.243721
trend-decay-v2-medium-long,VMC,2026-10-01,2026-10-02T02:23:53+00:00,126,243.979996,186.68116972365343,231.56283432259215,287.23489529709195,down,-0.000958899600968077,0.304691
trend-decay-v2-medium-long,VMC,2026-10-01,2026-10-02T02:23:53+00:00,252,243.979996,169.5403622040043,229.93163453143157,311.834632597282,down,-0.000958899600968077,0.304691
trend-decay-v2-medium-long,VMRK,2026-10-01,2026-10-02T02:23:53+00:00,126,60.169998,48.990239799132844,57.22366293849646,66.84081591608405,down,-0.0009216592986894339,0.219693
trend-decay-v2-medium-long,VMRK,2026-10-01,2026-10-02T02:23:53+00:00,252,60.169998,45.62609489192472,56.836163771471405,70.80048204671692,down,-0.0009216592986894339,0.219693
trend-decay-v2-medium-long,VRSK,2026-10-01,2026-10-02T02:23:53+00:00,126,168.380005,120.39351040194235,155.76245222940742,201.5220043299526,down,-0.001429882708748319,0.364254
trend-decay-v2-medium-long,VRSK,2026-10-01,2026-10-02T02:23:53+00:00,252,168.380005,107.0757651626667,154.12911643093346,221.85958228447933,down,-0.001429882708748319,0.364254
trend-decay-v2-medium-long,VRSN,2026-10-01,2026-10-02T02:23:53+00:00,126,286.899994,233.0139400981567,290.34811927735836,361.7896437113894,neutral,0.00021931452126752583,0.311102
trend-decay-v2-medium-long,VRSN,2026-10-01,2026-10-02T02:23:53+00:00,252,286.899994,213.06461001624817,290.8179450840236,396.94568317302685,neutral,0.00021931452126752583,0.311102
trend-decay-v2-medium-long,VRT,2026-10-01,2026-10-02T02:23:53+00:00,126,246.119995,143.64500327855202,237.0534415682529,391.20284643930677,down,-0.0006890200579006093,0.708437
trend-decay-v2-medium-long,VRT,2026-10-01,2026-10-02T02:23:53+00:00,252,246.119995,116.1368210648987,235.85235338453822,478.97240588271666,down,-0.0006890200579006093,0.708437
trend-decay-v2-medium-long,VRTX,2026-10-01,2026-10-02T02:23:53+00:00,126,506.73999,400.43289060664154,489.2113409703206,597.6725232820066,down,-0.0006462445380033194,0.283194
trend-decay-v2-medium-long,VRTX,2026-10-01,2026-10-02T02:23:53+00:00,252,506.73999,366.8071811232399,486.8861502117626,646.2744882532281,down,-0.0006462445380033194,0.283194
trend-decay-v2-medium-long,VST,2026-10-01,2026-10-02T02:23:53+00:00,126,139.75,104.17096450259787,139.11795032230359,185.7888538739245,neutral,-8.321374386765454e-05,0.409116
trend-decay-v2-medium-long,VST,2026-10-01,2026-10-02T02:23:53+00:00,252,139.75,92.35064263244993,139.0326315988904,209.31172862808668,neutral,-8.321374386765454e-05,0.409116
trend-decay-v2-medium-long,VTR,2026-10-01,2026-10-02T02:23:53+00:00,126,83.730003,65.98826665159255,79.5240183186044,95.83627227136908,down,-0.0009461099794841161,0.263867
trend-decay-v2-medium-long,VTR,2026-10-01,2026-10-02T02:23:53+00:00,252,83.730003,60.65591428794699,78.97127238902593,102.81704489913169,down,-0.0009461099794841161,0.263867
trend-decay-v2-medium-long,VTRS,2026-10-01,2026-10-02T02:23:53+00:00,126,17.459999,14.79452589042837,18.057420359923373,22.039937776305035,up,0.0006176209440535201,0.281852
trend-decay-v2-medium-long,VTRS,2026-10-01,2026-10-02T02:23:53+00:00,252,17.459999,13.684419856195847,18.13982774752534,24.04583856442449,up,0.0006176209440535201,0.281852
trend-decay-v2-medium-long,VZ,2026-10-01,2026-10-02T02:23:53+00:00,126,45.98,36.646832435241976,44.358068429715274,53.691904703968184,down,-0.0006592499513338811,0.270069
trend-decay-v2-medium-long,VZ,2026-10-01,2026-10-02T02:23:53+00:00,252,45.98,33.69553955553911,44.14300472827845,57.82975705817086,down,-0.0006592499513338811,0.270069
trend-decay-v2-medium-long,WAB,2026-10-01,2026-10-02T02:23:53+00:00,126,287.839996,240.38452598876137,295.09080475284514,362.24704020155167,up,0.0004567026745647377,0.289975
trend-decay-v2-medium-long,WAB,2026-10-01,2026-10-02T02:23:53+00:00,252,287.839996,221.5559253626204,296.08602654633444,395.687612382798,up,0.0004567026745647377,0.289975
trend-decay-v2-medium-long,WAT,2026-10-01,2026-10-02T02:23:53+00:00,126,425.529999,367.34721942478456,444.0227321800673,536.70254262812,up,0.0007809304841207505,0.26809
trend-decay-v2-medium-long,WAT,2026-10-01,2026-10-02T02:23:53+00:00,252,425.529999,341.5666966087722,446.5864349063484,583.8960467237781,up,0.0007809304841207505,0.26809
trend-decay-v2-medium-long,WBD,2026-10-01,2026-10-02T02:23:53+00:00,126,30.950001,27.267642029418884,32.80021927440437,39.455350898632,up,0.0010658717931137807,0.261254
trend-decay-v2-medium-long,WBD,2026-10-01,2026-10-02T02:23:53+00:00,252,30.950001,25.458229765043125,33.0589741070435,42.92897735218163,up,0.0010658717931137807,0.261254
trend-decay-v2-medium-long,WDAY,2026-10-01,2026-10-02T02:23:53+00:00,126,186.75,121.63589575730757,189.184520300554,294.2452349161946,neutral,0.00023776557389721173,0.624645
trend-decay-v2-medium-long,WDAY,2026-10-01,2026-10-02T02:23:53+00:00,252,186.75,101.47685074378438,189.51642590051645,353.93762639313957,neutral,0.00023776557389721173,0.624645
trend-decay-v2-medium-long,WDC,2026-10-01,2026-10-02T02:23:53+00:00,126,462.559998,245.43879464236406,467.91076059437216,892.0369748353285,neutral,0.0002111346190311031,0.912493
trend-decay-v2-medium-long,WDC,2026-10-01,2026-10-02T02:23:53+00:00,252,462.559998,188.16911941614046,468.63964699290375,1167.1581363354937,neutral,0.0002111346190311031,0.912493
trend-decay-v2-medium-long,WEC,2026-10-01,2026-10-02T02:23:53+00:00,126,101.730003,86.71447118621393,97.97170622825726,110.69035064128869,down,-0.0006910385533771167,0.172616
trend-decay-v2-medium-long,WEC,2026-10-01,2026-10-02T02:23:53+00:00,252,101.730003,82.02041868550552,97.4738585508424,115.8388758928471,down,-0.0006910385533771167,0.172616
trend-decay-v2-medium-long,WELL,2026-10-01,2026-10-02T02:23:53+00:00,126,226.940002,187.09785210418326,221.16565801635835,261.4367173951919,down,-0.0004731381538590454,0.23657
trend-decay-v2-medium-long,WELL,2026-10-01,2026-10-02T02:23:53+00:00,252,226.940002,173.96496313048604,220.39555685590116,279.2183012471809,down,-0.0004731381538590454,0.23657
trend-decay-v2-medium-long,WFC,2026-10-01,2026-10-02T02:23:53+00:00,126,80.25,64.76560152549646,76.89126384620656,91.28713879912706,down,-0.0007848623645786462,0.242704
trend-decay-v2-medium-long,WFC,2026-10-01,2026-10-02T02:23:53+00:00,252,80.25,59.973456588524385,76.44764092489548,97.44713970846928,down,-0.0007848623645786462,0.242704
trend-decay-v2-medium-long,WM,2026-10-01,2026-10-02T02:23:53+00:00,126,201.899994,164.00456540752376,191.17907835447014,222.85623518860845,down,-0.0010016163095357927,0.216822
trend-decay-v2-medium-long,WM,2026-10-01,2026-10-02T02:23:53+00:00,252,201.899994,152.78083116714902,189.77258199406248,235.72088593557035,down,-0.0010016163095357927,0.216822
trend-decay-v2-medium-long,WMB,2026-10-01,2026-10-02T02:23:53+00:00,126,69.220001,55.517557050104955,66.24584670647477,79.04728592248924,down,-0.0008062044280401455,0.249854
trend-decay-v2-medium-long,WMB,2026-10-01,2026-10-02T02:23:53+00:00,252,69.220001,51.29407462324263,65.85328026090471,84.54494116472891,down,-0.0008062044280401455,0.249854
trend-decay-v2-medium-long,WMT,2026-10-01,2026-10-02T02:23:53+00:00,126,104.260002,84.36889677963664,102.30084540461172,124.04408935004851,neutral,-0.00034823777221292386,0.272546
trend-decay-v2-medium-long,WMT,2026-10-01,2026-10-02T02:23:53+00:00,252,104.260002,77.69606754156814,102.03854614735488,134.00761749358065,down,-0.00034823777221292386,0.272546
trend-decay-v2-medium-long,WRB,2026-10-01,2026-10-02T02:23:53+00:00,126,68.900002,59.6559315036704,69.2715954011924,80.43716372329655,neutral,9.873973793567396e-05,0.211342
trend-decay-v2-medium-long,WRB,2026-10-01,2026-10-02T02:23:53+00:00,252,68.900002,56.11599435211671,69.32203882563337,85.6359247024793,neutral,9.873973793567396e-05,0.211342
trend-decay-v2-medium-long,WSM,2026-10-01,2026-10-02T02:23:53+00:00,126,233.389999,193.2532465396563,241.11779847855956,300.83734055778035,up,0.0005979881805957137,0.312943
trend-decay-v2-medium-long,WSM,2026-10-01,2026-10-02T02:23:53+00:00,252,233.389999,177.10647677096998,242.18311543772796,331.1717474848317,up,0.0005979881805957137,0.312943
trend-decay-v2-medium-long,WST,2026-10-01,2026-10-02T02:23:53+00:00,126,365.01001,320.65306342613405,381.7989644649627,454.60488575715004,up,0.0008255226821914159,0.246829
trend-decay-v2-medium-long,WST,2026-10-01,2026-10-02T02:23:53+00:00,252,365.01001,300.1106225123512,384.12965867507484,491.67068275884424,up,0.0008255226821914159,0.246829
trend-decay-v2-medium-long,WTW,2026-10-01,2026-10-02T02:23:53+00:00,126,291.600006,222.65521890897918,274.5774989590145,338.60784087620226,down,-0.0011041892927158587,0.296432
trend-decay-v2-medium-long,WTW,2026-10-01,2026-10-02T02:23:53+00:00,252,291.600006,202.48406721018563,272.3514159997859,366.3265698831101,down,-0.0011041892927158587,0.296432
trend-decay-v2-medium-long,WY,2026-10-01,2026-10-02T02:23:53+00:00,126,18.59,13.248629820506075,16.328696709581866,20.124823460674286,down,-0.0023809523809523807,0.295613
trend-decay-v2-medium-long,WY,2026-10-01,2026-10-02T02:23:53+00:00,252,18.59,11.938376743202168,16.044580797838968,21.563113521690912,down,-0.0023809523809523807,0.295613
trend-decay-v2-medium-long,WYNN,2026-10-01,2026-10-02T02:23:53+00:00,126,77.300003,58.308076167590784,69.9283605242289,83.86446487364158,down,-0.0018398304420675804,0.257006
trend-decay-v2-medium-long,WYNN,2026-10-01,2026-10-02T02:23:53+00:00,252,77.300003,53.3514752553849,68.98627900082994,89.20290709112119,down,-0.0018398304420675804,0.257006
trend-decay-v2-medium-long,XEL,2026-10-01,2026-10-02T02:23:53+00:00,126,70.550003,58.92081814077961,67.0806440719129,76.37050793068173,down,-0.0009256947549255178,0.183425
trend-decay-v2-medium-long,XEL,2026-10-01,2026-10-02T02:23:53+00:00,252,70.550003,55.459115785952584,66.62441465525828,80.03756578607613,down,-0.0009256947549255178,0.183425
trend-decay-v2-medium-long,XOM,2026-10-01,2026-10-02T02:23:53+00:00,126,163.820007,138.6925125975393,166.24945427164562,199.28170979080207,neutral,0.0002702412772005327,0.256298
trend-decay-v2-medium-long,XOM,2026-10-01,2026-10-02T02:23:53+00:00,252,163.820007,128.91892003007771,166.58100037421005,215.24559528732064,neutral,0.0002702412772005327,0.256298
trend-decay-v2-medium-long,XYL,2026-10-01,2026-10-02T02:23:53+00:00,126,100.879997,79.69613656743154,96.29986589329614,116.3627820681157,down,-0.0008529728033693258,0.267634
trend-decay-v2-medium-long,XYL,2026-10-01,2026-10-02T02:23:53+00:00,252,100.879997,73.22556495712689,95.6962017025324,125.06237439961821,down,-0.0008529728033693258,0.267634
trend-decay-v2-medium-long,XYZ,2026-10-01,2026-10-02T02:23:53+00:00,126,74.040001,54.36217174895485,72.42536693719327,96.49051182521853,down,-0.00040476081887717895,0.405721
trend-decay-v2-medium-long,XYZ,2026-10-01,2026-10-02T02:23:53+00:00,252,74.040001,48.127397866347756,72.2095722796173,108.34207873206523,down,-0.00040476081887717895,0.405721
trend-decay-v2-medium-long,YUM,2026-10-01,2026-10-02T02:23:53+00:00,126,136.690002,104.15783154754234,127.60537136779185,156.33131527397165,down,-0.0012624975676977645,0.287135
trend-decay-v2-medium-long,YUM,2026-10-01,2026-10-02T02:23:53+00:00,252,136.690002,94.86928847273312,126.42320305671149,168.47207909345934,down,-0.0012624975676977645,0.287135
trend-decay-v2-medium-long,ZBH,2026-10-01,2026-10-02T02:23:53+00:00,126,88.059998,66.69519323236617,83.3156206464075,104.07785489895667,down,-0.0010166767292610042,0.314667
trend-decay-v2-medium-long,ZBH,2026-10-01,2026-10-02T02:23:53+00:00,252,88.059998,60.36888794328322,82.69348927906535,113.27379718459316,down,-0.0010166767292610042,0.314667
trend-decay-v2-medium-long,ZBRA,2026-10-01,2026-10-02T02:23:53+00:00,126,375.450012,271.5369474234094,410.3865368164624,620.2364400068024,up,0.0016333360948011584,0.584072
trend-decay-v2-medium-long,ZBRA,2026-10-01,2026-10-02T02:23:53+00:00,252,375.450012,231.6132211135345,415.35801291265795,744.8723266371009,up,0.0016333360948011584,0.584072
trend-decay-v2-medium-long,ZTS,2026-10-01,2026-10-02T02:23:53+00:00,126,69.099998,51.61938967785426,64.18274099632954,79.80381533974695,down,-0.0013551515508478653,0.308068
trend-decay-v2-medium-long,ZTS,2026-10-01,2026-10-02T02:23:53+00:00,252,69.099998,46.69680951071646,63.54471577520228,86.4712374412769,down,-0.0013551515508478653,0.308068
trend-decay-v2-medium-long,A,2026-10-02,2026-10-03T02:11:30+00:00,126,167.779999,147.00324964774953,181.88342484241005,225.0397886555229,up,0.001481671064485795,0.301102
trend-decay-v2-medium-long,A,2026-10-02,2026-10-03T02:11:30+00:00,252,167.779999,136.07241266919138,183.88107003685417,248.48716396394147,up,0.001481671064485795,0.301102
trend-decay-v2-medium-long,AAPL,2026-10-02,2026-10-03T02:11:30+00:00,126,333.690002,277.7429967481621,342.4710760003002,422.2840513352367,up,0.0004768300255548982,0.296265
trend-decay-v2-medium-long,AAPL,2026-10-02,2026-10-03T02:11:30+00:00,252,333.690002,255.55496373080322,343.6770845274666,462.18604680955605,up,0.0004768300255548982,0.296265
trend-decay-v2-medium-long,ABBV,2026-10-02,2026-10-03T02:11:30+00:00,126,262.820007,220.11867840002643,265.9102413007527,321.2278800807849,neutral,0.0002145872458147917,0.267275
trend-decay-v2-medium-long,ABBV,2026-10-02,2026-10-03T02:11:30+00:00,252,262.820007,203.86658835975044,266.33124107484485,347.93504194663495,neutral,0.0002145872458147917,0.267275
trend-decay-v2-medium-long,ABNB,2026-10-02,2026-10-03T02:11:30+00:00,126,162.429993,113.44686399201238,156.3464954772847,215.46850911409658,down,-0.0007007473962947198,0.453595
trend-decay-v2-medium-long,ABNB,2026-10-02,2026-10-03T02:11:30+00:00,252,162.429993,98.8213419191143,155.54088027909972,244.81518838106132,down,-0.0007007473962947198,0.453595
trend-decay-v2-medium-long,ABT,2026-10-02,2026-10-03T02:11:30+00:00,126,97.5,74.12329711038699,92.13859515024839,114.5324216166273,down,-0.001038267670105143,0.307682
trend-decay-v2-medium-long,ABT,2026-10-02,2026-10-03T02:11:30+00:00,252,97.5,67.21910828154724,91.43602583428095,124.37753243243193,down,-0.001038267670105143,0.307682
trend-decay-v2-medium-long,ACGL,2026-10-02,2026-10-03T02:11:30+00:00,126,93.599998,77.57697997286162,90.79222987560897,106.25869953521148,down,-0.0005591056817994228,0.22246
trend-decay-v2-medium-long,ACGL,2026-10-02,2026-10-03T02:11:30+00:00,252,93.599998,72.38447538119513,90.41876723076936,112.94622810316022,down,-0.0005591056817994228,0.22246
trend-decay-v2-medium-long,ACN,2026-10-02,2026-10-03T02:11:30+00:00,126,198.899994,136.2434333355704,211.17089077699814,327.30491312353405,up,0.0010989773815255647,0.619743
trend-decay-v2-medium-long,ACN,2026-10-02,2026-10-03T02:11:30+00:00,252,198.899994,114.55174438526424,212.88873044531132,395.6431374644918,up,0.0010989773815255647,0.619743
trend-decay-v2-medium-long,ADBE,2026-10-02,2026-10-03T02:11:30+00:00,126,237.690002,158.46281326174187,222.31691060642947,311.90162363171885,down,-0.0012274401303775126,0.47883
trend-decay-v2-medium-long,ADBE,2026-10-02,2026-10-03T02:11:30+00:00,252,237.690002,136.4863908480239,220.31424397881938,355.6278820062411,down,-0.0012274401303775126,0.47883
trend-decay-v2-medium-long,ADI,2026-10-02,2026-10-03T02:11:30+00:00,126,417.149994,342.2621629885239,455.0181862434082,604.9209413170892,up,0.0015951046169186652,0.402712
trend-decay-v2-medium-long,ADI,2026-10-02,2026-10-03T02:11:30+00:00,252,417.149994,307.7798880005048,460.40055307575034,688.7021457104081,up,0.0015951046169186652,0.402712
trend-decay-v2-medium-long,ADM,2026-10-02,2026-10-03T02:11:30+00:00,126,80.449997,64.95588380404487,78.73791549062639,95.44415336587205,down,-0.0003948869701955392,0.272118
trend-decay-v2-medium-long,ADM,2026-10-02,2026-10-03T02:11:30+00:00,252,80.449997,59.805379271039996,78.50902695827062,103.06208888000721,down,-0.0003948869701955392,0.272118
trend-decay-v2-medium-long,ADP,2026-10-02,2026-10-03T02:11:30+00:00,126,257.679993,205.44123953687017,251.09871557153465,306.9031568530762,down,-0.0004749492465870258,0.283813
trend-decay-v2-medium-long,ADP,2026-10-02,2026-10-03T02:11:30+00:00,252,257.679993,188.39328368050906,250.22104626292753,332.3397244834569,down,-0.0004749492465870258,0.283813
trend-decay-v2-medium-long,ADSK,2026-10-02,2026-10-03T02:11:30+00:00,126,212.0,145.2264597157783,199.42369991305878,273.8468744941311,down,-0.001122640268438639,0.4485
trend-decay-v2-medium-long,ADSK,2026-10-02,2026-10-03T02:11:30+00:00,252,212.0,126.29940720611825,197.78000671766307,309.7158721687486,down,-0.001122640268438639,0.4485
trend-decay-v2-medium-long,AEE,2026-10-02,2026-10-03T02:11:30+00:00,126,99.940002,84.38241125474191,95.94874298316014,109.10047654665921,down,-0.0007481733711024393,0.181663
trend-decay-v2-medium-long,AEE,2026-10-02,2026-10-03T02:11:30+00:00,252,99.940002,79.5698625331184,95.42097421244814,114.42978572274096,down,-0.0007481733711024393,0.181663
trend-decay-v2-medium-long,AEP,2026-10-02,2026-10-03T02:11:30+00:00,126,119.57,102.21978176649574,116.06379317127987,131.78275136682902,down,-0.000546353489220627,0.179626
trend-decay-v2-medium-long,AEP,2026-10-02,2026-10-03T02:11:30+00:00,252,119.57,96.5910544934558,115.59724610611838,138.34328010389248,down,-0.000546353489220627,0.179626
trend-decay-v2-medium-long,AES,2026-10-02,2026-10-03T02:11:30+00:00,126,14.91,14.620565573778467,15.010529110346061,15.41089385602454,neutral,0.00012335760039450296,0.037226
trend-decay-v2-medium-long,AES,2026-10-02,2026-10-03T02:11:30+00:00,252,14.91,14.47517795134281,15.024186217925294,15.594017031753072,neutral,0.00012335760039450296,0.037226
trend-decay-v2-medium-long,AFL,2026-10-02,2026-10-03T02:11:30+00:00,126,111.540001,95.19919384788498,108.31625454679511,123.2406549344616,down,-0.0005383873989092285,0.182552
trend-decay-v2-medium-long,AFL,2026-10-02,2026-10-03T02:11:30+00:00,252,111.540001,89.88527285311997,107.88718642847137,129.49446139493716,down,-0.0005383873989092285,0.182552
trend-decay-v2-medium-long,AIG,2026-10-02,2026-10-03T02:11:30+00:00,126,74.93,63.58441845186348,73.87345589368132,85.8274341190541,neutral,-0.0002606895491591596,0.212111
trend-decay-v2-medium-long,AIG,2026-10-02,2026-10-03T02:11:30+00:00,252,74.93,59.63965520475707,73.73161740349659,91.15330037156181,neutral,-0.0002606895491591596,0.212111
trend-decay-v2-medium-long,AIZ,2026-10-02,2026-10-03T02:11:30+00:00,126,267.320007,223.89201706442395,260.6088715926733,303.3470547244373,down,-0.00046675146134598117,0.214758
trend-decay-v2-medium-long,AIZ,2026-10-02,2026-10-03T02:11:30+00:00,252,267.320007,209.5205246787802,259.7136568710454,321.93115051015536,down,-0.00046675146134598117,0.214758
trend-decay-v2-medium-long,AJG,2026-10-02,2026-10-03T02:11:30+00:00,126,226.110001,164.07462707507236,208.9357375254661,266.06272519721466,down,-0.0014501424598450518,0.341823
trend-decay-v2-medium-long,AJG,2026-10-02,2026-10-03T02:11:30+00:00,252,226.110001,146.86487318161787,206.7139459578291,290.95218296763295,down,-0.0014501424598450518,0.341823
trend-decay-v2-medium-long,AKAM,2026-10-02,2026-10-03T02:11:30+00:00,126,108.919998,74.66766076249868,110.09225579387541,162.32334938596912,neutral,0.00019651720127036062,0.549099
trend-decay-v2-medium-long,AKAM,2026-10-02,2026-10-03T02:11:30+00:00,252,108.919998,63.66713369171478,110.25186991060964,190.92228774809482,neutral,0.00019651720127036062,0.549099
trend-decay-v2-medium-long,ALB,2026-10-02,2026-10-03T02:11:30+00:00,126,104.589996,65.89448040686851,91.86758061002584,128.07828994217078,down,-0.0023809523809523807,0.469934
trend-decay-v2-medium-long,ALB,2026-10-02,2026-10-03T02:11:30+00:00,252,104.589996,56.42211842915736,90.26910389820628,144.4205099958501,down,-0.0023809523809523807,0.469934
trend-decay-v2-medium-long,ALGN,2026-10-02,2026-10-03T02:11:30+00:00,126,143.740005,100.22690201642256,133.22395161782939,177.08440476152361,down,-0.001394697640408294,0.402478
trend-decay-v2-medium-long,ALGN,2026-10-02,2026-10-03T02:11:30+00:00,252,143.740005,88.17041858067373,131.86115547181475,197.2017894692549,down,-0.001394697640408294,0.402478
trend-decay-v2-medium-long,ALL,2026-10-02,2026-10-03T02:11:30+00:00,126,223.740005,167.65196763854246,207.74759896858168,257.43249831854973,down,-0.001361401340979531,0.303255
trend-decay-v2-medium-long,ALL,2026-10-02,2026-10-03T02:11:30+00:00,252,223.740005,151.87112543208727,205.67295337036794,278.53460378158314,down,-0.001361401340979531,0.303255
trend-decay-v2-medium-long,ALLE,2026-10-02,2026-10-03T02:11:30+00:00,126,154.210007,125.70534188191284,155.58221698526563,192.56004462236092,neutral,0.00016262773436128753,0.301558
trend-decay-v2-medium-long,ALLE,2026-10-02,2026-10-03T02:11:30+00:00,252,154.210007,115.21676287952364,155.76886108316936,210.59381878762974,neutral,0.00016262773436128753,0.301558
trend-decay-v2-medium-long,AMAT,2026-10-02,2026-10-03T02:11:30+00:00,126,540.039978,345.4543370071802,596.4713209573634,1029.884411951173,up,0.0018245073887726672,0.772402
trend-decay-v2-medium-long,AMAT,2026-10-02,2026-10-03T02:11:30+00:00,252,540.039978,279.24229993549557,604.548478869078,1308.8234246292238,up,0.0018245073887726672,0.772402
trend-decay-v2-medium-long,AMCR,2026-10-02,2026-10-03T02:11:30+00:00,126,41.860001,32.46811704888951,39.66577031000555,48.459026186119125,down,-0.0009884028227213726,0.283168
trend-decay-v2-medium-long,AMCR,2026-10-02,2026-10-03T02:11:30+00:00,252,41.860001,29.666956969762,39.37778664246637,52.26724407360214,down,-0.0009884028227213726,0.283168
trend-decay-v2-medium-long,AMD,2026-10-02,2026-10-03T02:11:30+00:00,126,633.909973,434.9952748776555,721.6979167207379,1197.3644613623544,up,0.0023809523809523807,0.715976
trend-decay-v2-medium-long,AMD,2026-10-02,2026-10-03T02:11:30+00:00,252,633.909973,358.9501784254675,734.4776748331891,1502.8755723000174,up,0.0023809523809523807,0.715976
trend-decay-v2-medium-long,AME,2026-10-02,2026-10-03T02:11:30+00:00,126,251.929993,223.36203711155548,263.50463489278286,310.86165539984074,up,0.0008246101900031496,0.233737
trend-decay-v2-medium-long,AME,2026-10-02,2026-10-03T02:11:30+00:00,252,251.929993,209.85423691765405,265.1114171751929,334.91848698874907,up,0.0008246101900031496,0.233737
trend-decay-v2-medium-long,AMGN,2026-10-02,2026-10-03T02:11:30+00:00,126,403.040009,311.3256860660155,391.26247225008893,491.72403384277845,down,-0.0005444300494315284,0.323203
trend-decay-v2-medium-long,AMGN,2026-10-02,2026-10-03T02:11:30+00:00,252,403.040009,282.0718855141718,389.69522202648477,538.3817880092888,down,-0.0005444300494315284,0.323203
trend-decay-v2-medium-long,AMP,2026-10-02,2026-10-03T02:11:30+00:00,126,490.910004,390.58796040062236,465.8469438140835,555.6069235680825,down,-0.0009619966314826426,0.24919
trend-decay-v2-medium-long,AMP,2026-10-02,2026-10-03T02:11:30+00:00,252,490.910004,360.52996202780986,462.55481354012176,593.4512469524876,down,-0.0009619966314826426,0.24919
trend-decay-v2-medium-long,AMT,2026-10-02,2026-10-03T02:11:30+00:00,126,162.199997,127.81257045524939,157.23633827481538,193.43375996595302,down,-0.0005705507303198128,0.293004
trend-decay-v2-medium-long,AMT,2026-10-02,2026-10-03T02:11:30+00:00,252,162.199997,116.8089597041128,156.57635419736698,209.8824846641975,down,-0.0005705507303198128,0.293004
trend-decay-v2-medium-long,AMZN,2026-10-02,2026-10-03T02:11:30+00:00,126,251.520004,190.24413982755473,252.0203180439064,333.8564896901619,neutral,3.647961884085611e-05,0.397679
trend-decay-v2-medium-long,AMZN,2026-10-02,2026-10-03T02:11:30+00:00,252,251.520004,169.3723672898532,252.088104600089,375.1994112009585,neutral,3.647961884085611e-05,0.397679
trend-decay-v2-medium-long,ANET,2026-10-02,2026-10-03T02:11:30+00:00,126,207.350006,153.2795210545249,224.68507854292412,329.35505129796127,up,0.0014739460346974485,0.540847
trend-decay-v2-medium-long,ANET,2026-10-02,2026-10-03T02:11:30+00:00,252,207.350006,132.25330371077317,227.13988274188782,390.10387555101875,up,0.0014739460346974485,0.540847
trend-decay-v2-medium-long,AON,2026-10-02,2026-10-03T02:11:30+00:00,126,269.450012,189.36302507096946,237.96753638811992,299.0475482391979,down,-0.002280884577415223,0.323103
trend-decay-v2-medium-long,AON,2026-10-02,2026-10-03T02:11:30+00:00,252,269.450012,169.39208198698367,233.99951427514878,323.2487140999487,down,-0.002280884577415223,0.323103
trend-decay-v2-medium-long,AOS,2026-10-02,2026-10-03T02:11:30+00:00,126,56.75,44.69444621019564,54.95507614387384,67.57126779859372,down,-0.0005900002708049761,0.292271
trend-decay-v2-medium-long,AOS,2026-10-02,2026-10-03T02:11:30+00:00,252,56.75,40.84953474585388,54.716561426442674,73.2909716832833,down,-0.0005900002708049761,0.292271
trend-decay-v2-medium-long,APA,2026-10-02,2026-10-03T02:11:30+00:00,126,43.68,32.69499683401599,44.45705202979386,60.45051740526591,neutral,0.00032370137209124553,0.43459
trend-decay-v2-medium-long,APA,2026-10-02,2026-10-03T02:11:30+00:00,252,43.68,28.85605944453226,44.563271181466924,68.8203856181497,up,0.00032370137209124553,0.43459
trend-decay-v2-medium-long,APD,2026-10-02,2026-10-03T02:11:30+00:00,126,277.570007,218.1938659974467,261.2104419717386,312.7076679409009,down,-0.0011151547951905143,0.254477
trend-decay-v2-medium-long,APD,2026-10-02,2026-10-03T02:11:30+00:00,252,277.570007,200.86402516521918,259.07178550794004,334.1473914558097,down,-0.0011151547951905143,0.254477
trend-decay-v2-medium-long,APH,2026-10-02,2026-10-03T02:11:30+00:00,126,86.959999,67.41817306800273,91.48342056563347,124.13887617433338,up,0.0009308962606199279,0.431679
trend-decay-v2-medium-long,APH,2026-10-02,2026-10-03T02:11:30+00:00,252,86.959999,59.82008943493094,92.11341119747206,141.8399839014611,up,0.0009308962606199279,0.431679
trend-decay-v2-medium-long,APO,2026-10-02,2026-10-03T02:11:30+00:00,126,114.019997,83.11834234672565,106.11785228375521,135.4815105231764,down,-0.0013184953695171086,0.345471
trend-decay-v2-medium-long,APO,2026-10-02,2026-10-03T02:11:30+00:00,252,114.019997,74.3927900618053,105.09135603695903,148.45784254779804,down,-0.0013184953695171086,0.345471
trend-decay-v2-medium-long,APP,2026-10-02,2026-10-03T02:11:30+00:00,126,268.220001,148.71919358326366,235.59349369406914,373.21540638869925,down,-0.0023809523809523807,0.650606
trend-decay-v2-medium-long,APP,2026-10-02,2026-10-03T02:11:30+00:00,252,268.220001,120.77736460488055,231.4942161183943,443.7054266880758,down,-0.0023809523809523807,0.650606
trend-decay-v2-medium-long,APTV,2026-10-02,2026-10-03T02:11:30+00:00,126,43.540001,29.649684071900985,41.24385143457903,57.37178436817535,down,-0.0009945690680183892,0.466762
trend-decay-v2-medium-long,APTV,2026-10-02,2026-10-03T02:11:30+00:00,252,43.540001,25.672178222285417,40.942549242574444,65.29606969717447,down,-0.0009945690680183892,0.466762
trend-decay-v2-medium-long,ARE,2026-10-02,2026-10-03T02:11:30+00:00,126,47.369999,32.94949133530926,45.03824739542903,61.56221678233174,down,-0.0009266280934238522,0.441993
trend-decay-v2-medium-long,ARE,2026-10-02,2026-10-03T02:11:30+00:00,252,47.369999,28.751436994991852,44.73162511443611,69.59367929077726,down,-0.0009266280934238522,0.441993
trend-decay-v2-medium-long,ARES,2026-10-02,2026-10-03T02:11:30+00:00,126,117.550003,82.11805574235468,109.37444669231172,145.67770122057584,down,-0.0013233226349712254,0.405341
trend-decay-v2-medium-long,ARES,2026-10-02,2026-10-03T02:11:30+00:00,252,117.550003,72.21735832189802,108.31259417749894,162.4487288107058,down,-0.0013233226349712254,0.405341
trend-decay-v2-medium-long,ATO,2026-10-02,2026-10-03T02:11:30+00:00,126,157.169998,135.36319758007852,150.38831665810167,167.0812022143452,down,-0.0008096960407822459,0.148859
trend-decay-v2-medium-long,ATO,2026-10-02,2026-10-03T02:11:30+00:00,252,157.169998,128.81695653380447,149.4932819620432,173.48835085944816,down,-0.0008096960407822459,0.148859
trend-decay-v2-medium-long,AVGO,2026-10-02,2026-10-03T02:11:30+00:00,126,355.140015,247.6222705929726,349.42989734586365,493.0947966301622,neutral,-0.00029755837658163975,0.487053
trend-decay-v2-medium-long,AVGO,2026-10-02,2026-10-03T02:11:30+00:00,252,355.140015,214.23130390105146,348.66420324352316,567.4554764395671,neutral,-0.00029755837658163975,0.487053
trend-decay-v2-medium-long,AVY,2026-10-02,2026-10-03T02:11:30+00:00,126,169.869995,139.610007647742,168.14408356791216,202.5100729901027,neutral,-0.00018746888609597585,0.262999
trend-decay-v2-medium-long,AVY,2026-10-02,2026-10-03T02:11:30+00:00,252,169.869995,129.08100938006942,167.91185799891048,218.42401288968844,neutral,-0.00018746888609597585,0.262999
trend-decay-v2-medium-long,AWK,2026-10-02,2026-10-03T02:11:30+00:00,126,130.25,107.34802741655471,125.78891780223849,147.39769535269713,down,-0.0006397641557557265,0.224194
trend-decay-v2-medium-long,AWK,2026-10-02,2026-10-03T02:11:30+00:00,252,130.25,100.05247048650367,125.19703211630143,156.66076784025597,down,-0.0006397641557557265,0.224194
trend-decay-v2-medium-long,AXON,2026-10-02,2026-10-03T02:11:30+00:00,126,413.350006,221.38715337248945,363.0697623925683,595.4259330576698,down,-0.0023809523809523807,0.699586
trend-decay-v2-medium-long,AXON,2026-10-02,2026-10-03T02:11:30+00:00,252,413.350006,177.2313696352745,356.75242437085655,718.113799810937,down,-0.0023809523809523807,0.699586
trend-decay-v2-medium-long,AXP,2026-10-02,2026-10-03T02:11:30+00:00,126,302.779999,241.51591901082085,287.0072929823108,341.06731582088116,down,-0.0009821008187603274,0.244054
trend-decay-v2-medium-long,AXP,2026-10-02,2026-10-03T02:11:30+00:00,252,302.779999,223.2323921166098,284.93678423055184,363.69708821306455,down,-0.0009821008187603274,0.244054
trend-decay-v2-medium-long,AZO,2026-10-02,2026-10-03T02:11:30+00:00,126,2792.030029,2198.689422438946,2699.248346354604,3313.7657192237584,down,-0.0006204000516513265,0.290072
trend-decay-v2-medium-long,AZO,2026-10-02,2026-10-03T02:11:30+00:00,252,2792.030029,2010.387736963686,2686.9308853269786,3591.1468468405346,down,-0.0006204000516513265,0.290072
trend-decay-v2-medium-long,BA,2026-10-02,2026-10-03T02:11:30+00:00,126,193.559998,142.47356198749864,183.34807422327216,235.94915331963273,down,-0.0009949932562496125,0.356707
trend-decay-v2-medium-long,BA,2026-10-02,2026-10-03T02:11:30+00:00,252,193.559998,127.40156975002279,182.0080768685819,260.0198734630873,down,-0.0009949932562496125,0.356707
trend-decay-v2-medium-long,BAC,2026-10-02,2026-10-03T02:11:30+00:00,126,53.75,42.83734892105869,49.7934118663676,57.87902210901902,down,-0.0014036266107773704,0.2128
trend-decay-v2-medium-long,BAC,2026-10-02,2026-10-03T02:11:30+00:00,252,53.75,39.834557504886256,49.280812897365394,60.967126835216746,down,-0.0014036266107773704,0.2128
trend-decay-v2-medium-long,BALL,2026-10-02,2026-10-03T02:11:30+00:00,126,56.369999,45.09210790316447,52.84723200305835,61.93611388455583,down,-0.0011846365884943478,0.224433
trend-decay-v2-medium-long,BALL,2026-10-02,2026-10-03T02:11:30+00:00,252,56.369999,41.856157300573805,52.387704349015486,65.56912397025592,down,-0.0011846365884943478,0.224433
trend-decay-v2-medium-long,BAX,2026-10-02,2026-10-03T02:11:30+00:00,126,23.49,17.316001590003914,22.86724901463179,30.198142150728483,down,-0.0004932471713405479,0.393257
trend-decay-v2-medium-long,BAX,2026-10-02,2026-10-03T02:11:30+00:00,252,23.49,15.376069580924828,22.784247031901643,33.761678176504134,down,-0.0004932471713405479,0.393257
trend-decay-v2-medium-long,BBY,2026-10-02,2026-10-03T02:11:30+00:00,126,87.970001,70.91302909294346,90.22814638323759,114.80426804338938,up,0.0004652792355547779,0.340666
trend-decay-v2-medium-long,BBY,2026-10-02,2026-10-03T02:11:30+00:00,252,87.970001,64.39948084243954,90.53817379195898,127.28613346493007,up,0.0004652792355547779,0.340666
trend-decay-v2-medium-long,BDX,2026-10-02,2026-10-03T02:11:30+00:00,126,176.800003,143.51615765054385,174.86371453426318,213.05837029984343,neutral,-0.0002021569110786255,0.279391
trend-decay-v2-medium-long,BDX,2026-10-02,2026-10-03T02:11:30+00:00,252,176.800003,132.04272542177148,174.603300712601,230.88218243265922,neutral,-0.0002021569110786255,0.279391
trend-decay-v2-medium-long,BE,2026-10-02,2026-10-03T02:11:30+00:00,126,289.149994,148.04626200952558,329.1933510716574,731.9891831028793,up,0.0023809523809523807,1.130127
trend-decay-v2-medium-long,BE,2026-10-02,2026-10-03T02:11:30+00:00,252,289.149994,108.20972238077134,335.0226756428559,1037.246845527839,up,0.0023809523809523807,1.130127
trend-decay-v2-medium-long,BEN,2026-10-02,2026-10-03T02:11:30+00:00,126,32.810001,27.43360766794694,32.91081868123608,39.48157309017373,neutral,5.632170356564788e-05,0.257433
trend-decay-v2-medium-long,BEN,2026-10-02,2026-10-03T02:11:30+00:00,252,32.810001,25.451728444455433,32.924486649380604,42.59128504733798,neutral,5.632170356564788e-05,0.257433
trend-decay-v2-medium-long,BF.B,2026-10-02,2026-10-03T02:11:30+00:00,126,26.16,20.25578003956181,25.643732358817886,32.464857339797085,neutral,-0.00036590634547214865,0.333555
trend-decay-v2-medium-long,BF.B,2026-10-02,2026-10-03T02:11:30+00:00,252,26.16,18.320976143326543,25.574650364556817,35.700212486089065,down,-0.00036590634547214865,0.333555
trend-decay-v2-medium-long,BG,2026-10-02,2026-10-03T02:11:30+00:00,126,106.720001,78.3907719389502,99.35543368819238,125.92684010123796,down,-0.00131264626984548,0.335165
trend-decay-v2-medium-long,BG,2026-10-02,2026-10-03T02:11:30+00:00,252,106.720001,70.3766491340614,98.39859442983992,137.5780675110606,down,-0.00131264626984548,0.335165
trend-decay-v2-medium-long,BIIB,2026-10-02,2026-10-03T02:11:30+00:00,126,219.880005,171.94729873704117,221.1203942292842,284.35589918099237,neutral,0.00010326707064193062,0.355702
trend-decay-v2-medium-long,BIIB,2026-10-02,2026-10-03T02:11:30+00:00,252,219.880005,155.05294400672045,221.28879935567605,315.8194320912359,neutral,0.00010326707064193062,0.355702
trend-decay-v2-medium-long,BKNG,2026-10-02,2026-10-03T02:11:30+00:00,126,159.020004,106.16221737233272,141.52311276968675,188.662143121751,down,-0.002139868994826186,0.406579
trend-decay-v2-medium-long,BKNG,2026-10-02,2026-10-03T02:11:30+00:00,252,159.020004,92.76861871676913,139.30801575287964,209.19491441664158,down,-0.002139868994826186,0.406579
trend-decay-v2-medium-long,BKR,2026-10-02,2026-10-03T02:11:30+00:00,126,56.0,41.87169492154503,52.592908225206806,66.05927944325408,down,-0.0011523028646761057,0.3224
trend-decay-v2-medium-long,BKR,2026-10-02,2026-10-03T02:11:30+00:00,252,56.0,37.7764629551386,52.14802115848654,71.98704955451757,down,-0.0011523028646761057,0.3224
trend-decay-v2-medium-long,BLK,2026-10-02,2026-10-03T02:11:30+00:00,126,1059.630005,864.0475251669424,1046.0936092336974,1266.4949639988283,neutral,-0.00023602030481154618,0.270384
trend-decay-v2-medium-long,BLK,2026-10-02,2026-10-03T02:11:30+00:00,252,1059.630005,796.8720572138193,1044.2749913469984,1368.4885141607674,neutral,-0.00023602030481154618,0.270384
trend-decay-v2-medium-long,BMY,2026-10-02,2026-10-03T02:11:30+00:00,126,61.150002,48.59363616736467,58.853002770973646,71.27838557359134,down,-0.000702851353496378,0.270893
trend-decay-v2-medium-long,BMY,2026-10-02,2026-10-03T02:11:30+00:00,252,61.150002,44.655088695780606,58.548839511587204,76.76541931216676,down,-0.000702851353496378,0.270893
trend-decay-v2-medium-long,BNY,2026-10-02,2026-10-03T02:11:30+00:00,126,145.399994,118.50603851949069,138.76409063073882,162.48516184606868,down,-0.0008575343762368411,0.223179
trend-decay-v2-medium-long,BNY,2026-10-02,2026-10-03T02:11:30+00:00,252,145.399994,110.30776849736226,137.88959854011955,172.36810828976206,down,-0.0008575343762368411,0.223179
trend-decay-v2-medium-long,BR,2026-10-02,2026-10-03T02:11:30+00:00,126,156.929993,118.94684289971563,149.15966852163825,187.04663504388134,down,-0.0009322352490481852,0.320094
trend-decay-v2-medium-long,BR,2026-10-02,2026-10-03T02:11:30+00:00,252,156.929993,107.56019811036991,148.13805947840387,204.02421203714212,down,-0.0009322352490481852,0.320094
trend-decay-v2-medium-long,BRK.B,2026-10-02,2026-10-03T02:11:30+00:00,126,502.649994,453.5416815236479,501.90807833377795,555.4323436170683,neutral,-2.711572878255216e-05,0.143302
trend-decay-v2-medium-long,BRK.B,2026-10-02,2026-10-03T02:11:30+00:00,252,502.649994,434.8125803346682,501.8077551323191,579.1254312769024,neutral,-2.711572878255216e-05,0.143302
trend-decay-v2-medium-long,BRO,2026-10-02,2026-10-03T02:11:30+00:00,126,59.91,42.59140243128033,54.280551563298324,69.17777086043978,down,-0.001811463491975443,0.342966
trend-decay-v2-medium-long,BRO,2026-10-02,2026-10-03T02:11:30+00:00,252,59.91,38.009854577990595,53.56047862943973,75.47318722644602,down,-0.001811463491975443,0.342966
trend-decay-v2-medium-long,BSX,2026-10-02,2026-10-03T02:11:30+00:00,126,42.599998,31.13360934523251,39.57789562605699,50.312503276364446,down,-0.0013508022379902808,0.339387
trend-decay-v2-medium-long,BSX,2026-10-02,2026-10-03T02:11:30+00:00,252,42.599998,27.90833350355997,39.18571770362589,55.020141985632684,down,-0.0013508022379902808,0.339387
trend-decay-v2-medium-long,BX,2026-10-02,2026-10-03T02:11:30+00:00,126,111.75,77.32322500975371,100.98947148919163,131.8992236857651,down,-0.0018586517070780973,0.377626
trend-decay-v2-medium-long,BX,2026-10-02,2026-10-03T02:11:30+00:00,252,111.75,68.28484455668344,99.61510868765859,145.3202382355397,down,-0.0018586517070780973,0.377626
trend-decay-v2-medium-long,BXP,2026-10-02,2026-10-03T02:11:30+00:00,126,60.450001,47.022888546000516,57.1595310976638,69.48131210843458,down,-0.001027473108713784,0.276071
trend-decay-v2-medium-long,BXP,2026-10-02,2026-10-03T02:11:30+00:00,252,60.450001,43.04303261768315,56.72819615541829,74.7644402203562,down,-0.001027473108713784,0.276071
trend-decay-v2-medium-long,C,2026-10-02,2026-10-03T02:11:30+00:00,126,128.5,103.1189411413547,125.06020424284928,151.67004734681967,down,-0.0004981038702427501,0.272819
trend-decay-v2-medium-long,C,2026-10-02,2026-10-03T02:11:30+00:00,252,128.5,94.85070367937503,124.60180781775156,163.68471618232059,down,-0.0004981038702427501,0.272819
trend-decay-v2-medium-long,CAH,2026-10-02,2026-10-03T02:11:30+00:00,126,228.300003,186.07697579669733,220.5362173752509,261.3769004249217,down,-0.0006351417587392972,0.240277
trend-decay-v2-medium-long,CAH,2026-10-02,2026-10-03T02:11:30+00:00,252,228.300003,172.62170373178697,219.50598893454227,279.1241085941089,down,-0.0006351417587392972,0.240277
trend-decay-v2-medium-long,CARR,2026-10-02,2026-10-03T02:11:30+00:00,126,55.119999,41.52744579810042,52.8545086709313,67.2711512388113,down,-0.0007704534975021968,0.341092
trend-decay-v2-medium-long,CARR,2026-10-02,2026-10-03T02:11:30+00:00,252,55.119999,37.36636817310171,52.55514783068447,73.91790260990264,down,-0.0007704534975021968,0.341092
trend-decay-v2-medium-long,CASY,2026-10-02,2026-10-03T02:11:30+00:00,126,617.76001,374.6321567445839,547.8454989065926,801.1450305821951,down,-0.002204850179189803,0.53747
trend-decay-v2-medium-long,CASY,2026-10-02,2026-10-03T02:11:30+00:00,252,617.76001,314.90425225179814,539.0124298097875,922.6118650730034,down,-0.002204850179189803,0.53747
trend-decay-v2-medium-long,CAT,2026-10-02,2026-10-03T02:11:30+00:00,126,845.419983,644.243383353593,864.2026776107397,1159.2610607840195,up,0.0004033822783457033,0.415398
trend-decay-v2-medium-long,CAT,2026-10-02,2026-10-03T02:11:30+00:00,252,845.419983,572.1396768454566,866.7764946072917,1313.1434892718376,up,0.0004033822783457033,0.415398
trend-decay-v2-medium-long,CB,2026-10-02,2026-10-03T02:11:30+00:00,126,330.890015,277.20903397461177,324.9564838521193,380.9281208606057,neutral,-0.0003321731922190249,0.224746
trend-decay-v2-medium-long,CB,2026-10-02,2026-10-03T02:11:30+00:00,252,330.890015,258.9141184795878,324.1616845892009,405.8519418437696,down,-0.0003321731922190249,0.224746
trend-decay-v2-medium-long,CBOE,2026-10-02,2026-10-03T02:11:30+00:00,126,271.26001,195.94033633501965,263.36660872718215,353.9953635368945,down,-0.0005421093169099474,0.418235
trend-decay-v2-medium-long,CBOE,2026-10-02,2026-10-03T02:11:30+00:00,252,271.26001,172.65846498544383,262.31614912935396,398.5310659390755,down,-0.0005421093169099474,0.418235
trend-decay-v2-medium-long,CBRE,2026-10-02,2026-10-03T02:11:30+00:00,126,129.580002,97.2500367124895,123.17212515094876,156.003770559529,down,-0.0009310095131130398,0.334175
trend-decay-v2-medium-long,CBRE,2026-10-02,2026-10-03T02:11:30+00:00,252,129.580002,87.57925416328668,122.32961273027182,170.86848128253908,down,-0.0009310095131130398,0.334175
trend-decay-v2-medium-long,CCI,2026-10-02,2026-10-03T02:11:30+00:00,126,66.440002,48.906341473856095,61.60289371101785,77.5955918845333,down,-0.0013876462174058782,0.326403
trend-decay-v2-medium-long,CCI,2026-10-02,2026-10-03T02:11:30+00:00,252,66.440002,43.99499104947407,60.97590509226136,84.5110071198642,down,-0.0013876462174058782,0.326403
trend-decay-v2-medium-long,CCL,2026-10-02,2026-10-03T02:11:30+00:00,126,25.76,19.23118159086894,26.577550205480712,36.73025349936033,up,0.0005735589716718913,0.457546
trend-decay-v2-medium-long,CCL,2026-10-02,2026-10-03T02:11:30+00:00,252,25.76,16.890465569037303,26.69016899621397,42.17557640047123,up,0.0005735589716718913,0.457546
trend-decay-v2-medium-long,CDNS,2026-10-02,2026-10-03T02:11:30+00:00,126,351.350006,278.3815194727106,374.0660420451642,502.63898291945094,up,0.0011500828174820816,0.417815
trend-decay-v2-medium-long,CDNS,2026-10-02,2026-10-03T02:11:30+00:00,252,351.350006,248.41383590709458,377.25111325479156,572.9085174837277,up,0.0011500828174820816,0.417815
trend-decay-v2-medium-long,CDW,2026-10-02,2026-10-03T02:11:30+00:00,126,133.289993,90.38737587950835,127.10580900866069,178.74052130114788,down,-0.000872111077638913,0.482127
trend-decay-v2-medium-long,CDW,2026-10-02,2026-10-03T02:11:30+00:00,252,133.289993,77.98086462847378,126.29121512508102,204.53057418326873,down,-0.000872111077638913,0.482127
trend-decay-v2-medium-long,CEG,2026-10-02,2026-10-03T02:11:30+00:00,126,257.48999,188.3783154888453,244.5417309858677,317.44979796841614,down,-0.000947148890911245,0.369016
trend-decay-v2-medium-long,CEG,2026-10-02,2026-10-03T02:11:30+00:00,252,257.48999,167.9031569670185,242.84013995040868,351.22230359681635,down,-0.000947148890911245,0.369016
trend-decay-v2-medium-long,CF,2026-10-02,2026-10-03T02:11:30+00:00,126,115.010002,80.7903384957627,105.20120913796676,136.9878454546973,down,-0.0016364596978176483,0.373377
trend-decay-v2-medium-long,CF,2026-10-02,2026-10-03T02:11:30+00:00,252,115.010002,71.55264154860524,103.939648128251,150.98604634583504,down,-0.0016364596978176483,0.373377
trend-decay-v2-medium-long,CFG,2026-10-02,2026-10-03T02:11:30+00:00,126,64.330002,51.53734000417077,61.4582759308798,73.28899163384233,down,-0.0008383396680619603,0.248975
trend-decay-v2-medium-long,CFG,2026-10-02,2026-10-03T02:11:30+00:00,252,64.330002,47.61762973270216,61.079608164000234,78.3474220453622,down,-0.0008383396680619603,0.248975
trend-decay-v2-medium-long,CHD,2026-10-02,2026-10-03T02:11:30+00:00,126,94.309998,78.82331603761125,91.88975057543398,107.12219030199734,down,-0.00047725099771350646,0.216913
trend-decay-v2-medium-long,CHD,2026-10-02,2026-10-03T02:11:30+00:00,252,94.309998,73.71144562787457,91.56701305915689,113.74784213165853,down,-0.00047725099771350646,0.216913
trend-decay-v2-medium-long,CHRW,2026-10-02,2026-10-03T02:11:30+00:00,126,157.720001,116.9230504053581,160.8167671139892,221.1884867469202,neutral,0.0003569474043541766,0.45078
trend-decay-v2-medium-long,CHRW,2026-10-02,2026-10-03T02:11:30+00:00,252,157.720001,102.73132915512477,161.24051390981933,253.07278256513916,up,0.0003569474043541766,0.45078
trend-decay-v2-medium-long,CHTR,2026-10-02,2026-10-03T02:11:30+00:00,126,109.290001,65.42146308000147,95.9958730349058,140.85908822407134,down,-0.0023809523809523807,0.542287
trend-decay-v2-medium-long,CHTR,2026-10-02,2026-10-03T02:11:30+00:00,252,109.290001,54.84248979129743,94.32556489727821,162.23392167367453,down,-0.0023809523809523807,0.542287
trend-decay-v2-medium-long,CI,2026-10-02,2026-10-03T02:11:30+00:00,126,270.529999,216.87066913819984,264.13926759753133,321.71041369591546,down,-0.0004388617551799235,0.278848
trend-decay-v2-medium-long,CI,2026-10-02,2026-10-03T02:11:30+00:00,252,270.529999,199.2166846050333,263.2860542104002,347.96054597090915,down,-0.0004388617551799235,0.278848
trend-decay-v2-medium-long,CIEN,2026-10-02,2026-10-03T02:11:30+00:00,126,391.339996,233.29127962215762,404.01800876656904,699.6856105040632,up,0.0005852845007252932,0.776646
trend-decay-v2-medium-long,CIEN,2026-10-02,2026-10-03T02:11:30+00:00,252,391.339996,186.63004895807242,405.7650548731591,882.201342578045,up,0.0005852845007252932,0.776646
trend-decay-v2-medium-long,CINF,2026-10-02,2026-10-03T02:11:30+00:00,126,161.949997,131.78109757607385,155.57661941319202,183.66886414847772,down,-0.0007370374494314707,0.234754
trend-decay-v2-medium-long,CINF,2026-10-02,2026-10-03T02:11:30+00:00,252,161.949997,122.35794499791875,154.73356841186273,195.6757053567372,down,-0.0007370374494314707,0.234754
trend-decay-v2-medium-long,CL,2026-10-02,2026-10-03T02:11:30+00:00,126,84.260002,69.34837145820023,80.9500397709268,94.49261462274421,down,-0.000735675721157106,0.218764
trend-decay-v2-medium-long,CL,2026-10-02,2026-10-03T02:11:30+00:00,252,84.260002,64.69245601292201,80.51218949161779,100.2004415389544,down,-0.000735675721157106,0.218764
trend-decay-v2-medium-long,CLX,2026-10-02,2026-10-03T02:11:30+00:00,126,80.410004,57.54932913563726,73.02085828344683,92.65174459087434,down,-0.0017695356213271746,0.336728
trend-decay-v2-medium-long,CLX,2026-10-02,2026-10-03T02:11:30+00:00,252,80.410004,51.4685886887684,72.07445581344794,100.93004904830946,down,-0.0017695356213271746,0.336728
trend-decay-v2-medium-long,CMCSA,2026-10-02,2026-10-03T02:11:30+00:00,126,21.57,15.181717449354768,19.248769658972382,24.405350357770153,down,-0.0020901085340999585,0.335671
trend-decay-v2-medium-long,CMCSA,2026-10-02,2026-10-03T02:11:30+00:00,252,21.57,13.549740124812239,18.9544430949816,26.5149670570434,down,-0.0020901085340999585,0.335671
trend-decay-v2-medium-long,CME,2026-10-02,2026-10-03T02:11:30+00:00,126,263.140015,213.0419145262277,258.2704352589594,313.1009119834042,neutral,-0.0003428988956473811,0.272262
trend-decay-v2-medium-long,CME,2026-10-02,2026-10-03T02:11:30+00:00,252,263.140015,196.21623727396312,257.6183696636265,338.23512931542433,down,-0.0003428988956473811,0.272262
trend-decay-v2-medium-long,CMG,2026-10-02,2026-10-03T02:11:30+00:00,126,32.360001,21.407197425003208,29.74456416945083,41.32904836002583,down,-0.0015471034776456333,0.465162
trend-decay-v2-medium-long,CMG,2026-10-02,2026-10-03T02:11:30+00:00,252,32.360001,18.468725423238066,29.40723651090878,46.82432270720858,down,-0.0015471034776456333,0.465162
trend-decay-v2-medium-long,CMI,2026-10-02,2026-10-03T02:11:30+00:00,126,528.320007,394.78302355916134,506.14588760061895,648.9226847329904,down,-0.0007871154592069767,0.351416
trend-decay-v2-medium-long,CMI,2026-10-02,2026-10-03T02:11:30+00:00,252,528.320007,354.1094835807262,503.2173282839486,715.1112614229294,down,-0.0007871154592069767,0.351416
trend-decay-v2-medium-long,CMS,2026-10-02,2026-10-03T02:11:30+00:00,126,63.740002,53.38902619506963,60.48478779968683,68.523623971081,down,-0.0009623043376151954,0.176475
trend-decay-v2-medium-long,CMS,2026-10-02,2026-10-03T02:11:30+00:00,252,63.740002,50.34113599386105,60.057206873923086,71.64852414011955,down,-0.0009623043376151954,0.176475
trend-decay-v2-medium-long,CNC,2026-10-02,2026-10-03T02:11:30+00:00,126,62.990002,47.37278073295705,61.93244016223797,80.96689882046034,neutral,-0.0003108260354067202,0.379004
trend-decay-v2-medium-long,CNC,2026-10-02,2026-10-03T02:11:30+00:00,252,62.990002,42.29837345582121,61.79068548098974,90.26561780675614,neutral,-0.0003108260354067202,0.379004
trend-decay-v2-medium-long,CNP,2026-10-02,2026-10-03T02:11:30+00:00,126,37.790001,31.837105553492133,36.36556337940368,41.53814164040328,down,-0.0007053340057692124,0.188076
trend-decay-v2-medium-long,CNP,2026-10-02,2026-10-03T02:11:30+00:00,252,37.790001,29.974480689181014,36.17695724517741,43.66288273984285,down,-0.0007053340057692124,0.188076
trend-decay-v2-medium-long,COF,2026-10-02,2026-10-03T02:11:30+00:00,126,194.720001,150.72691382344948,184.9243047971731,226.88050618998045,down,-0.0009475377736968713,0.289174
trend-decay-v2-medium-long,COF,2026-10-02,2026-10-03T02:11:30+00:00,252,194.720001,137.52244009651548,183.6370223220631,245.21493324032699,down,-0.0009475377736968713,0.289174
trend-decay-v2-medium-long,COHR,2026-10-02,2026-10-03T02:11:30+00:00,126,337.040009,184.7207815322051,376.75731493375105,768.4358694170104,up,0.002045009730216829,1.007989
trend-decay-v2-medium-long,COHR,2026-10-02,2026-10-03T02:11:30+00:00,252,337.040009,139.5870681227763,382.4804538112024,1048.0290152591372,up,0.002045009730216829,1.007989
trend-decay-v2-medium-long,COIN,2026-10-02,2026-10-03T02:11:30+00:00,126,183.0,112.11769465758238,188.5094612770075,316.95101383842393,up,0.0005445187085365309,0.734824
trend-decay-v2-medium-long,COIN,2026-10-02,2026-10-03T02:11:30+00:00,252,183.0,90.77087909669018,189.26771974977203,394.6449576754672,up,0.0005445187085365309,0.734824
trend-decay-v2-medium-long,COO,2026-10-02,2026-10-03T02:11:30+00:00,126,56.91,37.59454271580082,50.44022874751435,67.67515953937244,down,-0.0022154109967401033,0.41568
trend-decay-v2-medium-long,COO,2026-10-02,2026-10-03T02:11:30+00:00,252,56.91,32.74585895263637,49.62310291642313,75.19889298416676,down,-0.0022154109967401033,0.41568
trend-decay-v2-medium-long,COP,2026-10-02,2026-10-03T02:11:30+00:00,126,126.75,99.76988984361466,124.42392268671459,155.17018772914224,neutral,-0.00034001941968819245,0.312298
trend-decay-v2-medium-long,COP,2026-10-02,2026-10-03T02:11:30+00:00,252,126.75,90.82092970677682,124.11241933488319,169.60729958271378,down,-0.00034001941968819245,0.312298
trend-decay-v2-medium-long,COR,2026-10-02,2026-10-03T02:11:30+00:00,126,309.049988,246.45016466330418,297.8818542252051,360.04682406227073,down,-0.0006756649909320194,0.268046
trend-decay-v2-medium-long,COR,2026-10-02,2026-10-03T02:11:30+00:00,252,309.049988,226.70957265525593,296.40174559156617,387.5177998033721,down,-0.0006756649909320194,0.268046
trend-decay-v2-medium-long,COST,2026-10-02,2026-10-03T02:11:30+00:00,126,920.650024,794.6862670895532,911.791261330898,1046.1528513436656,neutral,-0.0001774958040238517,0.194403
trend-decay-v2-medium-long,COST,2026-10-02,2026-10-03T02:11:30+00:00,252,920.650024,749.7198043438568,910.598925144586,1106.0003986424902,neutral,-0.0001774958040238517,0.194403
trend-decay-v2-medium-long,CPAY,2026-10-02,2026-10-03T02:11:30+00:00,126,394.600006,324.58839540394354,392.14924717576565,473.77242759755,neutral,-0.00011436874328761135,0.267406
trend-decay-v2-medium-long,CPAY,2026-10-02,2026-10-03T02:11:30+00:00,252,394.600006,299.8832842250988,391.8187444981694,511.93893296461596,neutral,-0.00011436874328761135,0.267406
trend-decay-v2-medium-long,CPRT,2026-10-02,2026-10-03T02:11:30+00:00,126,27.219999,18.781296639845934,24.917117771877827,33.05750236330449,down,-0.0016227398728487286,0.399789
trend-decay-v2-medium-long,CPRT,2026-10-02,2026-10-03T02:11:30+00:00,252,27.219999,16.507301597771303,24.6208046770716,36.722175296558056,down,-0.0016227398728487286,0.399789
trend-decay-v2-medium-long,CPT,2026-10-02,2026-10-03T02:11:30+00:00,126,95.959999,78.47008916821763,90.13402449313529,103.53170816351759,down,-0.0011497933900802022,0.195982
trend-decay-v2-medium-long,CPT,2026-10-02,2026-10-03T02:11:30+00:00,252,95.959999,73.46720921986616,89.373227943211,108.72297937825087,down,-0.0011497933900802022,0.195982
trend-decay-v2-medium-long,CRH,2026-10-02,2026-10-03T02:11:30+00:00,126,81.940002,60.14168652596826,75.03920216016726,93.62693642459003,down,-0.0016150240936076488,0.312976
trend-decay-v2-medium-long,CRH,2026-10-02,2026-10-03T02:11:30+00:00,252,81.940002,54.22425573426345,74.15105757381492,101.40073413383661,down,-0.0016150240936076488,0.312976
trend-decay-v2-medium-long,CRL,2026-10-02,2026-10-03T02:11:30+00:00,126,290.190002,224.14215863503438,300.10331252057637,401.8074900959112,up,0.0006166424062390469,0.412733
trend-decay-v2-medium-long,CRL,2026-10-02,2026-10-03T02:11:30+00:00,252,290.190002,199.5250564672812,301.47069821787176,455.504604249415,up,0.0006166424062390469,0.412733
trend-decay-v2-medium-long,CRM,2026-10-02,2026-10-03T02:11:30+00:00,126,234.690002,157.0091212981664,234.07487470854696,348.9672862111726,neutral,-4.817834641456932e-05,0.564748
trend-decay-v2-medium-long,CRM,2026-10-02,2026-10-03T02:11:30+00:00,252,234.690002,133.0251036083873,233.99175023872647,411.5925317447404,neutral,-4.817834641456932e-05,0.564748
trend-decay-v2-medium-long,CRWD,2026-10-02,2026-10-03T02:11:30+00:00,126,270.040009,191.122884641718,307.43689203095926,494.5375471850984,up,0.0023809523809523807,0.672251
trend-decay-v2-medium-long,CRWD,2026-10-02,2026-10-03T02:11:30+00:00,252,270.040009,159.74388016039993,312.88095529340006,612.8215496394233,up,0.0023809523809523807,0.672251
trend-decay-v2-medium-long,CSCO,2026-10-02,2026-10-03T02:11:30+00:00,126,112.199997,89.29106379260305,114.51284897596298,146.8589579249476,up,0.00037456611395397896,0.351836
trend-decay-v2-medium-long,CSCO,2026-10-02,2026-10-03T02:11:30+00:00,252,112.199997,80.77055051093127,114.8295006545162,163.25027051513038,up,0.00037456611395397896,0.351836
trend-decay-v2-medium-long,CSGP,2026-10-02,2026-10-03T02:11:30+00:00,126,27.379999,18.302465287435123,25.379555765384044,35.193174292778814,down,-0.0013927560970334138,0.462318
trend-decay-v2-medium-long,CSGP,2026-10-02,2026-10-03T02:11:30+00:00,252,27.379999,15.82131734830721,25.120298636910878,39.88475736346336,down,-0.0013927560970334138,0.462318
trend-decay-v2-medium-long,CSX,2026-10-02,2026-10-03T02:11:30+00:00,126,47.43,40.37717369231922,46.96342438480957,54.624012239055794,neutral,-0.0001814786505464416,0.213694
trend-decay-v2-medium-long,CSX,2026-10-02,2026-10-03T02:11:30+00:00,252,47.43,37.87673951043414,46.900633857355764,58.07441412996462,neutral,-0.0001814786505464416,0.213694
trend-decay-v2-medium-long,CTAS,2026-10-02,2026-10-03T02:11:30+00:00,126,193.020004,157.21140346700284,192.73904324309052,236.29544658354888,neutral,-2.6740611176716368e-05,0.28814
trend-decay-v2-medium-long,CTAS,2026-10-02,2026-10-03T02:11:30+00:00,252,193.020004,144.45962089010484,192.70105077179826,257.05241879877275,neutral,-2.6740611176716368e-05,0.28814
trend-decay-v2-medium-long,CTSH,2026-10-02,2026-10-03T02:11:30+00:00,126,58.509998,40.520671243413275,58.102970688996066,83.31439483335572,neutral,-0.00012815046058968838,0.509689
trend-decay-v2-medium-long,CTSH,2026-10-02,2026-10-03T02:11:30+00:00,252,58.509998,34.86847191987616,58.048103501672266,96.63693688337646,neutral,-0.00012815046058968838,0.509689
trend-decay-v2-medium-long,CTVA,2026-10-02,2026-10-03T02:11:30+00:00,126,11.92,3.660408831351047,10.470041139226241,29.947955681395527,down,-0.0023809523809523807,1.486258
trend-decay-v2-medium-long,CTVA,2026-10-02,2026-10-03T02:11:30+00:00,252,11.92,2.327295834374186,10.287864610556241,45.47774145507209,down,-0.0023809523809523807,1.486258
trend-decay-v2-medium-long,CVNA,2026-10-02,2026-10-03T02:11:30+00:00,126,63.77,38.67234782198955,59.04387729414553,90.14656834317755,down,-0.0014135584593021658,0.598433
trend-decay-v2-medium-long,CVNA,2026-10-02,2026-10-03T02:11:30+00:00,252,63.77,32.118325710547495,58.43177075271328,106.30292077075514,down,-0.0014135584593021658,0.598433
trend-decay-v2-medium-long,CVS,2026-10-02,2026-10-03T02:11:30+00:00,126,86.459999,67.05120540922778,81.14441442690718,98.19981538735314,down,-0.0011648042992983723,0.269795
trend-decay-v2-medium-long,CVS,2026-10-02,2026-10-03T02:11:30+00:00,252,86.459999,61.42692440847143,80.45059323078006,105.36581496650409,down,-0.0011648042992983723,0.269795
trend-decay-v2-medium-long,CVX,2026-10-02,2026-10-03T02:11:30+00:00,126,206.690002,175.41506781461396,208.5317650634503,247.90057993441792,neutral,0.00016285391497725278,0.244569
trend-decay-v2-medium-long,CVX,2026-10-02,2026-10-03T02:11:30+00:00,252,206.690002,163.48528361465475,208.78227818494221,266.6297462396621,neutral,0.00016285391497725278,0.244569
trend-decay-v2-medium-long,D,2026-10-02,2026-10-03T02:11:30+00:00,126,61.310001,52.47702262200169,58.57781081086873,65.38785449224947,down,-0.0008368599904157657,0.155536
trend-decay-v2-medium-long,D,2026-10-02,2026-10-03T02:11:30+00:00,252,61.310001,49.83165571869636,58.217525747448995,68.01460347389703,down,-0.0008368599904157657,0.155536
trend-decay-v2-medium-long,DAL,2026-10-02,2026-10-03T02:11:30+00:00,126,84.089996,68.3881782747732,86.86361528407373,110.33029173410294,up,0.0005957285147525734,0.338194
trend-decay-v2-medium-long,DAL,2026-10-02,2026-10-03T02:11:30+00:00,252,84.089996,62.21132768960077,87.24594639612297,122.3548097306973,up,0.0005957285147525734,0.338194
trend-decay-v2-medium-long,DASH,2026-10-02,2026-10-03T02:11:30+00:00,126,189.149994,126.70619360199723,175.4464444892483,242.9356766931849,down,-0.0013805972064894207,0.460274
trend-decay-v2-medium-long,DASH,2026-10-02,2026-10-03T02:11:30+00:00,252,189.149994,109.60486323395826,173.66979148203626,275.18118798280915,down,-0.0013805972064894207,0.460274
trend-decay-v2-medium-long,DD,2026-10-02,2026-10-03T02:11:30+00:00,126,129.979996,107.73392403167227,127.52399442949918,150.94938109257052,neutral,-0.000350186625067972,0.238493
trend-decay-v2-medium-long,DD,2026-10-02,2026-10-03T02:11:30+00:00,252,129.979996,100.20618161320125,127.19519556717289,161.45329075426991,down,-0.000350186625067972,0.238493
trend-decay-v2-medium-long,DDOG,2026-10-02,2026-10-03T02:11:30+00:00,126,277.220001,205.01431846313713,315.6112156560454,485.87064647290657,up,0.0023809523809523807,0.610136
trend-decay-v2-medium-long,DDOG,2026-10-02,2026-10-03T02:11:30+00:00,252,277.220001,174.5005812459249,321.2000290642759,591.2270201867938,up,0.0023809523809523807,0.610136
trend-decay-v2-medium-long,DE,2026-10-02,2026-10-03T02:11:30+00:00,126,687.0,550.0999226650824,690.4495074584041,866.6071430077166,neutral,9.194413188621663e-05,0.32137
trend-decay-v2-medium-long,DE,2026-10-02,2026-10-03T02:11:30+00:00,252,687.0,501.0223343106345,690.9176762523565,952.7863383870384,neutral,9.194413188621663e-05,0.32137
trend-decay-v2-medium-long,DECK,2026-10-02,2026-10-03T02:11:30+00:00,126,79.120003,57.82918878909674,74.60838528034694,96.25608227778211,down,-0.0010778160869392244,0.360284
trend-decay-v2-medium-long,DECK,2026-10-02,2026-10-03T02:11:30+00:00,252,79.120003,51.625874357216055,74.01790236815532,106.122171085631,down,-0.0010778160869392244,0.360284
trend-decay-v2-medium-long,DELL,2026-10-02,2026-10-03T02:11:30+00:00,126,562.52002,373.6844608398433,637.025684585313,1085.9475449135907,up,0.002283355947228951,0.754339
trend-decay-v2-medium-long,DELL,2026-10-02,2026-10-03T02:11:30+00:00,252,562.52002,304.6929104728251,647.8397837509959,1377.4405999773633,up,0.002283355947228951,0.754339
trend-decay-v2-medium-long,DG,2026-10-02,2026-10-03T02:11:30+00:00,126,118.940002,89.21535511005018,114.09340244965448,145.9087896526504,down,-0.0007637008892413998,0.347846
trend-decay-v2-medium-long,DG,2026-10-02,2026-10-03T02:11:30+00:00,252,118.940002,80.12126089564329,113.45284048741637,160.6508293900683,down,-0.0007637008892413998,0.347846
trend-decay-v2-medium-long,DGX,2026-10-02,2026-10-03T02:11:30+00:00,126,233.330002,193.35484810253658,233.0374195416715,280.86411817221244,neutral,-2.303360130856683e-05,0.263994
trend-decay-v2-medium-long,DGX,2026-10-02,2026-10-03T02:11:30+00:00,252,233.330002,178.93725799122979,232.99785100784777,303.3912511218655,neutral,-2.303360130856683e-05,0.263994
trend-decay-v2-medium-long,DHI,2026-10-02,2026-10-03T02:11:30+00:00,126,135.0,101.21353292321041,129.90788337447913,166.73717116110305,down,-0.0007058276477714395,0.352978
trend-decay-v2-medium-long,DHI,2026-10-02,2026-10-03T02:11:30+00:00,252,135.0,90.79861940860677,129.23365961325845,183.9382458215266,down,-0.0007058276477714395,0.352978
trend-decay-v2-medium-long,DHR,2026-10-02,2026-10-03T02:11:30+00:00,126,214.059998,168.41241660775682,218.69660928397397,283.9945407570636,up,0.0003933827461591188,0.369491
trend-decay-v2-medium-long,DHR,2026-10-02,2026-10-03T02:11:30+00:00,252,214.059998,151.5771194448274,219.33177432093555,317.3726179977981,up,0.0003933827461591188,0.369491
trend-decay-v2-medium-long,DIS,2026-10-02,2026-10-03T02:11:30+00:00,126,102.190002,83.31782250360143,100.26978010528991,120.67080608027898,neutral,-0.0003482309627722885,0.261915
trend-decay-v2-medium-long,DIS,2026-10-02,2026-10-03T02:11:30+00:00,252,102.190002,76.96741212477266,100.01269351798797,129.95810289824706,down,-0.0003482309627722885,0.261915
trend-decay-v2-medium-long,DLR,2026-10-02,2026-10-03T02:11:30+00:00,126,178.550003,139.2393442285365,176.58194746140506,223.93946439509276,neutral,-0.00020346689517448558,0.336004
trend-decay-v2-medium-long,DLR,2026-10-02,2026-10-03T02:11:30+00:00,252,178.550003,125.99989251501582,176.3172719859217,246.7286263506348,neutral,-0.00020346689517448558,0.336004
trend-decay-v2-medium-long,DLTR,2026-10-02,2026-10-03T02:11:30+00:00,126,112.160004,80.13800189835447,103.55342821470812,133.81057976239484,down,-0.0014656339693518775,0.362516
trend-decay-v2-medium-long,DLTR,2026-10-02,2026-10-03T02:11:30+00:00,252,112.160004,71.29075761497722,102.44055634989772,147.20095474300177,down,-0.0014656339693518775,0.362516
trend-decay-v2-medium-long,DOC,2026-10-02,2026-10-03T02:11:30+00:00,126,19.49,16.031163880846638,18.73553367262946,21.89611587824991,down,-0.0007247436461680413,0.220458
trend-decay-v2-medium-long,DOC,2026-10-02,2026-10-03T02:11:30+00:00,252,19.49,14.94864910395179,18.635696997124096,23.232146273124542,down,-0.0007247436461680413,0.220458
trend-decay-v2-medium-long,DOV,2026-10-02,2026-10-03T02:11:30+00:00,126,189.690002,155.77948366162357,187.47008235659973,225.6075765094367,neutral,-0.00021610173503763702,0.261881
trend-decay-v2-medium-long,DOV,2026-10-02,2026-10-03T02:11:30+00:00,252,189.690002,144.04778986483444,187.17165155578587,243.2055860002679,neutral,-0.00021610173503763702,0.261881
trend-decay-v2-medium-long,DOW,2026-10-02,2026-10-03T02:11:30+00:00,126,27.969999,20.67375979220244,26.32697157974124,33.526046521152104,down,-0.0011113312580052995,0.341856
trend-decay-v2-medium-long,DOW,2026-10-02,2026-10-03T02:11:30+00:00,252,27.969999,18.55139430564299,26.11215594581338,36.75436341359379,down,-0.0011113312580052995,0.341856
trend-decay-v2-medium-long,DPZ,2026-10-02,2026-10-03T02:11:30+00:00,126,297.619995,211.99293377561182,275.1736940828998,357.18436726469974,down,-0.0014394968591732145,0.368897
trend-decay-v2-medium-long,DPZ,2026-10-02,2026-10-03T02:11:30+00:00,252,297.619995,188.2730307064855,272.26890527552024,393.7385854031223,down,-0.0014394968591732145,0.368897
trend-decay-v2-medium-long,DRI,2026-10-02,2026-10-03T02:11:30+00:00,126,200.330002,155.6038209120076,191.84671191814382,236.53121535245737,down,-0.0007943135555239653,0.296113
trend-decay-v2-medium-long,DRI,2026-10-02,2026-10-03T02:11:30+00:00,252,200.330002,141.84399252719376,190.72656576300403,256.455153578503,down,-0.0007943135555239653,0.296113
trend-decay-v2-medium-long,DTE,2026-10-02,2026-10-03T02:11:30+00:00,126,124.449997,103.03940923758671,116.79530485772806,132.38763049733808,down,-0.0011653500094248952,0.177217
trend-decay-v2-medium-long,DTE,2026-10-02,2026-10-03T02:11:30+00:00,252,124.449997,96.99065506251391,115.7961866717274,138.2479254220019,down,-0.0011653500094248952,0.177217
trend-decay-v2-medium-long,DUK,2026-10-02,2026-10-03T02:11:30+00:00,126,114.129997,97.14372122174245,109.84206584641231,124.20030113801282,down,-0.0007029893265796224,0.173739
trend-decay-v2-medium-long,DUK,2026-10-02,2026-10-03T02:11:30+00:00,252,114.129997,91.84679936422499,109.27427047932687,130.0085171333705,down,-0.0007029893265796224,0.173739
trend-decay-v2-medium-long,DVA,2026-10-02,2026-10-03T02:11:30+00:00,126,178.690002,131.5277000846123,175.02613140897512,232.9102284635461,down,-0.00038031416252471193,0.404066
trend-decay-v2-medium-long,DVA,2026-10-02,2026-10-03T02:11:30+00:00,252,178.690002,116.52030139747082,174.53608633545065,261.43809334462554,down,-0.00038031416252471193,0.404066
trend-decay-v2-medium-long,DVN,2026-10-02,2026-10-03T02:11:30+00:00,126,47.650002,37.05457924287193,47.6961642968645,61.39387182681642,neutral,1.7775667438759173e-05,0.357031
trend-decay-v2-medium-long,DVN,2026-10-02,2026-10-03T02:11:30+00:00,252,47.650002,33.37980338595054,47.70241511914114,68.17057553899868,neutral,1.7775667438759173e-05,0.357031
trend-decay-v2-medium-long,DXCM,2026-10-02,2026-10-03T02:11:30+00:00,126,85.360001,64.54269249642445,85.53797795175069,113.36288259866943,neutral,3.823566985495583e-05,0.39829
trend-decay-v2-medium-long,DXCM,2026-10-02,2026-10-03T02:11:30+00:00,252,85.360001,57.45214534020836,85.56209300456752,127.42555941072385,neutral,3.823566985495583e-05,0.39829
trend-decay-v2-medium-long,EBAY,2026-10-02,2026-10-03T02:11:30+00:00,126,106.400002,85.65726256557338,106.02040356420409,131.22443602854887,neutral,-6.561004737395636e-05,0.30162
trend-decay-v2-medium-long,EBAY,2026-10-02,2026-10-03T02:11:30+00:00,252,106.400002,78.37679247499344,105.96913465242297,143.27528780367194,neutral,-6.561004737395636e-05,0.30162
trend-decay-v2-medium-long,ECHO,2026-10-02,2026-10-03T02:11:30+00:00,126,94.25,68.02250816252338,96.60905855756198,137.20914514176312,up,0.0004538264150139659,0.496154
trend-decay-v2-medium-long,ECHO,2026-10-02,2026-10-03T02:11:30+00:00,252,94.25,59.019283345317206,96.93282636134528,159.20174379996467,up,0.0004538264150139659,0.496154
trend-decay-v2-medium-long,ECL,2026-10-02,2026-10-03T02:11:30+00:00,126,273.700012,232.27707503174943,270.3344239520889,314.6272647161521,neutral,-0.00022713382540386683,0.214577
trend-decay-v2-medium-long,ECL,2026-10-02,2026-10-03T02:11:30+00:00,252,273.700012,217.76321772339637,269.8821319258843,334.47505916897984,neutral,-0.00022713382540386683,0.214577
trend-decay-v2-medium-long,ED,2026-10-02,2026-10-03T02:11:30+00:00,126,103.389999,88.94187991483261,100.43869138239103,113.42160449348508,down,-0.0005316443786100567,0.171918
trend-decay-v2-medium-long,ED,2026-10-02,2026-10-03T02:11:30+00:00,252,103.389999,84.24338894691579,100.04580155497855,118.81243779360794,down,-0.0005316443786100567,0.171918
trend-decay-v2-medium-long,EFX,2026-10-02,2026-10-03T02:11:30+00:00,126,140.0,91.22548965189665,122.97028183654982,165.76167771379127,down,-0.0023809523809523807,0.422296
trend-decay-v2-medium-long,EFX,2026-10-02,2026-10-03T02:11:30+00:00,252,140.0,79.20930414054719,120.83062462062699,184.32228391130528,down,-0.0023809523809523807,0.422296
trend-decay-v2-medium-long,EG,2026-10-02,2026-10-03T02:11:30+00:00,126,368.269989,311.10070679838844,364.70511738690726,427.5458709722443,neutral,-0.00017856642393034773,0.224821
trend-decay-v2-medium-long,EG,2026-10-02,2026-10-03T02:11:30+00:00,252,368.269989,290.89189269582124,364.2253230107843,456.0460062770799,neutral,-0.00017856642393034773,0.224821
trend-decay-v2-medium-long,EIX,2026-10-02,2026-10-03T02:11:30+00:00,126,53.889999,35.04988670354783,51.261131047537525,74.97038659491112,down,-0.0009180937798568077,0.537628
trend-decay-v2-medium-long,EIX,2026-10-02,2026-10-03T02:11:30+00:00,252,53.889999,29.741291906797773,50.91534645255913,87.16408528950298,down,-0.0009180937798568077,0.537628
trend-decay-v2-medium-long,EL,2026-10-02,2026-10-03T02:11:30+00:00,126,91.970001,65.9765286627861,89.49464112279841,121.39606238810957,down,-0.0005008584196104133,0.431165
trend-decay-v2-medium-long,EL,2026-10-02,2026-10-03T02:11:30+00:00,252,91.970001,57.934977292146975,89.16479622169534,137.22903256120063,down,-0.0005008584196104133,0.431165
trend-decay-v2-medium-long,ELV,2026-10-02,2026-10-03T02:11:30+00:00,126,386.429993,297.7694472574724,378.9185635777744,482.1827059365668,neutral,-0.0003603453952360992,0.340828
trend-decay-v2-medium-long,ELV,2026-10-02,2026-10-03T02:11:30+00:00,252,386.429993,268.76482972676746,377.9132826409804,531.388163182192,down,-0.0003603453952360992,0.340828
trend-decay-v2-medium-long,EME,2026-10-02,2026-10-03T02:11:30+00:00,126,786.609985,567.6423047879263,812.4922179007793,1162.9570216687075,up,0.0005942992144194351,0.507158
trend-decay-v2-medium-long,EME,2026-10-02,2026-10-03T02:11:30+00:00,252,786.609985,491.4349845583317,816.0598119207253,1355.1204890929846,up,0.0005942992144194351,0.507158
trend-decay-v2-medium-long,EMR,2026-10-02,2026-10-03T02:11:30+00:00,126,161.610001,138.16898673831417,170.77480540341972,211.07511062385692,up,0.0010125904829555146,0.299627
trend-decay-v2-medium-long,EMR,2026-10-02,2026-10-03T02:11:30+00:00,252,161.610001,127.50860069463685,172.05441942053542,232.16256064978242,up,0.0010125904829555146,0.299627
trend-decay-v2-medium-long,EOG,2026-10-02,2026-10-03T02:11:30+00:00,126,141.380005,110.66055742561387,139.14555929300582,174.9628514566105,neutral,-0.00029244773038488114,0.32393
trend-decay-v2-medium-long,EOG,2026-10-02,2026-10-03T02:11:30+00:00,252,141.380005,100.42734996962028,138.84588544447956,191.96145184248388,neutral,-0.00029244773038488114,0.32393
trend-decay-v2-medium-long,EQIX,2026-10-02,2026-10-03T02:11:30+00:00,126,1025.719971,851.9734289537473,1031.939602382984,1249.9208388154595,neutral,0.00011097729944199512,0.27102
trend-decay-v2-medium-long,EQIX,2026-10-02,2026-10-03T02:11:30+00:00,252,1025.719971,787.6025390376427,1032.7842302897154,1354.2912998203792,neutral,0.00011097729944199512,0.27102
trend-decay-v2-medium-long,EQT,2026-10-02,2026-10-03T02:11:30+00:00,126,50.169998,38.858090055623705,47.443302481737845,57.92531097518309,down,-0.0010258464316833733,0.282304
trend-decay-v2-medium-long,EQT,2026-10-02,2026-10-03T02:11:30+00:00,252,50.169998,35.50482428149838,47.0858524128918,62.44440135432387,down,-0.0010258464316833733,0.282304
trend-decay-v2-medium-long,ERIE,2026-10-02,2026-10-03T02:11:30+00:00,126,221.089996,145.8526205086912,202.42990720944056,280.95393274323027,down,-0.0016186868928447964,0.463575
trend-decay-v2-medium-long,ERIE,2026-10-02,2026-10-03T02:11:30+00:00,252,221.089996,125.82415601444389,200.02859773992108,317.9949000349828,down,-0.0016186868928447964,0.463575
trend-decay-v2-medium-long,ES,2026-10-02,2026-10-03T02:11:30+00:00,126,64.5,53.03555432332308,61.12389668847625,70.44577536810067,down,-0.0009869377592092285,0.200734
trend-decay-v2-medium-long,ES,2026-10-02,2026-10-03T02:11:30+00:00,252,64.5,49.64476554752331,60.68077691614869,74.170089163229,down,-0.0009869377592092285,0.200734
trend-decay-v2-medium-long,ESS,2026-10-02,2026-10-03T02:11:30+00:00,126,268.649994,228.93229346604318,262.9929996616526,302.1212814665359,down,-0.00039068231204674624,0.196153
trend-decay-v2-medium-long,ESS,2026-10-02,2026-10-03T02:11:30+00:00,252,268.649994,215.52872853787497,262.23661627191865,319.06671273134174,down,-0.00039068231204674624,0.196153
trend-decay-v2-medium-long,ETN,2026-10-02,2026-10-03T02:11:30+00:00,126,436.109985,330.99899698085324,463.2175593097532,648.2512310008499,up,0.0011069959892139893,0.475291
trend-decay-v2-medium-long,ETN,2026-10-02,2026-10-03T02:11:30+00:00,252,436.109985,290.3441291446154,467.0133629381408,751.1826803777357,up,0.0011069959892139893,0.475291
trend-decay-v2-medium-long,ETR,2026-10-02,2026-10-03T02:11:30+00:00,126,100.910004,85.22527146570488,96.91384994350452,110.2055077014524,down,-0.0007417616161825317,0.181761
trend-decay-v2-medium-long,ETR,2026-10-02,2026-10-03T02:11:30+00:00,252,100.910004,80.36614425008192,96.38532850325046,115.59757703157491,down,-0.0007417616161825317,0.181761
trend-decay-v2-medium-long,EVRG,2026-10-02,2026-10-03T02:11:30+00:00,126,79.169998,69.50458389543411,77.73814736436282,86.94706473942907,neutral,-0.00033504719895430696,0.158326
trend-decay-v2-medium-long,EVRG,2026-10-02,2026-10-03T02:11:30+00:00,252,79.169998,66.1913669883448,77.54636739379788,90.84929605748655,down,-0.00033504719895430696,0.158326
trend-decay-v2-medium-long,EW,2026-10-02,2026-10-03T02:11:30+00:00,126,85.150002,69.20299978852128,81.98482516256985,97.12745946675055,down,-0.0006953839423333192,0.239695
trend-decay-v2-medium-long,EW,2026-10-02,2026-10-03T02:11:30+00:00,252,85.150002,64.18134778273316,81.56560253230393,103.65858222515608,down,-0.0006953839423333192,0.239695
trend-decay-v2-medium-long,EXC,2026-10-02,2026-10-03T02:11:30+00:00,126,40.73,33.667281103543054,38.60279837901972,44.261846928127056,down,-0.0009846949354790102,0.193462
trend-decay-v2-medium-long,EXC,2026-10-02,2026-10-03T02:11:30+00:00,252,40.73,31.58250618906135,38.323579737423,46.50349009982318,down,-0.0009846949354790102,0.193462
trend-decay-v2-medium-long,EXE,2026-10-02,2026-10-03T02:11:30+00:00,126,85.519997,65.13605907296389,79.1577893980554,96.19795412196976,down,-0.0014191579721037015,0.275722
trend-decay-v2-medium-long,EXE,2026-10-02,2026-10-03T02:11:30+00:00,252,85.519997,59.45732479282617,78.33392861958717,103.20350594917686,down,-0.0014191579721037015,0.275722
trend-decay-v2-medium-long,EXPD,2026-10-02,2026-10-03T02:11:30+00:00,126,192.470001,168.45866233722882,199.75094324842507,236.85596676982323,up,0.0006816295460482094,0.240955
trend-decay-v2-medium-long,EXPD,2026-10-02,2026-10-03T02:11:30+00:00,252,192.470001,157.7704994178095,200.7572449809534,255.45632143567258,up,0.0006816295460482094,0.240955
trend-decay-v2-medium-long,EXPE,2026-10-02,2026-10-03T02:11:30+00:00,126,265.0,180.14222790823848,248.56184909703714,342.96785125811533,down,-0.0011755748816527501,0.455299
trend-decay-v2-medium-long,EXPE,2026-10-02,2026-10-03T02:11:30+00:00,252,265.0,156.29200538614026,246.416966529768,388.5120114986858,down,-0.0011755748816527501,0.455299
trend-decay-v2-medium-long,EXR,2026-10-02,2026-10-03T02:11:30+00:00,126,133.25,111.86979178159535,129.21795498332045,149.25637765259918,down,-0.0005640595547434528,0.20388
trend-decay-v2-medium-long,EXR,2026-10-02,2026-10-03T02:11:30+00:00,252,133.25,104.94770422610371,128.6817331674139,157.78323664226266,down,-0.0005640595547434528,0.20388
trend-decay-v2-medium-long,F,2026-10-02,2026-10-03T02:11:30+00:00,126,12.1,8.960070958694486,11.152051283381859,13.880274877343146,down,-0.0014976352753401903,0.309494
trend-decay-v2-medium-long,F,2026-10-02,2026-10-03T02:11:30+00:00,252,12.1,8.093720624682303,11.029599576850082,15.03042574198397,down,-0.0014976352753401903,0.309494
trend-decay-v2-medium-long,FANG,2026-10-02,2026-10-03T02:11:30+00:00,126,184.710007,138.28822843961706,177.52035604587914,227.88256937152047,down,-0.0007288223874003713,0.353193
trend-decay-v2-medium-long,FANG,2026-10-02,2026-10-03T02:11:30+00:00,252,184.710007,124.02947419548836,176.5690878717927,251.36479045890303,down,-0.0007288223874003713,0.353193
trend-decay-v2-medium-long,FAST,2026-10-02,2026-10-03T02:11:30+00:00,126,50.75,44.96250569773329,52.463342396672296,61.215500620314195,up,0.0006095227559079079,0.218193
trend-decay-v2-medium-long,FAST,2026-10-02,2026-10-03T02:11:30+00:00,252,50.75,42.3689266793007,52.69961933236883,65.54921484790421,up,0.0006095227559079079,0.218193
trend-decay-v2-medium-long,FCX,2026-10-02,2026-10-03T02:11:30+00:00,126,72.040001,51.44855874079843,72.63263833348661,102.53931850377815,neutral,0.00015039962029750122,0.487666
trend-decay-v2-medium-long,FCX,2026-10-02,2026-10-03T02:11:30+00:00,252,72.040001,44.65012765639446,72.71321673990346,118.4142614182869,neutral,0.00015039962029750122,0.487666
trend-decay-v2-medium-long,FDS,2026-10-02,2026-10-03T02:11:30+00:00,126,266.0,176.65269926035623,251.978425270892,359.42347367373293,down,-0.000994106565695466,0.502269
trend-decay-v2-medium-long,FDS,2026-10-02,2026-10-03T02:11:30+00:00,252,266.0,151.37280177435406,250.1384788845742,413.34544835840654,down,-0.000994106565695466,0.502269
trend-decay-v2-medium-long,FDX,2026-10-02,2026-10-03T02:11:30+00:00,126,290.359985,227.3225352114278,277.52268419878664,338.80864549247565,down,-0.0008301007457391817,0.282182
trend-decay-v2-medium-long,FDX,2026-10-02,2026-10-03T02:11:30+00:00,252,290.359985,208.0130825881046,275.82951477784246,365.7554624736416,down,-0.0008301007457391817,0.282182
trend-decay-v2-medium-long,FDXF,2026-10-02,2026-10-03T02:11:30+00:00,126,112.889999,72.40979319759852,102.21821096203807,144.29764526141815,down,-0.0018229661307665966,0.487576
trend-decay-v2-medium-long,FDXF,2026-10-02,2026-10-03T02:11:30+00:00,252,112.889999,61.93556137521165,100.85365562726183,164.22649004119992,down,-0.0018229661307665966,0.487576
trend-decay-v2-medium-long,FE,2026-10-02,2026-10-03T02:11:30+00:00,126,43.34,36.80712041991606,41.48586950456957,46.759359301003975,down,-0.0008026438175726823,0.169227
trend-decay-v2-medium-long,FE,2026-10-02,2026-10-03T02:11:30+00:00,252,43.34,34.820580110321615,41.24111082732883,48.84551655610858,down,-0.0008026438175726823,0.169227
trend-decay-v2-medium-long,FERG,2026-10-02,2026-10-03T02:11:30+00:00,126,223.330002,179.77153842152737,223.44025642681677,277.7166431930758,neutral,9.060527833583834e-06,0.307531
trend-decay-v2-medium-long,FERG,2026-10-02,2026-10-03T02:11:30+00:00,252,223.330002,164.2976736251787,223.45518192197727,303.91311834212013,neutral,9.060527833583834e-06,0.307531
trend-decay-v2-medium-long,FFIV,2026-10-02,2026-10-03T02:11:30+00:00,126,454.040009,388.1004310911164,495.435919353181,632.4567831456609,up,0.0016017347218923103,0.345314
trend-decay-v2-medium-long,FFIV,2026-10-02,2026-10-03T02:11:30+00:00,252,454.040009,354.9341889741444,501.32088702390274,708.082341948582,up,0.0016017347218923103,0.345314
trend-decay-v2-medium-long,FICO,2026-10-02,2026-10-03T02:11:30+00:00,126,661.25,334.85415809500165,580.8149918887041,1007.4417373875547,down,-0.0023809523809523807,0.77886
trend-decay-v2-medium-long,FICO,2026-10-02,2026-10-03T02:11:30+00:00,252,661.25,261.91481806437537,570.7089323599257,1243.5672325929688,down,-0.0023809523809523807,0.77886
trend-decay-v2-medium-long,FIS,2026-10-02,2026-10-03T02:11:30+00:00,126,32.439999,22.214242301297144,28.493970141481388,36.5489096324579,down,-0.0023809523809523807,0.352081
trend-decay-v2-medium-long,FIS,2026-10-02,2026-10-03T02:11:30+00:00,252,32.439999,19.688969287048227,27.99818101330368,39.81407704106591,down,-0.0023809523809523807,0.352081
trend-decay-v2-medium-long,FISV,2026-10-02,2026-10-03T02:11:30+00:00,126,44.360001,30.17363866553839,40.41485838695967,54.13204541033633,down,-0.0017098229588235869,0.413274
trend-decay-v2-medium-long,FISV,2026-10-02,2026-10-03T02:11:30+00:00,252,44.360001,26.398792701727146,39.90861750366106,60.332219319610026,down,-0.0017098229588235869,0.413274
trend-decay-v2-medium-long,FITB,2026-10-02,2026-10-03T02:11:30+00:00,126,50.869999,41.49808737429836,48.881782646336035,57.579248246595576,down,-0.0007318839269097121,0.231588
trend-decay-v2-medium-long,FITB,2026-10-02,2026-10-03T02:11:30+00:00,252,50.869999,38.56793230342526,48.61874527797361,61.2888026718132,down,-0.0007318839269097121,0.231588
trend-decay-v2-medium-long,FIX,2026-10-02,2026-10-03T02:11:30+00:00,126,1728.01001,1198.7021573575905,1814.866679803333,2747.7560169918024,up,0.0009002764212172945,0.586577
trend-decay-v2-medium-long,FIX,2026-10-02,2026-10-03T02:11:30+00:00,252,1728.01001,1016.2019123530105,1826.9521051771724,3284.538194661285,up,0.0009002764212172945,0.586577
trend-decay-v2-medium-long,FLEX,2026-10-02,2026-10-03T02:11:30+00:00,126,116.610001,76.82179677026218,121.83862165963565,193.23486760291738,up,0.0008051997764216066,0.652248
trend-decay-v2-medium-long,FLEX,2026-10-02,2026-10-03T02:11:30+00:00,252,116.610001,63.8403553813857,122.56402173570598,235.30475878915044,up,0.0008051997764216066,0.652248
trend-decay-v2-medium-long,FOX,2026-10-02,2026-10-03T02:11:30+00:00,126,55.889999,40.3345541794803,54.65872628935167,74.06989913115625,down,-0.0004089405555594841,0.42978
trend-decay-v2-medium-long,FOX,2026-10-02,2026-10-03T02:11:30+00:00,252,55.889999,35.456765139497136,54.4941889309555,83.7531741984737,down,-0.0004089405555594841,0.42978
trend-decay-v2-medium-long,FOXA,2026-10-02,2026-10-03T02:11:30+00:00,126,62.279999,44.12176785946207,60.74364098829218,83.62742699402605,down,-0.0004585304105618787,0.452137
trend-decay-v2-medium-long,FOXA,2026-10-02,2026-10-03T02:11:30+00:00,252,62.279999,38.51874502310369,60.53865015029349,95.14661393618591,down,-0.0004585304105618787,0.452137
trend-decay-v2-medium-long,FRT,2026-10-02,2026-10-03T02:11:30+00:00,126,106.690002,90.46212042856065,100.81582309856192,112.3545428615844,down,-0.0010396200234635792,0.15325
trend-decay-v2-medium-long,FRT,2026-10-02,2026-10-03T02:11:30+00:00,252,106.690002,85.83106403695159,100.04609128813559,116.61535941957843,down,-0.0010396200234635792,0.15325
trend-decay-v2-medium-long,FSLR,2026-10-02,2026-10-03T02:11:30+00:00,126,174.610001,107.89249091321032,158.4526151493964,232.70601165264785,down,-0.0017824934768339022,0.543511
trend-decay-v2-medium-long,FSLR,2026-10-02,2026-10-03T02:11:30+00:00,252,174.610001,90.81310697653848,156.38401627393407,269.299899102497,down,-0.0017824934768339022,0.543511
trend-decay-v2-medium-long,FTNT,2026-10-02,2026-10-03T02:11:30+00:00,126,180.949997,148.74644903374252,201.02820167143963,271.686068002105,up,0.0019316501248474256,0.425964
trend-decay-v2-medium-long,FTNT,2026-10-02,2026-10-03T02:11:30+00:00,252,180.949997,133.18268920121196,203.91144138006416,312.2018047171025,up,0.0019316501248474256,0.425964
trend-decay-v2-medium-long,FTV,2026-10-02,2026-10-03T02:11:30+00:00,126,57.470001,47.61431923326667,57.38178961908914,69.15293199422494,neutral,-2.8198671239274833e-05,0.263883
trend-decay-v2-medium-long,FTV,2026-10-02,2026-10-03T02:11:30+00:00,252,57.470001,44.06369107351355,57.369861913386806,74.6941750855605,neutral,-2.8198671239274833e-05,0.263883
trend-decay-v2-medium-long,GD,2026-10-02,2026-10-03T02:11:30+00:00,126,330.089996,267.44000951874705,311.42483069018,362.64366481638484,down,-0.0010685367071420948,0.215332
trend-decay-v2-medium-long,GD,2026-10-02,2026-10-03T02:11:30+00:00,252,330.089996,249.12343303223466,308.9812169953981,383.22124616677183,down,-0.0010685367071420948,0.215332
trend-decay-v2-medium-long,GDDY,2026-10-02,2026-10-03T02:11:30+00:00,126,97.209999,62.542050383044355,96.77860578390869,149.75681929379837,neutral,-8.16468654703787e-05,0.617427
trend-decay-v2-medium-long,GDDY,2026-10-02,2026-10-03T02:11:30+00:00,252,97.209999,52.16423126128413,96.72037032500855,179.33418761506553,neutral,-8.16468654703787e-05,0.617427
trend-decay-v2-medium-long,GE,2026-10-02,2026-10-03T02:11:30+00:00,126,309.559998,239.17003497835393,296.31669686474885,367.1178325026466,down,-0.0008026438729558612,0.303001
trend-decay-v2-medium-long,GE,2026-10-02,2026-10-03T02:11:30+00:00,252,309.559998,217.56779929953166,294.56848503685046,398.8209314809757,down,-0.0008026438729558612,0.303001
trend-decay-v2-medium-long,GEHC,2026-10-02,2026-10-03T02:11:30+00:00,126,64.290001,47.600882111367376,61.41540853151285,79.23912830581519,down,-0.0008397301448817412,0.360355
trend-decay-v2-medium-long,GEHC,2026-10-02,2026-10-03T02:11:30+00:00,252,64.290001,42.56852229190363,61.03637920437081,87.51630044457318,down,-0.0008397301448817412,0.360355
trend-decay-v2-medium-long,GEN,2026-10-02,2026-10-03T02:11:30+00:00,126,21.99,14.157813955568827,19.315117839898075,26.351086286340426,down,-0.0023809523809523807,0.439285
trend-decay-v2-medium-long,GEN,2026-10-02,2026-10-03T02:11:30+00:00,252,21.99,12.231934947622994,18.97903882433991,29.447827857014506,down,-0.0023809523809523807,0.439285
trend-decay-v2-medium-long,GEV,2026-10-02,2026-10-03T02:11:30+00:00,126,988.700012,687.2045371492312,1009.4271350008572,1482.7363409196591,up,0.00038086686490703395,0.543774
trend-decay-v2-medium-long,GEV,2026-10-02,2026-10-03T02:11:30+00:00,252,988.700012,587.6738380902017,1012.2654287910692,1743.6224516230545,up,0.00038086686490703395,0.543774
trend-decay-v2-medium-long,GILD,2026-10-02,2026-10-03T02:11:30+00:00,126,144.740005,118.45582887566619,144.17259703317484,175.47247723121652,neutral,-7.210596784607748e-05,0.277852
trend-decay-v2-medium-long,GILD,2026-10-02,2026-10-03T02:11:30+00:00,252,144.740005,109.13957743944478,144.09597779508934,190.24859087660866,neutral,-7.210596784607748e-05,0.277852
trend-decay-v2-medium-long,GIS,2026-10-02,2026-10-03T02:11:30+00:00,126,32.009998,22.071187029583818,28.294464386001025,36.272481122904814,down,-0.0022649775848816913,0.351281
trend-decay-v2-medium-long,GIS,2026-10-02,2026-10-03T02:11:30+00:00,252,32.009998,19.583497119703303,27.82592744270929,39.537485736799425,down,-0.0022649775848816913,0.351281
trend-decay-v2-medium-long,GL,2026-10-02,2026-10-03T02:11:30+00:00,126,165.679993,138.75223464312106,162.0801093771078,189.33000915814526,down,-0.00040326594415216187,0.21977
trend-decay-v2-medium-long,GL,2026-10-02,2026-10-03T02:11:30+00:00,252,165.679993,129.71603861162305,161.59896526128725,201.31840174140802,down,-0.00040326594415216187,0.21977
trend-decay-v2-medium-long,GLW,2026-10-02,2026-10-03T02:11:30+00:00,126,164.190002,91.88054751633635,172.0552044161441,322.1899974139545,up,0.0008589635558143537,0.887173
trend-decay-v2-medium-long,GLW,2026-10-02,2026-10-03T02:11:30+00:00,252,164.190002,71.3055999239458,173.1481981750635,420.4480232022156,up,0.0008589635558143537,0.887173
trend-decay-v2-medium-long,GM,2026-10-02,2026-10-03T02:11:30+00:00,126,78.269997,59.82893621720509,75.65652005813763,95.67124854981711,down,-0.0006234314057898053,0.331936
trend-decay-v2-medium-long,GM,2026-10-02,2026-10-03T02:11:30+00:00,252,78.269997,54.0371373681395,75.30959416404275,104.95624397188699,down,-0.0006234314057898053,0.331936
trend-decay-v2-medium-long,GNRC,2026-10-02,2026-10-03T02:11:30+00:00,126,216.800003,148.56431340431303,232.55458081084768,364.02842524454485,up,0.0012877671631126855,0.633719
trend-decay-v2-medium-long,GNRC,2026-10-02,2026-10-03T02:11:30+00:00,252,216.800003,124.57397038899259,234.77290357510725,442.45451984050186,up,0.0012877671631126855,0.633719
trend-decay-v2-medium-long,GOOG,2026-10-02,2026-10-03T02:11:30+00:00,126,340.350006,269.8455301879949,342.7094109196015,435.24804821127077,neutral,0.00012681990787418007,0.338044
trend-decay-v2-medium-long,GOOG,2026-10-02,2026-10-03T02:11:30+00:00,252,340.350006,244.63659803953135,343.02997571339677,480.99738624929336,neutral,0.00012681990787418007,0.338044
trend-decay-v2-medium-long,GOOGL,2026-10-02,2026-10-03T02:11:30+00:00,126,343.5,271.87783477751435,345.9696598924569,440.25290132258203,neutral,0.00013151205224239197,0.340823
trend-decay-v2-medium-long,GOOGL,2026-10-02,2026-10-03T02:11:30+00:00,252,343.5,246.28702427504888,346.3052533166589,486.94131908785687,neutral,0.00013151205224239197,0.340823
trend-decay-v2-medium-long,GPC,2026-10-02,2026-10-03T02:11:30+00:00,126,127.239998,96.13875229622045,123.62827163307048,158.97803104296295,down,-0.0005286166306275059,0.355656
trend-decay-v2-medium-long,GPC,2026-10-02,2026-10-03T02:11:30+00:00,252,127.239998,86.2910743038856,123.14741902465686,175.74571802209604,down,-0.0005286166306275059,0.355656
trend-decay-v2-medium-long,GPN,2026-10-02,2026-10-03T02:11:30+00:00,126,78.379997,55.58679684763785,73.11977013904666,96.18292631326929,down,-0.0012752896359661916,0.387711
trend-decay-v2-medium-long,GPN,2026-10-02,2026-10-03T02:11:30+00:00,252,78.379997,49.1553674110136,72.4355387255333,106.74128883192172,down,-0.0012752896359661916,0.387711
trend-decay-v2-medium-long,GRMN,2026-10-02,2026-10-03T02:11:30+00:00,126,281.160004,221.03909340284767,288.5221205608122,376.60765239021475,up,0.0004744997457743283,0.376792
trend-decay-v2-medium-long,GRMN,2026-10-02,2026-10-03T02:11:30+00:00,252,281.160004,198.63677035052856,289.53317432974166,422.02387246593446,up,0.0004744997457743283,0.376792
trend-decay-v2-medium-long,GS,2026-10-02,2026-10-03T02:11:30+00:00,126,902.559998,657.7740143073556,848.8270438251141,1095.3721713795358,down,-0.0011267734727643565,0.360616
trend-decay-v2-medium-long,GS,2026-10-02,2026-10-03T02:11:30+00:00,252,902.559998,586.945873144033,841.805177039978,1207.327606369274,down,-0.0011267734727643565,0.360616
trend-decay-v2-medium-long,GWW,2026-10-02,2026-10-03T02:11:30+00:00,126,1280.300049,1089.5903424683206,1275.6333043491031,1493.4423184022692,neutral,-6.70357857443287e-05,0.222938
trend-decay-v2-medium-long,GWW,2026-10-02,2026-10-03T02:11:30+00:00,252,1280.300049,1020.212114271639,1275.003037352459,1593.4262321699491,neutral,-6.70357857443287e-05,0.222938
trend-decay-v2-medium-long,HAL,2026-10-02,2026-10-03T02:11:30+00:00,126,31.85,23.205404372950674,29.27214971315094,36.92496519594884,down,-0.0015493819087085926,0.328453
trend-decay-v2-medium-long,HAL,2026-10-02,2026-10-03T02:11:30+00:00,252,31.85,20.83764341716446,28.939693512473458,40.19196623290065,down,-0.0015493819087085926,0.328453
trend-decay-v2-medium-long,HAS,2026-10-02,2026-10-03T02:11:30+00:00,126,89.540001,72.4491000419348,88.88839991386824,109.05791286122877,neutral,-0.00013407921401460685,0.289203
trend-decay-v2-medium-long,HAS,2026-10-02,2026-10-03T02:11:30+00:00,252,89.540001,66.49921782253381,88.8005803567251,118.58098982059172,neutral,-0.00013407921401460685,0.289203
trend-decay-v2-medium-long,HBAN,2026-10-02,2026-10-03T02:11:30+00:00,126,15.33,12.110705738413925,14.456912960436307,17.25765094619524,down,-0.0010764606857372222,0.250433
trend-decay-v2-medium-long,HBAN,2026-10-02,2026-10-03T02:11:30+00:00,252,15.33,11.165222146605926,14.342638037127557,18.42428777170293,down,-0.0010764606857372222,0.250433
trend-decay-v2-medium-long,HCA,2026-10-02,2026-10-03T02:11:30+00:00,126,426.690002,342.32006306467633,437.936788617522,560.2611459801947,up,0.0004776018186605818,0.348361
trend-decay-v2-medium-long,HCA,2026-10-02,2026-10-03T02:11:30+00:00,252,426.690002,310.2053742853618,439.481479286239,622.6325739216413,up,0.0004776018186605818,0.348361
trend-decay-v2-medium-long,HD,2026-10-02,2026-10-03T02:11:30+00:00,126,282.850006,216.919800619718,261.81012331156893,315.9902437333711,down,-0.0014189777962876407,0.266002
trend-decay-v2-medium-long,HD,2026-10-02,2026-10-03T02:11:30+00:00,252,282.850006,198.5729381798113,259.08559232033826,338.0387315778011,down,-0.0014189777962876407,0.266002
trend-decay-v2-medium-long,HIG,2026-10-02,2026-10-03T02:11:30+00:00,126,126.050003,102.64924450692992,120.04189649516412,140.38151944881446,down,-0.0008965372151979873,0.221357
trend-decay-v2-medium-long,HIG,2026-10-02,2026-10-03T02:11:30+00:00,252,126.050003,95.57146898594729,119.25109760313089,148.79779949434973,down,-0.0008965372151979873,0.221357
trend-decay-v2-medium-long,HII,2026-10-02,2026-10-03T02:11:30+00:00,126,268.540009,194.45555733270186,254.69102504196073,333.58531443737667,down,-0.0009720029292654567,0.381622
trend-decay-v2-medium-long,HII,2026-10-02,2026-10-03T02:11:30+00:00,252,268.540009,172.64946195824973,252.87247428965748,370.3717783310358,down,-0.0009720029292654567,0.381622
trend-decay-v2-medium-long,HLT,2026-10-02,2026-10-03T02:11:30+00:00,126,319.359985,276.19187893391177,321.657023776266,374.6063835908891,neutral,0.00013156559701478154,0.215512
trend-decay-v2-medium-long,HLT,2026-10-02,2026-10-03T02:11:30+00:00,252,319.359985,259.54854779353514,321.96916083848794,399.40173586909265,neutral,0.00013156559701478154,0.215512
trend-decay-v2-medium-long,HON,2026-10-02,2026-10-03T02:11:30+00:00,126,213.990005,171.94817526190837,215.39688325043937,269.82442380289376,neutral,0.00012029594819868274,0.318607
trend-decay-v2-medium-long,HON,2026-10-02,2026-10-03T02:11:30+00:00,252,213.990005,156.76723809114355,215.58799277373504,296.47892757532594,neutral,0.00012029594819868274,0.318607
trend-decay-v2-medium-long,HONA,2026-10-02,2026-10-03T02:11:30+00:00,126,154.630005,77.19374209854455,148.40178421113148,285.2963071661022,down,-0.0007547075281188422,0.924337
trend-decay-v2-medium-long,HONA,2026-10-02,2026-10-03T02:11:30+00:00,252,154.630005,58.55827840714765,147.57838678315295,371.92658045868177,down,-0.0007547075281188422,0.924337
trend-decay-v2-medium-long,HOOD,2026-10-02,2026-10-03T02:11:30+00:00,126,112.739998,70.44885892877527,116.74092363755874,193.4515825945294,up,0.0006401763298594673,0.714277
trend-decay-v2-medium-long,HOOD,2026-10-02,2026-10-03T02:11:30+00:00,252,112.739998,57.42040245688737,117.29318835345113,239.59588309134142,up,0.0006401763298594673,0.714277
trend-decay-v2-medium-long,HPE,2026-10-02,2026-10-03T02:11:30+00:00,126,69.330002,49.97124622564666,78.93126806768915,124.67459888114452,up,0.0023809523809523807,0.646479
trend-decay-v2-medium-long,HPE,2026-10-02,2026-10-03T02:11:30+00:00,252,69.330002,42.08331719358986,80.3289754602746,153.33259659198833,up,0.0023809523809523807,0.646479
trend-decay-v2-medium-long,HPQ,2026-10-02,2026-10-03T02:11:30+00:00,126,32.119999,24.235739371316136,33.72781998678634,46.937534012575426,up,0.0008966528601492275,0.46739
trend-decay-v2-medium-long,HPQ,2026-10-02,2026-10-03T02:11:30+00:00,252,32.119999,21.275227200460993,33.95151079572448,54.18062399292353,up,0.0008966528601492275,0.46739
trend-decay-v2-medium-long,HRL,2026-10-02,2026-10-03T02:11:30+00:00,126,20.25,15.630228832679732,19.113352019962118,23.372672873168515,down,-0.0010604650725585046,0.284512
trend-decay-v2-medium-long,HRL,2026-10-02,2026-10-03T02:11:30+00:00,252,20.25,14.268540503337825,18.964506420409663,25.20597700133564,down,-0.0010604650725585046,0.284512
trend-decay-v2-medium-long,HSIC,2026-10-02,2026-10-03T02:11:30+00:00,126,84.879997,71.37423524055605,82.6835624088723,95.78486507883767,down,-0.0004812882750199578,0.208008
trend-decay-v2-medium-long,HSIC,2026-10-02,2026-10-03T02:11:30+00:00,252,84.879997,66.91777648331478,82.39070680620263,101.44133479566845,down,-0.0004812882750199578,0.208008
trend-decay-v2-medium-long,HST,2026-10-02,2026-10-03T02:11:30+00:00,126,22.559999,19.237609565663636,22.818346715172954,27.065574079597596,neutral,0.000209026989806924,0.241403
trend-decay-v2-medium-long,HST,2026-10-02,2026-10-03T02:11:30+00:00,252,22.559999,17.9520244176229,22.853536817568823,29.09332858077359,neutral,0.000209026989806924,0.241403
trend-decay-v2-medium-long,HSY,2026-10-02,2026-10-03T02:11:30+00:00,126,160.190002,124.36477675150793,150.35503300474008,181.7768385901306,down,-0.0011631490610948887,0.26839
trend-decay-v2-medium-long,HSY,2026-10-02,2026-10-03T02:11:30+00:00,252,160.190002,113.98129692742614,149.0712490049809,194.9638921379733,down,-0.0011631490610948887,0.26839
trend-decay-v2-medium-long,HUM,2026-10-02,2026-10-03T02:11:30+00:00,126,388.359985,306.6299962432435,391.5135094201239,499.89508507466843,neutral,0.0001484622758646476,0.345603
trend-decay-v2-medium-long,HUM,2026-10-02,2026-10-03T02:11:30+00:00,252,388.359985,277.41415135228704,391.94225521993997,553.7523254601845,neutral,0.0001484622758646476,0.345603
trend-decay-v2-medium-long,HWM,2026-10-02,2026-10-03T02:11:30+00:00,126,231.270004,168.15162473012668,218.33448286455655,283.4938198440887,down,-0.0010566103875508353,0.369339
trend-decay-v2-medium-long,HWM,2026-10-02,2026-10-03T02:11:30+00:00,252,231.270004,149.7398760689414,216.64035516784708,313.43049506493907,down,-0.0010566103875508353,0.369339
trend-decay-v2-medium-long,IBKR,2026-10-02,2026-10-03T02:11:30+00:00,126,88.300003,66.3575439864635,87.96899856530295,116.61891389712802,neutral,-6.894457310312359e-05,0.398705
trend-decay-v2-medium-long,IBKR,2026-10-02,2026-10-03T02:11:30+00:00,252,88.300003,59.01379249017647,87.92429741571121,130.99788625401936,neutral,-6.894457310312359e-05,0.398705
trend-decay-v2-medium-long,IBM,2026-10-02,2026-10-03T02:11:30+00:00,126,222.639999,142.28357234646327,212.13754373762382,316.2862495007552,down,-0.0008870537537548492,0.564855
trend-decay-v2-medium-long,IBM,2026-10-02,2026-10-03T02:11:30+00:00,252,222.639999,119.80198855281337,210.75478146593247,370.75826910145116,down,-0.0008870537537548492,0.564855
trend-decay-v2-medium-long,ICE,2026-10-02,2026-10-03T02:11:30+00:00,126,150.149994,123.05176369723064,147.8455146962982,177.63496888671796,neutral,-0.00028393142348886904,0.259597
trend-decay-v2-medium-long,ICE,2026-10-02,2026-10-03T02:11:30+00:00,252,150.149994,113.8040032561238,147.53636666788282,191.2672565706838,neutral,-0.00028393142348886904,0.259597
trend-decay-v2-medium-long,IDXX,2026-10-02,2026-10-03T02:11:30+00:00,126,518.390015,410.0574576669182,503.8989660215731,619.2160713337398,down,-0.0005204714885675571,0.291439
trend-decay-v2-medium-long,IDXX,2026-10-02,2026-10-03T02:11:30+00:00,252,518.390015,375.06515001664553,501.96919047787026,671.811465762217,down,-0.0005204714885675571,0.291439
trend-decay-v2-medium-long,IEX,2026-10-02,2026-10-03T02:11:30+00:00,126,232.990005,209.19262456315906,239.15406349440656,273.40670449219664,up,0.000479356475064638,0.189296
trend-decay-v2-medium-long,IEX,2026-10-02,2026-10-03T02:11:30+00:00,252,232.990005,198.6105538053326,240.00071229007455,290.0165212579786,up,0.000479356475064638,0.189296
trend-decay-v2-medium-long,IFF,2026-10-02,2026-10-03T02:11:30+00:00,126,82.419998,64.49890239992848,80.7305553889478,101.04703073854473,down,-0.0003802000106671484,0.317447
trend-decay-v2-medium-long,IFF,2026-10-02,2026-10-03T02:11:30+00:00,252,82.419998,58.60776569275146,80.50459054135177,110.58242916488227,down,-0.0003802000106671484,0.317447
trend-decay-v2-medium-long,ILMN,2026-10-02,2026-10-03T02:11:30+00:00,126,273.040009,224.56477241803387,310.85235139014213,430.2953812582072,up,0.0023809523809523807,0.459837
trend-decay-v2-medium-long,ILMN,2026-10-02,2026-10-03T02:11:30+00:00,252,273.040009,199.7434896705177,316.3568952822785,501.0510498125872,up,0.0023809523809523807,0.459837
trend-decay-v2-medium-long,INCY,2026-10-02,2026-10-03T02:11:30+00:00,126,115.300003,85.94257521295395,110.22054899917747,141.35682333904452,down,-0.0008270772389226883,0.351862
trend-decay-v2-medium-long,INCY,2026-10-02,2026-10-03T02:11:30+00:00,252,115.300003,77.05534573740798,109.55053388523801,155.74934301689098,down,-0.0008270772389226883,0.351862
trend-decay-v2-medium-long,INTC,2026-10-02,2026-10-03T02:11:30+00:00,126,119.330002,76.91675006463264,135.85559072073707,239.9573761836185,up,0.0023809523809523807,0.804502
trend-decay-v2-medium-long,INTC,2026-10-02,2026-10-03T02:11:30+00:00,252,119.330002,61.845753306467756,138.261308608249,309.094617432145,up,0.0023809523809523807,0.804502
trend-decay-v2-medium-long,INTU,2026-10-02,2026-10-03T02:11:30+00:00,126,281.079987,184.82579193267424,254.40919047998497,350.1894163356706,down,-0.0018301492084754456,0.451884
trend-decay-v2-medium-long,INTU,2026-10-02,2026-10-03T02:11:30+00:00,252,281.079987,159.74322176905616,250.99967946944525,394.3881837117682,down,-0.0018301492084754456,0.451884
trend-decay-v2-medium-long,INVH,2026-10-02,2026-10-03T02:11:30+00:00,126,26.040001,21.617834901573772,24.55546302853618,27.892282797566892,down,-0.0010775715389020636,0.180193
trend-decay-v2-medium-long,INVH,2026-10-02,2026-10-03T02:11:30+00:00,252,26.040001,20.344228150628204,24.361164432293712,29.171238549982874,down,-0.0010775715389020636,0.180193
trend-decay-v2-medium-long,IP,2026-10-02,2026-10-03T02:11:30+00:00,126,31.969999,21.56726515217447,29.592366449585843,40.60357889179484,down,-0.0014186890666338524,0.447372
trend-decay-v2-medium-long,IP,2026-10-02,2026-10-03T02:11:30+00:00,252,31.969999,18.721742050683535,29.2844753768406,45.8066613552916,down,-0.0014186890666338524,0.447372
trend-decay-v2-medium-long,IQV,2026-10-02,2026-10-03T02:11:30+00:00,126,258.209991,198.899020659716,264.16616162156333,350.8501988315902,up,0.0004186434664701136,0.401327
trend-decay-v2-medium-long,IQV,2026-10-02,2026-10-03T02:11:30+00:00,252,258.209991,177.38768433766262,264.9827274268951,395.83269885263456,up,0.0004186434664701136,0.401327
trend-decay-v2-medium-long,IR,2026-10-02,2026-10-03T02:11:30+00:00,126,76.07,60.861047148521926,76.10210021538134,95.1598752985406,neutral,7.744878816400108e-06,0.316052
trend-decay-v2-medium-long,IR,2026-10-02,2026-10-03T02:11:30+00:00,252,76.07,55.48323814178571,76.10644554765248,104.39533177742848,neutral,7.744878816400108e-06,0.316052
trend-decay-v2-medium-long,IRM,2026-10-02,2026-10-03T02:11:30+00:00,126,113.389999,92.1518737694697,114.15288397618704,141.40657576512572,neutral,0.0001230946397736888,0.302784
trend-decay-v2-medium-long,IRM,2026-10-02,2026-10-03T02:11:30+00:00,252,113.389999,84.40799464358601,114.256522788028,154.66014865930887,neutral,0.0001230946397736888,0.302784
trend-decay-v2-medium-long,ISRG,2026-10-02,2026-10-03T02:11:30+00:00,126,391.950012,291.86595192217345,396.1010272999659,537.5619279837236,neutral,0.00019339520997080668,0.431865
trend-decay-v2-medium-long,ISRG,2026-10-02,2026-10-03T02:11:30+00:00,252,391.950012,257.55416657129695,396.6661732776511,610.9163564208118,neutral,0.00019339520997080668,0.431865
trend-decay-v2-medium-long,IT,2026-10-02,2026-10-03T02:11:30+00:00,126,184.800003,118.05839195447811,190.13102851170177,306.2027815596241,up,0.0005220719410563541,0.673921
trend-decay-v2-medium-long,IT,2026-10-02,2026-10-03T02:11:30+00:00,252,184.800003,97.28465772204163,190.86422218034843,374.4593665796053,up,0.0005220719410563541,0.673921
trend-decay-v2-medium-long,ITW,2026-10-02,2026-10-03T02:11:30+00:00,126,262.920013,222.04347800584668,259.31151900678236,302.8346722610527,neutral,-0.0002536947713239953,0.219425
trend-decay-v2-medium-long,ITW,2026-10-02,2026-10-03T02:11:30+00:00,252,262.920013,207.83298842366767,258.8269824127438,322.3328853277363,neutral,-0.0002536947713239953,0.219425
trend-decay-v2-medium-long,IVZ,2026-10-02,2026-10-03T02:11:30+00:00,126,30.66,24.103632573615794,30.678377657221937,39.0465152007563,neutral,1.1000174720265687e-05,0.341102
trend-decay-v2-medium-long,IVZ,2026-10-02,2026-10-03T02:11:30+00:00,252,30.66,21.813677722456717,30.680865648799646,43.15253617186385,neutral,1.1000174720265687e-05,0.341102
trend-decay-v2-medium-long,J,2026-10-02,2026-10-03T02:11:30+00:00,126,138.059998,111.45450186112556,135.28995353306425,164.2228103965243,down,-0.00037206970925355876,0.27408
trend-decay-v2-medium-long,J,2026-10-02,2026-10-03T02:11:30+00:00,252,138.059998,102.57531331859849,134.91936353824832,177.46214043750314,down,-0.00037206970925355876,0.27408
trend-decay-v2-medium-long,JBHT,2026-10-02,2026-10-03T02:11:30+00:00,126,234.199997,167.11592299446403,220.4061416568475,290.68963872262236,down,-0.0011143597385759607,0.391432
trend-decay-v2-medium-long,JBHT,2026-10-02,2026-10-03T02:11:30+00:00,252,234.199997,147.79476938777063,218.60285107561472,323.33489673783794,down,-0.0011143597385759607,0.391432
trend-decay-v2-medium-long,JBL,2026-10-02,2026-10-03T02:11:30+00:00,126,304.410004,211.61666008174316,304.9521161417102,439.45402551663346,neutral,3.2662957350162436e-05,0.516723
trend-decay-v2-medium-long,JBL,2026-10-02,2026-10-03T02:11:30+00:00,252,304.410004,181.93920032336996,305.0255571732748,511.3828705606098,neutral,3.2662957350162436e-05,0.516723
trend-decay-v2-medium-long,JCI,2026-10-02,2026-10-03T02:11:30+00:00,126,156.240005,133.3446976937578,166.79256688500084,208.63042062593988,up,0.0011997972373871955,0.31652
trend-decay-v2-medium-long,JCI,2026-10-02,2026-10-03T02:11:30+00:00,252,156.240005,122.61828012629935,168.2744228671936,230.9303422142338,up,0.0011997972373871955,0.31652
trend-decay-v2-medium-long,JKHY,2026-10-02,2026-10-03T02:11:30+00:00,126,142.539993,104.25899699214447,131.92305713825618,166.92749313533974,down,-0.0014209335710915708,0.332822
trend-decay-v2-medium-long,JKHY,2026-10-02,2026-10-03T02:11:30+00:00,252,142.539993,93.58979897878517,130.54831554114864,182.10171275711974,down,-0.0014209335710915708,0.332822
trend-decay-v2-medium-long,JNJ,2026-10-02,2026-10-03T02:11:30+00:00,126,256.029999,209.57746004893895,247.87252369223015,293.16505690644414,down,-0.0005944138044799123,0.237335
trend-decay-v2-medium-long,JNJ,2026-10-02,2026-10-03T02:11:30+00:00,252,256.029999,194.6489027202699,246.78868319999955,312.89492673439764,down,-0.0005944138044799123,0.237335
trend-decay-v2-medium-long,JPM,2026-10-02,2026-10-03T02:11:30+00:00,126,332.380005,279.1261295808874,322.8018111942942,373.3115544101024,down,-0.0005367776630191207,0.205591
trend-decay-v2-medium-long,JPM,2026-10-02,2026-10-03T02:11:30+00:00,252,332.380005,261.7762928121579,321.52692711342496,394.9156883094202,down,-0.0005367776630191207,0.205591
trend-decay-v2-medium-long,KDP,2026-10-02,2026-10-03T02:11:30+00:00,126,30.370001,23.976605255728114,29.456372985235433,36.18852211106974,down,-0.0005607279436551481,0.29109
trend-decay-v2-medium-long,KDP,2026-10-02,2026-10-03T02:11:30+00:00,252,30.370001,21.926292055951677,29.33485698812348,39.246664794838104,down,-0.0005607279436551481,0.29109
trend-decay-v2-medium-long,KEY,2026-10-02,2026-10-03T02:11:30+00:00,126,20.08,16.392338010255923,19.06446015100142,22.172166082820222,down,-0.0009527212098390208,0.213563
trend-decay-v2-medium-long,KEY,2026-10-02,2026-10-03T02:11:30+00:00,252,20.08,15.290614205735485,18.93102649446954,23.43815358312281,down,-0.0009527212098390208,0.213563
trend-decay-v2-medium-long,KEYS,2026-10-02,2026-10-03T02:11:30+00:00,126,384.640015,311.4072997407416,427.8579904747669,587.855391204741,up,0.0019547621212844266,0.449281
trend-decay-v2-medium-long,KEYS,2026-10-02,2026-10-03T02:11:30+00:00,252,384.640015,276.9733558700579,434.06848160371055,680.2656021907968,up,0.0019547621212844266,0.449281
trend-decay-v2-medium-long,KHC,2026-10-02,2026-10-03T02:11:30+00:00,126,22.190001,16.347144664372586,20.33243930910352,25.28931484648637,down,-0.0016048825683091486,0.308531
trend-decay-v2-medium-long,KHC,2026-10-02,2026-10-03T02:11:30+00:00,252,22.190001,14.759028991578921,20.09329205041125,27.355484270237735,down,-0.0016048825683091486,0.308531
trend-decay-v2-medium-long,KIM,2026-10-02,2026-10-03T02:11:30+00:00,126,22.24,18.692400342209908,21.211005148344473,24.068965524301703,down,-0.000869633558285015,0.178761
trend-decay-v2-medium-long,KIM,2026-10-02,2026-10-03T02:11:30+00:00,252,22.24,17.62552283307373,21.07545329984876,25.2006556628565,down,-0.000869633558285015,0.178761
trend-decay-v2-medium-long,KKR,2026-10-02,2026-10-03T02:11:30+00:00,126,90.290001,64.61086581207988,83.30574233031888,107.40990107437914,down,-0.0014779421855584205,0.359401
trend-decay-v2-medium-long,KKR,2026-10-02,2026-10-03T02:11:30+00:00,252,90.290001,57.52506359228063,82.4029915432455,118.03990454323262,down,-0.0014779421855584205,0.359401
trend-decay-v2-medium-long,KLAC,2026-10-02,2026-10-03T02:11:30+00:00,126,206.889999,130.8047055710094,224.4885460049361,385.2698346547825,up,0.0014986530039360268,0.763844
trend-decay-v2-medium-long,KLAC,2026-10-02,2026-10-03T02:11:30+00:00,252,206.889999,105.74484946039648,226.98254309840402,487.22065551490044,up,0.0014986530039360268,0.763844
trend-decay-v2-medium-long,KMB,2026-10-02,2026-10-03T02:11:30+00:00,126,94.360001,71.48326572985103,86.79079332844017,105.37629653137719,down,-0.0015349874307927101,0.27441
trend-decay-v2-medium-long,KMB,2026-10-02,2026-10-03T02:11:30+00:00,252,94.360001,65.22052737049017,85.81417960942827,112.91036302431337,down,-0.0015349874307927101,0.27441
trend-decay-v2-medium-long,KMI,2026-10-02,2026-10-03T02:11:30+00:00,126,31.07,26.34560886930411,30.559942847601114,35.44841614713134,neutral,-0.000303863615785498,0.209853
trend-decay-v2-medium-long,KMI,2026-10-02,2026-10-03T02:11:30+00:00,252,31.07,24.71961206628079,30.491560467961587,37.611239904512054,neutral,-0.000303863615785498,0.209853
trend-decay-v2-medium-long,KO,2026-10-02,2026-10-03T02:11:30+00:00,126,85.650002,72.70607138735329,85.02750562788354,99.43704253778891,neutral,-0.00013390727326730308,0.221395
trend-decay-v2-medium-long,KO,2026-10-02,2026-10-03T02:11:30+00:00,252,85.650002,68.07381312087011,84.94360821295408,105.99401216770873,neutral,-0.00013390727326730308,0.221395
trend-decay-v2-medium-long,KR,2026-10-02,2026-10-03T02:11:30+00:00,126,59.029999,47.331533318458355,59.108106164595505,73.81481159416809,neutral,2.4274072433868804e-05,0.314226
trend-decay-v2-medium-long,KR,2026-10-02,2026-10-03T02:11:30+00:00,252,59.029999,43.1775649021057,59.11868475669646,80.94525236163115,neutral,2.4274072433868804e-05,0.314226
trend-decay-v2-medium-long,KVUE,2026-10-02,2026-10-03T02:11:30+00:00,126,17.200001,13.790465036884232,16.20086804834545,19.03257974389539,down,-0.001098592959584071,0.227812
trend-decay-v2-medium-long,KVUE,2026-10-02,2026-10-03T02:11:30+00:00,252,17.200001,12.796270172857536,16.070185705471207,20.181729919716222,down,-0.001098592959584071,0.227812
trend-decay-v2-medium-long,L,2026-10-02,2026-10-03T02:11:30+00:00,126,106.029999,93.41801286891389,103.81054395484621,115.35921933303213,down,-0.0003883424406601701,0.149176
trend-decay-v2-medium-long,L,2026-10-02,2026-10-03T02:11:30+00:00,252,106.029999,89.16856724687767,103.51376430931617,120.1667777370266,down,-0.0003883424406601701,0.149176
trend-decay-v2-medium-long,LDOS,2026-10-02,2026-10-03T02:11:30+00:00,126,117.739998,84.48340076429648,110.90568654803144,145.59157417214595,down,-0.001097748505087813,0.384843
trend-decay-v2-medium-long,LDOS,2026-10-02,2026-10-03T02:11:30+00:00,252,117.739998,74.8693284459623,110.01176411798957,161.6494831136003,down,-0.001097748505087813,0.384843
trend-decay-v2-medium-long,LEN,2026-10-02,2026-10-03T02:11:30+00:00,126,79.809998,58.9292209391696,77.30483337131633,101.41042367988912,down,-0.0005854605071666505,0.383845
trend-decay-v2-medium-long,LEN,2026-10-02,2026-10-03T02:11:30+00:00,252,79.809998,52.43610218659038,76.97189283675132,112.98841904361575,down,-0.0005854605071666505,0.383845
trend-decay-v2-medium-long,LH,2026-10-02,2026-10-03T02:11:30+00:00,126,308.48999,253.30440930093226,301.81612502336645,359.61858530421216,down,-0.00040150292631545563,0.247807
trend-decay-v2-medium-long,LH,2026-10-02,2026-10-03T02:11:30+00:00,252,308.48999,234.87442260896444,300.9240777186727,385.5477303358682,down,-0.00040150292631545563,0.247807
trend-decay-v2-medium-long,LHX,2026-10-02,2026-10-03T02:11:30+00:00,126,236.600006,176.36967322978813,218.5412672995285,270.7964733293923,down,-0.001457508038467638,0.303197
trend-decay-v2-medium-long,LHX,2026-10-02,2026-10-03T02:11:30+00:00,252,236.600006,159.6577988290163,216.2055915020622,292.7815499123689,down,-0.001457508038467638,0.303197
trend-decay-v2-medium-long,LII,2026-10-02,2026-10-03T02:11:30+00:00,126,356.299988,236.95132741666353,331.63954444670827,464.1661586787361,down,-0.0013166745799580864,0.47545
trend-decay-v2-medium-long,LII,2026-10-02,2026-10-03T02:11:30+00:00,252,356.299988,204.15751571770932,328.43594672437735,528.3673771280173,down,-0.0013166745799580864,0.47545
trend-decay-v2-medium-long,LIN,2026-10-02,2026-10-03T02:11:30+00:00,126,479.480011,408.2266405007981,470.08538860079716,541.3176178430484,neutral,-0.00036325393448684973,0.199534
trend-decay-v2-medium-long,LIN,2026-10-02,2026-10-03T02:11:30+00:00,252,479.480011,384.022967410802,468.82818674504847,572.3612578919606,down,-0.00036325393448684973,0.199534
trend-decay-v2-medium-long,LITE,2026-10-02,2026-10-03T02:11:30+00:00,126,1085.420044,639.5115571800418,1235.7360159748293,2387.8278414715733,up,0.0023809523809523807,0.931567
trend-decay-v2-medium-long,LITE,2026-10-02,2026-10-03T02:11:30+00:00,252,1085.420044,495.42103785284166,1257.6183118899403,3192.443795393885,up,0.0023809523809523807,0.931567
trend-decay-v2-medium-long,LLY,2026-10-02,2026-10-03T02:11:30+00:00,126,1142.849976,912.5776067684094,1136.9552023321235,1416.501043333324,neutral,-9.493187866240395e-05,0.310895
trend-decay-v2-medium-long,LLY,2026-10-02,2026-10-03T02:11:30+00:00,252,1142.849976,832.5674442821046,1136.1597708274894,1550.455802364262,neutral,-9.493187866240395e-05,0.310895
trend-decay-v2-medium-long,LMT,2026-10-02,2026-10-03T02:11:30+00:00,126,505.410004,388.0912013775381,488.0828141908872,613.8372440882761,down,-0.0006403967944904538,0.324201
trend-decay-v2-medium-long,LMT,2026-10-02,2026-10-03T02:11:30+00:00,252,505.410004,351.27273177216415,485.78392940667595,671.8028606412042,down,-0.0006403967944904538,0.324201
trend-decay-v2-medium-long,LNT,2026-10-02,2026-10-03T02:11:30+00:00,126,64.330002,54.29883332681815,61.62021621665542,69.92877772775283,down,-0.0007900321534948133,0.17888
trend-decay-v2-medium-long,LNT,2026-10-02,2026-10-03T02:11:30+00:00,252,64.330002,51.22797129837042,61.26236442964975,73.26226669512093,down,-0.0007900321534948133,0.17888
trend-decay-v2-medium-long,LOW,2026-10-02,2026-10-03T02:11:30+00:00,126,180.800003,138.5071989353817,168.20062508865257,204.25978214614233,down,-0.0013260300982523546,0.27469
trend-decay-v2-medium-long,LOW,2026-10-02,2026-10-03T02:11:30+00:00,252,180.800003,126.55685513864452,166.56433895548372,219.21909312050894,down,-0.0013260300982523546,0.27469
trend-decay-v2-medium-long,LRCX,2026-10-02,2026-10-03T02:11:30+00:00,126,347.48999,218.6958548933395,383.2991491991764,671.7925122470484,up,0.0018004940899473514,0.793563
trend-decay-v2-medium-long,LRCX,2026-10-02,2026-10-03T02:11:30+00:00,252,347.48999,175.6558043124955,388.42085240060817,858.8999331397708,up,0.0018004940899473514,0.793563
trend-decay-v2-medium-long,LULU,2026-10-02,2026-10-03T02:11:30+00:00,126,94.459999,58.16354747185457,82.96980499507295,118.35572003670521,down,-0.0023809523809523807,0.502354
trend-decay-v2-medium-long,LULU,2026-10-02,2026-10-03T02:11:30+00:00,252,94.459999,49.331844210335,81.52614772024144,134.73067687808407,down,-0.0023809523809523807,0.502354
trend-decay-v2-medium-long,LUV,2026-10-02,2026-10-03T02:11:30+00:00,126,42.470001,33.83497037222266,43.79242612172587,56.680309293288076,up,0.0005628920973571969,0.364819
trend-decay-v2-medium-long,LUV,2026-10-02,2026-10-03T02:11:30+00:00,252,42.470001,30.532498994049778,43.974532393998985,63.33446533962778,up,0.0005628920973571969,0.364819
trend-decay-v2-medium-long,LVS,2026-10-02,2026-10-03T02:11:30+00:00,126,36.23,26.9182370735081,31.85088038864312,37.68740793690616,down,-0.002364848773037796,0.237957
trend-decay-v2-medium-long,LVS,2026-10-02,2026-10-03T02:11:30+00:00,252,36.23,24.672118399789795,31.300397474248914,39.709394473978975,down,-0.002364848773037796,0.237957
trend-decay-v2-medium-long,LYB,2026-10-02,2026-10-03T02:11:30+00:00,126,58.580002,43.55728450329299,55.26895889270886,70.12966606889843,down,-0.0010680705993921101,0.336773
trend-decay-v2-medium-long,LYB,2026-10-02,2026-10-03T02:11:30+00:00,252,58.580002,39.15641863041383,54.835476105728475,76.792759524906,down,-0.0010680705993921101,0.336773
trend-decay-v2-medium-long,LYV,2026-10-02,2026-10-03T02:11:30+00:00,126,168.770004,137.75045428520627,163.2471547020458,193.46312617696913,down,-0.0006107794738612532,0.240164
trend-decay-v2-medium-long,LYV,2026-10-02,2026-10-03T02:11:30+00:00,252,168.770004,127.81686887012897,162.5137360152351,206.62933325697944,down,-0.0006107794738612532,0.240164
trend-decay-v2-medium-long,MA,2026-10-02,2026-10-03T02:11:30+00:00,126,552.26001,465.4845816532466,540.2643704538798,627.057482645819,down,-0.0004031358599942323,0.210689
trend-decay-v2-medium-long,MA,2026-10-02,2026-10-03T02:11:30+00:00,252,552.26001,436.3294517667541,538.6610812150516,664.9923795904457,down,-0.0004031358599942323,0.210689
trend-decay-v2-medium-long,MAA,2026-10-02,2026-10-03T02:11:30+00:00,126,115.269997,93.76911710264045,107.4471254230052,123.12033128167225,down,-0.0012901285941012818,0.192564
trend-decay-v2-medium-long,MAA,2026-10-02,2026-10-03T02:11:30+00:00,252,115.269997,87.78790505499416,106.43002591156366,129.03087741346795,down,-0.0012901285941012818,0.192564
trend-decay-v2-medium-long,MAR,2026-10-02,2026-10-03T02:11:30+00:00,126,358.959991,309.4202225569887,370.31534130565007,443.19485931810095,up,0.0005717232091575833,0.25407
trend-decay-v2-medium-long,MAR,2026-10-02,2026-10-03T02:11:30+00:00,252,358.959991,288.4436642916389,371.87946977626984,479.4500873531177,up,0.0005717232091575833,0.25407
trend-decay-v2-medium-long,MAS,2026-10-02,2026-10-03T02:11:30+00:00,126,68.360001,51.11414676480614,66.48104941224034,86.467841306037,down,-0.0005116385784452741,0.371734
trend-decay-v2-medium-long,MAS,2026-10-02,2026-10-03T02:11:30+00:00,252,68.360001,45.668601946051616,66.2307604668876,96.05097255230271,down,-0.0005116385784452741,0.371734
trend-decay-v2-medium-long,MCD,2026-10-02,2026-10-03T02:11:30+00:00,126,231.889999,182.4431007947614,214.2638644709771,251.63463796683862,down,-0.001451243312889402,0.227363
trend-decay-v2-medium-long,MCD,2026-10-02,2026-10-03T02:11:30+00:00,252,231.889999,168.87289924934785,211.98369397991604,266.10004750980926,down,-0.001451243312889402,0.227363
trend-decay-v2-medium-long,MCHP,2026-10-02,2026-10-03T02:11:30+00:00,126,81.32,57.00123650559227,85.51060633838476,128.27903822122943,up,0.0009224316838375304,0.573559
trend-decay-v2-medium-long,MCHP,2026-10-02,2026-10-03T02:11:30+00:00,252,81.32,48.51542577196042,86.09409314803158,152.78012625967366,up,0.0009224316838375304,0.573559
trend-decay-v2-medium-long,MCK,2026-10-02,2026-10-03T02:11:30+00:00,126,902.280029,725.671792855396,904.2305970830147,1126.7255813869488,neutral,3.964263104240718e-05,0.311108
trend-decay-v2-medium-long,MCK,2026-10-02,2026-10-03T02:11:30+00:00,252,902.280029,662.6643933784945,904.4949015213756,1234.5782194621129,neutral,3.964263104240718e-05,0.311108
trend-decay-v2-medium-long,MCO,2026-10-02,2026-10-03T02:11:30+00:00,126,441.359985,345.5213656926764,416.27172294421734,501.5092105102203,down,-0.0010743242604945604,0.263445
trend-decay-v2-medium-long,MCO,2026-10-02,2026-10-03T02:11:30+00:00,252,441.359985,317.3397776015746,412.98780037660396,537.464683907497,down,-0.0010743242604945604,0.263445
trend-decay-v2-medium-long,MDLZ,2026-10-02,2026-10-03T02:11:30+00:00,126,58.189999,47.074278475040146,56.28703642156222,67.30279404711726,down,-0.0006103705763093076,0.252773
trend-decay-v2-medium-long,MDLZ,2026-10-02,2026-10-03T02:11:30+00:00,252,58.189999,43.518731420645004,56.03432519008271,72.14929059302531,down,-0.0006103705763093076,0.252773
trend-decay-v2-medium-long,MDT,2026-10-02,2026-10-03T02:11:30+00:00,126,86.379997,69.51228353328565,84.16055682854024,101.895650173804,down,-0.0004778394504854624,0.27043
trend-decay-v2-medium-long,MDT,2026-10-02,2026-10-03T02:11:30+00:00,252,86.379997,63.992994684594265,83.86460215953745,109.9068973102878,down,-0.0004778394504854624,0.27043
trend-decay-v2-medium-long,MET,2026-10-02,2026-10-03T02:11:30+00:00,126,94.43,81.01831511186128,94.73100033278831,110.764614293206,neutral,5.8422138350217876e-05,0.221135
trend-decay-v2-medium-long,MET,2026-10-02,2026-10-03T02:11:30+00:00,252,94.43,75.96988422425416,94.77180994092431,118.22705867190437,neutral,5.8422138350217876e-05,0.221135
trend-decay-v2-medium-long,META,2026-10-02,2026-10-03T02:11:30+00:00,126,728.080017,579.3439111774412,819.2406636634688,1158.4747022467618,up,0.0021655689268851265,0.489999
trend-decay-v2-medium-long,META,2026-10-02,2026-10-03T02:11:30+00:00,252,728.080017,509.96596080401054,832.4248770202222,1358.779269874521,up,0.0021655689268851265,0.489999
trend-decay-v2-medium-long,MGM,2026-10-02,2026-10-03T02:11:30+00:00,126,30.48,21.87035616098685,26.772387074128847,32.773161276887,down,-0.0023809523809523807,0.286009
trend-decay-v2-medium-long,MGM,2026-10-02,2026-10-03T02:11:30+00:00,252,30.48,19.762952054890874,26.30655313169079,35.016769546794904,down,-0.0023809523809523807,0.286009
trend-decay-v2-medium-long,MKC,2026-10-02,2026-10-03T02:11:30+00:00,126,44.669998,32.4678524936981,40.39731860937295,50.26335976929626,down,-0.0018456310461220477,0.309024
trend-decay-v2-medium-long,MKC,2026-10-02,2026-10-03T02:11:30+00:00,252,44.669998,29.257413107104195,39.85137787305208,54.28136495072284,down,-0.0018456310461220477,0.309024
trend-decay-v2-medium-long,MLM,2026-10-02,2026-10-03T02:11:30+00:00,126,482.269989,363.2173843655457,454.76405997318665,569.3845040058987,down,-0.0010780463682813833,0.317883
trend-decay-v2-medium-long,MLM,2026-10-02,2026-10-03T02:11:30+00:00,252,482.269989,328.3066634008241,451.1640952936576,619.9966786346793,down,-0.0010780463682813833,0.317883
trend-decay-v2-medium-long,MMM,2026-10-02,2026-10-03T02:11:30+00:00,126,161.889999,134.8576512531018,159.6641654971025,189.03373673653377,neutral,-0.00025414828398718706,0.238794
trend-decay-v2-medium-long,MMM,2026-10-02,2026-10-03T02:11:30+00:00,252,161.889999,125.51245568604197,159.36529216337257,202.34881237481434,neutral,-0.00025414828398718706,0.238794
trend-decay-v2-medium-long,MNST,2026-10-02,2026-10-03T02:11:30+00:00,126,42.939999,35.55443641313414,42.02232158957297,49.6668120753887,down,-0.000396572206103653,0.236366
trend-decay-v2-medium-long,MNST,2026-10-02,2026-10-03T02:11:30+00:00,252,42.939999,33.079419412771294,41.89964351920263,53.07167290724774,down,-0.000396572206103653,0.236366
trend-decay-v2-medium-long,MO,2026-10-02,2026-10-03T02:11:30+00:00,126,67.349998,53.947808950197604,66.02671322511776,80.81008189482684,neutral,-0.0003642749189643516,0.285731
trend-decay-v2-medium-long,MO,2026-10-02,2026-10-03T02:11:30+00:00,252,67.349998,49.483678341256606,65.84963496368631,87.62837707712382,down,-0.0003642749189643516,0.285731
trend-decay-v2-medium-long,MOS,2026-10-02,2026-10-03T02:11:30+00:00,126,21.07,13.901468200943839,19.091317971880855,26.21869982616042,down,-0.0018103457602082942,0.448644
trend-decay-v2-medium-long,MOS,2026-10-02,2026-10-03T02:11:30+00:00,252,21.07,12.028073504135815,18.838212301546214,29.50416312272313,down,-0.0018103457602082942,0.448644
trend-decay-v2-medium-long,MPC,2026-10-02,2026-10-03T02:11:30+00:00,126,422.329987,362.64256196237045,465.581558463931,597.7406138118876,up,0.0017898545951276548,0.353369
trend-decay-v2-medium-long,MPC,2026-10-02,2026-10-03T02:11:30+00:00,252,422.329987,331.3295571051403,471.76572680690356,671.7266727852486,up,0.0017898545951276548,0.353369
trend-decay-v2-medium-long,MPWR,2026-10-02,2026-10-03T02:11:30+00:00,126,1439.72998,1007.6957014448938,1573.989908721352,2458.5241647893745,up,0.0016367139862546697,0.630665
trend-decay-v2-medium-long,MPWR,2026-10-02,2026-10-03T02:11:30+00:00,252,1439.72998,847.9064082787027,1593.0970998058817,2993.205788551721,up,0.0016367139862546697,0.630665
trend-decay-v2-medium-long,MRK,2026-10-02,2026-10-03T02:11:30+00:00,126,144.300003,112.56606144200089,143.5216491073083,182.99000159203922,neutral,-9.928791876405292e-05,0.343577
trend-decay-v2-medium-long,MRK,2026-10-02,2026-10-03T02:11:30+00:00,252,144.300003,101.71521662762574,143.41663341252402,202.21488407857325,neutral,-9.928791876405292e-05,0.343577
trend-decay-v2-medium-long,MRNA,2026-10-02,2026-10-03T02:11:30+00:00,126,190.009995,22.71419799134764,216.32380525368043,2060.2087177921894,up,0.0023809523809523807,3.187335
trend-decay-v2-medium-long,MRNA,2026-10-02,2026-10-03T02:11:30+00:00,252,190.009995,9.088358694333895,220.15444663569897,5332.973972922966,up,0.0023809523809523807,3.187335
trend-decay-v2-medium-long,MRSH,2026-10-02,2026-10-03T02:11:30+00:00,126,170.059998,134.47269213292276,162.02527995443927,195.22321541956495,down,-0.0008884796633611933,0.263597
trend-decay-v2-medium-long,MRSH,2026-10-02,2026-10-03T02:11:30+00:00,252,170.059998,123.66858537538502,160.96746905086678,209.51582824362922,down,-0.0008884796633611933,0.263597
trend-decay-v2-medium-long,MRVL,2026-10-02,2026-10-03T02:11:30+00:00,126,272.290009,161.3346475264741,309.99848655034646,595.6504888247022,up,0.0023809523809523807,0.923604
trend-decay-v2-medium-long,MRVL,2026-10-02,2026-10-03T02:11:30+00:00,252,272.290009,125.2756315351672,315.4879102850589,794.5090383207744,up,0.0023809523809523807,0.923604
trend-decay-v2-medium-long,MS,2026-10-02,2026-10-03T02:11:30+00:00,126,190.309998,146.8344760433221,179.50265983240027,219.43896117012636,down,-0.001073253607887869,0.284093
trend-decay-v2-medium-long,MS,2026-10-02,2026-10-03T02:11:30+00:00,252,190.309998,134.04623064052328,178.0879884389626,236.59995118615646,down,-0.001073253607887869,0.284093
trend-decay-v2-medium-long,MSCI,2026-10-02,2026-10-03T02:11:30+00:00,126,535.950012,415.33458251282946,518.4068055343595,647.0581245568153,down,-0.0006109464637631619,0.313497
trend-decay-v2-medium-long,MSCI,2026-10-02,2026-10-03T02:11:30+00:00,252,535.950012,377.1938440196324,516.0771296740736,706.0974297310328,down,-0.0006109464637631619,0.313497
trend-decay-v2-medium-long,MSFT,2026-10-02,2026-10-03T02:11:30+00:00,126,517.530029,413.88292632691537,546.715556366991,722.1798256485141,up,0.0010071085974581327,0.39364
trend-decay-v2-medium-long,MSFT,2026-10-02,2026-10-03T02:11:30+00:00,252,517.530029,371.5610945705397,550.7898309702315,816.472559515034,up,0.0010071085974581327,0.39364
trend-decay-v2-medium-long,MSI,2026-10-02,2026-10-03T02:11:30+00:00,126,447.410004,366.9991799916813,436.28143437018264,518.6428208924565,down,-0.0004623846078410025,0.244557
trend-decay-v2-medium-long,MSI,2026-10-02,2026-10-03T02:11:30+00:00,252,447.410004,340.46819606319195,434.7967661208465,555.2595808216347,down,-0.0004623846078410025,0.244557
trend-decay-v2-medium-long,MTB,2026-10-02,2026-10-03T02:11:30+00:00,126,219.139999,181.94891369830975,210.6306761457212,243.83372690625643,down,-0.0007270373007810322,0.207013
trend-decay-v2-medium-long,MTB,2026-10-02,2026-10-03T02:11:30+00:00,252,219.139999,170.32925501394908,209.5047386754565,257.69052723137173,down,-0.0007270373007810322,0.207013
trend-decay-v2-medium-long,MTD,2026-10-02,2026-10-03T02:11:30+00:00,126,1486.189941,1293.1163988738165,1570.4780796755956,1907.3313128574898,up,0.0010126748229400944,0.274817
trend-decay-v2-medium-long,MTD,2026-10-02,2026-10-03T02:11:30+00:00,252,1486.189941,1202.0503956772034,1582.2466410149493,2082.6950700288085,up,0.0010126748229400944,0.274817
trend-decay-v2-medium-long,MU,2026-10-02,2026-10-03T02:11:30+00:00,126,1074.890015,615.1639985991878,1180.4860539418776,2265.3265254868015,up,0.0017202358994950772,0.921774
trend-decay-v2-medium-long,MU,2026-10-02,2026-10-03T02:11:30+00:00,252,1074.890015,475.6058811729354,1195.552296663694,3005.3145905866295,up,0.0017202358994950772,0.921774
trend-decay-v2-medium-long,NCLH,2026-10-02,2026-10-03T02:11:30+00:00,126,15.14,10.44191054709519,14.52707149216718,20.210459109635245,down,-0.000758645096654584,0.466954
trend-decay-v2-medium-long,NCLH,2026-10-02,2026-10-03T02:11:30+00:00,252,15.14,9.056357491263496,14.446049646341708,23.043298653557706,down,-0.000758645096654584,0.466954
trend-decay-v2-medium-long,NDAQ,2026-10-02,2026-10-03T02:11:30+00:00,126,90.330002,71.98967021788818,88.63335018586334,109.12497225494768,neutral,-0.00034808342226131907,0.294136
trend-decay-v2-medium-long,NDAQ,2026-10-02,2026-10-03T02:11:30+00:00,252,90.330002,65.87809877790964,88.40619496935433,118.63814308466735,down,-0.00034808342226131907,0.294136
trend-decay-v2-medium-long,NDSN,2026-10-02,2026-10-03T02:11:30+00:00,126,333.540009,291.0107314417942,347.97188571296675,416.0823645462586,up,0.0007775995644980815,0.252807
trend-decay-v2-medium-long,NDSN,2026-10-02,2026-10-03T02:11:30+00:00,252,333.540009,271.79479109944754,349.97241499316607,450.6366393583097,up,0.0007775995644980815,0.252807
trend-decay-v2-medium-long,NEE,2026-10-02,2026-10-03T02:11:30+00:00,126,76.830002,65.35756045565051,72.85052749094403,81.2025314088962,down,-0.0009763476420446227,0.153494
trend-decay-v2-medium-long,NEE,2026-10-02,2026-10-03T02:11:30+00:00,252,76.830002,62.03618889420285,72.32804174557702,84.32732113301677,down,-0.0009763476420446227,0.153494
trend-decay-v2-medium-long,NEM,2026-10-02,2026-10-03T02:11:30+00:00,126,115.559998,81.42306341573259,113.15294581406508,157.24769628265838,down,-0.0003864136914325554,0.465392
trend-decay-v2-medium-long,NEM,2026-10-02,2026-10-03T02:11:30+00:00,252,115.559998,70.84537411738677,112.83106192026396,179.6990797586889,down,-0.0003864136914325554,0.465392
trend-decay-v2-medium-long,NFLX,2026-10-02,2026-10-03T02:11:30+00:00,126,67.059998,46.15000139388986,59.572307297491506,76.89836813778774,down,-0.0021734617391537038,0.36104
trend-decay-v2-medium-long,NFLX,2026-10-02,2026-10-03T02:11:30+00:00,252,67.059998,40.859017643435685,58.62537053011529,84.11690412594832,down,-0.0021734617391537038,0.36104
trend-decay-v2-medium-long,NI,2026-10-02,2026-10-03T02:11:30+00:00,126,39.43,33.16492563782746,37.84409846112714,43.18344639078477,down,-0.0007536070761013331,0.186651
trend-decay-v2-medium-long,NI,2026-10-02,2026-10-03T02:11:30+00:00,252,39.43,31.226537000176112,37.63442831732845,45.35726118987018,down,-0.0007536070761013331,0.186651
trend-decay-v2-medium-long,NKE,2026-10-02,2026-10-03T02:11:30+00:00,126,33.869999,24.864670943337423,31.093816082121915,38.883498629523906,down,-0.0015699392471953042,0.316163
trend-decay-v2-medium-long,NKE,2026-10-02,2026-10-03T02:11:30+00:00,252,33.869999,22.40472769653505,30.73601193928599,42.16531629965008,down,-0.0015699392471953042,0.316163
trend-decay-v2-medium-long,NOC,2026-10-02,2026-10-03T02:11:30+00:00,126,478.0,368.2311896254545,447.662059053097,544.2269008214547,down,-0.0012037350859245208,0.276235
trend-decay-v2-medium-long,NOC,2026-10-02,2026-10-03T02:11:30+00:00,252,478.0,336.61148245730436,443.70698205330575,584.875728200461,down,-0.0012037350859245208,0.276235
trend-decay-v2-medium-long,NOW,2026-10-02,2026-10-03T02:11:30+00:00,126,134.380005,90.80225389884147,137.150475208149,207.1562328262987,up,0.00037462061857961536,0.583214
trend-decay-v2-medium-long,NOW,2026-10-02,2026-10-03T02:11:30+00:00,252,134.380005,76.75560970876914,137.52977986108996,246.42420821626197,up,0.00037462061857961536,0.583214
trend-decay-v2-medium-long,NRG,2026-10-02,2026-10-03T02:11:30+00:00,126,95.230003,58.43600674611178,84.47370019511322,122.11316997851971,down,-0.0022002253252856206,0.521149
trend-decay-v2-medium-long,NRG,2026-10-02,2026-10-03T02:11:30+00:00,252,95.230003,49.35655884776907,83.11454043996046,139.96167872748825,down,-0.0022002253252856206,0.521149
trend-decay-v2-medium-long,NSC,2026-10-02,2026-10-03T02:11:30+00:00,126,317.440002,269.5674890256809,312.3956036260523,362.0281270475773,neutral,-0.0002940581112753266,0.208528
trend-decay-v2-medium-long,NSC,2026-10-02,2026-10-03T02:11:30+00:00,252,317.440002,253.04680679326066,311.7191052802352,383.9953636565639,neutral,-0.0002940581112753266,0.208528
trend-decay-v2-medium-long,NTAP,2026-10-02,2026-10-03T02:11:30+00:00,126,226.270004,190.3582674110464,257.6053342880489,348.60849048580144,up,0.0023809523809523807,0.427829
trend-decay-v2-medium-long,NTAP,2026-10-02,2026-10-03T02:11:30+00:00,252,226.270004,170.9126570127236,262.16698506242994,402.14416683960195,up,0.0023809523809523807,0.427829
trend-decay-v2-medium-long,NTRS,2026-10-02,2026-10-03T02:11:30+00:00,126,171.399994,141.46290732116017,166.08033000761495,194.98168486540382,down,-0.0005787798810773176,0.226888
trend-decay-v2-medium-long,NTRS,2026-10-02,2026-10-03T02:11:30+00:00,252,171.399994,131.80409405486682,165.37319110219386,207.49197914852556,down,-0.0005787798810773176,0.226888
trend-decay-v2-medium-long,NUE,2026-10-02,2026-10-03T02:11:30+00:00,126,240.389999,181.23032351443206,234.2243673905426,302.7145414499637,down,-0.0004769829261897455,0.362761
trend-decay-v2-medium-long,NUE,2026-10-02,2026-10-03T02:11:30+00:00,252,240.389999,162.39019649758225,233.4021798865436,335.46715719751916,down,-0.0004769829261897455,0.362761
trend-decay-v2-medium-long,NVDA,2026-10-02,2026-10-03T02:11:30+00:00,126,233.949997,185.65195842723435,244.36418338729194,321.64408406142763,up,0.000799507308658433,0.388606
trend-decay-v2-medium-long,NVDA,2026-10-02,2026-10-03T02:11:30+00:00,252,233.949997,166.65866944014823,245.80875754588666,362.54906803964184,up,0.000799507308658433,0.388606
trend-decay-v2-medium-long,NVR,2026-10-02,2026-10-03T02:11:30+00:00,126,5993.850098,4719.382728686371,5771.621883762852,7058.469525399664,down,-0.0006935586709920853,0.284646
trend-decay-v2-medium-long,NVR,2026-10-02,2026-10-03T02:11:30+00:00,252,5993.850098,4319.73496964295,5742.186440343403,7633.038912660195,down,-0.0006935586709920853,0.284646
trend-decay-v2-medium-long,NWS,2026-10-02,2026-10-03T02:11:30+00:00,126,31.65,25.002948307382223,30.72799310909733,37.763928833702835,down,-0.0005427203523026234,0.291583
trend-decay-v2-medium-long,NWS,2026-10-02,2026-10-03T02:11:30+00:00,252,31.65,22.864603210966468,30.6052940879637,40.966555053161265,down,-0.0005427203523026234,0.291583
trend-decay-v2-medium-long,NWSA,2026-10-02,2026-10-03T02:11:30+00:00,126,28.690001,23.163193495034662,28.167873391161205,34.253873135004866,neutral,-0.0003371630355763636,0.276645
trend-decay-v2-medium-long,NWSA,2026-10-02,2026-10-03T02:11:30+00:00,252,28.690001,21.307336308883485,28.09794497381425,37.05270805822576,down,-0.0003371630355763636,0.276645
trend-decay-v2-medium-long,NXPI,2026-10-02,2026-10-03T02:11:30+00:00,126,243.660004,179.58871221149212,249.37552450319293,346.28096307081313,up,0.00042563637436430644,0.464273
trend-decay-v2-medium-long,NXPI,2026-10-02,2026-10-03T02:11:30+00:00,252,243.660004,157.24809537008835,250.15926709323918,397.9676750000906,up,0.00042563637436430644,0.464273
trend-decay-v2-medium-long,O,2026-10-02,2026-10-03T02:11:30+00:00,126,54.130001,44.27371103851765,50.15819859342114,56.82480250974029,down,-0.0013989567255163298,0.176481
trend-decay-v2-medium-long,O,2026-10-02,2026-10-03T02:11:30+00:00,252,54.130001,41.61195646961389,49.643553396595884,59.22534297661046,down,-0.0013989567255163298,0.176481
trend-decay-v2-medium-long,ODFL,2026-10-02,2026-10-03T02:11:30+00:00,126,180.479996,137.60047472240805,173.94375315104867,219.88608194347842,down,-0.0006771678255613498,0.33146
trend-decay-v2-medium-long,ODFL,2026-10-02,2026-10-03T02:11:30+00:00,252,180.479996,124.24802221979138,173.07754777583241,241.09709763511958,down,-0.0006771678255613498,0.33146
trend-decay-v2-medium-long,OKE,2026-10-02,2026-10-03T02:11:30+00:00,126,87.879997,69.87692619666926,84.44736086464025,102.05595960147849,down,-0.0007314298808223774,0.267842
trend-decay-v2-medium-long,OKE,2026-10-02,2026-10-03T02:11:30+00:00,252,87.879997,64.2572216729541,83.99322300174941,109.79095153114906,down,-0.0007314298808223774,0.267842
trend-decay-v2-medium-long,OMC,2026-10-02,2026-10-03T02:11:30+00:00,126,74.150002,55.21038834354418,70.4350799336646,89.85809797952322,down,-0.0009435469746392189,0.344418
trend-decay-v2-medium-long,OMC,2026-10-02,2026-10-03T02:11:30+00:00,252,74.150002,49.566607994277845,69.94682993638222,98.70675473120916,down,-0.0009435469746392189,0.344418
trend-decay-v2-medium-long,ON,2026-10-02,2026-10-03T02:11:30+00:00,126,84.889999,52.857618032154576,91.23843645036145,157.48822205424918,up,0.001323936818820857,0.771983
trend-decay-v2-medium-long,ON,2026-10-02,2026-10-03T02:11:30+00:00,252,84.889999,42.57442144543262,92.13331805422622,199.3814127705982,up,0.001323936818820857,0.771983
trend-decay-v2-medium-long,ORCL,2026-10-02,2026-10-03T02:11:30+00:00,126,142.300003,94.19880253293739,140.5102720726399,209.5901012226131,neutral,-0.0002323486026730003,0.565506
trend-decay-v2-medium-long,ORCL,2026-10-02,2026-10-03T02:11:30+00:00,252,142.300003,79.68343066109472,140.26979395804324,246.92228903541033,neutral,-0.0002323486026730003,0.565506
trend-decay-v2-medium-long,ORLY,2026-10-02,2026-10-03T02:11:30+00:00,126,84.900002,68.4516360540856,83.84823254153235,102.7079337414794,neutral,-0.0002288382669113489,0.286917
trend-decay-v2-medium-long,ORLY,2026-10-02,2026-10-03T02:11:30+00:00,252,84.900002,62.828221480339664,83.70689562934352,111.5238377087342,neutral,-0.0002288382669113489,0.286917
trend-decay-v2-medium-long,OTIS,2026-10-02,2026-10-03T02:11:30+00:00,126,64.050003,51.089805997267945,60.0752108722925,70.6409212347255,down,-0.0011761010370287368,0.22912
trend-decay-v2-medium-long,OTIS,2026-10-02,2026-10-03T02:11:30+00:00,252,64.050003,47.36136422026684,59.556580619882105,74.89197901133711,down,-0.0011761010370287368,0.22912
trend-decay-v2-medium-long,OXY,2026-10-02,2026-10-03T02:11:30+00:00,126,58.080002,45.240622909067504,57.60244512604327,73.34208662794066,neutral,-0.00015156600699377563,0.341631
trend-decay-v2-medium-long,OXY,2026-10-02,2026-10-03T02:11:30+00:00,252,58.080002,40.887182854333524,57.53811721657151,80.96999357041878,neutral,-0.00015156600699377563,0.341631
trend-decay-v2-medium-long,P,2026-10-02,2026-10-03T02:11:30+00:00,126,140.139999,96.86004207581766,159.54749039347624,262.8060152083256,up,0.0023809523809523807,0.705798
trend-decay-v2-medium-long,P,2026-10-02,2026-10-03T02:11:30+00:00,252,140.139999,80.1657663275571,162.37274218849595,328.87987745398505,up,0.0023809523809523807,0.705798
trend-decay-v2-medium-long,PANW,2026-10-02,2026-10-03T02:11:30+00:00,126,403.23999,305.3217215887458,459.0832659474363,690.2798922274028,up,0.0023809523809523807,0.576809
trend-decay-v2-medium-long,PANW,2026-10-02,2026-10-03T02:11:30+00:00,252,403.23999,262.4276821629128,467.2126687853172,831.8012645403296,up,0.0023809523809523807,0.576809
trend-decay-v2-medium-long,PAYX,2026-10-02,2026-10-03T02:11:30+00:00,126,98.940002,70.32553833573138,88.99608456058574,112.62342606328457,down,-0.0019444411978830592,0.332987
trend-decay-v2-medium-long,PAYX,2026-10-02,2026-10-03T02:11:30+00:00,252,98.940002,62.882662675010586,87.7294364615418,122.39389514461912,down,-0.0019444411978830592,0.332987
trend-decay-v2-medium-long,PCAR,2026-10-02,2026-10-03T02:11:30+00:00,126,109.68,84.79132792772404,102.9182386774417,124.9203675816423,down,-0.0011681224987102924,0.273992
trend-decay-v2-medium-long,PCAR,2026-10-02,2026-10-03T02:11:30+00:00,252,109.68,77.58167071453337,102.03574541693638,134.19784914272932,down,-0.0011681224987102924,0.273992
trend-decay-v2-medium-long,PCG,2026-10-02,2026-10-03T02:11:30+00:00,126,12.32,8.103566293134326,11.428426537149896,16.11746339703412,down,-0.001379012372321164,0.486206
trend-decay-v2-medium-long,PCG,2026-10-02,2026-10-03T02:11:30+00:00,252,12.32,6.956882105893241,11.312829104180315,18.396186738880633,down,-0.001379012372321164,0.486206
trend-decay-v2-medium-long,PEG,2026-10-02,2026-10-03T02:11:30+00:00,126,68.07,57.25814267142323,64.43698745124533,72.51589307775816,down,-0.001006882248477133,0.167044
trend-decay-v2-medium-long,PEG,2026-10-02,2026-10-03T02:11:30+00:00,252,68.07,54.12092162155978,63.960444166328315,75.58885354096266,down,-0.001006882248477133,0.167044
trend-decay-v2-medium-long,PEP,2026-10-02,2026-10-03T02:11:30+00:00,126,125.889999,101.11694633774877,117.57329057045798,136.70783341688784,down,-0.0012546676817172448,0.213241
trend-decay-v2-medium-long,PEP,2026-10-02,2026-10-03T02:11:30+00:00,252,125.889999,94.12005803054626,116.49078607792082,144.17865357294815,down,-0.0012546676817172448,0.213241
trend-decay-v2-medium-long,PFE,2026-10-02,2026-10-03T02:11:30+00:00,126,27.799999,23.8586141579607,27.643435871587453,32.02866443655519,neutral,-0.00010367695309724838,0.208233
trend-decay-v2-medium-long,PFE,2026-10-02,2026-10-03T02:11:30+00:00,252,27.799999,22.429812025164818,27.622315205595683,34.01688326506053,neutral,-0.00010367695309724838,0.208233
trend-decay-v2-medium-long,PFG,2026-10-02,2026-10-03T02:11:30+00:00,126,111.959999,95.88406161628514,112.9428184270376,133.03650282662062,neutral,0.00016044393674163586,0.231566
trend-decay-v2-medium-long,PFG,2026-10-02,2026-10-03T02:11:30+00:00,252,111.959999,89.70248658783956,113.07648971348901,142.5411157739093,neutral,0.00016044393674163586,0.231566
trend-decay-v2-medium-long,PG,2026-10-02,2026-10-03T02:11:30+00:00,126,144.910004,124.58649397015188,143.3516635913936,164.94323581610158,neutral,-0.00019848211402316218,0.198415
trend-decay-v2-medium-long,PG,2026-10-02,2026-10-03T02:11:30+00:00,252,144.910004,117.38070486095029,143.14205661465542,174.557210200308,neutral,-0.00019848211402316218,0.198415
trend-decay-v2-medium-long,PGR,2026-10-02,2026-10-03T02:11:30+00:00,126,210.309998,162.5223665893862,204.13103383532896,256.39227294762713,down,-0.0005474277649614422,0.322365
trend-decay-v2-medium-long,PGR,2026-10-02,2026-10-03T02:11:30+00:00,252,210.309998,147.28380074079166,203.30886858310745,280.64522939144433,down,-0.0005474277649614422,0.322365
trend-decay-v2-medium-long,PH,2026-10-02,2026-10-03T02:11:30+00:00,126,972.549988,817.8141575184034,985.4068779730363,1187.3439781271031,neutral,0.00024109086660273162,0.263637
trend-decay-v2-medium-long,PH,2026-10-02,2026-10-03T02:11:30+00:00,252,972.549988,758.3879098157468,987.1598770230187,1284.942191445083,neutral,0.00024109086660273162,0.263637
trend-decay-v2-medium-long,PHM,2026-10-02,2026-10-03T02:11:30+00:00,126,115.730003,87.22988218164377,110.95301307482005,141.12791170285178,down,-0.0007738224984544726,0.340203
trend-decay-v2-medium-long,PHM,2026-10-02,2026-10-03T02:11:30+00:00,252,115.730003,78.50788006522605,110.32185000047228,155.0278848112425,down,-0.0007738224984544726,0.340203
trend-decay-v2-medium-long,PKG,2026-10-02,2026-10-03T02:11:30+00:00,126,228.539993,185.20399710161686,226.3743315670887,276.6967171034065,neutral,-0.0001747857166674439,0.283878
trend-decay-v2-medium-long,PKG,2026-10-02,2026-10-03T02:11:30+00:00,252,228.539993,170.20837157123896,226.0828220981689,300.29922721209556,neutral,-0.0001747857166674439,0.283878
trend-decay-v2-medium-long,PLD,2026-10-02,2026-10-03T02:11:30+00:00,126,128.910004,106.23750817111149,124.47468771933215,145.8425385681103,down,-0.0006427325457524453,0.224047
trend-decay-v2-medium-long,PLD,2026-10-02,2026-10-03T02:11:30+00:00,252,128.910004,99.0195204248203,123.88627487927656,154.99781293241423,down,-0.0006427325457524453,0.224047
trend-decay-v2-medium-long,PLTR,2026-10-02,2026-10-03T02:11:30+00:00,126,188.75,124.30560794820917,206.17516003644403,341.9652364659522,up,0.0016210102055612687,0.715568
trend-decay-v2-medium-long,PLTR,2026-10-02,2026-10-03T02:11:30+00:00,252,188.75,102.013848258937,208.65383174129815,426.76972041893276,up,0.0016210102055612687,0.715568
trend-decay-v2-medium-long,PM,2026-10-02,2026-10-03T02:11:30+00:00,126,187.460007,156.42292301640882,188.45831247044245,227.05454452785818,neutral,9.750181269633555e-05,0.263487
trend-decay-v2-medium-long,PM,2026-10-02,2026-10-03T02:11:30+00:00,252,187.460007,144.9093877417854,188.59382623415138,245.44739197308175,neutral,9.750181269633555e-05,0.263487
trend-decay-v2-medium-long,PNC,2026-10-02,2026-10-03T02:11:30+00:00,126,221.029999,181.7240747095602,209.61370643124107,241.78362715048132,down,-0.0009735325181178937,0.201917
trend-decay-v2-medium-long,PNC,2026-10-02,2026-10-03T02:11:30+00:00,252,221.029999,170.0635567742481,208.11467097593456,254.67958624972138,down,-0.0009735325181178937,0.201917
trend-decay-v2-medium-long,PNR,2026-10-02,2026-10-03T02:11:30+00:00,126,53.029999,36.630164591683474,47.910517824401005,62.66468479705927,down,-0.0018636953799045313,0.379664
trend-decay-v2-medium-long,PNR,2026-10-02,2026-10-03T02:11:30+00:00,252,53.029999,32.32792649238546,47.256747783074864,69.07959938473506,down,-0.0018636953799045313,0.379664
trend-decay-v2-medium-long,PNW,2026-10-02,2026-10-03T02:11:30+00:00,126,95.919998,83.16567392748374,94.13611041415695,106.5536640950354,neutral,-0.000344619710693975,0.175231
trend-decay-v2-medium-long,PNW,2026-10-02,2026-10-03T02:11:30+00:00,252,95.919998,78.80449983163864,93.89725003619442,111.88058528632222,down,-0.000344619710693975,0.175231
trend-decay-v2-medium-long,PODD,2026-10-02,2026-10-03T02:11:30+00:00,126,131.690002,84.01726580904375,121.04688159151989,174.39686238223473,down,-0.0015470308629092892,0.516408
trend-decay-v2-medium-long,PODD,2026-10-02,2026-10-03T02:11:30+00:00,252,131.690002,71.40478205335883,119.67417512632352,200.5735159511247,down,-0.0015470308629092892,0.516408
trend-decay-v2-medium-long,PPG,2026-10-02,2026-10-03T02:11:30+00:00,126,105.150002,81.94703416733803,100.99780945509202,124.4774459304685,down,-0.0007396039208131724,0.295607
trend-decay-v2-medium-long,PPG,2026-10-02,2026-10-03T02:11:30+00:00,252,105.150002,74.74178392724266,100.44861389519626,134.99709939072696,down,-0.0007396039208131724,0.295607
trend-decay-v2-medium-long,PPL,2026-10-02,2026-10-03T02:11:30+00:00,126,32.799999,27.72596417019061,31.603778756364274,36.02395305534853,down,-0.0006820111308506788,0.185131
trend-decay-v2-medium-long,PPL,2026-10-02,2026-10-03T02:11:30+00:00,252,32.799999,26.13087972595132,31.445275404297124,37.840492001120154,down,-0.0006820111308506788,0.185131
trend-decay-v2-medium-long,PRU,2026-10-02,2026-10-03T02:11:30+00:00,126,112.599998,94.76704054029594,109.78694290961975,127.18739305059304,down,-0.00046444450614912375,0.208059
trend-decay-v2-medium-long,PRU,2026-10-02,2026-10-03T02:11:30+00:00,252,112.599998,88.85969007583455,109.411675761841,134.717044171525,down,-0.00046444450614912375,0.208059
trend-decay-v2-medium-long,PSA,2026-10-02,2026-10-03T02:11:30+00:00,126,283.809998,234.55689904072864,272.99685748969904,317.7364831477843,down,-0.000713088751451885,0.214624
trend-decay-v2-medium-long,PSA,2026-10-02,2026-10-03T02:11:30+00:00,252,283.809998,219.1111695183298,271.56546247273343,336.57709267012143,down,-0.000713088751451885,0.214624
trend-decay-v2-medium-long,PSKY,2026-10-02,2026-10-03T02:11:30+00:00,126,9.5,6.58481317470238,8.850260615302304,11.895115454404875,down,-0.0013005296421343556,0.418156
trend-decay-v2-medium-long,PSKY,2026-10-02,2026-10-03T02:11:30+00:00,252,9.5,5.770178945495558,8.76581145524389,13.316649482572645,down,-0.0013005296421343556,0.418156
trend-decay-v2-medium-long,PSX,2026-10-02,2026-10-03T02:11:30+00:00,126,264.579987,226.9847167606651,281.90712778056906,350.11885305602203,up,0.0011644860251592538,0.306453
trend-decay-v2-medium-long,PSX,2026-10-02,2026-10-03T02:11:30+00:00,252,264.579987,209.28763508547163,284.3376812249966,386.3004946823066,up,0.0011644860251592538,0.306453
trend-decay-v2-medium-long,PTC,2026-10-02,2026-10-03T02:11:30+00:00,126,144.029999,103.44092029461561,143.6525136859368,199.49595024400054,neutral,-4.817575779267788e-05,0.464423
trend-decay-v2-medium-long,PTC,2026-10-02,2026-10-03T02:11:30+00:00,252,144.029999,90.25320606277973,143.6015026683064,228.48375662412997,neutral,-4.817575779267788e-05,0.464423
trend-decay-v2-medium-long,PWR,2026-10-02,2026-10-03T02:11:30+00:00,126,676.559998,499.18416563499846,712.998952571415,1018.3966987840137,up,0.0009630087225251665,0.504174
trend-decay-v2-medium-long,PWR,2026-10-02,2026-10-03T02:11:30+00:00,252,676.559998,433.7227393288307,718.0789207424875,1188.8639669034294,up,0.0009630087225251665,0.504174
trend-decay-v2-medium-long,PYPL,2026-10-02,2026-10-03T02:11:30+00:00,126,52.799999,37.9084428171057,52.96615041361507,74.00496778970275,neutral,5.767656837767048e-05,0.473025
trend-decay-v2-medium-long,PYPL,2026-10-02,2026-10-03T02:11:30+00:00,252,52.799999,33.0180124191755,52.98867669377865,85.03842757437292,neutral,5.767656837767048e-05,0.473025
trend-decay-v2-medium-long,Q,2026-10-02,2026-10-03T02:11:30+00:00,126,131.479996,92.74285694603259,137.39680968736096,203.55080632517064,up,0.0008080651549550201,0.555846
trend-decay-v2-medium-long,Q,2026-10-02,2026-10-03T02:11:30+00:00,252,131.479996,79.27988255867803,138.21775947316542,240.9709552690382,up,0.0008080651549550201,0.555846
trend-decay-v2-medium-long,QCOM,2026-10-02,2026-10-03T02:11:30+00:00,126,184.869995,130.35133164301268,194.1145246690108,289.068383211226,up,0.0008957590768216698,0.563161
trend-decay-v2-medium-long,QCOM,2026-10-02,2026-10-03T02:11:30+00:00,252,184.869995,111.2623656713903,195.40065016783427,343.165578545938,up,0.0008957590768216698,0.563161
trend-decay-v2-medium-long,RCL,2026-10-02,2026-10-03T02:11:30+00:00,126,277.73999,210.6840942585361,282.64899544765433,379.1954722957511,neutral,0.00032163014114164654,0.415561
trend-decay-v2-medium-long,RCL,2026-10-02,2026-10-03T02:11:30+00:00,252,277.73999,186.98267450985963,283.31998923299676,429.2922673686151,up,0.00032163014114164654,0.415561
trend-decay-v2-medium-long,RDDT,2026-10-02,2026-10-03T02:11:30+00:00,126,147.860001,79.45707777931854,139.85222395207006,246.1535849413125,down,-0.0010221333209091692,0.799553
trend-decay-v2-medium-long,RDDT,2026-10-02,2026-10-03T02:11:30+00:00,252,147.860001,62.39579668176283,138.80234076579052,308.7722383019714,down,-0.0010221333209091692,0.799553
trend-decay-v2-medium-long,REG,2026-10-02,2026-10-03T02:11:30+00:00,126,71.599998,61.57408109718137,68.92894359255929,77.16232512325242,down,-0.0006979285675821295,0.159573
trend-decay-v2-medium-long,REG,2026-10-02,2026-10-03T02:11:30+00:00,252,71.599998,58.460883692279914,68.57519468003669,80.4393814872479,down,-0.0006979285675821295,0.159573
trend-decay-v2-medium-long,REGN,2026-10-02,2026-10-03T02:11:30+00:00,126,735.200012,561.8921085611461,694.5929028553825,858.633344989512,down,-0.0010430075418074811,0.299836
trend-decay-v2-medium-long,REGN,2026-10-02,2026-10-03T02:11:30+00:00,252,735.200012,510.7093405811841,689.2724515429484,930.2679130860797,down,-0.0010430075418074811,0.299836
trend-decay-v2-medium-long,RF,2026-10-02,2026-10-03T02:11:30+00:00,126,27.1,22.000081300210105,25.648492162448957,29.901941780593468,down,-0.001010556728480257,0.216995
trend-decay-v2-medium-long,RF,2026-10-02,2026-10-03T02:11:30+00:00,252,27.1,20.492105624600033,25.458119272191365,31.627586191000386,down,-0.001010556728480257,0.216995
trend-decay-v2-medium-long,RJF,2026-10-02,2026-10-03T02:11:30+00:00,126,158.210007,127.65288262093831,150.5537576904889,177.56304040570544,down,-0.0009105849799663249,0.233353
trend-decay-v2-medium-long,RJF,2026-10-02,2026-10-03T02:11:30+00:00,252,158.210007,118.4219584984613,149.54646774091,188.8513439344412,down,-0.0009105849799663249,0.233353
trend-decay-v2-medium-long,RL,2026-10-02,2026-10-03T02:11:30+00:00,126,363.369995,297.82423934026707,373.8000250585055,469.1574434749099,up,0.0005195036300279864,0.321334
trend-decay-v2-medium-long,RL,2026-10-02,2026-10-03T02:11:30+00:00,252,363.369995,272.1128489907839,375.23438832490166,517.4354930455042,up,0.0005195036300279864,0.321334
trend-decay-v2-medium-long,RMD,2026-10-02,2026-10-03T02:11:30+00:00,126,218.889999,168.2456007186398,213.55048070970227,271.05497924792104,down,-0.00045335615749057703,0.337217
trend-decay-v2-medium-long,RMD,2026-10-02,2026-10-03T02:11:30+00:00,252,218.889999,151.91391306943257,212.83793318243448,298.1951085722215,down,-0.00045335615749057703,0.337217
trend-decay-v2-medium-long,ROK,2026-10-02,2026-10-03T02:11:30+00:00,126,454.350006,377.1263726993402,468.6683917088655,582.4309231274265,up,0.0005695872354406154,0.30733
trend-decay-v2-medium-long,ROK,2026-10-02,2026-10-03T02:11:30+00:00,252,454.350006,346.11275271477837,470.64053008873594,639.9721097382975,up,0.0005695872354406154,0.30733
trend-decay-v2-medium-long,ROL,2026-10-02,2026-10-03T02:11:30+00:00,126,30.16,21.441657695155573,26.592253922855313,32.98009784277936,down,-0.002311136681307214,0.304458
trend-decay-v2-medium-long,ROL,2026-10-02,2026-10-03T02:11:30+00:00,252,30.16,19.28106871157946,26.14300654862941,35.44703883510475,down,-0.002311136681307214,0.304458
trend-decay-v2-medium-long,ROP,2026-10-02,2026-10-03T02:11:30+00:00,126,354.320007,262.8662689354909,328.5752533606299,410.70958840860885,down,-0.0013847845949715866,0.31554
trend-decay-v2-medium-long,ROP,2026-10-02,2026-10-03T02:11:30+00:00,252,354.320007,237.22686804667558,325.23790580810817,445.90099024378276,down,-0.0013847845949715866,0.31554
trend-decay-v2-medium-long,ROST,2026-10-02,2026-10-03T02:11:30+00:00,126,228.539993,190.56823449184802,229.3836747345325,276.10514614369583,neutral,6.764376253109177e-05,0.262175
trend-decay-v2-medium-long,ROST,2026-10-02,2026-10-03T02:11:30+00:00,252,228.539993,176.5704104682128,229.49809366349982,298.2910605209381,neutral,6.764376253109177e-05,0.262175
trend-decay-v2-medium-long,RSG,2026-10-02,2026-10-03T02:11:30+00:00,126,209.559998,175.65305630525904,203.1031020208093,234.84288243062144,down,-0.0005745202066298963,0.205348
trend-decay-v2-medium-long,RSG,2026-10-02,2026-10-03T02:11:30+00:00,252,209.559998,164.70075847607606,202.24467815092714,248.34682134334878,down,-0.0005745202066298963,0.205348
trend-decay-v2-medium-long,RTX,2026-10-02,2026-10-03T02:11:30+00:00,126,184.679993,145.73780438881116,176.08968601080883,212.76276014602712,down,-0.0008743845191242429,0.267547
trend-decay-v2-medium-long,RTX,2026-10-02,2026-10-03T02:11:30+00:00,252,184.679993,133.88755078879333,174.95823257376455,228.62755323400575,down,-0.0008743845191242429,0.267547
trend-decay-v2-medium-long,RVTY,2026-10-02,2026-10-03T02:11:30+00:00,126,151.529999,127.95059344306436,168.99733421164083,223.21193049682682,up,0.0020027823986478732,0.393489
trend-decay-v2-medium-long,RVTY,2026-10-02,2026-10-03T02:11:30+00:00,252,151.529999,115.71831611115097,171.51108988962235,254.2039578839974,up,0.0020027823986478732,0.393489
trend-decay-v2-medium-long,SBAC,2026-10-02,2026-10-03T02:11:30+00:00,126,158.490005,114.93745923006746,144.39088912776495,181.3919413458943,down,-0.0017103133918665687,0.322633
trend-decay-v2-medium-long,SBAC,2026-10-02,2026-10-03T02:11:30+00:00,252,158.490005,103.2633264349432,142.5817177301682,196.87092148530735,down,-0.0017103133918665687,0.322633
trend-decay-v2-medium-long,SBUX,2026-10-02,2026-10-03T02:11:30+00:00,126,94.709999,76.4140106819247,89.22958562936448,104.19449104340019,down,-0.001094229413049907,0.219269
trend-decay-v2-medium-long,SBUX,2026-10-02,2026-10-03T02:11:30+00:00,252,94.709999,71.0850283451125,88.51267329518652,110.21298740748253,down,-0.001094229413049907,0.219269
trend-decay-v2-medium-long,SCHW,2026-10-02,2026-10-03T02:11:30+00:00,126,96.699997,76.97949294176072,91.63007662622564,109.06893020041169,down,-0.0009886170952621933,0.246385
trend-decay-v2-medium-long,SCHW,2026-10-02,2026-10-03T02:11:30+00:00,252,96.699997,71.09992238080238,90.96467507080673,116.37948163177822,down,-0.0009886170952621933,0.246385
trend-decay-v2-medium-long,SHW,2026-10-02,2026-10-03T02:11:30+00:00,126,319.51001,250.06524940549238,311.8438366122226,388.88481571999944,down,-0.0004458295603549947,0.312231
trend-decay-v2-medium-long,SHW,2026-10-02,2026-10-03T02:11:30+00:00,252,319.51001,227.4623607343595,310.82056286262144,424.72707126723935,down,-0.0004458295603549947,0.312231
trend-decay-v2-medium-long,SJM,2026-10-02,2026-10-03T02:11:30+00:00,126,117.190002,88.36316327619046,112.42613796032305,143.0419195968209,down,-0.0007618351023833445,0.340601
trend-decay-v2-medium-long,SJM,2026-10-02,2026-10-03T02:11:30+00:00,252,117.190002,79.52560340132972,111.79647438146245,157.16261366859376,down,-0.0007618351023833445,0.340601
trend-decay-v2-medium-long,SLB,2026-10-02,2026-10-03T02:11:30+00:00,126,48.740002,34.2608056574002,45.2362388072844,59.72764685957309,down,-0.0013694927548452177,0.393005
trend-decay-v2-medium-long,SLB,2026-10-02,2026-10-03T02:11:30+00:00,252,48.740002,30.228865621618947,44.781821328976385,66.34094532830046,down,-0.0013694927548452177,0.393005
trend-decay-v2-medium-long,SMCI,2026-10-02,2026-10-03T02:11:30+00:00,126,43.689999,23.723164236222974,49.74047199574682,104.29108569682033,up,0.0023809523809523807,1.047037
trend-decay-v2-medium-long,SMCI,2026-10-02,2026-10-03T02:11:30+00:00,252,43.689999,17.76685911158405,50.62127154605336,144.22994615117452,up,0.0023809523809523807,1.047037
trend-decay-v2-medium-long,SNA,2026-10-02,2026-10-03T02:11:30+00:00,126,368.899994,317.6707743232311,360.05223073860816,408.0879304557655,down,-0.00044565364710839607,0.177107
trend-decay-v2-medium-long,SNA,2026-10-02,2026-10-03T02:11:30+00:00,252,368.899994,300.6228958969758,358.871233016201,428.4056991144965,down,-0.00044565364710839607,0.177107
trend-decay-v2-medium-long,SNDK,2026-10-02,2026-10-03T02:11:30+00:00,126,1719.98999,766.345417867,1848.5843375691322,4459.169420778054,up,0.0013236005209344595,1.245275
trend-decay-v2-medium-long,SNDK,2026-10-02,2026-10-03T02:11:30+00:00,252,1719.98999,537.3546472576344,1866.7109289733335,6484.748406163484,up,0.0013236005209344595,1.245275
trend-decay-v2-medium-long,SNPS,2026-10-02,2026-10-03T02:11:30+00:00,126,489.899994,377.47481650916785,536.0306498751967,761.1868263499039,up,0.0016519856918559804,0.495947
trend-decay-v2-medium-long,SNPS,2026-10-02,2026-10-03T02:11:30+00:00,252,489.899994,330.43936336391425,542.5987915422676,890.975716651803,up,0.0016519856918559804,0.495947
trend-decay-v2-medium-long,SO,2026-10-02,2026-10-03T02:11:30+00:00,126,83.720001,71.51458662936788,80.33740694878553,90.24870672473914,down,-0.0007571070618171814,0.164521
trend-decay-v2-medium-long,SO,2026-10-02,2026-10-03T02:11:30+00:00,252,83.720001,67.77089186931309,79.890246924812,94.1768859411666,down,-0.0007571070618171814,0.164521
trend-decay-v2-medium-long,SOLV,2026-10-02,2026-10-03T02:11:30+00:00,126,87.849998,70.27135292637513,87.8672927048455,109.86925405247428,neutral,3.6136024012727007e-06,0.316025
trend-decay-v2-medium-long,SOLV,2026-10-02,2026-10-03T02:11:30+00:00,252,87.849998,64.06058518787637,87.8696335501805,120.52766108206323,neutral,3.6136024012727007e-06,0.316025
trend-decay-v2-medium-long,SOXX,2026-10-02,2026-10-03T02:11:30+00:00,126,588.900024,427.98935893456127,644.8670660905248,971.6445613587894,up,0.0016666294103751364,0.579751
trend-decay-v2-medium-long,SOXX,2026-10-02,2026-10-03T02:11:30+00:00,252,588.900024,365.614677264299,652.8392872177817,1165.7057591999417,up,0.0016666294103751364,0.579751
trend-decay-v2-medium-long,SPG,2026-10-02,2026-10-03T02:11:30+00:00,126,200.949997,170.57772119997185,195.24823820559664,223.48683200954667,down,-0.0005284063126138477,0.191033
trend-decay-v2-medium-long,SPG,2026-10-02,2026-10-03T02:11:30+00:00,252,200.949997,160.66849878145922,194.48912103682613,235.4289639136296,down,-0.0005284063126138477,0.191033
trend-decay-v2-medium-long,SPGI,2026-10-02,2026-10-03T02:11:30+00:00,126,386.269989,289.0580635764026,361.8022965621242,452.8533131995748,down,-0.0012012851150546206,0.317449
trend-decay-v2-medium-long,SPGI,2026-10-02,2026-10-03T02:11:30+00:00,252,386.269989,261.07109405754204,358.6122643602103,492.5966875567326,down,-0.0012012851150546206,0.317449
trend-decay-v2-medium-long,SPY,2026-10-02,2026-10-03T02:11:30+00:00,126,769.640015,709.230326738908,777.130140846019,851.5305015061502,neutral,0.00017779045190122962,0.129298
trend-decay-v2-medium-long,SPY,2026-10-02,2026-10-03T02:11:30+00:00,252,769.640015,683.769273472021,778.149403611414,885.5567482085405,neutral,0.00017779045190122962,0.129298
trend-decay-v2-medium-long,SRE,2026-10-02,2026-10-03T02:11:30+00:00,126,78.379997,63.75605890583162,74.34095091301143,86.6831651375062,down,-0.0009712324708043581,0.21722
trend-decay-v2-medium-long,SRE,2026-10-02,2026-10-03T02:11:30+00:00,252,78.379997,59.39926185798345,73.81055917753689,91.71828867379178,down,-0.0009712324708043581,0.21722
trend-decay-v2-medium-long,STE,2026-10-02,2026-10-03T02:11:30+00:00,126,208.539993,165.84187497876798,198.6402690462313,237.9251711415515,down,-0.0008928195071378865,0.25521
trend-decay-v2-medium-long,STE,2026-10-02,2026-10-03T02:11:30+00:00,252,208.539993,152.88766225833103,197.33709688872105,254.70943327440722,down,-0.0008928195071378865,0.25521
trend-decay-v2-medium-long,STLD,2026-10-02,2026-10-03T02:11:30+00:00,126,231.990005,172.26020507012444,227.38643441162705,300.15400558350115,neutral,-0.0003679445182360974,0.392649
trend-decay-v2-medium-long,STLD,2026-10-02,2026-10-03T02:11:30+00:00,252,231.990005,153.1303240415111,226.77046759410948,335.82404592124175,down,-0.0003679445182360974,0.392649
trend-decay-v2-medium-long,STT,2026-10-02,2026-10-03T02:11:30+00:00,126,175.960007,145.4074443232076,171.52937848038215,202.34402591154173,down,-0.00046815432581214,0.233649
trend-decay-v2-medium-long,STT,2026-10-02,2026-10-03T02:11:30+00:00,252,175.960007,135.32160574301923,170.93839186721075,215.9295528138932,down,-0.00046815432581214,0.233649
trend-decay-v2-medium-long,STX,2026-10-02,2026-10-03T02:11:30+00:00,126,848.98999,501.8858912475181,884.3050540389951,1558.1139901245972,up,0.0007481510972206804,0.801052
trend-decay-v2-medium-long,STX,2026-10-02,2026-10-03T02:11:30+00:00,252,848.98999,399.12140129543275,889.1959563004154,1981.0249366100786,up,0.0007481510972206804,0.801052
trend-decay-v2-medium-long,STZ,2026-10-02,2026-10-03T02:11:30+00:00,126,112.870003,84.58451652809758,103.77450751913153,127.31820022002435,down,-0.0015423244436634383,0.289163
trend-decay-v2-medium-long,STZ,2026-10-02,2026-10-03T02:11:30+00:00,252,112.870003,76.83705156145382,102.60123462252692,137.0043895769136,down,-0.0015423244436634383,0.289163
trend-decay-v2-medium-long,SW,2026-10-02,2026-10-03T02:11:30+00:00,126,42.540001,29.94272935418532,41.15423764888425,56.563690518216056,down,-0.0006079598636189446,0.449777
trend-decay-v2-medium-long,SW,2026-10-02,2026-10-03T02:11:30+00:00,252,42.540001,26.129576651913112,40.97019609238697,64.23973071625494,down,-0.0006079598636189446,0.449777
trend-decay-v2-medium-long,SWK,2026-10-02,2026-10-03T02:11:30+00:00,126,91.339996,69.4065336334455,89.59088874816041,115.64512627983262,neutral,-0.0003549432910253289,0.36101
trend-decay-v2-medium-long,SWK,2026-10-02,2026-10-03T02:11:30+00:00,252,91.339996,62.27916255712032,89.35676037420805,128.20709683195253,down,-0.0003549432910253289,0.36101
trend-decay-v2-medium-long,SWKS,2026-10-02,2026-10-03T02:11:30+00:00,126,85.029999,62.55038436039068,95.82164371990685,146.79026354631043,up,0.002193426797488518,0.603185
trend-decay-v2-medium-long,SWKS,2026-10-02,2026-10-03T02:11:30+00:00,252,85.029999,53.27536605728204,97.38371982109118,178.01076910472966,up,0.002193426797488518,0.603185
trend-decay-v2-medium-long,SYF,2026-10-02,2026-10-03T02:11:30+00:00,126,71.769997,54.43197492699637,68.60847636955778,86.47716780560165,down,-0.0008270098009654702,0.32734
trend-decay-v2-medium-long,SYF,2026-10-02,2026-10-03T02:11:30+00:00,252,71.769997,49.15502977678102,68.19144905694192,94.60016087065874,down,-0.0008270098009654702,0.32734
trend-decay-v2-medium-long,SYK,2026-10-02,2026-10-03T02:11:30+00:00,126,275.429993,194.44733190659062,254.90798229700115,334.1680176405952,down,-0.0014214310629889148,0.382886
trend-decay-v2-medium-long,SYK,2026-10-02,2026-10-03T02:11:30+00:00,252,275.429993,172.0073999370931,252.25071627608003,369.92840938858706,down,-0.0014214310629889148,0.382886
trend-decay-v2-medium-long,SYY,2026-10-02,2026-10-03T02:11:30+00:00,126,77.489998,65.61528039534116,75.24927717202047,86.29779040483395,down,-0.0005386540044980014,0.193744
trend-decay-v2-medium-long,SYY,2026-10-02,2026-10-03T02:11:30+00:00,252,77.489998,61.74982939025014,74.95104841128543,90.9744968273198,down,-0.0005386540044980014,0.193744
trend-decay-v2-medium-long,T,2026-10-02,2026-10-03T02:11:30+00:00,126,24.299999,19.55849385996711,23.833579828527935,29.043111985503817,neutral,-0.0003557816474971375,0.27957
trend-decay-v2-medium-long,T,2026-10-02,2026-10-03T02:11:30+00:00,252,24.299999,17.973574513022857,23.77114848064449,31.438793640042157,down,-0.0003557816474971375,0.27957
trend-decay-v2-medium-long,TDG,2026-10-02,2026-10-03T02:11:30+00:00,126,1090.380005,860.6915175309605,1040.4961083824528,1257.8631594566457,down,-0.0008596530973498632,0.2683
trend-decay-v2-medium-long,TDG,2026-10-02,2026-10-03T02:11:30+00:00,252,1090.380005,790.618332598145,1033.9227462675713,1352.101514945297,down,-0.0008596530973498632,0.2683
trend-decay-v2-medium-long,TDY,2026-10-02,2026-10-03T02:11:30+00:00,126,617.169983,527.0648660377746,618.6111894335061,726.0582678734474,neutral,4.281801434103774e-05,0.226491
trend-decay-v2-medium-long,TDY,2026-10-02,2026-10-03T02:11:30+00:00,252,617.169983,493.390827229189,618.8064938954507,776.1017346787974,neutral,4.281801434103774e-05,0.226491
trend-decay-v2-medium-long,TECH,2026-10-02,2026-10-03T02:11:30+00:00,126,72.400002,55.07087261770659,73.2643621854512,97.46834417719285,neutral,0.00021786538929415328,0.403692
trend-decay-v2-medium-long,TECH,2026-10-02,2026-10-03T02:11:30+00:00,252,72.400002,49.00824037463103,73.38213068932465,109.8781972856267,neutral,0.00021786538929415328,0.403692
trend-decay-v2-medium-long,TEL,2026-10-02,2026-10-03T02:11:30+00:00,126,220.360001,182.84355018413143,231.50633827037967,293.12045519454625,up,0.0009058410695691064,0.333721
trend-decay-v2-medium-long,TEL,2026-10-02,2026-10-03T02:11:30+00:00,252,220.360001,166.9282914817108,233.05752881529108,325.3840990964748,up,0.0009058410695691064,0.333721
trend-decay-v2-medium-long,TER,2026-10-02,2026-10-03T02:11:30+00:00,126,449.040009,273.96644389788503,511.2259671288708,953.9562062727016,up,0.0023809523809523807,0.882195
trend-decay-v2-medium-long,TER,2026-10-02,2026-10-03T02:11:30+00:00,252,449.040009,215.3295499015277,520.2787079631483,1257.0960840423074,up,0.0023809523809523807,0.882195
trend-decay-v2-medium-long,TFC,2026-10-02,2026-10-03T02:11:30+00:00,126,46.450001,37.1767514245009,44.166283716770586,52.469905051056045,down,-0.000925485815651005,0.243638
trend-decay-v2-medium-long,TFC,2026-10-02,2026-10-03T02:11:30+00:00,252,46.450001,34.38088649558319,43.86596720117948,55.967814522239074,down,-0.000925485815651005,0.243638
trend-decay-v2-medium-long,TGT,2026-10-02,2026-10-03T02:11:30+00:00,126,156.0,125.8343564313241,156.9729898377001,195.8171062132353,neutral,0.00011414175697806572,0.312693
trend-decay-v2-medium-long,TGT,2026-10-02,2026-10-03T02:11:30+00:00,252,156.0,114.91839082538168,157.10513508402528,214.77870767677314,neutral,0.00011414175697806572,0.312693
trend-decay-v2-medium-long,TJX,2026-10-02,2026-10-03T02:11:30+00:00,126,132.679993,110.3393532186301,130.9497187567316,155.40990899674597,neutral,-0.00024097308231285866,0.242188
trend-decay-v2-medium-long,TJX,2026-10-02,2026-10-03T02:11:30+00:00,252,132.679993,102.60112652168893,130.71729168067176,166.5382332884794,neutral,-0.00024097308231285866,0.242188
trend-decay-v2-medium-long,TKO,2026-10-02,2026-10-03T02:11:30+00:00,126,175.580002,133.30827052415935,167.33604726399568,210.04962860772795,down,-0.0008828220754297299,0.321507
trend-decay-v2-medium-long,TKO,2026-10-02,2026-10-03T02:11:30+00:00,252,175.580002,120.5408470921749,166.25049808109932,229.29346175142194,down,-0.0008828220754297299,0.321507
trend-decay-v2-medium-long,TMO,2026-10-02,2026-10-03T02:11:30+00:00,126,654.799988,563.8533410176157,697.5823681366124,863.0278920700437,up,0.0011618554319108602,0.300982
trend-decay-v2-medium-long,TMO,2026-10-02,2026-10-03T02:11:30+00:00,252,654.799988,520.7156271531882,703.5831550834416,950.6710194651768,up,0.0011618554319108602,0.300982
trend-decay-v2-medium-long,TMUS,2026-10-02,2026-10-03T02:11:30+00:00,126,163.639999,116.25530251906561,151.49213024329347,197.4091936312949,down,-0.001416003651030945,0.374406
trend-decay-v2-medium-long,TMUS,2026-10-02,2026-10-03T02:11:30+00:00,252,163.639999,103.09888360204751,149.91891221021532,218.00119897562,down,-0.001416003651030945,0.374406
trend-decay-v2-medium-long,TPL,2026-10-02,2026-10-03T02:11:30+00:00,126,340.190002,235.4127520488558,320.9417397427397,437.5446929388084,down,-0.0010692222299323755,0.438292
trend-decay-v2-medium-long,TPL,2026-10-02,2026-10-03T02:11:30+00:00,252,340.190002,205.4258312317693,318.42184179164593,493.57215069797684,down,-0.0010692222299323755,0.438292
trend-decay-v2-medium-long,TPR,2026-10-02,2026-10-03T02:11:30+00:00,126,118.120003,83.81743320115328,113.12401559882875,152.6775805039562,down,-0.0007933414039240269,0.424043
trend-decay-v2-medium-long,TPR,2026-10-02,2026-10-03T02:11:30+00:00,252,118.120003,73.59617091504154,112.46431808654819,171.8597949514688,down,-0.0007933414039240269,0.424043
trend-decay-v2-medium-long,TRGP,2026-10-02,2026-10-03T02:11:30+00:00,126,281.73999,224.70463402454044,279.45942699381084,347.55656764595204,neutral,-0.00014920004812548414,0.308398
trend-decay-v2-medium-long,TRGP,2026-10-02,2026-10-03T02:11:30+00:00,252,281.73999,205.07159889061336,279.1522078856384,379.99389281103197,neutral,-0.00014920004812548414,0.308398
trend-decay-v2-medium-long,TRMB,2026-10-02,2026-10-03T02:11:30+00:00,126,57.52,45.6355051657242,57.07360720206579,71.3785599003789,neutral,-0.00014302129100718768,0.316297
trend-decay-v2-medium-long,TRMB,2026-10-02,2026-10-03T02:11:30+00:00,252,57.52,41.55385938211992,57.013461250235814,78.2246176905244,neutral,-0.00014302129100718768,0.316297
trend-decay-v2-medium-long,TROW,2026-10-02,2026-10-03T02:11:30+00:00,126,104.620003,85.50904386119403,101.78381833880165,121.15613983993754,down,-0.0005045286288649333,0.246397
trend-decay-v2-medium-long,TROW,2026-10-02,2026-10-03T02:11:30+00:00,252,104.620003,79.26008269833682,101.40593612824209,129.739504829723,down,-0.0005045286288649333,0.246397
trend-decay-v2-medium-long,TRV,2026-10-02,2026-10-03T02:11:30+00:00,126,360.380005,300.90812894782135,361.9769319581868,435.43954670823285,neutral,8.116627603585849e-05,0.261312
trend-decay-v2-medium-long,TRV,2026-10-02,2026-10-03T02:11:30+00:00,252,360.380005,278.90378424155955,362.1935954714751,470.3564742131123,neutral,8.116627603585849e-05,0.261312
trend-decay-v2-medium-long,TSCO,2026-10-02,2026-10-03T02:11:30+00:00,126,31.09,23.82891317586303,29.28631389522082,35.99359212228699,down,-0.0010971482634686374,0.29164
trend-decay-v2-medium-long,TSCO,2026-10-02,2026-10-03T02:11:30+00:00,252,31.09,21.701727521650394,29.0503887895724,38.88746128543844,down,-0.0010971482634686374,0.29164
trend-decay-v2-medium-long,TSLA,2026-10-02,2026-10-03T02:11:30+00:00,126,370.589996,255.2867362260164,372.99231800912645,544.9686550524484,neutral,0.00011861657726674644,0.536228
trend-decay-v2-medium-long,TSLA,2026-10-02,2026-10-03T02:11:30+00:00,252,370.589996,218.37293099793635,373.31863110324366,638.2054757973493,neutral,0.00011861657726674644,0.536228
trend-decay-v2-medium-long,TSN,2026-10-02,2026-10-03T02:11:30+00:00,126,51.889999,40.780962373560804,49.311099376805906,59.62548160279997,down,-0.0009358041243240835,0.268607
trend-decay-v2-medium-long,TSN,2026-10-02,2026-10-03T02:11:30+00:00,252,51.889999,37.43638995624472,48.97207437089277,64.06237543180097,down,-0.0009358041243240835,0.268607
trend-decay-v2-medium-long,TT,2026-10-02,2026-10-03T02:11:30+00:00,126,463.910004,387.69519052392195,474.7427153290705,581.334644501122,up,0.00042373390764281467,0.286454
trend-decay-v2-medium-long,TT,2026-10-02,2026-10-03T02:11:30+00:00,252,463.910004,357.60995182242476,476.22806726481764,634.1914448829443,up,0.00042373390764281467,0.286454
trend-decay-v2-medium-long,TTWO,2026-10-02,2026-10-03T02:11:30+00:00,126,202.729996,151.18543670621338,192.71199007269107,245.64476530860654,down,-0.0009303216966422085,0.343215
trend-decay-v2-medium-long,TTWO,2026-10-02,2026-10-03T02:11:30+00:00,252,202.729996,135.79185594067206,191.39478697151569,269.76554835421433,down,-0.0009303216966422085,0.343215
trend-decay-v2-medium-long,TXN,2026-10-02,2026-10-03T02:11:30+00:00,126,293.799988,232.24281129145982,316.4061509136542,431.06975746325514,up,0.0013607890054365965,0.437336
trend-decay-v2-medium-long,TXN,2026-10-02,2026-10-03T02:11:30+00:00,252,293.799988,206.3807442466029,319.596331647244,494.91930836496385,up,0.0013607890054365965,0.437336
trend-decay-v2-medium-long,TXT,2026-10-02,2026-10-03T02:11:30+00:00,126,77.260002,61.983571417988856,74.7449952672909,90.13379174027293,down,-0.000607522867272967,0.264759
trend-decay-v2-medium-long,TXT,2026-10-02,2026-10-03T02:11:30+00:00,252,77.260002,57.10230331771433,74.41097572634519,96.96619902947138,down,-0.000607522867272967,0.264759
trend-decay-v2-medium-long,TYL,2026-10-02,2026-10-03T02:11:30+00:00,126,322.809998,222.97616135985209,301.5271800564823,407.75049565089785,down,-0.001252045029109235,0.426803
trend-decay-v2-medium-long,TYL,2026-10-02,2026-10-03T02:11:30+00:00,252,322.809998,194.96631267212294,298.7567771807353,457.80017423585224,down,-0.001252045029109235,0.426803
trend-decay-v2-medium-long,UAL,2026-10-02,2026-10-03T02:11:30+00:00,126,112.510002,83.64151442986018,113.44504787235965,153.86831496880976,neutral,0.0001519340284979398,0.431022
trend-decay-v2-medium-long,UAL,2026-10-02,2026-10-03T02:11:30+00:00,252,112.510002,73.80427477578938,113.57218815343353,174.76822258797066,neutral,0.0001519340284979398,0.431022
trend-decay-v2-medium-long,UBER,2026-10-02,2026-10-03T02:11:30+00:00,126,68.110001,49.085191120893036,64.16787972059257,83.88511267472322,down,-0.0010944932402547904,0.378932
trend-decay-v2-medium-long,UBER,2026-10-02,2026-10-03T02:11:30+00:00,252,68.110001,43.57579803983001,63.65220108064646,92.97827887644706,down,-0.0010944932402547904,0.378932
trend-decay-v2-medium-long,UDR,2026-10-02,2026-10-03T02:11:30+00:00,126,33.27,27.14016992551291,31.22993299435555,35.9359840969568,down,-0.0011616405439648144,0.198502
trend-decay-v2-medium-long,UDR,2026-10-02,2026-10-03T02:11:30+00:00,252,33.27,25.388876261779775,30.963625223536834,37.76244671478177,down,-0.0011616405439648144,0.198502
trend-decay-v2-medium-long,UHS,2026-10-02,2026-10-03T02:11:30+00:00,126,175.720001,146.78825135829817,181.2940753103348,223.9112561018412,up,0.0005732768646299669,0.298582
trend-decay-v2-medium-long,UHS,2026-10-02,2026-10-03T02:11:30+00:00,252,175.720001,135.06616527925777,182.06190590048683,245.40962950702846,up,0.0005732768646299669,0.298582
trend-decay-v2-medium-long,ULTA,2026-10-02,2026-10-03T02:11:30+00:00,126,543.690002,434.3318484615402,549.3469716467085,694.8191718529529,neutral,0.0001900179295995459,0.332229
trend-decay-v2-medium-long,ULTA,2026-10-02,2026-10-03T02:11:30+00:00,252,543.690002,394.61164570786264,550.1170676467931,766.9028306892577,neutral,0.0001900179295995459,0.332229
trend-decay-v2-medium-long,UNH,2026-10-02,2026-10-03T02:11:30+00:00,126,371.899994,303.1734747770912,359.3244546190063,425.8751982909376,down,-0.0006314812337665653,0.240304
trend-decay-v2-medium-long,UNH,2026-10-02,2026-10-03T02:11:30+00:00,252,371.899994,281.2562917546614,357.6555326727226,454.80753249420917,down,-0.0006314812337665653,0.240304
trend-decay-v2-medium-long,UNP,2026-10-02,2026-10-03T02:11:30+00:00,126,278.279999,233.55915927200186,273.9152320599402,321.2443245142523,neutral,-0.00029021453600564743,0.225402
trend-decay-v2-medium-long,UNP,2026-10-02,2026-10-03T02:11:30+00:00,252,278.279999,218.17056300195512,273.3298085521186,342.434759369752,neutral,-0.00029021453600564743,0.225402
trend-decay-v2-medium-long,UPS,2026-10-02,2026-10-03T02:11:30+00:00,126,93.019997,70.25517892695959,87.32473087487965,108.54158709492552,down,-0.0011598363478893224,0.307591
trend-decay-v2-medium-long,UPS,2026-10-02,2026-10-03T02:11:30+00:00,252,93.019997,63.655906655342434,86.58123616933685,117.7629987614251,down,-0.0011598363478893224,0.307591
trend-decay-v2-medium-long,URI,2026-10-02,2026-10-03T02:11:30+00:00,126,1081.040039,880.2678936167788,1142.016085656091,1481.5952613455634,up,0.0010073015303562122,0.368154
trend-decay-v2-medium-long,URI,2026-10-02,2026-10-03T02:11:30+00:00,252,1081.040039,796.1778112297494,1150.528339885029,1662.5877312933833,up,0.0010073015303562122,0.368154
trend-decay-v2-medium-long,USB,2026-10-02,2026-10-03T02:11:30+00:00,126,57.509998,47.11059762352741,54.96504629072052,64.12901695461107,down,-0.0008308817381133687,0.218071
trend-decay-v2-medium-long,USB,2026-10-02,2026-10-03T02:11:30+00:00,252,57.509998,43.92576296441272,54.62938930679467,67.9412257096405,down,-0.0008308817381133687,0.218071
trend-decay-v2-medium-long,V,2026-10-02,2026-10-03T02:11:30+00:00,126,360.660004,308.27219607974286,355.133437059264,409.11817452684573,neutral,-0.00028347715061455986,0.200126
trend-decay-v2-medium-long,V,2026-10-02,2026-10-03T02:11:30+00:00,252,360.660004,290.11509889592287,354.39203255844717,432.90994925418727,neutral,-0.00028347715061455986,0.200126
trend-decay-v2-medium-long,VEEV,2026-10-02,2026-10-03T02:11:30+00:00,126,273.329987,202.5103517609617,282.67602501150526,394.57605214485,up,0.0006172067576375811,0.471655
trend-decay-v2-medium-long,VEEV,2026-10-02,2026-10-03T02:11:30+00:00,252,273.329987,177.18540120303035,283.9651867523903,455.0952095366014,up,0.0006172067576375811,0.471655
trend-decay-v2-medium-long,VICI,2026-10-02,2026-10-03T02:11:30+00:00,126,22.65,17.97661296297014,20.97689785218438,24.477928317608658,down,-0.0014087141588862864,0.218284
trend-decay-v2-medium-long,VICI,2026-10-02,2026-10-03T02:11:30+00:00,252,22.65,16.68904230078294,20.76017222797691,25.824414796710343,down,-0.0014087141588862864,0.218284
trend-decay-v2-medium-long,VLO,2026-10-02,2026-10-03T02:11:30+00:00,126,406.299988,349.2741854622504,448.9067125245395,576.9600071728452,up,0.0018306632591090313,0.354908
trend-decay-v2-medium-long,VLO,2026-10-02,2026-10-03T02:11:30+00:00,252,406.299988,319.0676609068239,455.006262890324,648.8614317133101,up,0.0018306632591090313,0.354908
trend-decay-v2-medium-long,VLTO,2026-10-02,2026-10-03T02:11:30+00:00,126,94.68,79.31619690740966,93.96075188022324,111.30920591418463,neutral,-0.0001399867818164625,0.239617
trend-decay-v2-medium-long,VLTO,2026-10-02,2026-10-03T02:11:30+00:00,252,94.68,73.86419068782561,93.86383291779411,119.27862537958754,neutral,-0.0001399867818164625,0.239617
trend-decay-v2-medium-long,VMC,2026-10-02,2026-10-03T02:11:30+00:00,126,243.059998,184.25125326708954,228.3965358687237,283.11871247472686,down,-0.0011422907776261141,0.303749
trend-decay-v2-medium-long,VMC,2026-10-02,2026-10-03T02:11:30+00:00,252,243.059998,167.1535868831202,226.48122999349192,306.8659697696552,down,-0.0011422907776261141,0.303749
trend-decay-v2-medium-long,VMRK,2026-10-02,2026-10-03T02:11:30+00:00,126,59.790001,48.59862338462017,56.77385755439712,66.32432519944652,down,-0.0009502256286277237,0.219883
trend-decay-v2-medium-long,VMRK,2026-10-02,2026-10-03T02:11:30+00:00,252,59.790001,45.249321535888534,56.37753008382629,70.24250951103956,down,-0.0009502256286277237,0.219883
trend-decay-v2-medium-long,VRSK,2026-10-02,2026-10-03T02:11:30+00:00,126,163.880005,116.84435979843536,151.46756140399464,196.35027482071158,down,-0.0014458856505672724,0.367029
trend-decay-v2-medium-long,VRSK,2026-10-02,2026-10-03T02:11:30+00:00,252,163.880005,103.82253769593834,149.86158079040126,216.31616694605768,down,-0.0014458856505672724,0.367029
trend-decay-v2-medium-long,VRSN,2026-10-02,2026-10-03T02:11:30+00:00,126,288.320007,233.75248537737036,291.29413297578924,363.000512140571,neutral,0.00018839349736605556,0.311227
trend-decay-v2-medium-long,VRSN,2026-10-02,2026-10-03T02:11:30+00:00,252,288.320007,213.68338381051566,291.69898712634506,398.19801415157247,neutral,0.00018839349736605556,0.311227
trend-decay-v2-medium-long,VRT,2026-10-02,2026-10-03T02:11:30+00:00,126,252.179993,148.09218381967398,244.6468407558548,404.1541906404735,down,-0.0005567326531602754,0.709908
trend-decay-v2-medium-long,VRT,2026-10-02,2026-10-03T02:11:30+00:00,252,252.179993,119.79756248454949,243.6447785499986,495.52575931863385,down,-0.0005567326531602754,0.709908
trend-decay-v2-medium-long,VRTX,2026-10-02,2026-10-03T02:11:30+00:00,126,504.730011,395.0822153652576,482.68872282026445,589.7213138851564,down,-0.0008196896801276225,0.283236
trend-decay-v2-medium-long,VRTX,2026-10-02,2026-10-03T02:11:30+00:00,252,504.730011,361.43890841289107,479.78065591122083,636.8696685074187,down,-0.0008196896801276225,0.283236
trend-decay-v2-medium-long,VST,2026-10-02,2026-10-03T02:11:30+00:00,126,140.020004,102.54684960456441,136.718992340758,182.27847016999192,down,-0.0004379645955450129,0.406739
trend-decay-v2-medium-long,VST,2026-10-02,2026-10-03T02:11:30+00:00,252,140.020004,90.73651703445599,136.27826880406104,204.6779748133768,down,-0.0004379645955450129,0.406739
trend-decay-v2-medium-long,VTR,2026-10-02,2026-10-03T02:11:30+00:00,126,84.010002,66.3830750503438,79.93467097014246,96.25272131878808,down,-0.0009128444235797395,0.262715
trend-decay-v2-medium-long,VTR,2026-10-02,2026-10-03T02:11:30+00:00,252,84.010002,61.05438242745378,79.3985401619028,103.25431081596808,down,-0.0009128444235797395,0.262715
trend-decay-v2-medium-long,VTRS,2026-10-02,2026-10-03T02:11:30+00:00,126,17.6,14.798693613254237,18.05877818880642,22.037044498335064,up,0.0004723913939965412,0.28156
trend-decay-v2-medium-long,VTRS,2026-10-02,2026-10-03T02:11:30+00:00,252,17.6,13.674796600876682,18.121778996386098,24.014900080693476,up,0.0004723913939965412,0.28156
trend-decay-v2-medium-long,VZ,2026-10-02,2026-10-03T02:11:30+00:00,126,45.919998,36.72997582591637,44.34526976628504,53.53945670873667,down,-0.0006405760727198768,0.266456
trend-decay-v2-medium-long,VZ,2026-10-02,2026-10-03T02:11:30+00:00,252,45.919998,33.81239891940876,44.13634387319679,57.61250052491511,down,-0.0006405760727198768,0.266456
trend-decay-v2-medium-long,WAB,2026-10-02,2026-10-03T02:11:30+00:00,126,287.540009,240.1685687581328,294.76587461085757,361.7747371539081,up,0.0004556199200601571,0.289688
trend-decay-v2-medium-long,WAB,2026-10-02,2026-10-03T02:11:30+00:00,252,287.540009,221.37372445196524,295.7576397039823,395.1353380344415,up,0.0004556199200601571,0.289688
trend-decay-v2-medium-long,WAT,2026-10-02,2026-10-03T02:11:30+00:00,126,425.209991,364.7543209985557,440.22757546938084,531.317402006642,up,0.0006371616749177114,0.265968
trend-decay-v2-medium-long,WAT,2026-10-02,2026-10-03T02:11:30+00:00,252,425.209991,339.00712248189234,442.30032400986977,577.0662727880743,up,0.0006371616749177114,0.265968
trend-decay-v2-medium-long,WBD,2026-10-02,2026-10-03T02:11:30+00:00,126,30.940001,27.269537223593105,32.79368613523779,39.436894052094466,up,0.0010681472763765555,0.260874
trend-decay-v2-medium-long,WBD,2026-10-02,2026-10-03T02:11:30+00:00,252,30.940001,25.463260192688967,33.0529439009684,42.90483984585143,up,0.0010681472763765555,0.260874
trend-decay-v2-medium-long,WDAY,2026-10-02,2026-10-03T02:11:30+00:00,126,186.139999,120.08016235209209,186.68891366205796,290.245697554323,neutral,5.405517397679068e-05,0.62407
trend-decay-v2-medium-long,WDAY,2026-10-02,2026-10-03T02:11:30+00:00,252,186.139999,100.06021711220514,186.7633254361688,348.5954831465346,neutral,5.405517397679068e-05,0.62407
trend-decay-v2-medium-long,WDC,2026-10-02,2026-10-03T02:11:30+00:00,126,415.290009,204.5441227941975,393.103366223114,755.486172982954,down,-0.0010079050774486377,0.92389
trend-decay-v2-medium-long,WDC,2026-10-02,2026-10-03T02:11:30+00:00,252,415.290009,154.8957143696593,390.1932307806741,982.9242724153964,down,-0.0010079050774486377,0.92389
trend-decay-v2-medium-long,WEC,2026-10-02,2026-10-03T02:11:30+00:00,126,101.589996,86.81667912106441,98.08697467876777,110.82034810634524,down,-0.0006441708532809985,0.172613
trend-decay-v2-medium-long,WEC,2026-10-02,2026-10-03T02:11:30+00:00,252,101.589996,82.14554403668308,97.62226586067447,116.01489652946272,down,-0.0006441708532809985,0.172613
trend-decay-v2-medium-long,WELL,2026-10-02,2026-10-03T02:11:30+00:00,126,227.710007,189.2399152114033,223.29587402342557,263.4806050308407,neutral,-0.0003593509386105948,0.234027
trend-decay-v2-medium-long,WELL,2026-10-02,2026-10-03T02:11:30+00:00,252,227.710007,176.23555147700165,222.7050969115548,281.42766754332985,down,-0.0003593509386105948,0.234027
trend-decay-v2-medium-long,WFC,2026-10-02,2026-10-03T02:11:30+00:00,126,80.449997,64.17244865829092,76.15576521494292,90.37680027383843,down,-0.0010069973695684326,0.242123
trend-decay-v2-medium-long,WFC,2026-10-02,2026-10-03T02:11:30+00:00,252,80.449997,59.33705362936734,75.59249163658657,96.30112117665553,down,-0.0010069973695684326,0.242123
trend-decay-v2-medium-long,WM,2026-10-02,2026-10-03T02:11:30+00:00,126,204.449997,168.10046119492182,195.2881577359915,226.8730512743507,down,-0.0008416370333623894,0.212011
trend-decay-v2-medium-long,WM,2026-10-02,2026-10-03T02:11:30+00:00,252,204.449997,157.0022994774049,194.08019532186265,239.91446202731092,down,-0.0008416370333623894,0.212011
trend-decay-v2-medium-long,WMB,2026-10-02,2026-10-03T02:11:30+00:00,126,70.540001,57.152857271471355,68.29753156151241,81.6153914272307,down,-0.0005930606717771411,0.251934
trend-decay-v2-medium-long,WMB,2026-10-02,2026-10-03T02:11:30+00:00,252,70.540001,52.85579945923148,67.99957401177832,87.48220844431346,down,-0.0005930606717771411,0.251934
trend-decay-v2-medium-long,WMT,2026-10-02,2026-10-03T02:11:30+00:00,126,104.260002,84.77838055680382,102.29977996568464,123.44237896848587,neutral,-0.0003484289613935448,0.265684
trend-decay-v2-medium-long,WMT,2026-10-02,2026-10-03T02:11:30+00:00,252,104.260002,78.23012636480286,102.0373396192902,133.08963132733402,down,-0.0003484289613935448,0.265684
trend-decay-v2-medium-long,WRB,2026-10-02,2026-10-03T02:11:30+00:00,126,68.980003,59.67403313179446,69.2923697611408,80.46100213321174,neutral,8.294149257206272e-05,0.211337
trend-decay-v2-medium-long,WRB,2026-10-02,2026-10-03T02:11:30+00:00,252,68.980003,56.12656669535712,69.33475253418088,85.65120213158825,neutral,8.294149257206272e-05,0.211337
trend-decay-v2-medium-long,WSM,2026-10-02,2026-10-03T02:11:30+00:00,126,232.300003,192.39277611250915,239.90743961767552,299.1566562262751,up,0.0005915409308968724,0.312137
trend-decay-v2-medium-long,WSM,2026-10-02,2026-10-03T02:11:30+00:00,252,232.300003,176.35114703707285,240.9559558506326,329.228211074162,up,0.0005915409308968724,0.312137
trend-decay-v2-medium-long,WST,2026-10-02,2026-10-03T02:11:30+00:00,126,364.980011,319.66035667922466,380.40950876536846,452.7036003539379,up,0.0007601026689408282,0.246058
trend-decay-v2-medium-long,WST,2026-10-02,2026-10-03T02:11:30+00:00,252,364.980011,299.1047913058742,382.54717713821526,489.26779841103456,up,0.0007601026689408282,0.246058
trend-decay-v2-medium-long,WTW,2026-10-02,2026-10-03T02:11:30+00:00,126,288.609985,218.28548998795537,268.81537881820765,331.04219567303244,down,-0.0013043210366597707,0.294469
trend-decay-v2-medium-long,WTW,2026-10-02,2026-10-03T02:11:30+00:00,252,288.609985,198.33153612795823,266.2429014098497,357.40802463911564,down,-0.0013043210366597707,0.294469
trend-decay-v2-medium-long,WY,2026-10-02,2026-10-03T02:11:30+00:00,126,18.469999,13.16453225634842,16.22329273250567,19.992751885100123,down,-0.0023809523809523807,0.29546
trend-decay-v2-medium-long,WY,2026-10-02,2026-10-03T02:11:30+00:00,252,18.469999,11.863127803440461,15.941010827945401,21.420643056966444,down,-0.0023809523809523807,0.29546
trend-decay-v2-medium-long,WYNN,2026-10-02,2026-10-03T02:11:30+00:00,126,75.879997,56.34080265745509,67.61773064014108,81.1517990739466,down,-0.002116296384903286,0.258025
trend-decay-v2-medium-long,WYNN,2026-10-02,2026-10-03T02:11:30+00:00,252,75.879997,51.431117929505646,66.5709566745138,86.16752757803783,down,-0.002116296384903286,0.258025
trend-decay-v2-medium-long,XEL,2026-10-02,2026-10-03T02:11:30+00:00,126,71.400002,60.213012127561406,68.60920799280508,78.17618244089375,down,-0.0007319314580448542,0.184609
trend-decay-v2-medium-long,XEL,2026-10-02,2026-10-03T02:11:30+00:00,252,71.400002,56.7367290918759,68.23999162217129,82.07551847152212,down,-0.0007319314580448542,0.184609
trend-decay-v2-medium-long,XOM,2026-10-02,2026-10-03T02:11:30+00:00,126,164.009995,139.36791212936066,166.8121072400261,199.66058683601244,neutral,0.00031098762301608326,0.254206
trend-decay-v2-medium-long,XOM,2026-10-02,2026-10-03T02:11:30+00:00,252,164.009995,129.66507078552553,167.1949918761152,215.58747578746357,neutral,0.00031098762301608326,0.254206
trend-decay-v2-medium-long,XYL,2026-10-02,2026-10-03T02:11:30+00:00,126,101.790001,80.80248511645046,97.66640035823862,118.0499058313465,down,-0.0007591580737334145,0.268064
trend-decay-v2-medium-long,XYL,2026-10-02,2026-10-03T02:11:30+00:00,252,101.790001,74.28409765500481,97.12131818332429,126.97940398325626,down,-0.0007591580737334145,0.268064
trend-decay-v2-medium-long,XYZ,2026-10-02,2026-10-03T02:11:30+00:00,126,74.330002,53.790887002072424,70.99063865664134,93.6900478455329,down,-0.0008438291820247961,0.392365
trend-decay-v2-medium-long,XYZ,2026-10-02,2026-10-03T02:11:30+00:00,252,74.330002,47.65378733072127,70.55038315276408,104.44828925051743,down,-0.0008438291820247961,0.392365
trend-decay-v2-medium-long,YUM,2026-10-02,2026-10-03T02:11:30+00:00,126,136.119995,103.65591512455312,126.90985474043647,155.38053193477248,down,-0.0012861170770983009,0.286237
trend-decay-v2-medium-long,YUM,2026-10-02,2026-10-03T02:11:30+00:00,252,136.119995,94.42052435821442,125.71223786427184,167.37427435678478,down,-0.0012861170770983009,0.286237
trend-decay-v2-medium-long,ZBH,2026-10-02,2026-10-03T02:11:30+00:00,126,88.290001,66.82920900542422,83.42838791892358,104.15050565966534,down,-0.0010397319050552542,0.313741
trend-decay-v2-medium-long,ZBH,2026-10-02,2026-10-03T02:11:30+00:00,252,88.290001,60.496316780990725,82.79134140589011,113.30286828206472,down,-0.0010397319050552542,0.313741
trend-decay-v2-medium-long,ZBRA,2026-10-02,2026-10-03T02:11:30+00:00,126,375.859985,269.5918581115702,406.97029148235055,614.3539323086151,up,0.0014598464311563896,0.582417
trend-decay-v2-medium-long,ZBRA,2026-10-02,2026-10-03T02:11:30+00:00,252,375.859985,229.77154291740652,411.3738960170868,736.5075769417958,up,0.0014598464311563896,0.582417
trend-decay-v2-medium-long,ZTS,2026-10-02,2026-10-03T02:11:30+00:00,126,69.690002,52.637143960377756,65.40508304344813,81.27007975851518,down,-0.001164904898311294,0.307136
trend-decay-v2-medium-long,ZTS,2026-10-02,2026-10-03T02:11:30+00:00,252,69.690002,47.69735864942238,64.84579210904239,88.15953070181317,down,-0.001164904898311294,0.307136
trend-decay-v2-medium-long,HUBB,2026-10-02,2026-10-04T01:27:08+00:00,126,475.519989,380.59676994712805,485.14327715627,618.4077689430255,up,0.0003677973042638273,0.343235
trend-decay-v2-medium-long,HUBB,2026-10-02,2026-10-04T01:27:08+00:00,252,475.519989,345.12986042638823,486.46052291244763,685.6660853972243,up,0.0003677973042638273,0.343235
