model,symbol,asOf,issuedAt,horizon,anchor,bear,base,bull,direction,dailyDrift,volatility
trend-decay-v1,A,2026-09-09,2026-09-11T03:22:58+00:00,21,144.75,128.93798080390255,144.7773519546623,162.5625087993448,neutral,1.0579937967412233e-05,0.40137
trend-decay-v1,A,2026-09-09,2026-09-11T03:22:58+00:00,84,144.75,114.86618911735,144.8210663973051,182.58759547621088,neutral,1.0579937967412233e-05,0.40137
trend-decay-v1,A,2026-09-09,2026-09-11T03:22:58+00:00,252,144.75,96.95941069730229,144.8447449801038,216.37920442656974,neutral,1.0579937967412233e-05,0.40137
trend-decay-v1,AAPL,2026-09-09,2026-09-11T03:22:58+00:00,21,315.339996,292.1625978322739,317.77727651131687,345.6376627816077,neutral,0.00043112960844051925,0.291124
trend-decay-v1,AAPL,2026-09-09,2026-09-11T03:22:58+00:00,84,315.339996,271.9375513305383,321.71078831384165,380.5941136526324,up,0.00043112960844051925,0.291124
trend-decay-v1,AAPL,2026-09-09,2026-09-11T03:22:58+00:00,252,315.339996,242.0613243259605,323.86122312923885,433.30380075722775,up,0.00043112960844051925,0.291124
trend-decay-v1,ABBV,2026-09-09,2026-09-11T03:22:58+00:00,21,250.910004,233.15611660715365,252.4037839323257,273.2403981950756,neutral,0.00033237887882843053,0.274779
trend-decay-v1,ABBV,2026-09-09,2026-09-11T03:22:58+00:00,84,250.910004,217.42865530848852,254.80906621725927,298.61593051933306,neutral,0.00033237887882843053,0.274779
trend-decay-v1,ABBV,2026-09-09,2026-09-11T03:22:58+00:00,252,250.910004,194.58550236625618,256.1211737152435,337.11687061764127,up,0.00033237887882843053,0.274779
trend-decay-v1,ABNB,2026-09-09,2026-09-11T03:22:58+00:00,21,169.630005,148.99456339904881,169.18972132650632,192.12218989410195,neutral,-0.00014552864605649966,0.440325
trend-decay-v1,ABNB,2026-09-09,2026-09-11T03:22:58+00:00,84,169.630005,130.66624196925426,168.48859434642975,217.2589185775737,neutral,-0.00014552864605649966,0.440325
trend-decay-v1,ABNB,2026-09-09,2026-09-11T03:22:58+00:00,252,169.630005,108.23385850432628,168.1101202987451,261.11064446370915,neutral,-0.00014552864605649966,0.440325
trend-decay-v1,ABT,2026-09-09,2026-09-11T03:22:58+00:00,21,105.230003,96.0303397859964,105.12847534400335,115.08858921861663,neutral,-5.405162102133545e-05,0.313567
trend-decay-v1,ABT,2026-09-09,2026-09-11T03:22:58+00:00,84,105.230003,87.58439387792635,104.96645488750103,125.79817206940352,neutral,-5.405162102133545e-05,0.313567
trend-decay-v1,ABT,2026-09-09,2026-09-11T03:22:58+00:00,252,105.230003,76.64915464620405,104.87881874847159,143.50538727852094,neutral,-5.405162102133545e-05,0.313567
trend-decay-v1,ACGL,2026-09-09,2026-09-11T03:22:58+00:00,21,96.120003,89.83322530269477,95.98109863864974,102.54971103220385,neutral,-8.09786351492569e-05,0.229311
trend-decay-v1,ACGL,2026-09-09,2026-09-11T03:22:58+00:00,84,96.120003,83.88508293396949,95.7595698674416,109.31496877002023,neutral,-8.09786351492569e-05,0.229311
trend-decay-v1,ACGL,2026-09-09,2026-09-11T03:22:58+00:00,252,96.120003,76.04142275952381,95.63981690001484,120.28936656794406,neutral,-8.09786351492569e-05,0.229311
trend-decay-v1,ACN,2026-09-09,2026-09-11T03:22:58+00:00,21,175.800003,148.62844267313127,175.2694143435721,206.68565889436002,neutral,-0.00016925817094339473,0.571143
trend-decay-v1,ACN,2026-09-09,2026-09-11T03:22:58+00:00,84,175.800003,125.42964187156215,174.4249465906165,242.5587886497607,neutral,-0.00016925817094339473,0.571143
trend-decay-v1,ACN,2026-09-09,2026-09-11T03:22:58+00:00,252,175.800003,98.27169514058008,173.9693339565945,307.9760567272785,neutral,-0.00016925817094339473,0.571143
trend-decay-v1,ADBE,2026-09-09,2026-09-11T03:22:58+00:00,21,254.860001,218.37982948085153,252.5973117630278,292.1762603331596,neutral,-0.0004993587040938833,0.504237
trend-decay-v1,ADBE,2026-09-09,2026-09-11T03:22:58+00:00,84,254.860001,186.1264111592784,249.02354256357017,333.1753100737682,down,-0.0004993587040938833,0.504237
trend-decay-v1,ADBE,2026-09-09,2026-09-11T03:22:58+00:00,252,254.860001,149.24570624677483,247.1093578538155,409.1443316832079,down,-0.0004993587040938833,0.504237
trend-decay-v1,ADI,2026-09-09,2026-09-11T03:22:58+00:00,21,365.070007,320.46946695022956,361.7218487581211,408.2844369361201,neutral,-0.0005159211668612956,0.419463
trend-decay-v1,ADI,2026-09-09,2026-09-11T03:22:58+00:00,84,365.070007,279.7724886455905,356.43568195101074,454.1061059396073,down,-0.0005159211668612956,0.419463
trend-decay-v1,ADI,2026-09-09,2026-09-11T03:22:58+00:00,252,365.070007,232.4600577170353,353.6053340043204,537.8848025087794,down,-0.0005159211668612956,0.419463
trend-decay-v1,ADM,2026-09-09,2026-09-11T03:22:58+00:00,21,86.550003,81.08877198560482,87.8837832561007,95.24819738022919,neutral,0.0008563405137206506,0.278759
trend-decay-v1,ADM,2026-09-09,2026-09-11T03:22:58+00:00,84,86.550003,76.66990540021634,90.0577244403171,105.78327557640634,up,0.0008563405137206506,0.278759
trend-decay-v1,ADM,2026-09-09,2026-09-11T03:22:58+00:00,252,86.550003,69.0564751293745,91.25736029354837,120.59558198046606,up,0.0008563405137206506,0.278759
trend-decay-v1,ADP,2026-09-09,2026-09-11T03:22:58+00:00,21,265.220001,243.00270490695846,265.58911985776547,290.2748782727753,neutral,7.78775493956988e-05,0.307882
trend-decay-v1,ADP,2026-09-09,2026-09-11T03:22:58+00:00,84,265.220001,222.83173191017485,266.1799747467976,317.9609041712546,neutral,7.78775493956988e-05,0.307882
trend-decay-v1,ADP,2026-09-09,2026-09-11T03:22:58+00:00,252,265.220001,195.87840770621153,266.50049416351555,362.5846984417048,neutral,7.78775493956988e-05,0.307882
trend-decay-v1,ADSK,2026-09-09,2026-09-11T03:22:58+00:00,21,206.619995,174.54333898610022,199.23637591642992,227.42279206354655,down,-0.002037648112674366,0.458366
trend-decay-v1,ADSK,2026-09-09,2026-09-11T03:22:58+00:00,84,206.619995,144.27341519567597,187.98232630897962,244.93323982528685,down,-0.002037648112674366,0.458366
trend-decay-v1,ADSK,2026-09-09,2026-09-11T03:22:58+00:00,252,206.619995,115.17983784362409,182.15549933197252,288.07668562555625,down,-0.002037648112674366,0.458366
trend-decay-v1,AEE,2026-09-09,2026-09-11T03:22:58+00:00,21,106.25,100.18724133631957,106.04730972469454,112.25014033566785,neutral,-0.00010692343544894378,0.196915
trend-decay-v1,AEE,2026-09-09,2026-09-11T03:22:58+00:00,84,106.25,94.36265017593213,105.72424775263327,118.45382195201543,neutral,-0.00010692343544894378,0.196915
trend-decay-v1,AEE,2026-09-09,2026-09-11T03:22:58+00:00,252,106.25,86.68379944780031,105.54970809680759,128.5216032325634,neutral,-0.00010692343544894378,0.196915
trend-decay-v1,AEP,2026-09-09,2026-09-11T03:22:58+00:00,21,124.669998,117.64108726423346,124.77998212582527,132.3520914453079,neutral,4.937770630051458e-05,0.204083
trend-decay-v1,AEP,2026-09-09,2026-09-11T03:22:58+00:00,84,124.669998,111.06700346680414,124.95591923914523,140.58164230177067,neutral,4.937770630051458e-05,0.204083
trend-decay-v1,AEP,2026-09-09,2026-09-11T03:22:58+00:00,252,124.669998,101.96616571746526,125.05129956147393,153.3629063325166,neutral,4.937770630051458e-05,0.204083
trend-decay-v1,AES,2026-09-09,2026-09-11T03:22:58+00:00,21,14.82,14.661090343810272,14.844423086660253,15.030048353041071,neutral,9.220385782434378e-05,0.043049
trend-decay-v1,AES,2026-09-09,2026-09-11T03:22:58+00:00,84,14.82,14.518169250494905,14.883530536642349,15.25808643039576,neutral,9.220385782434378e-05,0.043049
trend-decay-v1,AES,2026-09-09,2026-09-11T03:22:58+00:00,252,14.82,14.276731872352117,14.904751731111876,15.560397586249728,neutral,9.220385782434378e-05,0.043049
trend-decay-v1,AFL,2026-09-09,2026-09-11T03:22:58+00:00,21,114.739998,107.62777424043331,113.72442100638189,120.16641637821839,neutral,-0.0004978304905351042,0.19087
trend-decay-v1,AFL,2026-09-09,2026-09-11T03:22:58+00:00,84,114.739998,100.42124581669533,112.12032696198818,125.18235176059896,down,-0.0004978304905351042,0.19087
trend-decay-v1,AFL,2026-09-09,2026-09-11T03:22:58+00:00,252,114.739998,91.92838041208796,111.26111209956719,134.65955790954735,down,-0.0004978304905351042,0.19087
trend-decay-v1,AIG,2026-09-09,2026-09-11T03:22:58+00:00,21,75.029999,70.17952865745782,74.65733409876636,79.42084595551805,neutral,-0.0002788166393720202,0.214262
trend-decay-v1,AIG,2026-09-09,2026-09-11T03:22:58+00:00,84,75.029999,65.44751675058116,74.06571753124369,83.81877244210747,neutral,-0.0002788166393720202,0.214262
trend-decay-v1,AIG,2026-09-09,2026-09-11T03:22:58+00:00,252,75.029999,59.52416082150672,73.74729336101407,91.36900382996114,neutral,-0.0002788166393720202,0.214262
trend-decay-v1,AIZ,2026-09-09,2026-09-11T03:22:58+00:00,21,280.440002,263.703161432797,281.0488849684748,299.5355660995845,neutral,0.00012144431281076777,0.220679
trend-decay-v1,AIZ,2026-09-09,2026-09-11T03:22:58+00:00,84,280.440002,248.28690130164443,282.0245200414581,320.3464600332826,neutral,0.00012144431281076777,0.220679
trend-decay-v1,AIZ,2026-09-09,2026-09-11T03:22:58+00:00,252,280.440002,226.60120455948027,282.55427735915265,352.3234565727857,neutral,0.00012144431281076777,0.220679
trend-decay-v1,AJG,2026-09-09,2026-09-11T03:22:58+00:00,21,244.279999,221.82972844066222,244.2929226800949,269.0308124663576,neutral,2.9623826564398765e-06,0.33414
trend-decay-v1,AJG,2026-09-09,2026-09-11T03:22:58+00:00,84,244.279999,201.4490952139466,244.3135739153993,296.2987862314455,neutral,2.9623826564398765e-06,0.33414
trend-decay-v1,AJG,2026-09-09,2026-09-11T03:22:58+00:00,252,244.279999,174.92517588490438,244.3247580924897,341.25783847278154,neutral,2.9623826564398765e-06,0.33414
trend-decay-v1,AKAM,2026-09-09,2026-09-11T03:22:58+00:00,21,110.75,93.53660446894135,109.10935577965829,127.27478815638464,neutral,-0.000835722074556628,0.533464
trend-decay-v1,AKAM,2026-09-09,2026-09-11T03:22:58+00:00,84,110.75,78.29688762876127,106.53818195382296,144.96596937342989,down,-0.000835722074556628,0.533464
trend-decay-v1,AKAM,2026-09-09,2026-09-11T03:22:58+00:00,252,110.75,61.69020989327503,105.17117339571998,179.29872069763175,down,-0.000835722074556628,0.533464
trend-decay-v1,ALB,2026-09-09,2026-09-11T03:22:58+00:00,21,125.910004,108.52516228694402,124.0763741800075,141.85601113364382,neutral,-0.0008214619613231281,0.463896
trend-decay-v1,ALB,2026-09-09,2026-09-11T03:22:58+00:00,84,125.910004,92.7239240956368,121.20180916281578,158.4259800004609,down,-0.0008214619613231281,0.463896
trend-decay-v1,ALB,2026-09-09,2026-09-11T03:22:58+00:00,252,125.910004,75.25385767202972,119.67301721481701,190.3109221551699,down,-0.0008214619613231281,0.463896
trend-decay-v1,ALGN,2026-09-09,2026-09-11T03:22:58+00:00,21,152.919998,131.88867034241576,148.91970282199125,168.1499846121201,down,-0.001484312880771227,0.420712
trend-decay-v1,ALGN,2026-09-09,2026-09-11T03:22:58+00:00,84,152.919998,111.96142780039153,142.74396968980764,181.98982706018575,down,-0.001484312880771227,0.420712
trend-decay-v1,ALGN,2026-09-09,2026-09-11T03:22:58+00:00,252,152.919998,91.59749379602522,139.50715789221852,212.47575994277838,down,-0.001484312880771227,0.420712
trend-decay-v1,ALL,2026-09-09,2026-09-11T03:22:58+00:00,21,253.580002,232.63541607532085,252.93325425278675,275.0021135483149,neutral,-0.0001429975823781544,0.289783
trend-decay-v1,ALL,2026-09-09,2026-09-11T03:22:58+00:00,84,253.580002,213.09518177922095,251.90328439619262,297.77897444594714,neutral,-0.0001429975823781544,0.289783
trend-decay-v1,ALL,2026-09-09,2026-09-11T03:22:58+00:00,252,253.580002,188.11481943865698,251.3472673274857,335.83451309956826,neutral,-0.0001429975823781544,0.289783
trend-decay-v1,ALLE,2026-09-09,2026-09-11T03:22:58+00:00,21,151.729996,137.41699829905107,150.47355322212348,164.7706651983213,neutral,-0.00046561826314563045,0.314427
trend-decay-v1,ALLE,2026-09-09,2026-09-11T03:22:58+00:00,84,151.729996,123.83703667880542,148.48753183612936,178.04485396378288,down,-0.00046561826314563045,0.314427
trend-decay-v1,ALLE,2026-09-09,2026-09-11T03:22:58+00:00,252,151.729996,107.64932125079973,147.42298718420852,201.89200357037873,down,-0.00046561826314563045,0.314427
trend-decay-v1,AMAT,2026-09-09,2026-09-11T03:22:58+00:00,21,468.850006,370.0300714209543,461.93219997033407,576.6595037803978,neutral,-0.0008323627867141328,0.768455
trend-decay-v1,AMAT,2026-09-09,2026-09-11T03:22:58+00:00,84,468.850006,289.45477761928817,451.0899554401779,702.9842435928146,down,-0.0008323627867141328,0.768455
trend-decay-v1,AMAT,2026-09-09,2026-09-11T03:22:58+00:00,252,468.850006,206.51013606193456,445.3250639324626,960.3132143933865,down,-0.0008323627867141328,0.768455
trend-decay-v1,AMCR,2026-09-09,2026-09-11T03:22:58+00:00,21,43.130001,39.024789719956736,42.71066952492462,46.74467958335862,neutral,-0.0005470816718645061,0.312641
trend-decay-v1,AMCR,2026-09-09,2026-09-11T03:22:58+00:00,84,43.130001,35.10468159239877,42.04909506721429,50.36725347637047,down,-0.0005470816718645061,0.312641
trend-decay-v1,AMCR,2026-09-09,2026-09-11T03:22:58+00:00,252,43.130001,30.50049637251755,41.69511426325105,56.998500358571846,down,-0.0005470816718645061,0.312641
trend-decay-v1,AMD,2026-09-09,2026-09-11T03:22:58+00:00,21,521.099976,435.4077197552886,535.6645017891055,659.0063645133278,up,0.0015435830216444988,0.717849
trend-decay-v1,AMD,2026-09-09,2026-09-11T03:22:58+00:00,84,521.099976,369.85226296490197,559.7856541462178,847.2571617539246,up,0.0015435830216444988,0.717849
trend-decay-v1,AMD,2026-09-09,2026-09-11T03:22:58+00:00,252,521.099976,279.65523153809227,573.2985029019309,1175.2727514587061,up,0.0015435830216444988,0.717849
trend-decay-v1,AME,2026-09-09,2026-09-11T03:22:58+00:00,21,236.270004,219.43203639872442,234.18668372801935,249.9334360451944,neutral,-0.0004959336562900502,0.22543
trend-decay-v1,AME,2026-09-09,2026-09-11T03:22:58+00:00,84,236.270004,202.71785307069115,230.89595483495788,262.99085725101764,down,-0.0004959336562900502,0.22543
trend-decay-v1,AME,2026-09-09,2026-09-11T03:22:58+00:00,252,236.270004,182.88794922448085,229.1332394441906,287.0721752899453,down,-0.0004959336562900502,0.22543
trend-decay-v1,AMGN,2026-09-09,2026-09-11T03:22:58+00:00,21,391.269989,355.49520148156375,389.17979240735855,426.0561329295174,neutral,-0.00029993528556493247,0.313604
trend-decay-v1,AMGN,2026-09-09,2026-09-11T03:22:58+00:00,84,391.269989,321.9587607244048,385.86316773148786,462.451724800953,neutral,-0.00029993528556493247,0.313604
trend-decay-v1,AMGN,2026-09-09,2026-09-11T03:22:58+00:00,252,391.269989,280.6880747667884,384.07889935652,525.5535029533442,neutral,-0.00029993528556493247,0.313604
trend-decay-v1,AMP,2026-09-09,2026-09-11T03:22:58+00:00,21,551.880005,520.3748400591662,555.480054251171,592.9535152694951,neutral,0.0003640872474438771,0.226148
trend-decay-v1,AMP,2026-09-09,2026-09-11T03:22:58+00:00,84,551.880005,492.5792049206988,561.2811162683663,639.5651467466671,neutral,0.0003640872474438771,0.226148
trend-decay-v1,AMP,2026-09-09,2026-09-11T03:22:58+00:00,252,551.880005,450.2036437586746,564.4478643378384,707.682836361779,up,0.0003640872474438771,0.226148
trend-decay-v1,AMT,2026-09-09,2026-09-11T03:22:58+00:00,21,175.429993,161.28306485019047,175.8460835566006,191.7240668195204,neutral,0.00013265506581705262,0.299465
trend-decay-v1,AMT,2026-09-09,2026-09-11T03:22:58+00:00,84,175.429993,148.48711422665133,176.51297385916857,209.82851005542219,neutral,0.00013265506581705262,0.299465
trend-decay-v1,AMT,2026-09-09,2026-09-11T03:22:58+00:00,252,175.429993,131.10247423329176,176.87517600209037,238.62881359584648,neutral,0.00013265506581705262,0.299465
trend-decay-v1,AMZN,2026-09-09,2026-09-11T03:22:58+00:00,21,252.399994,221.93211099855088,249.43449485167164,280.34504309434914,neutral,-0.0006617999106200375,0.404693
trend-decay-v1,AMZN,2026-09-09,2026-09-11T03:22:58+00:00,84,252.399994,193.76815352768617,244.76828119472233,309.19173449448357,down,-0.0006617999106200375,0.404693
trend-decay-v1,AMZN,2026-09-09,2026-09-11T03:22:58+00:00,252,252.399994,161.6433481601673,242.27788528491007,363.1363391456448,down,-0.0006617999106200375,0.404693
trend-decay-v1,ANET,2026-09-09,2026-09-11T03:22:58+00:00,21,192.929993,165.71679370140765,195.135363498874,229.77641093181637,neutral,0.0006364520835696159,0.56608
trend-decay-v1,ANET,2026-09-09,2026-09-11T03:22:58+00:00,84,192.929993,143.3125795508211,198.71160571632743,275.5257240510324,up,0.0006364520835696159,0.56608
trend-decay-v1,ANET,2026-09-09,2026-09-11T03:22:58+00:00,252,192.929993,113.93287749976636,200.67556131042892,353.4597018085345,up,0.0006364520835696159,0.56608
trend-decay-v1,AON,2026-09-09,2026-09-11T03:22:58+00:00,21,304.690002,270.9526442488096,296.69174627863293,324.8759300870024,down,-0.001489549709318825,0.314366
trend-decay-v1,AON,2026-09-09,2026-09-11T03:22:58+00:00,84,304.690002,237.1494023032704,284.3453801916169,340.93400384336616,down,-0.001489549709318825,0.314366
trend-decay-v1,AON,2026-09-09,2026-09-11T03:22:58+00:00,252,304.690002,202.9188226420736,277.87517737267694,380.5197230820461,down,-0.001489549709318825,0.314366
trend-decay-v1,AOS,2026-09-09,2026-09-11T03:22:58+00:00,21,57.830002,52.30312118620009,57.03034716990521,62.18482615485021,neutral,-0.0007796932955285947,0.29974
trend-decay-v1,AOS,2026-09-09,2026-09-11T03:22:58+00:00,84,57.830002,46.91231070987065,55.77552199285043,66.3132727103205,down,-0.0007796932955285947,0.29974
trend-decay-v1,AOS,2026-09-09,2026-09-11T03:22:58+00:00,252,57.830002,40.83529192714833,55.107548642354836,74.36807168630857,down,-0.0007796932955285947,0.29974
trend-decay-v1,APA,2026-09-09,2026-09-11T03:22:58+00:00,21,44.84,40.54373123979288,45.86903967777152,51.89381284414134,up,0.0012705288570747924,0.427502
trend-decay-v1,APA,2026-09-09,2026-09-11T03:22:58+00:00,84,44.84,37.15975541093412,47.56250432955796,60.87746792417203,up,0.0012705288570747924,0.427502
trend-decay-v1,APA,2026-09-09,2026-09-11T03:22:58+00:00,252,44.84,31.632208938386487,48.505532892368734,74.37946321597222,up,0.0012705288570747924,0.427502
trend-decay-v1,APD,2026-09-09,2026-09-11T03:22:58+00:00,21,295.23999,273.1969589165534,293.9376071114538,316.2528500209171,neutral,-0.00024755831297612184,0.253484
trend-decay-v1,APD,2026-09-09,2026-09-11T03:22:58+00:00,84,295.23999,252.13242069290976,291.8685366888033,337.8670718932215,neutral,-0.00024755831297612184,0.253484
trend-decay-v1,APD,2026-09-09,2026-09-11T03:22:58+00:00,252,295.23999,225.65200940560055,290.7541402515281,374.63867614602805,neutral,-0.00024755831297612184,0.253484
trend-decay-v1,APH,2026-09-09,2026-09-11T03:22:58+00:00,21,81.339996,71.118778196415,81.24399559241701,92.8107454488497,neutral,-6.61271333315818e-05,0.461091
trend-decay-v1,APH,2026-09-09,2026-09-11T03:22:58+00:00,84,81.339996,62.13807823353387,81.09083856426447,105.82438797579198,neutral,-6.61271333315818e-05,0.461091
trend-decay-v1,APH,2026-09-09,2026-09-11T03:22:58+00:00,252,81.339996,51.08327504107433,81.00801861556866,128.46277132278217,neutral,-6.61271333315818e-05,0.461091
trend-decay-v1,APO,2026-09-09,2026-09-11T03:22:58+00:00,21,130.979996,118.6194019516168,131.02361805915822,144.72496241647238,neutral,1.8645895023131525e-05,0.344531
trend-decay-v1,APO,2026-09-09,2026-09-11T03:22:58+00:00,84,130.979996,107.4466655201117,131.09334875517376,159.94415466182033,neutral,1.8645895023131525e-05,0.344531
trend-decay-v1,APO,2026-09-09,2026-09-11T03:22:58+00:00,252,130.979996,92.91329862006897,131.13112613233062,185.06901053041574,neutral,1.8645895023131525e-05,0.344531
trend-decay-v1,APP,2026-09-09,2026-09-11T03:22:58+00:00,21,305.059998,240.24996158363913,294.25423771521974,360.39779504073596,down,-0.002019445576441979,0.702396
trend-decay-v1,APP,2026-09-09,2026-09-11T03:22:58+00:00,84,305.059998,185.17309674746838,277.7772588547092,416.6923105577487,down,-0.002019445576441979,0.702396
trend-decay-v1,APP,2026-09-09,2026-09-11T03:22:58+00:00,252,305.059998,133.38205566300022,269.24280927051234,543.489077174168,down,-0.002019445576441979,0.702396
trend-decay-v1,APTV,2026-09-09,2026-09-11T03:22:58+00:00,21,44.509998,36.752044551354764,43.007279241170245,50.32716112279016,down,-0.0019231402015841756,0.544472
trend-decay-v1,APTV,2026-09-09,2026-09-11T03:22:58+00:00,84,44.509998,29.729559124552555,40.71077760259516,55.74813289576179,down,-0.0019231402015841756,0.544472
trend-decay-v1,APTV,2026-09-09,2026-09-11T03:22:58+00:00,252,44.509998,22.926721052693438,39.51874390153499,68.11838099158258,down,-0.0019231402015841756,0.544472
trend-decay-v1,ARE,2026-09-09,2026-09-11T03:22:58+00:00,21,50.34,44.35363127939809,50.55991083014111,57.63461771706626,neutral,0.00024408487775165106,0.453674
trend-decay-v1,ARE,2026-09-09,2026-09-11T03:22:58+00:00,84,50.34,39.18112423628006,50.913286058988184,66.15845634475511,neutral,0.00024408487775165106,0.453674
trend-decay-v1,ARE,2026-09-09,2026-09-11T03:22:58+00:00,252,50.34,32.46691890393822,51.10568232193913,80.4446758042739,neutral,0.00024408487775165106,0.453674
trend-decay-v1,ARES,2026-09-09,2026-09-11T03:22:58+00:00,21,134.369995,119.40660917798559,134.28267614419022,151.0120523192104,neutral,-3.63999878711835e-05,0.406729
trend-decay-v1,ARES,2026-09-09,2026-09-11T03:22:58+00:00,84,134.369995,106.06831159561686,134.14327339462454,169.6493281200545,neutral,-3.63999878711835e-05,0.406729
trend-decay-v1,ARES,2026-09-09,2026-09-11T03:22:58+00:00,252,134.369995,89.26566771227813,134.06784179020278,201.35609426254888,neutral,-3.63999878711835e-05,0.406729
trend-decay-v1,ATO,2026-09-09,2026-09-11T03:22:58+00:00,21,166.589996,158.58542145755135,166.2034946724074,174.1875223298188,neutral,-0.0001300650800636631,0.162534
trend-decay-v1,ATO,2026-09-09,2026-09-11T03:22:58+00:00,84,166.589996,150.75597538529453,165.58779229154166,181.87880703176,neutral,-0.0001300650800636631,0.162534
trend-decay-v1,ATO,2026-09-09,2026-09-11T03:22:58+00:00,252,166.589996,140.46490344770822,165.25531804741115,194.42095123154823,neutral,-0.0001300650800636631,0.162534
trend-decay-v1,AVGO,2026-09-09,2026-09-11T03:22:58+00:00,21,364.380005,307.8878239045339,355.89416391033456,411.38572581132496,down,-0.001319476013997872,0.501941
trend-decay-v1,AVGO,2026-09-09,2026-09-11T03:22:58+00:00,84,364.380005,256.51485287499503,342.7434953195338,457.9582907859856,down,-0.001319476013997872,0.501941
trend-decay-v1,AVGO,2026-09-09,2026-09-11T03:22:58+00:00,252,364.380005,203.29371960166242,335.82588555114097,554.7590236785937,down,-0.001319476013997872,0.501941
trend-decay-v1,AVY,2026-09-09,2026-09-11T03:22:58+00:00,21,169.789993,156.26016859467137,168.82642831751104,182.40325192775745,neutral,-0.0003186826211101664,0.267944
trend-decay-v1,AVY,2026-09-09,2026-09-11T03:22:58+00:00,84,169.789993,143.32002022249205,167.298154034028,195.28794581345534,neutral,-0.0003186826211101664,0.267944
trend-decay-v1,AVY,2026-09-09,2026-09-11T03:22:58+00:00,252,169.789993,127.34616105658797,166.47631651444718,217.6301486458092,neutral,-0.0003186826211101664,0.267944
trend-decay-v1,AWK,2026-09-09,2026-09-11T03:22:58+00:00,21,140.330002,132.71015084881054,141.61692334483092,151.12146922735164,neutral,0.0005111778271760436,0.225022
trend-decay-v1,AWK,2026-09-09,2026-09-11T03:22:58+00:00,84,140.330002,126.19086483517565,143.69774109206966,163.63340422410334,up,0.0005111778271760436,0.225022
trend-decay-v1,AWK,2026-09-09,2026-09-11T03:22:58+00:00,252,140.330002,115.65240321981517,144.8373181203039,181.3870541056591,up,0.0005111778271760436,0.225022
trend-decay-v1,AXON,2026-09-09,2026-09-11T03:22:58+00:00,21,490.0,387.89527731472754,476.6439476266313,585.6979089352604,down,-0.0015474747332236381,0.713724
trend-decay-v1,AXON,2026-09-09,2026-09-11T03:22:58+00:00,84,490.0,302.03535008204835,456.0547222750848,688.6144607010572,down,-0.0015474747332236381,0.713724
trend-decay-v1,AXON,2026-09-09,2026-09-11T03:22:58+00:00,252,490.0,218.10488941480352,445.278572168956,909.0718111125789,down,-0.0015474747332236381,0.713724
trend-decay-v1,AXP,2026-09-09,2026-09-11T03:22:58+00:00,21,321.799988,298.4123623912288,319.62645216535464,342.3486483776269,neutral,-0.00037949491362891403,0.237903
trend-decay-v1,AXP,2026-09-09,2026-09-11T03:22:58+00:00,84,321.799988,275.60557963032176,316.1839439750583,362.7368014889928,neutral,-0.00037949491362891403,0.237903
trend-decay-v1,AXP,2026-09-09,2026-09-11T03:22:58+00:00,252,321.799988,247.78387917619904,314.3351933520678,398.7612677151628,down,-0.00037949491362891403,0.237903
trend-decay-v1,AZO,2026-09-09,2026-09-11T03:22:58+00:00,21,2910.969971,2618.3384649279146,2874.807789037298,3156.3985842972547,neutral,-0.0006999755735842833,0.323706
trend-decay-v1,AZO,2026-09-09,2026-09-11T03:22:58+00:00,84,2910.969971,2337.589732753902,2817.956892114537,3397.0379551850233,down,-0.0006999755735842833,0.323706
trend-decay-v1,AZO,2026-09-09,2026-09-11T03:22:58+00:00,252,2910.969971,2016.7545871639215,2787.640612234997,3853.190781090456,down,-0.0006999755735842833,0.323706
trend-decay-v1,BA,2026-09-09,2026-09-11T03:22:58+00:00,21,206.419998,182.70132442100493,202.42030260631805,224.2675527234582,neutral,-0.0010956489452368938,0.355048
trend-decay-v1,BA,2026-09-09,2026-09-11T03:22:58+00:00,84,206.419998,159.8274829375043,196.1897023458217,240.82466043460514,down,-0.0010956489452368938,0.355048
trend-decay-v1,BA,2026-09-09,2026-09-11T03:22:58+00:00,252,206.419998,135.2470746186842,192.896020156086,275.1177775708931,down,-0.0010956489452368938,0.355048
trend-decay-v1,BAC,2026-09-09,2026-09-11T03:22:58+00:00,21,62.669998,59.638830979597984,62.91693867083487,66.3752308133569,neutral,0.0002202079867959787,0.185359
trend-decay-v1,BAC,2026-09-09,2026-09-11T03:22:58+00:00,84,62.669998,56.88785971844325,63.313528405365,70.46499725911393,neutral,0.0002202079867959787,0.185359
trend-decay-v1,BAC,2026-09-09,2026-09-11T03:22:58+00:00,252,62.669998,52.7805547032163,63.52933963863613,76.46711971132889,neutral,0.0002202079867959787,0.185359
trend-decay-v1,BALL,2026-09-09,2026-09-11T03:22:58+00:00,21,60.290001,56.2085151401303,60.13055238938933,64.32625593540476,neutral,-0.00014828756193853074,0.233653
trend-decay-v1,BALL,2026-09-09,2026-09-11T03:22:58+00:00,84,60.290001,52.32043835121305,59.87665569250785,68.52415633165295,neutral,-0.00014828756193853074,0.233653
trend-decay-v1,BALL,2026-09-09,2026-09-11T03:22:58+00:00,252,60.290001,47.2920525658106,59.739608508825405,75.46343690245693,neutral,-0.00014828756193853074,0.233653
trend-decay-v1,BAX,2026-09-09,2026-09-11T03:22:58+00:00,21,24.389999,21.455004201384785,24.14273050251237,27.167155533780818,neutral,-0.0005705874053292681,0.408852
trend-decay-v1,BAX,2026-09-09,2026-09-11T03:22:58+00:00,84,24.389999,18.758573110540173,23.75283027224721,30.076751713336304,down,-0.0005705874053292681,0.408852
trend-decay-v1,BAX,2026-09-09,2026-09-11T03:22:58+00:00,252,24.389999,15.643141170935559,23.544318932747352,35.43629428064367,down,-0.0005705874053292681,0.408852
trend-decay-v1,BBY,2026-09-09,2026-09-11T03:22:58+00:00,21,88.029999,78.79442888594762,89.58781368297059,101.85969330537307,neutral,0.0009822561619551987,0.444711
trend-decay-v1,BBY,2026-09-09,2026-09-11T03:22:58+00:00,84,88.029999,71.2713071543903,92.13434998973568,119.10457078670548,up,0.0009822561619551987,0.444711
trend-decay-v1,BBY,2026-09-09,2026-09-11T03:22:58+00:00,252,88.029999,59.96226102539229,93.54348247684912,145.93150698888832,up,0.0009822561619551987,0.444711
trend-decay-v1,BDX,2026-09-09,2026-09-11T03:22:58+00:00,21,179.800003,166.53189544675809,180.89146108054456,196.4892106948703,neutral,0.0003388885314087819,0.286517
trend-decay-v1,BDX,2026-09-09,2026-09-11T03:22:58+00:00,84,179.800003,154.80196519943593,182.64919086191833,215.5058359855694,neutral,0.0003388885314087819,0.286517
trend-decay-v1,BDX,2026-09-09,2026-09-11T03:22:58+00:00,252,179.800003,137.86667262217392,183.60818865765305,244.5258618414079,up,0.0003388885314087819,0.286517
trend-decay-v1,BEN,2026-09-09,2026-09-11T03:22:58+00:00,21,34.119999,31.843723976025796,34.384939434629175,37.12895077263117,neutral,0.00043312462880559343,0.265968
trend-decay-v1,BEN,2026-09-09,2026-09-11T03:22:58+00:00,84,34.119999,29.857053573394325,34.812544951619756,40.59051851949932,up,0.00043312462880559343,0.265968
trend-decay-v1,BEN,2026-09-09,2026-09-11T03:22:58+00:00,252,34.119999,26.861734613412274,35.04632538690686,45.724706196437495,up,0.00043312462880559343,0.265968
trend-decay-v1,BF.B,2026-09-09,2026-09-11T03:22:58+00:00,21,26.15,23.43841294826963,25.849876690281423,28.50944414954882,neutral,-0.0006463780293480177,0.339238
trend-decay-v1,BF.B,2026-09-09,2026-09-11T03:22:58+00:00,84,26.15,20.86352414797448,25.37746381430463,30.868019471622425,down,-0.0006463780293480177,0.339238
trend-decay-v1,BF.B,2026-09-09,2026-09-11T03:22:58+00:00,252,26.15,17.897037936323954,25.125247591933256,35.2727679743418,down,-0.0006463780293480177,0.339238
trend-decay-v1,BG,2026-09-09,2026-09-11T03:22:58+00:00,21,123.5,113.47687939130101,125.14527729093216,138.01349237160008,neutral,0.0007410535251498035,0.339053
trend-decay-v1,BG,2026-09-09,2026-09-11T03:22:58+00:00,84,123.5,105.09542986575671,127.81975840251691,155.45766984298882,up,0.0007410535251498035,0.339053
trend-decay-v1,BG,2026-09-09,2026-09-11T03:22:58+00:00,252,123.5,92.1133088735558,129.2918739627364,181.47636728306813,up,0.0007410535251498035,0.339053
trend-decay-v1,BIIB,2026-09-09,2026-09-11T03:22:58+00:00,21,210.729996,189.7818510161529,211.86355733560313,236.5145385955583,neutral,0.000300405270987069,0.381284
trend-decay-v1,BIIB,2026-09-09,2026-09-11T03:22:58+00:00,84,210.729996,171.4651553515745,213.6874621364173,266.3067687465486,neutral,0.000300405270987069,0.381284
trend-decay-v1,BIIB,2026-09-09,2026-09-11T03:22:58+00:00,252,210.729996,146.62415927149587,214.68172298132845,314.32911473267364,neutral,0.000300405270987069,0.381284
trend-decay-v1,BKNG,2026-09-09,2026-09-11T03:22:58+00:00,21,173.429993,149.81819830619978,168.48659130953405,189.4811963569796,down,-0.001619274023544396,0.406802
trend-decay-v1,BKNG,2026-09-09,2026-09-11T03:22:58+00:00,84,173.429993,127.20286568360324,160.87866121914186,203.4698156882771,down,-0.001619274023544396,0.406802
trend-decay-v1,BKNG,2026-09-09,2026-09-11T03:22:58+00:00,252,173.429993,104.46229702966379,156.90306783129455,235.66945582175902,down,-0.001619274023544396,0.406802
trend-decay-v1,BKR,2026-09-09,2026-09-11T03:22:58+00:00,21,63.639999,58.05143567194939,63.62307946331546,69.72947686031662,neutral,-1.4889166785417824e-05,0.317474
trend-decay-v1,BKR,2026-09-09,2026-09-11T03:22:58+00:00,84,63.639999,52.945216584464035,63.596054291465954,76.38949054048953,neutral,-1.4889166785417824e-05,0.317474
trend-decay-v1,BKR,2026-09-09,2026-09-11T03:22:58+00:00,252,63.639999,46.28636154511575,63.581423899962566,87.33884734505158,neutral,-1.4889166785417824e-05,0.317474
trend-decay-v1,BLDR,2026-09-09,2026-09-11T03:22:58+00:00,21,61.389999,50.42420193232419,59.28870842311959,69.71158316396321,down,-0.0019502204678682165,0.561003
trend-decay-v1,BLDR,2026-09-09,2026-09-11T03:22:58+00:00,84,61.389999,40.56373278561259,56.0794603218557,77.52999179370501,down,-0.0019502204678682165,0.561003
trend-decay-v1,BLDR,2026-09-09,2026-09-11T03:22:58+00:00,252,61.389999,31.050980323809362,54.414647890298276,95.35782362255189,down,-0.0019502204678682165,0.561003
trend-decay-v1,BLK,2026-09-09,2026-09-11T03:22:58+00:00,21,1072.030029,982.8583810290025,1066.3781431309094,1156.9951135348465,neutral,-0.00029599756582189345,0.282526
trend-decay-v1,BLK,2026-09-09,2026-09-11T03:22:58+00:00,84,1072.030029,898.2609026473262,1057.4091803076249,1244.754359566995,neutral,-0.00029599756582189345,0.282526
trend-decay-v1,BLK,2026-09-09,2026-09-11T03:22:58+00:00,252,1072.030029,793.5186585603334,1052.5836648526758,1396.2272462815079,neutral,-0.00029599756582189345,0.282526
trend-decay-v1,BMY,2026-09-09,2026-09-11T03:22:58+00:00,21,64.410004,59.663810326843446,64.64245467560694,70.03654180979917,neutral,0.00020172018129510416,0.277633
trend-decay-v1,BMY,2026-09-09,2026-09-11T03:22:58+00:00,84,64.410004,55.38650413805684,65.01561317511748,76.31877155489323,neutral,0.00020172018129510416,0.277633
trend-decay-v1,BMY,2026-09-09,2026-09-11T03:22:58+00:00,252,64.410004,49.40796135003469,65.2185913792743,86.08864938512113,neutral,0.00020172018129510416,0.277633
trend-decay-v1,BNY,2026-09-09,2026-09-11T03:22:58+00:00,21,162.509995,154.3211814648632,164.14276734999711,174.58943624955202,neutral,0.0005597927499241107,0.213737
trend-decay-v1,BNY,2026-09-09,2026-09-11T03:22:58+00:00,84,162.509995,147.42345191794598,166.78577182988613,188.6911025552007,up,0.0005597927499241107,0.213737
trend-decay-v1,BNY,2026-09-09,2026-09-11T03:22:58+00:00,252,162.509995,135.85980578221674,168.23478175126561,208.32461542205934,up,0.0005597927499241107,0.213737
trend-decay-v1,BR,2026-09-09,2026-09-11T03:22:58+00:00,21,168.100006,152.24080231786292,167.7181420459042,184.76896300506152,neutral,-0.00012734709444860276,0.335399
trend-decay-v1,BR,2026-09-09,2026-09-11T03:22:58+00:00,84,168.100006,137.6904859822161,167.10978872456954,202.81489522215142,neutral,-0.00012734709444860276,0.335399
trend-decay-v1,BR,2026-09-09,2026-09-11T03:22:58+00:00,252,168.100006,119.25739651062081,166.7812632686235,233.24330893808056,neutral,-0.00012734709444860276,0.335399
trend-decay-v1,BRK.B,2026-09-09,2026-09-11T03:22:58+00:00,21,506.720001,483.6359737636321,504.12316089711095,525.4782008360293,neutral,-0.0002877045548598214,0.143719
trend-decay-v1,BRK.B,2026-09-09,2026-09-11T03:22:58+00:00,84,506.720001,460.18785870245557,500.00144975926776,543.2595515802459,neutral,-0.0002877045548598214,0.143719
trend-decay-v1,BRK.B,2026-09-09,2026-09-11T03:22:58+00:00,252,506.720001,431.14573959141904,497.7834663037381,574.720695512809,neutral,-0.0002877045548598214,0.143719
trend-decay-v1,BRO,2026-09-09,2026-09-11T03:22:58+00:00,21,66.529999,59.75684187271764,66.0189521505365,72.93728896079311,neutral,-0.0004317883515240745,0.345226
trend-decay-v1,BRO,2026-09-09,2026-09-11T03:22:58+00:00,84,66.529999,53.426373696524145,65.2105220809836,79.59387650431354,neutral,-0.0004317883515240745,0.345226
trend-decay-v1,BRO,2026-09-09,2026-09-11T03:22:58+00:00,252,66.529999,45.8659277585901,64.77686556880586,91.48495447436537,down,-0.0004317883515240745,0.345226
trend-decay-v1,BSX,2026-09-09,2026-09-11T03:22:58+00:00,21,44.959999,39.080220756443246,43.889475841531485,49.29056316363783,down,-0.0013494182178633298,0.402037
trend-decay-v1,BSX,2026-09-09,2026-09-11T03:22:58+00:00,84,44.959999,33.48350537157991,42.23161498354016,53.26531031699505,down,-0.0013494182178633298,0.402037
trend-decay-v1,BSX,2026-09-09,2026-09-11T03:22:58+00:00,252,44.959999,27.66809403421205,41.360110811675966,61.82784995015767,down,-0.0013494182178633298,0.402037
trend-decay-v1,BX,2026-09-09,2026-09-11T03:22:58+00:00,21,129.070007,114.51554621901971,127.76466998859239,142.5466797850607,neutral,-0.0005691897642593247,0.379248
trend-decay-v1,BX,2026-09-09,2026-09-11T03:22:58+00:00,84,129.070007,100.98675554211816,125.70630958055563,156.47671997712592,down,-0.0005691897642593247,0.379248
trend-decay-v1,BX,2026-09-09,2026-09-11T03:22:58+00:00,252,129.070007,85.27699915097796,124.60550311204177,182.0717375187679,down,-0.0005691897642593247,0.379248
trend-decay-v1,BXP,2026-09-09,2026-09-11T03:22:58+00:00,21,64.290001,58.87629598422037,63.81910132029532,69.17686694186239,neutral,-0.00041165624987416535,0.279255
trend-decay-v1,BXP,2026-09-09,2026-09-11T03:22:58+00:00,84,64.290001,53.682015543050866,63.073832759246606,74.1087743948616,neutral,-0.00041165624987416535,0.279255
trend-decay-v1,BXP,2026-09-09,2026-09-11T03:22:58+00:00,252,64.290001,47.40320175723751,62.673880007536575,82.86392246910546,down,-0.00041165624987416535,0.279255
trend-decay-v1,C,2026-09-09,2026-09-11T03:22:58+00:00,21,137.800003,127.98276954381588,138.60325755174904,150.10507330347693,neutral,0.00032545849092355093,0.276158
trend-decay-v1,C,2026-09-09,2026-09-11T03:22:58+00:00,84,137.800003,119.27868003046045,139.89644913399496,164.07807728340512,neutral,0.00032545849092355093,0.276158
trend-decay-v1,C,2026-09-09,2026-09-11T03:22:58+00:00,252,137.800003,106.67360197484933,140.60179183886532,185.3210494660203,up,0.00032545849092355093,0.276158
trend-decay-v1,CAH,2026-09-09,2026-09-11T03:22:58+00:00,21,240.0,225.50373270473943,241.53008747048978,258.69542137417744,neutral,0.0003558595641851865,0.237836
trend-decay-v1,CAH,2026-09-09,2026-09-11T03:22:58+00:00,84,240.0,212.6895887189223,243.99517522658596,279.90860244940563,neutral,0.0003558595641851865,0.237836
trend-decay-v1,CAH,2026-09-09,2026-09-11T03:22:58+00:00,252,240.0,193.40983884947,245.3406013729612,311.21483291702356,up,0.0003558595641851865,0.237836
trend-decay-v1,CARR,2026-09-09,2026-09-11T03:22:58+00:00,21,57.950001,51.21503755415544,56.819689746425325,63.03767988974329,neutral,-0.0011029840501702915,0.359746
trend-decay-v1,CARR,2026-09-09,2026-09-11T03:22:58+00:00,84,57.950001,44.73293264656943,55.059225246532996,67.76927210876578,down,-0.0011029840501702915,0.359746
trend-decay-v1,CARR,2026-09-09,2026-09-11T03:22:58+00:00,252,57.950001,37.773934788310754,54.12874138922428,77.56461329223751,down,-0.0011029840501702915,0.359746
trend-decay-v1,CASY,2026-09-09,2026-09-11T03:22:58+00:00,21,629.030029,516.4255476067202,602.8441424015497,703.7240154211355,down,-0.0023809523809523807,0.535992
trend-decay-v1,CASY,2026-09-09,2026-09-11T03:22:58+00:00,84,629.030029,413.33708299555354,563.2471768991642,767.5270265752833,down,-0.0023809523809523807,0.535992
trend-decay-v1,CASY,2026-09-09,2026-09-11T03:22:58+00:00,252,629.030029,317.6449794353566,542.9006522085793,927.8947795505236,down,-0.0023809523809523807,0.535992
trend-decay-v1,CAT,2026-09-09,2026-09-11T03:22:58+00:00,21,815.559998,715.7235055855681,810.6025515440224,918.0591268021768,neutral,-0.0003414127792506149,0.431225
trend-decay-v1,CAT,2026-09-09,2026-09-11T03:22:58+00:00,84,815.559998,625.8231534161071,802.7438714447624,1029.680221360663,neutral,-0.0003414127792506149,0.431225
trend-decay-v1,CAT,2026-09-09,2026-09-11T03:22:58+00:00,252,815.559998,518.808552504851,798.5199386492034,1229.035430009349,down,-0.0003414127792506149,0.431225
trend-decay-v1,CB,2026-09-09,2026-09-11T03:22:58+00:00,21,337.619995,314.89073031299404,336.5608204413954,359.72219869284265,neutral,-0.00017594456592509136,0.230547
trend-decay-v1,CB,2026-09-09,2026-09-11T03:22:58+00:00,84,337.619995,293.14048121761897,334.8753338171176,382.55204035049445,neutral,-0.00017594456592509136,0.230547
trend-decay-v1,CB,2026-09-09,2026-09-11T03:22:58+00:00,252,337.619995,265.2021857179623,333.96610308260955,420.55972391870813,neutral,-0.00017594456592509136,0.230547
trend-decay-v1,CBOE,2026-09-09,2026-09-11T03:22:58+00:00,21,291.869995,256.6847953073214,293.0053345502006,334.46517925647555,neutral,0.0002173939031172534,0.458446
trend-decay-v1,CBOE,2026-09-09,2026-09-11T03:22:58+00:00,84,291.869995,226.26575081925176,294.82858467232137,384.1672636055366,neutral,0.0002173939031172534,0.458446
trend-decay-v1,CBOE,2026-09-09,2026-09-11T03:22:58+00:00,252,291.869995,187.03718527097968,295.8206767066104,467.8741964619095,neutral,0.0002173939031172534,0.458446
trend-decay-v1,CBRE,2026-09-09,2026-09-11T03:22:58+00:00,21,139.679993,125.95913106343076,139.21564516733216,153.8673353470231,neutral,-0.00018646033167906318,0.346641
trend-decay-v1,CBRE,2026-09-09,2026-09-11T03:22:58+00:00,84,139.679993,113.36018668751716,138.4768989178375,169.15860933398204,neutral,-0.00018646033167906318,0.346641
trend-decay-v1,CBRE,2026-09-09,2026-09-11T03:22:58+00:00,252,139.679993,97.62964576676666,138.0784766507832,195.28561805650702,neutral,-0.00018646033167906318,0.346641
trend-decay-v1,CCI,2026-09-09,2026-09-11T03:22:58+00:00,21,75.18,68.07107524146444,74.82949575351263,82.25892443835153,neutral,-0.0002616734579235184,0.327911
trend-decay-v1,CCI,2026-09-09,2026-09-11T03:22:58+00:00,84,75.18,61.46241303248086,74.27283866904331,89.75330273874,neutral,-0.0002616734579235184,0.327911
trend-decay-v1,CCI,2026-09-09,2026-09-11T03:22:58+00:00,252,75.18,53.29224116455443,73.97311759277736,102.67952720356601,neutral,-0.0002616734579235184,0.327911
trend-decay-v1,CCL,2026-09-09,2026-09-11T03:22:58+00:00,21,22.700001,19.283177899504224,21.869377709003626,24.80243058854739,down,-0.002087383099566544,0.435972
trend-decay-v1,CCL,2026-09-09,2026-09-11T03:22:58+00:00,84,22.700001,16.019643036301773,20.604803136281635,26.502332874886154,down,-0.002087383099566544,0.435972
trend-decay-v1,CCL,2026-09-09,2026-09-11T03:22:58+00:00,252,22.700001,12.900891710675713,19.950783860900447,30.853198801365476,down,-0.002087383099566544,0.435972
trend-decay-v1,CDNS,2026-09-09,2026-09-11T03:22:58+00:00,21,284.600006,242.84832831134995,275.4633151488691,312.45855600669915,down,-0.0018271520138752554,0.436537
trend-decay-v1,CDNS,2026-09-09,2026-09-11T03:22:58+00:00,84,284.600006,203.21858924672628,261.4693186948446,336.41708109558465,down,-0.0018271520138752554,0.436537
trend-decay-v1,CDNS,2026-09-09,2026-09-11T03:22:58+00:00,252,284.600006,164.2755915287604,254.19011050751232,393.3183967169544,down,-0.0018271520138752554,0.436537
trend-decay-v1,CDW,2026-09-09,2026-09-11T03:22:58+00:00,21,142.369995,123.83774640865174,143.81568147087484,167.01652635603153,neutral,0.0005657365891619749,0.518092
trend-decay-v1,CDW,2026-09-09,2026-09-11T03:22:58+00:00,84,142.369995,108.37041686073273,146.1561689285569,197.11676244011107,up,0.0005657365891619749,0.518092
trend-decay-v1,CDW,2026-09-09,2026-09-11T03:22:58+00:00,252,142.369995,87.823215358416,147.43949342001883,247.52457685857902,up,0.0005657365891619749,0.518092
trend-decay-v1,CEG,2026-09-09,2026-09-11T03:22:58+00:00,21,293.904999,264.89857804779746,298.7214450507192,336.8628944361062,neutral,0.0009102057742740676,0.416262
trend-decay-v1,CEG,2026-09-09,2026-09-11T03:22:58+00:00,84,293.904999,241.0863401823396,306.58164706409576,389.8698957620123,up,0.0009102057742740676,0.416262
trend-decay-v1,CEG,2026-09-09,2026-09-11T03:22:58+00:00,252,293.904999,205.05685317070876,310.924237516164,471.44916144074176,up,0.0009102057742740676,0.416262
trend-decay-v1,CF,2026-09-09,2026-09-11T03:22:58+00:00,21,138.110001,126.50039262076285,142.10380615141787,159.6318501813514,up,0.001596287462111663,0.402918
trend-decay-v1,CF,2026-09-09,2026-09-11T03:22:58+00:00,84,138.110001,117.85827365300591,148.72629161564655,187.67888865287304,up,0.001596287462111663,0.402918
trend-decay-v1,CF,2026-09-09,2026-09-11T03:22:58+00:00,252,138.110001,101.88621525416657,152.44054541308566,228.0791354146284,up,0.001596287462111663,0.402918
trend-decay-v1,CFG,2026-09-09,2026-09-11T03:22:58+00:00,21,69.370003,64.38135511114156,69.11657470183134,74.20006755476209,neutral,-0.0002049426083795609,0.245849
trend-decay-v1,CFG,2026-09-09,2026-09-11T03:22:58+00:00,84,69.370003,59.62086364331248,68.71356004188033,79.1929711363498,neutral,-0.0002049426083795609,0.245849
trend-decay-v1,CFG,2026-09-09,2026-09-11T03:22:58+00:00,252,69.370003,53.5668623189099,68.49629365434976,87.58665416037745,neutral,-0.0002049426083795609,0.245849
trend-decay-v1,CHD,2026-09-09,2026-09-11T03:22:58+00:00,21,95.190002,87.51826680587477,93.92875505754681,100.80879510822754,neutral,-0.0007468894254156963,0.244874
trend-decay-v1,CHD,2026-09-09,2026-09-11T03:22:58+00:00,84,95.190002,79.82574889779873,91.9480910522195,105.91133268253482,down,-0.0007468894254156963,0.244874
trend-decay-v1,CHD,2026-09-09,2026-09-11T03:22:58+00:00,252,95.190002,71.15130786486209,90.89297415426812,116.11216994492366,down,-0.0007468894254156963,0.244874
trend-decay-v1,CHRW,2026-09-09,2026-09-11T03:22:58+00:00,21,150.449997,130.9415233536942,149.46024591439325,170.5980237334751,neutral,-0.00036959034315536127,0.45823
trend-decay-v1,CHRW,2026-09-09,2026-09-11T03:22:58+00:00,84,150.449997,113.51386907394031,147.8922898891745,192.68244124792034,neutral,-0.00036959034315536127,0.45823
trend-decay-v1,CHRW,2026-09-09,2026-09-11T03:22:58+00:00,252,150.449997,92.99475152657321,147.0500575498799,232.5262347654537,down,-0.00036959034315536127,0.45823
trend-decay-v1,CHTR,2026-09-09,2026-09-11T03:22:58+00:00,21,133.889999,111.37584090043275,130.53706671669983,152.99481152500044,down,-0.0014201247756287128,0.549915
trend-decay-v1,CHTR,2026-09-09,2026-09-11T03:22:58+00:00,84,133.889999,91.2534315489767,125.35305186450871,172.1950325047521,down,-0.0014201247756287128,0.549915
trend-decay-v1,CHTR,2026-09-09,2026-09-11T03:22:58+00:00,252,133.889999,70.7586195365316,122.63216667463563,212.53450677555105,down,-0.0014201247756287128,0.549915
trend-decay-v1,CI,2026-09-09,2026-09-11T03:22:58+00:00,21,278.170013,255.79913752799828,277.8103245012196,301.7155458197174,neutral,-7.24521920111533e-05,0.285948
trend-decay-v1,CI,2026-09-09,2026-09-11T03:22:58+00:00,84,278.170013,235.04548002670782,277.2365692239814,327.00103531601604,neutral,-7.24521920111533e-05,0.285948
trend-decay-v1,CI,2026-09-09,2026-09-11T03:22:58+00:00,252,278.170013,208.05523508435826,276.92635315175636,368.59541188106715,neutral,-7.24521920111533e-05,0.285948
trend-decay-v1,CIEN,2026-09-09,2026-09-11T03:22:58+00:00,21,338.0,261.9679062735881,328.60076339721763,412.18202352033967,down,-0.0015792100891964243,0.78504
trend-decay-v1,CIEN,2026-09-09,2026-09-11T03:22:58+00:00,84,338.0,199.64443232019494,314.12186045556064,494.24139741502603,down,-0.0015792100891964243,0.78504
trend-decay-v1,CIEN,2026-09-09,2026-09-11T03:22:58+00:00,252,338.0,139.8174841027251,306.5490843008066,672.1072238477753,down,-0.0015792100891964243,0.78504
trend-decay-v1,CINF,2026-09-09,2026-09-11T03:22:58+00:00,21,169.210007,157.5676256344748,168.73576353797537,180.69548095363382,neutral,-0.0001571588970742682,0.237219
trend-decay-v1,CINF,2026-09-09,2026-09-11T03:22:58+00:00,84,169.210007,146.48030791546384,167.9807611648748,192.63706175314366,neutral,-0.0001571588970742682,0.237219
trend-decay-v1,CINF,2026-09-09,2026-09-11T03:22:58+00:00,252,169.210007,132.18492924596276,167.57330901302527,212.43582043550182,neutral,-0.0001571588970742682,0.237219
trend-decay-v1,CL,2026-09-09,2026-09-11T03:22:58+00:00,21,88.029999,81.61486615264987,87.25648165513677,93.28807299141812,neutral,-0.0004942068998366373,0.231542
trend-decay-v1,CL,2026-09-09,2026-09-11T03:22:58+00:00,84,88.029999,75.2690395900973,86.03461587674192,98.3399704495813,down,-0.0004942068998366373,0.231542
trend-decay-v1,CL,2026-09-09,2026-09-11T03:22:58+00:00,252,88.029999,67.73282197835154,85.38008505096153,107.62520607275663,down,-0.0004942068998366373,0.231542
trend-decay-v1,CLX,2026-09-09,2026-09-11T03:22:58+00:00,21,89.620003,78.56070036438655,86.7364956672128,95.76314424048694,down,-0.0018312711272982219,0.342957
trend-decay-v1,CLX,2026-09-09,2026-09-11T03:22:58+00:00,84,89.620003,67.53279749742146,82.32046045558018,100.34617934904126,down,-0.0018312711272982219,0.342957
trend-decay-v1,CLX,2026-09-09,2026-09-11T03:22:58+00:00,252,89.620003,56.790243326706864,80.02359578959556,112.76190253766813,down,-0.0018312711272982219,0.342957
trend-decay-v1,CMCSA,2026-09-09,2026-09-11T03:22:58+00:00,21,24.59,22.21816304555487,24.46594116510383,26.941123614361036,neutral,-0.00028321833289761503,0.333842
trend-decay-v1,CMCSA,2026-09-09,2026-09-11T03:22:58+00:00,84,24.59,20.014492413848753,24.269014188734626,29.427928398796787,neutral,-0.00028321833289761503,0.333842
trend-decay-v1,CMCSA,2026-09-09,2026-09-11T03:22:58+00:00,252,24.59,17.30476509703671,24.16303298660328,33.739386801133634,neutral,-0.00028321833289761503,0.333842
trend-decay-v1,CME,2026-09-09,2026-09-11T03:22:58+00:00,21,274.700012,253.19649949662326,276.66673768870726,302.312567099028,neutral,0.0003994748206340195,0.307085
trend-decay-v1,CME,2026-09-09,2026-09-11T03:22:58+00:00,84,274.700012,234.37373904712032,279.838492446763,334.1226801827531,neutral,0.0003994748206340195,0.307085
trend-decay-v1,CME,2026-09-09,2026-09-11T03:22:58+00:00,252,274.700012,207.12046952886232,281.5712720978678,382.78390084357875,up,0.0003994748206340195,0.307085
trend-decay-v1,CMG,2026-09-09,2026-09-11T03:22:58+00:00,21,36.029999,32.206515048526306,36.86612008792936,42.19987192932315,up,0.001284600735706936,0.468084
trend-decay-v1,CMG,2026-09-09,2026-09-11T03:22:58+00:00,84,36.029999,29.18632985678529,38.24255372515623,50.10883254584534,up,0.001284600735706936,0.468084
trend-decay-v1,CMG,2026-09-09,2026-09-11T03:22:58+00:00,252,36.029999,24.427644481211164,39.009275902915675,62.295143014720495,up,0.001284600735706936,0.468084
trend-decay-v1,CMI,2026-09-09,2026-09-11T03:22:58+00:00,21,554.76001,483.4692165570638,540.675787100094,604.6513340354576,down,-0.0014399726505142573,0.387398
trend-decay-v1,CMI,2026-09-09,2026-09-11T03:22:58+00:00,84,554.76001,414.9118414550376,518.9099736886469,648.9753578718522,down,-0.0014399726505142573,0.387398
trend-decay-v1,CMI,2026-09-09,2026-09-11T03:22:58+00:00,252,554.76001,344.4954531741961,507.49095699766116,747.60659120854,down,-0.0014399726505142573,0.387398
trend-decay-v1,CMS,2026-09-09,2026-09-11T03:22:58+00:00,21,68.169998,64.18302515324251,67.83330211119524,71.6911810299148,neutral,-0.00027725130850798034,0.191615
trend-decay-v1,CMS,2026-09-09,2026-09-11T03:22:58+00:00,84,68.169998,60.25062578630894,67.29876801691559,75.1714047362442,neutral,-0.00027725130850798034,0.191615
trend-decay-v1,CMS,2026-09-09,2026-09-11T03:22:58+00:00,252,68.169998,55.32598224094556,67.01105727943045,81.16406823381799,neutral,-0.00027725130850798034,0.191615
trend-decay-v1,CNC,2026-09-09,2026-09-11T03:22:58+00:00,21,64.059998,57.30514697500558,63.98993682896957,71.45452427094341,neutral,-6.12748735892927e-05,0.382213
trend-decay-v1,CNC,2026-09-09,2026-09-11T03:22:58+00:00,84,64.059998,51.22904139619091,63.87815013227146,79.65048638650514,neutral,-6.12748735892927e-05,0.382213
trend-decay-v1,CNC,2026-09-09,2026-09-11T03:22:58+00:00,252,64.059998,43.545984735686474,63.81769481516913,93.52637668529835,neutral,-6.12748735892927e-05,0.382213
trend-decay-v1,CNP,2026-09-09,2026-09-11T03:22:58+00:00,21,39.77,37.47684184689892,39.62390449349921,41.89397318279804,neutral,-0.00020607937970936838,0.192983
trend-decay-v1,CNP,2026-09-09,2026-09-11T03:22:58+00:00,84,39.77,35.23829273799598,39.391582060304984,44.034390336414106,neutral,-0.00020607937970936838,0.192983
trend-decay-v1,CNP,2026-09-09,2026-09-11T03:22:58+00:00,252,39.77,32.37493946640763,39.26633948658359,47.624657901691485,neutral,-0.00020607937970936838,0.192983
trend-decay-v1,COF,2026-09-09,2026-09-11T03:22:58+00:00,21,210.860001,193.34262552353218,210.8282667644517,229.89528535957984,neutral,-8.427929110189236e-06,0.299922
trend-decay-v1,COF,2026-09-09,2026-09-11T03:22:58+00:00,84,210.860001,177.26457018063084,210.77757083038748,250.6264185781071,neutral,-8.427929110189236e-06,0.299922
trend-decay-v1,COF,2026-09-09,2026-09-11T03:22:58+00:00,252,210.860001,156.1397088816583,210.75012209561754,284.4607197069982,neutral,-8.427929110189236e-06,0.299922
trend-decay-v1,COHR,2026-09-09,2026-09-11T03:22:58+00:00,21,303.480011,222.38611381415458,299.4104765166909,403.1125501067415,neutral,-0.0007559572695477122,1.030225
trend-decay-v1,COHR,2026-09-09,2026-09-11T03:22:58+00:00,84,303.480011,161.65164049282913,293.0210160624469,531.150290788899,down,-0.0007559572695477122,1.030225
trend-decay-v1,COHR,2026-09-09,2026-09-11T03:22:58+00:00,252,303.480011,103.37237155178533,289.6179749194766,811.4215639760072,down,-0.0007559572695477122,1.030225
trend-decay-v1,COIN,2026-09-09,2026-09-11T03:22:58+00:00,21,174.720001,145.79746431378948,179.37969918321335,220.69709257636805,up,0.0014738105101510354,0.718061
trend-decay-v1,COIN,2026-09-09,2026-09-11T03:22:58+00:00,84,174.720001,123.59215079609207,187.08438088643612,283.1940810659298,up,0.0014738105101510354,0.718061
trend-decay-v1,COIN,2026-09-09,2026-09-11T03:22:58+00:00,252,174.720001,93.34227861485286,191.39400414280757,392.44451030562396,up,0.0014738105101510354,0.718061
trend-decay-v1,COO,2026-09-09,2026-09-11T03:22:58+00:00,21,63.48,56.0480117760242,61.5233618428497,67.53360079162321,down,-0.001753107904872487,0.322883
trend-decay-v1,COO,2026-09-09,2026-09-11T03:22:58+00:00,84,63.48,48.56852595193158,58.52138798041068,70.51383141714543,down,-0.001753107904872487,0.322883
trend-decay-v1,COO,2026-09-09,2026-09-11T03:22:58+00:00,252,63.48,41.24042575800086,56.957306761372074,78.6639500897893,down,-0.001753107904872487,0.322883
trend-decay-v1,COP,2026-09-09,2026-09-11T03:22:58+00:00,21,136.529999,128.15436856307562,139.55564506303992,151.97123818198594,up,0.0012273715050656448,0.295238
trend-decay-v1,COP,2026-09-09,2026-09-11T03:22:58+00:00,84,136.529999,121.87921795730213,144.5298811839335,171.3900606283831,up,0.0012273715050656448,0.295238
trend-decay-v1,COP,2026-09-09,2026-09-11T03:22:58+00:00,252,136.529999,109.6413431948051,147.2972306161764,197.88588423844706,up,0.0012273715050656448,0.295238
trend-decay-v1,COR,2026-09-09,2026-09-11T03:22:58+00:00,21,323.320007,300.3782010162772,324.1966118554216,349.9036973486616,neutral,0.0001516133934179746,0.264338
trend-decay-v1,COR,2026-09-09,2026-09-11T03:22:58+00:00,84,323.320007,279.516355779644,325.60221089885766,379.28656964103476,neutral,0.0001516133934179746,0.264338
trend-decay-v1,COR,2026-09-09,2026-09-11T03:22:58+00:00,252,323.320007,250.5557036946743,326.3659395718478,425.11395646539836,neutral,0.0001516133934179746,0.264338
trend-decay-v1,COST,2026-09-09,2026-09-11T03:22:58+00:00,21,902.599976,837.7997484992962,892.6026921915736,950.9904574867682,neutral,-0.0006236736220540693,0.219494
trend-decay-v1,COST,2026-09-09,2026-09-11T03:22:58+00:00,84,902.599976,772.4908880418965,876.8580610572242,995.3257328251282,down,-0.0006236736220540693,0.219494
trend-decay-v1,COST,2026-09-09,2026-09-11T03:22:58+00:00,252,902.599976,697.2985608997807,868.447965143196,1081.6053702852194,down,-0.0006236736220540693,0.219494
trend-decay-v1,CPAY,2026-09-09,2026-09-11T03:22:58+00:00,21,406.089996,375.9255999164899,409.25870119055804,445.5474288992029,neutral,0.0004352361806060233,0.294297
trend-decay-v1,CPAY,2026-09-09,2026-09-11T03:22:58+00:00,84,406.089996,349.6226484354346,414.3731422652306,491.1154978064017,up,0.0004352361806060233,0.294297
trend-decay-v1,CPAY,2026-09-09,2026-09-11T03:22:58+00:00,252,406.089996,310.81424999009386,417.16943859306406,559.9175086135814,up,0.0004352361806060233,0.294297
trend-decay-v1,CPRT,2026-09-09,2026-09-11T03:22:58+00:00,21,32.029999,28.91945836743331,32.39154112764084,36.2804836554333,neutral,0.0006285165473911677,0.392769
trend-decay-v1,CPRT,2026-09-09,2026-09-11T03:22:58+00:00,84,32.029999,26.28679315701187,32.977712008628075,41.37170642414094,up,0.0006285165473911677,0.392769
trend-decay-v1,CPRT,2026-09-09,2026-09-11T03:22:58+00:00,252,32.029999,22.483354578450168,33.2995618390242,49.31918921626655,up,0.0006285165473911677,0.392769
trend-decay-v1,CPT,2026-09-09,2026-09-11T03:22:58+00:00,21,104.110001,97.29014363708963,103.07854942249189,109.21134406666138,neutral,-0.0005575335811095597,0.200203
trend-decay-v1,CPT,2026-09-09,2026-09-11T03:22:58+00:00,84,104.110001,90.3774616869959,101.45163420652216,113.8827523041059,down,-0.0005575335811095597,0.200203
trend-decay-v1,CPT,2026-09-09,2026-09-11T03:22:58+00:00,252,104.110001,82.33232132273307,100.58134028910622,122.87526759627085,down,-0.0005575335811095597,0.200203
trend-decay-v1,CRH,2026-09-09,2026-09-11T03:22:58+00:00,21,89.349998,79.16497683903992,87.24827184857816,96.15692752668676,down,-0.0013328907053748824,0.336793
trend-decay-v1,CRH,2026-09-09,2026-09-11T03:22:58+00:00,84,89.349998,69.14988427816186,83.99219802127115,102.02026224753003,down,-0.0013328907053748824,0.336793
trend-decay-v1,CRH,2026-09-09,2026-09-11T03:22:58+00:00,252,89.349998,58.75252364185332,82.27992125173887,115.22884501883146,down,-0.0013328907053748824,0.336793
trend-decay-v1,CRL,2026-09-09,2026-09-11T03:22:58+00:00,21,278.350006,247.30629687199604,283.16755553604213,324.2289643347015,neutral,0.0009608549948991245,0.469078
trend-decay-v1,CRL,2026-09-09,2026-09-11T03:22:58+00:00,84,278.350006,221.99044442259884,291.03881622793233,381.5641379144572,up,0.0009608549948991245,0.469078
trend-decay-v1,CRL,2026-09-09,2026-09-11T03:22:58+00:00,252,278.350006,184.79118991624412,295.39235348105484,472.1904898963268,up,0.0009608549948991245,0.469078
trend-decay-v1,CRM,2026-09-09,2026-09-11T03:22:58+00:00,21,244.160004,213.4269672480423,254.76564105761693,304.11120347348634,up,0.0023809523809523807,0.613317
trend-decay-v1,CRM,2026-09-09,2026-09-11T03:22:58+00:00,84,244.160004,191.36554721462613,272.67597725439754,388.5348729374519,up,0.0023809523809523807,0.613317
trend-decay-v1,CRM,2026-09-09,2026-09-11T03:22:58+00:00,252,244.160004,153.20232273474124,282.8951738627752,522.3790211941854,up,0.0023809523809523807,0.613317
trend-decay-v1,CRWD,2026-09-09,2026-09-11T03:22:58+00:00,21,207.800003,171.95242616518811,208.21713620213634,252.13006164024756,neutral,0.00011229179704773388,0.662903
trend-decay-v1,CRWD,2026-09-09,2026-09-11T03:22:58+00:00,84,207.800003,142.45960183912067,208.88538181157878,306.28404243221047,neutral,0.00011229179704773388,0.662903
trend-decay-v1,CRWD,2026-09-09,2026-09-11T03:22:58+00:00,252,207.800003,107.83668475860044,209.24815758240948,406.0287234316227,neutral,0.00011229179704773388,0.662903
trend-decay-v1,CSCO,2026-09-09,2026-09-11T03:22:58+00:00,21,109.43,95.21935738395139,107.65944473537076,121.72478747143764,neutral,-0.0009134078913972339,0.425356
trend-decay-v1,CSCO,2026-09-09,2026-09-11T03:22:58+00:00,84,109.43,82.05006376267116,104.8896657982738,134.08694017711267,down,-0.0009134078913972339,0.425356
trend-decay-v1,CSCO,2026-09-09,2026-09-11T03:22:58+00:00,252,109.43,67.58853351927297,103.41958416942681,158.245930675908,down,-0.0009134078913972339,0.425356
trend-decay-v1,CSGP,2026-09-09,2026-09-11T03:22:58+00:00,21,29.58,25.43867208640447,29.058132489474573,33.19257628337953,neutral,-0.0009967263665063583,0.460822
trend-decay-v1,CSGP,2026-09-09,2026-09-11T03:22:58+00:00,84,29.58,21.64557934191678,28.243319504420974,36.85210194785985,down,-0.0009967263665063583,0.460822
trend-decay-v1,CSGP,2026-09-09,2026-09-11T03:22:58+00:00,252,29.58,17.542610446191574,27.811644615210533,44.09193139044423,down,-0.0009967263665063583,0.460822
trend-decay-v1,CSX,2026-09-09,2026-09-11T03:22:58+00:00,21,48.369999,45.23734602035521,48.22757354180972,51.41545767702844,neutral,-0.00016512243237428226,0.22173
trend-decay-v1,CSX,2026-09-09,2026-09-11T03:22:58+00:00,84,48.369999,42.23305900817914,48.00087204561938,54.55640134174745,neutral,-0.00016512243237428226,0.22173
trend-decay-v1,CSX,2026-09-09,2026-09-11T03:22:58+00:00,252,48.369999,38.357020895695456,47.87854947681864,59.76364812683942,neutral,-0.00016512243237428226,0.22173
trend-decay-v1,CTAS,2026-09-09,2026-09-11T03:22:58+00:00,21,200.039993,184.46689457911378,200.3159187517925,217.5266591706264,neutral,7.718455557910555e-05,0.285531
trend-decay-v1,CTAS,2026-09-09,2026-09-11T03:22:58+00:00,84,200.039993,170.24639401656788,200.7575907360843,236.73693925191094,neutral,7.718455557910555e-05,0.285531
trend-decay-v1,CTAS,2026-09-09,2026-09-11T03:22:58+00:00,252,200.039993,151.07250338408795,200.9971796641467,267.4203798041813,neutral,7.718455557910555e-05,0.285531
trend-decay-v1,CTSH,2026-09-09,2026-09-11T03:22:58+00:00,21,58.200001,50.11050488572239,58.302255041417304,67.83314098842705,neutral,9.829481468031609e-05,0.5245
trend-decay-v1,CTSH,2026-09-09,2026-09-11T03:22:58+00:00,84,58.200001,43.19070821278663,58.46601239140028,79.1437498109695,neutral,9.829481468031609e-05,0.5245
trend-decay-v1,CTSH,2026-09-09,2026-09-11T03:22:58+00:00,252,58.200001,34.65578005601245,58.55488527994522,98.93514399635342,neutral,9.829481468031609e-05,0.5245
trend-decay-v1,CTVA,2026-09-09,2026-09-11T03:22:58+00:00,21,84.75,79.03473848298327,86.45985245606876,94.58253712492092,up,0.0011184811598904658,0.311051
trend-decay-v1,CTVA,2026-09-09,2026-09-11T03:22:58+00:00,84,84.75,74.59030130836996,89.26378549575281,106.82385325258983,up,0.0011184811598904658,0.311051
trend-decay-v1,CTVA,2026-09-09,2026-09-11T03:22:58+00:00,252,84.75,66.54167615243496,90.81999407409185,123.95647059930954,up,0.0011184811598904658,0.311051
trend-decay-v1,CVNA,2026-09-09,2026-09-11T03:22:58+00:00,21,73.410004,61.64975508733789,73.51788849272351,87.67074452723374,neutral,8.22316875855784e-05,0.609888
trend-decay-v1,CVNA,2026-09-09,2026-09-11T03:22:58+00:00,84,73.410004,51.818966224965145,73.69059849691683,104.79375993837583,neutral,8.22316875855784e-05,0.609888
trend-decay-v1,CVNA,2026-09-09,2026-09-11T03:22:58+00:00,252,73.410004,40.09525230815165,73.7842969859394,135.77972872869233,neutral,8.22316875855784e-05,0.609888
trend-decay-v1,CVS,2026-09-09,2026-09-11T03:22:58+00:00,21,95.379997,88.35914721604011,95.49837559000666,103.21443820673734,neutral,6.945457294540122e-05,0.269159
trend-decay-v1,CVS,2026-09-09,2026-09-11T03:22:58+00:00,84,95.379997,81.915816570147,95.68782920529391,111.7752473379888,neutral,6.945457294540122e-05,0.269159
trend-decay-v1,CVS,2026-09-09,2026-09-11T03:22:58+00:00,252,95.379997,73.18609009644865,95.79058254965614,125.37677163939303,neutral,6.945457294540122e-05,0.269159
trend-decay-v1,CVX,2026-09-09,2026-09-11T03:22:58+00:00,21,213.809998,202.713181390789,217.9474890792762,234.32668596122974,neutral,0.0010732350264558439,0.251016
trend-decay-v1,CVX,2026-09-09,2026-09-11T03:22:58+00:00,84,213.809998,194.4071374031519,224.72529868232812,259.7716346346592,up,0.0010732350264558439,0.251016
trend-decay-v1,CVX,2026-09-09,2026-09-11T03:22:58+00:00,252,213.809998,177.76228450378792,228.48331259022535,293.67660456169597,up,0.0010732350264558439,0.251016
trend-decay-v1,D,2026-09-09,2026-09-11T03:22:58+00:00,21,65.099998,60.49331971132832,64.79037657060738,69.39266874743868,neutral,-0.00026695571028995325,0.237721
trend-decay-v1,D,2026-09-09,2026-09-11T03:22:58+00:00,84,65.099998,56.05264045673487,64.29870819116391,73.75787904663639,neutral,-0.00026695571028995325,0.237721
trend-decay-v1,D,2026-09-09,2026-09-11T03:22:58+00:00,252,65.099998,50.48586241962572,64.03400977827722,81.21787391098512,neutral,-0.00026695571028995325,0.237721
trend-decay-v1,DAL,2026-09-09,2026-09-11T03:22:58+00:00,21,78.75,69.3591323267776,77.45031825396964,86.48539271482947,neutral,-0.0009318574422805764,0.382225
trend-decay-v1,DAL,2026-09-09,2026-09-11T03:22:58+00:00,84,78.75,60.48337623840242,75.41802169687043,94.0403520836894,down,-0.0009318574422805764,0.382225
trend-decay-v1,DAL,2026-09-09,2026-09-11T03:22:58+00:00,252,78.75,50.72513339109558,74.33980303871326,108.94808838107068,down,-0.0009318574422805764,0.382225
trend-decay-v1,DASH,2026-09-09,2026-09-11T03:22:58+00:00,21,197.244995,172.0490122614933,197.1066203287231,225.81367522391022,neutral,-3.929681445482696e-05,0.470998
trend-decay-v1,DASH,2026-09-09,2026-09-11T03:22:58+00:00,84,197.244995,150.00860383746866,196.8857228675168,258.4117635750055,neutral,-3.929681445482696e-05,0.470998
trend-decay-v1,DASH,2026-09-09,2026-09-11T03:22:58+00:00,252,197.244995,122.8566502040268,196.76620163644043,315.1391320057603,neutral,-3.929681445482696e-05,0.470998
trend-decay-v1,DD,2026-09-09,2026-09-11T03:22:58+00:00,21,127.919998,116.19375559445879,125.54390100466854,135.64645534378147,neutral,-0.001049893209573538,0.268109
trend-decay-v1,DD,2026-09-09,2026-09-11T03:22:58+00:00,84,127.919998,104.36602115662754,121.83856831034183,142.2363003149819,down,-0.001049893209573538,0.268109
trend-decay-v1,DD,2026-09-09,2026-09-11T03:22:58+00:00,252,127.919998,91.68549949897216,119.87784152343973,156.73903689077932,down,-0.001049893209573538,0.268109
trend-decay-v1,DDOG,2026-09-09,2026-09-11T03:22:58+00:00,21,225.270004,182.8542523184846,221.68126841168214,268.75275877652894,neutral,-0.0008992386546823036,0.667017
trend-decay-v1,DDOG,2026-09-09,2026-09-11T03:22:58+00:00,84,225.270004,147.00675456521714,216.06536543308107,317.5652865598102,down,-0.0008992386546823036,0.667017
trend-decay-v1,DDOG,2026-09-09,2026-09-11T03:22:58+00:00,252,225.270004,109.36252527136507,213.08375055262582,415.1758990285697,down,-0.0008992386546823036,0.667017
trend-decay-v1,DE,2026-09-09,2026-09-11T03:22:58+00:00,21,677.210022,626.0548840053524,692.136940941122,765.1941662853294,up,0.0012208385227367757,0.347608
trend-decay-v1,DE,2026-09-09,2026-09-11T03:22:58+00:00,84,677.210022,586.3569318188636,716.6734339938847,875.9524840941999,up,0.0012208385227367757,0.347608
trend-decay-v1,DE,2026-09-09,2026-09-11T03:22:58+00:00,252,677.210022,515.8817480080501,730.3220262275408,1033.9002378986625,up,0.0012208385227367757,0.347608
trend-decay-v1,DECK,2026-09-09,2026-09-11T03:22:58+00:00,21,80.230003,68.66461401174794,76.9553326258816,86.2470910933374,down,-0.002333472877153623,0.394877
trend-decay-v1,DECK,2026-09-09,2026-09-11T03:22:58+00:00,84,80.230003,57.320453250795154,71.99810883939273,90.43417109366858,down,-0.002333472877153623,0.394877
trend-decay-v1,DECK,2026-09-09,2026-09-11T03:22:58+00:00,252,80.230003,46.791628832862706,69.44821145156955,103.07514814347705,down,-0.002333472877153623,0.394877
trend-decay-v1,DELL,2026-09-09,2026-09-11T03:22:58+00:00,21,535.25,422.15324507800705,558.4997835111825,738.8833600566062,up,0.0023809523809523807,0.969553
trend-decay-v1,DELL,2026-09-09,2026-09-11T03:22:58+00:00,84,535.25,341.5256107959028,597.7630014513609,1046.248347441434,up,0.0023809523809523807,0.969553
trend-decay-v1,DELL,2026-09-09,2026-09-11T03:22:58+00:00,252,535.25,235.19938039276093,620.1656263490659,1635.2313660974542,up,0.0023809523809523807,0.969553
trend-decay-v1,DG,2026-09-09,2026-09-11T03:22:58+00:00,21,124.57,111.96840894587106,125.18022384488229,139.95097893576605,neutral,0.0002736330192469191,0.386378
trend-decay-v1,DG,2026-09-09,2026-09-11T03:22:58+00:00,84,124.57,100.9360477112289,126.16146661441496,157.69109271879526,neutral,0.0002736330192469191,0.386378
trend-decay-v1,DG,2026-09-09,2026-09-11T03:22:58+00:00,252,124.57,86.09169472724604,126.6960544560193,186.45108875574914,neutral,0.0002736330192469191,0.386378
trend-decay-v1,DGX,2026-09-09,2026-09-11T03:22:58+00:00,21,235.460007,220.51696260682562,236.49859227711386,253.63846612009021,neutral,0.00024644687166061634,0.242375
trend-decay-v1,DGX,2026-09-09,2026-09-11T03:22:58+00:00,84,235.460007,207.0663574580152,238.16758887780745,273.94020490928676,neutral,0.00024644687166061634,0.242375
trend-decay-v1,DGX,2026-09-09,2026-09-11T03:22:58+00:00,252,235.460007,187.61797712692302,239.07632654669806,304.64825807388667,neutral,0.00024644687166061634,0.242375
trend-decay-v1,DHI,2026-09-09,2026-09-11T03:22:58+00:00,21,138.929993,123.84059286624769,137.41081859483532,152.46804484613293,neutral,-0.0006156747343336319,0.360197
trend-decay-v1,DHI,2026-09-09,2026-09-11T03:22:58+00:00,84,138.929993,109.66684538804327,135.01784119216106,166.2290674605215,down,-0.0006156747343336319,0.360197
trend-decay-v1,DHI,2026-09-09,2026-09-11T03:22:58+00:00,252,138.929993,93.28842784674401,133.73939173602452,191.7303712235954,down,-0.0006156747343336319,0.360197
trend-decay-v1,DHR,2026-09-09,2026-09-11T03:22:58+00:00,21,204.850006,184.18097084687946,204.79258487068307,227.710835843531,neutral,-1.5698240512003892e-05,0.367468
trend-decay-v1,DHR,2026-09-09,2026-09-11T03:22:58+00:00,84,204.850006,165.56965627743693,204.70086919351291,253.0804664978335,neutral,-1.5698240512003892e-05,0.367468
trend-decay-v1,DHR,2026-09-09,2026-09-11T03:22:58+00:00,252,204.850006,141.71799865864114,204.65121872714602,295.5314196003321,neutral,-1.5698240512003892e-05,0.367468
trend-decay-v1,DIS,2026-09-09,2026-09-11T03:22:58+00:00,21,104.18,96.91830324604263,104.5066498485599,112.6891360741549,neutral,0.00017529619893069602,0.261132
trend-decay-v1,DIS,2026-09-09,2026-09-11T03:22:58+00:00,84,104.18,90.33167056791507,105.03070705428554,122.12161421313745,neutral,0.00017529619893069602,0.261132
trend-decay-v1,DIS,2026-09-09,2026-09-11T03:22:58+00:00,252,104.18,81.11189013395762,105.31560050931984,136.74167489280623,neutral,0.00017529619893069602,0.261132
trend-decay-v1,DLR,2026-09-09,2026-09-11T03:22:58+00:00,21,189.080002,171.9319148995308,188.95985473158893,207.6742222120195,neutral,-3.5592678892634845e-05,0.327136
trend-decay-v1,DLR,2026-09-09,2026-09-11T03:22:58+00:00,84,189.080002,156.2796286739048,188.76803850757886,228.01034699379696,neutral,-3.5592678892634845e-05,0.327136
trend-decay-v1,DLR,2026-09-09,2026-09-11T03:22:58+00:00,252,189.080002,136.02421856956875,188.66424383704825,261.6754374839563,neutral,-3.5592678892634845e-05,0.327136
trend-decay-v1,DLTR,2026-09-09,2026-09-11T03:22:58+00:00,21,118.389999,101.58859688772763,117.0415552813467,134.84511138406526,neutral,-0.000641441795010139,0.490509
trend-decay-v1,DLTR,2026-09-09,2026-09-11T03:22:58+00:00,84,118.389999,86.57664531836717,114.91877768639854,152.5391220273371,down,-0.000641441795010139,0.490509
trend-decay-v1,DLTR,2026-09-09,2026-09-11T03:22:58+00:00,252,118.389999,69.6724217068577,113.78532602931647,185.8281957540094,down,-0.000641441795010139,0.490509
trend-decay-v1,DOC,2026-09-09,2026-09-11T03:22:58+00:00,21,20.389999,19.05327209746953,20.343899669416672,21.721951570421258,neutral,-0.00012674276461483244,0.227045
trend-decay-v1,DOC,2026-09-09,2026-09-11T03:22:58+00:00,84,20.389999,17.780102916448072,20.270457089597986,23.109620487130282,neutral,-0.00012674276461483244,0.227045
trend-decay-v1,DOC,2026-09-09,2026-09-11T03:22:58+00:00,252,20.389999,16.121616125517747,20.230795799094896,25.38734922591587,neutral,-0.00012674276461483244,0.227045
trend-decay-v1,DOV,2026-09-09,2026-09-11T03:22:58+00:00,21,191.419998,173.7678473399367,187.80579993967288,202.97781799633404,neutral,-0.0010673616005031548,0.26912
trend-decay-v1,DOV,2026-09-09,2026-09-11T03:22:58+00:00,84,191.419998,155.9561595498218,182.17202694917435,212.79472063537756,down,-0.0010673616005031548,0.26912
trend-decay-v1,DOV,2026-09-09,2026-09-11T03:22:58+00:00,252,191.419998,136.9119184852701,179.19198774468214,234.52865774680456,down,-0.0010673616005031548,0.26912
trend-decay-v1,DOW,2026-09-09,2026-09-11T03:22:58+00:00,21,29.4,26.204077209963298,29.081213706549814,32.27425197497368,neutral,-0.0006104806668243647,0.360881
trend-decay-v1,DOW,2026-09-09,2026-09-11T03:22:58+00:00,84,29.4,23.203837398641912,28.579006579378635,35.19933375812964,down,-0.0006104806668243647,0.360881
trend-decay-v1,DOW,2026-09-09,2026-09-11T03:22:58+00:00,252,29.4,19.73429168126444,28.31067146023244,40.61428357675238,down,-0.0006104806668243647,0.360881
trend-decay-v1,DPZ,2026-09-09,2026-09-11T03:22:58+00:00,21,321.459991,286.2987921689869,317.12654563824395,351.2737346411317,neutral,-0.0007599842359848131,0.354256
trend-decay-v1,DPZ,2026-09-09,2026-09-11T03:22:58+00:00,84,321.459991,252.92299036929685,310.323360886501,380.7506315312956,down,-0.0007599842359848131,0.354256
trend-decay-v1,DPZ,2026-09-09,2026-09-11T03:22:58+00:00,252,321.459991,215.21015565441695,306.7002906770903,437.08470920145976,down,-0.0007599842359848131,0.354256
trend-decay-v1,DRI,2026-09-09,2026-09-11T03:22:58+00:00,21,209.419998,192.5943736459996,208.49337894666738,225.70487518237812,neutral,-0.0002483133193593948,0.274776
trend-decay-v1,DRI,2026-09-09,2026-09-11T03:22:58+00:00,84,209.419998,176.65164809545723,207.02130300769934,242.61205803099327,neutral,-0.0002483133193593948,0.274776
trend-decay-v1,DRI,2026-09-09,2026-09-11T03:22:58+00:00,252,209.419998,156.68048139509506,206.22845956048087,271.44528248826475,neutral,-0.0002483133193593948,0.274776
trend-decay-v1,DTE,2026-09-09,2026-09-11T03:22:58+00:00,21,136.059998,128.56558443721678,135.5585351146321,142.93184698583676,neutral,-0.00020675891267252686,0.183474
trend-decay-v1,DTE,2026-09-09,2026-09-11T03:22:58+00:00,84,136.059998,121.21610472326263,134.761116735601,149.81968464740712,neutral,-0.00020675891267252686,0.183474
trend-decay-v1,DTE,2026-09-09,2026-09-11T03:22:58+00:00,252,136.059998,111.81376947152624,134.33124332445385,161.38337003018952,neutral,-0.00020675891267252686,0.183474
trend-decay-v1,DUK,2026-09-09,2026-09-11T03:22:58+00:00,21,120.43,113.82728546506057,120.1296129596065,126.7808843096281,neutral,-0.00013984374690603781,0.186677
trend-decay-v1,DUK,2026-09-09,2026-09-11T03:22:58+00:00,84,120.43,107.42606364996999,119.65120042879468,133.2675635467687,neutral,-0.00013984374690603781,0.186677
trend-decay-v1,DUK,2026-09-09,2026-09-11T03:22:58+00:00,252,120.43,99.0616990613859,119.3929171508292,143.8968723618553,neutral,-0.00013984374690603781,0.186677
trend-decay-v1,DVA,2026-09-09,2026-09-11T03:22:58+00:00,21,183.009995,163.18060021116227,182.81751486032795,204.8175070839089,neutral,-5.892423525004695e-05,0.393629
trend-decay-v1,DVA,2026-09-09,2026-09-11T03:22:58+00:00,84,183.009995,145.40824443862823,182.5103847934631,229.07944928471355,neutral,-5.892423525004695e-05,0.393629
trend-decay-v1,DVA,2026-09-09,2026-09-11T03:22:58+00:00,252,183.009995,123.01023137473982,182.34427732074764,270.29812967617505,neutral,-5.892423525004695e-05,0.393629
trend-decay-v1,DVN,2026-09-09,2026-09-11T03:22:58+00:00,21,48.98,44.8992423737823,49.75517618075071,55.13628796157793,neutral,0.000879269052879272,0.355741
trend-decay-v1,DVN,2026-09-09,2026-09-11T03:22:58+00:00,84,48.98,41.54666082990137,51.019316457265234,62.65174143413233,up,0.000879269052879272,0.355741
trend-decay-v1,DVN,2026-09-09,2026-09-11T03:22:58+00:00,252,48.98,36.2359031216429,51.71725231149387,73.81281977909903,up,0.000879269052879272,0.355741
trend-decay-v1,DXCM,2026-09-09,2026-09-11T03:22:58+00:00,21,83.879997,73.42802705476979,83.68402629633184,95.37252379042712,neutral,-0.0001309769644761753,0.452905
trend-decay-v1,DXCM,2026-09-09,2026-09-11T03:22:58+00:00,84,83.879997,64.18861653772483,83.3718486437407,108.28812835044761,neutral,-0.0001309769644761753,0.452905
trend-decay-v1,DXCM,2026-09-09,2026-09-11T03:22:58+00:00,252,83.879997,52.89885816738298,83.20327864933796,130.86833663014517,neutral,-0.0001309769644761753,0.452905
trend-decay-v1,EBAY,2026-09-09,2026-09-11T03:22:58+00:00,21,103.510002,93.9276544519246,102.88346602982338,112.69319609942558,neutral,-0.0003399662034083718,0.315483
trend-decay-v1,EBAY,2026-09-09,2026-09-11T03:22:58+00:00,84,103.510002,84.92358646338774,101.89023071670007,122.2465930590213,neutral,-0.0003399662034083718,0.315483
trend-decay-v1,EBAY,2026-09-09,2026-09-11T03:22:58+00:00,252,103.510002,73.93302803677604,101.35636335737954,138.95159803170867,down,-0.0003399662034083718,0.315483
trend-decay-v1,ECHO,2026-09-09,2026-09-11T03:22:58+00:00,21,91.32,77.92672418814175,90.82381244910574,105.85540446785001,neutral,-0.0003050821975297276,0.530536
trend-decay-v1,ECHO,2026-09-09,2026-09-11T03:22:58+00:00,84,91.32,66.2815067123842,90.03657955438119,122.3053919553968,neutral,-0.0003050821975297276,0.530536
trend-decay-v1,ECHO,2026-09-09,2026-09-11T03:22:58+00:00,252,91.32,52.71845969544685,89.61311419596358,152.32824104290702,neutral,-0.0003050821975297276,0.530536
trend-decay-v1,ECL,2026-09-09,2026-09-11T03:22:58+00:00,21,272.209991,253.5310524940049,270.58524092905867,288.7866077484454,neutral,-0.000335224836812043,0.225516
trend-decay-v1,ECL,2026-09-09,2026-09-11T03:22:58+00:00,84,272.209991,235.29024979191888,268.009273046738,305.2781426453649,neutral,-0.000335224836812043,0.225516
trend-decay-v1,ECL,2026-09-09,2026-09-11T03:22:58+00:00,252,272.209991,212.7941870176892,266.62453704786185,334.0723012799084,down,-0.000335224836812043,0.225516
trend-decay-v1,ED,2026-09-09,2026-09-11T03:22:58+00:00,21,107.489998,102.25889866658291,107.66368828121956,113.3541425290509,neutral,9.040889718260499e-05,0.178417
trend-decay-v1,ED,2026-09-09,2026-09-11T03:22:58+00:00,84,107.489998,97.37632124740135,107.94179813751195,119.65364511519081,neutral,9.040889718260499e-05,0.178417
trend-decay-v1,ED,2026-09-09,2026-09-11T03:22:58+00:00,252,107.489998,90.42965362263541,108.09270520012558,129.20576878729332,neutral,9.040889718260499e-05,0.178417
trend-decay-v1,EFX,2026-09-09,2026-09-11T03:22:58+00:00,21,168.089996,146.40626114047808,165.9827234444277,188.17681885609147,neutral,-0.0007064310980250636,0.434739
trend-decay-v1,EFX,2026-09-09,2026-09-11T03:22:58+00:00,84,168.089996,126.56159683865882,162.67035642413106,209.0811551065308,down,-0.0007064310980250636,0.434739
trend-decay-v1,EFX,2026-09-09,2026-09-11T03:22:58+00:00,252,168.089996,104.17482606837517,160.90425645642912,248.52625843409893,down,-0.0007064310980250636,0.434739
trend-decay-v1,EG,2026-09-09,2026-09-11T03:22:58+00:00,21,367.869995,344.58920364919953,369.12339761764656,395.40438651555445,neutral,0.00019046350500682695,0.238254
trend-decay-v1,EG,2026-09-09,2026-09-11T03:22:58+00:00,84,367.869995,323.43877440700265,371.13498860497674,425.86477153010776,neutral,0.00019046350500682695,0.238254
trend-decay-v1,EG,2026-09-09,2026-09-11T03:22:58+00:00,252,367.869995,293.31732078542035,372.2289154334124,472.3702136434537,neutral,0.00019046350500682695,0.238254
trend-decay-v1,EIX,2026-09-09,2026-09-11T03:22:58+00:00,21,57.439999,47.579172215948084,55.5601646763694,64.87989923100379,down,-0.0018632233611904918,0.537183
trend-decay-v1,EIX,2026-09-09,2026-09-11T03:22:58+00:00,84,57.439999,38.6349353371843,52.683361116414424,71.84007205652559,down,-0.0018632233611904918,0.537183
trend-decay-v1,EIX,2026-09-09,2026-09-11T03:22:58+00:00,252,57.439999,29.91394565505454,51.18813574840454,87.59209739870451,down,-0.0018632233611904918,0.537183
trend-decay-v1,EL,2026-09-09,2026-09-11T03:22:58+00:00,21,98.769997,87.60699805033586,101.06285598593337,116.58544508242453,up,0.0012850317756132237,0.494957
trend-decay-v1,EL,2026-09-09,2026-09-11T03:22:58+00:00,84,98.769997,78.77906549184242,104.83742872078365,139.51531910369644,up,0.0012850317756132237,0.494957
trend-decay-v1,EL,2026-09-09,2026-09-11T03:22:58+00:00,252,98.769997,65.19032753246105,106.9400190008698,175.42736931658817,up,0.0012850317756132237,0.494957
trend-decay-v1,ELV,2026-09-09,2026-09-11T03:22:58+00:00,21,396.899994,359.8885048448058,397.32539310317816,438.6566002508804,neutral,5.998424499929785e-05,0.342812
trend-decay-v1,ELV,2026-09-09,2026-09-11T03:22:58+00:00,84,396.899994,326.5374410409786,398.00605413453314,485.1168632385452,neutral,5.998424499929785e-05,0.342812
trend-decay-v1,ELV,2026-09-09,2026-09-11T03:22:58+00:00,252,396.899994,282.7553785711516,398.3751451813337,561.272281009195,neutral,5.998424499929785e-05,0.342812
trend-decay-v1,EME,2026-09-09,2026-09-11T03:22:58+00:00,21,754.289978,644.6584682477187,744.6716213956204,860.2009451908641,neutral,-0.0007186222811071981,0.499602
trend-decay-v1,EME,2026-09-09,2026-09-11T03:22:58+00:00,84,754.289978,546.7503033137189,729.5570458761549,973.4854831569088,down,-0.0007186222811071981,0.499602
trend-decay-v1,EME,2026-09-09,2026-09-11T03:22:58+00:00,252,754.289978,437.7862966946726,721.5003650843865,1189.0796508415192,down,-0.0007186222811071981,0.499602
trend-decay-v1,EMR,2026-09-09,2026-09-11T03:22:58+00:00,21,150.339996,136.97552728390644,149.4776675979546,163.12091330164054,neutral,-0.0003221076378001144,0.302571
trend-decay-v1,EMR,2026-09-09,2026-09-11T03:22:58+00:00,84,150.339996,124.37065481484315,148.11006902912584,176.38077551710668,neutral,-0.0003221076378001144,0.302571
trend-decay-v1,EMR,2026-09-09,2026-09-11T03:22:58+00:00,252,150.339996,108.89752073184916,147.37469115481684,199.4471448662231,neutral,-0.0003221076378001144,0.302571
trend-decay-v1,EOG,2026-09-09,2026-09-11T03:22:58+00:00,21,147.009995,135.2735605978266,148.2411009585446,162.45173052504455,neutral,0.00046697193715168335,0.317107
trend-decay-v1,EOG,2026-09-09,2026-09-11T03:22:58+00:00,84,147.009995,125.09621641383555,150.22962912155043,180.41266245285487,up,0.00046697193715168335,0.317107
trend-decay-v1,EOG,2026-09-09,2026-09-11T03:22:58+00:00,252,147.009995,110.19747435028147,151.31760582026226,207.78169342061497,up,0.00046697193715168335,0.317107
trend-decay-v1,EQIX,2026-09-09,2026-09-11T03:22:58+00:00,21,1043.060059,969.4586598355985,1043.4181940108322,1123.0200654223386,neutral,1.9222827615191528e-05,0.254679
trend-decay-v1,EQIX,2026-09-09,2026-09-11T03:22:58+00:00,84,1043.060059,901.2357337063266,1043.9906873382945,1209.3579010308538,neutral,1.9222827615191528e-05,0.254679
trend-decay-v1,EQIX,2026-09-09,2026-09-11T03:22:58+00:00,252,1043.060059,809.5057639532379,1044.3008458768568,1347.1976423902481,neutral,1.9222827615191528e-05,0.254679
trend-decay-v1,EQT,2026-09-09,2026-09-11T03:22:58+00:00,21,54.630001,50.48574542057006,54.70400593834206,59.27471686855352,neutral,7.580360382125678e-05,0.27798
trend-decay-v1,EQT,2026-09-09,2026-09-11T03:22:58+00:00,84,54.630001,46.69364893435321,54.8224612132937,64.366403613231,neutral,7.580360382125678e-05,0.27798
trend-decay-v1,EQT,2026-09-09,2026-09-11T03:22:58+00:00,252,54.630001,41.56636718303385,54.886716388016126,72.47570187197287,neutral,7.580360382125678e-05,0.27798
trend-decay-v1,ERIE,2026-09-09,2026-09-11T03:22:58+00:00,21,243.830002,213.1164408873734,243.0507951966654,277.1897315841077,neutral,-0.0001792316945367934,0.455293
trend-decay-v1,ERIE,2026-09-09,2026-09-11T03:22:58+00:00,84,243.830002,185.91555571381983,241.81092163066995,314.511185443142,neutral,-0.0001792316945367934,0.455293
trend-decay-v1,ERIE,2026-09-09,2026-09-11T03:22:58+00:00,252,243.830002,152.94731036990945,241.1421239040997,380.19317750892856,neutral,-0.0001792316945367934,0.455293
trend-decay-v1,ES,2026-09-09,2026-09-11T03:22:58+00:00,21,70.440002,66.27028877180508,70.33212467225904,74.64291845697736,neutral,-8.582186414608762e-05,0.206069
trend-decay-v1,ES,2026-09-09,2026-09-11T03:22:58+00:00,84,70.440002,62.29030234094576,70.16009805398402,79.02416867398871,neutral,-8.582186414608762e-05,0.206069
trend-decay-v1,ES,2026-09-09,2026-09-11T03:22:58+00:00,252,70.440002,57.019001000013745,70.06711463149742,86.10113237133385,neutral,-8.582186414608762e-05,0.206069
trend-decay-v1,ESS,2026-09-09,2026-09-11T03:22:58+00:00,21,274.369995,257.6001094280878,272.9814463858787,289.28120502887134,neutral,-0.0002841058035182289,0.200902
trend-decay-v1,ESS,2026-09-09,2026-09-11T03:22:58+00:00,84,274.369995,241.12273792315938,270.77735464139795,304.07906122051025,neutral,-0.0002841058035182289,0.200902
trend-decay-v1,ESS,2026-09-09,2026-09-11T03:22:58+00:00,252,274.369995,220.5235963484721,269.5911904359283,329.57656760600213,neutral,-0.0002841058035182289,0.200902
trend-decay-v1,ETN,2026-09-09,2026-09-11T03:22:58+00:00,21,415.220001,359.3270198633704,411.9426727496709,472.2627474456764,neutral,-0.0004437267758759633,0.473374
trend-decay-v1,ETN,2026-09-09,2026-09-11T03:22:58+00:00,84,415.220001,309.48818325028816,406.75966917079444,534.6033787988902,down,-0.0004437267758759633,0.473374
trend-decay-v1,ETN,2026-09-09,2026-09-11T03:22:58+00:00,252,415.220001,251.63804498031385,403.9801429172595,648.5504045472013,down,-0.0004437267758759633,0.473374
trend-decay-v1,ETR,2026-09-09,2026-09-11T03:22:58+00:00,21,107.169998,101.31398398496687,107.34888971054775,113.74327283188528,neutral,9.339188288946435e-05,0.200432
trend-decay-v1,ETR,2026-09-09,2026-09-11T03:22:58+00:00,84,107.169998,95.8735020953156,107.63534782912006,120.84014716368354,neutral,9.339188288946435e-05,0.200432
trend-decay-v1,ETR,2026-09-09,2026-09-11T03:22:58+00:00,252,107.169998,88.21352228664135,107.7907949946386,131.71286197848278,neutral,9.339188288946435e-05,0.200432
trend-decay-v1,EVRG,2026-09-09,2026-09-11T03:22:58+00:00,21,81.220001,77.05280256566931,81.05332185048954,85.26154486593761,neutral,-0.00011503199442506905,0.17534
trend-decay-v1,EVRG,2026-09-09,2026-09-11T03:22:58+00:00,84,81.220001,73.00969315704998,80.78770689038703,89.39434344105116,neutral,-0.00011503199442506905,0.17534
trend-decay-v1,EVRG,2026-09-09,2026-09-11T03:22:58+00:00,252,81.220001,67.6743514832524,80.64422954345588,96.09980171390401,neutral,-0.00011503199442506905,0.17534
trend-decay-v1,EW,2026-09-09,2026-09-11T03:22:58+00:00,21,86.18,79.46929624799189,85.30595245590553,91.57128435742376,neutral,-0.0005708140025003814,0.245513
trend-decay-v1,EW,2026-09-09,2026-09-11T03:22:58+00:00,84,86.18,72.83591303246321,83.92773585052116,96.70867778997129,down,-0.0005708140025003814,0.245513
trend-decay-v1,EW,2026-09-09,2026-09-11T03:22:58+00:00,252,86.18,65.08033981853494,83.19069510463116,106.34074393724484,down,-0.0005708140025003814,0.245513
trend-decay-v1,EXC,2026-09-09,2026-09-11T03:22:58+00:00,21,43.700001,41.00987249051721,43.485194420965655,46.109924732549054,neutral,-0.00027592437182466777,0.203023
trend-decay-v1,EXC,2026-09-09,2026-09-11T03:22:58+00:00,84,43.700001,38.37214005850489,43.14415974674434,48.50963530870428,neutral,-0.00027592437182466777,0.203023
trend-decay-v1,EXC,2026-09-09,2026-09-11T03:22:58+00:00,252,43.700001,35.0669914902537,42.960593901275885,52.6310513082738,neutral,-0.00027592437182466777,0.203023
trend-decay-v1,EXE,2026-09-09,2026-09-11T03:22:58+00:00,21,96.620003,89.59333898235893,96.64744264437422,104.2569489628778,neutral,1.5900256306132903e-05,0.26254
trend-decay-v1,EXE,2026-09-09,2026-09-11T03:22:58+00:00,84,96.620003,83.09179139512919,96.69130264719581,112.51662589813489,neutral,1.5900256306132903e-05,0.26254
trend-decay-v1,EXE,2026-09-09,2026-09-11T03:22:58+00:00,252,96.620003,74.38312928857268,96.71506285487985,125.75167880790363,neutral,1.5900256306132903e-05,0.26254
trend-decay-v1,EXPD,2026-09-09,2026-09-11T03:22:58+00:00,21,188.309998,178.91098459270862,190.9806799927748,203.8646213564525,neutral,0.0007885723352915471,0.22615
trend-decay-v1,EXPD,2026-09-09,2026-09-11T03:22:58+00:00,84,188.309998,171.4182202878892,195.32680261160274,222.57003808811282,up,0.0007885723352915471,0.22615
trend-decay-v1,EXPD,2026-09-09,2026-09-11T03:22:58+00:00,252,188.309998,157.70239257077964,197.72153768927421,247.8960897734325,up,0.0007885723352915471,0.22615
trend-decay-v1,EXPE,2026-09-09,2026-09-11T03:22:58+00:00,21,272.600006,236.6007345477001,268.672925569542,305.0926324133777,neutral,-0.0008125413248509265,0.440359
trend-decay-v1,EXPE,2026-09-09,2026-09-11T03:22:58+00:00,84,272.600006,203.58174415188427,262.51520458438443,338.5089017931148,down,-0.0008125413248509265,0.440359
trend-decay-v1,EXPE,2026-09-09,2026-09-11T03:22:58+00:00,252,272.600006,166.89986424176914,259.23967431630115,402.6678454469516,down,-0.0008125413248509265,0.440359
trend-decay-v1,EXR,2026-09-09,2026-09-11T03:22:58+00:00,21,135.630005,125.66381123195991,133.60312871032116,142.04404455184093,neutral,-0.0008431236884804866,0.212223
trend-decay-v1,EXR,2026-09-09,2026-09-11T03:22:58+00:00,84,135.630005,115.3866038379916,130.4272068113183,147.42834705913546,down,-0.0008431236884804866,0.212223
trend-decay-v1,EXR,2026-09-09,2026-09-11T03:22:58+00:00,252,135.630005,104.12204309673682,128.73894894890793,159.175871732284,down,-0.0008431236884804866,0.212223
trend-decay-v1,F,2026-09-09,2026-09-11T03:22:58+00:00,21,13.45,11.621382610525618,13.340477634516521,15.3138700859782,neutral,-0.00045783514599578244,0.477894
trend-decay-v1,F,2026-09-09,2026-09-11T03:22:58+00:00,84,13.45,9.992415512351764,13.167327686352394,17.351011693365503,down,-0.00045783514599578244,0.477894
trend-decay-v1,F,2026-09-09,2026-09-11T03:22:58+00:00,252,13.45,8.10733965041838,13.07450016696141,21.084913422500122,down,-0.00045783514599578244,0.477894
trend-decay-v1,FANG,2026-09-09,2026-09-11T03:22:58+00:00,21,202.630005,184.45078169689575,203.69386473141958,224.94450903115987,neutral,0.00029322255751365297,0.343762
trend-decay-v1,FANG,2026-09-09,2026-09-11T03:22:58+00:00,84,202.630005,168.42898095580125,205.40533403637457,250.49935593724447,neutral,0.00029322255751365297,0.343762
trend-decay-v1,FANG,2026-09-09,2026-09-11T03:22:58+00:00,252,202.630005,146.31390625144292,206.33815591047917,290.98693128574257,neutral,0.00029322255751365297,0.343762
trend-decay-v1,FAST,2026-09-09,2026-09-11T03:22:58+00:00,21,48.790001,45.257410715844664,48.40065857104502,51.76221337140525,neutral,-0.00044863575026767906,0.232604
trend-decay-v1,FAST,2026-09-09,2026-09-11T03:22:58+00:00,84,48.790001,41.77999695854062,47.7849943913717,54.65308413615508,down,-0.00044863575026767906,0.232604
trend-decay-v1,FAST,2026-09-09,2026-09-11T03:22:58+00:00,252,48.790001,37.60642886497188,47.45486345551811,59.882422595021694,down,-0.00044863575026767906,0.232604
trend-decay-v1,FCX,2026-09-09,2026-09-11T03:22:58+00:00,21,76.230003,66.99069622854358,77.66760653740425,90.04619215584145,neutral,0.0010461747688198734,0.512287
trend-decay-v1,FCX,2026-09-09,2026-09-11T03:22:58+00:00,84,76.230003,59.53245773165628,80.02112875683386,107.56117404695684,up,0.0010461747688198734,0.512287
trend-decay-v1,FCX,2026-09-09,2026-09-11T03:22:58+00:00,252,76.230003,48.72391465112355,81.32528445878566,135.74036363167903,up,0.0010461747688198734,0.512287
trend-decay-v1,FDS,2026-09-09,2026-09-11T03:22:58+00:00,21,279.170013,239.91047740875436,280.25278501909054,327.37888048606993,neutral,0.0002167613044335145,0.538412
trend-decay-v1,FDS,2026-09-09,2026-09-11T03:22:58+00:00,84,279.170013,206.64966881530944,281.9915910312988,384.8022494700083,neutral,0.0002167613044335145,0.538412
trend-decay-v1,FDS,2026-09-09,2026-09-11T03:22:58+00:00,252,279.170013,165.1435022177619,282.93772101278756,484.75267205093763,neutral,0.0002167613044335145,0.538412
trend-decay-v1,FDX,2026-09-09,2026-09-11T03:22:58+00:00,21,309.190002,282.0482609536126,306.44798876973186,332.95851392063287,neutral,-0.0004988056406959488,0.287416
trend-decay-v1,FDX,2026-09-09,2026-09-11T03:22:58+00:00,84,309.190002,255.9225849938336,302.11710325804177,356.6498208168284,down,-0.0004988056406959488,0.287416
trend-decay-v1,FDX,2026-09-09,2026-09-11T03:22:58+00:00,252,309.190002,224.90785618086076,299.79736314208145,399.6234745782684,down,-0.0004988056406959488,0.287416
trend-decay-v1,FDXF,2026-09-09,2026-09-11T03:22:58+00:00,21,124.790001,97.61262047926479,120.0747145744516,147.70566561317477,down,-0.0021568498404143,0.717441
trend-decay-v1,FDXF,2026-09-09,2026-09-11T03:22:58+00:00,84,124.790001,74.61592999063353,112.90748625024091,170.84958202556209,down,-0.0021568498404143,0.717441
trend-decay-v1,FDXF,2026-09-09,2026-09-11T03:22:58+00:00,252,124.790001,53.29265675901135,109.2063869118753,223.78383191282003,down,-0.0021568498404143,0.717441
trend-decay-v1,FE,2026-09-09,2026-09-11T03:22:58+00:00,21,46.209999,43.82479725382019,46.09558093005287,48.48402535607476,neutral,-0.00013881974274674132,0.174997
trend-decay-v1,FE,2026-09-09,2026-09-11T03:22:58+00:00,84,46.209999,41.501157610072966,45.913348240255345,50.79462039196965,neutral,-0.00013881974274674132,0.174997
trend-decay-v1,FE,2026-09-09,2026-09-11T03:22:58+00:00,252,46.209999,38.45980775208311,45.814963031212386,54.57673764470828,neutral,-0.00013881974274674132,0.174997
trend-decay-v1,FERG,2026-09-09,2026-09-11T03:22:58+00:00,21,223.220001,198.5298366205527,217.35206096277795,237.95878347021446,down,-0.0014916905767219698,0.313775
trend-decay-v1,FERG,2026-09-09,2026-09-11T03:22:58+00:00,84,223.220001,173.78087869777542,208.29456765405172,249.66283540114082,down,-0.0014916905767219698,0.313775
trend-decay-v1,FERG,2026-09-09,2026-09-11T03:22:58+00:00,252,223.220001,148.7292546449667,203.5481467221246,278.5722831255627,down,-0.0014916905767219698,0.313775
trend-decay-v1,FFIV,2026-09-09,2026-09-11T03:22:58+00:00,21,404.630005,367.6901635893527,405.5126323268174,447.2257113744186,neutral,0.00012201139769585869,0.339175
trend-decay-v1,FFIV,2026-09-09,2026-09-11T03:22:58+00:00,84,404.630005,334.55818989785445,406.9269164358424,494.94981835757784,neutral,0.00012201139769585869,0.339175
trend-decay-v1,FFIV,2026-09-09,2026-09-11T03:22:58+00:00,252,404.630005,290.42460651824206,407.6948641234613,572.3175602278291,neutral,0.00012201139769585869,0.339175
trend-decay-v1,FICO,2026-09-09,2026-09-11T03:22:58+00:00,21,983.190002,806.7252189293969,964.7310927270779,1153.6841286671558,neutral,-0.0010612849975651165,0.619611
trend-decay-v1,FICO,2026-09-09,2026-09-11T03:22:58+00:00,84,983.190002,654.4748859250548,935.95349542316,1338.4913072052464,down,-0.0010612849975651165,0.619611
trend-decay-v1,FICO,2026-09-09,2026-09-11T03:22:58+00:00,252,983.190002,495.49389639513527,920.7292652165834,1710.903779025022,down,-0.0010612849975651165,0.619611
trend-decay-v1,FIS,2026-09-09,2026-09-11T03:22:58+00:00,21,38.07,33.552998437353736,37.29068316852497,41.44473268973769,down,-0.00115816133364916,0.365869
trend-decay-v1,FIS,2026-09-09,2026-09-11T03:22:58+00:00,84,38.07,29.208535714790052,36.07844339808586,44.56416750017971,down,-0.00115816133364916,0.365869
trend-decay-v1,FIS,2026-09-09,2026-09-11T03:22:58+00:00,252,38.07,24.579918579293544,35.43849971187789,51.09403669411442,down,-0.00115816133364916,0.365869
trend-decay-v1,FISV,2026-09-09,2026-09-11T03:22:58+00:00,21,48.650002,42.306605782149866,47.89457513516042,54.22061838733877,neutral,-0.0008763099734869998,0.429753
trend-decay-v1,FISV,2026-09-09,2026-09-11T03:22:58+00:00,84,48.650002,36.44771827199483,46.71180273102595,59.86636798767321,down,-0.0008763099734869998,0.429753
trend-decay-v1,FISV,2026-09-09,2026-09-11T03:22:58+00:00,252,48.650002,29.985156700359912,46.08352369617889,70.82474764024795,down,-0.0008763099734869998,0.429753
trend-decay-v1,FITB,2026-09-09,2026-09-11T03:22:58+00:00,21,54.189999,50.29012307537033,53.890654296683685,57.748966256696434,neutral,-0.0003101766332998939,0.239537
trend-decay-v1,FITB,2026-09-09,2026-09-11T03:22:58+00:00,84,54.189999,46.516611119793666,53.415781104907396,61.338210208380254,neutral,-0.0003101766332998939,0.239537
trend-decay-v1,FITB,2026-09-09,2026-09-11T03:22:58+00:00,252,54.189999,41.83679232179228,53.16036774213997,67.54878999190178,neutral,-0.0003101766332998939,0.239537
trend-decay-v1,FIX,2026-09-09,2026-09-11T03:22:58+00:00,21,1615.140015,1353.1924143118674,1602.8965479997687,1898.6785001275057,neutral,-0.0004260885724576583,0.586631
trend-decay-v1,FIX,2026-09-09,2026-09-11T03:22:58+00:00,84,1615.140015,1128.5824707325235,1583.5259273828387,2221.8618733871645,neutral,-0.0004260885724576583,0.586631
trend-decay-v1,FIX,2026-09-09,2026-09-11T03:22:58+00:00,252,1615.140015,874.9738548566523,1573.1338722263004,2828.370432109831,down,-0.0004260885724576583,0.586631
trend-decay-v1,FLEX,2026-09-09,2026-09-11T03:22:58+00:00,21,112.68,91.76517164353561,111.46432780365708,135.3922860950302,neutral,-0.0006074035694569915,0.67367
trend-decay-v1,FLEX,2026-09-09,2026-09-11T03:22:58+00:00,84,112.68,74.24933952600495,109.54905482574839,161.63100560661044,down,-0.0006074035694569915,0.67367
trend-decay-v1,FLEX,2026-09-09,2026-09-11T03:22:58+00:00,252,112.68,55.3300628129728,108.52563280746395,212.86462327129414,down,-0.0006074035694569915,0.67367
trend-decay-v1,FOX,2026-09-09,2026-09-11T03:22:58+00:00,21,57.099998,50.092552157376026,57.14724453621555,65.19547153081389,neutral,4.631360880253091e-05,0.456426
trend-decay-v1,FOX,2026-09-09,2026-09-11T03:22:58+00:00,84,57.099998,43.96681094270985,57.22281751807368,74.47551401836884,neutral,4.631360880253091e-05,0.456426
trend-decay-v1,FOX,2026-09-09,2026-09-11T03:22:58+00:00,252,57.099998,36.279121060646794,57.26378493838046,90.38645285775915,neutral,4.631360880253091e-05,0.456426
trend-decay-v1,FOXA,2026-09-09,2026-09-11T03:22:58+00:00,21,63.860001,55.66921720938782,63.856629463684435,73.24818509886737,neutral,-2.9564105292220774e-06,0.47532
trend-decay-v1,FOXA,2026-09-09,2026-09-11T03:22:58+00:00,84,63.860001,48.52746445621873,63.85124269842243,84.01389274749928,neutral,-2.9564105292220774e-06,0.47532
trend-decay-v1,FOXA,2026-09-09,2026-09-11T03:22:58+00:00,252,63.860001,39.69361567149269,63.84832574485715,102.7018736252123,neutral,-2.9564105292220774e-06,0.47532
trend-decay-v1,FRT,2026-09-09,2026-09-11T03:22:58+00:00,21,115.160004,109.50453581578104,114.69072434960631,120.12253331648495,neutral,-0.00022864978199851657,0.160295
trend-decay-v1,FRT,2026-09-09,2026-09-11T03:22:58+00:00,84,115.160004,103.87292767405815,113.94486193885783,124.99341120918389,neutral,-0.00022864978199851657,0.160295
trend-decay-v1,FRT,2026-09-09,2026-09-11T03:22:58+00:00,252,115.160004,96.72640244883078,113.5429750232107,133.28322826791216,neutral,-0.00022864978199851657,0.160295
trend-decay-v1,FSLR,2026-09-09,2026-09-11T03:22:58+00:00,21,203.100006,166.5666118794238,196.74956910543614,232.40187518010472,down,-0.0017788029283099006,0.576899
trend-decay-v1,FSLR,2026-09-09,2026-09-11T03:22:58+00:00,84,203.100006,134.0350086557301,187.0121928992736,260.9285487706049,down,-0.0017788029283099006,0.576899
trend-decay-v1,FSLR,2026-09-09,2026-09-11T03:22:58+00:00,252,203.100006,102.18526079137479,181.94172583873817,323.948790117221,down,-0.0017788029283099006,0.576899
trend-decay-v1,FTNT,2026-09-09,2026-09-11T03:22:58+00:00,21,157.220001,139.0459307277719,157.7742048056282,179.02501404937877,neutral,0.00019703879233324935,0.437726
trend-decay-v1,FTNT,2026-09-09,2026-09-11T03:22:58+00:00,84,157.220001,123.23168191257254,158.6637844793863,204.28347738677402,neutral,0.00019703879233324935,0.437726
trend-decay-v1,FTNT,2026-09-09,2026-09-11T03:22:58+00:00,252,157.220001,102.73020558952197,159.14761829969524,246.54836681304985,neutral,0.00019703879233324935,0.437726
trend-decay-v1,FTV,2026-09-09,2026-09-11T03:22:58+00:00,21,55.810001,50.888664511610564,54.78391858980121,58.97733345643619,neutral,-0.001039077174211744,0.2555
trend-decay-v1,FTV,2026-09-09,2026-09-11T03:22:58+00:00,84,55.810001,45.88938315217341,53.183424604479576,61.63684186559832,down,-0.001039077174211744,0.2555
trend-decay-v1,FTV,2026-09-09,2026-09-11T03:22:58+00:00,252,55.810001,40.53598899019097,52.33629966485263,67.5717635326985,down,-0.001039077174211744,0.2555
trend-decay-v1,GD,2026-09-09,2026-09-11T03:22:58+00:00,21,352.670013,325.4430010273622,346.82228043862796,369.6060257216504,neutral,-0.000936265534549614,0.220404
trend-decay-v1,GD,2026-09-09,2026-09-11T03:22:58+00:00,84,352.670013,297.33099532598135,337.6791854775789,383.5026757966704,down,-0.000936265534549614,0.220404
trend-decay-v1,GD,2026-09-09,2026-09-11T03:22:58+00:00,252,352.670013,266.99353020820723,332.82886091179404,414.8978837406944,down,-0.000936265534549614,0.220404
trend-decay-v1,GDDY,2026-09-09,2026-09-11T03:22:58+00:00,21,93.599998,79.13920796881186,94.33801900432596,112.45578592557875,neutral,0.00043978525545065644,0.608559
trend-decay-v1,GDDY,2026-09-09,2026-09-11T03:22:58+00:00,84,93.599998,67.22745927660216,95.52934585483237,135.74595883364498,up,0.00043978525545065644,0.608559
trend-decay-v1,GDDY,2026-09-09,2026-09-11T03:22:58+00:00,252,93.599998,52.33526210392103,96.18076325292901,176.7592030311606,up,0.00043978525545065644,0.608559
trend-decay-v1,GE,2026-09-09,2026-09-11T03:22:58+00:00,21,325.420013,291.47884853396056,319.53096337688345,350.28283208228544,neutral,-0.0010226215250691078,0.318305
trend-decay-v1,GE,2026-09-09,2026-09-11T03:22:58+00:00,84,325.420013,258.2428313148205,310.34166208929514,372.9510969887625,down,-0.0010226215250691078,0.318305
trend-decay-v1,GE,2026-09-09,2026-09-11T03:22:58+00:00,252,325.420013,222.19747810403055,305.4760952128379,419.967164086324,down,-0.0010226215250691078,0.318305
trend-decay-v1,GEHC,2026-09-09,2026-09-11T03:22:58+00:00,21,65.169998,57.495118770661186,63.99251968292896,71.22417803334781,neutral,-0.0010209695703307302,0.370888
trend-decay-v1,GEHC,2026-09-09,2026-09-11T03:22:58+00:00,84,65.169998,50.17418711056982,62.155106587331495,76.99690811869068,down,-0.0010209695703307302,0.370888
trend-decay-v1,GEHC,2026-09-09,2026-09-11T03:22:58+00:00,252,65.169998,42.22313140600021,61.182194549416955,88.65427089926261,down,-0.0010209695703307302,0.370888
trend-decay-v1,GEN,2026-09-09,2026-09-11T03:22:58+00:00,21,29.76,26.99496483503608,30.07982708007537,33.51721340243879,neutral,0.0005985678534868818,0.374831
trend-decay-v1,GEN,2026-09-09,2026-09-11T03:22:58+00:00,84,29.76,24.64381650449896,30.59800454934473,37.99078288993109,up,0.0005985678534868818,0.374831
trend-decay-v1,GEN,2026-09-09,2026-09-11T03:22:58+00:00,252,29.76,21.22868442620071,30.882334028270357,44.92593774942425,up,0.0005985678534868818,0.374831
trend-decay-v1,GEV,2026-09-09,2026-09-11T03:22:58+00:00,21,951.039978,812.4335119833004,947.3583038511022,1104.6907133172087,neutral,-0.00021719154306112804,0.532236
trend-decay-v1,GEV,2026-09-09,2026-09-11T03:22:58+00:00,84,951.039978,692.4203765844669,941.5051797373274,1280.1934106052163,neutral,-0.00021719154306112804,0.532236
trend-decay-v1,GEV,2026-09-09,2026-09-11T03:22:58+00:00,252,951.039978,551.084219770965,938.350593679728,1597.7627467268826,neutral,-0.00021719154306112804,0.532236
trend-decay-v1,GILD,2026-09-09,2026-09-11T03:22:58+00:00,21,145.649994,136.4667181808643,148.24946987815713,161.0495629419805,neutral,0.0009905643039234426,0.286882
trend-decay-v1,GILD,2026-09-09,2026-09-11T03:22:58+00:00,84,145.649994,129.22184664677096,152.49961457588773,179.97059358983736,up,0.0009905643039234426,0.286882
trend-decay-v1,GILD,2026-09-09,2026-09-11T03:22:58+00:00,252,145.649994,116.23186075989776,154.85187205479744,206.3040385149595,up,0.0009905643039234426,0.286882
trend-decay-v1,GIS,2026-09-09,2026-09-11T03:22:58+00:00,21,37.09,33.705766921385425,37.12173989591913,40.8839109376845,neutral,4.78979869588262e-05,0.334403
trend-decay-v1,GIS,2026-09-09,2026-09-11T03:22:58+00:00,84,37.09,30.645991750165948,37.17251116798794,45.08894989592583,neutral,4.78979869588262e-05,0.334403
trend-decay-v1,GIS,2026-09-09,2026-09-11T03:22:58+00:00,252,37.09,26.626492955385714,37.20003476788578,51.97239415084149,neutral,4.78979869588262e-05,0.334403
trend-decay-v1,GL,2026-09-09,2026-09-11T03:22:58+00:00,21,169.820007,156.990173834154,168.51308682532147,180.88176946282545,neutral,-0.0004326045596037494,0.245363
trend-decay-v1,GL,2026-09-09,2026-09-11T03:22:58+00:00,84,169.820007,144.46087531711146,166.44569597783925,191.77628301595726,neutral,-0.0004326045596037494,0.245363
trend-decay-v1,GL,2026-09-09,2026-09-11T03:22:58+00:00,252,169.820007,129.36284171956856,165.3367300588726,211.31442339384995,down,-0.0004326045596037494,0.245363
trend-decay-v1,GLW,2026-09-09,2026-09-11T03:22:58+00:00,21,168.460007,130.53268977755394,170.30983773607582,222.20825204106208,neutral,0.000611527389049421,0.921436
trend-decay-v1,GLW,2026-09-09,2026-09-11T03:22:58+00:00,84,168.460007,101.80689926110286,173.30779875203518,295.02512429186186,up,0.000611527389049421,0.921436
trend-decay-v1,GLW,2026-09-09,2026-09-11T03:22:58+00:00,252,168.460007,69.62216418057804,174.95328011622234,439.6394536664522,up,0.000611527389049421,0.921436
trend-decay-v1,GM,2026-09-09,2026-09-11T03:22:58+00:00,21,83.760002,75.63480660479215,83.24428951372428,91.6193489176674,neutral,-0.000345832453700012,0.332079
trend-decay-v1,GM,2026-09-09,2026-09-11T03:22:58+00:00,84,83.760002,68.0460957266641,82.42685169332124,99.84681424433948,neutral,-0.000345832453700012,0.332079
trend-decay-v1,GM,2026-09-09,2026-09-11T03:22:58+00:00,252,83.760002,58.82036843189198,81.98753281176192,114.27938511373117,down,-0.000345832453700012,0.332079
trend-decay-v1,GNRC,2026-09-09,2026-09-11T03:22:58+00:00,21,186.479996,154.30026992096037,181.6761981762162,213.90915907451802,down,-0.001461374781897141,0.565776
trend-decay-v1,GNRC,2026-09-09,2026-09-11T03:22:58+00:00,84,186.479996,125.6970857754114,174.25606533357944,241.57422678673333,down,-0.001461374781897141,0.565776
trend-decay-v1,GNRC,2026-09-09,2026-09-11T03:22:58+00:00,252,186.479996,96.75360776965606,170.36507267544033,299.9811444427676,down,-0.001461374781897141,0.565776
trend-decay-v1,GOOG,2026-09-09,2026-09-11T03:22:58+00:00,21,328.380005,293.3027811515577,323.74785079999776,357.35314369030147,neutral,-0.0007955031637775177,0.342113
trend-decay-v1,GOOG,2026-09-09,2026-09-11T03:22:58+00:00,84,328.380005,259.75694741357336,316.4816964543937,385.5937836810951,down,-0.0007955031637775177,0.342113
trend-decay-v1,GOOG,2026-09-09,2026-09-11T03:22:58+00:00,252,328.380005,222.04048045893242,312.6150963411116,440.1368536870819,down,-0.0007955031637775177,0.342113
trend-decay-v1,GOOGL,2026-09-09,2026-09-11T03:22:58+00:00,21,330.649994,295.1623344128575,326.1268517560041,360.33975557163643,neutral,-0.0007712827683508327,0.345582
trend-decay-v1,GOOGL,2026-09-09,2026-09-11T03:22:58+00:00,84,330.649994,261.32272048210484,319.02771541345714,389.4750636843286,down,-0.0007712827683508327,0.345582
trend-decay-v1,GOOGL,2026-09-09,2026-09-11T03:22:58+00:00,252,330.649994,223.13513029340285,315.24797563916525,445.3861030932878,down,-0.0007712827683508327,0.345582
trend-decay-v1,GPC,2026-09-09,2026-09-11T03:22:58+00:00,21,135.240005,122.91978437614134,136.88325682981733,152.432955324762,neutral,0.000676282400993345,0.372725
trend-decay-v1,GPC,2026-09-09,2026-09-11T03:22:58+00:00,84,135.240005,112.53149773745399,139.55043001662935,173.05663666950824,up,0.000676282400993345,0.372725
trend-decay-v1,GPC,2026-09-09,2026-09-11T03:22:58+00:00,252,135.240005,97.13982678677438,141.016436398461,204.7114555615888,up,0.000676282400993345,0.372725
trend-decay-v1,GPN,2026-09-09,2026-09-11T03:22:58+00:00,21,87.019997,78.22545218344207,88.10870816102751,99.24064658137362,neutral,0.0006962180581944298,0.412146
trend-decay-v1,GPN,2026-09-09,2026-09-11T03:22:58+00:00,84,87.019997,70.84435218924872,89.87662099302979,114.02189096946252,up,0.0006962180581944298,0.412146
trend-decay-v1,GPN,2026-09-09,2026-09-11T03:22:58+00:00,252,87.019997,60.16256558357371,90.84877624907938,137.1866386663663,up,0.0006962180581944298,0.412146
trend-decay-v1,GRMN,2026-09-09,2026-09-11T03:22:58+00:00,21,272.179993,239.9374373051517,267.9491748576758,299.2311708972636,neutral,-0.0008772430985479442,0.382503
trend-decay-v1,GRMN,2026-09-09,2026-09-11T03:22:58+00:00,84,272.179993,209.54260916387787,261.32512290373035,325.9042164891689,down,-0.0008772430985479442,0.382503
trend-decay-v1,GRMN,2026-09-09,2026-09-11T03:22:58+00:00,252,272.179993,175.86321565176138,257.8065529912377,377.93132872558266,down,-0.0008772430985479442,0.382503
trend-decay-v1,GS,2026-09-09,2026-09-11T03:22:58+00:00,21,1028.780029,927.3067395588554,1029.9790474171484,1144.0193334764444,neutral,6.522359410291185e-05,0.363763
trend-decay-v1,GS,2026-09-09,2026-09-11T03:22:58+00:00,84,1028.780029,836.4244657592798,1031.8977734126454,1273.053405733859,neutral,6.522359410291185e-05,0.363763
trend-decay-v1,GS,2026-09-09,2026-09-11T03:22:58+00:00,252,1028.780029,717.9498840536801,1032.9383298033983,1486.122662424246,neutral,6.522359410291185e-05,0.363763
trend-decay-v1,GWW,2026-09-09,2026-09-11T03:22:58+00:00,21,1278.829956,1197.1465935274198,1276.4311847744875,1360.9666337220249,neutral,-0.00010513274843621472,0.222143
trend-decay-v1,GWW,2026-09-09,2026-09-11T03:22:58+00:00,84,1278.829956,1119.423452919829,1272.607696222702,1446.753991316672,neutral,-0.00010513274843621472,0.222143
trend-decay-v1,GWW,2026-09-09,2026-09-11T03:22:58+00:00,252,1278.829956,1017.4510316066845,1270.5419109458235,1586.5891304082877,neutral,-0.00010513274843621472,0.222143
trend-decay-v1,HAL,2026-09-09,2026-09-11T03:22:58+00:00,21,37.130001,34.14424133452231,37.62518571284144,41.46100614906554,neutral,0.0007418508538297029,0.336294
trend-decay-v1,HAL,2026-09-09,2026-09-11T03:22:58+00:00,84,37.130001,31.648249293571425,38.430148314387246,46.66533955057643,up,0.0007418508538297029,0.336294
trend-decay-v1,HAL,2026-09-09,2026-09-11T03:22:58+00:00,252,37.130001,27.771543689340405,38.87323191405978,54.4128254571709,up,0.0007418508538297029,0.336294
trend-decay-v1,HAS,2026-09-09,2026-09-11T03:22:58+00:00,21,88.970001,80.1018343616885,88.26132105630296,97.25196503526834,neutral,-0.0004478126215166322,0.336029
trend-decay-v1,HAS,2026-09-09,2026-09-11T03:22:58+00:00,84,88.970001,71.77363949129804,87.1406695475149,105.79784365135673,down,-0.0004478126215166322,0.336029
trend-decay-v1,HAS,2026-09-09,2026-09-11T03:22:58+00:00,252,88.970001,61.84150708640047,86.53974383530348,121.10195265158532,down,-0.0004478126215166322,0.336029
trend-decay-v1,HBAN,2026-09-09,2026-09-11T03:22:58+00:00,21,16.629999,15.366040111356769,16.491129863239422,17.698597829718544,neutral,-0.00046955611504228065,0.244783
trend-decay-v1,HBAN,2026-09-09,2026-09-11T03:22:58+00:00,84,16.629999,14.127148995192416,16.271643620247332,18.74167152866002,down,-0.00046955611504228065,0.244783
trend-decay-v1,HBAN,2026-09-09,2026-09-11T03:22:58+00:00,252,16.629999,12.646557094667394,16.15400508334096,20.634223075831425,down,-0.00046955611504228065,0.244783
trend-decay-v1,HCA,2026-09-09,2026-09-11T03:22:58+00:00,21,421.829987,382.0940396132875,423.470392690767,469.3273249359427,neutral,0.0002173327116770884,0.356168
trend-decay-v1,HCA,2026-09-09,2026-09-11T03:22:58+00:00,84,421.829987,346.90517333901556,426.1047284967327,523.3857941629436,neutral,0.0002173327116770884,0.356168
trend-decay-v1,HCA,2026-09-09,2026-09-11T03:22:58+00:00,252,421.829987,299.4284653986647,427.5381577456138,610.459249708089,neutral,0.0002173327116770884,0.356168
trend-decay-v1,HD,2026-09-09,2026-09-11T03:22:58+00:00,21,310.450012,281.24988976422924,304.1226071524931,328.8554539835168,down,-0.0011530605444220183,0.270849
trend-decay-v1,HD,2026-09-09,2026-09-11T03:22:58+00:00,84,310.450012,251.67882660764337,294.2790656788444,344.09000416955865,down,-0.0011530605444220183,0.270849
trend-decay-v1,HD,2026-09-09,2026-09-11T03:22:58+00:00,252,310.450012,220.49203719057644,289.0820568998766,379.0088598493619,down,-0.0011530605444220183,0.270849
trend-decay-v1,HIG,2026-09-09,2026-09-11T03:22:58+00:00,21,136.559998,127.85590492451529,136.11446167830906,144.9064608233314,neutral,-0.00018298832874194217,0.216826
trend-decay-v1,HIG,2026-09-09,2026-09-11T03:22:58+00:00,84,136.559998,119.47295971698303,135.4055862097062,153.46294944250815,neutral,-0.00018298832874194217,0.216826
trend-decay-v1,HIG,2026-09-09,2026-09-11T03:22:58+00:00,252,136.559998,108.70316892687124,135.02324471130333,167.71614657005426,neutral,-0.00018298832874194217,0.216826
trend-decay-v1,HII,2026-09-09,2026-09-11T03:22:58+00:00,21,280.850006,243.00950366938858,272.5454334281687,305.67122750724474,down,-0.0016807327519511588,0.397349
trend-decay-v1,HII,2026-09-09,2026-09-11T03:22:58+00:00,84,280.850006,206.5280656880309,259.78279203205335,326.76962722301926,down,-0.0016807327519511588,0.397349
trend-decay-v1,HII,2026-09-09,2026-09-11T03:22:58+00:00,252,280.850006,170.123552026227,253.12259832091507,376.6148132790799,down,-0.0016807327519511588,0.397349
trend-decay-v1,HLT,2026-09-09,2026-09-11T03:22:58+00:00,21,306.98999,285.85975041226834,305.4855145161208,326.45868977563464,neutral,-0.0002750943145959959,0.23002
trend-decay-v1,HLT,2026-09-09,2026-09-11T03:22:58+00:00,84,306.98999,265.403279095712,303.09690899395923,346.1439382162354,neutral,-0.0002750943145959959,0.23002
trend-decay-v1,HLT,2026-09-09,2026-09-11T03:22:58+00:00,252,306.98999,239.79433696240199,301.8111910453707,379.86716531386446,neutral,-0.0002750943145959959,0.23002
trend-decay-v1,HON,2026-09-09,2026-09-11T03:22:58+00:00,21,204.929993,180.26779349919966,198.80938555682937,219.25808830438427,down,-0.0016978958207869504,0.339146
trend-decay-v1,HON,2026-09-09,2026-09-11T03:22:58+00:00,84,204.929993,155.72494256827397,189.4068404902364,230.37382857768796,down,-0.0016978958207869504,0.339146
trend-decay-v1,HON,2026-09-09,2026-09-11T03:22:58+00:00,252,204.929993,131.4352274685559,184.5019741619138,258.99432842528734,down,-0.0016978958207869504,0.339146
trend-decay-v1,HOOD,2026-09-09,2026-09-11T03:22:58+00:00,21,115.279999,96.5535685279511,120.28744415631824,149.85535431008705,up,0.0023809523809523807,0.761362
trend-decay-v1,HOOD,2026-09-09,2026-09-11T03:22:58+00:00,84,115.279999,82.95114471890811,128.74379861662754,199.81599697515207,up,0.0023809523809523807,0.761362
trend-decay-v1,HOOD,2026-09-09,2026-09-11T03:22:58+00:00,252,115.279999,62.38061669196334,133.5687861473231,285.9962209249494,up,0.0023809523809523807,0.761362
trend-decay-v1,HPE,2026-09-09,2026-09-11T03:22:58+00:00,21,58.900002,49.09472346841814,60.52242158814968,74.61012622364711,up,0.0015215575097033771,0.724906
trend-decay-v1,HPE,2026-09-09,2026-09-11T03:22:58+00:00,84,58.900002,41.59195031792126,63.208028152027225,96.05836687937135,up,0.0015215575097033771,0.724906
trend-decay-v1,HPE,2026-09-09,2026-09-11T03:22:58+00:00,252,58.900002,31.344460250997912,64.71179869691555,133.59990432302305,up,0.0015215575097033771,0.724906
trend-decay-v1,HPQ,2026-09-09,2026-09-11T03:22:58+00:00,21,32.389999,28.24744708395986,33.22939279930284,39.089994310932575,up,0.001432654921780823,0.56268
trend-decay-v1,HPQ,2026-09-09,2026-09-11T03:22:58+00:00,84,32.389999,25.014407464823712,34.61597936921363,47.903034656122664,up,0.001432654921780823,0.56268
trend-decay-v1,HPQ,2026-09-09,2026-09-11T03:22:58+00:00,252,32.389999,20.161479794194314,35.390868787095684,62.12409040858682,up,0.001432654921780823,0.56268
trend-decay-v1,HRL,2026-09-09,2026-09-11T03:22:58+00:00,21,20.969999,18.334443693424372,20.36208810091916,22.613973936841877,down,-0.0016472831776231489,0.363361
trend-decay-v1,HRL,2026-09-09,2026-09-11T03:22:58+00:00,84,20.969999,15.750674521941013,19.427114838210166,23.961690682596593,down,-0.0016472831776231489,0.363361
trend-decay-v1,HRL,2026-09-09,2026-09-11T03:22:58+00:00,252,20.969999,13.168843949190242,18.938837972699996,27.23698337835028,down,-0.0016472831776231489,0.363361
trend-decay-v1,HSIC,2026-09-09,2026-09-11T03:22:58+00:00,21,87.970001,83.1397960778067,88.32637301924646,93.83650837240403,neutral,0.00022638370312970724,0.209631
trend-decay-v1,HSIC,2026-09-09,2026-09-11T03:22:58+00:00,84,87.970001,78.76494595355483,88.8987928657628,100.3364539556714,neutral,0.00022638370312970724,0.209631
trend-decay-v1,HSIC,2026-09-09,2026-09-11T03:22:58+00:00,252,87.970001,72.33917421391307,89.21032741804508,110.01622018107227,neutral,0.00022638370312970724,0.209631
trend-decay-v1,HST,2026-09-09,2026-09-11T03:22:58+00:00,21,22.040001,20.34380950951825,21.908935838602048,23.594473264970517,neutral,-0.00033398313034211074,0.256752
trend-decay-v1,HST,2026-09-09,2026-09-11T03:22:58+00:00,84,22.040001,18.71131810374433,21.70113196078628,25.168677362457966,neutral,-0.00033398313034211074,0.256752
trend-decay-v1,HST,2026-09-09,2026-09-11T03:22:58+00:00,252,22.040001,16.700713960808063,21.589421959805943,27.909174521063335,down,-0.00033398313034211074,0.256752
trend-decay-v1,HSY,2026-09-09,2026-09-11T03:22:58+00:00,21,172.190002,156.3188858493981,170.15851526849067,185.22343068816502,neutral,-0.0006645612078453547,0.293868
trend-decay-v1,HSY,2026-09-09,2026-09-11T03:22:58+00:00,84,172.190002,140.9073412580694,166.96217488469347,197.83474440250677,down,-0.0006645612078453547,0.293868
trend-decay-v1,HSY,2026-09-09,2026-09-11T03:22:58+00:00,252,172.190002,123.17794302640534,165.2563659595545,221.70906429492734,down,-0.0006645612078453547,0.293868
trend-decay-v1,HUBB,2026-09-10,2026-09-11T03:22:58+00:00,21,452.410004,400.6808710398021,442.5034061735598,488.6913217670217,down,-0.0012397828022461589,0.343926
trend-decay-v1,HUBB,2026-09-10,2026-09-11T03:22:58+00:00,84,452.410004,350.20033395304586,427.12262164810454,520.9410621179196,down,-0.0012397828022461589,0.343926
trend-decay-v1,HUBB,2026-09-10,2026-09-11T03:22:58+00:00,252,452.410004,297.07573542277584,419.01767705969803,591.0136465323873,down,-0.0012397828022461589,0.343926
trend-decay-v1,HUM,2026-09-09,2026-09-11T03:22:58+00:00,21,400.019989,364.7358315363272,406.7083094564408,453.51082805375864,neutral,0.0009285046497469508,0.37732
trend-decay-v1,HUM,2026-09-09,2026-09-11T03:22:58+00:00,84,400.019989,335.87705461342597,417.6279597219147,519.2766530069404,up,0.0009285046497469508,0.37732
trend-decay-v1,HUM,2026-09-09,2026-09-11T03:22:58+00:00,252,400.019989,290.50445839046654,423.66325233051595,617.8581642764929,up,0.0009285046497469508,0.37732
trend-decay-v1,HWM,2026-09-09,2026-09-11T03:22:58+00:00,21,232.619995,201.7146363125978,224.97839713945118,250.92516886577312,down,-0.0018703565934524815,0.378108
trend-decay-v1,HWM,2026-09-09,2026-09-11T03:22:58+00:00,84,232.619995,171.45713250104956,213.28600994225508,265.31950799310874,down,-0.0018703565934524815,0.378108
trend-decay-v1,HWM,2026-09-09,2026-09-11T03:22:58+00:00,252,232.619995,141.97115610035198,207.20982162241984,302.4269954274789,down,-0.0018703565934524815,0.378108
trend-decay-v1,IBKR,2026-09-09,2026-09-11T03:22:58+00:00,21,90.279999,80.53685078561202,90.59160219651525,101.90165506195615,neutral,0.0001929373463319577,0.40754
trend-decay-v1,IBKR,2026-09-09,2026-09-11T03:22:58+00:00,84,90.279999,71.99334094395365,91.09172414945228,115.25652372459855,neutral,0.0001929373463319577,0.40754
trend-decay-v1,IBKR,2026-09-09,2026-09-11T03:22:58+00:00,252,90.279999,60.78289189882951,91.3637111392016,137.33021665078448,neutral,0.0001929373463319577,0.40754
trend-decay-v1,IBM,2026-09-09,2026-09-11T03:22:58+00:00,21,239.940002,197.6269557580953,239.3470391819207,289.87445030157664,neutral,-0.00013855313177984883,0.663491
trend-decay-v1,IBM,2026-09-09,2026-09-11T03:22:58+00:00,84,239.940002,162.5351432973921,238.40262649033681,349.683220283616,neutral,-0.00013855313177984883,0.663491
trend-decay-v1,IBM,2026-09-09,2026-09-11T03:22:58+00:00,252,239.940002,122.52669535824344,237.89274659340455,461.88268373914235,neutral,-0.00013855313177984883,0.663491
trend-decay-v1,ICE,2026-09-09,2026-09-11T03:22:58+00:00,21,156.5,146.18402975022525,157.84139056829272,170.42836087567858,neutral,0.0004779039992858427,0.265781
trend-decay-v1,ICE,2026-09-09,2026-09-11T03:22:58+00:00,84,156.5,137.24653855476004,160.0086045084028,186.5457139125677,up,0.0004779039992858427,0.265781
trend-decay-v1,ICE,2026-09-09,2026-09-11T03:22:58+00:00,252,156.5,123.57293092281293,161.194629789958,210.27023053577773,up,0.0004779039992858427,0.265781
trend-decay-v1,IDXX,2026-09-09,2026-09-11T03:22:58+00:00,21,515.150024,458.3983162506244,501.62699574343424,548.9323017517532,down,-0.0014895606562329872,0.312179
trend-decay-v1,IDXX,2026-09-09,2026-09-11T03:22:58+00:00,84,515.150024,401.46316402660364,480.7524174612738,575.7013534610192,down,-0.0014895606562329872,0.312179
trend-decay-v1,IDXX,2026-09-09,2026-09-11T03:22:58+00:00,252,515.150024,343.8328464188364,469.8129457438767,641.952059808928,down,-0.0014895606562329872,0.312179
trend-decay-v1,IEX,2026-09-09,2026-09-11T03:22:58+00:00,21,225.100006,211.86845746620634,224.30731254962353,237.47645621698882,neutral,-0.0001975376714532933,0.197632
trend-decay-v1,IEX,2026-09-09,2026-09-11T03:22:58+00:00,84,225.100006,198.99455167895243,223.04651435310345,250.0055762598609,neutral,-0.0001975376714532933,0.197632
trend-decay-v1,IEX,2026-09-09,2026-09-11T03:22:58+00:00,252,225.100006,182.49008395830904,222.36670358487234,270.95691881263497,neutral,-0.0001975376714532933,0.197632
trend-decay-v1,IFF,2026-09-09,2026-09-11T03:22:58+00:00,21,84.309998,76.69130335088683,84.58477323961557,93.29068031694177,neutral,0.0001821990567242657,0.339364
trend-decay-v1,IFF,2026-09-09,2026-09-11T03:22:58+00:00,84,84.309998,69.89690645859946,85.02567658470994,103.42897912040942,neutral,0.0001821990567242657,0.339364
trend-decay-v1,IFF,2026-09-09,2026-09-11T03:22:58+00:00,252,84.309998,60.7279930325343,85.26540144708805,119.71725592904359,neutral,0.0001821990567242657,0.339364
trend-decay-v1,INCY,2026-09-09,2026-09-11T03:22:58+00:00,21,126.010002,115.22901366123946,127.78585980916309,141.7110625903056,neutral,0.000783637284749376,0.358307
trend-decay-v1,INCY,2026-09-09,2026-09-11T03:22:58+00:00,84,126.010002,106.25567566681619,130.67546294601712,160.70743053482633,up,0.000783637284749376,0.358307
trend-decay-v1,INCY,2026-09-09,2026-09-11T03:22:58+00:00,252,126.010002,92.43624893321234,132.26747606783385,189.2621717914514,up,0.000783637284749376,0.358307
trend-decay-v1,INTC,2026-09-09,2026-09-11T03:22:58+00:00,21,106.239998,86.4918056606087,108.43134820510815,135.93608300551543,up,0.0011432392987035815,0.783121
trend-decay-v1,INTC,2026-09-09,2026-09-11T03:22:58+00:00,84,106.239998,71.27918022337083,112.02694273062352,176.068746276848,up,0.0011432392987035815,0.783121
trend-decay-v1,INTC,2026-09-09,2026-09-11T03:22:58+00:00,252,106.239998,52.106232939394125,114.02361496491255,249.51688188222747,up,0.0011432392987035815,0.783121
trend-decay-v1,INTU,2026-09-09,2026-09-11T03:22:58+00:00,21,313.940002,260.33235659245116,310.4768227807512,370.27997113296664,neutral,-0.0006211395368303156,0.610202
trend-decay-v1,INTU,2026-09-09,2026-09-11T03:22:58+00:00,84,313.940002,214.4517646185283,305.0223731377115,433.84417134575966,down,-0.0006211395368303156,0.610202
trend-decay-v1,INTU,2026-09-09,2026-09-11T03:22:58+00:00,252,313.940002,164.11785932674528,302.10868119616515,556.122628143569,down,-0.0006211395368303156,0.610202
trend-decay-v1,INVH,2026-09-09,2026-09-11T03:22:58+00:00,21,28.18,26.4509248938067,27.912544470473918,29.454929910545673,neutral,-0.0005339911776520919,0.186317
trend-decay-v1,INVH,2026-09-09,2026-09-11T03:22:58+00:00,84,28.18,24.6867998211687,27.490454922370304,30.612518322072933,down,-0.0005339911776520919,0.186317
trend-decay-v1,INVH,2026-09-09,2026-09-11T03:22:58+00:00,252,28.18,22.6298589516443,27.26454736233142,32.84843906721745,down,-0.0005339911776520919,0.186317
trend-decay-v1,IP,2026-09-09,2026-09-11T03:22:58+00:00,21,34.639999,29.54825096807547,33.715084110577386,38.46951543126626,down,-0.001515450699408401,0.456987
trend-decay-v1,IP,2026-09-09,2026-09-11T03:22:58+00:00,84,34.639999,24.80042045203011,32.28821084239638,42.03672923285879,down,-0.001515450699408401,0.456987
trend-decay-v1,IP,2026-09-09,2026-09-11T03:22:58+00:00,252,34.639999,19.971321449524147,31.540874787826443,49.81276701672884,down,-0.001515450699408401,0.456987
trend-decay-v1,IQV,2026-09-09,2026-09-11T03:22:58+00:00,21,256.980011,231.37519792905795,262.846314687529,298.5980596157013,up,0.0012638893659664462,0.441773
trend-decay-v1,IQV,2026-09-09,2026-09-11T03:22:58+00:00,84,256.980011,211.15166002988934,272.4988526596132,351.66962310547024,up,0.0012638893659664462,0.441773
trend-decay-v1,IQV,2026-09-09,2026-09-11T03:22:58+00:00,252,256.980011,178.64345544678787,277.8732155299203,432.22139717252026,up,0.0012638893659664462,0.441773
trend-decay-v1,IR,2026-09-09,2026-09-11T03:22:58+00:00,21,73.580002,65.31852803066242,71.68960451142216,78.68210674606043,down,-0.0014574284332190273,0.322404
trend-decay-v1,IR,2026-09-09,2026-09-11T03:22:58+00:00,84,73.580002,57.089385665434904,68.76935645099238,82.83894337904889,down,-0.0014574284332190273,0.322404
trend-decay-v1,IR,2026-09-09,2026-09-11T03:22:58+00:00,252,73.580002,48.70749846080557,67.23789422388187,92.81803752044206,down,-0.0014574284332190273,0.322404
trend-decay-v1,IRM,2026-09-09,2026-09-11T03:22:58+00:00,21,115.220001,104.68824117677578,114.0731536891016,124.29938879768049,neutral,-0.0005601476045222805,0.297404
trend-decay-v1,IRM,2026-09-09,2026-09-11T03:22:58+00:00,84,115.220001,94.55199857938095,112.2643336148001,133.294703351977,down,-0.0005601476045222805,0.297404
trend-decay-v1,IRM,2026-09-09,2026-09-11T03:22:58+00:00,252,115.220001,82.66500859333713,111.2967881148347,149.84544555744245,down,-0.0005601476045222805,0.297404
trend-decay-v1,ISRG,2026-09-09,2026-09-11T03:22:58+00:00,21,353.23999,302.21399620698344,344.58838743788164,392.90422762457024,down,-0.001388527667151485,0.454543
trend-decay-v1,ISRG,2026-09-09,2026-09-11T03:22:58+00:00,84,353.23999,254.75407518241832,331.2022421198732,430.59144434366095,down,-0.001388527667151485,0.454543
trend-decay-v1,ISRG,2026-09-09,2026-09-11T03:22:58+00:00,252,353.23999,205.7639510014878,324.17148253233586,510.7170112924819,down,-0.001388527667151485,0.454543
trend-decay-v1,IT,2026-09-09,2026-09-11T03:22:58+00:00,21,169.690002,136.7183018588378,166.9285724617374,203.81432423644634,neutral,-0.00091873440958875,0.691585
trend-decay-v1,IT,2026-09-09,2026-09-11T03:22:58+00:00,84,169.690002,109.07800560152829,162.60924615410363,242.4115364870165,down,-0.00091873440958875,0.691585
trend-decay-v1,IT,2026-09-09,2026-09-11T03:22:58+00:00,252,169.690002,80.28381958226295,160.3169993433668,320.13350152238263,down,-0.00091873440958875,0.691585
trend-decay-v1,ITW,2026-09-09,2026-09-11T03:22:58+00:00,21,263.98999,244.7888834122622,259.85720319561676,275.85307433640384,neutral,-0.0008835512422747715,0.206932
trend-decay-v1,ITW,2026-09-09,2026-09-11T03:22:58+00:00,84,263.98999,224.85325986382685,253.3875809365772,285.5429634943863,down,-0.0008835512422747715,0.206932
trend-decay-v1,ITW,2026-09-09,2026-09-11T03:22:58+00:00,252,263.98999,203.22931544962233,249.95151879678917,307.4151069721459,down,-0.0008835512422747715,0.206932
trend-decay-v1,IVZ,2026-09-09,2026-09-11T03:22:58+00:00,21,32.09,29.27352906617818,32.369767394697426,35.79349243536945,neutral,0.00048606622204269283,0.348285
trend-decay-v1,IVZ,2026-09-09,2026-09-11T03:22:58+00:00,84,32.09,26.84319306566794,32.82185847032847,40.13212551915411,up,0.00048606622204269283,0.348285
trend-decay-v1,IVZ,2026-09-09,2026-09-11T03:22:58+00:00,252,32.09,23.343551115207347,33.06931332420883,46.8471775497034,up,0.00048606622204269283,0.348285
trend-decay-v1,J,2026-09-09,2026-09-11T03:22:58+00:00,21,141.75,129.74626551712512,141.55330175462277,154.4347897627202,neutral,-7.775588522102414e-05,0.301708
trend-decay-v1,J,2026-09-09,2026-09-11T03:22:58+00:00,84,141.75,118.66048987780707,141.23957814417233,168.11508577864657,neutral,-7.775588522102414e-05,0.301708
trend-decay-v1,J,2026-09-09,2026-09-11T03:22:58+00:00,252,141.75,104.32886184187254,141.06997490669386,190.75007115804698,neutral,-7.775588522102414e-05,0.301708
trend-decay-v1,JBHT,2026-09-09,2026-09-11T03:22:58+00:00,21,267.799988,242.617188138731,268.063716606582,296.1791648489663,neutral,5.511721732430455e-05,0.345509
trend-decay-v1,JBHT,2026-09-09,2026-09-11T03:22:58+00:00,84,267.799988,219.93185498779042,268.48564866195903,327.75853930498005,neutral,5.511721732430455e-05,0.345509
trend-decay-v1,JBHT,2026-09-09,2026-09-11T03:22:58+00:00,252,267.799988,190.21217777052462,268.7144184455074,379.61522509678434,neutral,5.511721732430455e-05,0.345509
trend-decay-v1,JBL,2026-09-09,2026-09-11T03:22:58+00:00,21,311.369995,266.3875836633748,307.04377005237217,353.9049209106807,neutral,-0.0007834682200984255,0.492034
trend-decay-v1,JBL,2026-09-09,2026-09-11T03:22:58+00:00,84,311.369995,226.00524300713704,300.2556145894308,398.89974627548725,down,-0.0007834682200984255,0.492034
trend-decay-v1,JBL,2026-09-09,2026-09-11T03:22:58+00:00,252,311.369995,181.36170986012453,296.64241814988776,485.2001247323951,down,-0.0007834682200984255,0.492034
trend-decay-v1,JCI,2026-09-09,2026-09-11T03:22:58+00:00,21,144.919998,131.11939077007733,144.10867458857112,158.38473600057313,neutral,-0.0003143681728159052,0.327217
trend-decay-v1,JCI,2026-09-09,2026-09-11T03:22:58+00:00,84,144.919998,118.2355033943706,142.82173583196564,172.520500530359,neutral,-0.0003143681728159052,0.327217
trend-decay-v1,JCI,2026-09-09,2026-09-11T03:22:58+00:00,252,144.919998,102.46511530234251,142.12961204042273,197.1483324754455,neutral,-0.0003143681728159052,0.327217
trend-decay-v1,JKHY,2026-09-09,2026-09-11T03:22:58+00:00,21,158.479996,145.38553583759222,159.9097255835303,175.88489933940224,neutral,0.0005029005770158377,0.329853
trend-decay-v1,JKHY,2026-09-09,2026-09-11T03:22:58+00:00,84,158.479996,134.09103252887496,162.22100515558597,196.25215808538044,up,0.0005029005770158377,0.329853
trend-decay-v1,JKHY,2026-09-09,2026-09-11T03:22:58+00:00,252,158.479996,117.55165146666134,163.4865663466784,227.37117720040814,up,0.0005029005770158377,0.329853
trend-decay-v1,JNJ,2026-09-09,2026-09-11T03:22:58+00:00,21,267.079987,250.72462779521692,269.0720078049948,288.76200164646275,neutral,0.0004160948040028456,0.244648
trend-decay-v1,JNJ,2026-09-09,2026-09-11T03:22:58+00:00,84,267.079987,236.41876159239666,272.28579587306376,313.5942094225576,neutral,0.0004160948040028456,0.244648
trend-decay-v1,JNJ,2026-09-09,2026-09-11T03:22:58+00:00,252,267.079987,214.56957340380072,274.0421803190505,349.99890899111404,up,0.0004160948040028456,0.244648
trend-decay-v1,JPM,2026-09-09,2026-09-11T03:22:58+00:00,21,354.709991,335.6124765334128,356.01690844052644,377.66188076423146,neutral,0.0002059350362947613,0.204455
trend-decay-v1,JPM,2026-09-09,2026-09-11T03:22:58+00:00,84,354.709991,318.2420962255141,358.11513874667753,402.9839361938891,neutral,0.0002059350362947613,0.204455
trend-decay-v1,JPM,2026-09-09,2026-09-11T03:22:58+00:00,252,354.709991,292.8269472277579,359.25656922470984,440.75616589590385,neutral,0.0002059350362947613,0.204455
trend-decay-v1,KDP,2026-09-09,2026-09-11T03:22:58+00:00,21,32.080002,30.104955926965797,32.5774466455105,35.25300061942487,neutral,0.0008616266362935722,0.273423
trend-decay-v1,KDP,2026-09-09,2026-09-11T03:22:58+00:00,84,32.080002,28.512590877818678,33.38833600406658,39.09784929393037,up,0.0008616266362935722,0.273423
trend-decay-v1,KDP,2026-09-09,2026-09-11T03:22:58+00:00,252,32.080002,25.74133601774588,33.83585723676207,44.47575037120384,up,0.0008616266362935722,0.273423
trend-decay-v1,KEY,2026-09-09,2026-09-11T03:22:58+00:00,21,21.73,20.339051115712973,21.60157319125704,22.942464802438128,neutral,-0.00033192262485233167,0.20862
trend-decay-v1,KEY,2026-09-09,2026-09-11T03:22:58+00:00,84,21.73,18.969794832944086,21.39794269596319,24.136895293382743,neutral,-0.00033192262485233167,0.20862
trend-decay-v1,KEY,2026-09-09,2026-09-11T03:22:58+00:00,252,21.73,17.279929258376836,21.288471233152215,26.22690178115463,down,-0.00033192262485233167,0.20862
trend-decay-v1,KEYS,2026-09-09,2026-09-11T03:22:58+00:00,21,331.01001,291.4416471730787,330.83235892023316,375.5470461080903,neutral,-3.006060012480317e-05,0.439151
trend-decay-v1,KEYS,2026-09-09,2026-09-11T03:22:58+00:00,84,331.01001,256.5208776622313,330.5487009339295,425.939770223995,neutral,-3.006060012480317e-05,0.439151
trend-decay-v1,KEYS,2026-09-09,2026-09-11T03:22:58+00:00,252,331.01001,212.9672685851474,330.3951906136727,512.5716393221288,neutral,-3.006060012480317e-05,0.439151
trend-decay-v1,KHC,2026-09-09,2026-09-11T03:22:58+00:00,21,24.610001,22.474363444902714,24.60828894805874,26.944829224451084,neutral,-3.895603672603943e-06,0.314222
trend-decay-v1,KHC,2026-09-09,2026-09-11T03:22:58+00:00,84,24.610001,20.52320133329844,24.605553630938317,29.499942998789358,neutral,-3.895603672603943e-06,0.314222
trend-decay-v1,KHC,2026-09-09,2026-09-11T03:22:58+00:00,252,24.610001,17.969753386616848,24.604072477068467,33.687740139365864,neutral,-3.895603672603943e-06,0.314222
trend-decay-v1,KIM,2026-09-09,2026-09-11T03:22:58+00:00,21,23.57,22.19979243764156,23.4483303097689,24.767087163560827,neutral,-0.0002898014269074191,0.189543
trend-decay-v1,KIM,2026-09-09,2026-09-11T03:22:58+00:00,84,23.57,20.844646382846438,23.25522525977305,25.944575501545962,neutral,-0.0002898014269074191,0.189543
trend-decay-v1,KIM,2026-09-09,2026-09-11T03:22:58+00:00,252,23.57,19.153943563691342,23.151315978608316,27.98292841153544,neutral,-0.0002898014269074191,0.189543
trend-decay-v1,KKR,2026-09-09,2026-09-11T03:22:58+00:00,21,104.089996,94.20496076762097,104.53618716181181,116.0004137498174,neutral,0.00023951745222696387,0.360476
trend-decay-v1,KKR,2026-09-09,2026-09-11T03:22:58+00:00,84,104.089996,85.47696972455104,105.2530967937787,129.6046691919475,neutral,0.00023951745222696387,0.360476
trend-decay-v1,KKR,2026-09-09,2026-09-11T03:22:58+00:00,252,104.089996,73.66981098066127,105.64338132696511,151.49385982711777,neutral,0.00023951745222696387,0.360476
trend-decay-v1,KLAC,2026-09-09,2026-09-11T03:22:58+00:00,21,182.910004,144.8957117113704,181.05926415321449,226.2486359914195,neutral,-0.0005694672508572234,0.771837
trend-decay-v1,KLAC,2026-09-09,2026-09-11T03:22:58+00:00,84,182.910004,114.0862156279893,178.14088744511827,278.1595971524961,down,-0.0005694672508572234,0.771837
trend-decay-v1,KLAC,2026-09-09,2026-09-11T03:22:58+00:00,252,182.910004,81.60886644762262,176.58015575072508,382.07308546507386,down,-0.0005694672508572234,0.771837
trend-decay-v1,KMB,2026-09-09,2026-09-11T03:22:58+00:00,21,98.699997,89.7303726308557,97.30153181611723,105.51152097308065,neutral,-0.000799068333085273,0.280611
trend-decay-v1,KMB,2026-09-09,2026-09-11T03:22:58+00:00,84,98.699997,80.88291366414005,95.10803300178381,111.83496651751797,down,-0.000799068333085273,0.280611
trend-decay-v1,KMB,2026-09-09,2026-09-11T03:22:58+00:00,252,98.699997,70.95562234454331,93.94087962299048,124.37194647507518,down,-0.000799068333085273,0.280611
trend-decay-v1,KMI,2026-09-09,2026-09-11T03:22:58+00:00,21,31.41,29.416100869334382,31.40005361078593,33.51781295352013,neutral,-1.7734569051551838e-05,0.226093
trend-decay-v1,KMI,2026-09-09,2026-09-11T03:22:58+00:00,84,31.41,27.54355837670622,31.384167529395995,35.76030221084965,neutral,-1.7734569051551838e-05,0.226093
trend-decay-v1,KMI,2026-09-09,2026-09-11T03:22:58+00:00,252,31.41,25.026530930096786,31.37556795244134,39.33530648286526,neutral,-1.7734569051551838e-05,0.226093
trend-decay-v1,KO,2026-09-09,2026-09-11T03:22:58+00:00,21,87.550003,82.44059276433447,87.94587306985345,93.81878915073584,neutral,0.00025262180808135483,0.223932
trend-decay-v1,KO,2026-09-09,2026-09-11T03:22:58+00:00,84,87.550003,77.83902188848754,88.58212365274079,100.80795519335793,neutral,0.00025262180808135483,0.223932
trend-decay-v1,KO,2026-09-09,2026-09-11T03:22:58+00:00,252,87.550003,71.08680744734009,88.92859731082675,111.24842574382755,neutral,0.00025262180808135483,0.223932
trend-decay-v1,KR,2026-09-09,2026-09-11T03:22:58+00:00,21,56.439999,51.233745377024135,56.112348142235724,61.455503416064104,neutral,-0.0003260185641211987,0.315086
trend-decay-v1,KR,2026-09-09,2026-09-11T03:22:58+00:00,84,56.439999,46.34614046211942,55.592761617003674,66.68419664267478,neutral,-0.0003260185641211987,0.315086
trend-decay-v1,KR,2026-09-09,2026-09-11T03:22:58+00:00,252,56.439999,40.3636298289884,55.31339634473549,75.80021490020876,neutral,-0.0003260185641211987,0.315086
trend-decay-v1,KVUE,2026-09-09,2026-09-11T03:22:58+00:00,21,17.75,16.399540391107966,17.559981787219986,18.802536718327204,neutral,-0.0006026793042774092,0.236838
trend-decay-v1,KVUE,2026-09-09,2026-09-11T03:22:58+00:00,84,17.75,15.054646825463447,17.260578221491265,19.78974093475933,down,-0.0006026793042774092,0.236838
trend-decay-v1,KVUE,2026-09-09,2026-09-11T03:22:58+00:00,252,17.75,13.494391335808888,17.100575920649703,21.67046216022424,down,-0.0006026793042774092,0.236838
trend-decay-v1,L,2026-09-09,2026-09-11T03:22:58+00:00,21,108.68,103.10848404357121,107.98483190315545,113.09179869452056,neutral,-0.00035932484703567153,0.160073
trend-decay-v1,L,2026-09-09,2026-09-11T03:22:58+00:00,84,108.68,97.44803880781588,106.88328986945734,117.23209407886178,neutral,-0.00035932484703567153,0.160073
trend-decay-v1,L,2026-09-09,2026-09-11T03:22:58+00:00,252,108.68,90.56899526265828,106.29145950887269,124.74328915498583,down,-0.00035932484703567153,0.160073
trend-decay-v1,LDOS,2026-09-09,2026-09-11T03:22:58+00:00,21,128.139999,113.19189545741241,126.34961196968095,141.03681522760044,neutral,-0.0007878950660677277,0.380941
trend-decay-v1,LDOS,2026-09-09,2026-09-11T03:22:58+00:00,84,128.139999,99.15000486927487,123.54065509773979,153.93134354457564,down,-0.0007878950660677277,0.380941
trend-decay-v1,LDOS,2026-09-09,2026-09-11T03:22:58+00:00,252,128.139999,83.38380949303453,122.04565056956204,178.63348908509516,down,-0.0007878950660677277,0.380941
trend-decay-v1,LEN,2026-09-09,2026-09-11T03:22:58+00:00,21,80.760002,71.59217941296274,79.5804560422532,88.46006694896496,neutral,-0.0008238799457356983,0.366442
trend-decay-v1,LEN,2026-09-09,2026-09-11T03:22:58+00:00,84,80.760002,62.90929048250261,77.7313959908092,96.0457489877515,down,-0.0008238799457356983,0.366442
trend-decay-v1,LEN,2026-09-09,2026-09-11T03:22:58+00:00,252,80.760002,53.201470904444605,76.74805503212072,110.71618605795612,down,-0.0008238799457356983,0.366442
trend-decay-v1,LH,2026-09-09,2026-09-11T03:22:58+00:00,21,321.100006,302.8379974378129,323.2563007130234,345.05127109132457,neutral,0.0003747727504700545,0.226024
trend-decay-v1,LH,2026-09-09,2026-09-11T03:22:58+00:00,84,321.100006,286.7596984122001,326.731781586335,372.275663873549,neutral,0.0003747727504700545,0.226024
trend-decay-v1,LH,2026-09-09,2026-09-11T03:22:58+00:00,252,321.100006,262.14737832788506,328.6294612007354,411.9717826588609,up,0.0003747727504700545,0.226024
trend-decay-v1,LHX,2026-09-09,2026-09-11T03:22:58+00:00,21,250.410004,221.60785280411747,242.6385104869667,265.66498445961196,down,-0.0017653676115010834,0.314067
trend-decay-v1,LHX,2026-09-09,2026-09-11T03:22:58+00:00,84,250.410004,192.45676912706566,230.71846927952842,276.5868527676675,down,-0.0017653676115010834,0.314067
trend-decay-v1,LHX,2026-09-09,2026-09-11T03:22:58+00:00,252,250.410004,163.9975457261405,224.50959880269187,307.3494772825213,down,-0.0017653676115010834,0.314067
trend-decay-v1,LII,2026-09-09,2026-09-11T03:22:58+00:00,21,375.779999,316.16296255619835,364.32353648617425,419.82032988509684,down,-0.0017337125842518343,0.491156
trend-decay-v1,LII,2026-09-09,2026-09-11T03:22:58+00:00,84,375.779999,261.12573302161394,346.7385632152772,460.4204642314715,down,-0.0017337125842518343,0.491156
trend-decay-v1,LII,2026-09-09,2026-09-11T03:22:58+00:00,252,375.779999,206.5669299102546,337.57255860835323,551.6625162357752,down,-0.0017337125842518343,0.491156
trend-decay-v1,LIN,2026-09-09,2026-09-11T03:22:58+00:00,21,466.649994,434.61560064944155,461.4447566381861,489.9300971034952,neutral,-0.0006281120514446793,0.207501
trend-decay-v1,LIN,2026-09-09,2026-09-11T03:22:58+00:00,84,466.649994,402.0749442291659,453.2479187924217,510.93379191659625,down,-0.0006281120514446793,0.207501
trend-decay-v1,LIN,2026-09-09,2026-09-11T03:22:58+00:00,252,466.649994,364.7573030034114,448.8699531464765,552.378891878789,down,-0.0006281120514446793,0.207501
trend-decay-v1,LITE,2026-09-09,2026-09-11T03:22:58+00:00,21,988.97998,767.0893694329919,1027.7097821680463,1376.8765915040556,up,0.002151017461265815,1.013197
trend-decay-v1,LITE,2026-09-09,2026-09-11T03:22:58+00:00,84,988.97998,608.8046832841776,1092.765654973985,1961.4447941645083,up,0.002151017461265815,1.013197
trend-decay-v1,LITE,2026-09-09,2026-09-11T03:22:58+00:00,252,988.97998,410.14434613697915,1129.6986124516857,3111.6336650634566,up,0.002151017461265815,1.013197
trend-decay-v1,LLY,2026-09-09,2026-09-11T03:22:58+00:00,21,1124.209961,1008.0705664486907,1109.6816517874136,1221.5348898159887,neutral,-0.0007283555780351136,0.332675
trend-decay-v1,LLY,2026-09-09,2026-09-11T03:22:58+00:00,84,1124.209961,896.9274095040365,1086.8565761236512,1317.004257586923,down,-0.0007283555780351136,0.332675
trend-decay-v1,LLY,2026-09-09,2026-09-11T03:22:58+00:00,252,1124.209961,770.5579388729935,1074.692494908925,1498.8671199764715,down,-0.0007283555780351136,0.332675
trend-decay-v1,LMT,2026-09-09,2026-09-11T03:22:58+00:00,21,524.460022,465.9356052157923,512.3942271998064,563.4852566077046,down,-0.0013032933479042651,0.329252
trend-decay-v1,LMT,2026-09-09,2026-09-11T03:22:58+00:00,84,524.460022,408.22205916531135,493.68863247777944,597.0487394437474,down,-0.0013032933479042651,0.329252
trend-decay-v1,LMT,2026-09-09,2026-09-11T03:22:58+00:00,252,524.460022,348.108277569553,483.8454675534488,672.5103985073736,down,-0.0013032933479042651,0.329252
trend-decay-v1,LNT,2026-09-09,2026-09-11T03:22:58+00:00,21,67.860001,64.03960783298166,67.64758436248108,71.45883344591881,neutral,-0.00017555355537229598,0.189867
trend-decay-v1,LNT,2026-09-09,2026-09-11T03:22:58+00:00,84,67.860001,60.32113185360312,67.30955826022333,75.1076197340249,neutral,-0.00017555355537229598,0.189867
trend-decay-v1,LNT,2026-09-09,2026-09-11T03:22:58+00:00,252,67.860001,55.518842562386446,67.12720951836322,81.16275573754584,neutral,-0.00017555355537229598,0.189867
trend-decay-v1,LOW,2026-09-09,2026-09-11T03:22:58+00:00,21,198.600006,179.58679135488399,194.76763047914244,211.2317370128687,neutral,-0.0010911074535830461,0.281107
trend-decay-v1,LOW,2026-09-09,2026-09-11T03:22:58+00:00,84,198.600006,160.5130771242509,188.79704814835196,222.0649309584874,down,-0.0010911074535830461,0.281107
trend-decay-v1,LOW,2026-09-09,2026-09-11T03:22:58+00:00,252,198.600006,140.14884340748873,185.64050320958873,245.89854324882612,down,-0.0010911074535830461,0.281107
trend-decay-v1,LRCX,2026-09-09,2026-09-11T03:22:58+00:00,21,315.839996,253.66782205548256,318.14542435326194,399.01202374331467,neutral,0.0004072476848722897,0.78456
trend-decay-v1,LRCX,2026-09-09,2026-09-11T03:22:58+00:00,84,315.839996,204.6218032532724,321.86407860685125,506.28272965227404,neutral,0.0004072476848722897,0.78456
trend-decay-v1,LRCX,2026-09-09,2026-09-11T03:22:58+00:00,252,315.839996,147.80035798927625,323.8959851073656,709.7994253591901,up,0.0004072476848722897,0.78456
trend-decay-v1,LULU,2026-09-09,2026-09-11T03:22:58+00:00,21,99.720001,82.60519135223164,95.56875778839276,110.56674908325523,down,-0.0023809523809523807,0.504974
trend-decay-v1,LULU,2026-09-09,2026-09-11T03:22:58+00:00,84,99.720001,66.71027336784066,89.29145899906128,119.5162940828932,down,-0.0023809523809523807,0.504974
trend-decay-v1,LULU,2026-09-09,2026-09-11T03:22:58+00:00,252,99.720001,51.94261827216527,86.0659286285682,142.60628973082018,down,-0.0023809523809523807,0.504974
trend-decay-v1,LUV,2026-09-09,2026-09-11T03:22:58+00:00,21,38.68,33.63236484601305,37.669606998239274,42.19148126808016,down,-0.0014821536537891595,0.392707
trend-decay-v1,LUV,2026-09-09,2026-09-11T03:22:58+00:00,84,38.68,28.784327652810997,36.10966479872214,45.299230456360405,down,-0.0014821536537891595,0.392707
trend-decay-v1,LUV,2026-09-09,2026-09-11T03:22:58+00:00,252,38.68,23.830117590022123,35.292032337221926,52.266949241284124,down,-0.0014821536537891595,0.392707
trend-decay-v1,LVS,2026-09-09,2026-09-11T03:22:58+00:00,21,43.330002,39.60802035931775,42.70153929904973,46.03667242054752,neutral,-0.0008181141037767052,0.260512
trend-decay-v1,LVS,2026-09-09,2026-09-11T03:22:58+00:00,84,43.330002,35.89089096876385,41.71622755747922,48.48705603719722,down,-0.0008181141037767052,0.260512
trend-decay-v1,LVS,2026-09-09,2026-09-11T03:22:58+00:00,252,43.330002,31.745027635495592,41.19216643350627,53.450719746371114,down,-0.0008181141037767052,0.260512
trend-decay-v1,LYB,2026-09-09,2026-09-11T03:22:58+00:00,21,64.510002,58.98292858784206,64.80681123895619,71.20573500698325,neutral,0.0002570440377335123,0.326189
trend-decay-v1,LYB,2026-09-09,2026-09-11T03:22:58+00:00,84,64.510002,54.077603479069886,65.28389816061258,78.81243037507731,neutral,0.0002570440377335123,0.326189
trend-decay-v1,LYB,2026-09-09,2026-09-11T03:22:58+00:00,252,64.510002,47.30085902795721,65.54372365141711,90.8224459000669,neutral,0.0002570440377335123,0.326189
trend-decay-v1,LYV,2026-09-09,2026-09-11T03:22:58+00:00,21,169.990005,156.5590830116855,168.17624154020854,180.65542844601046,neutral,-0.0006006740997671704,0.247957
trend-decay-v1,LYV,2026-09-09,2026-09-11T03:22:58+00:00,84,169.990005,143.26761266250352,165.31823928765488,190.76272531707545,down,-0.0006006740997671704,0.247957
trend-decay-v1,LYV,2026-09-09,2026-09-11T03:22:58+00:00,252,169.990005,127.82131114344332,163.79084555304215,209.88238069999366,down,-0.0006006740997671704,0.247957
trend-decay-v1,MA,2026-09-09,2026-09-11T03:22:58+00:00,21,567.5,535.7955886349661,571.007870313859,608.5342897111916,neutral,0.000345058886578477,0.220491
trend-decay-v1,MA,2026-09-09,2026-09-11T03:22:58+00:00,84,567.5,507.72941564411167,576.6579006401032,654.94399994295,neutral,0.000345058886578477,0.220491
trend-decay-v1,MA,2026-09-09,2026-09-11T03:22:58+00:00,252,567.5,465.02459694784096,579.7409123246081,722.7564469254671,up,0.000345058886578477,0.220491
trend-decay-v1,MAA,2026-09-09,2026-09-11T03:22:58+00:00,21,127.480003,119.47751712420346,126.42275162777055,133.77171298698863,neutral,-0.0004663346708013009,0.195733
trend-decay-v1,MAA,2026-09-09,2026-09-11T03:22:58+00:00,84,127.480003,111.42126200815233,124.75161386646519,139.6767985014291,down,-0.0004663346708013009,0.195733
trend-decay-v1,MAA,2026-09-09,2026-09-11T03:22:58+00:00,252,127.480003,101.8382250736859,123.85586686200513,150.633769834845,down,-0.0004663346708013009,0.195733
trend-decay-v1,MAR,2026-09-09,2026-09-11T03:22:58+00:00,21,331.519989,303.70519917053656,327.4505457184851,353.052434348104,neutral,-0.0006916061955955092,0.260776
trend-decay-v1,MAR,2026-09-09,2026-09-11T03:22:58+00:00,84,331.519989,276.17730348719016,321.0516960992049,373.21745946062896,down,-0.0006916061955955092,0.260776
trend-decay-v1,MAR,2026-09-09,2026-09-11T03:22:58+00:00,252,331.519989,244.7259346477836,317.6388197437295,412.275143430955,down,-0.0006916061955955092,0.260776
trend-decay-v1,MAS,2026-09-09,2026-09-11T03:22:58+00:00,21,69.379997,61.426274264990575,68.593605897952,76.59723508194573,neutral,-0.0006383099861231714,0.382304
trend-decay-v1,MAS,2026-09-09,2026-09-11T03:22:58+00:00,84,69.379997,54.01500741548116,67.35554565963201,83.99090823426411,down,-0.0006383099861231714,0.382304
trend-decay-v1,MAS,2026-09-09,2026-09-11T03:22:58+00:00,252,69.379997,45.50479047836641,66.69444096889579,97.75121277106494,down,-0.0006383099861231714,0.382304
trend-decay-v1,MCD,2026-09-09,2026-09-11T03:22:58+00:00,21,253.479996,234.36850306713194,249.16050039932637,264.8860838670817,neutral,-0.000962433213453251,0.212012
trend-decay-v1,MCD,2026-09-09,2026-09-11T03:22:58+00:00,84,253.479996,214.4827237828909,242.4109384003765,273.9757404220292,down,-0.000962433213453251,0.212012
trend-decay-v1,MCD,2026-09-09,2026-09-11T03:22:58+00:00,252,253.479996,193.20468166716563,238.83242460203167,295.2357393675881,down,-0.000962433213453251,0.212012
trend-decay-v1,MCHP,2026-09-09,2026-09-11T03:22:58+00:00,21,73.010002,60.53227082344009,71.43725927352132,84.30679938305151,down,-0.0012194103764879471,0.573804
trend-decay-v1,MCHP,2026-09-09,2026-09-11T03:22:58+00:00,84,73.010002,49.53789747792532,68.99429887094853,96.09235593446367,down,-0.0012194103764879471,0.573804
trend-decay-v1,MCHP,2026-09-09,2026-09-11T03:22:58+00:00,252,73.010002,38.144312017174165,67.70639602074644,120.17928282607825,down,-0.0012194103764879471,0.573804
trend-decay-v1,MCK,2026-09-09,2026-09-11T03:22:58+00:00,21,891.679993,822.6673757607866,896.5103941353625,976.9815972700613,neutral,0.0003025205272202226,0.297767
trend-decay-v1,MCK,2026-09-09,2026-09-11T03:22:58+00:00,84,891.679993,761.4514451838879,904.2829107832131,1073.9064032337374,neutral,0.0003025205272202226,0.297767
trend-decay-v1,MCK,2026-09-09,2026-09-11T03:22:58+00:00,252,891.679993,674.5528555966005,908.5201211133156,1223.6384497071479,neutral,0.0003025205272202226,0.297767
trend-decay-v1,MCO,2026-09-09,2026-09-11T03:22:58+00:00,21,474.570007,438.73599248113436,475.02078731717296,514.3064445370973,neutral,5.316341029790098e-05,0.27526
trend-decay-v1,MCO,2026-09-09,2026-09-11T03:22:58+00:00,84,474.570007,405.8380307007346,475.7419455086245,557.6865192390688,neutral,5.316341029790098e-05,0.27526
trend-decay-v1,MCO,2026-09-09,2026-09-11T03:22:58+00:00,252,474.570007,361.5632877061931,476.13293764307906,627.0066182517044,neutral,5.316341029790098e-05,0.27526
trend-decay-v1,MDLZ,2026-09-09,2026-09-11T03:22:58+00:00,21,62.419998,58.235236071228314,62.599370748123704,67.29055263497263,neutral,0.00016068073460336592,0.250332
trend-decay-v1,MDLZ,2026-09-09,2026-09-11T03:22:58+00:00,84,62.419998,54.42431275381421,62.887047929253846,72.66570025689681,neutral,0.00016068073460336592,0.250332
trend-decay-v1,MDLZ,2026-09-09,2026-09-11T03:22:58+00:00,252,62.419998,49.08194184489813,63.043387759912406,80.97619187126358,neutral,0.00016068073460336592,0.250332
trend-decay-v1,MDT,2026-09-09,2026-09-11T03:22:58+00:00,21,91.889999,85.15085111108854,92.59903825549965,100.69872202048823,neutral,0.0004304138169695348,0.29048
trend-decay-v1,MDT,2026-09-09,2026-09-11T03:22:58+00:00,84,91.889999,79.26937356998718,93.74333326919499,110.86012335723296,up,0.0004304138169695348,0.29048
trend-decay-v1,MDT,2026-09-09,2026-09-11T03:22:58+00:00,252,91.889999,70.57892738253155,94.3689048341306,126.17774922146701,up,0.0004304138169695348,0.29048
trend-decay-v1,MET,2026-09-09,2026-09-11T03:22:58+00:00,21,95.690002,89.91219759101482,96.09989673800087,102.71342932871798,neutral,0.00023934900416505583,0.230552
trend-decay-v1,MET,2026-09-09,2026-09-11T03:22:58+00:00,84,95.690002,84.69942142865314,96.75848516869817,110.53445577579853,neutral,0.00023934900416505583,0.230552
trend-decay-v1,MET,2026-09-09,2026-09-11T03:22:58+00:00,252,95.690002,77.12015241754276,97.11701839938873,122.29897072456701,neutral,0.00023934900416505583,0.230552
trend-decay-v1,META,2026-09-09,2026-09-11T03:22:58+00:00,21,653.690002,585.1945332393556,665.1234188053764,755.9694035323577,neutral,0.0009709299752951664,0.443503
trend-decay-v1,META,2026-09-09,2026-09-11T03:22:58+00:00,84,653.690002,529.3349372348406,683.8085355226432,883.3615171827829,up,0.0009709299752951664,0.443503
trend-decay-v1,META,2026-09-09,2026-09-11T03:22:58+00:00,252,653.690002,445.49164061823984,694.1454236296645,1081.5867801185373,up,0.0009709299752951664,0.443503
trend-decay-v1,MGM,2026-09-09,2026-09-11T03:22:58+00:00,21,40.66,35.73252356647168,40.15537083792988,45.125662735017606,neutral,-0.0006993077949278225,0.404243
trend-decay-v1,MGM,2026-09-09,2026-09-11T03:22:58+00:00,84,40.66,31.168617861734177,39.362026444306466,49.70926630995876,down,-0.0006993077949278225,0.404243
trend-decay-v1,MGM,2026-09-09,2026-09-11T03:22:58+00:00,252,40.66,25.991052341229135,38.93896180044582,58.33710486940887,down,-0.0006993077949278225,0.404243
trend-decay-v1,MKC,2026-09-09,2026-09-11T03:22:58+00:00,21,51.48,47.00828015228917,51.21992879689831,55.80891488606348,neutral,-0.00028360076825080695,0.297237
trend-decay-v1,MKC,2026-09-09,2026-09-11T03:22:58+00:00,84,51.48,42.79521607835359,50.807103852984184,60.31893371450012,neutral,-0.00028360076825080695,0.297237
trend-decay-v1,MKC,2026-09-09,2026-09-11T03:22:58+00:00,252,51.48,37.57792500566642,50.58493360286265,68.09411395706849,neutral,-0.00028360076825080695,0.297237
trend-decay-v1,MLM,2026-09-09,2026-09-11T03:22:58+00:00,21,502.98999,448.19577514743355,493.5798160409265,543.5594182539002,neutral,-0.001057516581212023,0.334128
trend-decay-v1,MLM,2026-09-09,2026-09-11T03:22:58+00:00,84,502.98999,394.88698484144226,478.9079943599289,580.8063467929718,down,-0.001057516581212023,0.334128
trend-decay-v1,MLM,2026-09-09,2026-09-11T03:22:58+00:00,252,502.98999,337.3223419423551,471.1455065794737,658.0592530332978,down,-0.001057516581212023,0.334128
trend-decay-v1,MMM,2026-09-09,2026-09-11T03:22:58+00:00,21,164.399994,151.1937111928777,162.25819130250957,174.1323791647362,neutral,-0.0007343050079987019,0.244659
trend-decay-v1,MMM,2026-09-09,2026-09-11T03:22:58+00:00,84,164.399994,137.96245944258087,158.89372056955446,183.00061145940495,down,-0.0007343050079987019,0.244659
trend-decay-v1,MMM,2026-09-09,2026-09-11T03:22:58+00:00,252,164.399994,123.00555713848728,157.1009408869648,200.64707808105402,down,-0.0007343050079987019,0.244659
trend-decay-v1,MNST,2026-09-09,2026-09-11T03:22:58+00:00,21,42.84,39.681205629770886,42.410265233816375,45.327014858974664,neutral,-0.0005645374799473673,0.230407
trend-decay-v1,MNST,2026-09-09,2026-09-11T03:22:58+00:00,84,42.84,36.53445909832815,41.732551824789,47.67022489976858,down,-0.0005645374799473673,0.230407
trend-decay-v1,MNST,2026-09-09,2026-09-11T03:22:58+00:00,252,42.84,32.85653947234271,41.37007510071383,52.08957307507563,down,-0.0005645374799473673,0.230407
trend-decay-v1,MO,2026-09-09,2026-09-11T03:22:58+00:00,21,67.889999,62.585663654763245,68.14750975806386,74.20362452083643,neutral,0.0002119930271080858,0.294928
trend-decay-v1,MO,2026-09-09,2026-09-11T03:22:58+00:00,84,67.889999,57.82649412490338,68.56099635006603,81.28817580330221,neutral,0.0002119930271080858,0.294928
trend-decay-v1,MO,2026-09-09,2026-09-11T03:22:58+00:00,252,67.889999,51.217008731438504,68.78596167272231,92.3815865165293,neutral,0.0002119930271080858,0.294928
trend-decay-v1,MOS,2026-09-09,2026-09-11T03:22:58+00:00,21,26.209999,23.604822667009838,26.807291624301076,30.444239906732406,up,0.0012617471931055115,0.440713
trend-decay-v1,MOS,2026-09-09,2026-09-11T03:22:58+00:00,84,26.209999,21.54689941119062,27.790040373288473,35.842110236422606,up,0.0012617471931055115,0.440713
trend-decay-v1,MOS,2026-09-09,2026-09-11T03:22:58+00:00,252,26.209999,18.237175868218564,28.337191832456885,44.03074504253817,up,0.0012617471931055115,0.440713
trend-decay-v1,MPC,2026-09-09,2026-09-11T03:22:58+00:00,21,399.440002,377.6863006671815,416.79057383037144,459.9435619639485,up,0.0023809523809523807,0.341283
trend-decay-v1,MPC,2026-09-09,2026-09-11T03:22:58+00:00,84,399.440002,366.3115381838774,446.0914609906728,543.2468563654746,up,0.0023809523809523807,0.341283
trend-decay-v1,MPC,2026-09-09,2026-09-11T03:22:58+00:00,252,399.440002,328.9919312425694,462.8098253698311,651.0583212477841,up,0.0023809523809523807,0.341283
trend-decay-v1,MPWR,2026-09-09,2026-09-11T03:22:58+00:00,21,1203.75,979.32011855061,1172.469443883718,1403.7132198157256,down,-0.001474339017175789,0.623569
trend-decay-v1,MPWR,2026-09-09,2026-09-11T03:22:58+00:00,84,1203.75,784.2906372176577,1124.1667711978403,1611.329868667881,down,-0.001474339017175789,0.623569
trend-decay-v1,MPWR,2026-09-09,2026-09-11T03:22:58+00:00,252,1203.75,589.0115677343734,1098.8449076150303,2049.976939563287,down,-0.001474339017175789,0.623569
trend-decay-v1,MRK,2026-09-09,2026-09-11T03:22:58+00:00,21,147.529999,136.54828628050575,151.46385617394532,168.00869752370374,up,0.0014735529188137798,0.359119
trend-decay-v1,MRK,2026-09-09,2026-09-11T03:22:58+00:00,84,147.529999,128.38803323175068,157.96834093241858,194.36388352407323,up,0.0014735529188137798,0.359119
trend-decay-v1,MRK,2026-09-09,2026-09-11T03:22:58+00:00,252,147.529999,112.84848305734067,161.60661199463675,231.43152954138193,up,0.0014735529188137798,0.359119
trend-decay-v1,MRNA,2026-09-09,2026-09-11T03:22:58+00:00,21,135.610001,56.39539885702887,141.50052536282345,355.0360327925856,up,0.0023809523809523807,3.186682
trend-decay-v1,MRNA,2026-09-09,2026-09-11T03:22:58+00:00,84,135.610001,24.05665913257152,151.4481853798824,953.43882658271,up,0.0023809523809523807,3.186682
trend-decay-v1,MRNA,2026-09-09,2026-09-11T03:22:58+00:00,252,135.610001,6.490592239031341,157.1240751225828,3803.655209560893,up,0.0023809523809523807,3.186682
trend-decay-v1,MRSH,2026-09-09,2026-09-11T03:22:58+00:00,21,176.839996,161.89621718168942,175.2257753873393,189.65280903158083,neutral,-0.000513483482930286,0.274079
trend-decay-v1,MRSH,2026-09-09,2026-09-11T03:22:58+00:00,84,176.839996,147.4049450070832,172.67705430303806,202.281986410575,down,-0.000513483482930286,0.274079
trend-decay-v1,MRSH,2026-09-09,2026-09-11T03:22:58+00:00,252,176.839996,130.2439705150881,171.31233106337584,225.33031401225497,down,-0.000513483482930286,0.274079
trend-decay-v1,MRVL,2026-09-09,2026-09-11T03:22:58+00:00,21,235.009995,175.28429340535763,240.51387876004128,330.01773719921755,up,0.0012962855282378453,1.095933
trend-decay-v1,MRVL,2026-09-09,2026-09-11T03:22:58+00:00,84,235.009995,132.55927449576933,249.57690711452304,469.89267859065734,up,0.0012962855282378453,1.095933
trend-decay-v1,MRVL,2026-09-09,2026-09-11T03:22:58+00:00,252,235.009995,85.10325369930207,254.62662811203353,761.8359689605562,up,0.0012962855282378453,1.095933
trend-decay-v1,MS,2026-09-09,2026-09-11T03:22:58+00:00,21,215.350006,199.1173904087015,216.13279555441648,234.60223749560447,neutral,0.0002031731709527715,0.284051
trend-decay-v1,MS,2026-09-09,2026-09-11T03:22:58+00:00,84,215.350006,184.50814488690384,217.38946828191862,256.13059493315416,neutral,0.0002031731709527715,0.284051
trend-decay-v1,MS,2026-09-09,2026-09-11T03:22:58+00:00,252,215.350006,164.1497483022689,218.07305266160324,289.7101993088651,neutral,0.0002031731709527715,0.284051
trend-decay-v1,MSCI,2026-09-09,2026-09-11T03:22:58+00:00,21,554.539978,501.4023957858804,551.8229043125567,607.3136472486717,neutral,-0.0002750356833119585,0.331924
trend-decay-v1,MSCI,2026-09-09,2026-09-11T03:22:58+00:00,84,554.539978,452.02733595246167,547.5090912222576,663.1594621139192,neutral,-0.0002750356833119585,0.331924
trend-decay-v1,MSCI,2026-09-09,2026-09-11T03:22:58+00:00,252,554.539978,391.1945525722323,545.1870861770385,759.7983074657658,neutral,-0.0002750356833119585,0.331924
trend-decay-v1,MSFT,2026-09-09,2026-09-11T03:22:58+00:00,21,491.649994,437.5271862107839,493.37059652502586,556.3415330223434,neutral,0.00019562305597662527,0.416114
trend-decay-v1,MSFT,2026-09-09,2026-09-11T03:22:58+00:00,84,491.649994,390.1764816967816,496.1323291848545,630.8614168438722,neutral,0.00019562305597662527,0.416114
trend-decay-v1,MSFT,2026-09-09,2026-09-11T03:22:58+00:00,252,491.649994,328.24214894708365,497.6343622403827,754.442899172936,neutral,0.00019562305597662527,0.416114
trend-decay-v1,MSI,2026-09-09,2026-09-11T03:22:58+00:00,21,459.890015,426.9269989510911,460.9759043897911,497.74032785480887,neutral,0.00013206074441482238,0.26581
trend-decay-v1,MSI,2026-09-09,2026-09-11T03:22:58+00:00,84,459.890015,396.8858200341445,462.7162926450353,539.4659034700363,neutral,0.00013206074441482238,0.26581
trend-decay-v1,MSI,2026-09-09,2026-09-11T03:22:58+00:00,252,459.890015,355.4358585772938,463.6615217415326,604.8405121649348,neutral,0.00013206074441482238,0.26581
trend-decay-v1,MTB,2026-09-09,2026-09-11T03:22:58+00:00,21,238.0,223.0604156491438,236.84774635438913,251.48726989457833,neutral,-0.0002717558567115277,0.207759
trend-decay-v1,MTB,2026-09-09,2026-09-11T03:22:58+00:00,84,238.0,208.4529354050804,235.01821008435735,264.96896752219584,neutral,-0.0002717558567115277,0.207759
trend-decay-v1,MTB,2026-09-09,2026-09-11T03:22:58+00:00,252,238.0,190.1293499564922,234.0333507496764,288.0755089924549,neutral,-0.0002717558567115277,0.207759
trend-decay-v1,MTD,2026-09-09,2026-09-11T03:22:58+00:00,21,1290.359985,1169.820109637318,1275.6380218511435,1391.0278592293985,neutral,-0.0006425375711246141,0.299979
trend-decay-v1,MTD,2026-09-09,2026-09-11T03:22:58+00:00,84,1290.359985,1053.2902027004602,1252.4626681823468,1489.2977558973334,down,-0.0006425375711246141,0.299979
trend-decay-v1,MTD,2026-09-09,2026-09-11T03:22:58+00:00,252,1290.359985,918.6994827108475,1240.0885461198454,1673.9092936897268,down,-0.0006425375711246141,0.299979
trend-decay-v1,MU,2026-09-09,2026-09-11T03:22:58+00:00,21,1027.77002,800.0166663433001,1068.027689809183,1425.8242286538243,up,0.0021514786748421714,1.000905
trend-decay-v1,MU,2026-09-09,2026-09-11T03:22:58+00:00,84,1027.77002,637.2030102552668,1135.6507043107547,2024.0056959003564,up,0.0021514786748421714,1.000905
trend-decay-v1,MU,2026-09-09,2026-09-11T03:22:58+00:00,252,1027.77002,431.515012800597,1174.0414448711,3194.2650276039553,up,0.0021514786748421714,1.000905
trend-decay-v1,NCLH,2026-09-09,2026-09-11T03:22:58+00:00,21,14.85,12.298683401776609,14.231809455734286,16.468787248809843,down,-0.0023809523809523807,0.505715
trend-decay-v1,NCLH,2026-09-09,2026-09-11T03:22:58+00:00,84,14.85,9.930042366691124,13.297013165253178,17.80561981386922,down,-0.0023809523809523807,0.505715
trend-decay-v1,NCLH,2026-09-09,2026-09-11T03:22:58+00:00,252,14.85,7.729407506479233,12.816676968687934,21.252238076721603,down,-0.0023809523809523807,0.505715
trend-decay-v1,NDAQ,2026-09-09,2026-09-11T03:22:58+00:00,21,94.220001,86.51211506248613,94.28818034404156,102.76319040598221,neutral,4.050484590743389e-05,0.29816
trend-decay-v1,NDAQ,2026-09-09,2026-09-11T03:22:58+00:00,84,94.220001,79.46914907093287,94.39722160854744,112.12949366627231,neutral,4.050484590743389e-05,0.29816
trend-decay-v1,NDAQ,2026-09-09,2026-09-11T03:22:58+00:00,252,94.220001,70.10383858430454,94.45632432736727,127.26831205836892,neutral,4.050484590743389e-05,0.29816
trend-decay-v1,NDSN,2026-09-09,2026-09-11T03:22:58+00:00,21,313.940002,292.93412577825956,315.91246706460663,340.6932756014629,neutral,0.00035071654479322447,0.2616
trend-decay-v1,NDSN,2026-09-09,2026-09-11T03:22:58+00:00,84,313.940002,274.35914240855874,319.0898795763223,371.1133893851085,neutral,0.00035071654479322447,0.2616
trend-decay-v1,NDSN,2026-09-09,2026-09-11T03:22:58+00:00,252,313.940002,246.97629167303913,320.8238911540996,416.75242768451363,up,0.00035071654479322447,0.2616
trend-decay-v1,NEE,2026-09-09,2026-09-11T03:22:58+00:00,21,82.650002,77.74752591798307,82.2020437189384,86.91178158773177,neutral,-0.00030431870554398634,0.192997
trend-decay-v1,NEE,2026-09-09,2026-09-11T03:22:58+00:00,84,82.650002,72.89861244260571,81.49131702716973,91.09686080858016,neutral,-0.00030431870554398634,0.192997
trend-decay-v1,NEE,2026-09-09,2026-09-11T03:22:58+00:00,252,82.650002,66.87310837814343,81.10899917362693,98.3754143705628,neutral,-0.00030431870554398634,0.192997
trend-decay-v1,NEM,2026-09-09,2026-09-11T03:22:58+00:00,21,128.710007,114.55912359484793,131.6522219085521,151.2957413567201,up,0.0012656081094987509,0.481762
trend-decay-v1,NEM,2026-09-09,2026-09-11T03:22:58+00:00,84,128.710007,103.35113663581605,136.4935969017721,180.26412288848596,up,0.0012656081094987509,0.481762
trend-decay-v1,NEM,2026-09-09,2026-09-11T03:22:58+00:00,252,128.710007,85.97639745737995,139.18929071412128,225.3369438874668,up,0.0012656081094987509,0.481762
trend-decay-v1,NFLX,2026-09-09,2026-09-11T03:22:58+00:00,21,76.029999,68.4874286677162,75.65431079943208,83.57117289811555,neutral,-0.0002773780775650359,0.344762
trend-decay-v1,NFLX,2026-09-09,2026-09-11T03:22:58+00:00,84,76.029999,61.51069400414609,75.05787476186451,91.58870103770906,neutral,-0.0002773780775650359,0.344762
trend-decay-v1,NFLX,2026-09-09,2026-09-11T03:22:58+00:00,252,76.029999,52.94275469204071,74.73684645827718,105.50256122898386,neutral,-0.0002773780775650359,0.344762
trend-decay-v1,NI,2026-09-09,2026-09-11T03:22:58+00:00,21,41.669998,39.16487306618217,41.47665593801702,43.92489629402341,neutral,-0.00026041542356410394,0.198668
trend-decay-v1,NI,2026-09-09,2026-09-11T03:22:58+00:00,84,41.669998,36.708150775520096,41.1695887086217,46.17326121389335,neutral,-0.00026041542356410394,0.198668
trend-decay-v1,NI,2026-09-09,2026-09-11T03:22:58+00:00,252,41.669998,33.6161872808762,41.004249811424096,50.0160380637268,neutral,-0.00026041542356410394,0.198668
trend-decay-v1,NKE,2026-09-09,2026-09-11T03:22:58+00:00,21,37.349998,32.98852910137843,36.347862612335106,40.049288418560714,down,-0.001522939452436785,0.335933
trend-decay-v1,NKE,2026-09-09,2026-09-11T03:22:58+00:00,84,37.349998,28.666452621418397,34.80212850485107,42.25106484097085,down,-0.001522939452436785,0.335933
trend-decay-v1,NKE,2026-09-09,2026-09-11T03:22:58+00:00,252,37.349998,24.293576404289425,33.992671929430664,47.56408548795972,down,-0.001522939452436785,0.335933
trend-decay-v1,NOC,2026-09-09,2026-09-11T03:22:58+00:00,21,515.570007,465.3341385480834,504.1738245592598,546.255312717499,down,-0.0012516149376799496,0.277701
trend-decay-v1,NOC,2026-09-09,2026-09-11T03:22:58+00:00,84,515.570007,414.4182391686746,486.48518576190344,571.0845073820851,down,-0.0012516149376799496,0.277701
trend-decay-v1,NOC,2026-09-09,2026-09-11T03:22:58+00:00,252,515.570007,361.4647683554266,477.1665432625791,629.9034648524153,down,-0.0012516149376799496,0.277701
trend-decay-v1,NOW,2026-09-09,2026-09-11T03:22:58+00:00,21,131.110001,108.60441855750176,132.61913168427296,161.94400119529632,neutral,0.0006408521322186698,0.692021
trend-decay-v1,NOW,2026-09-09,2026-09-11T03:22:58+00:00,84,131.110001,90.57963958840531,135.0665972582658,201.40271895343002,up,0.0006408521322186698,0.692021
trend-decay-v1,NOW,2026-09-09,2026-09-11T03:22:58+00:00,252,131.110001,68.2822525751853,136.4107954281878,272.51451742693774,up,0.0006408521322186698,0.692021
trend-decay-v1,NRG,2026-09-09,2026-09-11T03:22:58+00:00,21,115.370003,97.42058729028403,114.11002500164044,133.65858457695447,neutral,-0.0006149032407840195,0.547763
trend-decay-v1,NRG,2026-09-09,2026-09-11T03:22:58+00:00,84,115.370003,81.72547996689958,112.12529384266452,153.83307047442003,down,-0.0006149032407840195,0.547763
trend-decay-v1,NRG,2026-09-09,2026-09-11T03:22:58+00:00,252,115.370003,64.22239647126139,111.06493214410646,192.0734795017327,down,-0.0006149032407840195,0.547763
trend-decay-v1,NSC,2026-09-09,2026-09-11T03:22:58+00:00,21,323.299988,301.4560609851386,322.33063951451174,344.65069579395885,neutral,-0.00016814365689368544,0.231934
trend-decay-v1,NSC,2026-09-09,2026-09-11T03:22:58+00:00,84,323.299988,280.5838856026211,320.7878159274538,366.7524335066257,neutral,-0.00016814365689368544,0.231934
trend-decay-v1,NSC,2026-09-09,2026-09-11T03:22:58+00:00,252,323.299988,253.72414047770917,319.95540148307344,403.47543889773675,neutral,-0.00016814365689368544,0.231934
trend-decay-v1,NTAP,2026-09-09,2026-09-11T03:22:58+00:00,21,184.740005,155.87392797092937,184.53844522787827,218.47423883148574,neutral,-6.112716970857194e-05,0.584776
trend-decay-v1,NTAP,2026-09-09,2026-09-11T03:22:58+00:00,84,184.740005,131.43244339698123,184.21684371919537,258.19991345182507,neutral,-6.112716970857194e-05,0.584776
trend-decay-v1,NTAP,2026-09-09,2026-09-11T03:22:58+00:00,252,184.740005,102.55435803268362,184.04291797551394,330.2813874194109,neutral,-6.112716970857194e-05,0.584776
trend-decay-v1,NTRS,2026-09-09,2026-09-11T03:22:58+00:00,21,184.690002,174.4878341397326,185.19344119170896,196.55588499632412,neutral,0.00015242870089237913,0.206273
trend-decay-v1,NTRS,2026-09-09,2026-09-11T03:22:58+00:00,84,184.690002,165.1177185586599,186.00070004812494,209.5248209603976,neutral,0.00015242870089237913,0.206273
trend-decay-v1,NTRS,2026-09-09,2026-09-11T03:22:58+00:00,252,184.690002,151.68907667181443,186.43932996172586,229.15047358209694,neutral,0.00015242870089237913,0.206273
trend-decay-v1,NUE,2026-09-09,2026-09-11T03:22:58+00:00,21,257.910004,231.90438037970776,256.6725331918734,284.0860064275789,neutral,-0.00026931782989593814,0.351523
trend-decay-v1,NUE,2026-09-09,2026-09-11T03:22:58+00:00,84,257.910004,207.92225570524923,254.70757893405764,312.02023345888193,neutral,-0.00026931782989593814,0.351523
trend-decay-v1,NUE,2026-09-09,2026-09-11T03:22:58+00:00,252,257.910004,178.47194909647902,253.64976586570614,360.494767101733,neutral,-0.00026931782989593814,0.351523
trend-decay-v1,NVDA,2026-09-09,2026-09-11T03:22:58+00:00,21,223.669998,199.9169607398508,225.50237942351208,254.36222588356438,neutral,0.0004568667995772925,0.417177
trend-decay-v1,NVDA,2026-09-09,2026-09-11T03:22:58+00:00,84,223.669998,179.56012037627892,228.4614158288707,290.68046074571146,up,0.0004568667995772925,0.417177
trend-decay-v1,NVDA,2026-09-09,2026-09-11T03:22:58+00:00,252,223.669998,151.6007133834168,230.08002401112225,349.18580702898737,up,0.0004568667995772925,0.417177
trend-decay-v1,NVR,2026-09-09,2026-09-11T03:22:58+00:00,21,6187.299805,5665.845212237488,6159.810468722224,6696.841087121015,neutral,-0.0002493354299727795,0.289564
trend-decay-v1,NVR,2026-09-09,2026-09-11T03:22:58+00:00,84,6187.299805,5174.544965180086,6116.140493059533,7229.07517135483,neutral,-0.0002493354299727795,0.289564
trend-decay-v1,NVR,2026-09-09,2026-09-11T03:22:58+00:00,252,6187.299805,4560.874333779894,6092.620867219606,8138.796712014644,neutral,-0.0002493354299727795,0.289564
trend-decay-v1,NWS,2026-09-09,2026-09-11T03:22:58+00:00,21,33.080002,30.629627132974452,33.293799886125164,36.189703062497045,neutral,0.0003607385577558002,0.288918
trend-decay-v1,NWS,2026-09-09,2026-09-11T03:22:58+00:00,84,33.080002,28.47020001240794,33.63828361690174,39.74450914282203,neutral,0.0003607385577558002,0.288918
trend-decay-v1,NWS,2026-09-09,2026-09-11T03:22:58+00:00,252,33.080002,25.33840449077093,33.82632037773971,45.157537472979044,up,0.0003607385577558002,0.288918
trend-decay-v1,NWSA,2026-09-09,2026-09-11T03:22:58+00:00,21,29.610001,27.66325392607795,29.91766419106959,32.355797081623685,neutral,0.0005788218390846895,0.271392
trend-decay-v1,NWSA,2026-09-09,2026-09-11T03:22:58+00:00,84,29.610001,26.004703703598853,30.415905462524346,35.57538342485278,up,0.0005788218390846895,0.271392
trend-decay-v1,NWSA,2026-09-09,2026-09-11T03:22:58+00:00,252,29.610001,23.39490018421807,30.68917718555491,40.257730911873196,up,0.0005788218390846895,0.271392
trend-decay-v1,NXPI,2026-09-09,2026-09-11T03:22:58+00:00,21,223.320007,191.4932906659315,220.1774560070494,253.15828019430916,neutral,-0.0007935655621789015,0.483523
trend-decay-v1,NXPI,2026-09-09,2026-09-11T03:22:58+00:00,84,223.320007,162.81709084191635,215.24772257262853,284.56215396753333,down,-0.0007935655621789015,0.483523
trend-decay-v1,NXPI,2026-09-09,2026-09-11T03:22:58+00:00,252,223.320007,131.10569172484057,212.62430987376354,344.8294010314767,down,-0.0007935655621789015,0.483523
trend-decay-v1,O,2026-09-09,2026-09-11T03:22:58+00:00,21,60.110001,56.81476241550462,59.77075023488424,62.880533716109966,neutral,-0.00031692528513111074,0.1757
trend-decay-v1,O,2026-09-09,2026-09-11T03:22:58+00:00,84,60.110001,53.51877656237322,59.23265522900234,65.55657043820656,neutral,-0.00031692528513111074,0.1757
trend-decay-v1,O,2026-09-09,2026-09-11T03:22:58+00:00,252,60.110001,49.44572662007853,58.94328062251852,70.26512841524604,neutral,-0.00031692528513111074,0.1757
trend-decay-v1,ODFL,2026-09-09,2026-09-11T03:22:58+00:00,21,181.960007,159.1223010657032,176.03276331781257,194.7403572834832,down,-0.0018543963586134407,0.349864
trend-decay-v1,ODFL,2026-09-09,2026-09-11T03:22:58+00:00,84,181.960007,136.42310616539416,166.9601574288547,204.3326453428829,down,-0.0018543963586134407,0.349864
trend-decay-v1,ODFL,2026-09-09,2026-09-11T03:22:58+00:00,252,181.960007,114.34677431389467,162.24373006737775,230.20350249598195,down,-0.0018543963586134407,0.349864
trend-decay-v1,OKE,2026-09-09,2026-09-11T03:22:58+00:00,21,95.82,89.30557635584209,97.03453841415714,105.43240444170303,neutral,0.0007052961025982338,0.287531
trend-decay-v1,OKE,2026-09-09,2026-09-11T03:22:58+00:00,84,95.82,83.86315820803499,99.00719277279109,116.88594169602163,up,0.0007052961025982338,0.287531
trend-decay-v1,OKE,2026-09-09,2026-09-11T03:22:58+00:00,252,95.82,75.08045374214751,100.09214934753736,133.43603909769297,up,0.0007052961025982338,0.287531
trend-decay-v1,OMC,2026-09-09,2026-09-11T03:22:58+00:00,21,78.300003,69.70830185188234,77.45070549453993,86.05304708681517,neutral,-0.00061068671522832,0.364847
trend-decay-v1,OMC,2026-09-09,2026-09-11T03:22:58+00:00,84,78.300003,61.65604674446828,76.11275203579407,93.9591707277605,down,-0.00061068671522832,0.364847
trend-decay-v1,OMC,2026-09-09,2026-09-11T03:22:58+00:00,252,78.300003,52.34895841958649,75.39787115860858,108.59507327127913,down,-0.00061068671522832,0.364847
trend-decay-v1,ON,2026-09-09,2026-09-11T03:22:58+00:00,21,70.980003,54.80324194321859,68.84549378147689,86.4857962039209,down,-0.0017097387430814808,0.790215
trend-decay-v1,ON,2026-09-09,2026-09-11T03:22:58+00:00,84,70.980003,41.54789203480856,65.56733499357514,103.47276859576813,down,-0.0017097387430814808,0.790215
trend-decay-v1,ON,2026-09-09,2026-09-11T03:22:58+00:00,252,70.980003,28.97526372471954,63.85772047496663,140.7341276683563,down,-0.0017097387430814808,0.790215
trend-decay-v1,ORCL,2026-09-09,2026-09-11T03:22:58+00:00,21,161.630005,135.48503676819797,162.2231937947826,194.23816262458848,neutral,0.0002051301906693612,0.623926
trend-decay-v1,ORCL,2026-09-09,2026-09-11T03:22:58+00:00,84,161.630005,113.81822317823227,163.17552897859568,233.9366448881341,neutral,0.0002051301906693612,0.623926
trend-decay-v1,ORCL,2026-09-09,2026-09-11T03:22:58+00:00,252,161.630005,87.71301646052599,163.69358706193987,305.4916080472944,neutral,0.0002051301906693612,0.623926
trend-decay-v1,ORLY,2026-09-09,2026-09-11T03:22:58+00:00,21,86.080002,78.19716461665186,85.02140002525312,92.44118373973357,neutral,-0.0006928975464357137,0.28984
trend-decay-v1,ORLY,2026-09-09,2026-09-11T03:22:58+00:00,84,86.080002,70.51264519806688,83.35688925146903,98.54077897891943,down,-0.0006928975464357137,0.28984
trend-decay-v1,ORLY,2026-09-09,2026-09-11T03:22:58+00:00,252,86.080002,61.71852311891696,82.46913469924311,110.19638569344386,down,-0.0006928975464357137,0.28984
trend-decay-v1,OTIS,2026-09-09,2026-09-11T03:22:58+00:00,21,69.300003,64.43558825996318,68.57874747686635,72.98830867379577,neutral,-0.000585841488670723,0.215871
trend-decay-v1,OTIS,2026-09-09,2026-09-11T03:22:58+00:00,84,69.300003,59.53906207134871,67.44185252223487,76.39360301276315,down,-0.000585841488670723,0.215871
trend-decay-v1,OTIS,2026-09-09,2026-09-11T03:22:58+00:00,252,69.300003,53.85751399658633,66.83406659751742,82.93721946104891,down,-0.000585841488670723,0.215871
trend-decay-v1,OXY,2026-09-09,2026-09-11T03:22:58+00:00,21,61.299999,56.26146108587212,61.94074122406049,68.1933129594719,neutral,0.0005822604741954604,0.333137
trend-decay-v1,OXY,2026-09-09,2026-09-11T03:22:58+00:00,84,61.299999,51.95906108150361,62.97846598763581,76.33485085371795,up,0.0005822604741954604,0.333137
trend-decay-v1,OXY,2026-09-09,2026-09-11T03:22:58+00:00,252,61.299999,45.54283787229808,63.54767265700304,88.67051085935852,up,0.0005822604741954604,0.333137
trend-decay-v1,PANW,2026-09-09,2026-09-11T03:22:58+00:00,21,335.100006,281.6643000787104,333.03330125548354,393.77081055047364,neutral,-0.0003464184782682547,0.580329
trend-decay-v1,PANW,2026-09-09,2026-09-11T03:22:58+00:00,84,335.100006,235.8755614742886,329.75748436995156,461.0057855012333,neutral,-0.0003464184782682547,0.580329
trend-decay-v1,PANW,2026-09-09,2026-09-11T03:22:58+00:00,252,335.100006,183.58455943094236,327.99697169025643,586.0079615162146,down,-0.0003464184782682547,0.580329
trend-decay-v1,PAYX,2026-09-09,2026-09-11T03:22:58+00:00,21,114.75,104.2460934873847,114.49317395741241,125.74751191447423,neutral,-0.00012546632549841904,0.324797
trend-decay-v1,PAYX,2026-09-09,2026-09-11T03:22:58+00:00,84,114.75,94.57691384720239,114.08400260365144,137.61455222674238,neutral,-0.00012546632549841904,0.324797
trend-decay-v1,PAYX,2026-09-09,2026-09-11T03:22:58+00:00,252,114.75,82.28585684880329,113.86303106797249,157.55793693451244,neutral,-0.00012546632549841904,0.324797
trend-decay-v1,PCAR,2026-09-09,2026-09-11T03:22:58+00:00,21,121.879997,111.15085491668854,120.63877709610912,130.93659558582092,neutral,-0.0005731806351665442,0.283753
trend-decay-v1,PCAR,2026-09-09,2026-09-11T03:22:58+00:00,84,121.879997,100.74779063272605,118.68170270151995,139.80799447483471,down,-0.0005731806351665442,0.283753
trend-decay-v1,PCAR,2026-09-09,2026-09-11T03:22:58+00:00,252,121.879997,88.57369648821734,117.63515574128591,156.23182067508517,down,-0.0005731806351665442,0.283753
trend-decay-v1,PCG,2026-09-09,2026-09-11T03:22:58+00:00,21,14.19,11.897038011883271,13.710829471257938,15.801146857070297,down,-0.0019235347577926199,0.491544
trend-decay-v1,PCG,2026-09-09,2026-09-11T03:22:58+00:00,84,14.19,9.771843625034746,12.978552815353918,17.237569454078546,down,-0.0019235347577926199,0.491544
trend-decay-v1,PCG,2026-09-09,2026-09-11T03:22:58+00:00,252,14.19,7.706239611098553,12.598456920312007,20.596441946129836,down,-0.0019235347577926199,0.491544
trend-decay-v1,PEG,2026-09-09,2026-09-11T03:22:58+00:00,21,72.599998,68.54178942379862,72.04422815808535,75.72563912508669,neutral,-0.00043030893304369543,0.172639
trend-decay-v1,PEG,2026-09-09,2026-09-11T03:22:58+00:00,84,72.599998,64.4138218565462,71.16502019544312,78.62381013032748,neutral,-0.00043030893304369543,0.172639
trend-decay-v1,PEG,2026-09-09,2026-09-11T03:22:58+00:00,252,72.599998,59.48433250489761,70.69338178082776,84.0146306962157,down,-0.00043030893304369543,0.172639
trend-decay-v1,PEP,2026-09-09,2026-09-11T03:22:58+00:00,21,136.690002,127.47148468565888,136.13945060669036,145.3968317478665,neutral,-0.00022599121355278327,0.227893
trend-decay-v1,PEP,2026-09-09,2026-09-11T03:22:58+00:00,84,136.690002,118.58820404021773,135.26436279169695,154.28556313441425,neutral,-0.00022599121355278327,0.227893
trend-decay-v1,PEP,2026-09-09,2026-09-11T03:22:58+00:00,252,136.690002,107.32331610110053,134.7928188280656,169.29316636563937,neutral,-0.00022599121355278327,0.227893
trend-decay-v1,PFE,2026-09-09,2026-09-11T03:22:58+00:00,21,27.780001,26.297911791741654,27.961252808229,29.729800023559775,neutral,0.0003641593756168356,0.212454
trend-decay-v1,PFE,2026-09-09,2026-09-11T03:22:58+00:00,84,27.780001,24.991870291305805,28.25331957378425,31.940389319965227,neutral,0.0003641593756168356,0.212454
trend-decay-v1,PFE,2026-09-09,2026-09-11T03:22:58+00:00,252,27.780001,22.9744841622055,28.412756471599234,35.13831799725189,up,0.0003641593756168356,0.212454
trend-decay-v1,PFG,2026-09-09,2026-09-11T03:22:58+00:00,21,114.019997,107.21570402187774,114.54996609900073,122.3859401287398,neutral,0.00025966685523286676,0.229214
trend-decay-v1,PFG,2026-09-09,2026-09-11T03:22:58+00:00,84,114.019997,101.0973489733299,115.40188269527695,131.73040307048728,neutral,0.00025966685523286676,0.229214
trend-decay-v1,PFG,2026-09-09,2026-09-11T03:22:58+00:00,252,114.019997,92.13171439834689,115.8658702824226,145.71420909697156,neutral,0.00025966685523286676,0.229214
trend-decay-v1,PG,2026-09-09,2026-09-11T03:22:58+00:00,21,142.639999,133.53128865076417,141.78189058468652,150.54227889871396,neutral,-0.00033788180983299564,0.207687
trend-decay-v1,PG,2026-09-09,2026-09-11T03:22:58+00:00,84,142.639999,124.55412269555683,140.42148223297212,158.3102369136458,neutral,-0.00033788180983299564,0.207687
trend-decay-v1,PG,2026-09-09,2026-09-11T03:22:58+00:00,252,142.639999,113.4929010739411,139.69022456888325,171.93462018731907,down,-0.00033788180983299564,0.207687
trend-decay-v1,PGR,2026-09-09,2026-09-11T03:22:58+00:00,21,215.5,197.09456616409983,216.294038266041,237.3637787176754,neutral,0.00020594423083490426,0.322006
trend-decay-v1,PGR,2026-09-09,2026-09-11T03:22:58+00:00,84,215.5,180.65788557909332,217.56885139337635,262.02125052498167,neutral,0.00020594423083490426,0.322006
trend-decay-v1,PGR,2026-09-09,2026-09-11T03:22:58+00:00,252,215.5,158.17337793052096,218.2623457382035,301.17869511561344,neutral,0.00020594423083490426,0.322006
trend-decay-v1,PH,2026-09-09,2026-09-11T03:22:58+00:00,21,949.469971,866.8688561310366,935.2802476483383,1009.0905163501563,neutral,-0.000843165216461502,0.263128
trend-decay-v1,PH,2026-09-09,2026-09-11T03:22:58+00:00,84,949.469971,784.3611756221042,913.0463254223566,1062.844029354294,down,-0.000843165216461502,0.263128
trend-decay-v1,PH,2026-09-09,2026-09-11T03:22:58+00:00,252,949.469971,692.7224479127509,901.2272187640137,1172.4905151960925,down,-0.000843165216461502,0.263128
trend-decay-v1,PHM,2026-09-09,2026-09-11T03:22:58+00:00,21,118.93,106.14082686156452,117.194999263061,129.4004226119557,neutral,-0.0008229053019581019,0.343197
trend-decay-v1,PHM,2026-09-09,2026-09-11T03:22:58+00:00,84,118.93,93.8983529677203,114.47514510544572,139.56111510728888,down,-0.0008229053019581019,0.343197
trend-decay-v1,PHM,2026-09-09,2026-09-11T03:22:58+00:00,252,118.93,80.19367039528619,113.02867968203965,159.30786516807285,down,-0.0008229053019581019,0.343197
trend-decay-v1,PKG,2026-09-09,2026-09-11T03:22:58+00:00,21,227.279999,204.81530022863683,223.51072173010667,243.91265043454155,neutral,-0.0009364348968986851,0.302592
trend-decay-v1,PKG,2026-09-09,2026-09-11T03:22:58+00:00,84,227.279999,182.73495692512864,217.6173734134831,259.15852121708105,down,-0.0009364348968986851,0.302592
trend-decay-v1,PKG,2026-09-09,2026-09-11T03:22:58+00:00,252,227.279999,158.4875233297575,214.49102007865645,290.28403452718015,down,-0.0009364348968986851,0.302592
trend-decay-v1,PLD,2026-09-09,2026-09-11T03:22:58+00:00,21,135.660004,126.19797701256715,134.862827676049,144.12261368475404,neutral,-0.00033001681947422733,0.230038
trend-decay-v1,PLD,2026-09-09,2026-09-11T03:22:58+00:00,84,135.660004,116.98300735509771,133.5987879983253,152.57460513425315,neutral,-0.00033001681947422733,0.230038
trend-decay-v1,PLD,2026-09-09,2026-09-11T03:22:58+00:00,252,135.660004,105.60476854373375,132.91921357189278,167.2984807428829,down,-0.00033001681947422733,0.230038
trend-decay-v1,PLTR,2026-09-09,2026-09-11T03:22:58+00:00,21,169.529999,136.5854660691869,170.14987458950975,211.96237532447904,neutral,0.00020437113253266983,0.761164
trend-decay-v1,PLTR,2026-09-09,2026-09-11T03:22:58+00:00,84,169.529999,110.28336774145811,171.14503656942156,265.59420647196663,neutral,0.00020437113253266983,0.761164
trend-decay-v1,PLTR,2026-09-09,2026-09-11T03:22:58+00:00,252,169.529999,80.19855176572163,171.68638284507531,367.540478044199,neutral,0.00020437113253266983,0.761164
trend-decay-v1,PM,2026-09-09,2026-09-11T03:22:58+00:00,21,185.710007,170.67046837833232,186.01833604224004,202.7463900035607,neutral,9.289090798168608e-05,0.298296
trend-decay-v1,PM,2026-09-09,2026-09-11T03:22:58+00:00,84,185.710007,157.00452117399027,186.5120555695705,221.56525565423905,neutral,9.289090798168608e-05,0.298296
trend-decay-v1,PM,2026-09-09,2026-09-11T03:22:58+00:00,252,185.710007,138.6059890210608,186.77997067009477,251.69733061260806,neutral,9.289090798168608e-05,0.298296
trend-decay-v1,PNC,2026-09-09,2026-09-11T03:22:58+00:00,21,240.690002,226.28875799766902,239.7063632188709,253.91955427237423,neutral,-0.00022930888759424364,0.199542
trend-decay-v1,PNC,2026-09-09,2026-09-11T03:22:58+00:00,84,240.690002,212.2289754945974,238.14301398846297,267.2212641056308,neutral,-0.00022930888759424364,0.199542
trend-decay-v1,PNC,2026-09-09,2026-09-11T03:22:58+00:00,252,240.690002,194.37435079524514,237.3006595824482,289.70696394805645,neutral,-0.00022930888759424364,0.199542
trend-decay-v1,PNR,2026-09-09,2026-09-11T03:22:58+00:00,21,57.52,49.719698904382085,55.58088454705826,62.13301357625775,down,-0.0019202800739075735,0.386033
trend-decay-v1,PNR,2026-09-09,2026-09-11T03:22:58+00:00,84,57.52,42.10507051397325,52.617271936926734,65.75401186338591,down,-0.0019202800739075735,0.386033
trend-decay-v1,PNR,2026-09-09,2026-09-11T03:22:58+00:00,252,57.52,34.720762522680126,51.078867080915295,75.14381807039926,down,-0.0019202800739075735,0.386033
trend-decay-v1,PNW,2026-09-09,2026-09-11T03:22:58+00:00,21,97.18,91.8356007816832,96.68417453005704,101.78873470627934,neutral,-0.0002864287246308077,0.178227
trend-decay-v1,PNW,2026-09-09,2026-09-11T03:22:58+00:00,84,97.18,86.52013191850884,95.89717581900892,106.29050287074975,neutral,-0.0002864287246308077,0.178227
trend-decay-v1,PNW,2026-09-09,2026-09-11T03:22:58+00:00,252,97.18,79.88782196565919,95.47366260463349,114.10024740769236,neutral,-0.0002864287246308077,0.178227
trend-decay-v1,PODD,2026-09-09,2026-09-11T03:22:58+00:00,21,137.919998,116.38308134989771,135.86700661167632,158.61277491114927,neutral,-0.0008397824369223725,0.536206
trend-decay-v1,PODD,2026-09-09,2026-09-11T03:22:58+00:00,84,137.919998,97.3326767646556,132.64991588217248,180.78204328124536,down,-0.0008397824369223725,0.536206
trend-decay-v1,PODD,2026-09-09,2026-09-11T03:22:58+00:00,252,137.919998,76.59490126839013,130.93964756791345,223.84246237399373,down,-0.0008397824369223725,0.536206
trend-decay-v1,PPG,2026-09-09,2026-09-11T03:22:58+00:00,21,107.160004,96.63056255999958,105.7275589569954,115.6809649748663,neutral,-0.0007535612939596447,0.311667
trend-decay-v1,PPG,2026-09-09,2026-09-11T03:22:58+00:00,84,107.160004,86.43751646999394,103.47839286427767,123.87882284298284,down,-0.0007535612939596447,0.311667
trend-decay-v1,PPG,2026-09-09,2026-09-11T03:22:58+00:00,252,107.160004,74.89231215099092,102.28041866597303,139.68435133095713,down,-0.0007535612939596447,0.311667
trend-decay-v1,PPL,2026-09-09,2026-09-11T03:22:58+00:00,21,34.549999,32.54188782379582,34.41889097459704,36.40415892082729,neutral,-0.00021289277056401045,0.194258
trend-decay-v1,PPL,2026-09-09,2026-09-11T03:22:58+00:00,84,34.549999,30.580905086881494,34.21043470967608,38.27073919820197,neutral,-0.00021289277056401045,0.194258
trend-decay-v1,PPL,2026-09-09,2026-09-11T03:22:58+00:00,252,34.549999,28.077903945399576,34.09807498190257,41.40902824272069,neutral,-0.00021289277056401045,0.194258
trend-decay-v1,PRU,2026-09-09,2026-09-11T03:22:58+00:00,21,117.589996,110.60157505832062,117.61300511099265,125.06891483185737,neutral,1.095573028447093e-05,0.212922
trend-decay-v1,PRU,2026-09-09,2026-09-11T03:22:58+00:00,84,117.589996,104.04064739960357,117.64977905433005,133.0390655718413,neutral,1.095573028447093e-05,0.212922
trend-decay-v1,PRU,2026-09-09,2026-09-11T03:22:58+00:00,252,117.589996,95.1029066446639,117.66969837632628,145.59132212130442,neutral,1.095573028447093e-05,0.212922
trend-decay-v1,PSA,2026-09-09,2026-09-11T03:22:58+00:00,21,294.600006,270.9460889135867,289.33229900797863,308.96618432437,neutral,-0.0010103113671228096,0.227439
trend-decay-v1,PSA,2026-09-09,2026-09-11T03:22:58+00:00,84,294.600006,246.51794673159588,281.1102004629088,320.5565592769416,down,-0.0010103113671228096,0.227439
trend-decay-v1,PSA,2026-09-09,2026-09-11T03:22:58+00:00,252,294.600006,220.4554627849247,276.7555682831936,347.43364309587486,down,-0.0010103113671228096,0.227439
trend-decay-v1,PSKY,2026-09-09,2026-09-11T03:22:58+00:00,21,10.22,9.317344631239047,10.367766541843705,11.536611268599108,neutral,0.0008038197690560964,0.370049
trend-decay-v1,PSKY,2026-09-09,2026-09-11T03:22:58+00:00,84,10.22,8.567625398985971,10.608318961572346,13.135078385170145,up,0.0008038197690560964,0.370049
trend-decay-v1,PSKY,2026-09-09,2026-09-11T03:22:58+00:00,252,10.22,7.418751002088369,10.740908914934138,15.55074759705993,up,0.0008038197690560964,0.370049
trend-decay-v1,PSX,2026-09-09,2026-09-11T03:22:58+00:00,21,260.779999,249.48387154043826,272.10756279410816,296.7828151478246,up,0.0023809523809523807,0.300695
trend-decay-v1,PSX,2026-09-09,2026-09-11T03:22:58+00:00,84,260.779999,244.8219535739502,291.2370573016775,346.45186964460845,up,0.0023809523809523807,0.300695
trend-decay-v1,PSX,2026-09-09,2026-09-11T03:22:58+00:00,252,260.779999,223.6841003787225,302.15187560792856,408.145933389164,up,0.0023809523809523807,0.300695
trend-decay-v1,PTC,2026-09-09,2026-09-11T03:22:58+00:00,21,128.889999,109.90930816789604,125.3930336943114,143.05806451846487,down,-0.0015402303342897633,0.45656
trend-decay-v1,PTC,2026-09-09,2026-09-11T03:22:58+00:00,84,128.889999,92.19517424442554,120.001330234946,156.19385045012007,down,-0.0015402303342897633,0.45656
trend-decay-v1,PTC,2026-09-09,2026-09-11T03:22:58+00:00,252,128.889999,74.22804603474357,117.17892705158107,184.98265384128254,down,-0.0015402303342897633,0.45656
trend-decay-v1,PWR,2026-09-09,2026-09-11T03:22:58+00:00,21,626.97998,535.8357270993803,620.9168382101651,719.5073050838274,neutral,-0.0005441351922382665,0.510503
trend-decay-v1,PWR,2026-09-09,2026-09-11T03:22:58+00:00,84,626.97998,455.28850499402046,611.3504357710291,820.9066366003152,down,-0.0005441351922382665,0.510503
trend-decay-v1,PWR,2026-09-09,2026-09-11T03:22:58+00:00,252,626.97998,363.8562830039709,606.2315220897037,1010.0599482328798,down,-0.0005441351922382665,0.510503
trend-decay-v1,PYPL,2026-09-09,2026-09-11T03:22:58+00:00,21,52.169998,45.082677783419875,51.641375555811436,59.15424283597332,neutral,-0.0005702808197896728,0.470512
trend-decay-v1,PYPL,2026-09-09,2026-09-11T03:22:58+00:00,84,52.169998,38.72169719222464,50.80782223571206,66.66636504905246,down,-0.0005702808197896728,0.470512
trend-decay-v1,PYPL,2026-09-09,2026-09-11T03:22:58+00:00,252,52.169998,31.460284023657024,50.36205052476055,80.62025540364796,down,-0.0005702808197896728,0.470512
trend-decay-v1,Q,2026-09-09,2026-09-11T03:22:58+00:00,21,125.470001,104.11942988258372,123.78886446304439,147.17409596201793,neutral,-0.0007553414345682981,0.599424
trend-decay-v1,Q,2026-09-09,2026-09-11T03:22:58+00:00,84,125.470001,85.70800632654823,121.14932210099069,171.24605826915973,down,-0.0007553414345682981,0.599424
trend-decay-v1,Q,2026-09-09,2026-09-11T03:22:58+00:00,252,125.470001,65.75447707294607,119.74347677401958,218.06120082170918,down,-0.0007553414345682981,0.599424
trend-decay-v1,QCOM,2026-09-09,2026-09-11T03:22:58+00:00,21,176.399994,147.16973494460666,178.28388571793292,215.9760899117513,neutral,0.0005948437748815881,0.664382
trend-decay-v1,QCOM,2026-09-09,2026-09-11T03:22:58+00:00,84,176.399994,123.5653043507086,181.33586564157602,266.1159323061316,up,0.0005948437748815881,0.664382
trend-decay-v1,QCOM,2026-09-09,2026-09-11T03:22:58+00:00,252,176.399994,94.17557751495013,183.0103824476608,355.6420992302615,up,0.0005948437748815881,0.664382
trend-decay-v1,RCL,2026-09-09,2026-09-11T03:22:58+00:00,21,259.76001,225.03605754031457,252.39976693050883,283.09082127944095,down,-0.0016095369086112558,0.397518
trend-decay-v1,RCL,2026-09-09,2026-09-11T03:22:58+00:00,84,259.76001,191.63244417911147,241.06974944107645,303.26088228184307,down,-0.0016095369086112558,0.397518
trend-decay-v1,RCL,2026-09-09,2026-09-11T03:22:58+00:00,252,259.76001,158.01604238378442,235.1478727383765,349.9297996534181,down,-0.0016095369086112558,0.397518
trend-decay-v1,RDDT,2026-09-09,2026-09-11T03:22:58+00:00,21,146.440002,113.56772919869512,143.9801769715662,182.53681311611288,neutral,-0.0009485760677596677,0.821949
trend-decay-v1,RDDT,2026-09-09,2026-09-11T03:22:58+00:00,84,146.440002,87.18703818907552,140.13526737179436,225.23867732239242,down,-0.0009485760677596677,0.821949
trend-decay-v1,RDDT,2026-09-09,2026-09-11T03:22:58+00:00,252,146.440002,60.70348182200919,138.09613286173206,314.1589467187822,down,-0.0009485760677596677,0.821949
trend-decay-v1,REG,2026-09-09,2026-09-11T03:22:58+00:00,21,75.339996,71.58664748964004,75.07704489087985,78.73762590101606,neutral,-0.00019577749128491854,0.164913
trend-decay-v1,REG,2026-09-09,2026-09-11T03:22:58+00:00,84,75.339996,67.87825986795086,74.6587976908421,82.11666126217033,neutral,-0.00019577749128491854,0.164913
trend-decay-v1,REG,2026-09-09,2026-09-11T03:22:58+00:00,252,75.339996,63.116995271828586,74.43327392080201,87.77845400764802,neutral,-0.00019577749128491854,0.164913
trend-decay-v1,REGN,2026-09-09,2026-09-11T03:22:58+00:00,21,807.650024,738.878991801009,814.4854260579326,897.8283543341452,neutral,0.00047191509617726277,0.337481
trend-decay-v1,REGN,2026-09-09,2026-09-11T03:22:58+00:00,84,807.650024,679.3780969579731,825.5274889811901,1003.1168772074011,up,0.00047191509617726277,0.337481
trend-decay-v1,REGN,2026-09-09,2026-09-11T03:22:58+00:00,252,807.650024,593.3793698637173,831.5695517581012,1165.3723646812819,up,0.00047191509617726277,0.337481
trend-decay-v1,RF,2026-09-09,2026-09-11T03:22:58+00:00,21,29.889999,27.873915947828678,29.734734877460774,31.719779161555376,neutral,-0.00029162851852518394,0.223866
trend-decay-v1,RF,2026-09-09,2026-09-11T03:22:58+00:00,84,29.889999,25.913011438754904,29.488321690666233,33.55693020039042,neutral,-0.00029162851852518394,0.223866
trend-decay-v1,RF,2026-09-09,2026-09-11T03:22:58+00:00,252,29.889999,23.467625945476346,29.355732783410055,36.721185570843396,neutral,-0.00029162851852518394,0.223866
trend-decay-v1,RJF,2026-09-09,2026-09-11T03:22:58+00:00,21,175.470001,164.09732187648572,175.99805156287505,188.76185058792862,neutral,0.00016825746134416667,0.242533
trend-decay-v1,RJF,2026-09-09,2026-09-11T03:22:58+00:00,84,175.470001,153.73765847398238,176.84508550631162,203.42565756604995,neutral,0.00016825746134416667,0.242533
trend-decay-v1,RJF,2026-09-09,2026-09-11T03:22:58+00:00,252,175.470001,139.12059738782594,177.30548769788015,225.9711110939646,neutral,0.00016825746134416667,0.242533
trend-decay-v1,RL,2026-09-09,2026-09-11T03:22:58+00:00,21,335.609985,288.79881341099167,324.54410638788903,364.7136764416657,down,-0.0018774380461442442,0.40423
trend-decay-v1,RL,2026-09-09,2026-09-11T03:22:58+00:00,84,335.609985,243.5851882110151,307.615008766491,388.4759755442685,down,-0.0018774380461442442,0.40423
trend-decay-v1,RL,2026-09-09,2026-09-11T03:22:58+00:00,252,335.609985,199.45875597597234,298.81883238446784,447.67497997617755,down,-0.0018774380461442442,0.40423
trend-decay-v1,RMD,2026-09-09,2026-09-11T03:22:58+00:00,21,219.949997,198.3007463280365,220.40493244079858,244.97302780632444,neutral,0.00011569948172864273,0.366092
trend-decay-v1,RMD,2026-09-09,2026-09-11T03:22:58+00:00,84,219.949997,179.0033658800803,221.1337946990206,273.18008752275784,neutral,0.00011569948172864273,0.366092
trend-decay-v1,RMD,2026-09-09,2026-09-11T03:22:58+00:00,252,219.949997,153.61720060951188,221.52950755800737,319.46502425623896,neutral,0.00011569948172864273,0.366092
trend-decay-v1,ROK,2026-09-09,2026-09-11T03:22:58+00:00,21,426.079987,387.46177437540643,424.3037941379973,464.6489579781559,neutral,-0.00023391611040646953,0.314653
trend-decay-v1,ROK,2026-09-09,2026-09-11T03:22:58+00:00,84,426.079987,351.46493153462757,421.48109827526343,505.4453524784163,neutral,-0.00023391611040646953,0.314653
trend-decay-v1,ROK,2026-09-09,2026-09-11T03:22:58+00:00,252,426.079987,306.5887548881353,419.9603444942131,575.2549241802715,neutral,-0.00023391611040646953,0.314653
trend-decay-v1,ROL,2026-09-09,2026-09-11T03:22:58+00:00,21,34.540001,30.883270928805427,33.670129177447876,36.708469172176436,down,-0.0014282830443489208,0.299286
trend-decay-v1,ROL,2026-09-09,2026-09-11T03:22:58+00:00,84,34.540001,27.19579513033642,32.32546220431696,38.422686364375416,down,-0.0014282830443489208,0.299286
trend-decay-v1,ROL,2026-09-09,2026-09-11T03:22:58+00:00,252,34.540001,23.441274699640427,31.619826496250717,42.65183700391239,down,-0.0014282830443489208,0.299286
trend-decay-v1,ROP,2026-09-09,2026-09-11T03:22:58+00:00,21,390.350006,354.3849213359384,390.51292882472006,430.3240301657715,neutral,2.3366382366174835e-05,0.336286
trend-decay-v1,ROP,2026-09-09,2026-09-11T03:22:58+00:00,84,390.350006,321.8137688993344,390.7733925968085,474.50997787912024,neutral,2.3366382366174835e-05,0.336286
trend-decay-v1,ROP,2026-09-09,2026-09-11T03:22:58+00:00,252,390.350006,279.2766612570077,390.91451638142087,547.1784087861575,neutral,2.3366382366174835e-05,0.336286
trend-decay-v1,ROST,2026-09-09,2026-09-11T03:22:58+00:00,21,225.270004,201.45603915901293,221.17676301803954,242.8279673488727,neutral,-0.0010268196032072131,0.323516
trend-decay-v1,ROST,2026-09-09,2026-09-11T03:22:58+00:00,84,225.270004,178.19527837961567,214.79027097288537,258.9005776366465,down,-0.0010268196032072131,0.323516
trend-decay-v1,ROST,2026-09-09,2026-09-11T03:22:58+00:00,252,225.270004,152.97567128334737,211.40905320704775,292.1627171363531,down,-0.0010268196032072131,0.323516
trend-decay-v1,RSG,2026-09-09,2026-09-11T03:22:58+00:00,21,222.470001,210.3774780623394,224.03059996718028,238.56978505456965,neutral,0.0003914311522804246,0.21782
trend-decay-v1,RSG,2026-09-09,2026-09-11T03:22:58+00:00,84,222.470001,199.77538176302352,226.5469209221926,256.9060658345125,neutral,0.0003914311522804246,0.21782
trend-decay-v1,RSG,2026-09-09,2026-09-11T03:22:58+00:00,252,222.470001,183.31037629538181,227.92138377969238,283.38907067836595,up,0.0003914311522804246,0.21782
trend-decay-v1,RTX,2026-09-09,2026-09-11T03:22:58+00:00,21,197.550003,179.26489702111627,194.2722660698366,210.53599444772308,neutral,-0.0009368702758130341,0.2785
trend-decay-v1,RTX,2026-09-09,2026-09-11T03:22:58+00:00,84,197.550003,161.05325763970157,189.14750360872844,222.14253002849244,down,-0.0009368702758130341,0.2785
trend-decay-v1,RTX,2026-09-09,2026-09-11T03:22:58+00:00,252,197.550003,141.11144178326188,186.42890229449006,246.29991141406586,down,-0.0009368702758130341,0.2785
trend-decay-v1,RVTY,2026-09-09,2026-09-11T03:22:58+00:00,21,123.849998,113.53853102625402,126.1014736766565,140.0544953302901,neutral,0.0010088060034031084,0.363539
trend-decay-v1,RVTY,2026-09-09,2026-09-11T03:22:58+00:00,84,123.849998,105.21266900315136,129.7841986011063,160.09420126037188,up,0.0010088060034031084,0.363539
trend-decay-v1,RVTY,2026-09-09,2026-09-11T03:22:58+00:00,252,123.849998,91.64504162608104,131.82323173994664,189.61598050513942,up,0.0010088060034031084,0.363539
trend-decay-v1,SBAC,2026-09-09,2026-09-11T03:22:58+00:00,21,186.740005,170.11051035488043,187.01981240795058,205.60993062767307,neutral,8.383995391601815e-05,0.32828
trend-decay-v1,SBAC,2026-09-09,2026-09-11T03:22:58+00:00,84,186.740005,155.10066757435155,187.4677668871815,226.58937689497282,neutral,8.383995391601815e-05,0.32828
trend-decay-v1,SBAC,2026-09-09,2026-09-11T03:22:58+00:00,252,186.740005,135.1820619932233,187.7107993765851,260.651033747088,neutral,8.383995391601815e-05,0.32828
trend-decay-v1,SBUX,2026-09-09,2026-09-11T03:22:58+00:00,21,100.040001,93.21911371100873,99.44316550491216,106.08278465609907,neutral,-0.0003350688356645514,0.223897
trend-decay-v1,SBUX,2026-09-09,2026-09-11T03:22:58+00:00,84,100.040001,86.55310419246673,98.49690635153539,112.0888805934649,neutral,-0.0003350688356645514,0.223897
trend-decay-v1,SBUX,2026-09-09,2026-09-11T03:22:58+00:00,252,100.040001,78.33154616851445,97.98823401054368,122.5776136711124,down,-0.0003350688356645514,0.223897
trend-decay-v1,SCHW,2026-09-09,2026-09-11T03:22:58+00:00,21,106.540001,99.79178367167592,107.04724539561396,114.83022274148662,neutral,0.00026596660364417715,0.243126
trend-decay-v1,SCHW,2026-09-09,2026-09-11T03:22:58+00:00,84,106.540001,93.73678914343752,107.86275162519026,124.11747078678341,neutral,0.00026596660364417715,0.243126
trend-decay-v1,SCHW,2026-09-09,2026-09-11T03:22:58+00:00,252,106.540001,84.93136943694546,108.30697019100208,138.11622101140696,neutral,0.00026596660364417715,0.243126
trend-decay-v1,SHW,2026-09-09,2026-09-11T03:22:58+00:00,21,320.640015,287.4025548177184,315.0174380620714,345.2856789882408,neutral,-0.0009906219358127239,0.317811
trend-decay-v1,SHW,2026-09-09,2026-09-11T03:22:58+00:00,84,320.640015,254.90029753321423,306.23743885603915,367.91392503135995,down,-0.0009906219358127239,0.317811
trend-decay-v1,SHW,2026-09-09,2026-09-11T03:22:58+00:00,252,320.640015,219.47578934533283,301.5853097800541,414.4133589697252,down,-0.0009906219358127239,0.317811
trend-decay-v1,SJM,2026-09-09,2026-09-11T03:22:58+00:00,21,123.309998,112.87165719015276,124.61088389658099,137.57104991670028,neutral,0.00058764417218005,0.342754
trend-decay-v1,SJM,2026-09-09,2026-09-11T03:22:58+00:00,84,123.309998,103.96717029405934,126.7180187682222,154.44737252275712,up,0.00058764417218005,0.342754
trend-decay-v1,SJM,2026-09-09,2026-09-11T03:22:58+00:00,252,123.309998,90.7665660569891,127.87394865394666,180.15165114967004,up,0.00058764417218005,0.342754
trend-decay-v1,SLB,2026-09-09,2026-09-11T03:22:58+00:00,21,57.049999,51.657817651185454,57.780410753756044,64.62866645695692,neutral,0.0007123624949786904,0.388008
trend-decay-v1,SLB,2026-09-09,2026-09-11T03:22:58+00:00,84,57.049999,47.1323894920142,58.96694088719143,73.77304980861761,up,0.0007123624949786904,0.388008
trend-decay-v1,SLB,2026-09-09,2026-09-11T03:22:58+00:00,252,57.049999,40.446370498717485,59.61963173660885,87.88181595976747,up,0.0007123624949786904,0.388008
trend-decay-v1,SMCI,2026-09-09,2026-09-11T03:22:58+00:00,21,38.93,29.511830755554442,40.21346521044535,54.79574607303339,up,0.001816316240037644,1.07183
trend-decay-v1,SMCI,2026-09-09,2026-09-11T03:22:58+00:00,84,38.93,22.81022436864249,42.35261691238207,78.63772536112687,up,0.001816316240037644,1.07183
trend-decay-v1,SMCI,2026-09-09,2026-09-11T03:22:58+00:00,252,38.93,14.913506281759842,43.55816904446663,127.22119497994011,up,0.001816316240037644,1.07183
trend-decay-v1,SNA,2026-09-09,2026-09-11T03:22:58+00:00,21,377.420013,352.8091319633937,372.4359415784693,393.15459270434343,neutral,-0.0007443842209370847,0.187539
trend-decay-v1,SNA,2026-09-09,2026-09-11T03:22:58+00:00,84,377.420013,327.19242967194134,364.60849442231444,406.30327033604715,down,-0.0007443842209370847,0.187539
trend-decay-v1,SNA,2026-09-09,2026-09-11T03:22:58+00:00,252,377.420013,298.8023709696284,360.4385152902616,434.7887966319163,down,-0.0007443842209370847,0.187539
trend-decay-v1,SNDK,2026-09-09,2026-09-11T03:22:58+00:00,21,1764.170044,1283.0934052063815,1840.8007242427154,2640.9202109705084,up,0.0023809523809523807,1.250287
trend-decay-v1,SNDK,2026-09-09,2026-09-11T03:22:58+00:00,84,1764.170044,957.2288753119542,1970.2112668323575,4055.1769133459684,up,0.0023809523809523807,1.250287
trend-decay-v1,SNDK,2026-09-09,2026-09-11T03:22:58+00:00,252,1764.170044,585.4620022099596,2044.0497343736927,7136.482471657985,up,0.0023809523809523807,1.250287
trend-decay-v1,SNPS,2026-09-09,2026-09-11T03:22:58+00:00,21,393.220001,340.72484723657067,388.22530639142167,442.34780570043574,neutral,-0.0007158147055465657,0.452102
trend-decay-v1,SNPS,2026-09-09,2026-09-11T03:22:58+00:00,84,393.220001,292.99014655997746,380.37598218561766,493.8250979510499,down,-0.0007158147055465657,0.452102
trend-decay-v1,SNPS,2026-09-09,2026-09-11T03:22:58+00:00,252,393.220001,239.36675029069755,376.19171576714166,591.227506911288,down,-0.0007158147055465657,0.452102
trend-decay-v1,SO,2026-09-09,2026-09-11T03:22:58+00:00,21,88.339996,83.4010278854675,87.69422465668472,92.20842036500979,neutral,-0.00041083550185140594,0.173882
trend-decay-v1,SO,2026-09-09,2026-09-11T03:22:58+00:00,84,88.339996,78.39358450415573,86.67217631665031,95.82501163811813,neutral,-0.00041083550185140594,0.173882
trend-decay-v1,SO,2026-09-09,2026-09-11T03:22:58+00:00,252,88.339996,72.37799967332886,86.12367816054983,102.47986920582474,down,-0.00041083550185140594,0.173882
trend-decay-v1,SOLV,2026-09-09,2026-09-11T03:22:58+00:00,21,90.029999,83.30162298657139,91.2669455056812,99.99391420356557,neutral,0.0007641023276489122,0.316344
trend-decay-v1,SOLV,2026-09-09,2026-09-11T03:22:58+00:00,84,90.029999,77.70743437746751,93.27874112815655,111.97028464726425,up,0.0007641023276489122,0.316344
trend-decay-v1,SOLV,2026-09-09,2026-09-11T03:22:58+00:00,252,90.029999,68.78981507288803,94.38665505820435,129.50813494173318,up,0.0007641023276489122,0.316344
trend-decay-v1,SPG,2026-09-09,2026-09-11T03:22:58+00:00,21,204.529999,190.62886038296784,202.16079506676672,214.39034456756784,neutral,-0.0006524201512589107,0.203464
trend-decay-v1,SPG,2026-09-09,2026-09-11T03:22:58+00:00,84,204.529999,176.43926115936165,198.43204181785245,223.16617606122148,down,-0.0006524201512589107,0.203464
trend-decay-v1,SPG,2026-09-09,2026-09-11T03:22:58+00:00,252,204.529999,160.2765895652494,196.44156492384482,240.76684270861182,down,-0.0006524201512589107,0.203464
trend-decay-v1,SPGI,2026-09-09,2026-09-11T03:22:58+00:00,21,418.359985,381.7543866529676,420.04098387624816,462.16738904460465,neutral,0.0002245435497153674,0.331081
trend-decay-v1,SPGI,2026-09-09,2026-09-11T03:22:58+00:00,84,418.359985,349.1878047131602,422.74096024259535,511.78740223654876,neutral,0.0002245435497153674,0.331081
trend-decay-v1,SPGI,2026-09-09,2026-09-11T03:22:58+00:00,252,418.359985,304.6453813823933,424.2103395951625,590.7012651984469,neutral,0.0002245435497153674,0.331081
trend-decay-v1,SRE,2026-09-09,2026-09-11T03:22:58+00:00,21,85.010002,79.48724870182954,84.87056354336211,90.61846615408236,neutral,-9.192281531228224e-05,0.227005
trend-decay-v1,SRE,2026-09-09,2026-09-11T03:22:58+00:00,84,85.010002,74.25038123662365,84.64823942086983,96.50219053041896,neutral,-9.192281531228224e-05,0.227005
trend-decay-v1,SRE,2026-09-09,2026-09-11T03:22:58+00:00,252,85.010002,67.36185116162044,84.5280854367195,106.06889662896066,neutral,-9.192281531228224e-05,0.227005
trend-decay-v1,STE,2026-09-09,2026-09-11T03:22:58+00:00,21,215.089996,195.58012704028374,211.75201700245688,229.26110839151508,neutral,-0.0008758094847014323,0.275208
trend-decay-v1,STE,2026-09-09,2026-09-11T03:22:58+00:00,84,215.089996,176.1847836221513,206.52568022217324,242.0916024320543,down,-0.0008758094847014323,0.275208
trend-decay-v1,STE,2026-09-09,2026-09-11T03:22:58+00:00,252,215.089996,154.73022438959356,203.74946221898887,268.29821722483854,down,-0.0008758094847014323,0.275208
trend-decay-v1,STLD,2026-09-09,2026-09-11T03:22:58+00:00,21,240.690002,211.02154175071738,236.64157180563245,265.3721181356592,neutral,-0.0009498636259263359,0.396939
trend-decay-v1,STLD,2026-09-09,2026-09-11T03:22:58+00:00,84,240.690002,183.1434240416518,230.31372985590045,289.63319014977554,down,-0.0009498636259263359,0.396939
trend-decay-v1,STLD,2026-09-09,2026-09-11T03:22:58+00:00,252,240.690002,152.6008107792088,226.95787599039446,337.5465517584869,down,-0.0009498636259263359,0.396939
trend-decay-v1,STT,2026-09-09,2026-09-11T03:22:58+00:00,21,191.889999,181.79867338923273,194.470150179789,208.0248365178089,neutral,0.0007479001752713323,0.233407
trend-decay-v1,STT,2026-09-09,2026-09-11T03:22:58+00:00,84,191.889999,173.61883778861696,198.6649829400136,227.32426935496704,up,0.0007479001752713323,0.233407
trend-decay-v1,STT,2026-09-09,2026-09-11T03:22:58+00:00,252,191.889999,159.13772241771974,200.97429333650274,253.80950517869934,up,0.0007479001752713323,0.233407
trend-decay-v1,STX,2026-09-09,2026-09-11T03:22:58+00:00,21,885.919983,721.8114054065703,908.0351979266096,1142.3038130149666,up,0.0013806574081820255,0.795078
trend-decay-v1,STX,2026-09-09,2026-09-11T03:22:58+00:00,84,885.919983,596.8354819303117,944.5229621546438,1494.7563491902945,up,0.0013806574081820255,0.795078
trend-decay-v1,STX,2026-09-09,2026-09-11T03:22:58+00:00,252,885.919983,435.69259196874475,964.8907962064004,2136.860405169821,up,0.0013806574081820255,0.795078
trend-decay-v1,STZ,2026-09-09,2026-09-11T03:22:58+00:00,21,121.550003,108.9722048803857,119.12517365442488,130.22409717940047,neutral,-0.001128363231237153,0.308589
trend-decay-v1,STZ,2026-09-09,2026-09-11T03:22:58+00:00,84,121.550003,96.5260768941398,115.35071013389457,137.846546306717,down,-0.001128363231237153,0.308589
trend-decay-v1,STZ,2026-09-09,2026-09-11T03:22:58+00:00,252,121.550003,83.25863469687238,113.35685409757798,154.33566041147543,down,-0.001128363231237153,0.308589
trend-decay-v1,SW,2026-09-09,2026-09-11T03:22:58+00:00,21,42.200001,36.21155383569082,41.471393448288985,47.49524094841913,neutral,-0.0009752410859204396,0.469821
trend-decay-v1,SW,2026-09-09,2026-09-11T03:22:58+00:00,84,42.200001,30.751052869831387,40.33322270834706,52.90124084294622,down,-0.0009752410859204396,0.469821
trend-decay-v1,SW,2026-09-09,2026-09-11T03:22:58+00:00,252,42.200001,24.83575559328678,39.72995243540681,63.55631559469664,down,-0.0009752410859204396,0.469821
trend-decay-v1,SWK,2026-09-09,2026-09-11T03:22:58+00:00,21,91.68,81.73360013110165,90.70555406897876,100.66236560928952,neutral,-0.0005983506847971531,0.360798
trend-decay-v1,SWK,2026-09-09,2026-09-11T03:22:58+00:00,84,91.68,72.40228934445891,89.17000730729045,109.82097769524134,down,-0.0005983506847971531,0.360798
trend-decay-v1,SWK,2026-09-09,2026-09-11T03:22:58+00:00,252,91.68,61.590065787687166,88.34932757848478,126.73478399061679,down,-0.0005983506847971531,0.360798
trend-decay-v1,SWKS,2026-09-09,2026-09-11T03:22:58+00:00,21,76.540001,66.54264843344461,78.11439824455468,91.6984724347411,up,0.0011401221848357786,0.555404
trend-decay-v1,SWKS,2026-09-09,2026-09-11T03:22:58+00:00,84,76.540001,58.559595738797974,80.69750155818646,111.20443499610771,up,0.0011401221848357786,0.555404
trend-decay-v1,SWKS,2026-09-09,2026-09-11T03:22:58+00:00,252,76.540001,47.13055988884374,82.13182846271322,143.12660962521912,up,0.0011401221848357786,0.555404
trend-decay-v1,SYF,2026-09-09,2026-09-11T03:22:58+00:00,21,77.349998,70.37214790007599,77.50839381410958,85.36830679338426,neutral,0.00011454956845258846,0.334593
trend-decay-v1,SYF,2026-09-09,2026-09-11T03:22:58+00:00,84,77.349998,64.10212625208781,77.7621565248625,94.33311094263846,neutral,0.00011454956845258846,0.334593
trend-decay-v1,SYF,2026-09-09,2026-09-11T03:22:58+00:00,252,77.349998,55.74746825917983,77.89992553082627,108.85513884675841,neutral,0.00011454956845258846,0.334593
trend-decay-v1,SYK,2026-09-09,2026-09-11T03:22:58+00:00,21,275.390015,236.0678199339977,264.4823655759927,296.31705719242314,down,-0.0022629945916323316,0.393714
trend-decay-v1,SYK,2026-09-09,2026-09-11T03:22:58+00:00,84,275.390015,197.5298034885089,247.94336684211095,311.22348159769166,down,-0.0022629945916323316,0.393714
trend-decay-v1,SYK,2026-09-09,2026-09-11T03:22:58+00:00,252,275.390015,161.50189980470364,239.42277112702163,354.938631703159,down,-0.0022629945916323316,0.393714
trend-decay-v1,SYY,2026-09-09,2026-09-11T03:22:58+00:00,21,81.57,77.06651774640842,81.32896365037958,85.8271597298558,neutral,-0.00016571006493776142,0.186484
trend-decay-v1,SYY,2026-09-09,2026-09-11T03:22:58+00:00,84,81.57,72.6829702105082,80.94530642249447,90.14687502251034,neutral,-0.00016571006493776142,0.186484
trend-decay-v1,SYY,2026-09-09,2026-09-11T03:22:58+00:00,252,81.57,67.0024391278171,80.73829706573007,97.29007925575277,neutral,-0.00016571006493776142,0.186484
trend-decay-v1,T,2026-09-09,2026-09-11T03:22:58+00:00,21,25.15,23.35616256898038,25.37055858602612,27.55868996312964,neutral,0.0004889257771251926,0.28658
trend-decay-v1,T,2026-09-09,2026-09-11T03:22:58+00:00,84,25.15,21.803789302759764,25.726994648264707,30.356111244758054,up,0.0004889257771251926,0.28658
trend-decay-v1,T,2026-09-09,2026-09-11T03:22:58+00:00,252,25.15,19.463016134865462,25.922104394866928,34.52473612528423,up,0.0004889257771251926,0.28658
trend-decay-v1,TAP,2026-09-09,2026-09-11T03:22:58+00:00,21,38.48,34.60086413351259,37.78833640590817,41.26944237045914,neutral,-0.0010156566124532348,0.305263
trend-decay-v1,TAP,2026-09-09,2026-09-11T03:22:58+00:00,84,38.48,30.77723234647551,36.70888714640199,43.78374183738431,down,-0.0010156566124532348,0.305263
trend-decay-v1,TAP,2026-09-09,2026-09-11T03:22:58+00:00,252,38.48,26.630607452441218,36.13725076249698,49.03759311550655,down,-0.0010156566124532348,0.305263
trend-decay-v1,TDG,2026-09-09,2026-09-11T03:22:58+00:00,21,1125.680054,1021.638707877119,1106.846813541494,1199.1615619112902,neutral,-0.0009447632901544508,0.2775
trend-decay-v1,TDG,2026-09-09,2026-09-11T03:22:58+00:00,84,1125.680054,917.9079948643654,1077.4063045238547,1264.6194951153852,down,-0.0009447632901544508,0.2775
trend-decay-v1,TDG,2026-09-09,2026-09-11T03:22:58+00:00,252,1125.680054,804.4933380950825,1061.7913202950406,1401.3799176055315,down,-0.0009447632901544508,0.2775
trend-decay-v1,TDY,2026-09-09,2026-09-11T03:22:58+00:00,21,595.22998,539.7319702969314,581.01402210746,625.4535815244949,down,-0.0013535808574721693,0.255312
trend-decay-v1,TDY,2026-09-09,2026-09-11T03:22:58+00:00,84,595.22998,482.3867645959036,559.0006636637374,647.7825780279555,down,-0.0013535808574721693,0.255312
trend-decay-v1,TDY,2026-09-09,2026-09-11T03:22:58+00:00,252,595.22998,424.080007701225,547.4297455567945,706.6575195204871,down,-0.0013535808574721693,0.255312
trend-decay-v1,TECH,2026-09-09,2026-09-11T03:22:58+00:00,21,72.25,64.3331118104545,73.10881013977371,83.08160400823176,neutral,0.0006616757340563604,0.44297
trend-decay-v1,TECH,2026-09-09,2026-09-11T03:22:58+00:00,84,72.25,57.68982715786439,74.50227791490323,96.21435334379937,up,0.0006616757340563604,0.44297
trend-decay-v1,TECH,2026-09-09,2026-09-11T03:22:58+00:00,252,72.25,48.3315424529441,75.26794901993884,117.21670491240478,up,0.0006616757340563604,0.44297
trend-decay-v1,TEL,2026-09-09,2026-09-11T03:22:58+00:00,21,204.679993,184.6279393196617,203.1243207748889,223.4737052382087,neutral,-0.0004272211448834747,0.330737
trend-decay-v1,TEL,2026-09-09,2026-09-11T03:22:58+00:00,84,204.679993,165.78245564216007,200.6631269479652,242.88270046770407,neutral,-0.0004272211448834747,0.330737
trend-decay-v1,TEL,2026-09-09,2026-09-11T03:22:58+00:00,252,204.679993,143.20666285870823,199.34276531304897,277.4838634558471,down,-0.0004272211448834747,0.330737
trend-decay-v1,TER,2026-09-09,2026-09-11T03:22:58+00:00,21,383.690002,301.94461103928955,387.91520170860525,498.3636011872633,neutral,0.0006132545576445078,0.867907
trend-decay-v1,TER,2026-09-09,2026-09-11T03:22:58+00:00,84,383.690002,239.17596874804153,394.7631212640397,651.5617882760345,up,0.0006132545576445078,0.867907
trend-decay-v1,TER,2026-09-09,2026-09-11T03:22:58+00:00,252,383.690002,167.3111666184968,398.52185976351376,949.2472972321725,up,0.0006132545576445078,0.867907
trend-decay-v1,TFC,2026-09-09,2026-09-11T03:22:58+00:00,21,50.150002,46.47136879144499,49.95771478884614,53.70561125763846,neutral,-0.00021511353089038483,0.250595
trend-decay-v1,TFC,2026-09-09,2026-09-11T03:22:58+00:00,84,50.150002,42.96378793017351,49.65200192593188,57.38137659694911,neutral,-0.00021511353089038483,0.250595
trend-decay-v1,TFC,2026-09-09,2026-09-11T03:22:58+00:00,252,50.150002,38.51776710818654,49.487228103571375,63.5806779374394,neutral,-0.00021511353089038483,0.250595
trend-decay-v1,TGT,2026-09-09,2026-09-11T03:22:58+00:00,21,157.520004,144.80349170685042,159.80934549717364,176.37024223102213,neutral,0.0008079643974861755,0.341574
trend-decay-v1,TGT,2026-09-09,2026-09-11T03:22:58+00:00,84,157.520004,134.26679371795507,163.53657396300287,199.18708329131928,up,0.0008079643974861755,0.341574
trend-decay-v1,TGT,2026-09-09,2026-09-11T03:22:58+00:00,252,157.520004,117.67751018492507,165.59116988273348,233.01338972962876,up,0.0008079643974861755,0.341574
trend-decay-v1,TJX,2026-09-09,2026-09-11T03:22:58+00:00,21,126.120003,112.1159173479115,120.86975429310684,130.3070772505985,down,-0.0023809523809523807,0.260432
trend-decay-v1,TJX,2026-09-09,2026-09-11T03:22:58+00:00,84,126.120003,97.16523121010871,112.93059530591046,131.25393926732627,down,-0.0023809523809523807,0.260432
trend-decay-v1,TJX,2026-09-09,2026-09-11T03:22:58+00:00,252,126.120003,83.89358951503651,108.85113385460964,141.2333100768145,down,-0.0023809523809523807,0.260432
trend-decay-v1,TKO,2026-09-09,2026-09-11T03:22:58+00:00,21,191.080002,172.229946893949,190.8053077376181,211.38406019055813,neutral,-8.055658761981619e-05,0.354804
trend-decay-v1,TKO,2026-09-09,2026-09-11T03:22:58+00:00,84,191.080002,155.1059949621911,190.36721293999375,233.64458460406237,neutral,-8.055658761981619e-05,0.354804
trend-decay-v1,TKO,2026-09-09,2026-09-11T03:22:58+00:00,252,191.080002,133.3405106714252,190.13038754337828,271.1071382985339,neutral,-8.055658761981619e-05,0.354804
trend-decay-v1,TMO,2026-09-09,2026-09-11T03:22:58+00:00,21,605.690002,557.0563519275953,611.4379630868322,671.1284799286648,neutral,0.0005288897585204063,0.322671
trend-decay-v1,TMO,2026-09-09,2026-09-11T03:22:58+00:00,84,605.690002,515.2288146705482,620.735640135447,747.8477988090457,up,0.0005288897585204063,0.322671
trend-decay-v1,TMO,2026-09-09,2026-09-11T03:22:58+00:00,252,605.690002,453.23333629354283,625.8295714946839,864.1523497811602,up,0.0005288897585204063,0.322671
trend-decay-v1,TMUS,2026-09-09,2026-09-11T03:22:58+00:00,21,177.339996,159.09570940623925,176.7809951658769,196.43220026782322,neutral,-0.0001767850338149368,0.365136
trend-decay-v1,TMUS,2026-09-09,2026-09-11T03:22:58+00:00,84,177.339996,142.4592149977574,175.89146278597846,217.1695715259856,neutral,-0.0001767850338149368,0.365136
trend-decay-v1,TMUS,2026-09-09,2026-09-11T03:22:58+00:00,252,177.339996,121.75359678507951,175.41161606911083,252.71725734962274,neutral,-0.0001767850338149368,0.365136
trend-decay-v1,TPL,2026-09-09,2026-09-11T03:22:58+00:00,21,374.059998,329.9848420726363,376.2323275697833,428.9614135591675,neutral,0.00032425058891881605,0.454352
trend-decay-v1,TPL,2026-09-09,2026-09-11T03:22:58+00:00,84,374.059998,292.11251061628553,379.7295496521534,493.62668711042977,neutral,0.00032425058891881605,0.454352
trend-decay-v1,TPL,2026-09-09,2026-09-11T03:22:58+00:00,252,374.059998,242.28575761648648,381.63698133666753,601.1363893469455,up,0.00032425058891881605,0.454352
trend-decay-v1,TPR,2026-09-09,2026-09-11T03:22:58+00:00,21,113.709999,96.10083484634389,108.9763662612617,123.57695354568992,down,-0.0023809523809523807,0.435552
trend-decay-v1,TPR,2026-09-09,2026-09-11T03:22:58+00:00,84,113.709999,79.18008737008095,101.81840765817681,130.9292333764708,down,-0.0023809523809523807,0.435552
trend-decay-v1,TPR,2026-09-09,2026-09-11T03:22:58+00:00,252,113.709999,63.4877316376313,98.14035860557765,151.7069477644158,down,-0.0023809523809523807,0.435552
trend-decay-v1,TRGP,2026-09-09,2026-09-11T03:22:58+00:00,21,291.380005,270.855256519553,296.8514948580759,325.3428090405654,neutral,0.0010417276633147609,0.317476
trend-decay-v1,TRGP,2026-09-09,2026-09-11T03:22:58+00:00,84,291.380005,254.59210799405957,305.8080269096305,367.3269767048056,up,0.0010417276633147609,0.317476
trend-decay-v1,TRGP,2026-09-09,2026-09-11T03:22:58+00:00,252,291.380005,226.23608614542525,310.77061975402495,426.89201244499895,up,0.0010417276633147609,0.317476
trend-decay-v1,TRMB,2026-09-09,2026-09-11T03:22:58+00:00,21,57.400002,51.88552708931716,57.2798685923465,63.23503932625584,neutral,-0.00011731704390277183,0.342632
trend-decay-v1,TRMB,2026-09-09,2026-09-11T03:22:58+00:00,84,57.400002,46.84212601153103,57.0884376941111,69.57604182082004,neutral,-0.00011731704390277183,0.342632
trend-decay-v1,TRMB,2026-09-09,2026-09-11T03:22:58+00:00,252,57.400002,40.45364435744248,56.98503758171587,80.27198932924193,neutral,-0.00011731704390277183,0.342632
trend-decay-v1,TROW,2026-09-09,2026-09-11T03:22:58+00:00,21,107.739998,99.92802959309374,107.12608406446441,114.84263157911631,neutral,-0.0003199817130500024,0.24095
trend-decay-v1,TROW,2026-09-09,2026-09-11T03:22:58+00:00,84,107.739998,92.36640386770556,106.15240721608194,121.99601896278521,neutral,-0.0003199817130500024,0.24095
trend-decay-v1,TROW,2026-09-09,2026-09-11T03:22:58+00:00,252,107.739998,83.011676028585,105.62882234941058,134.40817779755807,neutral,-0.0003199817130500024,0.24095
trend-decay-v1,TRV,2026-09-09,2026-09-11T03:22:58+00:00,21,366.850006,341.80362957487637,368.45389776833775,397.1820748349928,neutral,0.00024428298937151686,0.260082
trend-decay-v1,TRV,2026-09-09,2026-09-11T03:22:58+00:00,84,366.850006,319.2989344050069,371.03120706271324,431.1450549339989,neutral,0.00024428298937151686,0.260082
trend-decay-v1,TRV,2026-09-09,2026-09-11T03:22:58+00:00,252,366.850006,287.1426168933431,372.43443738469506,483.0610365356397,neutral,0.00024428298937151686,0.260082
trend-decay-v1,TSCO,2026-09-09,2026-09-11T03:22:58+00:00,21,34.0,30.855144951023494,33.90432752907798,37.25483795404646,neutral,-0.00015778807421154147,0.326454
trend-decay-v1,TSCO,2026-09-09,2026-09-11T03:22:58+00:00,84,34.0,27.954044604609805,33.75201780960617,40.75255378365216,neutral,-0.00015778807421154147,0.326454
trend-decay-v1,TSCO,2026-09-09,2026-09-11T03:22:58+00:00,252,34.0,24.292021066929426,33.66982195685445,46.66787121099656,neutral,-0.00015778807421154147,0.326454
trend-decay-v1,TSLA,2026-09-09,2026-09-11T03:22:58+00:00,21,367.809998,317.902202183554,372.5050865076686,436.48656260005015,neutral,0.000710260001838409,0.549084
trend-decay-v1,TSLA,2026-09-09,2026-09-11T03:22:58+00:00,84,367.809998,276.8578125271159,380.13173261742685,521.9290466241561,up,0.000710260001838409,0.549084
trend-decay-v1,TSLA,2026-09-09,2026-09-11T03:22:58+00:00,252,367.809998,221.94049749153012,384.32683240059737,665.5257412348271,up,0.000710260001838409,0.549084
trend-decay-v1,TSN,2026-09-09,2026-09-11T03:22:58+00:00,21,51.740002,46.61231010540454,50.769323505398354,55.297070738764745,neutral,-0.0010604968021073631,0.29593
trend-decay-v1,TSN,2026-09-09,2026-09-11T03:22:58+00:00,84,51.740002,41.52002823145238,49.2559998206123,58.43333017028857,down,-0.0010604968021073631,0.29593
trend-decay-v1,TSN,2026-09-09,2026-09-11T03:22:58+00:00,252,51.740002,36.04303382198229,48.4553913392313,65.14226747488927,down,-0.0010604968021073631,0.29593
trend-decay-v1,TT,2026-09-09,2026-09-11T03:22:58+00:00,21,444.170013,403.26982625538915,438.8269461780397,477.5192096072939,neutral,-0.0006776743513247606,0.292714
trend-decay-v1,TT,2026-09-09,2026-09-11T03:22:58+00:00,84,444.170013,363.49636274028757,430.42272079375215,509.671450847128,down,-0.0006776743513247606,0.292714
trend-decay-v1,TT,2026-09-09,2026-09-11T03:22:58+00:00,252,444.170013,317.8507317629463,425.93888588200394,570.7834413346865,down,-0.0006776743513247606,0.292714
trend-decay-v1,TTD,2026-09-09,2026-09-11T03:22:58+00:00,21,13.88,11.34284259690032,13.711682851031215,16.575231913968498,neutral,-0.0006831875044813672,0.657006
trend-decay-v1,TTD,2026-09-09,2026-09-11T03:22:58+00:00,84,13.88,9.20209325975609,13.44696698128429,19.649977009746447,down,-0.0006831875044813672,0.657006
trend-decay-v1,TTD,2026-09-09,2026-09-11T03:22:58+00:00,252,13.88,6.897716827502905,13.305752523488955,25.666906114559275,down,-0.0006831875044813672,0.657006
trend-decay-v1,TTWO,2026-09-09,2026-09-11T03:22:58+00:00,21,211.139999,185.27636414209866,205.4574023803497,227.83663954299988,down,-0.0015277122463790182,0.358154
trend-decay-v1,TTWO,2026-09-09,2026-09-11T03:22:58+00:00,84,211.139999,159.95065673769068,196.6933035012576,241.87619126618662,down,-0.0015277122463790182,0.358154
trend-decay-v1,TTWO,2026-09-09,2026-09-11T03:22:58+00:00,252,211.139999,134.27424982637234,192.10427987359947,274.84089014441867,down,-0.0015277122463790182,0.358154
trend-decay-v1,TXN,2026-09-09,2026-09-11T03:22:58+00:00,21,261.589996,226.63189528390086,258.85955745409103,295.6700794536747,neutral,-0.0005875463071188203,0.460582
trend-decay-v1,TXN,2026-09-09,2026-09-11T03:22:58+00:00,84,261.589996,195.1177019683718,254.5558133886596,332.1003757027941,down,-0.0005875463071188203,0.460582
trend-decay-v1,TXN,2026-09-09,2026-09-11T03:22:58+00:00,252,261.589996,159.15187276129396,252.25511106481417,399.8233885300363,down,-0.0005875463071188203,0.460582
trend-decay-v1,TXT,2026-09-09,2026-09-11T03:22:58+00:00,21,79.889999,72.15304106246151,78.11449795646696,84.56850468310276,down,-0.001258502594721238,0.275002
trend-decay-v1,TXT,2026-09-09,2026-09-11T03:22:58+00:00,84,79.889999,64.29565195735964,75.3590848506589,88.32621641810354,down,-0.001258502594721238,0.275002
trend-decay-v1,TXT,2026-09-09,2026-09-11T03:22:58+00:00,252,79.889999,56.13812546935273,73.90771202524641,97.30196459425407,down,-0.001258502594721238,0.275002
trend-decay-v1,TYL,2026-09-09,2026-09-11T03:22:58+00:00,21,342.679993,305.5306218463224,347.3677454572388,394.9337380812113,neutral,0.0007608106173401995,0.444562
trend-decay-v1,TYL,2026-09-09,2026-09-11T03:22:58+00:00,84,342.679993,274.6302459088221,354.9914209957247,458.8675532206399,up,0.0007608106173401995,0.444562
trend-decay-v1,TYL,2026-09-09,2026-09-11T03:22:58+00:00,252,342.679993,230.2782193907474,359.1895441934982,560.2663117652927,up,0.0007608106173401995,0.444562
trend-decay-v1,UAL,2026-09-09,2026-09-11T03:22:58+00:00,21,107.120003,91.19843200371292,104.93893022517254,120.7496536382917,down,-0.0011518959452511027,0.486155
trend-decay-v1,UAL,2026-09-09,2026-09-11T03:22:58+00:00,84,107.120003,76.69432090086778,101.54574460695495,134.4498279228423,down,-0.0011518959452511027,0.486155
trend-decay-v1,UAL,2026-09-09,2026-09-11T03:22:58+00:00,252,107.120003,61.347501229922095,99.75422797428287,162.2055633765841,down,-0.0011518959452511027,0.486155
trend-decay-v1,UBER,2026-09-09,2026-09-11T03:22:58+00:00,21,71.080002,62.62777661999774,70.10824878319676,78.48221368722744,neutral,-0.0007708123023796191,0.39086
trend-decay-v1,UBER,2026-09-09,2026-09-11T03:22:58+00:00,84,71.080002,54.72837518725035,68.58305161082524,85.9450870258777,down,-0.0007708123023796191,0.39086
trend-decay-v1,UBER,2026-09-09,2026-09-11T03:22:58+00:00,252,71.080002,45.84537335486596,67.77099393376838,100.18257640131935,down,-0.0007708123023796191,0.39086
trend-decay-v1,UDR,2026-09-09,2026-09-11T03:22:58+00:00,21,35.400002,32.92801647907868,34.951404648082736,37.09912765775558,neutral,-0.0007141248680758899,0.206581
trend-decay-v1,UDR,2026-09-09,2026-09-11T03:22:58+00:00,84,35.400002,30.396018033480754,34.24639179308062,38.5845063505799,down,-0.0007141248680758899,0.206581
trend-decay-v1,UDR,2026-09-09,2026-09-11T03:22:58+00:00,252,35.400002,27.548966687784507,33.87055416076063,41.642739350572676,down,-0.0007141248680758899,0.206581
trend-decay-v1,UHS,2026-09-09,2026-09-11T03:22:58+00:00,21,175.779999,162.25786946219583,177.08779159401269,193.27312774158548,neutral,0.0004150622101289296,0.302966
trend-decay-v1,UHS,2026-09-09,2026-09-11T03:22:58+00:00,84,175.779999,150.44112998199034,179.19764279520572,213.45090393300237,neutral,0.0004150622101289296,0.302966
trend-decay-v1,UHS,2026-09-09,2026-09-11T03:22:58+00:00,252,175.779999,133.21138035051524,180.3506826574316,244.17109596354234,up,0.0004150622101289296,0.302966
trend-decay-v1,ULTA,2026-09-09,2026-09-11T03:22:58+00:00,21,541.859985,489.6512647178955,541.9247942597635,599.7788707901885,neutral,6.696970170523832e-06,0.351377
trend-decay-v1,ULTA,2026-09-09,2026-09-11T03:22:58+00:00,84,541.859985,442.5045413597742,542.0283643895095,663.9361189378163,neutral,6.696970170523832e-06,0.351377
trend-decay-v1,ULTA,2026-09-09,2026-09-11T03:22:58+00:00,252,541.859985,381.4748098790793,542.0844599112626,770.3144586937002,neutral,6.696970170523832e-06,0.351377
trend-decay-v1,UNH,2026-09-09,2026-09-11T03:22:58+00:00,21,393.059998,364.66539264159996,391.48625455749254,420.27977044172684,neutral,-0.0002246468400622689,0.245848
trend-decay-v1,UNH,2026-09-09,2026-09-11T03:22:58+00:00,84,393.059998,337.51154988884906,388.98475032460533,448.30802393258966,neutral,-0.0002246468400622689,0.245848
trend-decay-v1,UNH,2026-09-09,2026-09-11T03:22:58+00:00,252,393.059998,303.1478779929259,387.636766618503,495.6731474727796,neutral,-0.0002246468400622689,0.245848
trend-decay-v1,UNP,2026-09-09,2026-09-11T03:22:58+00:00,21,284.73999,265.2099711142667,284.41407289135907,305.0087616192944,neutral,-6.41300703467821e-05,0.242173
trend-decay-v1,UNP,2026-09-09,2026-09-11T03:22:58+00:00,84,284.73999,246.850426033433,283.8940875160873,326.4967139075389,neutral,-6.41300703467821e-05,0.242173
trend-decay-v1,UNP,2026-09-09,2026-09-11T03:22:58+00:00,252,284.73999,222.6135375044747,283.6128921019233,361.326959124399,neutral,-6.41300703467821e-05,0.242173
trend-decay-v1,UPS,2026-09-09,2026-09-11T03:22:58+00:00,21,99.220001,90.01055529491231,98.16543744324272,107.05914519525118,neutral,-0.0005983373739265651,0.300432
trend-decay-v1,UPS,2026-09-09,2026-09-11T03:22:58+00:00,84,99.220001,81.13595687542981,96.50363959229189,114.78206227181605,down,-0.0005983373739265651,0.300432
trend-decay-v1,UPS,2026-09-09,2026-09-11T03:22:58+00:00,252,99.220001,70.8030992928593,95.61548415251087,129.12317258746168,down,-0.0005983373739265651,0.300432
trend-decay-v1,URI,2026-09-09,2026-09-11T03:22:58+00:00,21,1028.77002,910.9695208735659,1014.4789570360438,1129.7497124624194,neutral,-0.0007833118108617431,0.37281
trend-decay-v1,URI,2026-09-09,2026-09-11T03:22:58+00:00,84,1028.77002,799.9400406902321,992.0551788498261,1230.309057955846,down,-0.0007833118108617431,0.37281
trend-decay-v1,URI,2026-09-09,2026-09-11T03:22:58+00:00,252,1028.77002,675.1024250478325,980.119418813237,1422.9456738608726,down,-0.0007833118108617431,0.37281
trend-decay-v1,USB,2026-09-09,2026-09-11T03:22:58+00:00,21,62.110001,58.20287710707848,62.1063717602664,66.27166224322806,neutral,-3.2720592876462275e-06,0.224868
trend-decay-v1,USB,2026-09-09,2026-09-11T03:22:58+00:00,84,62.110001,54.53963147616732,62.10057329999436,70.70970411439568,neutral,-3.2720592876462275e-06,0.224868
trend-decay-v1,USB,2026-09-09,2026-09-11T03:22:58+00:00,252,62.110001,49.59235349888217,62.09743343383731,77.7557620683756,neutral,-3.2720592876462275e-06,0.224868
trend-decay-v1,V,2026-09-09,2026-09-11T03:22:58+00:00,21,367.390015,348.98524666047354,370.21810020656415,392.74279652831314,neutral,0.0004293913410634787,0.204599
trend-decay-v1,V,2026-09-09,2026-09-11T03:22:58+00:00,84,367.390015,333.02568628794774,374.7821450909004,421.77424163458625,up,0.0004293913410634787,0.204599
trend-decay-v1,V,2026-09-09,2026-09-11T03:22:58+00:00,252,367.390015,307.4711252158725,377.27719446260573,462.93153986944503,up,0.0004293913410634787,0.204599
trend-decay-v1,VEEV,2026-09-09,2026-09-11T03:22:58+00:00,21,260.799988,232.05999140150948,269.2816917594367,312.47363700605825,up,0.001792097866421598,0.515327
trend-decay-v1,VEEV,2026-09-09,2026-09-11T03:22:58+00:00,84,260.799988,210.47588368013638,283.4101840579853,381.61774652456967,up,0.001792097866421598,0.515327
trend-decay-v1,VEEV,2026-09-09,2026-09-11T03:22:58+00:00,252,260.799988,174.0358085542524,291.36829174309844,487.8046773163166,up,0.001792097866421598,0.515327
trend-decay-v1,VICI,2026-09-09,2026-09-11T03:22:58+00:00,21,25.209999,23.477008774313823,24.968327527887837,26.554378606441638,neutral,-0.0005393825879448997,0.213342
trend-decay-v1,VICI,2026-09-09,2026-09-11T03:22:58+00:00,84,25.209999,21.73760823550218,24.586977184059922,27.809841841853295,down,-0.0005393825879448997,0.213342
trend-decay-v1,VICI,2026-09-09,2026-09-11T03:22:58+00:00,252,25.209999,19.698450623640795,24.38289798028422,30.181343968415323,down,-0.0005393825879448997,0.213342
trend-decay-v1,VLO,2026-09-09,2026-09-11T03:22:58+00:00,21,388.950012,366.8122937332588,405.84492760144207,449.03103869139903,up,0.0023809523809523807,0.350293
trend-decay-v1,VLO,2026-09-09,2026-09-11T03:22:58+00:00,84,388.950012,354.8408939460218,434.376322443088,531.7391335618827,up,0.0023809523809523807,0.350293
trend-decay-v1,VLO,2026-09-09,2026-09-11T03:22:58+00:00,252,388.950012,317.4786225998458,450.65563346185274,639.6981891498305,up,0.0023809523809523807,0.350293
trend-decay-v1,VLTO,2026-09-09,2026-09-11T03:22:58+00:00,21,94.720001,88.17981537605317,94.66531898808458,101.62782243190622,neutral,-3.233572000065964e-05,0.245846
trend-decay-v1,VLTO,2026-09-09,2026-09-11T03:22:58+00:00,84,94.720001,82.06287847276964,94.57801205542756,109.00178656692817,neutral,-3.233572000065964e-05,0.245846
trend-decay-v1,VLTO,2026-09-09,2026-09-11T03:22:58+00:00,252,94.720001,73.9270904293206,94.53076556433936,120.8767393155231,neutral,-3.233572000065964e-05,0.245846
trend-decay-v1,VMC,2026-09-09,2026-09-11T03:22:58+00:00,21,249.889999,222.75644901983347,243.99730433521583,267.26357322005606,down,-0.0013362602092916996,0.315504
trend-decay-v1,VMC,2026-09-09,2026-09-11T03:22:58+00:00,84,249.889999,195.75636878347242,234.86883020385915,281.7960291363283,down,-0.0013362602092916996,0.315504
trend-decay-v1,VMC,2026-09-09,2026-09-11T03:22:58+00:00,252,249.889999,167.81703604814365,230.06878163245017,315.41281819954753,down,-0.0013362602092916996,0.315504
trend-decay-v1,VMRK,2026-09-09,2026-09-11T03:22:58+00:00,21,64.980003,61.04958358971069,64.80637819628626,68.79435383451055,neutral,-0.00014981912419504445,0.206868
trend-decay-v1,VMRK,2026-09-09,2026-09-11T03:22:58+00:00,84,64.980003,57.26523183597817,64.52991797315926,72.71620458203516,neutral,-0.00014981912419504445,0.206868
trend-decay-v1,VMRK,2026-09-09,2026-09-11T03:22:58+00:00,252,64.980003,52.34968110287112,64.38069658195357,79.17668274296788,neutral,-0.00014981912419504445,0.206868
trend-decay-v1,VRSK,2026-09-09,2026-09-11T03:22:58+00:00,21,177.990005,158.93593026216584,177.1581820357441,197.46964333640634,neutral,-0.00026230492707242495,0.376
trend-decay-v1,VRSK,2026-09-09,2026-09-11T03:22:58+00:00,84,177.990005,141.5247316201993,175.83713280076375,218.46851018638864,neutral,-0.00026230492707242495,0.376
trend-decay-v1,VRSK,2026-09-09,2026-09-11T03:22:58+00:00,252,177.990005,120.2418169563031,175.1258496654352,255.06154179444923,neutral,-0.00026230492707242495,0.376
trend-decay-v1,VRSN,2026-09-09,2026-09-11T03:22:58+00:00,21,286.940002,260.77584552323424,286.6145350612581,315.0134229017849,neutral,-6.355014656707892e-05,0.327278
trend-decay-v1,VRSN,2026-09-09,2026-09-11T03:22:58+00:00,84,286.940002,236.83668105625188,286.095260926231,345.5989079031538,neutral,-6.355014656707892e-05,0.327278
trend-decay-v1,VRSN,2026-09-09,2026-09-11T03:22:58+00:00,252,286.940002,206.03886416353618,285.81444655126637,396.47810226991055,neutral,-6.355014656707892e-05,0.327278
trend-decay-v1,VRT,2026-09-09,2026-09-11T03:22:58+00:00,21,262.890015,212.19210629988385,261.0130085314729,321.0665646834575,neutral,-0.00040123709096806314,0.71734
trend-decay-v1,VRT,2026-09-09,2026-09-11T03:22:58+00:00,84,262.890015,170.53909450805193,258.04164995914226,390.441225841578,neutral,-0.00040123709096806314,0.71734
trend-decay-v1,VRT,2026-09-09,2026-09-11T03:22:58+00:00,252,262.890015,125.15848267240169,256.4466871461113,525.4530251884964,down,-0.00040123709096806314,0.71734
trend-decay-v1,VRTX,2026-09-09,2026-09-11T03:22:58+00:00,21,521.119995,480.629694106142,523.3556117890745,569.8796802401233,neutral,0.00023970885328599009,0.295017
trend-decay-v1,VRTX,2026-09-09,2026-09-11T03:22:58+00:00,84,521.119995,444.42134673058865,526.9476648498159,624.7986140481269,neutral,0.00023970885328599009,0.295017
trend-decay-v1,VRTX,2026-09-09,2026-09-11T03:22:58+00:00,252,521.119995,393.77843097349927,528.9031814002892,710.395880759079,neutral,0.00023970885328599009,0.295017
trend-decay-v1,VST,2026-09-09,2026-09-11T03:22:58+00:00,21,151.100006,133.807065607485,152.38604631558246,173.54470039582026,neutral,0.0004745727493807794,0.450396
trend-decay-v1,VST,2026-09-09,2026-09-11T03:22:58+00:00,84,151.100006,119.09514258480117,154.4636730851428,200.33584733285954,up,0.0004745727493807794,0.450396
trend-decay-v1,VST,2026-09-09,2026-09-11T03:22:58+00:00,252,151.100006,99.17603373641614,155.6005878514741,244.12695313136066,up,0.0004745727493807794,0.450396
trend-decay-v1,VTR,2026-09-09,2026-09-11T03:22:58+00:00,21,89.379997,82.36228287876304,89.25043192277155,96.71465287244004,neutral,-8.123009174493196e-05,0.278232
trend-decay-v1,VTR,2026-09-09,2026-09-11T03:22:58+00:00,84,89.379997,75.82977695341363,89.04379892237027,104.56048329666855,neutral,-8.123009174493196e-05,0.278232
trend-decay-v1,VTR,2026-09-09,2026-09-11T03:22:58+00:00,252,89.379997,67.33237287276803,88.93209885760571,117.46085678821584,neutral,-8.123009174493196e-05,0.278232
trend-decay-v1,VTRS,2026-09-09,2026-09-11T03:22:58+00:00,21,16.5,15.216177776245162,16.568074997875375,18.040082941444226,neutral,0.00023054923549349838,0.294859
trend-decay-v1,VTRS,2026-09-09,2026-09-11T03:22:58+00:00,84,16.5,14.066828207358817,16.677430516089917,19.772523309377213,neutral,0.00023054923549349838,0.294859
trend-decay-v1,VTRS,2026-09-09,2026-09-11T03:22:58+00:00,252,16.5,12.462946415897267,16.73695176150642,22.47667164079877,neutral,0.00023054923549349838,0.294859
trend-decay-v1,VZ,2026-09-09,2026-09-11T03:22:58+00:00,21,49.740002,46.68288103113073,50.27081635655643,54.13451186676708,neutral,0.0005944072637434726,0.256507
trend-decay-v1,VZ,2026-09-09,2026-09-11T03:22:58+00:00,84,49.740002,44.092586216887916,51.130748125910046,59.2923579273726,up,0.0005944072637434726,0.256507
trend-decay-v1,VZ,2026-09-09,2026-09-11T03:22:58+00:00,252,49.740002,39.92745803133785,51.60255869786617,66.69155001244391,up,0.0005944072637434726,0.256507
trend-decay-v1,WAB,2026-09-09,2026-09-11T03:22:58+00:00,21,280.470001,256.0022227425206,279.2891599967425,304.6943657600136,neutral,-0.00023625184551838028,0.30159
trend-decay-v1,WAB,2026-09-09,2026-09-11T03:22:58+00:00,84,280.470001,233.0803354633349,277.412688938096,330.17714613668375,neutral,-0.00023625184551838028,0.30159
trend-decay-v1,WAB,2026-09-09,2026-09-11T03:22:58+00:00,252,280.470001,204.4381556096959,276.40177457535395,373.69707606959776,neutral,-0.00023625184551838028,0.30159
trend-decay-v1,WAT,2026-09-09,2026-09-11T03:22:58+00:00,21,404.809998,371.42875199596006,406.03920264799166,443.87472214000826,neutral,0.00016977306292187462,0.308626
trend-decay-v1,WAT,2026-09-09,2026-09-11T03:22:58+00:00,84,404.809998,341.4184524920708,408.01101131513343,487.5922321693029,neutral,0.00016977306292187462,0.308626
trend-decay-v1,WAT,2026-09-09,2026-09-11T03:22:58+00:00,252,404.809998,300.4530855880226,409.0828163937571,556.9879581736595,neutral,0.00016977306292187462,0.308626
trend-decay-v1,WBD,2026-09-09,2026-09-11T03:22:58+00:00,21,27.91,26.659283379152207,28.111130840777385,29.642044983297513,neutral,0.0004020805027321935,0.183695
trend-decay-v1,WBD,2026-09-09,2026-09-11T03:22:58+00:00,84,27.91,25.57416247557569,28.435515828755978,31.617010379896335,neutral,0.0004020805027321935,0.183695
trend-decay-v1,WBD,2026-09-09,2026-09-11T03:22:58+00:00,252,27.91,23.81122634087223,28.612742611573836,34.382481105178705,up,0.0004020805027321935,0.183695
trend-decay-v1,WDAY,2026-09-09,2026-09-11T03:22:58+00:00,21,186.050003,154.3205390220382,188.40096535373206,230.00777453964952,neutral,0.0007031383307809655,0.691229
trend-decay-v1,WDAY,2026-09-09,2026-09-11T03:22:58+00:00,84,186.050003,128.9668230568765,192.21920911334274,286.4940259547543,up,0.0007031383307809655,0.691229
trend-decay-v1,WDAY,2026-09-09,2026-09-11T03:22:58+00:00,252,186.050003,97.34611707698986,194.319137243272,387.89351062770913,up,0.0007031383307809655,0.691229
trend-decay-v1,WDC,2026-09-09,2026-09-11T03:22:58+00:00,21,482.279999,375.53227186024463,491.04044543836045,642.0772251127254,neutral,0.001008013784708941,0.92901
trend-decay-v1,WDC,2026-09-09,2026-09-11T03:22:58+00:00,84,482.279999,295.57595698677727,505.36959002750194,864.0703564938159,up,0.001008013784708941,0.92901
trend-decay-v1,WDC,2026-09-09,2026-09-11T03:22:58+00:00,252,482.279999,202.7262592391086,513.3031428470033,1299.6842019653973,up,0.001008013784708941,0.92901
trend-decay-v1,WEC,2026-09-09,2026-09-11T03:22:58+00:00,21,106.150002,100.54652244264285,105.87471159366098,111.48525361914298,neutral,-0.00014540829631403676,0.178872
trend-decay-v1,WEC,2026-09-09,2026-09-11T03:22:58+00:00,84,106.150002,95.09110454325224,105.43632588562616,116.90703215255503,neutral,-0.00014540829631403676,0.178872
trend-decay-v1,WEC,2026-09-09,2026-09-11T03:22:58+00:00,252,106.150002,87.96933332597203,105.19968108746991,125.80489680303131,neutral,-0.00014540829631403676,0.178872
trend-decay-v1,WELL,2026-09-09,2026-09-11T03:22:58+00:00,21,235.899994,220.38024221013723,237.2552621688694,255.42244106050669,neutral,0.00032077987022588055,0.255589
trend-decay-v1,WELL,2026-09-09,2026-09-11T03:22:58+00:00,84,235.899994,206.58782931557684,239.43692559726531,277.50928759648696,neutral,0.00032077987022588055,0.255589
trend-decay-v1,WELL,2026-09-09,2026-09-11T03:22:58+00:00,252,235.899994,186.35583726614797,240.62674323832363,310.7025270090642,up,0.00032077987022588055,0.255589
trend-decay-v1,WFC,2026-09-09,2026-09-11T03:22:58+00:00,21,89.669998,84.34024654065641,90.35575102823033,96.80030683737675,neutral,0.0004265987302621939,0.238661
trend-decay-v1,WFC,2026-09-09,2026-09-11T03:22:58+00:00,84,89.669998,79.68940230996708,91.46236715793141,104.97461850188782,neutral,0.0004265987302621939,0.238661
trend-decay-v1,WFC,2026-09-09,2026-09-11T03:22:58+00:00,252,89.669998,72.51973390990881,92.06728944240392,116.88385117079422,up,0.0004265987302621939,0.238661
trend-decay-v1,WM,2026-09-09,2026-09-11T03:22:58+00:00,21,216.440002,201.78896966159132,214.64521717332238,228.3205535597331,neutral,-0.00046626854324672716,0.213957
trend-decay-v1,WM,2026-09-09,2026-09-11T03:22:58+00:00,84,216.440002,187.19549088896508,211.8082974274176,239.65724091993073,down,-0.00046626854324672716,0.213957
trend-decay-v1,WM,2026-09-09,2026-09-11T03:22:58+00:00,252,216.440002,169.78271698988985,210.28767709153405,260.4558810257851,down,-0.00046626854324672716,0.213957
trend-decay-v1,WMB,2026-09-09,2026-09-11T03:22:58+00:00,21,75.150002,70.10325688166625,75.77648246972146,81.90882351124687,neutral,0.00046486722219398223,0.269572
trend-decay-v1,WMB,2026-09-09,2026-09-11T03:22:58+00:00,84,75.150002,65.72079815486056,76.78834759662315,89.71970049307338,up,0.00046486722219398223,0.269572
trend-decay-v1,WMB,2026-09-09,2026-09-11T03:22:58+00:00,252,75.150002,59.066526376227614,77.34194034577413,101.27183877968416,up,0.00046486722219398223,0.269572
trend-decay-v1,WMT,2026-09-09,2026-09-11T03:22:58+00:00,21,105.830002,95.68526586826329,104.31388300468588,113.72060357230411,neutral,-0.0008079945247312551,0.299091
trend-decay-v1,WMT,2026-09-09,2026-09-11T03:22:58+00:00,84,105.830002,85.76990482744876,101.9363353052215,121.14991238900306,down,-0.0008079945247312551,0.299091
trend-decay-v1,WMT,2026-09-09,2026-09-11T03:22:58+00:00,252,105.830002,74.64710407845583,100.67149890376417,135.76883948342774,down,-0.0008079945247312551,0.299091
trend-decay-v1,WRB,2026-09-09,2026-09-11T03:22:58+00:00,21,69.910004,65.51820425836041,69.87775311667794,74.52738419661912,neutral,-2.5837877533747697e-05,0.223155
trend-decay-v1,WRB,2026-09-09,2026-09-11T03:22:58+00:00,84,69.910004,61.38536501519964,69.82625263197305,79.42781728864605,neutral,-2.5837877533747697e-05,0.223155
trend-decay-v1,WRB,2026-09-09,2026-09-11T03:22:58+00:00,252,69.910004,55.838063890305484,69.79837895801693,87.24897257787576,neutral,-2.5837877533747697e-05,0.223155
trend-decay-v1,WSM,2026-09-09,2026-09-11T03:22:58+00:00,21,227.520004,204.00170791150123,225.09893770971644,248.37797818841764,neutral,-0.0005990491392167287,0.340908
trend-decay-v1,WSM,2026-09-09,2026-09-11T03:22:58+00:00,84,227.520004,181.7483293035054,221.28384626618302,269.4194813564721,down,-0.0005990491392167287,0.340908
trend-decay-v1,WSM,2026-09-09,2026-09-11T03:22:58+00:00,252,227.520004,155.91037179939377,219.24488520679134,308.30738926841565,down,-0.0005990491392167287,0.340908
trend-decay-v1,WST,2026-09-09,2026-09-11T03:22:58+00:00,21,336.940002,312.1336182543717,336.0194659875486,361.73316464278656,neutral,-0.00015319214488137336,0.255435
trend-decay-v1,WST,2026-09-09,2026-09-11T03:22:58+00:00,84,336.940002,288.6810113179756,334.5538246739907,387.7160506435632,neutral,-0.00015319214488137336,0.255435
trend-decay-v1,WST,2026-09-09,2026-09-11T03:22:58+00:00,252,336.940002,258.5258114728991,333.7627929521768,430.8954735489354,neutral,-0.00015319214488137336,0.255435
trend-decay-v1,WTW,2026-09-09,2026-09-11T03:22:58+00:00,21,313.720001,285.01866727333754,311.52527518918697,340.49698572419493,neutral,-0.0003931117147255369,0.308048
trend-decay-v1,WTW,2026-09-09,2026-09-11T03:22:58+00:00,84,313.720001,257.85863142325064,308.0503027487014,368.0116833778018,neutral,-0.0003931117147255369,0.308048
trend-decay-v1,WTW,2026-09-09,2026-09-11T03:22:58+00:00,252,313.720001,225.0090085298869,306.1846769381587,416.6457912251649,down,-0.0003931117147255369,0.308048
trend-decay-v1,WY,2026-09-09,2026-09-11T03:22:58+00:00,21,22.59,20.373872504804197,22.141036702321156,24.06147904076343,neutral,-0.0011240892908783598,0.288142
trend-decay-v1,WY,2026-09-09,2026-09-11T03:22:58+00:00,84,22.59,18.155947032841866,21.442116067670657,25.323071312545874,down,-0.0011240892908783598,0.288142
trend-decay-v1,WY,2026-09-09,2026-09-11T03:22:58+00:00,252,22.59,15.797390611245868,21.072877249962158,28.110095301172727,down,-0.0011240892908783598,0.288142
trend-decay-v1,WYNN,2026-09-09,2026-09-11T03:22:58+00:00,21,90.230003,81.21860079766074,87.9619275852234,95.26513173729701,down,-0.0014255329597596819,0.276296
trend-decay-v1,WYNN,2026-09-09,2026-09-11T03:22:58+00:00,84,90.230003,72.0029533228889,84.45566368310327,99.06203563855802,down,-0.0014255329597596819,0.276296
trend-decay-v1,WYNN,2026-09-09,2026-09-11T03:22:58+00:00,252,90.230003,62.671219570628644,82.6155834409712,108.90700187508114,down,-0.0014255329597596819,0.276296
trend-decay-v1,XEL,2026-09-09,2026-09-11T03:22:58+00:00,21,76.190002,71.80990697455229,75.98562457080696,80.40415848835069,neutral,-0.00015040852242769682,0.195797
trend-decay-v1,XEL,2026-09-09,2026-09-11T03:22:58+00:00,84,76.190002,67.57302306383413,75.66020184216188,84.71525888946765,neutral,-0.00015040852242769682,0.195797
trend-decay-v1,XEL,2026-09-09,2026-09-11T03:22:58+00:00,252,76.190002,62.0618248997282,75.48455486460229,91.81035253657369,neutral,-0.00015040852242769682,0.195797
trend-decay-v1,XOM,2026-09-09,2026-09-11T03:22:58+00:00,21,164.229996,153.01396195810096,165.5519337567626,179.11726760011837,neutral,0.0004489219373375585,0.272818
trend-decay-v1,XOM,2026-09-09,2026-09-11T03:22:58+00:00,84,164.229996,143.2488489653893,167.68628225291278,196.2926017129628,up,0.0004489219373375585,0.272818
trend-decay-v1,XOM,2026-09-09,2026-09-11T03:22:58+00:00,252,164.229996,128.53663200056235,168.8535781065483,221.81638335801003,up,0.0004489219373375585,0.272818
trend-decay-v1,XYL,2026-09-09,2026-09-11T03:22:58+00:00,21,107.639999,97.85610274475476,105.52701410984359,113.79924598045606,neutral,-0.0011101328813259603,0.261432
trend-decay-v1,XYL,2026-09-09,2026-09-11T03:22:58+00:00,84,107.639999,87.91334945108365,102.23657593686374,118.89340497838658,down,-0.0011101328813259603,0.261432
trend-decay-v1,XYL,2026-09-09,2026-09-11T03:22:58+00:00,252,107.639999,77.37803161169343,100.4977069682215,130.52527824117234,down,-0.0011101328813259603,0.261432
trend-decay-v1,XYZ,2026-09-09,2026-09-11T03:22:58+00:00,21,79.400002,70.86609486634491,79.97135197976176,90.24650151151762,neutral,0.0004014931730652798,0.418728
trend-decay-v1,XYZ,2026-09-09,2026-09-11T03:22:58+00:00,84,79.400002,63.52111024092574,80.89281598178538,103.01532282171935,neutral,0.0004014931730652798,0.418728
trend-decay-v1,XYZ,2026-09-09,2026-09-11T03:22:58+00:00,252,79.400002,53.54921760813862,81.39624862794584,123.72448350572036,up,0.0004014931730652798,0.418728
trend-decay-v1,YUM,2026-09-09,2026-09-11T03:22:58+00:00,21,145.160004,134.0058141350187,144.81375444359298,156.49338509237901,neutral,-0.0001337257630988813,0.268694
trend-decay-v1,YUM,2026-09-09,2026-09-11T03:22:58+00:00,84,145.160004,123.53222664079802,144.26222055961946,168.47092331062228,neutral,-0.0001337257630988813,0.268694
trend-decay-v1,YUM,2026-09-09,2026-09-11T03:22:58+00:00,252,145.160004,110.04310921913488,143.9644207627915,188.34213784612115,neutral,-0.0001337257630988813,0.268694
trend-decay-v1,ZBH,2026-09-09,2026-09-11T03:22:58+00:00,21,94.610001,86.25670911336942,94.32798126076558,103.15450404022228,neutral,-0.00016716482829421658,0.309864
trend-decay-v1,ZBH,2026-09-09,2026-09-11T03:22:58+00:00,84,94.610001,78.50071900315399,93.87910597108663,112.27013777512553,neutral,-0.00016716482829421658,0.309864
trend-decay-v1,ZBH,2026-09-09,2026-09-11T03:22:58+00:00,252,94.610001,68.68705092048916,93.6369147542706,127.6495596651553,neutral,-0.00016716482829421658,0.309864
trend-decay-v1,ZBRA,2026-09-09,2026-09-11T03:22:58+00:00,21,344.829987,287.8341345509827,345.7346081815675,415.28229263332844,neutral,0.00014670571849831703,0.634925
trend-decay-v1,ZBRA,2026-09-09,2026-09-11T03:22:58+00:00,84,344.829987,240.63555253961246,347.1849650620142,500.9126818252246,neutral,0.00014670571849831703,0.634925
trend-decay-v1,ZBRA,2026-09-09,2026-09-11T03:22:58+00:00,252,344.829987,184.41703415470582,347.9729277638015,656.5833737187996,neutral,0.00014670571849831703,0.634925
trend-decay-v1,ZTS,2026-09-09,2026-09-11T03:22:58+00:00,21,73.309998,65.56784297075279,72.47969514542787,80.12016211540544,neutral,-0.0006378209133613979,0.347176
trend-decay-v1,ZTS,2026-09-09,2026-09-11T03:22:58+00:00,84,73.309998,58.2453448609364,71.17248732442697,86.96871765528904,down,-0.0006378209133613979,0.347176
trend-decay-v1,ZTS,2026-09-09,2026-09-11T03:22:58+00:00,252,73.309998,49.80295166005299,70.4744513934589,99.7259827712733,down,-0.0006378209133613979,0.347176
