date,t,end,open,high,low,close,volume,signalPrice
2016-10-03,1475501400000,1475524800000,215.82000732421875,216.0399932861328,215.0399932861328,215.77999877929688,83512100,215.779999
2016-10-04,1475587800000,1475611200000,215.91000366210938,216.1699981689453,213.99000549316406,214.67999267578125,119948100,214.679993
2016-10-05,1475674200000,1475697600000,215.41000366210938,216.1300048828125,215.3300018310547,215.6300048828125,72816000,215.630005
2016-10-06,1475760600000,1475784000000,215.3699951171875,216.0399932861328,214.74000549316406,215.77999877929688,62927400,215.779999
2016-10-07,1475847000000,1475870400000,216.10000610351562,216.3000030517578,214.19000244140625,215.0399932861328,89788300,215.039993
2016-10-10,1476106200000,1476129600000,216.16000366210938,216.6999969482422,215.99000549316406,216.16000366210938,51855000,216.160004
2016-10-11,1476192600000,1476216000000,215.66000366210938,215.74000549316406,212.5800018310547,213.42999267578125,130367400,213.429993
2016-10-12,1476279000000,1476302400000,213.58999633789062,214.32000732421875,213.00999450683594,213.7100067138672,73866100,213.710007
2016-10-13,1476365400000,1476388800000,212.16000366210938,213.58999633789062,211.2100067138672,213.00999450683594,101357000,213.009995
2016-10-14,1476451800000,1476475200000,214.14999389648438,214.69000244140625,213.02999877929688,213.1199951171875,93346200,213.119995
2016-10-17,1476711000000,1476734400000,213.08999633789062,213.38999938964844,212.1699981689453,212.3800048828125,58275700,212.380005
2016-10-18,1476797400000,1476820800000,214.24000549316406,214.30999755859375,213.27000427246094,213.7100067138672,76869700,213.710007
2016-10-19,1476883800000,1476907200000,214.02000427246094,214.63999938964844,213.60000610351562,214.27999877929688,66519200,214.279999
2016-10-20,1476970200000,1476993600000,213.8699951171875,214.52999877929688,213.11000061035156,213.8800048828125,73639800,213.880005
2016-10-21,1477056600000,1477080000000,213.8800048828125,214.0800018310547,212.75999450683594,213.97999572753906,89089100,213.979996
2016-10-24,1477315800000,1477339200000,215.0,215.32000732421875,214.47999572753906,214.88999938964844,60146600,214.889999
2016-10-25,1477402200000,1477425600000,214.67999267578125,214.97999572753906,213.97999572753906,214.1699981689453,66542300,214.169998
2016-10-26,1477488600000,1477512000000,213.2100067138672,214.4199981689453,212.92999267578125,213.74000549316406,75705500,213.740005
2016-10-27,1477575000000,1477598400000,214.5800018310547,214.6199951171875,213.0800018310547,213.1699981689453,77220200,213.169998
2016-10-28,1477661400000,1477684800000,213.13999938964844,213.92999267578125,211.7100067138672,212.5399932861328,140623200,212.539993
2016-10-31,1477920600000,1477944000000,212.92999267578125,213.19000244140625,212.36000061035156,212.5500030517578,61272500,212.550003
2016-11-01,1478007000000,1478030400000,212.92999267578125,212.99000549316406,209.60000610351562,211.00999450683594,122781800,211.009995
2016-11-02,1478093400000,1478116800000,210.64999389648438,211.10000610351562,209.22999572753906,209.74000549316406,103330800,209.740005
2016-11-03,1478179800000,1478203200000,209.99000549316406,210.24000549316406,208.4600067138672,208.77999877929688,88939300,208.779999
2016-11-04,1478266200000,1478289600000,208.91000366210938,209.88999938964844,208.3800048828125,208.5500030517578,109122100,208.550003
2016-11-07,1478529000000,1478552400000,208.5500030517578,213.19000244140625,208.5500030517578,213.14999389648438,109794900,213.149994
2016-11-08,1478615400000,1478638800000,212.69000244140625,214.77000427246094,212.3800048828125,214.11000061035156,106772100,214.110001
2016-11-09,1478701800000,1478725200000,212.3699951171875,217.10000610351562,212.33999633789062,216.3800048828125,258429000,216.380005
2016-11-10,1478788200000,1478811600000,217.3000030517578,218.30999755859375,215.22000122070312,216.9199981689453,172113300,216.919998
2016-11-11,1478874600000,1478898000000,216.0800018310547,216.6999969482422,215.32000732421875,216.4199981689453,100552700,216.419998
2016-11-14,1479133800000,1479157200000,217.02999877929688,217.27000427246094,215.72000122070312,216.58999633789062,94580000,216.589996
2016-11-15,1479220200000,1479243600000,217.0399932861328,218.27999877929688,216.8000030517578,218.27999877929688,91652600,218.279999
2016-11-16,1479306600000,1479330000000,217.55999755859375,218.13999938964844,217.4199981689453,217.8699951171875,65617700,217.869995
2016-11-17,1479393000000,1479416400000,218.0500030517578,219.05999755859375,217.9199981689453,218.99000549316406,69797200,218.990005
2016-11-18,1479479400000,1479502800000,219.07000732421875,219.27000427246094,218.2899932861328,218.5,86265800,218.5
2016-11-21,1479738600000,1479762000000,219.1699981689453,220.17999267578125,219.0,220.14999389648438,72402600,220.149994
2016-11-22,1479825000000,1479848400000,220.50999450683594,220.7899932861328,219.72999572753906,220.5800018310547,67429000,220.580002
2016-11-23,1479911400000,1479934800000,219.97999572753906,220.75999450683594,219.75,220.6999969482422,56620200,220.699997
2016-11-25,1480084200000,1480107600000,221.10000610351562,221.55999755859375,221.00999450683594,221.52000427246094,37872300,221.520004
2016-11-28,1480343400000,1480366800000,221.16000366210938,221.47999572753906,220.36000061035156,220.47999572753906,76572500,220.479996
2016-11-29,1480429800000,1480453200000,220.52000427246094,221.44000244140625,220.1699981689453,220.91000366210938,69886700,220.910004
2016-11-30,1480516200000,1480539600000,221.6300048828125,221.82000732421875,220.30999755859375,220.3800048828125,113291800,220.380005
2016-12-01,1480602600000,1480626000000,220.72999572753906,220.72999572753906,219.14999389648438,219.57000732421875,79040500,219.570007
2016-12-02,1480689000000,1480712400000,219.6699981689453,220.25,219.25999450683594,219.67999267578125,74840300,219.679993
2016-12-05,1480948200000,1480971600000,220.64999389648438,221.39999389648438,220.4199981689453,221.0,67837800,221.0
2016-12-06,1481034600000,1481058000000,221.22000122070312,221.74000549316406,220.66000366210938,221.6999969482422,59877400,221.699997
2016-12-07,1481121000000,1481144400000,221.52000427246094,224.6699981689453,221.3800048828125,224.60000610351562,110738100,224.600006
2016-12-08,1481207400000,1481230800000,224.57000732421875,225.6999969482422,224.25999450683594,225.14999389648438,99714400,225.149994
2016-12-09,1481293800000,1481317200000,225.41000366210938,226.52999877929688,225.3699951171875,226.50999450683594,88005800,226.509995
2016-12-12,1481553000000,1481576400000,226.39999389648438,226.9600067138672,225.75999450683594,226.25,102016100,226.25
2016-12-13,1481639400000,1481662800000,227.02000427246094,228.33999633789062,227.0,227.75999450683594,110477500,227.759995
2016-12-14,1481725800000,1481749200000,227.41000366210938,228.22999572753906,225.3699951171875,225.8800048828125,142501800,225.880005
2016-12-15,1481812200000,1481835600000,226.16000366210938,227.80999755859375,225.88999938964844,226.80999755859375,124972600,226.809998
2016-12-16,1481898600000,1481922000000,226.00999450683594,226.0800018310547,224.6699981689453,225.0399932861328,156420200,225.039993
2016-12-19,1482157800000,1482181200000,225.25,226.02000427246094,225.0800018310547,225.52999877929688,90341100,225.529999
2016-12-20,1482244200000,1482267600000,226.14999389648438,226.57000732421875,225.8800048828125,226.39999389648438,89838800,226.399994
2016-12-21,1482330600000,1482354000000,226.25,226.4499969482422,225.77000427246094,225.77000427246094,67909000,225.770004
2016-12-22,1482417000000,1482440400000,225.60000610351562,225.74000549316406,224.9199981689453,225.3800048828125,56219100,225.380005
2016-12-23,1482503400000,1482526800000,225.42999267578125,225.72000122070312,225.2100067138672,225.7100067138672,36697800,225.710007
2016-12-27,1482849000000,1482872400000,226.02000427246094,226.72999572753906,226.0,226.27000427246094,42672500,226.270004
2016-12-28,1482935400000,1482958800000,226.57000732421875,226.58999633789062,224.27000427246094,224.39999389648438,64095000,224.399994
2016-12-29,1483021800000,1483045200000,224.47999572753906,224.88999938964844,223.83999633789062,224.35000610351562,48696100,224.350006
2016-12-30,1483108200000,1483131600000,224.72999572753906,224.8300018310547,222.72999572753906,223.52999877929688,108998300,223.529999
2017-01-03,1483453800000,1483477200000,225.0399932861328,225.8300018310547,223.8800048828125,225.24000549316406,91366500,225.240005
2017-01-04,1483540200000,1483563600000,225.6199951171875,226.75,225.61000061035156,226.5800018310547,78744400,226.580002
2017-01-05,1483626600000,1483650000000,226.27000427246094,226.5800018310547,225.47999572753906,226.39999389648438,78379000,226.399994
2017-01-06,1483713000000,1483736400000,226.52999877929688,227.75,225.89999389648438,227.2100067138672,71559900,227.210007
2017-01-09,1483972200000,1483995600000,226.91000366210938,227.07000732421875,226.4199981689453,226.4600067138672,46939700,226.460007
2017-01-10,1484058600000,1484082000000,226.47999572753906,227.4499969482422,226.00999450683594,226.4600067138672,63771900,226.460007
2017-01-11,1484145000000,1484168400000,226.36000061035156,227.10000610351562,225.58999633789062,227.10000610351562,74650000,227.100006
2017-01-12,1484231400000,1484254800000,226.5,226.75,224.9600067138672,226.52999877929688,72113200,226.529999
2017-01-13,1484317800000,1484341200000,226.72999572753906,227.39999389648438,226.69000244140625,227.0500030517578,62717900,227.050003
2017-01-17,1484663400000,1484686800000,226.30999755859375,226.77999877929688,225.8000030517578,226.25,61240800,226.25
2017-01-18,1484749800000,1484773200000,226.5399932861328,226.8000030517578,225.89999389648438,226.75,54793300,226.75
2017-01-19,1484836200000,1484859600000,226.83999633789062,227.0,225.41000366210938,225.91000366210938,66608800,225.910004
2017-01-20,1484922600000,1484946000000,226.6999969482422,227.30999755859375,225.97000122070312,226.74000549316406,129168600,226.740005
2017-01-23,1485181800000,1485205200000,226.74000549316406,226.80999755859375,225.27000427246094,226.14999389648438,75061600,226.149994
2017-01-24,1485268200000,1485291600000,226.39999389648438,228.0800018310547,226.27000427246094,227.60000610351562,95555300,227.600006
2017-01-25,1485354600000,1485378000000,228.6999969482422,229.57000732421875,228.50999450683594,229.57000732421875,84437700,229.570007
2017-01-26,1485441000000,1485464400000,229.39999389648438,229.7100067138672,229.00999450683594,229.3300018310547,59970700,229.330002
2017-01-27,1485527400000,1485550800000,229.4199981689453,229.58999633789062,228.75999450683594,228.97000122070312,59711100,228.970001
2017-01-30,1485786600000,1485810000000,228.1699981689453,228.1999969482422,226.41000366210938,227.5500030517578,79737300,227.550003
2017-01-31,1485873000000,1485896400000,226.97999572753906,227.60000610351562,226.32000732421875,227.52999877929688,75880800,227.529999
2017-02-01,1485959400000,1485982800000,227.52999877929688,228.58999633789062,226.94000244140625,227.6199951171875,79117700,227.619995
2017-02-02,1486045800000,1486069200000,227.6199951171875,228.10000610351562,226.82000732421875,227.77000427246094,69657600,227.770004
2017-02-03,1486132200000,1486155600000,228.82000732421875,229.5500030517578,228.4600067138672,229.33999633789062,80563200,229.339996
2017-02-06,1486391400000,1486414800000,228.8699951171875,229.3300018310547,228.5399932861328,228.92999267578125,57790100,228.929993
2017-02-07,1486477800000,1486501200000,229.3800048828125,229.66000366210938,228.72000122070312,228.94000244140625,57931200,228.940002
2017-02-08,1486564200000,1486587600000,228.94000244140625,229.38999938964844,228.30999755859375,229.24000549316406,51566200,229.240005
2017-02-09,1486650600000,1486674000000,229.24000549316406,230.9499969482422,229.24000549316406,230.60000610351562,65955200,230.600006
2017-02-10,1486737000000,1486760400000,231.0,231.77000427246094,230.6199951171875,231.50999450683594,66015900,231.509995
2017-02-13,1486996200000,1487019600000,232.0800018310547,233.07000732421875,232.0500030517578,232.77000427246094,55182100,232.770004
2017-02-14,1487082600000,1487106000000,232.55999755859375,233.7100067138672,232.16000366210938,233.6999969482422,71109000,233.699997
2017-02-15,1487169000000,1487192400000,233.4499969482422,235.13999938964844,233.38999938964844,234.9199981689453,86785800,234.919998
2017-02-16,1487255400000,1487278800000,234.9499969482422,235.16000366210938,233.85000610351562,234.72000122070312,84722400,234.720001
2017-02-17,1487341800000,1487365200000,233.9499969482422,235.08999633789062,233.92999267578125,235.08999633789062,77204100,235.089996
2017-02-21,1487687400000,1487710800000,235.52000427246094,236.69000244140625,235.50999450683594,236.49000549316406,88946100,236.490005
2017-02-22,1487773800000,1487797200000,236.02000427246094,236.5399932861328,235.8300018310547,236.27999877929688,62115200,236.279999
2017-02-23,1487860200000,1487883600000,236.8800048828125,236.89999389648438,235.55999755859375,236.44000244140625,74615900,236.440002
2017-02-24,1487946600000,1487970000000,235.4600067138672,236.7899932861328,235.41000366210938,236.74000549316406,82381600,236.740005
2017-02-27,1488205800000,1488229200000,236.63999938964844,237.30999755859375,236.35000610351562,237.11000061035156,56515400,237.110001
2017-02-28,1488292200000,1488315600000,236.6699981689453,236.9499969482422,236.02000427246094,236.47000122070312,96961900,236.470001
2017-03-01,1488378600000,1488402000000,238.38999938964844,240.32000732421875,238.3699951171875,239.77999877929688,149158200,239.779999
2017-03-02,1488465000000,1488488400000,239.55999755859375,239.57000732421875,238.2100067138672,238.27000427246094,70246000,238.270004
2017-03-03,1488551400000,1488574800000,238.1699981689453,238.61000061035156,237.72999572753906,238.4199981689453,81974300,238.419998
2017-03-06,1488810600000,1488834000000,237.5,238.1199951171875,237.00999450683594,237.7100067138672,55391500,237.710007
2017-03-07,1488897000000,1488920400000,237.36000061035156,237.77000427246094,236.75999450683594,237.0,65103700,237.0
2017-03-08,1488983400000,1489006800000,237.33999633789062,237.63999938964844,236.39999389648438,236.55999755859375,78168800,236.559998
2017-03-09,1489069800000,1489093200000,236.6999969482422,237.24000549316406,235.74000549316406,236.86000061035156,90683900,236.860001
2017-03-10,1489156200000,1489179600000,237.97000122070312,238.02000427246094,236.58999633789062,237.69000244140625,81991700,237.690002
2017-03-13,1489411800000,1489435200000,237.6199951171875,237.86000061035156,237.24000549316406,237.80999755859375,57256800,237.809998
2017-03-14,1489498200000,1489521600000,237.17999267578125,237.24000549316406,236.19000244140625,236.89999389648438,59880800,236.899994
2017-03-15,1489584600000,1489608000000,237.55999755859375,239.44000244140625,237.2899932861328,238.9499969482422,96081800,238.949997
2017-03-16,1489671000000,1489694400000,239.11000061035156,239.1999969482422,238.10000610351562,238.47999572753906,78344000,238.479996
2017-03-17,1489757400000,1489780800000,237.75,237.97000122070312,237.02999877929688,237.02999877929688,89002100,237.029999
2017-03-20,1490016600000,1490040000000,237.02999877929688,237.36000061035156,236.32000732421875,236.77000427246094,52537000,236.770004
2017-03-21,1490103000000,1490126400000,237.47000122070312,237.61000061035156,233.5800018310547,233.72999572753906,131809300,233.729996
2017-03-22,1490189400000,1490212800000,233.77000427246094,234.61000061035156,233.0500030517578,234.27999877929688,97569200,234.279999
2017-03-23,1490275800000,1490299200000,234.27999877929688,235.33999633789062,233.60000610351562,234.02999877929688,100410300,234.029999
2017-03-24,1490362200000,1490385600000,234.3800048828125,235.0399932861328,232.9600067138672,233.86000061035156,112504900,233.860001
2017-03-27,1490621400000,1490644800000,231.92999267578125,233.9199981689453,231.61000061035156,233.6199951171875,87454500,233.619995
2017-03-28,1490707800000,1490731200000,233.27000427246094,235.80999755859375,233.13999938964844,235.32000732421875,93483900,235.320007
2017-03-29,1490794200000,1490817600000,234.99000549316406,235.80999755859375,234.72999572753906,235.5399932861328,61950400,235.539993
2017-03-30,1490880600000,1490904000000,235.47000122070312,236.52000427246094,235.27000427246094,236.2899932861328,56737900,236.289993
2017-03-31,1490967000000,1490990400000,235.89999389648438,236.50999450683594,235.67999267578125,235.74000549316406,73733100,235.740005
2017-04-03,1491226200000,1491249600000,235.8000030517578,236.02999877929688,233.91000366210938,235.3300018310547,85546500,235.330002
2017-04-04,1491312600000,1491336000000,235.0,235.5800018310547,234.55999755859375,235.47999572753906,56466200,235.479996
2017-04-05,1491399000000,1491422400000,236.25999450683594,237.38999938964844,234.5399932861328,234.77999877929688,108800600,234.779999
2017-04-06,1491485400000,1491508800000,234.94000244140625,236.0399932861328,234.42999267578125,235.44000244140625,69135800,235.440002
2017-04-07,1491571800000,1491595200000,235.14999389648438,236.0,234.63999938964844,235.1999969482422,74412300,235.199997
2017-04-10,1491831000000,1491854400000,235.36000061035156,236.25999450683594,234.72999572753906,235.33999633789062,67615300,235.339996
2017-04-11,1491917400000,1491940800000,234.89999389648438,235.17999267578125,233.33999633789062,235.05999755859375,88045300,235.059998
2017-04-12,1492003800000,1492027200000,234.74000549316406,234.9600067138672,233.77000427246094,234.02999877929688,81864400,234.029999
2017-04-13,1492090200000,1492113600000,233.63999938964844,234.49000549316406,232.50999450683594,232.50999450683594,92880400,232.509995
2017-04-17,1492435800000,1492459200000,233.11000061035156,234.57000732421875,232.8800048828125,234.57000732421875,68405400,234.570007
2017-04-18,1492522200000,1492545600000,233.72000122070312,234.49000549316406,233.0800018310547,233.8699951171875,83225800,233.869995
2017-04-19,1492608600000,1492632000000,234.52000427246094,234.9499969482422,233.17999267578125,233.44000244140625,68699900,233.440002
2017-04-20,1492695000000,1492718400000,234.14999389648438,235.85000610351562,233.77999877929688,235.33999633789062,92572200,235.339996
2017-04-21,1492781400000,1492804800000,235.25,235.30999755859375,234.1300048828125,234.58999633789062,110389800,234.589996
2017-04-24,1493040600000,1493064000000,237.17999267578125,237.41000366210938,234.55999755859375,237.1699981689453,119209900,237.169998
2017-04-25,1493127000000,1493150400000,237.91000366210938,238.9499969482422,237.80999755859375,238.5500030517578,76698300,238.550003
2017-04-26,1493213400000,1493236800000,238.50999450683594,239.52999877929688,238.35000610351562,238.39999389648438,84702500,238.399994
2017-04-27,1493299800000,1493323200000,238.77000427246094,238.9499969482422,237.97999572753906,238.60000610351562,57410300,238.600006
2017-04-28,1493386200000,1493409600000,238.89999389648438,238.92999267578125,237.92999267578125,238.0800018310547,63532800,238.080002
2017-05-01,1493645400000,1493668800000,238.67999267578125,239.1699981689453,238.1999969482422,238.67999267578125,66882500,238.679993
2017-05-02,1493731800000,1493755200000,238.83999633789062,238.97999572753906,238.3000030517578,238.77000427246094,57375700,238.770004
2017-05-03,1493818200000,1493841600000,238.77000427246094,238.8800048828125,237.6999969482422,238.47999572753906,73137700,238.479996
2017-05-04,1493904600000,1493928000000,238.8300018310547,238.9199981689453,237.77999877929688,238.75999450683594,61462700,238.759995
2017-05-05,1493991000000,1494014400000,239.19000244140625,239.72000122070312,238.67999267578125,239.6999969482422,62001300,239.699997
2017-05-08,1494250200000,1494273600000,239.75,239.9199981689453,239.1699981689453,239.66000366210938,48385700,239.660004
2017-05-09,1494336600000,1494360000000,239.9600067138672,240.19000244140625,239.0399932861328,239.44000244140625,51363200,239.440002
2017-05-10,1494423000000,1494446400000,239.38999938964844,239.8699951171875,239.14999389648438,239.8699951171875,54293800,239.869995
2017-05-11,1494509400000,1494532800000,239.35000610351562,239.57000732421875,238.1300048828125,239.3800048828125,62358300,239.380005
2017-05-12,1494595800000,1494619200000,239.08999633789062,239.42999267578125,238.6699981689453,238.97999572753906,53912700,238.979996
2017-05-15,1494855000000,1494878400000,239.47000122070312,240.44000244140625,239.4499969482422,240.3000030517578,61918900,240.300003
2017-05-16,1494941400000,1494964800000,240.63999938964844,240.6699981689453,239.6300048828125,240.0800018310547,51241800,240.080002
2017-05-17,1495027800000,1495051200000,240.0800018310547,240.0800018310547,235.75,235.82000732421875,172174100,235.820007
2017-05-18,1495114200000,1495137600000,235.72999572753906,237.75,235.42999267578125,236.77000427246094,107047700,236.770004
2017-05-19,1495200600000,1495224000000,237.3300018310547,239.0800018310547,237.27000427246094,238.30999755859375,115011400,238.309998
2017-05-22,1495459800000,1495483200000,238.89999389648438,239.7100067138672,238.82000732421875,239.52000427246094,61010600,239.520004
2017-05-23,1495546200000,1495569600000,239.9499969482422,240.24000549316406,239.50999450683594,240.0500030517578,48341700,240.050003
2017-05-24,1495632600000,1495656000000,240.32000732421875,240.72999572753906,239.92999267578125,240.61000061035156,46927700,240.610001
2017-05-25,1495719000000,1495742400000,241.1999969482422,242.0800018310547,240.9600067138672,241.75999450683594,64071700,241.759995
2017-05-26,1495805400000,1495828800000,241.5399932861328,241.89999389648438,241.4499969482422,241.7100067138672,46629900,241.710007
2017-05-30,1496151000000,1496174400000,241.33999633789062,241.7899932861328,241.16000366210938,241.5,35201900,241.5
2017-05-31,1496237400000,1496260800000,241.83999633789062,241.8800048828125,240.63999938964844,241.44000244140625,91796000,241.440002
2017-06-01,1496323800000,1496347200000,241.97000122070312,243.3800048828125,241.63999938964844,243.36000061035156,68962000,243.360001
2017-06-02,1496410200000,1496433600000,243.4199981689453,244.35000610351562,243.0800018310547,244.1699981689453,88666100,244.169998
2017-06-05,1496669400000,1496692800000,243.97000122070312,244.3000030517578,243.75999450683594,243.99000549316406,44698800,243.990005
2017-06-06,1496755800000,1496779200000,243.33999633789062,243.97999572753906,243.1199951171875,243.2100067138672,50375400,243.210007
2017-06-07,1496842200000,1496865600000,243.60000610351562,243.9199981689453,242.8300018310547,243.66000366210938,54144300,243.660004
2017-06-08,1496928600000,1496952000000,243.77000427246094,244.3300018310547,243.1699981689453,243.77999877929688,65950700,243.779999
2017-06-09,1497015000000,1497038400000,244.08999633789062,245.00999450683594,241.9499969482422,243.41000366210938,132256400,243.410004
2017-06-12,1497274200000,1497297600000,243.1300048828125,243.4199981689453,242.3800048828125,243.36000061035156,86108100,243.360001
2017-06-13,1497360600000,1497384000000,243.97999572753906,244.61000061035156,243.5800018310547,244.5500030517578,60067000,244.550003
2017-06-14,1497447000000,1497470400000,244.86000061035156,244.8699951171875,243.2899932861328,244.24000549316406,78602300,244.240005
2017-06-15,1497533400000,1497556800000,242.67999267578125,243.91000366210938,242.36000061035156,243.77000427246094,66464900,243.770004
2017-06-16,1497619800000,1497643200000,242.77000427246094,242.8300018310547,241.6300048828125,242.63999938964844,84553100,242.639999
2017-06-19,1497879000000,1497902400000,243.58999633789062,244.72999572753906,243.47999572753906,244.66000366210938,65123800,244.660004
2017-06-20,1497965400000,1497988800000,244.25,244.25999450683594,242.99000549316406,243.00999450683594,56906400,243.009995
2017-06-21,1498051800000,1498075200000,243.4600067138672,243.58999633789062,242.41000366210938,242.9499969482422,55977600,242.949997
2017-06-22,1498138200000,1498161600000,242.9600067138672,243.52999877929688,242.63999938964844,242.83999633789062,44148100,242.839996
2017-06-23,1498224600000,1498248000000,242.91000366210938,243.50999450683594,242.47000122070312,243.1300048828125,66986800,243.130005
2017-06-26,1498483800000,1498507200000,243.89999389648438,244.3800048828125,243.0500030517578,243.2899932861328,56700500,243.289993
2017-06-27,1498570200000,1498593600000,243.0399932861328,243.3800048828125,241.30999755859375,241.3300018310547,82247700,241.330002
2017-06-28,1498656600000,1498680000000,242.5,243.72000122070312,242.22999572753906,243.49000549316406,70042600,243.490005
2017-06-29,1498743000000,1498766400000,243.66000366210938,243.72000122070312,239.9600067138672,241.35000610351562,106949700,241.350006
2017-06-30,1498829400000,1498852800000,242.27999877929688,242.7100067138672,241.5800018310547,241.8000030517578,86820700,241.800003
2017-07-03,1499088600000,1499112000000,242.8800048828125,243.3800048828125,242.2100067138672,242.2100067138672,39153800,242.210007
2017-07-05,1499261400000,1499284800000,242.6300048828125,243.00999450683594,241.6999969482422,242.77000427246094,54427600,242.770004
2017-07-06,1499347800000,1499371200000,241.88999938964844,242.02999877929688,240.33999633789062,240.5500030517578,65400800,240.550003
2017-07-07,1499434200000,1499457600000,241.2100067138672,242.27999877929688,240.55999755859375,242.11000061035156,57972300,242.110001
2017-07-10,1499693400000,1499716800000,242.11000061035156,242.8000030517578,241.75999450683594,242.3699951171875,36663300,242.369995
2017-07-11,1499779800000,1499803200000,242.3699951171875,242.5500030517578,240.85000610351562,242.19000244140625,50354600,242.190002
2017-07-12,1499866200000,1499889600000,243.3000030517578,244.1999969482422,243.3000030517578,244.00999450683594,59610400,244.009995
2017-07-13,1499952600000,1499976000000,244.02000427246094,244.5500030517578,243.75999450683594,244.4199981689453,39471600,244.419998
2017-07-14,1500039000000,1500062400000,244.4199981689453,245.97000122070312,244.30999755859375,245.55999755859375,60262700,245.559998
2017-07-17,1500298200000,1500321600000,245.47000122070312,245.91000366210938,245.3300018310547,245.52999877929688,33531900,245.529999
2017-07-18,1500384600000,1500408000000,245.05999755859375,245.72000122070312,244.6699981689453,245.66000366210938,42742500,245.660004
2017-07-19,1500471000000,1500494400000,246.02000427246094,247.0,246.00999450683594,246.99000549316406,51034300,246.990005
2017-07-20,1500557400000,1500580800000,247.27999877929688,247.4199981689453,246.47000122070312,247.10000610351562,47135200,247.100006
2017-07-21,1500643800000,1500667200000,246.44000244140625,246.91000366210938,246.17999267578125,246.8800048828125,82340800,246.880005
2017-07-24,1500903000000,1500926400000,246.7899932861328,246.97999572753906,246.27999877929688,246.82000732421875,46622300,246.820007
2017-07-25,1500989400000,1501012800000,247.67999267578125,247.8000030517578,247.16000366210938,247.4199981689453,54915600,247.419998
2017-07-26,1501075800000,1501099200000,247.75,247.7899932861328,247.1300048828125,247.42999267578125,47575400,247.429993
2017-07-27,1501162200000,1501185600000,247.9600067138672,248.0,245.67999267578125,247.1999969482422,70766600,247.199997
2017-07-28,1501248600000,1501272000000,246.64999389648438,247.05999755859375,246.1300048828125,246.91000366210938,50088400,246.910004
2017-07-31,1501507800000,1501531200000,247.3699951171875,247.47999572753906,246.52999877929688,246.77000427246094,65838700,246.770004
2017-08-01,1501594200000,1501617600000,247.4600067138672,247.5,246.72000122070312,247.32000732421875,55050400,247.320007
2017-08-02,1501680600000,1501704000000,247.47000122070312,247.60000610351562,246.3699951171875,247.44000244140625,47211200,247.440002
2017-08-03,1501767000000,1501790400000,247.30999755859375,247.33999633789062,246.63999938964844,246.9600067138672,40856000,246.960007
2017-08-04,1501853400000,1501876800000,247.52000427246094,247.7899932861328,246.97000122070312,247.41000366210938,60191800,247.410004
2017-08-07,1502112600000,1502136000000,247.49000549316406,247.8699951171875,247.3699951171875,247.8699951171875,31995000,247.869995
2017-08-08,1502199000000,1502222400000,247.50999450683594,248.91000366210938,246.8300018310547,247.25999450683594,61719400,247.259995
2017-08-09,1502285400000,1502308800000,246.47000122070312,247.30999755859375,246.05999755859375,247.25,62632600,247.25
2017-08-10,1502371800000,1502395200000,246.2899932861328,246.44000244140625,243.6999969482422,243.75999450683594,120479500,243.759995
2017-08-11,1502458200000,1502481600000,244.02000427246094,244.8000030517578,243.75,244.1199951171875,74869900,244.119995
2017-08-14,1502717400000,1502740800000,245.58999633789062,246.7899932861328,245.5500030517578,246.5399932861328,73291900,246.539993
2017-08-15,1502803800000,1502827200000,246.97999572753906,247.0,246.16000366210938,246.50999450683594,55242700,246.509995
2017-08-16,1502890200000,1502913600000,247.11000061035156,247.57000732421875,246.4499969482422,246.94000244140625,56715500,246.940002
2017-08-17,1502976600000,1503000000000,246.24000549316406,246.60000610351562,243.08999633789062,243.08999633789062,128490400,243.089996
2017-08-18,1503063000000,1503086400000,242.89999389648438,244.19000244140625,242.1999969482422,242.7100067138672,136748000,242.710007
2017-08-21,1503322200000,1503345600000,242.63999938964844,243.1999969482422,241.8300018310547,242.89999389648438,65469700,242.899994
2017-08-22,1503408600000,1503432000000,243.57000732421875,245.6199951171875,243.5500030517578,245.44000244140625,63140100,245.440002
2017-08-23,1503495000000,1503518400000,244.3300018310547,245.0500030517578,244.16000366210938,244.55999755859375,50203800,244.559998
2017-08-24,1503581400000,1503604800000,245.0,245.17999267578125,243.75,243.99000549316406,50741700,243.990005
2017-08-25,1503667800000,1503691200000,244.89999389648438,245.61000061035156,244.38999938964844,244.55999755859375,64445900,244.559998
2017-08-28,1503927000000,1503950400000,245.1699981689453,245.1999969482422,244.08999633789062,244.57000732421875,40565600,244.570007
2017-08-29,1504013400000,1504036800000,243.05999755859375,245.14999389648438,242.92999267578125,244.85000610351562,51135700,244.850006
2017-08-30,1504099800000,1504123200000,244.8300018310547,246.32000732421875,244.6199951171875,246.00999450683594,62030800,246.009995
2017-08-31,1504186200000,1504209600000,246.72000122070312,247.77000427246094,246.0500030517578,247.49000549316406,103803900,247.490005
2017-09-01,1504272600000,1504296000000,247.9199981689453,248.3300018310547,247.6699981689453,247.83999633789062,62007000,247.839996
2017-09-05,1504618200000,1504641600000,247.25999450683594,247.52000427246094,244.9499969482422,246.05999755859375,91398800,246.059998
2017-09-06,1504704600000,1504728000000,246.83999633789062,247.27999877929688,246.22999572753906,246.89999389648438,57916900,246.899994
2017-09-07,1504791000000,1504814400000,247.25,247.27000427246094,246.39999389648438,246.8699951171875,58034700,246.869995
2017-09-08,1504877400000,1504900800000,246.5399932861328,247.11000061035156,246.3000030517578,246.5800018310547,63832800,246.580002
2017-09-11,1505136600000,1505160000000,248.0399932861328,249.3000030517578,248.02000427246094,249.2100067138672,71364800,249.210007
2017-09-12,1505223000000,1505246400000,249.6300048828125,250.08999633789062,249.4199981689453,250.0500030517578,56896000,250.050003
2017-09-13,1505309400000,1505332800000,249.72000122070312,250.2100067138672,249.58999633789062,250.1699981689453,59228000,250.169998
2017-09-14,1505395800000,1505419200000,249.8000030517578,250.32000732421875,249.60000610351562,250.08999633789062,95446300,250.089996
2017-09-15,1505482200000,1505505600000,248.69000244140625,249.2899932861328,248.57000732421875,249.19000244140625,95432400,249.190002
2017-09-18,1505741400000,1505764800000,249.61000061035156,250.1199951171875,249.27999877929688,249.72000122070312,46235200,249.720001
2017-09-19,1505827800000,1505851200000,250.0,250.07000732421875,249.60000610351562,249.97000122070312,47108100,249.970001
2017-09-20,1505914200000,1505937600000,250.07000732421875,250.19000244140625,248.9199981689453,250.05999755859375,59574100,250.059998
2017-09-21,1506000600000,1506024000000,249.8800048828125,249.97999572753906,249.19000244140625,249.38999938964844,48211400,249.389999
2017-09-22,1506087000000,1506110400000,249.0500030517578,249.6300048828125,249.02000427246094,249.44000244140625,51214000,249.440002
2017-09-25,1506346200000,1506369600000,249.14999389648438,249.5500030517578,248.0800018310547,248.92999267578125,57064400,248.929993
2017-09-26,1506432600000,1506456000000,249.4199981689453,249.6999969482422,248.80999755859375,249.0800018310547,54082000,249.080002
2017-09-27,1506519000000,1506542400000,249.8800048828125,250.49000549316406,248.8699951171875,250.0500030517578,81001400,250.050003
2017-09-28,1506605400000,1506628800000,249.72999572753906,250.44000244140625,249.6300048828125,250.35000610351562,44778800,250.350006
2017-09-29,1506691800000,1506715200000,250.33999633789062,251.32000732421875,250.1300048828125,251.22999572753906,85578000,251.229996
2017-10-02,1506951000000,1506974400000,251.49000549316406,252.32000732421875,251.2899932861328,252.32000732421875,59023000,252.320007
2017-10-03,1507037400000,1507060800000,252.32000732421875,252.88999938964844,252.22999572753906,252.86000061035156,66810200,252.860001
2017-10-04,1507123800000,1507147200000,252.69000244140625,253.44000244140625,252.55999755859375,253.16000366210938,55953600,253.160004
2017-10-05,1507210200000,1507233600000,253.5399932861328,254.67999267578125,253.1999969482422,254.66000366210938,63522800,254.660004
2017-10-06,1507296600000,1507320000000,254.14999389648438,254.6999969482422,253.85000610351562,254.3699951171875,80646000,254.369995
2017-10-09,1507555800000,1507579200000,254.6300048828125,254.6999969482422,253.64999389648438,253.9499969482422,35803100,253.949997
2017-10-10,1507642200000,1507665600000,254.60000610351562,255.0500030517578,253.97999572753906,254.6199951171875,43057400,254.619995
2017-10-11,1507728600000,1507752000000,254.50999450683594,255.02000427246094,254.32000732421875,255.02000427246094,47674300,255.020004
2017-10-12,1507815000000,1507838400000,254.66000366210938,255.05999755859375,254.3699951171875,254.63999938964844,47065100,254.639999
2017-10-13,1507901400000,1507924800000,255.13999938964844,255.27000427246094,254.63999938964844,254.9499969482422,54800400,254.949997
2017-10-16,1508160600000,1508184000000,255.2100067138672,255.50999450683594,254.82000732421875,255.2899932861328,38221700,255.289993
2017-10-17,1508247000000,1508270400000,255.22999572753906,255.52000427246094,254.97999572753906,255.47000122070312,31561000,255.470001
2017-10-18,1508333400000,1508356800000,255.89999389648438,255.9499969482422,255.5,255.72000122070312,40888300,255.720001
2017-10-19,1508419800000,1508443200000,254.8300018310547,255.8300018310547,254.35000610351562,255.7899932861328,61903800,255.789993
2017-10-20,1508506200000,1508529600000,256.70001220703125,257.1400146484375,255.77000427246094,257.1099853515625,89176400,257.109985
2017-10-23,1508765400000,1508788800000,257.4800109863281,257.510009765625,256.0199890136719,256.1099853515625,63915300,256.109985
2017-10-24,1508851800000,1508875200000,256.6000061035156,256.8299865722656,256.1499938964844,256.55999755859375,66935900,256.559998
2017-10-25,1508938200000,1508961600000,256.17999267578125,256.30999755859375,254.0,255.2899932861328,103715300,255.289993
2017-10-26,1509024600000,1509048000000,255.99000549316406,256.29998779296875,255.47999572753906,255.6199951171875,69798000,255.619995
2017-10-27,1509111000000,1509134400000,256.4700012207031,257.8900146484375,255.6300048828125,257.7099914550781,85562500,257.709991
2017-10-30,1509370200000,1509393600000,256.4700012207031,257.6000061035156,256.4100036621094,256.75,54285700,256.75
2017-10-31,1509456600000,1509480000000,257.17999267578125,257.44000244140625,256.80999755859375,257.1499938964844,60304800,257.149994
2017-11-01,1509543000000,1509566400000,258.0400085449219,258.42999267578125,257.07000732421875,257.489990234375,54202700,257.48999
2017-11-02,1509629400000,1509652800000,257.4100036621094,257.75,256.19000244140625,257.5899963378906,56449500,257.589996
2017-11-03,1509715800000,1509739200000,257.7699890136719,258.5,257.29998779296875,258.45001220703125,59589700,258.450012
2017-11-06,1509978600000,1510002000000,258.29998779296875,259.0,258.2200012207031,258.8500061035156,49652600,258.850006
2017-11-07,1510065000000,1510088400000,258.9700012207031,259.3500061035156,258.0899963378906,258.6700134277344,57502200,258.670013
2017-11-08,1510151400000,1510174800000,258.4700012207031,259.2200012207031,258.1499938964844,259.1099853515625,50469600,259.109985
2017-11-09,1510237800000,1510261200000,257.7300109863281,258.3900146484375,256.3599853515625,258.1700134277344,95085500,258.170013
2017-11-10,1510324200000,1510347600000,257.7300109863281,258.2900085449219,257.3699951171875,258.0899963378906,59984700,258.089996
2017-11-13,1510583400000,1510606800000,257.30999755859375,258.5899963378906,257.2699890136719,258.3299865722656,50228600,258.329987
2017-11-14,1510669800000,1510693200000,257.4100036621094,257.8500061035156,256.5199890136719,257.7300109863281,61315200,257.730011
2017-11-15,1510756200000,1510779600000,256.6199951171875,257.2200012207031,255.6300048828125,256.44000244140625,80811500,256.440002
2017-11-16,1510842600000,1510866000000,257.5199890136719,259.0400085449219,257.4700012207031,258.6199951171875,67777000,258.619995
2017-11-17,1510929000000,1510952400000,258.2200012207031,258.5899963378906,257.7699890136719,257.8599853515625,75756800,257.859985
2017-11-20,1511188200000,1511211600000,258.1400146484375,258.5199890136719,257.8599853515625,258.29998779296875,48075500,258.299988
2017-11-21,1511274600000,1511298000000,259.17999267578125,260.20001220703125,258.260009765625,259.989990234375,69176800,259.98999
2017-11-22,1511361000000,1511384400000,260.0,260.1499938964844,259.57000732421875,259.760009765625,45033400,259.76001
2017-11-24,1511533800000,1511557200000,260.32000732421875,260.4800109863281,260.1600036621094,260.3599853515625,27856500,260.359985
2017-11-27,1511793000000,1511816400000,260.4100036621094,260.75,260.0,260.2300109863281,52274900,260.230011
2017-11-28,1511879400000,1511902800000,260.760009765625,262.8999938964844,260.6499938964844,262.8699951171875,98971700,262.869995
2017-11-29,1511965800000,1511989200000,263.0199890136719,263.6300048828125,262.20001220703125,262.7099914550781,77512100,262.709991
2017-11-30,1512052200000,1512075600000,263.760009765625,266.04998779296875,263.6700134277344,265.010009765625,127894400,265.01001
2017-12-01,1512138600000,1512162000000,264.760009765625,265.30999755859375,260.760009765625,264.4599914550781,164390900,264.459991
2017-12-04,1512397800000,1512421200000,266.30999755859375,266.79998779296875,264.0799865722656,264.1400146484375,94040600,264.140015
2017-12-05,1512484200000,1512507600000,263.19000244140625,265.1499938964844,263.0400085449219,263.19000244140625,77994500,263.190002
2017-12-06,1512570600000,1512594000000,263.29998779296875,263.7300109863281,262.7099914550781,263.239990234375,75898600,263.23999
2017-12-07,1512657000000,1512680400000,264.07000732421875,264.42999267578125,262.94000244140625,264.07000732421875,77218600,264.070007
2017-12-08,1512743400000,1512766800000,265.1600036621094,265.5199890136719,264.0299987792969,265.510009765625,76563900,265.51001
2017-12-11,1513002600000,1513026000000,266.30999755859375,266.3800048828125,265.4800109863281,266.30999755859375,83077500,266.309998
2017-12-12,1513089000000,1513112400000,267.2099914550781,267.32000732421875,266.3500061035156,266.7799987792969,85195800,266.779999
2017-12-13,1513175400000,1513198800000,267.05999755859375,267.55999755859375,266.6499938964844,266.75,102905400,266.75
2017-12-14,1513261800000,1513285200000,267.0899963378906,267.2200012207031,265.6000061035156,265.6600036621094,100666700,265.660004
2017-12-15,1513348200000,1513371600000,265.45001220703125,267.0400085449219,265.3900146484375,266.510009765625,144610300,266.51001
2017-12-18,1513607400000,1513630800000,268.1000061035156,268.6000061035156,267.9800109863281,268.20001220703125,83653600,268.200012
2017-12-19,1513693800000,1513717200000,268.4800109863281,268.5299987792969,267.0899963378906,267.1700134277344,82382900,267.170013
2017-12-20,1513780200000,1513803600000,268.2699890136719,268.3299865722656,266.69000244140625,267.0299987792969,76751500,267.029999
2017-12-21,1513866600000,1513890000000,267.739990234375,268.3900146484375,267.29998779296875,267.5799865722656,67032300,267.579987
2017-12-22,1513953000000,1513976400000,267.6000061035156,267.6400146484375,266.8999938964844,267.510009765625,78720900,267.51001
2017-12-26,1514298600000,1514322000000,267.04998779296875,267.44000244140625,266.8900146484375,267.19000244140625,45244400,267.190002
2017-12-27,1514385000000,1514408400000,267.3800048828125,267.7300109863281,267.010009765625,267.32000732421875,57751000,267.320007
2017-12-28,1514471400000,1514494800000,267.8900146484375,267.9200134277344,267.45001220703125,267.8699951171875,45116100,267.869995
2017-12-29,1514557800000,1514581200000,268.5299987792969,268.54998779296875,266.6400146484375,266.8599853515625,96007400,266.859985
2018-01-02,1514903400000,1514926800000,267.8399963378906,268.80999755859375,267.3999938964844,268.7699890136719,86655700,268.769989
2018-01-03,1514989800000,1515013200000,268.9599914550781,270.6400146484375,268.9599914550781,270.4700012207031,90070400,270.470001
2018-01-04,1515076200000,1515099600000,271.20001220703125,272.1600036621094,270.5400085449219,271.6099853515625,80636400,271.609985
2018-01-05,1515162600000,1515186000000,272.510009765625,273.55999755859375,271.95001220703125,273.4200134277344,83524000,273.420013
2018-01-08,1515421800000,1515445200000,273.30999755859375,274.1000061035156,272.9800109863281,273.9200134277344,57319200,273.920013
2018-01-09,1515508200000,1515531600000,274.3999938964844,275.25,274.0799865722656,274.5400085449219,57254000,274.540009
2018-01-10,1515594600000,1515618000000,273.67999267578125,274.4200134277344,272.9200134277344,274.1199951171875,69574300,274.119995
2018-01-11,1515681000000,1515704400000,274.75,276.1199951171875,274.55999755859375,276.1199951171875,62361500,276.119995
2018-01-12,1515767400000,1515790800000,276.4200134277344,278.1099853515625,276.0799865722656,277.9200134277344,90816100,277.920013
2018-01-16,1516113000000,1516136400000,279.3500061035156,280.0899963378906,276.17999267578125,276.9700012207031,106555100,276.970001
2018-01-17,1516199400000,1516222800000,278.0299987792969,280.04998779296875,276.9700012207031,279.6099853515625,113258800,279.609985
2018-01-18,1516285800000,1516309200000,279.4800109863281,279.9599914550781,278.5799865722656,279.1400146484375,100728000,279.140015
2018-01-19,1516372200000,1516395600000,279.79998779296875,280.4100036621094,279.1400146484375,280.4100036621094,140920100,280.410004
2018-01-22,1516631400000,1516654800000,280.1700134277344,282.69000244140625,280.1099853515625,282.69000244140625,91322400,282.690002
2018-01-23,1516717800000,1516741200000,282.739990234375,283.6199951171875,282.3699951171875,283.2900085449219,97084700,283.290009
2018-01-24,1516804200000,1516827600000,284.0199890136719,284.70001220703125,281.8399963378906,283.17999267578125,134816100,283.179993
2018-01-25,1516890600000,1516914000000,284.1600036621094,284.2699890136719,282.3999938964844,283.29998779296875,84587300,283.299988
2018-01-26,1516977000000,1517000400000,284.25,286.6300048828125,283.9599914550781,286.5799865722656,107743100,286.579987
2018-01-29,1517236200000,1517259600000,285.92999267578125,286.42999267578125,284.5,284.67999267578125,90118300,284.679993
2018-01-30,1517322600000,1517346000000,282.6000061035156,284.739990234375,281.2200012207031,281.760009765625,131796400,281.76001
2018-01-31,1517409000000,1517432400000,282.7300109863281,283.29998779296875,280.67999267578125,281.8999938964844,108364800,281.899994
2018-02-01,1517495400000,1517518800000,281.07000732421875,283.05999755859375,280.67999267578125,281.5799865722656,90102500,281.579987
2018-02-02,1517581800000,1517605200000,280.0799865722656,280.2300109863281,275.4100036621094,275.45001220703125,173174800,275.450012
2018-02-05,1517841000000,1517864400000,273.45001220703125,275.8500061035156,263.30999755859375,263.92999267578125,294681800,263.929993
2018-02-06,1517927400000,1517950800000,259.94000244140625,269.70001220703125,258.70001220703125,269.1300048828125,355026800,269.130005
2018-02-07,1518013800000,1518037200000,268.5,272.3599853515625,267.5799865722656,267.6700134277344,167376100,267.670013
2018-02-08,1518100200000,1518123600000,268.010009765625,268.1700134277344,257.5899963378906,257.6300048828125,246449500,257.630005
2018-02-09,1518186600000,1518210000000,260.79998779296875,263.6099853515625,252.9199981689453,261.5,283565300,261.5
2018-02-12,1518445800000,1518469200000,263.8299865722656,267.010009765625,261.6600036621094,265.3399963378906,143736000,265.339996
2018-02-13,1518532200000,1518555600000,263.9700012207031,266.6199951171875,263.30999755859375,266.0,81223600,266.0
2018-02-14,1518618600000,1518642000000,264.30999755859375,270.0,264.29998779296875,269.5899963378906,120735700,269.589996
2018-02-15,1518705000000,1518728400000,271.57000732421875,273.0400085449219,268.7699890136719,273.0299987792969,111200300,273.029999
2018-02-16,1518791400000,1518814800000,272.32000732421875,275.32000732421875,272.2699890136719,273.1099853515625,160420100,273.109985
2018-02-20,1519137000000,1519160400000,272.0299987792969,273.6700134277344,270.5,271.3999938964844,86369700,271.399994
2018-02-21,1519223400000,1519246800000,271.8999938964844,274.7200012207031,269.94000244140625,270.04998779296875,98883700,270.049988
2018-02-22,1519309800000,1519333200000,271.1000061035156,273.04998779296875,269.6400146484375,270.3999938964844,110511300,270.399994
2018-02-23,1519396200000,1519419600000,271.7900085449219,274.7099914550781,271.25,274.7099914550781,92766400,274.709991
2018-02-26,1519655400000,1519678800000,275.92999267578125,278.010009765625,275.260009765625,277.8999938964844,86491400,277.899994
2018-02-27,1519741800000,1519765200000,278.1099853515625,278.9200134277344,274.3599853515625,274.42999267578125,99099200,274.429993
2018-02-28,1519828200000,1519851600000,275.67999267578125,276.19000244140625,271.2900085449219,271.6499938964844,121907800,271.649994
2018-03-01,1519914600000,1519938000000,271.4100036621094,273.1700134277344,266.0,267.70001220703125,176855100,267.700012
2018-03-02,1520001000000,1520024400000,265.79998779296875,269.7200012207031,264.82000732421875,269.0799865722656,139083200,269.079987
2018-03-05,1520260200000,1520283600000,267.7300109863281,272.8900146484375,267.6099853515625,272.19000244140625,97307400,272.190002
2018-03-06,1520346600000,1520370000000,273.29998779296875,273.3900146484375,271.17999267578125,272.8800048828125,79213200,272.880005
2018-03-07,1520433000000,1520456400000,270.4200134277344,273.17999267578125,270.20001220703125,272.7799987792969,87063500,272.779999
2018-03-08,1520519400000,1520542800000,273.54998779296875,274.239990234375,272.4200134277344,274.1000061035156,66901200,274.100006
2018-03-09,1520605800000,1520629200000,275.70001220703125,278.8699951171875,275.3399963378906,278.8699951171875,113625300,278.869995
2018-03-12,1520861400000,1520884800000,279.20001220703125,279.9100036621094,278.0799865722656,278.5199890136719,71924800,278.519989
2018-03-13,1520947800000,1520971200000,279.8399963378906,280.4100036621094,276.0299987792969,276.7200012207031,91968900,276.720001
2018-03-14,1521034200000,1521057600000,277.80999755859375,278.0199890136719,274.6700134277344,275.29998779296875,105895100,275.299988
2018-03-15,1521120600000,1521144000000,275.8800048828125,276.6099853515625,274.42999267578125,275.0,83433000,275.0
2018-03-16,1521207000000,1521230400000,274.5,275.3900146484375,274.1400146484375,274.20001220703125,100343700,274.200012
2018-03-19,1521466200000,1521489600000,273.3500061035156,274.3999938964844,268.6199951171875,270.489990234375,109208400,270.48999
2018-03-20,1521552600000,1521576000000,270.94000244140625,271.6700134277344,270.17999267578125,270.95001220703125,59757300,270.950012
2018-03-21,1521639000000,1521662400000,270.8999938964844,273.2699890136719,270.19000244140625,270.42999267578125,78709600,270.429993
2018-03-22,1521725400000,1521748800000,267.9100036621094,268.8699951171875,263.3599853515625,263.6700134277344,148785900,263.670013
2018-03-23,1521811800000,1521835200000,264.1700134277344,264.5400085449219,257.8299865722656,258.04998779296875,183534800,258.049988
2018-03-26,1522071000000,1522094400000,262.1300048828125,265.42999267578125,259.4100036621094,265.1099853515625,141956100,265.109985
2018-03-27,1522157400000,1522180800000,266.1700134277344,266.7699890136719,258.8399963378906,260.6000061035156,129941400,260.600006
2018-03-28,1522243800000,1522267200000,260.75,262.6400146484375,258.5799865722656,259.8299865722656,146452300,259.829987
2018-03-29,1522330200000,1522353600000,261.1199951171875,265.260009765625,259.8399963378906,263.1499938964844,111601600,263.149994
2018-04-02,1522675800000,1522699200000,262.54998779296875,263.1300048828125,254.6699981689453,257.4700012207031,186286300,257.470001
2018-04-03,1522762200000,1522785600000,258.8699951171875,261.30999755859375,256.8399963378906,260.7699890136719,119956900,260.769989
2018-04-04,1522848600000,1522872000000,256.75,264.3599853515625,256.6000061035156,263.55999755859375,123715300,263.559998
2018-04-05,1522935000000,1522958400000,265.54998779296875,266.6400146484375,264.32000732421875,265.6400146484375,82652600,265.640015
2018-04-06,1523021400000,1523044800000,263.4200134277344,265.1099853515625,258.0,259.7200012207031,179521200,259.720001
2018-04-09,1523280600000,1523304000000,261.3699951171875,264.8399963378906,259.94000244140625,261.0,105442900,261.0
2018-04-10,1523367000000,1523390400000,264.2699890136719,266.0400085449219,262.9800109863281,265.1499938964844,103529000,265.149994
2018-04-11,1523453400000,1523476800000,263.4700012207031,265.6400146484375,263.3900146484375,263.760009765625,91140200,263.76001
2018-04-12,1523539800000,1523563200000,265.260009765625,267.0,265.05999755859375,265.92999267578125,68890500,265.929993
2018-04-13,1523626200000,1523649600000,267.4100036621094,267.5400085449219,264.010009765625,265.1499938964844,85079200,265.149994
2018-04-16,1523885400000,1523908800000,267.0,268.20001220703125,266.07000732421875,267.3299865722656,63405300,267.329987
2018-04-17,1523971800000,1523995200000,269.3299865722656,270.8699951171875,268.75,270.19000244140625,64682000,270.190002
2018-04-18,1524058200000,1524081600000,270.69000244140625,271.29998779296875,269.8699951171875,270.3900146484375,57303900,270.390015
2018-04-19,1524144600000,1524168000000,269.6499938964844,269.8800048828125,267.7200012207031,268.8900146484375,77655900,268.890015
2018-04-20,1524231000000,1524254400000,268.80999755859375,269.05999755859375,265.6099853515625,266.6099853515625,99953100,266.609985
2018-04-23,1524490200000,1524513600000,267.260009765625,267.8900146484375,265.3500061035156,266.57000732421875,65558000,266.570007
2018-04-24,1524576600000,1524600000000,267.7300109863281,267.9800109863281,261.2799987792969,262.9800109863281,112885500,262.980011
2018-04-25,1524663000000,1524686400000,262.9100036621094,264.1300048828125,260.8500061035156,263.6300048828125,103840900,263.630005
2018-04-26,1524749400000,1524772800000,264.7900085449219,267.25,264.2900085449219,266.30999755859375,67731900,266.309998
2018-04-27,1524835800000,1524859200000,267.0,267.3399963378906,265.5,266.55999755859375,57053600,266.559998
2018-04-30,1525095000000,1525118400000,267.260009765625,267.8900146484375,264.42999267578125,264.510009765625,82182300,264.51001
2018-05-01,1525181400000,1525204800000,263.8699951171875,265.1000061035156,262.1099853515625,264.9800109863281,74203400,264.980011
2018-05-02,1525267800000,1525291200000,264.760009765625,265.67999267578125,262.760009765625,263.20001220703125,86368900,263.200012
2018-05-03,1525354200000,1525377600000,262.260009765625,263.3599853515625,259.04998779296875,262.6199951171875,136311500,262.619995
2018-05-04,1525440600000,1525464000000,261.5199890136719,266.7900085449219,261.1499938964844,266.0199890136719,91222100,266.019989
2018-05-07,1525699800000,1525723200000,266.8900146484375,268.0199890136719,266.1099853515625,266.9200134277344,55304900,266.920013
2018-05-08,1525786200000,1525809600000,266.5,267.3299865722656,265.1499938964844,266.9200134277344,67499200,266.920013
2018-05-09,1525872600000,1525896000000,267.67999267578125,269.8699951171875,267.0899963378906,269.5,59666100,269.5
2018-05-10,1525959000000,1525982400000,270.3399963378906,272.3900146484375,270.2200012207031,272.0199890136719,72063900,272.019989
2018-05-11,1526045400000,1526068800000,272.1600036621094,273.1499938964844,271.5799865722656,272.8500061035156,59871500,272.850006
2018-05-14,1526304600000,1526328000000,273.3399963378906,274.0799865722656,272.3599853515625,272.9800109863281,54790600,272.980011
2018-05-15,1526391000000,1526414400000,271.5899963378906,271.6099853515625,270.0299987792969,271.1000061035156,87036100,271.100006
2018-05-16,1526477400000,1526500800000,271.1400146484375,272.760009765625,271.1099853515625,272.239990234375,53942600,272.23999
2018-05-17,1526563800000,1526587200000,271.94000244140625,273.2300109863281,271.1300048828125,272.010009765625,56536400,272.01001
2018-05-18,1526650200000,1526673600000,271.6199951171875,272.0299987792969,270.92999267578125,271.3299865722656,64368000,271.329987
2018-05-21,1526909400000,1526932800000,273.010009765625,273.9800109863281,272.57000732421875,273.3699951171875,58025900,273.369995
2018-05-22,1526995800000,1527019200000,273.9599914550781,274.25,272.239990234375,272.6099853515625,52966400,272.609985
2018-05-23,1527082200000,1527105600000,271.1700134277344,273.3900146484375,270.989990234375,273.3599853515625,64694200,273.359985
2018-05-24,1527168600000,1527192000000,272.9100036621094,273.2200012207031,270.7799987792969,272.79998779296875,76043800,272.799988
2018-05-25,1527255000000,1527278400000,272.1499938964844,272.8599853515625,271.5799865722656,272.1499938964844,56374800,272.149994
2018-05-29,1527600600000,1527624000000,270.30999755859375,271.1700134277344,267.760009765625,269.0199890136719,115908600,269.019989
2018-05-30,1527687000000,1527710400000,270.5,273.1099853515625,270.4200134277344,272.6099853515625,69678400,272.609985
2018-05-31,1527773400000,1527796800000,272.1499938964844,272.489990234375,270.260009765625,270.94000244140625,93519900,270.940002
2018-06-01,1527859800000,1527883200000,272.4100036621094,273.94000244140625,272.3299865722656,273.6000061035156,71258400,273.600006
2018-06-04,1528119000000,1528142400000,274.5299987792969,275.19000244140625,274.260009765625,274.8999938964844,45385200,274.899994
2018-06-05,1528205400000,1528228800000,275.04998779296875,275.5299987792969,274.17999267578125,275.1000061035156,51135000,275.100006
2018-06-06,1528291800000,1528315200000,275.7900085449219,277.5199890136719,275.0899963378906,277.3999938964844,62732200,277.399994
2018-06-07,1528378200000,1528401600000,277.95001220703125,278.2799987792969,276.3399963378906,277.3699951171875,72969400,277.369995
2018-06-08,1528464600000,1528488000000,276.8500061035156,278.25,276.6600036621094,278.19000244140625,72139700,278.190002
2018-06-11,1528723800000,1528747200000,278.44000244140625,279.3699951171875,278.30999755859375,278.55999755859375,58892500,278.559998
2018-06-12,1528810200000,1528833600000,279.0299987792969,279.3299865722656,278.19000244140625,278.9200134277344,72329000,278.920013
2018-06-13,1528896600000,1528920000000,279.19000244140625,279.4800109863281,277.79998779296875,278.0299987792969,79070600,278.029999
2018-06-14,1528983000000,1529006400000,279.010009765625,279.3299865722656,278.05999755859375,278.7300109863281,77097600,278.730011
2018-06-15,1529069400000,1529092800000,276.6000061035156,277.510009765625,275.3500061035156,277.1300048828125,120041600,277.130005
2018-06-18,1529328600000,1529352000000,275.489990234375,276.70001220703125,274.95001220703125,276.55999755859375,52917600,276.559998
2018-06-19,1529415000000,1529438400000,274.0,275.75,273.5299987792969,275.5,97531500,275.5
2018-06-20,1529501400000,1529524800000,276.2699890136719,276.7200012207031,275.5899963378906,275.9700012207031,53785500,275.970001
2018-06-21,1529587800000,1529611200000,275.9599914550781,275.9800109863281,273.67999267578125,274.239990234375,71061400,274.23999
2018-06-22,1529674200000,1529697600000,275.6600036621094,275.7900085449219,274.489990234375,274.739990234375,54898500,274.73999
2018-06-25,1529933400000,1529956800000,273.44000244140625,273.6199951171875,269.1000061035156,271.0,137854200,271.0
2018-06-26,1530019800000,1530043200000,271.6400146484375,272.55999755859375,270.7900085449219,271.6000061035156,68547400,271.600006
2018-06-27,1530106200000,1530129600000,272.260009765625,273.8699951171875,269.17999267578125,269.3500061035156,105110700,269.350006
2018-06-28,1530192600000,1530216000000,269.2900085449219,271.75,268.489990234375,270.8900146484375,76650500,270.890015
2018-06-29,1530279000000,1530302400000,272.1199951171875,273.6600036621094,271.1499938964844,271.2799987792969,97592500,271.279999
2018-07-02,1530538200000,1530561600000,269.510009765625,272.0400085449219,269.239990234375,271.8599853515625,63554800,271.859985
2018-07-03,1530624600000,1530648000000,272.8699951171875,272.9800109863281,270.4200134277344,270.8999938964844,42187100,270.899994
2018-07-05,1530797400000,1530820800000,272.1700134277344,273.17999267578125,270.9599914550781,273.1099853515625,56925900,273.109985
2018-07-06,1530883800000,1530907200000,273.1400146484375,275.8399963378906,272.7099914550781,275.4200134277344,66493700,275.420013
2018-07-09,1531143000000,1531166400000,276.54998779296875,277.9599914550781,276.5,277.8999938964844,50550400,277.899994
2018-07-10,1531229400000,1531252800000,278.4100036621094,279.010009765625,278.0799865722656,278.8999938964844,51966800,278.899994
2018-07-11,1531315800000,1531339200000,277.1499938964844,278.0400085449219,276.5199890136719,276.8599853515625,77054700,276.859985
2018-07-12,1531402200000,1531425600000,278.2799987792969,279.42999267578125,277.6000061035156,279.3699951171875,60124700,279.369995
2018-07-13,1531488600000,1531512000000,279.1700134277344,279.92999267578125,278.6600036621094,279.5899963378906,48216000,279.589996
2018-07-16,1531747800000,1531771200000,279.6400146484375,279.79998779296875,278.8399963378906,279.3399963378906,48201000,279.339996
2018-07-17,1531834200000,1531857600000,278.4700012207031,280.9100036621094,278.4100036621094,280.4700012207031,52315500,280.470001
2018-07-18,1531920600000,1531944000000,280.55999755859375,281.17999267578125,280.05999755859375,281.05999755859375,44593500,281.059998
2018-07-19,1532007000000,1532030400000,280.30999755859375,280.739990234375,279.4599914550781,280.0,61412100,280.0
2018-07-20,1532093400000,1532116800000,279.7699890136719,280.4800109863281,279.5,279.67999267578125,82337700,279.679993
2018-07-23,1532352600000,1532376000000,279.45001220703125,280.42999267578125,279.05999755859375,280.20001220703125,47047600,280.200012
2018-07-24,1532439000000,1532462400000,281.7900085449219,282.55999755859375,280.6300048828125,281.6099853515625,68026900,281.609985
2018-07-25,1532525400000,1532548800000,281.3299865722656,284.3699951171875,281.2799987792969,284.010009765625,78882900,284.01001
2018-07-26,1532611800000,1532635200000,283.20001220703125,284.1099853515625,283.0899963378906,283.3399963378906,57919500,283.339996
2018-07-27,1532698200000,1532721600000,283.7099914550781,283.82000732421875,280.3800048828125,281.4200134277344,76768700,281.420013
2018-07-30,1532957400000,1532980800000,281.510009765625,281.69000244140625,279.3599853515625,279.95001220703125,63742500,279.950012
2018-07-31,1533043800000,1533067200000,280.80999755859375,282.0199890136719,280.3800048828125,281.3299865722656,68570500,281.329987
2018-08-01,1533130200000,1533153600000,281.55999755859375,282.1300048828125,280.1300048828125,280.8599853515625,53853300,280.859985
2018-08-02,1533216600000,1533240000000,279.3900146484375,282.5799865722656,279.1600036621094,282.3900146484375,63426400,282.390015
2018-08-03,1533303000000,1533326400000,282.5299987792969,283.6600036621094,282.3299865722656,283.6000061035156,53935400,283.600006
2018-08-06,1533562200000,1533585600000,283.6400146484375,284.989990234375,283.20001220703125,284.6400146484375,39400900,284.640015
2018-08-07,1533648600000,1533672000000,285.3900146484375,286.010009765625,285.239990234375,285.5799865722656,43196600,285.579987
2018-08-08,1533735000000,1533758400000,285.3900146484375,285.9100036621094,284.94000244140625,285.4599914550781,42114600,285.459991
2018-08-09,1533821400000,1533844800000,285.5299987792969,285.9700012207031,284.9200134277344,285.07000732421875,35717000,285.070007
2018-08-10,1533907800000,1533931200000,283.45001220703125,284.05999755859375,282.3599853515625,283.1600036621094,77076000,283.160004
2018-08-13,1534167000000,1534190400000,283.4700012207031,284.1600036621094,281.7699890136719,282.1000061035156,65732900,282.100006
2018-08-14,1534253400000,1534276800000,282.9200134277344,284.1700134277344,282.4800109863281,283.8999938964844,43842000,283.899994
2018-08-15,1534339800000,1534363200000,282.3800048828125,282.5400085449219,280.1600036621094,281.7799987792969,102925400,281.779999
2018-08-16,1534426200000,1534449600000,283.3999938964844,285.0400085449219,283.3599853515625,284.05999755859375,69967900,284.059998
2018-08-17,1534512600000,1534536000000,283.8299865722656,285.55999755859375,283.3699951171875,285.05999755859375,65618500,285.059998
2018-08-20,1534771800000,1534795200000,285.57000732421875,285.9700012207031,285.05999755859375,285.6700134277344,39807500,285.670013
2018-08-21,1534858200000,1534881600000,286.25,287.30999755859375,285.7099914550781,286.3399963378906,67272000,286.339996
2018-08-22,1534944600000,1534968000000,285.8800048828125,286.760009765625,285.5799865722656,286.1700134277344,44993300,286.170013
2018-08-23,1535031000000,1535054400000,285.9700012207031,286.94000244140625,285.42999267578125,285.7900085449219,49204900,285.790009
2018-08-24,1535117400000,1535140800000,286.44000244140625,287.6700134277344,286.3800048828125,287.510009765625,57487400,287.51001
2018-08-27,1535376600000,1535400000000,288.8599853515625,289.8999938964844,288.67999267578125,289.7799987792969,57072400,289.779999
2018-08-28,1535463000000,1535486400000,290.29998779296875,290.4200134277344,289.3999938964844,289.9200134277344,46943500,289.920013
2018-08-29,1535549400000,1535572800000,290.1600036621094,291.739990234375,289.8900146484375,291.4800109863281,61485500,291.480011
2018-08-30,1535635800000,1535659200000,290.94000244140625,291.3599853515625,289.6300048828125,290.29998779296875,61229500,290.299988
2018-08-31,1535722200000,1535745600000,289.8399963378906,290.80999755859375,289.2900085449219,290.30999755859375,66140800,290.309998
2018-09-04,1536067800000,1536091200000,289.8399963378906,290.2099914550781,288.67999267578125,289.80999755859375,57594400,289.809998
2018-09-05,1536154200000,1536177600000,289.4100036621094,289.6400146484375,287.8900146484375,289.0299987792969,72452400,289.029999
2018-09-06,1536240600000,1536264000000,289.1499938964844,289.489990234375,287.0,288.1600036621094,65909900,288.160004
2018-09-07,1536327000000,1536350400000,286.9800109863281,288.70001220703125,286.7099914550781,287.6000061035156,73524800,287.600006
2018-09-10,1536586200000,1536609600000,288.739990234375,289.0400085449219,287.8800048828125,288.1000061035156,50210900,288.100006
2018-09-11,1536672600000,1536696000000,287.3699951171875,289.54998779296875,286.9800109863281,289.04998779296875,50530500,289.049988
2018-09-12,1536759000000,1536782400000,289.05999755859375,289.79998779296875,288.2300109863281,289.1199951171875,59810800,289.119995
2018-09-13,1536845400000,1536868800000,290.32000732421875,291.0400085449219,290.0,290.8299865722656,51034200,290.829987
2018-09-14,1536931800000,1536955200000,291.05999755859375,291.2699890136719,290.0,290.8800048828125,55079900,290.880005
2018-09-17,1537191000000,1537214400000,290.82000732421875,290.8599853515625,289.0299987792969,289.3399963378906,68244000,289.339996
2018-09-18,1537277400000,1537300800000,289.5799865722656,291.5799865722656,289.54998779296875,290.9100036621094,61930400,290.910004
2018-09-19,1537363800000,1537387200000,290.9700012207031,291.69000244140625,290.8299865722656,291.2200012207031,49080600,291.220001
2018-09-20,1537450200000,1537473600000,292.6400146484375,293.94000244140625,291.239990234375,293.5799865722656,100360600,293.579987
2018-09-21,1537536600000,1537560000000,293.0899963378906,293.2200012207031,291.80999755859375,291.989990234375,105479700,291.98999
2018-09-24,1537795800000,1537819200000,291.3399963378906,291.5,290.3699951171875,291.0199890136719,53409600,291.019989
2018-09-25,1537882200000,1537905600000,291.5299987792969,291.6499938964844,290.4800109863281,290.75,44370000,290.75
2018-09-26,1537968600000,1537992000000,290.9100036621094,292.239990234375,289.4100036621094,289.8800048828125,79739700,289.880005
2018-09-27,1538055000000,1538078400000,290.4100036621094,291.9100036621094,290.1000061035156,290.69000244140625,59249500,290.690002
2018-09-28,1538141400000,1538164800000,289.989990234375,291.2799987792969,289.95001220703125,290.7200012207031,70091400,290.720001
2018-10-01,1538400600000,1538424000000,292.1099853515625,292.92999267578125,290.9800109863281,291.7300109863281,62078900,291.730011
2018-10-02,1538487000000,1538510400000,291.55999755859375,292.3599853515625,291.1400146484375,291.55999755859375,47258200,291.559998
2018-10-03,1538573400000,1538596800000,292.739990234375,293.2099914550781,291.32000732421875,291.7200012207031,64694600,291.720001
2018-10-04,1538659800000,1538683200000,291.17999267578125,291.239990234375,287.6600036621094,289.44000244140625,111545900,289.440002
2018-10-05,1538746200000,1538769600000,289.69000244140625,290.2699890136719,286.2200012207031,287.82000732421875,105951700,287.820007
2018-10-08,1539005400000,1539028800000,287.04998779296875,288.2200012207031,285.5,287.82000732421875,87742200,287.820007
2018-10-09,1539091800000,1539115200000,287.3900146484375,288.8599853515625,286.7699890136719,287.3999938964844,74339000,287.399994
2018-10-10,1539178200000,1539201600000,286.8299865722656,286.9100036621094,277.8800048828125,278.29998779296875,214731000,278.299988
2018-10-11,1539264600000,1539288000000,277.0799865722656,278.8999938964844,270.3599853515625,272.1700134277344,274840500,272.170013
2018-10-12,1539351000000,1539374400000,276.7699890136719,277.0899963378906,272.3699951171875,275.95001220703125,183186500,275.950012
2018-10-15,1539610200000,1539633600000,275.54998779296875,277.0400085449219,274.29998779296875,274.3999938964844,102263700,274.399994
2018-10-16,1539696600000,1539720000000,276.6000061035156,280.82000732421875,276.07000732421875,280.3999938964844,118255800,280.399994
2018-10-17,1539783000000,1539806400000,280.44000244140625,281.1499938964844,277.55999755859375,280.45001220703125,110626000,280.450012
2018-10-18,1539869400000,1539892800000,279.3999938964844,280.07000732421875,274.9700012207031,276.3999938964844,134557500,276.399994
2018-10-19,1539955800000,1539979200000,277.1300048828125,279.29998779296875,275.4700012207031,276.25,139901600,276.25
2018-10-22,1540215000000,1540238400000,277.0,277.3599853515625,274.4100036621094,275.010009765625,82415800,275.01001
2018-10-23,1540301400000,1540324800000,270.95001220703125,274.8699951171875,268.6099853515625,273.6099853515625,146352700,273.609985
2018-10-24,1540387800000,1540411200000,273.3299865722656,273.760009765625,264.70001220703125,265.32000732421875,177806700,265.320007
2018-10-25,1540474200000,1540497600000,267.3800048828125,271.80999755859375,266.2300109863281,270.0799865722656,138061500,270.079987
2018-10-26,1540560600000,1540584000000,265.9200134277344,271.0,262.2900085449219,265.3299865722656,201574600,265.329987
2018-10-29,1540819800000,1540843200000,268.79998779296875,270.25,259.8500061035156,263.8599853515625,160749100,263.859985
2018-10-30,1540906200000,1540929600000,263.6700134277344,268.1199951171875,263.1199951171875,267.7699890136719,157116000,267.769989
2018-10-31,1540992600000,1541016000000,270.6499938964844,273.2300109863281,270.1199951171875,270.6300048828125,128296300,270.630005
2018-11-01,1541079000000,1541102400000,271.6000061035156,273.7300109863281,270.3800048828125,273.510009765625,99495000,273.51001
2018-11-02,1541165400000,1541188800000,274.75,275.2300109863281,269.5899963378906,271.8900146484375,122634100,271.890015
2018-11-05,1541428200000,1541451600000,272.44000244140625,274.010009765625,271.3500061035156,273.3900146484375,65622500,273.390015
2018-11-06,1541514600000,1541538000000,273.32000732421875,275.29998779296875,273.25,275.1199951171875,60085900,275.119995
2018-11-07,1541601000000,1541624400000,277.55999755859375,281.1000061035156,277.0799865722656,281.010009765625,102752100,281.01001
2018-11-08,1541687400000,1541710800000,280.1099853515625,281.2200012207031,279.2200012207031,280.5,65584900,280.5
2018-11-09,1541773800000,1541797200000,279.0299987792969,279.239990234375,276.17999267578125,277.760009765625,98812600,277.76001
2018-11-12,1542033000000,1542056400000,277.19000244140625,277.4599914550781,271.989990234375,272.57000732421875,99673600,272.570007
2018-11-13,1542119400000,1542142800000,273.0899963378906,275.3299865722656,271.25,272.05999755859375,98176600,272.059998
2018-11-14,1542205800000,1542229200000,274.1600036621094,274.6099853515625,268.45001220703125,270.20001220703125,125335900,270.200012
2018-11-15,1542292200000,1542315600000,268.7799987792969,273.5400085449219,267.010009765625,273.0199890136719,135101400,273.019989
2018-11-16,1542378600000,1542402000000,271.7900085449219,274.75,271.2099914550781,273.7300109863281,126668000,273.730011
2018-11-19,1542637800000,1542661200000,273.04998779296875,273.3800048828125,268.07000732421875,269.1000061035156,103061700,269.100006
2018-11-20,1542724200000,1542747600000,265.3599853515625,267.0,263.1499938964844,264.1199951171875,136021300,264.119995
2018-11-21,1542810600000,1542834000000,265.8599853515625,267.1499938964844,265.010009765625,265.0199890136719,75563700,265.019989
2018-11-23,1542983400000,1543006800000,263.17999267578125,264.82000732421875,263.07000732421875,263.25,42807900,263.25
2018-11-26,1543242600000,1543266000000,265.7799987792969,267.75,265.3399963378906,267.5,79981400,267.5
2018-11-27,1543329000000,1543352400000,266.3399963378906,268.3999938964844,265.6600036621094,268.3999938964844,75502400,268.399994
2018-11-28,1543415400000,1543438800000,269.6000061035156,274.5799865722656,268.3299865722656,274.5799865722656,127629600,274.579987
2018-11-29,1543501800000,1543525200000,273.7099914550781,275.54998779296875,272.42999267578125,273.9800109863281,82346400,273.980011
2018-11-30,1543588200000,1543611600000,273.80999755859375,276.2799987792969,273.45001220703125,275.6499938964844,98204200,275.649994
2018-12-03,1543847400000,1543870800000,280.2799987792969,280.3999938964844,277.510009765625,279.29998779296875,103176300,279.299988
2018-12-04,1543933800000,1543957200000,278.3699951171875,278.8500061035156,269.8999938964844,270.25,177986000,270.25
2018-12-06,1544106600000,1544130000000,265.9200134277344,269.9700012207031,262.44000244140625,269.8399963378906,204185400,269.839996
2018-12-07,1544193000000,1544216400000,269.4599914550781,271.2200012207031,262.6300048828125,263.57000732421875,161018900,263.570007
2018-12-10,1544452200000,1544475600000,263.3699951171875,265.1600036621094,258.6199951171875,264.07000732421875,151445900,264.070007
2018-12-11,1544538600000,1544562000000,267.6600036621094,267.8699951171875,262.4800109863281,264.1300048828125,121504400,264.130005
2018-12-12,1544625000000,1544648400000,267.4700012207031,269.0,265.3699951171875,265.4599914550781,97976700,265.459991
2018-12-13,1544711400000,1544734800000,266.5199890136719,267.489990234375,264.1199951171875,265.3699951171875,96662700,265.369995
2018-12-14,1544797800000,1544821200000,262.9599914550781,264.0299987792969,259.8500061035156,260.4700012207031,116961100,260.470001
2018-12-17,1545057000000,1545080400000,259.3999938964844,260.6499938964844,253.52999877929688,255.36000061035156,165492300,255.360001
2018-12-18,1545143400000,1545166800000,257.20001220703125,257.95001220703125,253.27999877929688,255.0800018310547,134515100,255.080002
2018-12-19,1545229800000,1545253200000,255.1699981689453,259.3999938964844,249.35000610351562,251.25999450683594,214992800,251.259995
2018-12-20,1545316200000,1545339600000,249.86000061035156,251.6199951171875,244.64999389648438,247.1699981689453,252053400,247.169998
2018-12-21,1545402600000,1545426000000,246.74000549316406,249.7100067138672,239.97999572753906,240.6999969482422,255345600,240.699997
2018-12-24,1545661800000,1545685200000,239.0399932861328,240.83999633789062,234.27000427246094,234.33999633789062,147311600,234.339996
2018-12-26,1545834600000,1545858000000,235.97000122070312,246.17999267578125,233.75999450683594,246.17999267578125,218485400,246.179993
2018-12-27,1545921000000,1545944400000,242.57000732421875,248.2899932861328,238.9600067138672,248.07000732421875,186267300,248.070007
2018-12-28,1546007400000,1546030800000,249.5800018310547,251.39999389648438,246.4499969482422,247.75,153100200,247.75
2018-12-31,1546266600000,1546290000000,249.55999755859375,250.19000244140625,247.47000122070312,249.9199981689453,144299400,249.919998
2019-01-02,1546439400000,1546462800000,245.97999572753906,251.2100067138672,245.9499969482422,250.17999267578125,126925200,250.179993
2019-01-03,1546525800000,1546549200000,248.22999572753906,248.57000732421875,243.6699981689453,244.2100067138672,144140700,244.210007
2019-01-04,1546612200000,1546635600000,247.58999633789062,253.11000061035156,247.1699981689453,252.38999938964844,142628800,252.389999
2019-01-07,1546871400000,1546894800000,252.69000244140625,255.9499969482422,251.69000244140625,254.3800048828125,103139100,254.380005
2019-01-08,1546957800000,1546981200000,256.82000732421875,257.30999755859375,254.0,256.7699890136719,102512600,256.769989
2019-01-09,1547044200000,1547067600000,257.55999755859375,258.9100036621094,256.19000244140625,257.9700012207031,95006600,257.970001
2019-01-10,1547130600000,1547154000000,256.260009765625,259.1600036621094,255.5,258.8800048828125,96823900,258.880005
2019-01-11,1547217000000,1547240400000,257.67999267578125,259.010009765625,257.0299987792969,258.9800109863281,73858100,258.980011
2019-01-14,1547476200000,1547499600000,256.8599853515625,258.29998779296875,256.4100036621094,257.3999938964844,70908200,257.399994
2019-01-15,1547562600000,1547586000000,257.82000732421875,260.70001220703125,257.80999755859375,260.3500061035156,85208300,260.350006
2019-01-16,1547649000000,1547672400000,260.8299865722656,261.9700012207031,260.6000061035156,260.9800109863281,77636700,260.980011
2019-01-17,1547735400000,1547758800000,260.010009765625,263.9200134277344,259.9599914550781,262.9599914550781,96118400,262.959991
2019-01-18,1547821800000,1547845200000,264.9800109863281,266.9800109863281,263.0,266.4599914550781,127900300,266.459991
2019-01-22,1548167400000,1548190800000,264.82000732421875,265.05999755859375,261.05999755859375,262.8599853515625,115531200,262.859985
2019-01-23,1548253800000,1548277200000,264.010009765625,264.7900085449219,260.6600036621094,263.4100036621094,86030300,263.410004
2019-01-24,1548340200000,1548363600000,263.2099914550781,264.20001220703125,262.0799865722656,263.54998779296875,59204100,263.549988
2019-01-25,1548426600000,1548450000000,265.6099853515625,266.70001220703125,263.6600036621094,265.7799987792969,96883400,265.779999
2019-01-28,1548685800000,1548709200000,263.3900146484375,263.8299865722656,261.7900085449219,263.760009765625,85613700,263.76001
2019-01-29,1548772200000,1548795600000,263.9200134277344,264.54998779296875,262.4800109863281,263.4100036621094,66136300,263.410004
2019-01-30,1548858600000,1548882000000,265.1000061035156,268.5199890136719,264.25,267.5799865722656,92473700,267.579987
2019-01-31,1548945000000,1548968400000,267.510009765625,270.4700012207031,267.2699890136719,269.92999267578125,104012100,269.929993
2019-02-01,1549031400000,1549054800000,270.1499938964844,271.20001220703125,269.17999267578125,270.05999755859375,85782500,270.059998
2019-02-04,1549290600000,1549314000000,270.1099853515625,272.0299987792969,269.3599853515625,271.9599914550781,60744800,271.959991
2019-02-05,1549377000000,1549400400000,272.44000244140625,273.44000244140625,271.8800048828125,273.1000061035156,79552800,273.100006
2019-02-06,1549463400000,1549486800000,272.7900085449219,273.3399963378906,271.9200134277344,272.739990234375,58347800,272.73999
2019-02-07,1549549800000,1549573200000,270.94000244140625,271.54998779296875,268.2900085449219,270.1400146484375,95482000,270.140015
2019-02-08,1549636200000,1549659600000,268.75,270.5799865722656,267.8299865722656,270.4700012207031,75788900,270.470001
2019-02-11,1549895400000,1549918800000,271.20001220703125,271.489990234375,270.0299987792969,270.6199951171875,68021400,270.619995
2019-02-12,1549981800000,1550005200000,272.4200134277344,274.5199890136719,272.3399963378906,274.1000061035156,72270200,274.100006
2019-02-13,1550068200000,1550091600000,275.0299987792969,275.92999267578125,274.55999755859375,274.989990234375,65277200,274.98999
2019-02-14,1550154600000,1550178000000,273.7799987792969,275.6400146484375,272.8699951171875,274.3800048828125,83234400,274.380005
2019-02-15,1550241000000,1550264400000,276.3599853515625,277.4100036621094,276.1300048828125,277.3699951171875,97088700,277.369995
2019-02-19,1550586600000,1550610000000,276.4800109863281,278.5799865722656,276.4700012207031,277.8500061035156,59120800,277.850006
2019-02-20,1550673000000,1550696400000,277.80999755859375,278.9200134277344,277.25,278.4100036621094,76610800,278.410004
2019-02-21,1550759400000,1550782800000,277.70001220703125,278.1000061035156,276.3500061035156,277.4200134277344,64214700,277.420013
2019-02-22,1550845800000,1550869200000,278.1099853515625,279.3599853515625,277.3999938964844,279.1400146484375,78114600,279.140015
2019-02-25,1551105000000,1551128400000,280.7300109863281,281.30999755859375,279.42999267578125,279.5199890136719,69030700,279.519989
2019-02-26,1551191400000,1551214800000,279.1300048828125,280.29998779296875,278.8999938964844,279.32000732421875,56844100,279.320007
2019-02-27,1551277800000,1551301200000,278.5199890136719,279.5899963378906,277.4800109863281,279.20001220703125,56921600,279.200012
2019-02-28,1551364200000,1551387600000,278.9599914550781,279.45001220703125,278.32000732421875,278.67999267578125,69268300,278.679993
2019-03-01,1551450600000,1551474000000,280.44000244140625,280.8800048828125,278.82000732421875,280.4200134277344,78880500,280.420013
2019-03-04,1551709800000,1551733200000,281.6000061035156,281.8699951171875,276.8399963378906,279.3999938964844,106494600,279.399994
2019-03-05,1551796200000,1551819600000,279.5400085449219,279.760009765625,278.4100036621094,279.0199890136719,59114600,279.019989
2019-03-06,1551882600000,1551906000000,279.1499938964844,279.1600036621094,276.9700012207031,277.3299865722656,75039800,277.329987
2019-03-07,1551969000000,1551992400000,276.8299865722656,276.989990234375,274.07000732421875,275.010009765625,94885100,275.01001
2019-03-08,1552055400000,1552078800000,272.94000244140625,274.6499938964844,272.4200134277344,274.4599914550781,85795800,274.459991
2019-03-11,1552311000000,1552334400000,275.260009765625,278.6199951171875,275.2300109863281,278.44000244140625,65098900,278.440002
2019-03-12,1552397400000,1552420800000,279.05999755859375,280.07000732421875,278.8500061035156,279.489990234375,79667500,279.48999
2019-03-13,1552483800000,1552507200000,280.4800109863281,282.3800048828125,280.29998779296875,281.3399963378906,80639200,281.339996
2019-03-14,1552570200000,1552593600000,281.3699951171875,281.8399963378906,280.6700134277344,281.1600036621094,67518400,281.160004
2019-03-15,1552656600000,1552680000000,280.5400085449219,282.2099914550781,280.3299865722656,281.30999755859375,81309000,281.309998
2019-03-18,1552915800000,1552939200000,281.54998779296875,282.6600036621094,281.29998779296875,282.3299865722656,62199800,282.329987
2019-03-19,1553002200000,1553025600000,283.510009765625,284.3599853515625,281.4100036621094,282.3999938964844,90268100,282.399994
2019-03-20,1553088600000,1553112000000,282.1600036621094,283.5,280.32000732421875,281.54998779296875,84609200,281.549988
2019-03-21,1553175000000,1553198400000,280.6400146484375,285.17999267578125,280.5899963378906,284.7300109863281,79550400,284.730011
2019-03-22,1553261400000,1553284800000,283.2200012207031,283.79998779296875,279.17999267578125,279.25,122659300,279.25
2019-03-25,1553520600000,1553544000000,278.8699951171875,280.19000244140625,277.6400146484375,279.0400085449219,85575200,279.040009
2019-03-26,1553607000000,1553630400000,280.989990234375,282.17999267578125,279.55999755859375,281.1199951171875,68125900,281.119995
2019-03-27,1553693400000,1553716800000,281.1099853515625,281.760009765625,277.92999267578125,279.6499938964844,72224700,279.649994
2019-03-28,1553779800000,1553803200000,280.3500061035156,281.2099914550781,279.07000732421875,280.7099914550781,56238500,280.709991
2019-03-29,1553866200000,1553889600000,282.3900146484375,282.8399963378906,281.1400146484375,282.4800109863281,82186800,282.480011
2019-04-01,1554125400000,1554148800000,284.70001220703125,286.1600036621094,284.3999938964844,285.8299865722656,77617900,285.829987
2019-04-02,1554211800000,1554235200000,286.0400085449219,286.2300109863281,285.0899963378906,285.9700012207031,40070400,285.970001
2019-04-03,1554298200000,1554321600000,287.32000732421875,287.760009765625,285.75,286.4200134277344,68243200,286.420013
2019-04-04,1554384600000,1554408000000,286.7799987792969,287.4599914550781,286.010009765625,287.17999267578125,48997500,287.179993
2019-04-05,1554471000000,1554494400000,287.9200134277344,288.6300048828125,287.6000061035156,288.57000732421875,58621700,288.570007
2019-04-08,1554730200000,1554753600000,288.1000061035156,288.9100036621094,287.3699951171875,288.7900085449219,53566300,288.790009
2019-04-09,1554816600000,1554840000000,287.7200012207031,288.0799865722656,286.70001220703125,287.30999755859375,66142300,287.309998
2019-04-10,1554903000000,1554926400000,287.7699890136719,288.3900146484375,287.30999755859375,288.2900085449219,52601500,288.290009
2019-04-11,1554989400000,1555012800000,288.8299865722656,288.8399963378906,287.5799865722656,288.2099914550781,55093100,288.209991
2019-04-12,1555075800000,1555099200000,290.0,290.4700012207031,288.260009765625,290.1600036621094,69727800,290.160004
2019-04-15,1555335000000,1555358400000,290.239990234375,290.3500061035156,289.0799865722656,289.9700012207031,49596700,289.970001
2019-04-16,1555421400000,1555444800000,290.95001220703125,291.010009765625,289.5,290.1600036621094,52153200,290.160004
2019-04-17,1555507800000,1555531200000,291.3999938964844,291.42999267578125,288.989990234375,289.45001220703125,58268300,289.450012
2019-04-18,1555594200000,1555617600000,290.1000061035156,290.32000732421875,288.6600036621094,290.0199890136719,68708500,290.019989
2019-04-22,1555939800000,1555963200000,289.1700134277344,290.44000244140625,289.07000732421875,290.2699890136719,40160100,290.269989
2019-04-23,1556026200000,1556049600000,290.67999267578125,293.1400146484375,290.4200134277344,292.8800048828125,52246600,292.880005
2019-04-24,1556112600000,1556136000000,292.7900085449219,293.1600036621094,292.07000732421875,292.2300109863281,50392900,292.230011
2019-04-25,1556199000000,1556222400000,292.1199951171875,292.7799987792969,290.7300109863281,292.04998779296875,57770900,292.049988
2019-04-26,1556285400000,1556308800000,292.1000061035156,293.489990234375,291.239990234375,293.4100036621094,50916400,293.410004
2019-04-29,1556544600000,1556568000000,293.510009765625,294.45001220703125,293.4100036621094,293.8699951171875,57197700,293.869995
2019-04-30,1556631000000,1556654400000,293.489990234375,294.3399963378906,291.9200134277344,294.0199890136719,81111700,294.019989
2019-05-01,1556717400000,1556740800000,294.7200012207031,294.95001220703125,291.79998779296875,291.80999755859375,71671900,291.809998
2019-05-02,1556803800000,1556827200000,291.67999267578125,292.70001220703125,289.5199890136719,291.17999267578125,65030200,291.179993
2019-05-03,1556890200000,1556913600000,292.82000732421875,294.3399963378906,291.29998779296875,294.0299987792969,56543700,294.029999
2019-05-06,1557149400000,1557172800000,289.25,293.30999755859375,288.8999938964844,292.82000732421875,107198100,292.820007
2019-05-07,1557235800000,1557259200000,290.1499938964844,290.80999755859375,285.80999755859375,287.92999267578125,144729900,287.929993
2019-05-08,1557322200000,1557345600000,287.5299987792969,289.42999267578125,286.8699951171875,287.5299987792969,91568300,287.529999
2019-05-09,1557408600000,1557432000000,285.2300109863281,287.3299865722656,283.29998779296875,286.6600036621094,103471100,286.660004
2019-05-10,1557495000000,1557518400000,285.6199951171875,288.94000244140625,282.29998779296875,288.1000061035156,112429300,288.100006
2019-05-13,1557754200000,1557777600000,282.4200134277344,283.489990234375,279.92999267578125,280.8599853515625,127290500,280.859985
2019-05-14,1557840600000,1557864000000,281.989990234375,285.1000061035156,281.8500061035156,283.3999938964844,77003200,283.399994
2019-05-15,1557927000000,1557950400000,281.5899963378906,285.7699890136719,281.3599853515625,285.05999755859375,73956400,285.059998
2019-05-16,1558013400000,1558036800000,285.8399963378906,289.2099914550781,285.760009765625,287.70001220703125,76749600,287.700012
2019-05-17,1558099800000,1558123200000,285.1400146484375,288.6000061035156,285.1199951171875,285.8399963378906,100353000,285.839996
2019-05-20,1558359000000,1558382400000,284.05999755859375,285.9599914550781,283.1199951171875,283.95001220703125,62877600,283.950012
2019-05-21,1558445400000,1558468800000,285.8299865722656,286.92999267578125,285.54998779296875,286.510009765625,46847100,286.51001
2019-05-22,1558531800000,1558555200000,285.45001220703125,286.69000244140625,285.1000061035156,285.6300048828125,49482500,285.630005
2019-05-23,1558618200000,1558641600000,283.1600036621094,283.2099914550781,280.57000732421875,282.1400146484375,98733800,282.140015
2019-05-24,1558704600000,1558728000000,283.739990234375,284.20001220703125,282.0899963378906,282.7799987792969,55268100,282.779999
2019-05-28,1559050200000,1559073600000,283.0899963378906,284.1499938964844,280.1300048828125,280.1499938964844,70029400,280.149994
2019-05-29,1559136600000,1559160000000,278.9100036621094,279.3599853515625,276.7099914550781,278.2699890136719,104972900,278.269989
2019-05-30,1559223000000,1559246400000,279.1099853515625,280.0400085449219,277.80999755859375,279.0299987792969,62523800,279.029999
2019-05-31,1559309400000,1559332800000,276.20001220703125,277.1199951171875,275.239990234375,275.2699890136719,86862800,275.269989
2019-06-03,1559568600000,1559592000000,275.30999755859375,276.54998779296875,273.0899963378906,274.57000732421875,96428000,274.570007
2019-06-04,1559655000000,1559678400000,277.1199951171875,280.67999267578125,276.6199951171875,280.5299987792969,77231900,280.529999
2019-06-05,1559741400000,1559764800000,282.3299865722656,282.989990234375,280.32000732421875,282.9599914550781,71169700,282.959991
2019-06-06,1559827800000,1559851200000,283.2900085449219,285.54998779296875,282.57000732421875,284.79998779296875,69430400,284.799988
2019-06-07,1559914200000,1559937600000,285.92999267578125,288.8500061035156,285.739990234375,287.6499938964844,74272200,287.649994
2019-06-10,1560173400000,1560196800000,289.3699951171875,290.82000732421875,288.8699951171875,288.9700012207031,60799100,288.970001
2019-06-11,1560259800000,1560283200000,290.989990234375,291.3999938964844,288.17999267578125,288.8999938964844,58641300,288.899994
2019-06-12,1560346200000,1560369600000,288.6400146484375,289.260009765625,287.82000732421875,288.3900146484375,47096300,288.390015
2019-06-13,1560432600000,1560456000000,289.3999938964844,289.9800109863281,288.6199951171875,289.5799865722656,48945200,289.579987
2019-06-14,1560519000000,1560542400000,289.260009765625,289.92999267578125,288.4100036621094,289.260009765625,52324700,289.26001
2019-06-17,1560778200000,1560801600000,289.5199890136719,290.2200012207031,289.17999267578125,289.3699951171875,39205700,289.369995
2019-06-18,1560864600000,1560888000000,291.3900146484375,293.57000732421875,290.989990234375,292.3999938964844,85434800,292.399994
2019-06-19,1560951000000,1560974400000,292.54998779296875,293.6499938964844,291.4700012207031,293.05999755859375,78674400,293.059998
2019-06-20,1561037400000,1561060800000,296.0400085449219,296.30999755859375,293.1300048828125,295.8599853515625,116570000,295.859985
2019-06-21,1561123800000,1561147200000,294.1300048828125,295.5199890136719,293.760009765625,294.0,83309500,294.0
2019-06-24,1561383000000,1561406400000,294.2300109863281,294.5799865722656,293.4700012207031,293.6400146484375,47582700,293.640015
2019-06-25,1561469400000,1561492800000,293.70001220703125,293.7300109863281,290.6400146484375,290.760009765625,82028700,290.76001
2019-06-26,1561555800000,1561579200000,291.75,292.30999755859375,290.3500061035156,290.4700012207031,51584900,290.470001
2019-06-27,1561642200000,1561665600000,291.30999755859375,292.05999755859375,290.8900146484375,291.5,40355200,291.5
2019-06-28,1561728600000,1561752000000,292.5799865722656,293.54998779296875,292.010009765625,293.0,59350900,293.0
2019-07-01,1561987800000,1562011200000,296.67999267578125,296.9200134277344,294.3299865722656,295.6600036621094,78705600,295.660004
2019-07-02,1562074200000,1562097600000,295.6099853515625,296.489990234375,294.67999267578125,296.42999267578125,61504500,296.429993
2019-07-03,1562160600000,1562184000000,297.17999267578125,298.82000732421875,297.0199890136719,298.79998779296875,40898900,298.799988
2019-07-05,1562333400000,1562356800000,297.44000244140625,298.6400146484375,296.010009765625,298.4599914550781,51677300,298.459991
2019-07-08,1562592600000,1562616000000,297.010009765625,298.260009765625,296.2200012207031,296.82000732421875,45841800,296.820007
2019-07-09,1562679000000,1562702400000,295.5400085449219,297.5199890136719,295.4800109863281,297.19000244140625,41101300,297.190002
2019-07-10,1562765400000,1562788800000,298.3699951171875,299.6600036621094,297.7799987792969,298.6099853515625,58448500,298.609985
2019-07-11,1562851800000,1562875200000,299.32000732421875,299.5799865722656,298.20001220703125,299.30999755859375,50826100,299.309998
2019-07-12,1562938200000,1562961600000,299.8500061035156,300.7300109863281,299.510009765625,300.6499938964844,40326000,300.649994
2019-07-15,1563197400000,1563220800000,301.1300048828125,301.1300048828125,300.19000244140625,300.75,33900000,300.75
2019-07-16,1563283800000,1563307200000,300.6499938964844,300.8800048828125,299.44000244140625,299.7799987792969,36650100,299.779999
2019-07-17,1563370200000,1563393600000,299.75,299.92999267578125,297.739990234375,297.739990234375,36036300,297.73999
2019-07-18,1563456600000,1563480000000,297.19000244140625,299.25,296.70001220703125,298.8299865722656,51392600,298.829987
2019-07-19,1563543000000,1563566400000,300.0400085449219,300.07000732421875,296.9800109863281,297.1700134277344,58678600,297.170013
2019-07-22,1563802200000,1563825600000,297.6099853515625,298.5,297.0400085449219,297.8999938964844,43638100,297.899994
2019-07-23,1563888600000,1563912000000,299.1400146484375,300.0299987792969,298.2200012207031,300.0299987792969,44564500,300.029999
2019-07-24,1563975000000,1563998400000,299.19000244140625,301.44000244140625,299.0899963378906,301.44000244140625,47213200,301.440002
2019-07-25,1564061400000,1564084800000,300.94000244140625,301.0,299.1099853515625,300.0,55394100,300.0
2019-07-26,1564147800000,1564171200000,300.760009765625,302.2300109863281,300.6199951171875,302.010009765625,45084100,302.01001
2019-07-29,1564407000000,1564430400000,301.8800048828125,302.010009765625,300.8500061035156,301.4599914550781,38126500,301.459991
2019-07-30,1564493400000,1564516800000,299.9100036621094,301.1700134277344,299.489990234375,300.7200012207031,45849000,300.720001
2019-07-31,1564579800000,1564603200000,300.989990234375,301.20001220703125,295.20001220703125,297.42999267578125,104245200,297.429993
2019-08-01,1564666200000,1564689600000,297.6000061035156,300.8699951171875,293.9599914550781,294.8399963378906,142646600,294.839996
2019-08-02,1564752600000,1564776000000,293.8500061035156,294.1199951171875,290.8999938964844,292.6199951171875,116749700,292.619995
2019-08-05,1565011800000,1565035200000,288.0899963378906,288.2099914550781,281.7200012207031,283.82000732421875,178745400,283.820007
2019-08-06,1565098200000,1565121600000,285.9100036621094,288.0400085449219,284.2799987792969,287.79998779296875,120711700,287.799988
2019-08-07,1565184600000,1565208000000,284.3999938964844,288.82000732421875,282.0400085449219,287.9700012207031,140572300,287.970001
2019-08-08,1565271000000,1565294400000,289.6199951171875,293.6199951171875,289.010009765625,293.6199951171875,87713900,293.619995
2019-08-09,1565357400000,1565380800000,292.5799865722656,293.239990234375,289.6499938964844,291.6199951171875,93730000,291.619995
2019-08-12,1565616600000,1565640000000,289.9599914550781,291.6099853515625,287.0199890136719,288.07000732421875,65527600,288.070007
2019-08-13,1565703000000,1565726400000,287.739990234375,294.1499938964844,287.3599853515625,292.54998779296875,94299800,292.549988
2019-08-14,1565789400000,1565812800000,288.07000732421875,288.739990234375,283.760009765625,283.8999938964844,135622100,283.899994
2019-08-15,1565875800000,1565899200000,284.8800048828125,285.6400146484375,282.3900146484375,284.6499938964844,99556600,284.649994
2019-08-16,1565962200000,1565985600000,286.4800109863281,289.3299865722656,284.7099914550781,288.8500061035156,83018300,288.850006
2019-08-19,1566221400000,1566244800000,292.19000244140625,293.0799865722656,291.44000244140625,292.3299865722656,53571800,292.329987
2019-08-20,1566307800000,1566331200000,291.7699890136719,292.3599853515625,289.95001220703125,290.0899963378906,51596400,290.089996
2019-08-21,1566394200000,1566417600000,292.4800109863281,292.8599853515625,291.7200012207031,292.45001220703125,49524700,292.450012
2019-08-22,1566480600000,1566504000000,293.2300109863281,293.92999267578125,290.3999938964844,292.3599853515625,51666400,292.359985
2019-08-23,1566567000000,1566590400000,290.9200134277344,292.760009765625,283.4700012207031,284.8500061035156,149161500,284.850006
2019-08-26,1566826200000,1566849600000,287.2699890136719,288.0,285.5799865722656,288.0,72423800,288.0
2019-08-27,1566912600000,1566936000000,289.5400085449219,289.95001220703125,286.0299987792969,286.8699951171875,66668900,286.869995
2019-08-28,1566999000000,1567022400000,286.1400146484375,289.07000732421875,285.25,288.8900146484375,59696700,288.890015
2019-08-29,1567085400000,1567108800000,291.7200012207031,293.1600036621094,290.6099853515625,292.5799865722656,57899400,292.579987
2019-08-30,1567171800000,1567195200000,294.2200012207031,294.239990234375,291.4200134277344,292.45001220703125,62901200,292.450012
2019-09-03,1567517400000,1567540800000,290.57000732421875,291.5799865722656,289.2699890136719,290.739990234375,69101400,290.73999
2019-09-04,1567603800000,1567627200000,293.1400146484375,294.05999755859375,292.30999755859375,294.0400085449219,46887300,294.040009
2019-09-05,1567690200000,1567713600000,296.7900085449219,298.8299865722656,294.0,297.82000732421875,83258100,297.820007
2019-09-06,1567776600000,1567800000000,298.1700134277344,298.760009765625,297.4200134277344,298.04998779296875,49584300,298.049988
2019-09-09,1568035800000,1568059200000,299.1400146484375,299.239990234375,297.1600036621094,298.20001220703125,51260300,298.200012
2019-09-10,1568122200000,1568145600000,297.3599853515625,298.20001220703125,295.9700012207031,298.1300048828125,57947100,298.130005
2019-09-11,1568208600000,1568232000000,298.4700012207031,300.3399963378906,297.75,300.25,68821100,300.25
2019-09-12,1568295000000,1568318400000,301.25,302.4599914550781,300.4100036621094,301.2900085449219,72908700,301.290009
2019-09-13,1568381400000,1568404800000,301.7799987792969,302.1700134277344,300.67999267578125,301.0899963378906,62104800,301.089996
2019-09-16,1568640600000,1568664000000,299.8399963378906,301.1400146484375,299.45001220703125,300.1600036621094,58191200,300.160004
2019-09-17,1568727000000,1568750400000,299.94000244140625,301.0199890136719,299.75,300.9200134277344,41475500,300.920013
2019-09-18,1568813400000,1568836800000,300.489990234375,301.2200012207031,298.239990234375,301.1000061035156,73375800,301.100006
2019-09-19,1568899800000,1568923200000,301.5299987792969,302.6300048828125,300.7099914550781,301.0799865722656,76560500,301.079987
2019-09-20,1568986200000,1569009600000,300.3599853515625,300.6700134277344,297.4100036621094,298.2799987792969,89565000,298.279999
2019-09-23,1569245400000,1569268800000,297.54998779296875,299.0,297.2699890136719,298.2099914550781,43476800,298.209991
2019-09-24,1569331800000,1569355200000,299.4100036621094,299.8399963378906,294.80999755859375,295.8699951171875,94869400,295.869995
2019-09-25,1569418200000,1569441600000,295.9599914550781,298.1099853515625,294.3299865722656,297.6199951171875,71854000,297.619995
2019-09-26,1569504600000,1569528000000,297.6300048828125,297.8599853515625,295.45001220703125,297.0,56179700,297.0
2019-09-27,1569591000000,1569614400000,297.8299865722656,297.95001220703125,293.69000244140625,295.3999938964844,84746600,295.399994
2019-09-30,1569850200000,1569873600000,295.9700012207031,297.54998779296875,295.9200134277344,296.7699890136719,51662400,296.769989
2019-10-01,1569936600000,1569960000000,297.739990234375,298.4599914550781,293.0,293.239990234375,88242400,293.23999
2019-10-02,1570023000000,1570046400000,291.5,291.510009765625,286.6400146484375,288.05999755859375,122539500,288.059998
2019-10-03,1570109400000,1570132800000,287.80999755859375,290.45001220703125,284.82000732421875,290.4200134277344,85278800,290.420013
2019-10-04,1570195800000,1570219200000,291.1400146484375,294.6300048828125,291.0799865722656,294.3500061035156,65091200,294.350006
2019-10-07,1570455000000,1570478400000,293.4700012207031,295.260009765625,292.7699890136719,293.0799865722656,59610500,293.079987
2019-10-08,1570541400000,1570564800000,291.0400085449219,291.8500061035156,288.489990234375,288.5299987792969,95708100,288.529999
2019-10-09,1570627800000,1570651200000,290.75,292.29998779296875,290.05999755859375,291.2699890136719,62359400,291.269989
2019-10-10,1570714200000,1570737600000,291.17999267578125,294.2099914550781,291.0,293.239990234375,55296300,293.23999
2019-10-11,1570800600000,1570824000000,296.2699890136719,298.739990234375,296.1400146484375,296.2799987792969,98720400,296.279999
2019-10-14,1571059800000,1571083200000,295.92999267578125,296.6700134277344,295.57000732421875,295.95001220703125,40394800,295.950012
2019-10-15,1571146200000,1571169600000,297.1000061035156,299.70001220703125,296.9700012207031,298.8800048828125,46754500,298.880005
2019-10-16,1571232600000,1571256000000,298.3699951171875,299.1600036621094,297.9200134277344,298.3999938964844,48928200,298.399994
2019-10-17,1571319000000,1571342400000,299.67999267578125,300.239990234375,298.5199890136719,299.2799987792969,45736600,299.279999
2019-10-18,1571405400000,1571428800000,298.69000244140625,299.3999938964844,297.0299987792969,297.9700012207031,64304000,297.970001
2019-10-21,1571664600000,1571688000000,299.4200134277344,300.2099914550781,298.94000244140625,299.989990234375,39048600,299.98999
2019-10-22,1571751000000,1571774400000,300.5799865722656,300.8999938964844,298.9100036621094,299.010009765625,48594700,299.01001
2019-10-23,1571837400000,1571860800000,298.7300109863281,299.94000244140625,298.5,299.8800048828125,34352200,299.880005
2019-10-24,1571923800000,1571947200000,300.9100036621094,301.07000732421875,299.4599914550781,300.3699951171875,35453100,300.369995
2019-10-25,1572010200000,1572033600000,299.739990234375,302.20001220703125,299.67999267578125,301.6000061035156,45205400,301.600006
2019-10-28,1572269400000,1572292800000,302.94000244140625,303.8500061035156,302.9100036621094,303.29998779296875,42147000,303.299988
2019-10-29,1572355800000,1572379200000,303.0,304.2300109863281,302.8599853515625,303.2099914550781,44284900,303.209991
2019-10-30,1572442200000,1572465600000,303.42999267578125,304.54998779296875,301.989990234375,304.1400146484375,49643900,304.140015
2019-10-31,1572528600000,1572552000000,304.1300048828125,304.1300048828125,301.7300109863281,303.3299865722656,69053800,303.329987
2019-11-01,1572615000000,1572638400000,304.9200134277344,306.19000244140625,304.739990234375,306.1400146484375,71141500,306.140015
2019-11-04,1572877800000,1572901200000,307.8500061035156,308.0,306.9599914550781,307.3699951171875,60606900,307.369995
2019-11-05,1572964200000,1572987600000,307.5899963378906,307.9200134277344,306.7099914550781,307.0299987792969,42933200,307.029999
2019-11-06,1573050600000,1573074000000,307.0299987792969,307.3999938964844,306.05999755859375,307.1000061035156,46487100,307.100006
2019-11-07,1573137000000,1573160400000,308.57000732421875,309.6499938964844,307.6600036621094,308.17999267578125,54272300,308.179993
2019-11-08,1573223400000,1573246800000,307.79998779296875,309.0,307.0299987792969,308.94000244140625,49032100,308.940002
2019-11-11,1573482600000,1573506000000,307.4200134277344,308.5400085449219,307.2699890136719,308.3500061035156,35797300,308.350006
2019-11-12,1573569000000,1573592400000,308.75,309.989990234375,308.1499938964844,309.0,46484600,309.0
2019-11-13,1573655400000,1573678800000,307.9100036621094,309.5400085449219,307.6600036621094,309.1000061035156,53917700,309.100006
2019-11-14,1573741800000,1573765200000,308.7900085449219,309.6400146484375,308.0899963378906,309.54998779296875,51219900,309.549988
2019-11-15,1573828200000,1573851600000,311.0199890136719,311.8399963378906,310.260009765625,311.7900085449219,62023600,311.790009
2019-11-18,1574087400000,1574110800000,311.5299987792969,312.2799987792969,311.0299987792969,312.0199890136719,49228000,312.019989
2019-11-19,1574173800000,1574197200000,312.67999267578125,312.69000244140625,311.2200012207031,311.92999267578125,67804700,311.929993
2019-11-20,1574260200000,1574283600000,311.2799987792969,311.8500061035156,309.05999755859375,310.7699890136719,79406200,310.769989
2019-11-21,1574346600000,1574370000000,310.8900146484375,311.010009765625,309.3900146484375,310.2699890136719,54664700,310.269989
2019-11-22,1574433000000,1574456400000,311.0899963378906,311.239990234375,309.8500061035156,310.9599914550781,44850200,310.959991
2019-11-25,1574692200000,1574715600000,311.9800109863281,313.3699951171875,311.9800109863281,313.3699951171875,48647200,313.369995
2019-11-26,1574778600000,1574802000000,313.4100036621094,314.2799987792969,313.05999755859375,314.0799865722656,37569000,314.079987
2019-11-27,1574865000000,1574888400000,314.6099853515625,315.4800109863281,314.3699951171875,315.4800109863281,44444600,315.480011
2019-11-29,1575037800000,1575061200000,314.8599853515625,315.1300048828125,314.05999755859375,314.30999755859375,36592700,314.309998
2019-12-02,1575297000000,1575320400000,314.5899963378906,314.6600036621094,311.1700134277344,311.6400146484375,75767800,311.640015
2019-12-03,1575383400000,1575406800000,308.6499938964844,309.6400146484375,307.1300048828125,309.54998779296875,73941700,309.549988
2019-12-04,1575469800000,1575493200000,310.70001220703125,312.1199951171875,310.32000732421875,311.4599914550781,49080000,311.459991
2019-12-05,1575556200000,1575579600000,312.2300109863281,312.25,310.5799865722656,312.0199890136719,40709000,312.019989
2019-12-06,1575642600000,1575666000000,314.1199951171875,315.30999755859375,314.1099853515625,314.8699951171875,48927000,314.869995
2019-12-09,1575901800000,1575925200000,314.44000244140625,315.17999267578125,313.79998779296875,313.8800048828125,34838500,313.880005
2019-12-10,1575988200000,1576011600000,313.82000732421875,314.54998779296875,312.80999755859375,313.5299987792969,52649800,313.529999
2019-12-11,1576074600000,1576098000000,314.0299987792969,314.70001220703125,313.44000244140625,314.4200134277344,53429100,314.420013
2019-12-12,1576161000000,1576184400000,314.42999267578125,317.989990234375,314.1700134277344,317.1300048828125,96389600,317.130005
2019-12-13,1576247400000,1576270800000,316.8699951171875,318.6700134277344,316.0199890136719,317.32000732421875,81503900,317.320007
2019-12-16,1576506600000,1576530000000,319.2200012207031,320.1499938964844,317.25,319.5,82749700,319.5
2019-12-17,1576593000000,1576616400000,319.9200134277344,320.25,319.4800109863281,319.57000732421875,61097700,319.570007
2019-12-18,1576679400000,1576702800000,320.0,320.25,319.5299987792969,319.5899963378906,48133000,319.589996
2019-12-19,1576765800000,1576789200000,319.79998779296875,320.9800109863281,319.5199890136719,320.8999938964844,85310500,320.899994
2019-12-20,1576852200000,1576875600000,320.4599914550781,321.9700012207031,319.3900146484375,320.7300109863281,147142100,320.730011
2019-12-23,1577111400000,1577134800000,321.5899963378906,321.6499938964844,321.05999755859375,321.2200012207031,52990000,321.220001
2019-12-24,1577197800000,1577221200000,321.4700012207031,321.5199890136719,320.8999938964844,321.2300109863281,20270000,321.230011
2019-12-26,1577370600000,1577394000000,321.6499938964844,322.95001220703125,321.6400146484375,322.94000244140625,30911200,322.940002
2019-12-27,1577457000000,1577480400000,323.739990234375,323.79998779296875,322.2799987792969,322.8599853515625,42528800,322.859985
2019-12-30,1577716200000,1577739600000,322.95001220703125,323.1000061035156,320.54998779296875,321.0799865722656,49729100,321.079987
2019-12-31,1577802600000,1577826000000,320.5299987792969,322.1300048828125,320.1499938964844,321.8599853515625,57077300,321.859985
2020-01-02,1577975400000,1577998800000,323.5400085449219,324.8900146484375,322.5299987792969,324.8699951171875,59151200,324.869995
2020-01-03,1578061800000,1578085200000,321.1600036621094,323.6400146484375,321.1000061035156,322.4100036621094,77709700,322.410004
2020-01-06,1578321000000,1578344400000,320.489990234375,323.7300109863281,320.3599853515625,323.6400146484375,55653900,323.640015
2020-01-07,1578407400000,1578430800000,323.0199890136719,323.5400085449219,322.239990234375,322.7300109863281,40496400,322.730011
2020-01-08,1578493800000,1578517200000,322.94000244140625,325.7799987792969,322.6700134277344,324.45001220703125,68296000,324.450012
2020-01-09,1578580200000,1578603600000,326.1600036621094,326.7300109863281,325.5199890136719,326.6499938964844,48473300,326.649994
2020-01-10,1578666600000,1578690000000,327.2900085449219,327.4599914550781,325.20001220703125,325.7099914550781,53029300,325.709991
2020-01-13,1578925800000,1578949200000,326.3900146484375,327.9599914550781,325.9200134277344,327.95001220703125,47086800,327.950012
2020-01-14,1579012200000,1579035600000,327.4700012207031,328.6199951171875,326.8399963378906,327.45001220703125,62832800,327.450012
2020-01-15,1579098600000,1579122000000,327.3500061035156,329.0199890136719,327.260009765625,328.19000244140625,72056600,328.190002
2020-01-16,1579185000000,1579208400000,329.70001220703125,330.9200134277344,329.45001220703125,330.9200134277344,54050300,330.920013
2020-01-17,1579271400000,1579294800000,331.70001220703125,332.17999267578125,330.8500061035156,331.95001220703125,95846000,331.950012
2020-01-21,1579617000000,1579640400000,330.8999938964844,332.17999267578125,330.82000732421875,331.29998779296875,77742400,331.299988
2020-01-22,1579703400000,1579726800000,332.239990234375,332.95001220703125,331.1700134277344,331.3399963378906,48914900,331.339996
2020-01-23,1579789800000,1579813200000,330.6300048828125,332.1700134277344,329.4100036621094,331.7200012207031,51963000,331.720001
2020-01-24,1579876200000,1579899600000,332.44000244140625,332.5299987792969,327.3599853515625,328.7699890136719,87578400,328.769989
2020-01-27,1580135400000,1580158800000,323.0299987792969,325.1199951171875,322.6600036621094,323.5,84062500,323.5
2020-01-28,1580221800000,1580245200000,325.05999755859375,327.8500061035156,323.6000061035156,326.8900146484375,63834000,326.890015
2020-01-29,1580308200000,1580331600000,328.3800048828125,328.6300048828125,326.3999938964844,326.6199951171875,53888900,326.619995
2020-01-30,1580394600000,1580418000000,324.3599853515625,327.9100036621094,323.5400085449219,327.67999267578125,75491800,327.679993
2020-01-31,1580481000000,1580504400000,327.0,327.1700134277344,320.7300109863281,321.7300109863281,113845600,321.730011
2020-02-03,1580740200000,1580763600000,323.3500061035156,326.1600036621094,323.2200012207031,324.1199951171875,69083000,324.119995
2020-02-04,1580826600000,1580850000000,328.07000732421875,330.010009765625,327.7200012207031,329.05999755859375,62573200,329.059998
2020-02-05,1580913000000,1580936400000,332.2699890136719,333.0899963378906,330.6700134277344,332.8599853515625,65951100,332.859985
2020-02-06,1580999400000,1581022800000,333.9100036621094,334.19000244140625,332.79998779296875,333.9800109863281,50359700,333.980011
2020-02-07,1581085800000,1581109200000,332.82000732421875,333.989990234375,331.6000061035156,332.20001220703125,64139400,332.200012
2020-02-10,1581345000000,1581368400000,331.2300109863281,334.75,331.19000244140625,334.67999267578125,42070000,334.679993
2020-02-11,1581431400000,1581454800000,336.1600036621094,337.0199890136719,334.67999267578125,335.260009765625,54864500,335.26001
2020-02-12,1581517800000,1581541200000,336.8299865722656,337.6499938964844,336.42999267578125,337.4200134277344,43992700,337.420013
2020-02-13,1581604200000,1581627600000,335.8599853515625,338.1199951171875,335.55999755859375,337.05999755859375,54501900,337.059998
2020-02-14,1581690600000,1581714000000,337.510009765625,337.7300109863281,336.20001220703125,337.6000061035156,64582200,337.600006
2020-02-18,1582036200000,1582059600000,336.510009765625,337.6700134277344,335.2099914550781,336.7300109863281,57226200,336.730011
2020-02-19,1582122600000,1582146000000,337.7900085449219,339.0799865722656,337.4800109863281,338.3399963378906,48814700,338.339996
2020-02-20,1582209000000,1582232400000,337.739990234375,338.6400146484375,333.67999267578125,336.95001220703125,74163400,336.950012
2020-02-21,1582295400000,1582318800000,335.4700012207031,335.80999755859375,332.5799865722656,333.4800109863281,113788200,333.480011
2020-02-24,1582554600000,1582578000000,323.1400146484375,333.55999755859375,321.239990234375,322.4200134277344,161088400,322.420013
2020-02-25,1582641000000,1582664400000,323.94000244140625,324.6099853515625,311.69000244140625,312.6499938964844,218913200,312.649994
2020-02-26,1582727400000,1582750800000,314.17999267578125,318.1099853515625,310.70001220703125,311.5,194773800,311.5
2020-02-27,1582813800000,1582837200000,305.4599914550781,311.55999755859375,297.510009765625,297.510009765625,284353500,297.51001
2020-02-28,1582900200000,1582923600000,288.70001220703125,297.8900146484375,285.5400085449219,296.260009765625,384975800,296.26001
2020-03-02,1583159400000,1583182800000,298.2099914550781,309.1600036621094,294.4599914550781,309.0899963378906,238703600,309.089996
2020-03-03,1583245800000,1583269200000,309.5,313.8399963378906,297.57000732421875,300.239990234375,300139100,300.23999
2020-03-04,1583332200000,1583355600000,306.1199951171875,313.1000061035156,303.3299865722656,312.8599853515625,176613400,312.859985
2020-03-05,1583418600000,1583442000000,304.9800109863281,308.4700012207031,300.010009765625,302.4599914550781,186366800,302.459991
2020-03-06,1583505000000,1583528400000,293.1499938964844,298.7799987792969,290.2300109863281,297.4599914550781,228667200,297.459991
2020-03-09,1583760600000,1583784000000,275.29998779296875,284.19000244140625,273.45001220703125,274.2300109863281,309417300,274.230011
2020-03-10,1583847000000,1583870400000,284.6400146484375,288.5199890136719,273.5,288.4200134277344,276444100,288.420013
2020-03-11,1583933400000,1583956800000,280.70001220703125,281.94000244140625,270.8800048828125,274.3599853515625,255316300,274.359985
2020-03-12,1584019800000,1584043200000,256.0,266.6600036621094,247.67999267578125,248.11000061035156,392220700,248.110001
2020-03-13,1584106200000,1584129600000,263.0899963378906,271.4800109863281,248.52000427246094,269.32000732421875,329566100,269.320007
2020-03-16,1584365400000,1584388800000,241.17999267578125,256.8999938964844,237.36000061035156,239.85000610351562,297240000,239.850006
2020-03-17,1584451800000,1584475200000,245.0399932861328,256.1700134277344,237.07000732421875,252.8000030517578,262070500,252.800003
2020-03-18,1584538200000,1584561600000,236.25,248.3699951171875,228.02000427246094,240.0,327597100,240.0
2020-03-19,1584624600000,1584648000000,239.25,247.3800048828125,232.22000122070312,240.50999450683594,289322000,240.509995
2020-03-20,1584711000000,1584734400000,242.52999877929688,244.47000122070312,228.5,228.8000030517578,347158800,228.800003
2020-03-23,1584970200000,1584993600000,228.19000244140625,229.67999267578125,218.25999450683594,222.9499969482422,326025200,222.949997
2020-03-24,1585056600000,1585080000000,234.4199981689453,244.10000610351562,233.8000030517578,243.14999389648438,235494500,243.149994
2020-03-25,1585143000000,1585166400000,244.8699951171875,256.3500061035156,239.75,246.7899932861328,299430300,246.789993
2020-03-26,1585229400000,1585252800000,249.52000427246094,262.79998779296875,249.0500030517578,261.20001220703125,257632800,261.200012
2020-03-27,1585315800000,1585339200000,253.27000427246094,260.80999755859375,251.0500030517578,253.4199981689453,224341200,253.419998
2020-03-30,1585575000000,1585598400000,255.6999969482422,262.42999267578125,253.52999877929688,261.6499938964844,171369500,261.649994
2020-03-31,1585661400000,1585684800000,260.55999755859375,263.3299865722656,256.2200012207031,257.75,194881100,257.75
2020-04-01,1585747800000,1585771200000,247.97999572753906,257.6600036621094,243.89999389648438,246.14999389648438,189554600,246.149994
2020-04-02,1585834200000,1585857600000,245.19000244140625,252.67999267578125,244.58999633789062,251.8300018310547,177660400,251.830002
2020-04-03,1585920600000,1585944000000,250.75999450683594,253.32000732421875,245.22000122070312,248.19000244140625,135561200,248.190002
2020-04-06,1586179800000,1586203200000,257.8399963378906,267.0,248.1699981689453,264.8599853515625,188061200,264.859985
2020-04-07,1586266200000,1586289600000,274.2099914550781,275.0299987792969,264.8900146484375,265.1300048828125,201427200,265.130005
2020-04-08,1586352600000,1586376000000,267.9599914550781,276.0,265.25,274.0299987792969,153774500,274.029999
2020-04-09,1586439000000,1586462400000,277.5799865722656,281.20001220703125,275.4700012207031,278.20001220703125,189999200,278.200012
2020-04-13,1586784600000,1586808000000,277.1400146484375,277.510009765625,271.4100036621094,275.6600036621094,114839100,275.660004
2020-04-14,1586871000000,1586894400000,280.9800109863281,284.8999938964844,275.510009765625,283.7900085449219,134143400,283.790009
2020-04-15,1586957400000,1586980800000,277.57000732421875,283.94000244140625,275.4599914550781,277.760009765625,121775000,277.76001
2020-04-16,1587043800000,1587067200000,279.1499938964844,280.0299987792969,275.760009765625,279.1000061035156,131798300,279.100006
2020-04-17,1587130200000,1587153600000,285.3800048828125,287.29998779296875,282.3999938964844,286.6400146484375,146684800,286.640015
2020-04-20,1587389400000,1587412800000,282.6099853515625,286.7900085449219,281.3500061035156,281.5899963378906,100109300,281.589996
2020-04-21,1587475800000,1587499200000,276.7300109863281,278.0400085449219,272.0199890136719,273.0400085449219,126385700,273.040009
2020-04-22,1587562200000,1587585600000,278.3500061035156,281.0,276.9100036621094,279.1000061035156,92951600,279.100006
2020-04-23,1587648600000,1587672000000,280.489990234375,283.94000244140625,278.75,279.0799865722656,104709700,279.079987
2020-04-24,1587735000000,1587758400000,280.7300109863281,283.70001220703125,278.5,282.9700012207031,85063200,282.970001
2020-04-27,1587994200000,1588017600000,285.1199951171875,288.2699890136719,284.6199951171875,287.04998779296875,77896600,287.049988
2020-04-28,1588080600000,1588104000000,291.0199890136719,291.3999938964844,285.3999938964844,285.7300109863281,105270000,285.730011
2020-04-29,1588167000000,1588190400000,291.5299987792969,294.8800048828125,290.4100036621094,293.2099914550781,118745600,293.209991
2020-04-30,1588253400000,1588276800000,291.7099914550781,293.32000732421875,288.5899963378906,290.4800109863281,122901700,290.480011
2020-05-01,1588339800000,1588363200000,285.30999755859375,290.6600036621094,281.5199890136719,282.7900085449219,125180000,282.790009
2020-05-04,1588599000000,1588622400000,280.739990234375,283.8999938964844,279.1300048828125,283.57000732421875,80873200,283.570007
2020-05-05,1588685400000,1588708800000,286.6400146484375,289.25,283.7099914550781,286.19000244140625,79569900,286.190002
2020-05-06,1588771800000,1588795200000,288.0400085449219,288.4599914550781,283.7799987792969,284.25,73632600,284.25
2020-05-07,1588858200000,1588881600000,287.75,289.7799987792969,287.1300048828125,287.67999267578125,75250400,287.679993
2020-05-08,1588944600000,1588968000000,291.0899963378906,292.95001220703125,289.8599853515625,292.44000244140625,76452400,292.440002
2020-05-11,1589203800000,1589227200000,290.3399963378906,294.0,289.8800048828125,292.5,79514200,292.5
2020-05-12,1589290200000,1589313600000,293.7900085449219,294.239990234375,286.5199890136719,286.6700134277344,95870800,286.670013
2020-05-13,1589376600000,1589400000000,286.05999755859375,287.19000244140625,278.9599914550781,281.6000061035156,144721100,281.600006
2020-05-14,1589463000000,1589486400000,278.95001220703125,285.1099853515625,272.989990234375,284.9700012207031,121977900,284.970001
2020-05-15,1589549400000,1589572800000,282.3699951171875,286.3299865722656,281.3399963378906,286.2799987792969,111146300,286.279999
2020-05-18,1589808600000,1589832000000,293.04998779296875,296.75,292.70001220703125,295.0,119703800,295.0
2020-05-19,1589895000000,1589918400000,294.3500061035156,296.2099914550781,291.95001220703125,291.9700012207031,95189300,291.970001
2020-05-20,1589981400000,1590004800000,295.82000732421875,297.8699951171875,295.57000732421875,296.92999267578125,85861700,296.929993
2020-05-21,1590067800000,1590091200000,296.7900085449219,297.6700134277344,293.69000244140625,294.8800048828125,78293900,294.880005
2020-05-22,1590154200000,1590177600000,294.57000732421875,295.6300048828125,293.2200012207031,295.44000244140625,63958200,295.440002
2020-05-26,1590499800000,1590523200000,301.92999267578125,302.19000244140625,295.4599914550781,299.0799865722656,88951400,299.079987
2020-05-27,1590586200000,1590609600000,302.1199951171875,303.57000732421875,296.8699951171875,303.5299987792969,104817400,303.529999
2020-05-28,1590672600000,1590696000000,304.6499938964844,306.8399963378906,302.239990234375,302.9700012207031,90405200,302.970001
2020-05-29,1590759000000,1590782400000,302.4599914550781,304.9599914550781,299.4700012207031,304.32000732421875,119090800,304.320007
2020-06-01,1591018200000,1591041600000,303.6199951171875,306.2099914550781,303.05999755859375,305.54998779296875,55758300,305.549988
2020-06-02,1591104600000,1591128000000,306.54998779296875,308.1300048828125,305.1000061035156,308.0799865722656,74267200,308.079987
2020-06-03,1591191000000,1591214400000,310.239990234375,313.2200012207031,309.94000244140625,312.17999267578125,92567600,312.179993
2020-06-04,1591277400000,1591300800000,311.1099853515625,313.0,309.0799865722656,311.3599853515625,75794400,311.359985
2020-06-05,1591363800000,1591387200000,317.2300109863281,321.2699890136719,317.1600036621094,319.3399963378906,150524700,319.339996
2020-06-08,1591623000000,1591646400000,320.2200012207031,323.4100036621094,319.6300048828125,323.20001220703125,73641200,323.200012
2020-06-09,1591709400000,1591732800000,320.29998779296875,323.2799987792969,319.3599853515625,320.7900085449219,77479200,320.790009
2020-06-10,1591795800000,1591819200000,321.4200134277344,322.3900146484375,318.2200012207031,319.0,95000800,319.0
2020-06-11,1591882200000,1591905600000,311.4599914550781,312.1499938964844,300.010009765625,300.6099853515625,209243600,300.609985
2020-06-12,1591968600000,1591992000000,308.239990234375,309.0799865722656,298.6000061035156,304.2099914550781,194678900,304.209991
2020-06-15,1592227800000,1592251200000,298.0199890136719,308.2799987792969,296.739990234375,307.04998779296875,135782700,307.049988
2020-06-16,1592314200000,1592337600000,315.4800109863281,315.6400146484375,307.6700134277344,312.9599914550781,137627500,312.959991
2020-06-17,1592400600000,1592424000000,314.07000732421875,314.3900146484375,310.8599853515625,311.6600036621094,83398900,311.660004
2020-06-18,1592487000000,1592510400000,310.010009765625,312.29998779296875,309.510009765625,311.7799987792969,80828700,311.779999
2020-06-19,1592573400000,1592596800000,314.1700134277344,314.3800048828125,306.5299987792969,308.6400146484375,135549600,308.640015
2020-06-22,1592832600000,1592856000000,307.989990234375,311.04998779296875,306.75,310.6199951171875,74649400,310.619995
2020-06-23,1592919000000,1592942400000,313.489990234375,314.5,311.6099853515625,312.04998779296875,68471200,312.049988
2020-06-24,1593005400000,1593028800000,309.8399963378906,310.510009765625,302.1000061035156,304.0899963378906,132813500,304.089996
2020-06-25,1593091800000,1593115200000,303.4700012207031,307.6400146484375,301.2799987792969,307.3500061035156,89468000,307.350006
2020-06-26,1593178200000,1593201600000,306.1600036621094,306.3900146484375,299.4200134277344,300.04998779296875,127961000,300.049988
2020-06-29,1593437400000,1593460800000,301.4100036621094,304.6099853515625,298.92999267578125,304.4599914550781,79773300,304.459991
2020-06-30,1593523800000,1593547200000,303.989990234375,310.20001220703125,303.82000732421875,308.3599853515625,113394800,308.359985
2020-07-01,1593610200000,1593633600000,309.57000732421875,311.8900146484375,309.07000732421875,310.5199890136719,72396500,310.519989
2020-07-02,1593696600000,1593720000000,314.239990234375,315.70001220703125,311.510009765625,312.2300109863281,69344200,312.230011
2020-07-06,1594042200000,1594065600000,316.3699951171875,317.67999267578125,315.55999755859375,317.04998779296875,61713800,317.049988
2020-07-07,1594128600000,1594152000000,315.3800048828125,317.5199890136719,313.3699951171875,313.7799987792969,82910000,313.779999
2020-07-08,1594215000000,1594238400000,314.6099853515625,316.29998779296875,312.70001220703125,316.17999267578125,54638600,316.179993
2020-07-09,1594301400000,1594324800000,316.8399963378906,317.1000061035156,310.67999267578125,314.3800048828125,83354200,314.380005
2020-07-10,1594387800000,1594411200000,314.30999755859375,317.8800048828125,312.760009765625,317.5899963378906,57550400,317.589996
2020-07-13,1594647000000,1594670400000,320.1300048828125,322.7099914550781,314.1300048828125,314.8399963378906,102997500,314.839996
2020-07-14,1594733400000,1594756800000,313.29998779296875,319.760009765625,312.0,318.9200134277344,93657000,318.920013
2020-07-15,1594819800000,1594843200000,322.4100036621094,323.0400085449219,319.2699890136719,321.8500061035156,87196500,321.850006
2020-07-16,1594906200000,1594929600000,319.7900085449219,321.2799987792969,319.0899963378906,320.7900085449219,54622500,320.790009
2020-07-17,1594992600000,1595016000000,321.8800048828125,322.57000732421875,319.739990234375,321.7200012207031,62774900,321.720001
2020-07-20,1595251800000,1595275200000,321.42999267578125,325.1300048828125,320.6199951171875,324.32000732421875,56308800,324.320007
2020-07-21,1595338200000,1595361600000,326.45001220703125,326.92999267578125,323.94000244140625,325.010009765625,57292200,325.01001
2020-07-22,1595424600000,1595448000000,324.6199951171875,327.20001220703125,324.5,326.8599853515625,57792900,326.859985
2020-07-23,1595511000000,1595534400000,326.4700012207031,327.2300109863281,321.4800109863281,322.9599914550781,75738000,322.959991
2020-07-24,1595597400000,1595620800000,320.95001220703125,321.989990234375,319.25,320.8800048828125,73766600,320.880005
2020-07-27,1595856600000,1595880000000,321.6300048828125,323.4100036621094,320.7699890136719,323.2200012207031,48293000,323.220001
2020-07-28,1595943000000,1595966400000,322.42999267578125,323.6400146484375,320.8500061035156,321.1700134277344,57495000,321.170013
2020-07-29,1596029400000,1596052800000,322.1199951171875,325.7300109863281,322.0799865722656,325.1199951171875,48454200,325.119995
2020-07-30,1596115800000,1596139200000,321.8999938964844,324.4100036621094,319.6400146484375,323.9599914550781,61861700,323.959991
2020-07-31,1596202200000,1596225600000,325.8999938964844,326.6300048828125,321.3299865722656,326.5199890136719,84986800,326.519989
2020-08-03,1596461400000,1596484800000,328.32000732421875,329.6199951171875,327.7300109863281,328.7900085449219,53077900,328.790009
2020-08-04,1596547800000,1596571200000,327.8599853515625,330.05999755859375,327.8599853515625,330.05999755859375,41917900,330.059998
2020-08-05,1596634200000,1596657600000,331.4700012207031,332.3900146484375,331.17999267578125,332.1099853515625,42697700,332.109985
2020-08-06,1596720600000,1596744000000,331.4800109863281,334.4599914550781,331.1300048828125,334.3299865722656,43679400,334.329987
2020-08-07,1596807000000,1596830400000,333.2799987792969,334.8800048828125,332.29998779296875,334.57000732421875,57308300,334.570007
2020-08-10,1597066200000,1597089600000,335.05999755859375,335.7699890136719,332.9599914550781,335.57000732421875,44282100,335.570007
2020-08-11,1597152600000,1597176000000,336.8500061035156,337.5400085449219,332.010009765625,332.79998779296875,69601100,332.799988
2020-08-12,1597239000000,1597262400000,335.44000244140625,338.2799987792969,335.4100036621094,337.44000244140625,53774400,337.440002
2020-08-13,1597325400000,1597348800000,336.6099853515625,338.25,335.8299865722656,336.8299865722656,41816100,336.829987
2020-08-14,1597411800000,1597435200000,336.4100036621094,337.4200134277344,335.6199951171875,336.8399963378906,47260400,336.839996
2020-08-17,1597671000000,1597694400000,337.94000244140625,338.3399963378906,336.8500061035156,337.9100036621094,35481000,337.910004
2020-08-18,1597757400000,1597780800000,338.3399963378906,339.1000061035156,336.6099853515625,338.6400146484375,38733900,338.640015
2020-08-19,1597843800000,1597867200000,339.04998779296875,339.6099853515625,336.6199951171875,337.2300109863281,68054200,337.230011
2020-08-20,1597930200000,1597953600000,335.3599853515625,338.79998779296875,335.2200012207031,338.2799987792969,42207800,338.279999
2020-08-21,1598016600000,1598040000000,337.9200134277344,339.7200012207031,337.54998779296875,339.4800109863281,55106600,339.480011
2020-08-24,1598275800000,1598299200000,342.1199951171875,343.0,339.45001220703125,342.9200134277344,48588700,342.920013
2020-08-25,1598362200000,1598385600000,343.5299987792969,344.2099914550781,342.2699890136719,344.1199951171875,38463400,344.119995
2020-08-26,1598448600000,1598472000000,344.760009765625,347.8599853515625,344.1700134277344,347.57000732421875,50790200,347.570007
2020-08-27,1598535000000,1598558400000,348.510009765625,349.8999938964844,346.5299987792969,348.3299865722656,58034100,348.329987
2020-08-28,1598621400000,1598644800000,349.44000244140625,350.7200012207031,348.1499938964844,350.5799865722656,48588900,350.579987
2020-08-31,1598880600000,1598904000000,350.3500061035156,351.29998779296875,349.05999755859375,349.30999755859375,66099200,349.309998
2020-09-01,1598967000000,1598990400000,350.2099914550781,352.7099914550781,349.239990234375,352.6000061035156,54908700,352.600006
2020-09-02,1599053400000,1599076800000,354.6700134277344,358.75,353.42999267578125,357.70001220703125,69540000,357.700012
2020-09-03,1599139800000,1599163200000,355.8699951171875,356.3800048828125,342.5899963378906,345.3900146484375,148011100,345.390015
2020-09-04,1599226200000,1599249600000,346.1300048828125,347.8299865722656,334.8699951171875,342.57000732421875,139156300,342.570007
2020-09-08,1599571800000,1599595200000,336.7099914550781,342.6400146484375,332.8800048828125,333.2099914550781,114465300,333.209991
2020-09-09,1599658200000,1599681600000,337.54998779296875,342.4599914550781,336.6099853515625,339.7900085449219,91462300,339.790009
2020-09-10,1599744600000,1599768000000,341.82000732421875,342.5299987792969,332.8500061035156,333.8900146484375,90569500,333.890015
2020-09-11,1599831000000,1599854400000,335.82000732421875,336.9700012207031,331.0,334.05999755859375,84680200,334.059998
2020-09-14,1600090200000,1600113600000,337.489990234375,340.3800048828125,334.2200012207031,338.4599914550781,65605700,338.459991
2020-09-15,1600176600000,1600200000000,341.1199951171875,342.0199890136719,338.4700012207031,340.1700134277344,52920900,340.170013
2020-09-16,1600263000000,1600286400000,341.510009765625,343.05999755859375,338.5199890136719,338.82000732421875,82096000,338.820007
2020-09-17,1600349400000,1600372800000,333.55999755859375,337.70001220703125,332.989990234375,335.8399963378906,91523300,335.839996
2020-09-18,1600435800000,1600459200000,335.3699951171875,335.489990234375,327.9700012207031,330.6499938964844,105877900,330.649994
2020-09-21,1600695000000,1600718400000,325.70001220703125,327.1300048828125,321.7300109863281,326.9700012207031,99450800,326.970001
2020-09-22,1600781400000,1600804800000,328.57000732421875,330.8999938964844,325.8599853515625,330.29998779296875,63612100,330.299988
2020-09-23,1600867800000,1600891200000,330.8999938964844,331.20001220703125,322.1000061035156,322.6400146484375,93112200,322.640015
2020-09-24,1600954200000,1600977600000,321.2200012207031,326.79998779296875,319.79998779296875,323.5,76681300,323.5
2020-09-25,1601040600000,1601064000000,322.5799865722656,329.5799865722656,321.6400146484375,328.7300109863281,71069400,328.730011
2020-09-28,1601299800000,1601323200000,333.2200012207031,334.9599914550781,332.1499938964844,334.19000244140625,64584600,334.190002
2020-09-29,1601386200000,1601409600000,333.9700012207031,334.7699890136719,331.6199951171875,332.3699951171875,51304000,332.369995
2020-09-30,1601472600000,1601496000000,333.0899963378906,338.2900085449219,332.8800048828125,334.8900146484375,104081100,334.890015
2020-10-01,1601559000000,1601582400000,337.69000244140625,338.739990234375,335.010009765625,337.0400085449219,88698700,337.040009
2020-10-02,1601645400000,1601668800000,331.70001220703125,337.010009765625,331.19000244140625,333.8399963378906,89431100,333.839996
2020-10-05,1601904600000,1601928000000,336.05999755859375,339.9599914550781,336.010009765625,339.760009765625,45713100,339.76001
2020-10-06,1601991000000,1602014400000,339.9100036621094,342.1700134277344,334.3800048828125,334.92999267578125,90128900,334.929993
2020-10-07,1602077400000,1602100800000,338.1199951171875,341.6300048828125,338.0899963378906,340.760009765625,56999600,340.76001
2020-10-08,1602163800000,1602187200000,342.8500061035156,343.8500061035156,341.8599853515625,343.7799987792969,45242500,343.779999
2020-10-09,1602250200000,1602273600000,345.55999755859375,347.3500061035156,344.8900146484375,346.8500061035156,59528600,346.850006
2020-10-12,1602509400000,1602532800000,349.5899963378906,354.0199890136719,349.05999755859375,352.42999267578125,80388500,352.429993
2020-10-13,1602595800000,1602619200000,352.2799987792969,352.4700012207031,349.0899963378906,350.1300048828125,73255500,350.130005
2020-10-14,1602682200000,1602705600000,350.75,351.92999267578125,347.1400146484375,347.92999267578125,57727900,347.929993
2020-10-15,1602768600000,1602792000000,343.7099914550781,348.0199890136719,343.1300048828125,347.5,60357700,347.5
2020-10-16,1602855000000,1602878400000,348.9599914550781,350.75,347.1000061035156,347.2900085449219,89501900,347.290009
2020-10-19,1603114200000,1603137600000,348.6499938964844,349.3299865722656,341.0400085449219,342.010009765625,68425600,342.01001
2020-10-20,1603200600000,1603224000000,343.4599914550781,346.8800048828125,342.6400146484375,343.3800048828125,60051900,343.380005
2020-10-21,1603287000000,1603310400000,343.3299865722656,345.6700134277344,342.3999938964844,342.7300109863281,63575000,342.730011
2020-10-22,1603373400000,1603396800000,342.9599914550781,345.239990234375,340.6499938964844,344.6099853515625,55399300,344.609985
2020-10-23,1603459800000,1603483200000,345.92999267578125,345.989990234375,343.1300048828125,345.7799987792969,49143900,345.779999
2020-10-26,1603719000000,1603742400000,342.1300048828125,342.9800109863281,335.6199951171875,339.3900146484375,91473000,339.390015
2020-10-27,1603805400000,1603828800000,339.760009765625,340.1199951171875,337.989990234375,338.2200012207031,65994100,338.220001
2020-10-28,1603891800000,1603915200000,332.1000061035156,338.25,326.1300048828125,326.6600036621094,127094300,326.660004
2020-10-29,1603978200000,1604001600000,326.9100036621094,333.3999938964844,325.0899963378906,329.9800109863281,90597700,329.980011
2020-10-30,1604064600000,1604088000000,328.2799987792969,329.69000244140625,322.6000061035156,326.5400085449219,120287300,326.540009
2020-11-02,1604327400000,1604350800000,330.20001220703125,332.3599853515625,327.239990234375,330.20001220703125,86068300,330.200012
2020-11-03,1604413800000,1604437200000,333.69000244140625,338.25,330.2900085449219,336.0299987792969,93294200,336.029999
2020-11-04,1604500200000,1604523600000,340.8599853515625,347.94000244140625,339.5899963378906,343.5400085449219,126959700,343.540009
2020-11-05,1604586600000,1604610000000,349.239990234375,352.19000244140625,348.8599853515625,350.239990234375,82039700,350.23999
2020-11-06,1604673000000,1604696400000,349.92999267578125,351.510009765625,347.6499938964844,350.1600036621094,74973000,350.160004
2020-11-09,1604932200000,1604955600000,363.9700012207031,364.3800048828125,354.05999755859375,354.55999755859375,172304200,354.559998
2020-11-10,1605018600000,1605042000000,353.489990234375,355.17999267578125,350.510009765625,354.0400085449219,85552000,354.040009
2020-11-11,1605105000000,1605128400000,356.3999938964844,357.55999755859375,355.05999755859375,356.6700134277344,58649000,356.670013
2020-11-12,1605191400000,1605214800000,355.5799865722656,356.7200012207031,351.260009765625,353.2099914550781,67546200,353.209991
2020-11-13,1605277800000,1605301200000,355.2699890136719,358.8999938964844,354.7099914550781,358.1000061035156,62892200,358.100006
2020-11-16,1605537000000,1605560400000,360.9800109863281,362.7799987792969,359.5899963378906,362.57000732421875,74541100,362.570007
2020-11-17,1605623400000,1605646800000,359.9700012207031,361.9200134277344,358.3399963378906,360.6199951171875,66111000,360.619995
2020-11-18,1605709800000,1605733200000,360.9100036621094,361.5,356.239990234375,356.2799987792969,70591300,356.279999
2020-11-19,1605796200000,1605819600000,355.6000061035156,358.17999267578125,354.1499938964844,357.7799987792969,59940900,357.779999
2020-11-20,1605882600000,1605906000000,357.5,357.7200012207031,355.25,355.3299865722656,70417300,355.329987
2020-11-23,1606141800000,1606165200000,357.2799987792969,358.82000732421875,354.8699951171875,357.4599914550781,63230600,357.459991
2020-11-24,1606228200000,1606251600000,360.2099914550781,363.80999755859375,359.2900085449219,363.2200012207031,62415900,363.220001
2020-11-25,1606314600000,1606338000000,363.1300048828125,363.1600036621094,361.4800109863281,362.6600036621094,45330900,362.660004
2020-11-27,1606487400000,1606510800000,363.8399963378906,364.17999267578125,362.5799865722656,363.6700134277344,28514100,363.670013
2020-11-30,1606746600000,1606770000000,362.8299865722656,363.1199951171875,359.1700134277344,362.05999755859375,83872700,362.059998
2020-12-01,1606833000000,1606856400000,365.57000732421875,367.67999267578125,364.92999267578125,366.0199890136719,74231400,366.019989
2020-12-02,1606919400000,1606942800000,364.82000732421875,366.9599914550781,364.20001220703125,366.7900085449219,45927000,366.790009
2020-12-03,1607005800000,1607029200000,366.67999267578125,368.19000244140625,365.5,366.69000244140625,62882000,366.690002
2020-12-04,1607092200000,1607115600000,367.32000732421875,369.8500061035156,367.2200012207031,369.8500061035156,50749900,369.850006
2020-12-07,1607351400000,1607374800000,369.0199890136719,369.6199951171875,367.7200012207031,369.0899963378906,48944300,369.089996
2020-12-08,1607437800000,1607461200000,367.7200012207031,370.7799987792969,367.6700134277344,370.1700134277344,42458900,370.170013
2020-12-09,1607524200000,1607547600000,370.8800048828125,371.04998779296875,365.95001220703125,366.8500061035156,74098300,366.850006
2020-12-10,1607610600000,1607634000000,365.3699951171875,367.8599853515625,364.42999267578125,366.7300109863281,57735400,366.730011
2020-12-11,1607697000000,1607720400000,364.8999938964844,366.739990234375,363.260009765625,366.29998779296875,57698600,366.299988
2020-12-14,1607956200000,1607979600000,368.6400146484375,369.79998779296875,364.4700012207031,364.6600036621094,69216200,364.660004
2020-12-15,1608042600000,1608066000000,367.3999938964844,369.5899963378906,365.9200134277344,369.5899963378906,63865300,369.589996
2020-12-16,1608129000000,1608152400000,369.82000732421875,371.1600036621094,368.8699951171875,370.1700134277344,58420500,370.170013
2020-12-17,1608215400000,1608238800000,371.94000244140625,372.4599914550781,371.04998779296875,372.239990234375,64119500,372.23999
2020-12-18,1608301800000,1608325200000,370.9700012207031,371.1499938964844,367.0199890136719,369.17999267578125,136542300,369.179993
2020-12-21,1608561000000,1608584400000,364.9700012207031,378.4599914550781,362.0299987792969,367.8599853515625,96386700,367.859985
2020-12-22,1608647400000,1608670800000,368.2099914550781,368.3299865722656,366.0299987792969,367.239990234375,47949000,367.23999
2020-12-23,1608733800000,1608757200000,368.2799987792969,369.6199951171875,367.2200012207031,367.57000732421875,46201400,367.570007
2020-12-24,1608820200000,1608843600000,368.0799865722656,369.0299987792969,367.45001220703125,369.0,26457900,369.0
2020-12-28,1609165800000,1609189200000,371.739990234375,372.5899963378906,371.07000732421875,372.1700134277344,39000400,372.170013
2020-12-29,1609252200000,1609275600000,373.80999755859375,374.0,370.8299865722656,371.4599914550781,53680500,371.459991
2020-12-30,1609338600000,1609362000000,372.3399963378906,373.1000061035156,371.57000732421875,371.989990234375,49455300,371.98999
2020-12-31,1609425000000,1609448400000,371.7799987792969,374.6600036621094,371.2300109863281,373.8800048828125,78520700,373.880005
2021-01-04,1609770600000,1609794000000,375.30999755859375,375.45001220703125,364.82000732421875,368.7900085449219,110210800,368.790009
2021-01-05,1609857000000,1609880400000,368.1000061035156,372.5,368.04998779296875,371.3299865722656,66426200,371.329987
2021-01-06,1609943400000,1609966800000,369.7099914550781,376.9800109863281,369.1199951171875,373.54998779296875,107997700,373.549988
2021-01-07,1610029800000,1610053200000,376.1000061035156,379.8999938964844,375.9100036621094,379.1000061035156,68766800,379.100006
2021-01-08,1610116200000,1610139600000,380.5899963378906,381.489990234375,377.1000061035156,381.260009765625,71677200,381.26001
2021-01-11,1610375400000,1610398800000,377.8500061035156,380.5799865722656,377.7200012207031,378.69000244140625,51034700,378.690002
2021-01-12,1610461800000,1610485200000,378.8900146484375,379.8599853515625,376.3599853515625,378.7699890136719,52547700,378.769989
2021-01-13,1610548200000,1610571600000,378.69000244140625,380.8599853515625,377.8500061035156,379.7900085449219,45303600,379.790009
2021-01-14,1610634600000,1610658000000,380.5899963378906,381.1300048828125,378.1000061035156,378.4599914550781,49989100,378.459991
2021-01-15,1610721000000,1610744400000,376.7200012207031,377.5799865722656,373.70001220703125,375.70001220703125,107160000,375.700012
2021-01-19,1611066600000,1611090000000,378.3399963378906,379.2300109863281,376.75,378.6499938964844,51233300,378.649994
2021-01-20,1611153000000,1611176400000,381.1099853515625,384.7900085449219,380.69000244140625,383.8900146484375,61836100,383.890015
2021-01-21,1611239400000,1611262800000,384.489990234375,384.95001220703125,383.25,384.239990234375,47840100,384.23999
2021-01-22,1611325800000,1611349200000,382.25,384.1300048828125,381.8399963378906,382.8800048828125,52860500,382.880005
2021-01-25,1611585000000,1611608400000,383.6700134277344,384.7699890136719,378.4599914550781,384.3900146484375,70402000,384.390015
2021-01-26,1611671400000,1611694800000,385.4100036621094,385.8500061035156,383.5400085449219,383.7900085449219,42665300,383.790009
2021-01-27,1611757800000,1611781200000,380.2200012207031,380.32000732421875,372.010009765625,374.4100036621094,123351100,374.410004
2021-01-28,1611844200000,1611867600000,376.3599853515625,381.92999267578125,375.8900146484375,377.6300048828125,94198100,377.630005
2021-01-29,1611930600000,1611954000000,375.6300048828125,376.6700134277344,368.2699890136719,370.07000732421875,126765100,370.070007
2021-02-01,1612189800000,1612213200000,373.7200012207031,377.3399963378906,370.3800048828125,376.2300109863281,75817600,376.230011
2021-02-02,1612276200000,1612299600000,379.6499938964844,383.2200012207031,376.32000732421875,381.54998779296875,64450700,381.549988
2021-02-03,1612362600000,1612386000000,382.44000244140625,383.70001220703125,380.4800109863281,381.8500061035156,52427100,381.850006
2021-02-04,1612449000000,1612472400000,382.9599914550781,386.239990234375,381.9700012207031,386.19000244140625,47142600,386.190002
2021-02-05,1612535400000,1612558800000,388.20001220703125,388.4700012207031,386.1400146484375,387.7099914550781,48669800,387.709991
2021-02-08,1612794600000,1612818000000,389.2699890136719,390.55999755859375,388.3500061035156,390.510009765625,38365200,390.51001
2021-02-09,1612881000000,1612904400000,389.6099853515625,390.8900146484375,389.1700134277344,390.25,35551100,390.25
2021-02-10,1612967400000,1612990800000,392.1199951171875,392.2799987792969,387.5,390.0799865722656,59154400,390.079987
2021-02-11,1613053800000,1613077200000,391.239990234375,391.69000244140625,388.1000061035156,390.7099914550781,42913300,390.709991
2021-02-12,1613140200000,1613163600000,389.8500061035156,392.8999938964844,389.7699890136719,392.6400146484375,50593300,392.640015
2021-02-16,1613485800000,1613509200000,393.9599914550781,394.1700134277344,391.5299987792969,392.29998779296875,50972400,392.299988
2021-02-17,1613572200000,1613595600000,390.4200134277344,392.6600036621094,389.3299865722656,392.3900146484375,52290600,392.390015
2021-02-18,1613658600000,1613682000000,389.5899963378906,391.5199890136719,387.739990234375,390.7200012207031,59712800,390.720001
2021-02-19,1613745000000,1613768400000,392.07000732421875,392.3800048828125,389.54998779296875,390.0299987792969,83241000,390.029999
2021-02-22,1614004200000,1614027600000,387.05999755859375,389.6199951171875,386.739990234375,387.0299987792969,67414200,387.029999
2021-02-23,1614090600000,1614114000000,384.6600036621094,388.95001220703125,380.20001220703125,387.5,107284100,387.5
2021-02-24,1614177000000,1614200400000,386.3299865722656,392.2300109863281,385.2699890136719,391.7699890136719,72433900,391.769989
2021-02-25,1614263400000,1614286800000,390.4100036621094,391.8800048828125,380.7799987792969,382.3299865722656,146670500,382.329987
2021-02-26,1614349800000,1614373200000,384.3500061035156,385.5799865722656,378.2300109863281,380.3599853515625,152701600,380.359985
2021-03-01,1614609000000,1614632400000,385.5899963378906,390.9200134277344,380.57000732421875,389.5799865722656,105348800,389.579987
2021-03-02,1614695400000,1614718800000,389.82000732421875,390.07000732421875,386.0,386.5400085449219,79595300,386.540009
2021-03-03,1614781800000,1614805200000,385.7900085449219,386.8299865722656,381.30999755859375,381.4200134277344,119940200,381.420013
2021-03-04,1614868200000,1614891600000,381.2200012207031,384.0,371.8800048828125,376.70001220703125,183433000,376.700012
2021-03-05,1614954600000,1614978000000,380.4599914550781,384.760009765625,372.6400146484375,383.6300048828125,152039600,383.630005
2021-03-08,1615213800000,1615237200000,384.6600036621094,387.67999267578125,381.4200134277344,381.7200012207031,123149200,381.720001
2021-03-09,1615300200000,1615323600000,385.8500061035156,389.9100036621094,385.30999755859375,387.1700134277344,113633600,387.170013
2021-03-10,1615386600000,1615410000000,389.69000244140625,391.3999938964844,388.1700134277344,389.5799865722656,109899400,389.579987
2021-03-11,1615473000000,1615496400000,392.2300109863281,395.6499938964844,391.739990234375,393.5299987792969,86245000,393.529999
2021-03-12,1615559400000,1615582800000,392.07000732421875,394.2099914550781,391.20001220703125,394.05999755859375,64653600,394.059998
2021-03-15,1615815000000,1615838400000,394.3299865722656,396.69000244140625,392.0299987792969,396.4100036621094,73427200,396.410004
2021-03-16,1615901400000,1615924800000,397.07000732421875,397.8299865722656,395.0799865722656,395.9100036621094,73722500,395.910004
2021-03-17,1615987800000,1616011200000,394.5299987792969,398.1199951171875,393.29998779296875,397.260009765625,97959300,397.26001
2021-03-18,1616074200000,1616097600000,394.4800109863281,396.7200012207031,390.75,391.4800109863281,115349100,391.480011
2021-03-19,1616160600000,1616184000000,389.8800048828125,391.57000732421875,387.1499938964844,389.4800109863281,113624500,389.480011
2021-03-22,1616419800000,1616443200000,390.0299987792969,394.07000732421875,389.9700012207031,392.5899963378906,73778600,392.589996
2021-03-23,1616506200000,1616529600000,391.9100036621094,393.4599914550781,388.6600036621094,389.5,90686600,389.5
2021-03-24,1616592600000,1616616000000,391.0,392.75,387.4700012207031,387.5199890136719,97588600,387.519989
2021-03-25,1616679000000,1616702400000,385.9800109863281,390.54998779296875,383.8999938964844,389.70001220703125,116128600,389.700012
2021-03-26,1616765400000,1616788800000,390.92999267578125,396.4100036621094,390.2900085449219,395.9800109863281,114409100,395.980011
2021-03-29,1617024600000,1617048000000,394.3999938964844,396.75,392.80999755859375,395.7799987792969,108107600,395.779999
2021-03-30,1617111000000,1617134400000,394.4200134277344,395.45001220703125,393.0199890136719,394.7300109863281,76262200,394.730011
2021-03-31,1617197400000,1617220800000,395.3399963378906,398.0,395.30999755859375,396.3299865722656,112734200,396.329987
2021-04-01,1617283800000,1617307200000,398.3999938964844,400.6700134277344,398.17999267578125,400.6099853515625,99682900,400.609985
2021-04-05,1617629400000,1617652800000,403.4599914550781,406.94000244140625,403.3800048828125,406.3599853515625,91684800,406.359985
2021-04-06,1617715800000,1617739200000,405.760009765625,407.239990234375,405.3999938964844,406.1199951171875,62021000,406.119995
2021-04-07,1617802200000,1617825600000,405.94000244140625,406.9599914550781,405.45001220703125,406.5899963378906,55836300,406.589996
2021-04-08,1617888600000,1617912000000,407.92999267578125,408.5799865722656,406.92999267578125,408.5199890136719,57863100,408.519989
2021-04-09,1617975000000,1617998400000,408.3900146484375,411.6700134277344,408.260009765625,411.489990234375,61104600,411.48999
2021-04-12,1618234200000,1618257600000,410.8500061035156,411.92999267578125,410.20001220703125,411.6400146484375,56704900,411.640015
2021-04-13,1618320600000,1618344000000,411.5299987792969,413.5299987792969,411.1199951171875,412.8599853515625,56551000,412.859985
2021-04-14,1618407000000,1618430400000,412.8299865722656,413.9599914550781,410.8699951171875,411.45001220703125,61659900,411.450012
2021-04-15,1618493400000,1618516800000,413.739990234375,416.1600036621094,413.69000244140625,415.8699951171875,60229800,415.869995
2021-04-16,1618579800000,1618603200000,417.25,417.9100036621094,415.7300109863281,417.260009765625,82037300,417.26001
2021-04-19,1618839000000,1618862400000,416.260009765625,416.739990234375,413.7900085449219,415.2099914550781,78498500,415.209991
2021-04-20,1618925400000,1618948800000,413.9100036621094,415.0899963378906,410.5899963378906,412.1700134277344,81851800,412.170013
2021-04-21,1619011800000,1619035200000,411.510009765625,416.2900085449219,411.3599853515625,416.07000732421875,66793000,416.070007
2021-04-22,1619098200000,1619121600000,415.8900146484375,416.7799987792969,411.1300048828125,412.2699890136719,97582800,412.269989
2021-04-23,1619184600000,1619208000000,412.8699951171875,418.25,412.7900085449219,416.739990234375,73209200,416.73999
2021-04-26,1619443800000,1619467200000,417.44000244140625,418.2200012207031,416.80999755859375,417.6099853515625,52182400,417.609985
2021-04-27,1619530200000,1619553600000,417.92999267578125,418.1400146484375,416.29998779296875,417.5199890136719,51303100,417.519989
2021-04-28,1619616600000,1619640000000,417.80999755859375,419.010009765625,416.8999938964844,417.3999938964844,51238900,417.399994
2021-04-29,1619703000000,1619726400000,420.32000732421875,420.7200012207031,416.44000244140625,420.05999755859375,78544300,420.059998
2021-04-30,1619789400000,1619812800000,417.6300048828125,418.5400085449219,416.3399963378906,417.29998779296875,85527000,417.299988
2021-05-03,1620048600000,1620072000000,419.42999267578125,419.8399963378906,417.6700134277344,418.20001220703125,68128300,418.200012
2021-05-04,1620135000000,1620158400000,416.07000732421875,416.6000061035156,411.6700134277344,415.6199951171875,101591200,415.619995
2021-05-05,1620221400000,1620244800000,417.3800048828125,417.6300048828125,415.1499938964844,415.75,60162200,415.75
2021-05-06,1620307800000,1620331200000,415.8299865722656,419.2099914550781,413.67999267578125,419.07000732421875,74321400,419.070007
2021-05-07,1620394200000,1620417600000,419.8900146484375,422.82000732421875,419.1600036621094,422.1199951171875,67733800,422.119995
2021-05-10,1620653400000,1620676800000,422.5,422.739990234375,417.80999755859375,417.94000244140625,81852400,417.940002
2021-05-11,1620739800000,1620763200000,413.1000061035156,415.2699890136719,410.05999755859375,414.2099914550781,116888000,414.209991
2021-05-12,1620826200000,1620849600000,411.2300109863281,412.5899963378906,404.0,405.4100036621094,134811000,405.410004
2021-05-13,1620912600000,1620936000000,407.07000732421875,412.3500061035156,407.0199890136719,410.2799987792969,106394000,410.279999
2021-05-14,1620999000000,1621022400000,413.2099914550781,417.489990234375,413.17999267578125,416.5799865722656,82201600,416.579987
2021-05-17,1621258200000,1621281600000,415.3900146484375,416.3900146484375,413.3599853515625,415.5199890136719,65129200,415.519989
2021-05-18,1621344600000,1621368000000,415.79998779296875,416.05999755859375,411.7699890136719,411.94000244140625,59810200,411.940002
2021-05-19,1621431000000,1621454400000,406.9200134277344,411.04998779296875,405.3299865722656,410.8599853515625,106467100,410.859985
2021-05-20,1621517400000,1621540800000,411.79998779296875,416.6300048828125,411.6700134277344,415.2799987792969,78022200,415.279999
2021-05-21,1621603800000,1621627200000,416.8699951171875,418.20001220703125,414.45001220703125,414.94000244140625,76578700,414.940002
2021-05-24,1621863000000,1621886400000,417.3399963378906,420.32000732421875,417.0799865722656,419.1700134277344,51376700,419.170013
2021-05-25,1621949400000,1621972800000,420.3299865722656,420.7099914550781,417.6199951171875,418.239990234375,57451400,418.23999
2021-05-26,1622035800000,1622059200000,418.8699951171875,419.6099853515625,417.760009765625,419.07000732421875,43088600,419.070007
2021-05-27,1622122200000,1622145600000,420.1700134277344,420.7200012207031,418.989990234375,419.2900085449219,56707700,419.290009
2021-05-28,1622208600000,1622232000000,420.9700012207031,421.25,419.7900085449219,420.0400085449219,58520200,420.040009
2021-06-01,1622554200000,1622577600000,422.57000732421875,422.7200012207031,419.20001220703125,419.6700134277344,54216600,419.670013
2021-06-02,1622640600000,1622664000000,420.3699951171875,421.2300109863281,419.2900085449219,420.3299865722656,49097100,420.329987
2021-06-03,1622727000000,1622750400000,417.8500061035156,419.989990234375,416.2799987792969,418.7699890136719,58138800,418.769989
2021-06-04,1622813400000,1622836800000,420.75,422.9200134277344,418.8399963378906,422.6000061035156,55938800,422.600006
2021-06-07,1623072600000,1623096000000,422.5899963378906,422.7799987792969,421.19000244140625,422.19000244140625,51555000,422.190002
2021-06-08,1623159000000,1623182400000,423.1099853515625,423.2099914550781,420.32000732421875,422.2799987792969,47134300,422.279999
2021-06-09,1623245400000,1623268800000,423.17999267578125,423.260009765625,421.4100036621094,421.6499938964844,48436300,421.649994
2021-06-10,1623331800000,1623355200000,422.9599914550781,424.6300048828125,421.54998779296875,423.6099853515625,51020100,423.609985
2021-06-11,1623418200000,1623441600000,424.20001220703125,424.42999267578125,422.82000732421875,424.30999755859375,45570800,424.309998
2021-06-14,1623677400000,1623700800000,424.42999267578125,425.3699951171875,423.1000061035156,425.260009765625,42358500,425.26001
2021-06-15,1623763800000,1623787200000,425.4200134277344,425.4599914550781,423.5400085449219,424.4800109863281,51508500,424.480011
2021-06-16,1623850200000,1623873600000,424.6300048828125,424.8699951171875,419.9200134277344,422.1099853515625,80386100,422.109985
2021-06-17,1623936600000,1623960000000,421.6700134277344,423.0199890136719,419.32000732421875,421.9700012207031,90949700,421.970001
2021-06-18,1624023000000,1624046400000,417.0899963378906,417.8299865722656,414.70001220703125,414.9200134277344,118676300,414.920013
2021-06-21,1624282200000,1624305600000,416.79998779296875,421.05999755859375,415.92999267578125,420.8599853515625,72822000,420.859985
2021-06-22,1624368600000,1624392000000,420.8500061035156,424.0,420.0799865722656,423.1099853515625,57700300,423.109985
2021-06-23,1624455000000,1624478400000,423.19000244140625,424.04998779296875,422.510009765625,422.6000061035156,49445400,422.600006
2021-06-24,1624541400000,1624564800000,424.8900146484375,425.54998779296875,424.6199951171875,425.1000061035156,45110300,425.100006
2021-06-25,1624627800000,1624651200000,425.8999938964844,427.0899963378906,425.54998779296875,426.6099853515625,58129500,426.609985
2021-06-28,1624887000000,1624910400000,427.1700134277344,427.6499938964844,425.8900146484375,427.4700012207031,53159600,427.470001
2021-06-29,1624973400000,1624996800000,427.8800048828125,428.55999755859375,427.1300048828125,427.70001220703125,35970500,427.700012
2021-06-30,1625059800000,1625083200000,427.2099914550781,428.7799987792969,427.17999267578125,428.05999755859375,64827900,428.059998
2021-07-01,1625146200000,1625169600000,428.8699951171875,430.6000061035156,428.79998779296875,430.42999267578125,53441000,430.429993
2021-07-02,1625232600000,1625256000000,431.6700134277344,434.1000061035156,430.5199890136719,433.7200012207031,57697700,433.720001
2021-07-06,1625578200000,1625601600000,433.7799987792969,434.010009765625,430.010009765625,432.92999267578125,68710400,432.929993
2021-07-07,1625664600000,1625688000000,433.6600036621094,434.760009765625,431.510009765625,434.4599914550781,63549500,434.459991
2021-07-08,1625751000000,1625774400000,428.7799987792969,431.7300109863281,427.5199890136719,430.9200134277344,97595200,430.920013
2021-07-09,1625837400000,1625860800000,432.5299987792969,435.8399963378906,430.7099914550781,435.5199890136719,76238600,435.519989
2021-07-12,1626096600000,1626120000000,435.42999267578125,437.3500061035156,434.9700012207031,437.0799865722656,52889600,437.079987
2021-07-13,1626183000000,1626206400000,436.239990234375,437.8399963378906,435.30999755859375,435.5899963378906,52911300,435.589996
2021-07-14,1626269400000,1626292800000,437.3999938964844,437.9200134277344,434.9100036621094,436.239990234375,64130400,436.23999
2021-07-15,1626355800000,1626379200000,434.80999755859375,435.5299987792969,432.7200012207031,434.75,55126400,434.75
2021-07-16,1626442200000,1626465600000,436.010009765625,436.05999755859375,430.9200134277344,431.3399963378906,75874700,431.339996
2021-07-19,1626701400000,1626724800000,426.19000244140625,431.4100036621094,421.9700012207031,424.9700012207031,147987000,424.970001
2021-07-20,1626787800000,1626811200000,425.67999267578125,432.4200134277344,424.8299865722656,431.05999755859375,99608200,431.059998
2021-07-21,1626874200000,1626897600000,432.3399963378906,434.70001220703125,431.010009765625,434.54998779296875,64724400,434.549988
2021-07-22,1626960600000,1626984000000,434.739990234375,435.7200012207031,433.69000244140625,435.4599914550781,47878500,435.459991
2021-07-23,1627047000000,1627070400000,437.5199890136719,440.29998779296875,436.7900085449219,439.94000244140625,63766600,439.940002
2021-07-26,1627306200000,1627329600000,439.30999755859375,441.0299987792969,439.260009765625,441.0199890136719,43719200,441.019989
2021-07-27,1627392600000,1627416000000,439.9100036621094,439.94000244140625,435.989990234375,439.010009765625,67397100,439.01001
2021-07-28,1627479000000,1627502400000,439.67999267578125,440.29998779296875,437.30999755859375,438.8299865722656,52472400,438.829987
2021-07-29,1627565400000,1627588800000,439.82000732421875,441.79998779296875,439.80999755859375,440.6499938964844,47435300,440.649994
2021-07-30,1627651800000,1627675200000,437.9100036621094,440.05999755859375,437.7699890136719,438.510009765625,68951200,438.51001
2021-08-02,1627911000000,1627934400000,440.3399963378906,440.92999267578125,437.2099914550781,437.5899963378906,58783300,437.589996
2021-08-03,1627997400000,1628020800000,438.44000244140625,441.2799987792969,436.1000061035156,441.1499938964844,58053900,441.149994
2021-08-04,1628083800000,1628107200000,439.7799987792969,441.1199951171875,438.7300109863281,438.9800109863281,46732200,438.980011
2021-08-05,1628170200000,1628193600000,440.2200012207031,441.8500061035156,439.8800048828125,441.760009765625,38969700,441.76001
2021-08-06,1628256600000,1628280000000,442.1000061035156,442.94000244140625,441.79998779296875,442.489990234375,46930000,442.48999
2021-08-09,1628515800000,1628539200000,442.4599914550781,442.79998779296875,441.30999755859375,442.1300048828125,41222600,442.130005
2021-08-10,1628602200000,1628625600000,442.6099853515625,443.44000244140625,441.8800048828125,442.67999267578125,43339300,442.679993
2021-08-11,1628688600000,1628712000000,443.82000732421875,443.8800048828125,442.6199951171875,443.7799987792969,44034300,443.779999
2021-08-12,1628775000000,1628798400000,443.6199951171875,445.260009765625,442.6600036621094,445.1099853515625,38909400,445.109985
2021-08-13,1628861400000,1628884800000,445.5899963378906,445.94000244140625,445.07000732421875,445.9200134277344,39470300,445.920013
2021-08-16,1629120600000,1629144000000,444.5299987792969,447.1099853515625,442.8699951171875,446.9700012207031,73740000,446.970001
2021-08-17,1629207000000,1629230400000,444.239990234375,444.9599914550781,440.8500061035156,444.0400085449219,92673900,444.040009
2021-08-18,1629293400000,1629316800000,442.9599914550781,444.6300048828125,438.9200134277344,439.17999267578125,89351900,439.179993
2021-08-19,1629379800000,1629403200000,436.2699890136719,441.1400146484375,436.1199951171875,439.8599853515625,92812200,439.859985
2021-08-20,1629466200000,1629489600000,440.2300109863281,443.7099914550781,439.7099914550781,443.3599853515625,72008700,443.359985
2021-08-23,1629725400000,1629748800000,445.1600036621094,448.2300109863281,443.44000244140625,447.260009765625,54973000,447.26001
2021-08-24,1629811800000,1629835200000,447.9700012207031,448.5400085449219,447.4200134277344,447.9700012207031,38744700,447.970001
2021-08-25,1629898200000,1629921600000,448.1700134277344,449.4599914550781,447.7699890136719,448.9100036621094,40529700,448.910004
2021-08-26,1629984600000,1630008000000,448.6099853515625,448.8599853515625,446.1600036621094,446.260009765625,57829600,446.26001
2021-08-27,1630071000000,1630094400000,447.1199951171875,450.6499938964844,447.05999755859375,450.25,77235100,450.25
2021-08-30,1630330200000,1630353600000,450.9700012207031,453.07000732421875,450.7099914550781,452.2300109863281,48357400,452.230011
2021-08-31,1630416600000,1630440000000,452.1300048828125,452.489990234375,450.9200134277344,451.55999755859375,59300200,451.559998
2021-09-01,1630503000000,1630526400000,452.55999755859375,453.1099853515625,451.54998779296875,451.79998779296875,48721400,451.799988
2021-09-02,1630589400000,1630612800000,453.32000732421875,454.04998779296875,451.9100036621094,453.19000244140625,42501000,453.190002
2021-09-03,1630675800000,1630699200000,451.9800109863281,453.6300048828125,451.54998779296875,453.0799865722656,47170500,453.079987
2021-09-07,1631021400000,1631044800000,452.7099914550781,452.80999755859375,450.739990234375,451.4599914550781,51671500,451.459991
2021-09-08,1631107800000,1631131200000,450.8900146484375,451.6700134277344,448.8599853515625,450.9100036621094,56181900,450.910004
2021-09-09,1631194200000,1631217600000,450.70001220703125,452.57000732421875,448.7200012207031,448.9800109863281,57970400,448.980011
2021-09-10,1631280600000,1631304000000,451.0400085449219,451.489990234375,445.30999755859375,445.44000244140625,89948200,445.440002
2021-09-13,1631539800000,1631563200000,448.6400146484375,448.9200134277344,444.1099853515625,446.5799865722656,83738600,446.579987
2021-09-14,1631626200000,1631649600000,448.1199951171875,448.3399963378906,443.2200012207031,444.1700134277344,78197100,444.170013
2021-09-15,1631712600000,1631736000000,444.6199951171875,448.4100036621094,443.44000244140625,447.8800048828125,78792200,447.880005
2021-09-16,1631799000000,1631822400000,447.32000732421875,448.3599853515625,444.0199890136719,447.1700134277344,77786700,447.170013
2021-09-17,1631885400000,1631908800000,444.9200134277344,445.3699951171875,441.0199890136719,441.3999938964844,118425000,441.399994
2021-09-20,1632144600000,1632168000000,434.8800048828125,436.55999755859375,428.8599853515625,434.0400085449219,166445500,434.040009
2021-09-21,1632231000000,1632254400000,436.5299987792969,437.9100036621094,433.07000732421875,433.6300048828125,92526100,433.630005
2021-09-22,1632317400000,1632340800000,436.04998779296875,440.0299987792969,433.75,437.8599853515625,102350100,437.859985
2021-09-23,1632403800000,1632427200000,439.8500061035156,444.8900146484375,439.6000061035156,443.17999267578125,76396000,443.179993
2021-09-24,1632490200000,1632513600000,441.44000244140625,444.6700134277344,441.2099914550781,443.9100036621094,62094800,443.910004
2021-09-27,1632749400000,1632772800000,442.80999755859375,444.04998779296875,441.8999938964844,442.6400146484375,61371100,442.640015
2021-09-28,1632835800000,1632859200000,439.69000244140625,440.0400085449219,432.94000244140625,433.7200012207031,130436300,433.720001
2021-09-29,1632922200000,1632945600000,435.19000244140625,437.0400085449219,433.8500061035156,434.45001220703125,82329200,434.450012
2021-09-30,1633008600000,1633032000000,436.0199890136719,436.7699890136719,428.7799987792969,429.1400146484375,140506000,429.140015
2021-10-01,1633095000000,1633118400000,430.9800109863281,436.0299987792969,427.2300109863281,434.239990234375,129240100,434.23999
2021-10-04,1633354200000,1633377600000,433.0,433.9599914550781,426.3599853515625,428.6400146484375,128570000,428.640015
2021-10-05,1633440600000,1633464000000,430.239990234375,435.489990234375,429.3900146484375,433.1000061035156,90682500,433.100006
2021-10-06,1633527000000,1633550400000,429.2699890136719,435.1199951171875,427.5400085449219,434.8999938964844,113032200,434.899994
2021-10-07,1633613400000,1633636800000,438.3900146484375,441.67999267578125,438.20001220703125,438.6600036621094,72437500,438.660004
2021-10-08,1633699800000,1633723200000,439.4800109863281,439.8900146484375,437.19000244140625,437.8599853515625,74557400,437.859985
2021-10-11,1633959000000,1633982400000,437.1600036621094,440.260009765625,434.6199951171875,434.69000244140625,65233300,434.690002
2021-10-12,1634045400000,1634068800000,435.6700134277344,436.1000061035156,432.7799987792969,433.6199951171875,71181200,433.619995
2021-10-13,1634131800000,1634155200000,434.7099914550781,436.04998779296875,431.5400085449219,435.17999267578125,72974000,435.179993
2021-10-14,1634218200000,1634241600000,439.0799865722656,442.6600036621094,438.5799865722656,442.5,70236800,442.5
2021-10-15,1634304600000,1634328000000,444.75,446.260009765625,444.0899963378906,445.8699951171875,66260200,445.869995
2021-10-18,1634563800000,1634587200000,443.9700012207031,447.54998779296875,443.2699890136719,447.19000244140625,62213200,447.190002
2021-10-19,1634650200000,1634673600000,448.9200134277344,450.7099914550781,448.2699890136719,450.6400146484375,46996800,450.640015
2021-10-20,1634736600000,1634760000000,451.1300048828125,452.7300109863281,451.010009765625,452.4100036621094,49571600,452.410004
2021-10-21,1634823000000,1634846400000,451.7699890136719,453.8299865722656,451.30999755859375,453.5899963378906,41305400,453.589996
2021-10-22,1634909400000,1634932800000,453.1300048828125,454.6700134277344,451.04998779296875,453.1199951171875,58845100,453.119995
2021-10-25,1635168600000,1635192000000,454.2799987792969,455.8999938964844,452.3900146484375,455.54998779296875,45214500,455.549988
2021-10-26,1635255000000,1635278400000,457.20001220703125,458.489990234375,455.55999755859375,455.9599914550781,56075100,455.959991
2021-10-27,1635341400000,1635364800000,456.45001220703125,457.1600036621094,453.8599853515625,453.94000244140625,72438000,453.940002
2021-10-28,1635427800000,1635451200000,455.4599914550781,458.3999938964844,455.45001220703125,458.32000732421875,51437900,458.320007
2021-10-29,1635514200000,1635537600000,455.8699951171875,459.55999755859375,455.55999755859375,459.25,70162400,459.25
2021-11-01,1635773400000,1635796800000,460.29998779296875,460.70001220703125,458.20001220703125,460.0400085449219,48433600,460.040009
2021-11-02,1635859800000,1635883200000,460.2200012207031,462.2300109863281,460.0799865722656,461.8999938964844,48908400,461.899994
2021-11-03,1635946200000,1635969600000,461.29998779296875,465.1499938964844,460.8299865722656,464.7200012207031,52509800,464.720001
2021-11-04,1636032600000,1636056000000,465.3599853515625,467.0,464.989990234375,466.9100036621094,52847100,466.910004
2021-11-05,1636119000000,1636142400000,469.2799987792969,470.6499938964844,466.9200134277344,468.5299987792969,66390600,468.529999
2021-11-08,1636381800000,1636405200000,469.70001220703125,470.2300109863281,468.20001220703125,468.92999267578125,50405200,468.929993
2021-11-09,1636468200000,1636491600000,469.32000732421875,469.57000732421875,465.8800048828125,467.3800048828125,51149100,467.380005
2021-11-10,1636554600000,1636578000000,465.5799865722656,467.3800048828125,462.0400085449219,463.6199951171875,69429700,463.619995
2021-11-11,1636641000000,1636664400000,465.2099914550781,465.2900085449219,463.75,463.7699890136719,34848500,463.769989
2021-11-12,1636727400000,1636750800000,465.1199951171875,467.8599853515625,464.1099853515625,467.2699890136719,53466700,467.269989
2021-11-15,1636986600000,1637010000000,468.6400146484375,468.80999755859375,466.2300109863281,467.42999267578125,46980500,467.429993
2021-11-16,1637073000000,1637096400000,467.1499938964844,470.489990234375,467.07000732421875,469.2799987792969,48857500,469.279999
2021-11-17,1637159400000,1637182800000,469.0,469.19000244140625,467.4800109863281,468.1400146484375,47858300,468.140015
2021-11-18,1637245800000,1637269200000,469.239990234375,470.010009765625,466.3399963378906,469.7300109863281,50625600,469.730011
2021-11-19,1637332200000,1637355600000,469.6099853515625,470.94000244140625,468.5,468.8900146484375,57315600,468.890015
2021-11-22,1637591400000,1637614800000,470.8900146484375,473.5400085449219,467.3500061035156,467.57000732421875,72762000,467.570007
2021-11-23,1637677800000,1637701200000,467.2200012207031,469.1000061035156,464.45001220703125,468.19000244140625,73206500,468.190002
2021-11-24,1637764200000,1637787600000,466.05999755859375,469.57000732421875,465.19000244140625,469.44000244140625,61858800,469.440002
2021-11-26,1637937000000,1637960400000,462.3399963378906,463.8999938964844,457.7699890136719,458.9700012207031,112669600,458.970001
2021-11-29,1638196200000,1638219600000,464.07000732421875,466.55999755859375,461.7300109863281,464.6000061035156,86268800,464.600006
2021-11-30,1638282600000,1638306000000,462.0,464.0299987792969,455.29998779296875,455.55999755859375,148559600,455.559998
2021-12-01,1638369000000,1638392400000,461.6400146484375,464.6700134277344,450.2900085449219,450.5,131939200,450.5
2021-12-02,1638455400000,1638478800000,450.7300109863281,459.07000732421875,450.30999755859375,457.3999938964844,127637800,457.399994
2021-12-03,1638541800000,1638565200000,459.1700134277344,460.29998779296875,448.9200134277344,453.4200134277344,137331600,453.420013
2021-12-06,1638801000000,1638824400000,456.1300048828125,460.7900085449219,453.55999755859375,458.7900085449219,98977500,458.790009
2021-12-07,1638887400000,1638910800000,464.4100036621094,468.8800048828125,458.6499938964844,468.2799987792969,95484700,468.279999
2021-12-08,1638973800000,1638997200000,468.70001220703125,470.0,466.8299865722656,469.5199890136719,72238800,469.519989
2021-12-09,1639060200000,1639083600000,468.1499938964844,469.6300048828125,466.1400146484375,466.3500061035156,61272600,466.350006
2021-12-10,1639146600000,1639170000000,469.2300109863281,470.8999938964844,466.510009765625,470.739990234375,77159800,470.73999
2021-12-13,1639405800000,1639429200000,470.19000244140625,470.55999755859375,466.2699890136719,466.57000732421875,87724700,466.570007
2021-12-14,1639492200000,1639515600000,463.0899963378906,465.739990234375,460.25,463.3599853515625,97264100,463.359985
2021-12-15,1639578600000,1639602000000,463.4200134277344,470.8599853515625,460.739990234375,470.6000061035156,116899300,470.600006
2021-12-16,1639665000000,1639688400000,472.57000732421875,472.8699951171875,464.79998779296875,466.45001220703125,116568600,466.450012
2021-12-17,1639751400000,1639774800000,461.54998779296875,464.739990234375,458.05999755859375,459.8699951171875,135511600,459.869995
2021-12-20,1640010600000,1640034000000,454.4800109863281,455.3999938964844,451.1400146484375,454.9800109863281,107134800,454.980011
2021-12-21,1640097000000,1640120400000,458.6099853515625,463.2099914550781,456.30999755859375,463.05999755859375,69806300,463.059998
2021-12-22,1640183400000,1640206800000,462.7900085449219,467.80999755859375,462.5799865722656,467.69000244140625,58890200,467.690002
2021-12-23,1640269800000,1640293200000,468.75,472.19000244140625,468.6400146484375,470.6000061035156,56439700,470.600006
2021-12-27,1640615400000,1640638800000,472.05999755859375,477.30999755859375,472.010009765625,477.260009765625,56808600,477.26001
2021-12-28,1640701800000,1640725200000,477.7200012207031,478.80999755859375,476.05999755859375,476.8699951171875,47274600,476.869995
2021-12-29,1640788200000,1640811600000,476.9800109863281,478.55999755859375,475.9200134277344,477.4800109863281,54503000,477.480011
2021-12-30,1640874600000,1640898000000,477.92999267578125,479.0,475.6700134277344,476.1600036621094,55329000,476.160004
2021-12-31,1640961000000,1640984400000,475.6400146484375,476.8599853515625,474.6700134277344,474.9599914550781,65237400,474.959991
2022-01-03,1641220200000,1641243600000,476.29998779296875,477.8500061035156,473.8500061035156,477.7099914550781,72668200,477.709991
2022-01-04,1641306600000,1641330000000,479.2200012207031,479.9800109863281,475.5799865722656,477.54998779296875,71178700,477.549988
2022-01-05,1641393000000,1641416400000,477.1600036621094,477.9800109863281,468.2799987792969,468.3800048828125,104538900,468.380005
2022-01-06,1641479400000,1641502800000,467.8900146484375,470.82000732421875,465.42999267578125,467.94000244140625,86858900,467.940002
2022-01-07,1641565800000,1641589200000,467.95001220703125,469.20001220703125,464.6499938964844,466.0899963378906,85111600,466.089996
2022-01-10,1641825000000,1641848400000,462.70001220703125,465.739990234375,456.6000061035156,465.510009765625,119362000,465.51001
2022-01-11,1641911400000,1641934800000,465.2300109863281,469.8500061035156,462.04998779296875,469.75,74303100,469.75
2022-01-12,1641997800000,1642021200000,471.5899963378906,473.20001220703125,468.94000244140625,471.0199890136719,67605400,471.019989
2022-01-13,1642084200000,1642107600000,472.19000244140625,472.8800048828125,463.44000244140625,464.5299987792969,91173100,464.529999
2022-01-14,1642170600000,1642194000000,461.19000244140625,465.0899963378906,459.8999938964844,464.7200012207031,95890900,464.720001
2022-01-18,1642516200000,1642539600000,459.739990234375,459.9599914550781,455.30999755859375,456.489990234375,109709100,456.48999
2022-01-19,1642602600000,1642626000000,458.1300048828125,459.6099853515625,451.4599914550781,451.75,109357600,451.75
2022-01-20,1642689000000,1642712400000,453.75,458.739990234375,444.5,446.75,122379700,446.75
2022-01-21,1642775400000,1642798800000,445.55999755859375,448.05999755859375,437.95001220703125,437.9800109863281,202271200,437.980011
2022-01-24,1643034600000,1643058000000,432.0299987792969,440.3800048828125,420.760009765625,439.8399963378906,251783900,439.839996
2022-01-25,1643121000000,1643144400000,433.05999755859375,439.7200012207031,427.1499938964844,434.4700012207031,167997300,434.470001
2022-01-26,1643207400000,1643230800000,440.7200012207031,444.0400085449219,428.8599853515625,433.3800048828125,186391100,433.380005
2022-01-27,1643293800000,1643317200000,438.260009765625,441.5899963378906,429.45001220703125,431.239990234375,149878300,431.23999
2022-01-28,1643380200000,1643403600000,432.67999267578125,442.0,427.82000732421875,441.95001220703125,164457400,441.950012
2022-01-31,1643639400000,1643662800000,441.239990234375,450.2799987792969,439.80999755859375,449.9100036621094,152251400,449.910004
2022-02-01,1643725800000,1643749200000,450.67999267578125,453.6300048828125,446.94000244140625,452.95001220703125,123155400,452.950012
2022-02-02,1643812200000,1643835600000,455.5,458.1199951171875,453.04998779296875,457.3500061035156,117361000,457.350006
2022-02-03,1643898600000,1643922000000,450.95001220703125,452.9700012207031,445.7099914550781,446.6000061035156,118024400,446.600006
2022-02-04,1643985000000,1644008400000,446.3500061035156,452.7799987792969,443.8299865722656,448.70001220703125,118454400,448.700012
2022-02-07,1644244200000,1644267600000,449.510009765625,450.989990234375,445.8500061035156,447.260009765625,84472900,447.26001
2022-02-08,1644330600000,1644354000000,446.7300109863281,451.9200134277344,445.2200012207031,450.94000244140625,81012000,450.940002
2022-02-09,1644417000000,1644440400000,455.2200012207031,457.8800048828125,455.010009765625,457.5400085449219,92589900,457.540009
2022-02-10,1644503400000,1644526800000,451.3399963378906,457.7099914550781,447.20001220703125,449.32000732421875,140103700,449.320007
2022-02-11,1644589800000,1644613200000,449.4100036621094,451.6099853515625,438.94000244140625,440.4599914550781,153214600,440.459991
2022-02-14,1644849000000,1644872400000,439.9200134277344,441.6000061035156,435.3399963378906,439.0199890136719,123006300,439.019989
2022-02-15,1644935400000,1644958800000,443.7300109863281,446.2799987792969,443.17999267578125,446.1000061035156,88482700,446.100006
2022-02-16,1645021800000,1645045200000,443.92999267578125,448.05999755859375,441.94000244140625,446.6000061035156,84863600,446.600006
2022-02-17,1645108200000,1645131600000,443.2200012207031,446.57000732421875,436.4200134277344,437.05999755859375,102259100,437.059998
2022-02-18,1645194600000,1645218000000,437.3299865722656,438.6600036621094,431.82000732421875,434.2300109863281,132642900,434.230011
2022-02-22,1645540200000,1645563600000,431.8900146484375,435.5,425.8599853515625,429.57000732421875,124391800,429.570007
2022-02-23,1645626600000,1645650000000,432.6600036621094,433.260009765625,421.3500061035156,421.95001220703125,132578000,421.950012
2022-02-24,1645713000000,1645736400000,411.0199890136719,428.760009765625,410.6400146484375,428.29998779296875,213942900,428.299988
2022-02-25,1645799400000,1645822800000,429.6099853515625,437.8399963378906,427.8599853515625,437.75,121804500,437.75
2022-02-28,1646058600000,1646082000000,432.0299987792969,438.20001220703125,430.70001220703125,436.6300048828125,145615000,436.630005
2022-03-01,1646145000000,1646168400000,435.0400085449219,437.1700134277344,427.1099853515625,429.9800109863281,137785900,429.980011
2022-03-02,1646231400000,1646254800000,432.3699951171875,439.7200012207031,431.57000732421875,437.8900146484375,117726500,437.890015
2022-03-03,1646317800000,1646341200000,440.4700012207031,441.1099853515625,433.79998779296875,435.7099914550781,105501700,435.709991
2022-03-04,1646404200000,1646427600000,431.75,433.3699951171875,427.8800048828125,432.1700134277344,113978200,432.170013
2022-03-07,1646663400000,1646686800000,431.54998779296875,432.29998779296875,419.3599853515625,419.42999267578125,137896600,419.429993
2022-03-08,1646749800000,1646773200000,419.6199951171875,427.2099914550781,415.1199951171875,416.25,164772700,416.25
2022-03-09,1646836200000,1646859600000,425.1400146484375,429.510009765625,422.82000732421875,427.4100036621094,116990800,427.410004
2022-03-10,1646922600000,1646946000000,422.5199890136719,426.42999267578125,420.44000244140625,425.4800109863281,93972700,425.480011
2022-03-11,1647009000000,1647032400000,428.1199951171875,428.7699890136719,419.5299987792969,420.07000732421875,95636300,420.070007
2022-03-14,1647264600000,1647288000000,420.8900146484375,424.54998779296875,415.7900085449219,417.0,95729200,417.0
2022-03-15,1647351000000,1647374400000,419.7699890136719,426.8399963378906,418.4200134277344,426.1700134277344,106219100,426.170013
2022-03-16,1647437400000,1647460800000,429.8900146484375,435.67999267578125,424.79998779296875,435.6199951171875,144954800,435.619995
2022-03-17,1647523800000,1647547200000,433.5899963378906,441.07000732421875,433.19000244140625,441.07000732421875,102676900,441.070007
2022-03-18,1647610200000,1647633600000,438.0,444.8599853515625,437.2200012207031,444.5199890136719,106345500,444.519989
2022-03-21,1647869400000,1647892800000,444.3399963378906,446.4599914550781,440.67999267578125,444.3900146484375,88349800,444.390015
2022-03-22,1647955800000,1647979200000,445.8599853515625,450.5799865722656,445.8599853515625,449.5899963378906,74650400,449.589996
2022-03-23,1648042200000,1648065600000,446.9100036621094,448.489990234375,443.7099914550781,443.79998779296875,79426100,443.799988
2022-03-24,1648128600000,1648152000000,445.94000244140625,450.5,444.760009765625,450.489990234375,64736900,450.48999
2022-03-25,1648215000000,1648238400000,451.1600036621094,452.9800109863281,448.42999267578125,452.69000244140625,77101300,452.690002
2022-03-28,1648474200000,1648497600000,452.05999755859375,455.9100036621094,450.05999755859375,455.9100036621094,68529800,455.910004
2022-03-29,1648560600000,1648584000000,460.0199890136719,462.07000732421875,457.17999267578125,461.54998779296875,86581500,461.549988
2022-03-30,1648647000000,1648670400000,460.3399963378906,461.20001220703125,456.4700012207031,458.70001220703125,79666900,458.700012
2022-03-31,1648733400000,1648756800000,457.8900146484375,458.760009765625,451.1600036621094,451.6400146484375,121699900,451.640015
2022-04-01,1648819800000,1648843200000,453.30999755859375,453.4599914550781,449.1400146484375,452.9200134277344,89048800,452.920013
2022-04-04,1649079000000,1649102400000,453.1300048828125,456.9100036621094,452.260009765625,456.79998779296875,59601000,456.799988
2022-04-05,1649165400000,1649188800000,455.2200012207031,457.8299865722656,449.82000732421875,451.0299987792969,74214500,451.029999
2022-04-06,1649251800000,1649275200000,446.8900146484375,448.92999267578125,443.4700012207031,446.5199890136719,106898000,446.519989
2022-04-07,1649338200000,1649361600000,445.5899963378906,450.69000244140625,443.5299987792969,448.7699890136719,78097200,448.769989
2022-04-08,1649424600000,1649448000000,447.9700012207031,450.6300048828125,445.94000244140625,447.57000732421875,79272700,447.570007
2022-04-11,1649683800000,1649707200000,444.1099853515625,445.0,439.3900146484375,439.9200134277344,89770500,439.920013
2022-04-12,1649770200000,1649793600000,443.0799865722656,445.75,436.6499938964844,438.2900085449219,84363600,438.290009
2022-04-13,1649856600000,1649880000000,438.0299987792969,444.1099853515625,437.8399963378906,443.30999755859375,74070400,443.309998
2022-04-14,1649943000000,1649966400000,443.54998779296875,444.7300109863281,437.67999267578125,437.7900085449219,97869500,437.790009
2022-04-18,1650288600000,1650312000000,436.80999755859375,439.75,435.6099853515625,437.9700012207031,66002500,437.970001
2022-04-19,1650375000000,1650398400000,437.8599853515625,445.79998779296875,437.67999267578125,445.0400085449219,77821000,445.040009
2022-04-20,1650461400000,1650484800000,446.9200134277344,447.57000732421875,443.4800109863281,444.7099914550781,65224400,444.709991
2022-04-21,1650547800000,1650571200000,448.5400085449219,450.010009765625,437.1000061035156,438.05999755859375,85417300,438.059998
2022-04-22,1650634200000,1650657600000,436.9100036621094,438.0799865722656,425.44000244140625,426.0400085449219,132471800,426.040009
2022-04-25,1650893400000,1650916800000,423.6700134277344,428.69000244140625,418.8399963378906,428.510009765625,119647700,428.51001
2022-04-26,1650979800000,1651003200000,425.8299865722656,426.0400085449219,416.07000732421875,416.1000061035156,103996300,416.100006
2022-04-27,1651066200000,1651089600000,417.239990234375,422.9200134277344,415.010009765625,417.2699890136719,122030000,417.269989
2022-04-28,1651152600000,1651176000000,422.2900085449219,429.6400146484375,417.6000061035156,427.80999755859375,105449100,427.809998
2022-04-29,1651239000000,1651262400000,423.5899963378906,425.8699951171875,411.2099914550781,412.0,145491100,412.0
2022-05-02,1651498200000,1651521600000,412.07000732421875,415.9200134277344,405.0199890136719,414.4800109863281,158312500,414.480011
2022-05-03,1651584600000,1651608000000,415.010009765625,418.92999267578125,413.3599853515625,416.3800048828125,100028200,416.380005
2022-05-04,1651671000000,1651694400000,417.0799865722656,429.6600036621094,413.7099914550781,429.05999755859375,144247900,429.059998
2022-05-05,1651757400000,1651780800000,424.54998779296875,425.0,409.44000244140625,413.80999755859375,172929100,413.809998
2022-05-06,1651843800000,1651867200000,411.1000061035156,414.79998779296875,405.7300109863281,411.3399963378906,151770800,411.339996
2022-05-09,1652103000000,1652126400000,405.1000061035156,406.4100036621094,396.5,398.1700134277344,155586100,398.170013
2022-05-10,1652189400000,1652212800000,404.489990234375,406.0799865722656,394.82000732421875,399.0899963378906,132497200,399.089996
2022-05-11,1652275800000,1652299200000,398.07000732421875,404.0400085449219,391.9599914550781,392.75,142361000,392.75
2022-05-12,1652362200000,1652385600000,389.3699951171875,395.79998779296875,385.1499938964844,392.3399963378906,125090800,392.339996
2022-05-13,1652448600000,1652472000000,396.7099914550781,403.17999267578125,395.6099853515625,401.7200012207031,104174400,401.720001
2022-05-16,1652707800000,1652731200000,399.9800109863281,403.9700012207031,397.6000061035156,400.0899963378906,78622400,400.089996
2022-05-17,1652794200000,1652817600000,406.5299987792969,408.57000732421875,402.5799865722656,408.32000732421875,83029700,408.320007
2022-05-18,1652880600000,1652904000000,403.5,403.79998779296875,390.54998779296875,391.8599853515625,117674500,391.859985
2022-05-19,1652967000000,1652990400000,388.6199951171875,394.1400146484375,387.1099853515625,389.4599914550781,98510700,389.459991
2022-05-20,1653053400000,1653076800000,393.25,397.0299987792969,380.5400085449219,389.6300048828125,131432200,389.630005
2022-05-23,1653312600000,1653336000000,392.8299865722656,397.7300109863281,390.3800048828125,396.9200134277344,76414900,396.920013
2022-05-24,1653399000000,1653422400000,392.55999755859375,395.1499938964844,386.9599914550781,393.8900146484375,91448800,393.890015
2022-05-25,1653485400000,1653508800000,392.30999755859375,399.45001220703125,391.8900146484375,397.3699951171875,91472900,397.369995
2022-05-26,1653571800000,1653595200000,398.6700134277344,407.0400085449219,398.45001220703125,405.30999755859375,82168300,405.309998
2022-05-27,1653658200000,1653681600000,407.9100036621094,415.3800048828125,407.70001220703125,415.260009765625,84768700,415.26001
2022-05-31,1654003800000,1654027200000,413.54998779296875,416.4599914550781,410.0299987792969,412.92999267578125,95937000,412.929993
2022-06-01,1654090200000,1654113600000,415.1700134277344,416.239990234375,406.92999267578125,409.5899963378906,86585800,409.589996
2022-06-02,1654176600000,1654200000000,409.4200134277344,417.44000244140625,407.0400085449219,417.3900146484375,79609600,417.390015
2022-06-03,1654263000000,1654286400000,412.3999938964844,414.0400085449219,409.510009765625,410.5400085449219,71874300,410.540009
2022-06-06,1654522200000,1654545600000,414.7799987792969,416.6099853515625,410.54998779296875,411.7900085449219,57508900,411.790009
2022-06-07,1654608600000,1654632000000,408.1000061035156,416.2200012207031,407.6099853515625,415.739990234375,59272400,415.73999
2022-06-08,1654695000000,1654718400000,413.92999267578125,415.82000732421875,410.3800048828125,411.2200012207031,64350000,411.220001
2022-06-09,1654781400000,1654804800000,409.3399963378906,411.739990234375,401.44000244140625,401.44000244140625,86289800,401.440002
2022-06-10,1654867800000,1654891200000,394.8800048828125,395.7799987792969,389.75,389.79998779296875,132893900,389.799988
2022-06-13,1655127000000,1655150400000,379.8500061035156,381.80999755859375,373.29998779296875,375.0,170004900,375.0
2022-06-14,1655213400000,1655236800000,376.8500061035156,377.94000244140625,370.5899963378906,373.8699951171875,104011800,373.869995
2022-06-15,1655299800000,1655323200000,377.3599853515625,383.8999938964844,372.1199951171875,379.20001220703125,125666800,379.200012
2022-06-16,1655386200000,1655409600000,370.510009765625,370.94000244140625,364.0799865722656,366.6499938964844,134473300,366.649994
2022-06-17,1655472600000,1655496000000,365.510009765625,369.3800048828125,362.1700134277344,365.8599853515625,111113900,365.859985
2022-06-21,1655818200000,1655841600000,371.8900146484375,376.5299987792969,371.80999755859375,375.07000732421875,76811900,375.070007
2022-06-22,1655904600000,1655928000000,370.6199951171875,378.7200012207031,370.17999267578125,374.3900146484375,90059400,374.390015
2022-06-23,1655991000000,1656014400000,376.6400146484375,378.8299865722656,372.8900146484375,378.05999755859375,79292100,378.059998
2022-06-24,1656077400000,1656100800000,381.3999938964844,390.0899963378906,381.3699951171875,390.0799865722656,98050300,390.079987
2022-06-27,1656336600000,1656360000000,391.04998779296875,391.3599853515625,387.44000244140625,388.5899963378906,66009600,388.589996
2022-06-28,1656423000000,1656446400000,390.2300109863281,393.1600036621094,380.5299987792969,380.6499938964844,86548900,380.649994
2022-06-29,1656509400000,1656532800000,381.2300109863281,382.2699890136719,378.4200134277344,380.3399963378906,65676000,380.339996
2022-06-30,1656595800000,1656619200000,376.239990234375,380.6600036621094,372.55999755859375,377.25,112508300,377.25
2022-07-01,1656682200000,1656705600000,376.55999755859375,381.70001220703125,373.79998779296875,381.239990234375,74839700,381.23999
2022-07-05,1657027800000,1657051200000,375.8800048828125,381.9800109863281,372.8999938964844,381.9599914550781,81438000,381.959991
2022-07-06,1657114200000,1657137600000,382.1099853515625,385.8699951171875,379.6000061035156,383.25,70426200,383.25
2022-07-07,1657200600000,1657224000000,385.1199951171875,389.8299865722656,383.2699890136719,388.989990234375,64525900,388.98999
2022-07-08,1657287000000,1657310400000,387.2699890136719,390.6400146484375,385.6600036621094,388.6700134277344,72397800,388.670013
2022-07-11,1657546200000,1657569600000,385.8500061035156,386.8699951171875,383.5,384.2300109863281,58366900,384.230011
2022-07-12,1657632600000,1657656000000,383.6499938964844,386.1600036621094,378.989990234375,380.8299865722656,62219200,380.829987
2022-07-13,1657719000000,1657742400000,375.1000061035156,381.9200134277344,374.6600036621094,378.8299865722656,84224600,378.829987
2022-07-14,1657805400000,1657828800000,373.6099853515625,379.04998779296875,371.0400085449219,377.9100036621094,89704800,377.910004
2022-07-15,1657891800000,1657915200000,382.54998779296875,385.25,380.5400085449219,385.1300048828125,79060400,385.130005
2022-07-18,1658151000000,1658174400000,388.3800048828125,389.0899963378906,380.6600036621094,381.95001220703125,63203600,381.950012
2022-07-19,1658237400000,1658260800000,386.0799865722656,392.8699951171875,385.3900146484375,392.2699890136719,78506000,392.269989
2022-07-20,1658323800000,1658347200000,392.4700012207031,396.260009765625,391.0299987792969,394.7699890136719,71843800,394.769989
2022-07-21,1658410200000,1658433600000,394.1600036621094,398.8399963378906,391.6300048828125,398.7900085449219,64903900,398.790009
2022-07-22,1658496600000,1658520000000,398.9200134277344,400.17999267578125,392.75,395.0899963378906,72197300,395.089996
2022-07-25,1658755800000,1658779200000,395.75,396.4700012207031,393.2099914550781,395.57000732421875,53631500,395.570007
2022-07-26,1658842200000,1658865600000,393.8399963378906,394.05999755859375,389.95001220703125,390.8900146484375,52946400,390.890015
2022-07-27,1658928600000,1658952000000,394.3599853515625,402.8800048828125,394.04998779296875,401.0400085449219,82342100,401.040009
2022-07-28,1659015000000,1659038400000,401.8900146484375,406.79998779296875,398.1499938964844,406.07000732421875,73966600,406.070007
2022-07-29,1659101400000,1659124800000,407.5799865722656,413.0299987792969,406.7699890136719,411.989990234375,87003700,411.98999
2022-08-01,1659360600000,1659384000000,409.1499938964844,413.4100036621094,408.3999938964844,410.7699890136719,69997500,410.769989
2022-08-02,1659447000000,1659470400000,409.1199951171875,413.0,406.82000732421875,408.05999755859375,63435400,408.059998
2022-08-03,1659533400000,1659556800000,410.29998779296875,415.67999267578125,410.0,414.45001220703125,67820600,414.450012
2022-08-04,1659619800000,1659643200000,414.3699951171875,415.0899963378906,412.44000244140625,414.1700134277344,45656600,414.170013
2022-08-05,1659706200000,1659729600000,409.6600036621094,414.1499938964844,409.6000061035156,413.4700012207031,56814900,413.470001
2022-08-08,1659965400000,1659988800000,415.25,417.6199951171875,411.8299865722656,412.989990234375,53886100,412.98999
2022-08-09,1660051800000,1660075200000,412.2200012207031,412.75,410.2200012207031,411.3500061035156,44931800,411.350006
2022-08-10,1660138200000,1660161600000,418.7799987792969,420.1400146484375,416.7200012207031,419.989990234375,68665700,419.98999
2022-08-11,1660224600000,1660248000000,422.989990234375,424.95001220703125,419.2099914550781,419.989990234375,59489700,419.98999
2022-08-12,1660311000000,1660334400000,422.0299987792969,427.2099914550781,421.0299987792969,427.1000061035156,61694500,427.100006
2022-08-15,1660570200000,1660593600000,424.7699890136719,429.4100036621094,424.7099914550781,428.8599853515625,54048300,428.859985
2022-08-16,1660656600000,1660680000000,427.7300109863281,431.7300109863281,426.8800048828125,429.70001220703125,59289000,429.700012
2022-08-17,1660743000000,1660766400000,425.9100036621094,429.5,424.5400085449219,426.6499938964844,63563400,426.649994
2022-08-18,1660829400000,1660852800000,426.8599853515625,428.6099853515625,425.5,427.8900146484375,49023200,427.890015
2022-08-19,1660915800000,1660939200000,424.9800109863281,425.260009765625,421.2200012207031,422.1400146484375,68016900,422.140015
2022-08-22,1661175000000,1661198400000,417.04998779296875,417.2300109863281,412.3999938964844,413.3500061035156,77695600,413.350006
2022-08-23,1661261400000,1661284800000,412.8999938964844,415.4200134277344,411.7699890136719,412.3500061035156,49105200,412.350006
2022-08-24,1661347800000,1661371200000,412.1099853515625,415.1099853515625,411.3900146484375,413.6700134277344,49177800,413.670013
2022-08-25,1661434200000,1661457600000,415.239990234375,419.55999755859375,414.0899963378906,419.510009765625,50942300,419.51001
2022-08-26,1661520600000,1661544000000,419.3900146484375,419.9599914550781,405.25,405.30999755859375,103087000,405.309998
2022-08-29,1661779800000,1661803200000,402.20001220703125,405.8399963378906,401.20001220703125,402.6300048828125,65370800,402.630005
2022-08-30,1661866200000,1661889600000,403.8500061035156,404.1000061035156,396.0,398.2099914550781,85652400,398.209991
2022-08-31,1661952600000,1661976000000,399.92999267578125,401.239990234375,395.0400085449219,395.17999267578125,76029700,395.179993
2022-09-01,1662039000000,1662062400000,392.8900146484375,396.7799987792969,390.0400085449219,396.4200134277344,78740100,396.420013
2022-09-02,1662125400000,1662148800000,400.2799987792969,401.55999755859375,390.3299865722656,392.239990234375,99632100,392.23999
2022-09-06,1662471000000,1662494400000,393.1300048828125,394.1199951171875,388.4200134277344,390.760009765625,76637400,390.76001
2022-09-07,1662557400000,1662580800000,390.42999267578125,398.5899963378906,390.20001220703125,397.7799987792969,70964200,397.779999
2022-09-08,1662643800000,1662667200000,395.3900146484375,400.8599853515625,394.1199951171875,400.3800048828125,80821700,400.380005
2022-09-09,1662730200000,1662753600000,402.739990234375,407.510009765625,402.4599914550781,406.6000061035156,76706900,406.600006
2022-09-12,1662989400000,1663012800000,408.7799987792969,411.7300109863281,408.4599914550781,410.9700012207031,69256300,410.970001
2022-09-13,1663075800000,1663099200000,401.8299865722656,403.1000061035156,391.9200134277344,393.1000061035156,122947100,393.100006
2022-09-14,1663162200000,1663185600000,394.4700012207031,396.20001220703125,391.1199951171875,394.6000061035156,85023700,394.600006
2022-09-15,1663248600000,1663272000000,392.9599914550781,395.9599914550781,388.7799987792969,390.1199951171875,87633800,390.119995
2022-09-16,1663335000000,1663358400000,384.1400146484375,386.25,382.1099853515625,385.55999755859375,103084800,385.559998
2022-09-19,1663594200000,1663617600000,382.260009765625,388.54998779296875,382.17999267578125,388.54998779296875,73278500,388.549988
2022-09-20,1663680600000,1663704000000,385.05999755859375,386.1199951171875,381.20001220703125,384.0899963378906,77274900,384.089996
2022-09-21,1663767000000,1663790400000,386.1099853515625,389.30999755859375,377.3800048828125,377.3900146484375,106746600,377.390015
2022-09-22,1663853400000,1663876800000,376.5799865722656,378.29998779296875,373.44000244140625,374.2200012207031,89472600,374.220001
2022-09-23,1663939800000,1663963200000,370.5799865722656,370.6199951171875,363.2900085449219,367.95001220703125,122346900,367.950012
2022-09-26,1664199000000,1664222400000,366.4100036621094,370.2099914550781,363.0299987792969,364.30999755859375,92581200,364.309998
2022-09-27,1664285400000,1664308800000,368.0199890136719,370.3999938964844,360.8699951171875,363.3800048828125,108294100,363.380005
2022-09-28,1664371800000,1664395200000,364.3800048828125,372.29998779296875,362.6000061035156,370.5299987792969,110802200,370.529999
2022-09-29,1664458200000,1664481600000,366.80999755859375,367.1099853515625,359.70001220703125,362.7900085449219,112952300,362.790009
2022-09-30,1664544600000,1664568000000,361.79998779296875,365.9100036621094,357.0400085449219,357.17999267578125,153711200,357.179993
2022-10-03,1664803800000,1664827200000,361.0799865722656,368.54998779296875,359.2099914550781,366.6099853515625,89756500,366.609985
2022-10-04,1664890200000,1664913600000,372.3999938964844,378.0,366.57000732421875,377.9700012207031,103602800,377.970001
2022-10-05,1664976600000,1665000000000,373.3900146484375,379.4599914550781,370.95001220703125,377.0899963378906,88065700,377.089996
2022-10-06,1665063000000,1665086400000,375.6199951171875,378.7200012207031,372.67999267578125,373.20001220703125,82333500,373.200012
2022-10-07,1665149400000,1665172800000,368.9700012207031,373.2900085449219,360.94000244140625,362.7900085449219,107789500,362.790009
2022-10-10,1665408600000,1665432000000,363.9599914550781,364.2099914550781,357.6700134277344,360.0199890136719,76042800,360.019989
2022-10-11,1665495000000,1665518400000,358.239990234375,363.0299987792969,355.7099914550781,357.739990234375,92482800,357.73999
2022-10-12,1665581400000,1665604800000,358.1700134277344,359.82000732421875,356.29998779296875,356.55999755859375,76991800,356.559998
2022-10-13,1665667800000,1665691200000,349.2099914550781,367.510009765625,348.1099853515625,365.9700012207031,147254500,365.970001
2022-10-14,1665754200000,1665777600000,368.54998779296875,370.260009765625,356.9599914550781,357.6300048828125,123737000,357.630005
2022-10-17,1666013400000,1666036800000,364.010009765625,367.9800109863281,357.2799987792969,366.82000732421875,93168200,366.820007
2022-10-18,1666099800000,1666123200000,375.1300048828125,375.45001220703125,367.5199890136719,371.1300048828125,97162900,371.130005
2022-10-19,1666186200000,1666209600000,368.989990234375,371.8500061035156,365.54998779296875,368.5,79746900,368.5
2022-10-20,1666272600000,1666296000000,368.0299987792969,372.6700134277344,364.6099853515625,365.4100036621094,88283100,365.410004
2022-10-21,1666359000000,1666382400000,365.1199951171875,374.79998779296875,363.5400085449219,374.2900085449219,131038400,374.290009
2022-10-24,1666618200000,1666641600000,375.8900146484375,380.05999755859375,373.1099853515625,378.8699951171875,85436900,378.869995
2022-10-25,1666704600000,1666728000000,378.7900085449219,385.25,378.6700134277344,384.9200134277344,78846300,384.920013
2022-10-26,1666791000000,1666814400000,381.6199951171875,387.5799865722656,381.3500061035156,382.0199890136719,104087300,382.019989
2022-10-27,1666877400000,1666900800000,383.07000732421875,385.0,379.3299865722656,379.9800109863281,81971800,379.980011
2022-10-28,1666963800000,1666987200000,379.8699951171875,389.5199890136719,379.67999267578125,389.0199890136719,100302000,389.019989
2022-10-31,1667223000000,1667246400000,386.44000244140625,388.3999938964844,385.260009765625,386.2099914550781,96631300,386.209991
2022-11-01,1667309400000,1667332800000,390.1400146484375,390.3900146484375,383.2900085449219,384.5199890136719,85407600,384.519989
2022-11-02,1667395800000,1667419200000,383.8999938964844,388.6300048828125,374.760009765625,374.8699951171875,126990400,374.869995
2022-11-03,1667482200000,1667505600000,371.4700012207031,374.20001220703125,368.7900085449219,371.010009765625,87100100,371.01001
2022-11-04,1667568600000,1667592000000,377.0,378.8699951171875,370.0,376.3500061035156,103505200,376.350006
2022-11-07,1667831400000,1667854800000,377.7099914550781,380.57000732421875,375.5299987792969,379.95001220703125,68286900,379.950012
2022-11-08,1667917800000,1667941200000,381.1099853515625,385.1199951171875,377.7200012207031,382.0,84641100,382.0
2022-11-09,1668004200000,1668027600000,379.92999267578125,381.1400146484375,373.6099853515625,374.1300048828125,78495500,374.130005
2022-11-10,1668090600000,1668114000000,388.04998779296875,395.0400085449219,385.6400146484375,394.69000244140625,141455800,394.690002
2022-11-11,1668177000000,1668200400000,395.5899963378906,399.3500061035156,393.6099853515625,398.510009765625,93839900,398.51001
2022-11-14,1668436200000,1668459600000,396.6600036621094,400.17999267578125,394.8299865722656,395.1199951171875,71903500,395.119995
2022-11-15,1668522600000,1668546000000,401.1499938964844,402.30999755859375,394.489990234375,398.489990234375,93194500,398.48999
2022-11-16,1668609000000,1668632400000,396.7799987792969,397.7799987792969,394.7900085449219,395.45001220703125,68508500,395.450012
2022-11-17,1668695400000,1668718800000,390.4599914550781,394.95001220703125,390.1400146484375,394.239990234375,74496300,394.23999
2022-11-18,1668781800000,1668805200000,397.739990234375,397.80999755859375,393.0400085449219,396.0299987792969,92922500,396.029999
2022-11-21,1669041000000,1669064400000,394.6400146484375,395.82000732421875,392.6600036621094,394.5899963378906,51243200,394.589996
2022-11-22,1669127400000,1669150800000,396.6300048828125,400.07000732421875,395.1499938964844,399.8999938964844,60429000,399.899994
2022-11-23,1669213800000,1669237200000,399.54998779296875,402.92999267578125,399.30999755859375,402.4200134277344,68261600,402.420013
2022-11-25,1669386600000,1669410000000,401.8299865722656,402.9100036621094,401.5400085449219,402.3299865722656,30545400,402.329987
2022-11-28,1669645800000,1669669200000,399.0899963378906,400.80999755859375,395.1099853515625,395.9100036621094,67881600,395.910004
2022-11-29,1669732200000,1669755600000,396.04998779296875,397.29998779296875,393.29998779296875,395.2300109863281,52310000,395.230011
2022-11-30,1669818600000,1669842000000,395.489990234375,407.67999267578125,393.4800109863281,407.67999267578125,144566700,407.679993
2022-12-01,1669905000000,1669928400000,408.7699890136719,410.0,404.75,407.3800048828125,76398200,407.380005
2022-12-02,1669991400000,1670014800000,402.25,407.8599853515625,402.1400146484375,406.9100036621094,85342700,406.910004
2022-12-05,1670250600000,1670274000000,403.95001220703125,404.92999267578125,398.1700134277344,399.5899963378906,77289800,399.589996
2022-12-06,1670337000000,1670360400000,399.4200134277344,399.989990234375,391.6400146484375,393.8299865722656,77972200,393.829987
2022-12-07,1670423400000,1670446800000,392.94000244140625,395.6400146484375,391.9700012207031,393.1600036621094,65927900,393.160004
2022-12-08,1670509800000,1670533200000,395.1400146484375,397.3599853515625,393.2699890136719,396.239990234375,60737900,396.23999
2022-12-09,1670596200000,1670619600000,394.94000244140625,397.6199951171875,393.1499938964844,393.2799987792969,81447700,393.279999
2022-12-12,1670855400000,1670878800000,394.1099853515625,398.95001220703125,393.4100036621094,398.95001220703125,75405800,398.950012
2022-12-13,1670941800000,1670965200000,410.2200012207031,410.489990234375,399.07000732421875,401.9700012207031,123782500,401.970001
2022-12-14,1671028200000,1671051600000,401.6099853515625,405.5,396.30999755859375,399.3999938964844,108111300,399.399994
2022-12-15,1671114600000,1671138000000,394.29998779296875,395.25,387.8900146484375,389.6300048828125,117705900,389.630005
2022-12-16,1671201000000,1671224400000,385.17999267578125,386.5799865722656,381.0400085449219,383.2699890136719,119858000,383.269989
2022-12-19,1671460200000,1671483600000,383.4700012207031,383.82000732421875,378.2799987792969,380.0199890136719,79878100,380.019989
2022-12-20,1671546600000,1671570000000,379.2300109863281,382.2300109863281,377.8500061035156,380.5400085449219,74427200,380.540009
2022-12-21,1671633000000,1671656400000,383.25,387.4100036621094,382.69000244140625,386.2300109863281,78167400,386.230011
2022-12-22,1671719400000,1671742800000,383.04998779296875,386.2099914550781,374.7699890136719,380.7200012207031,100120900,380.720001
2022-12-23,1671805800000,1671829200000,379.6499938964844,383.05999755859375,378.0299987792969,382.9100036621094,59857300,382.910004
2022-12-27,1672151400000,1672174800000,382.7900085449219,383.1499938964844,379.6499938964844,381.3999938964844,51638200,381.399994
2022-12-28,1672237800000,1672261200000,381.3299865722656,383.3900146484375,376.4200134277344,376.6600036621094,70911500,376.660004
2022-12-29,1672324200000,1672347600000,379.6300048828125,384.3500061035156,379.0799865722656,383.44000244140625,66970900,383.440002
2022-12-30,1672410600000,1672434000000,380.6400146484375,382.5799865722656,378.42999267578125,382.42999267578125,84022200,382.429993
2023-01-03,1672756200000,1672779600000,384.3699951171875,386.42999267578125,377.8299865722656,380.82000732421875,74850700,380.820007
2023-01-04,1672842600000,1672866000000,383.17999267578125,385.8800048828125,380.0,383.760009765625,85934100,383.76001
2023-01-05,1672929000000,1672952400000,381.7200012207031,381.8399963378906,378.760009765625,379.3800048828125,76970500,379.380005
2023-01-06,1673015400000,1673038800000,382.6099853515625,389.25,379.4100036621094,388.0799865722656,104189600,388.079987
2023-01-09,1673274600000,1673298000000,390.3699951171875,393.70001220703125,387.6700134277344,387.8599853515625,73978100,387.859985
2023-01-10,1673361000000,1673384400000,387.25,390.6499938964844,386.2699890136719,390.5799865722656,65358100,390.579987
2023-01-11,1673447400000,1673470800000,392.2300109863281,395.6000061035156,391.3800048828125,395.5199890136719,68881100,395.519989
2023-01-12,1673533800000,1673557200000,396.6700134277344,398.489990234375,392.4200134277344,396.9599914550781,90157700,396.959991
2023-01-13,1673620200000,1673643600000,393.6199951171875,399.1000061035156,393.3399963378906,398.5,63903900,398.5
2023-01-17,1673965800000,1673989200000,398.4800109863281,400.2300109863281,397.05999755859375,397.7699890136719,62677300,397.769989
2023-01-18,1674052200000,1674075600000,399.010009765625,400.1199951171875,391.2799987792969,391.489990234375,99632300,391.48999
2023-01-19,1674138600000,1674162000000,389.3599853515625,391.0799865722656,387.260009765625,388.6400146484375,86958900,388.640015
2023-01-20,1674225000000,1674248400000,390.1000061035156,396.0400085449219,388.3800048828125,395.8800048828125,91806400,395.880005
2023-01-23,1674484200000,1674507600000,396.7200012207031,402.6499938964844,395.7200012207031,400.6300048828125,84178800,400.630005
2023-01-24,1674570600000,1674594000000,398.8800048828125,401.1499938964844,397.6400146484375,400.20001220703125,59524900,400.200012
2023-01-25,1674657000000,1674680400000,395.95001220703125,400.70001220703125,393.55999755859375,400.3500061035156,84800300,400.350006
2023-01-26,1674743400000,1674766800000,403.1300048828125,404.9200134277344,400.0299987792969,404.75,72287400,404.75
2023-01-27,1674829800000,1674853200000,403.6600036621094,408.1600036621094,403.44000244140625,405.67999267578125,68346200,405.679993
2023-01-30,1675089000000,1675112400000,402.79998779296875,405.1300048828125,400.2799987792969,400.5899963378906,74202000,400.589996
2023-01-31,1675175400000,1675198800000,401.1300048828125,406.5299987792969,400.7699890136719,406.4800109863281,86811800,406.480011
2023-02-01,1675261800000,1675285200000,405.2099914550781,413.6700134277344,402.3500061035156,410.79998779296875,101459200,410.799988
2023-02-02,1675348200000,1675371600000,414.8599853515625,418.30999755859375,412.8800048828125,416.7799987792969,101654500,416.779999
2023-02-03,1675434600000,1675458000000,411.5899963378906,416.9700012207031,411.0899963378906,412.3500061035156,94736800,412.350006
2023-02-06,1675693800000,1675717200000,409.7900085449219,411.2900085449219,408.1000061035156,409.8299865722656,60295300,409.829987
2023-02-07,1675780200000,1675803600000,408.8699951171875,416.489990234375,407.57000732421875,415.19000244140625,90990700,415.190002
2023-02-08,1675866600000,1675890000000,413.1300048828125,414.5299987792969,409.92999267578125,410.6499938964844,76227500,410.649994
2023-02-09,1675953000000,1675976400000,414.4100036621094,414.57000732421875,405.80999755859375,407.0899963378906,78694900,407.089996
2023-02-10,1676039400000,1676062800000,405.8599853515625,408.44000244140625,405.010009765625,408.0400085449219,70769700,408.040009
2023-02-13,1676298600000,1676322000000,408.7200012207031,412.9700012207031,408.239990234375,412.8299865722656,64913500,412.829987
2023-02-14,1676385000000,1676408400000,411.239990234375,415.04998779296875,408.510009765625,412.6400146484375,88389300,412.640015
2023-02-15,1676471400000,1676494800000,410.3500061035156,414.05999755859375,409.4700012207031,413.9800109863281,61555700,413.980011
2023-02-16,1676557800000,1676581200000,408.7900085449219,412.9100036621094,408.1400146484375,408.2799987792969,76431500,408.279999
2023-02-17,1676644200000,1676667600000,406.05999755859375,407.510009765625,404.04998779296875,407.260009765625,89257800,407.26001
2023-02-21,1676989800000,1677013200000,403.05999755859375,404.1600036621094,398.82000732421875,399.0899963378906,82655900,399.089996
2023-02-22,1677076200000,1677099600000,399.5199890136719,401.1300048828125,397.0199890136719,398.5400085449219,83742300,398.540009
2023-02-23,1677162600000,1677186000000,401.55999755859375,402.20001220703125,396.25,400.6600036621094,96242400,400.660004
2023-02-24,1677249000000,1677272400000,395.4200134277344,397.25,393.6400146484375,396.3800048828125,108194400,396.380005
2023-02-27,1677508200000,1677531600000,399.8699951171875,401.2900085449219,396.75,397.7300109863281,80444700,397.730011
2023-02-28,1677594600000,1677618000000,397.2300109863281,399.2799987792969,396.1499938964844,396.260009765625,96438600,396.26001
2023-03-01,1677681000000,1677704400000,395.4100036621094,396.69000244140625,393.3800048828125,394.739990234375,99706800,394.73999
2023-03-02,1677767400000,1677790800000,392.67999267578125,398.69000244140625,392.3299865722656,397.80999755859375,85127800,397.809998
2023-03-03,1677853800000,1677877200000,399.7099914550781,404.45001220703125,399.0299987792969,404.19000244140625,90120000,404.190002
2023-03-06,1678113000000,1678136400000,405.04998779296875,407.45001220703125,404.010009765625,404.4700012207031,72795900,404.470001
2023-03-07,1678199400000,1678222800000,404.4200134277344,404.6700134277344,397.6300048828125,398.2699890136719,108310600,398.269989
2023-03-08,1678285800000,1678309200000,398.3900146484375,399.7099914550781,396.5899963378906,398.9200134277344,74746600,398.920013
2023-03-09,1678372200000,1678395600000,399.739990234375,401.4800109863281,390.5299987792969,391.55999755859375,111945300,391.559998
2023-03-10,1678458600000,1678482000000,390.989990234375,393.1600036621094,384.32000732421875,385.9100036621094,189253000,385.910004
2023-03-13,1678714200000,1678737600000,381.80999755859375,390.3900146484375,380.6499938964844,385.3599853515625,157790000,385.359985
2023-03-14,1678800600000,1678824000000,390.5,393.45001220703125,387.04998779296875,391.7300109863281,149752400,391.730011
2023-03-15,1678887000000,1678910400000,385.8900146484375,389.489990234375,383.7099914550781,389.2799987792969,172996900,389.279999
2023-03-16,1678973400000,1678996800000,386.82000732421875,396.4700012207031,386.2900085449219,396.1099853515625,143254200,396.109985
2023-03-17,1679059800000,1679083200000,393.2200012207031,394.3999938964844,388.54998779296875,389.989990234375,140553400,389.98999
2023-03-20,1679319000000,1679342400000,390.79998779296875,394.1700134277344,390.07000732421875,393.739990234375,93055800,393.73999
2023-03-21,1679405400000,1679428800000,397.239990234375,399.4100036621094,395.5799865722656,398.9100036621094,91524200,398.910004
2023-03-22,1679491800000,1679515200000,398.7300109863281,402.489990234375,392.07000732421875,392.1099853515625,111746600,392.109985
2023-03-23,1679578200000,1679601600000,395.0899963378906,399.2900085449219,390.3500061035156,393.1700134277344,119351300,393.170013
2023-03-24,1679664600000,1679688000000,391.8399963378906,395.8399963378906,389.3999938964844,395.75,107682400,395.75
2023-03-27,1679923800000,1679947200000,398.1199951171875,398.9200134277344,395.55999755859375,396.489990234375,74010400,396.48999
2023-03-28,1680010200000,1680033600000,395.7699890136719,396.489990234375,393.69000244140625,395.6000061035156,62871700,395.600006
2023-03-29,1680096600000,1680120000000,399.92999267578125,401.6000061035156,398.67999267578125,401.3500061035156,77497900,401.350006
2023-03-30,1680183000000,1680206400000,404.0899963378906,404.3500061035156,401.760009765625,403.70001220703125,69840000,403.700012
2023-03-31,1680269400000,1680292800000,404.6600036621094,409.70001220703125,404.54998779296875,409.3900146484375,112062600,409.390015
2023-04-03,1680528600000,1680552000000,408.8500061035156,411.3699951171875,408.44000244140625,410.95001220703125,67391100,410.950012
2023-04-04,1680615000000,1680638400000,411.6199951171875,411.9200134277344,407.239990234375,408.6700134277344,66601500,408.670013
2023-04-05,1680701400000,1680724800000,407.9100036621094,408.70001220703125,405.8800048828125,407.6000061035156,65200200,407.600006
2023-04-06,1680787800000,1680811200000,406.7699890136719,409.4800109863281,405.67999267578125,409.19000244140625,63743300,409.190002
2023-04-10,1681133400000,1681156800000,406.6099853515625,409.69000244140625,405.9700012207031,409.6099853515625,63681000,409.609985
2023-04-11,1681219800000,1681243200000,410.260009765625,411.17999267578125,408.9200134277344,409.7200012207031,59297900,409.720001
2023-04-12,1681306200000,1681329600000,411.8699951171875,412.1700134277344,407.44000244140625,408.04998779296875,86420400,408.049988
2023-04-13,1681392600000,1681416000000,409.17999267578125,413.8399963378906,407.989990234375,413.4700012207031,85814800,413.470001
2023-04-14,1681479000000,1681502400000,412.80999755859375,415.0899963378906,410.05999755859375,412.4599914550781,78161500,412.459991
2023-04-17,1681738200000,1681761600000,412.3699951171875,413.9599914550781,411.0899963378906,413.94000244140625,66436400,413.940002
2023-04-18,1681824600000,1681848000000,415.5799865722656,415.7200012207031,412.7799987792969,414.2099914550781,63560000,414.209991
2023-04-19,1681911000000,1681934400000,412.2200012207031,415.0799865722656,412.1600036621094,414.1400146484375,55227300,414.140015
2023-04-20,1681997400000,1682020800000,411.2099914550781,413.70001220703125,410.2699890136719,411.8800048828125,75840400,411.880005
2023-04-21,1682083800000,1682107200000,412.19000244140625,412.67999267578125,410.1700134277344,412.20001220703125,73457400,412.200012
2023-04-24,1682343000000,1682366400000,411.989990234375,413.07000732421875,410.6000061035156,412.6300048828125,64332100,412.630005
2023-04-25,1682429400000,1682452800000,410.5799865722656,411.1600036621094,406.0199890136719,406.0799865722656,97766700,406.079987
2023-04-26,1682515800000,1682539200000,406.7200012207031,407.8399963378906,403.7799987792969,404.3599853515625,80447000,404.359985
2023-04-27,1682602200000,1682625600000,407.0,412.69000244140625,406.739990234375,412.4100036621094,92968400,412.410004
2023-04-28,1682688600000,1682712000000,411.489990234375,415.94000244140625,411.42999267578125,415.92999267578125,89433100,415.929993
2023-05-01,1682947800000,1682971200000,415.4700012207031,417.6199951171875,415.2699890136719,415.510009765625,62122300,415.51001
2023-05-02,1683034200000,1683057600000,414.7699890136719,414.82000732421875,407.82000732421875,410.8399963378906,103998500,410.839996
2023-05-03,1683120600000,1683144000000,411.3599853515625,413.8699951171875,407.7699890136719,408.0199890136719,91531800,408.019989
2023-05-04,1683207000000,1683230400000,406.92999267578125,407.2699890136719,403.739990234375,405.1300048828125,94901900,405.130005
2023-05-05,1683293400000,1683316800000,408.9100036621094,413.7200012207031,408.6400146484375,412.6300048828125,87891800,412.630005
2023-05-08,1683552600000,1683576000000,412.9700012207031,413.239990234375,411.2799987792969,412.739990234375,50046800,412.73999
2023-05-09,1683639000000,1683662400000,411.1300048828125,412.0899963378906,410.69000244140625,410.92999267578125,49220100,410.929993
2023-05-10,1683725400000,1683748800000,413.8800048828125,414.5400085449219,408.8699951171875,412.8500061035156,96142900,412.850006
2023-05-11,1683811800000,1683835200000,411.95001220703125,412.42999267578125,409.9700012207031,412.1300048828125,70157100,412.130005
2023-05-12,1683898200000,1683921600000,413.4200134277344,413.6400146484375,409.07000732421875,411.5899963378906,70481500,411.589996
2023-05-15,1684157400000,1684180800000,412.2200012207031,413.42999267578125,410.2300109863281,413.010009765625,54289400,413.01001
2023-05-16,1684243800000,1684267200000,411.8599853515625,412.82000732421875,410.239990234375,410.25,57705500,410.25
2023-05-17,1684330200000,1684353600000,412.3500061035156,415.8599853515625,410.6400146484375,415.2300109863281,87287000,415.230011
2023-05-18,1684416600000,1684440000000,414.8999938964844,419.6700134277344,414.6700134277344,419.2300109863281,97177200,419.230011
2023-05-19,1684503000000,1684526400000,420.1700134277344,420.7200012207031,417.3500061035156,418.6199951171875,103793300,418.619995
2023-05-22,1684762200000,1684785600000,418.6400146484375,420.3900146484375,417.3500061035156,418.7900085449219,60745400,418.790009
2023-05-23,1684848600000,1684872000000,417.0799865722656,418.7200012207031,413.67999267578125,414.0899963378906,86383500,414.089996
2023-05-24,1684935000000,1684958400000,412.4200134277344,412.82000732421875,409.8800048828125,411.0899963378906,89213700,411.089996
2023-05-25,1685021400000,1685044800000,414.739990234375,416.1600036621094,412.4100036621094,414.6499938964844,90961600,414.649994
2023-05-26,1685107800000,1685131200000,415.3299865722656,420.7699890136719,415.25,420.0199890136719,93830000,420.019989
2023-05-30,1685453400000,1685476800000,422.0299987792969,422.5799865722656,418.739990234375,420.17999267578125,72216000,420.179993
2023-05-31,1685539800000,1685563200000,418.2799987792969,419.2200012207031,416.2200012207031,417.8500061035156,110811800,417.850006
2023-06-01,1685626200000,1685649600000,418.0899963378906,422.9200134277344,416.7900085449219,421.82000732421875,88865000,421.820007
2023-06-02,1685712600000,1685736000000,424.5,428.739990234375,423.95001220703125,427.9200134277344,91426200,427.920013
2023-06-05,1685971800000,1685995200000,428.2799987792969,429.6199951171875,426.3699951171875,427.1000061035156,65460200,427.100006
2023-06-06,1686058200000,1686081600000,426.6700134277344,428.5799865722656,425.989990234375,428.0299987792969,64022200,428.029999
2023-06-07,1686144600000,1686168000000,428.44000244140625,429.6199951171875,426.1099853515625,426.54998779296875,85373300,426.549988
2023-06-08,1686231000000,1686254400000,426.6199951171875,429.6000061035156,425.82000732421875,429.1300048828125,61952800,429.130005
2023-06-09,1686317400000,1686340800000,429.9599914550781,431.989990234375,428.8699951171875,429.8999938964844,85742800,429.899994
2023-06-12,1686576600000,1686600000000,430.9200134277344,433.8800048828125,430.1700134277344,433.79998779296875,76104300,433.799988
2023-06-13,1686663000000,1686686400000,435.32000732421875,437.3299865722656,434.6300048828125,436.6600036621094,95899700,436.660004
2023-06-14,1686749400000,1686772800000,437.010009765625,439.05999755859375,433.5899963378906,437.17999267578125,100612100,437.179993
2023-06-15,1686835800000,1686859200000,436.3299865722656,443.8999938964844,436.2300109863281,442.6000061035156,110303100,442.600006
2023-06-16,1686922200000,1686945600000,443.0199890136719,443.6099853515625,438.9700012207031,439.4599914550781,114165800,439.459991
2023-06-20,1687267800000,1687291200000,437.45001220703125,438.3699951171875,435.0299987792969,437.17999267578125,76160400,437.179993
2023-06-21,1687354200000,1687377600000,436.1600036621094,436.989990234375,434.3299865722656,434.94000244140625,76982300,434.940002
2023-06-22,1687440600000,1687464000000,433.95001220703125,436.6199951171875,433.6000061035156,436.510009765625,70637200,436.51001
2023-06-23,1687527000000,1687550400000,432.92999267578125,435.05999755859375,432.4700012207031,433.2099914550781,92074500,433.209991
2023-06-26,1687786200000,1687809600000,432.6199951171875,434.6099853515625,431.19000244140625,431.44000244140625,72823600,431.440002
2023-06-27,1687872600000,1687896000000,432.3500061035156,436.80999755859375,431.8800048828125,436.1700134277344,72813700,436.170013
2023-06-28,1687959000000,1687982400000,435.04998779296875,437.44000244140625,434.4100036621094,436.3900146484375,75636000,436.390015
2023-06-29,1688045400000,1688068800000,435.9599914550781,438.2799987792969,435.5400085449219,438.1099853515625,67882300,438.109985
2023-06-30,1688131800000,1688155200000,441.44000244140625,444.29998779296875,441.1099853515625,443.2799987792969,104964000,443.279999
2023-07-03,1688391000000,1688414400000,442.9200134277344,444.0799865722656,442.6300048828125,443.7900085449219,32793400,443.790009
2023-07-05,1688563800000,1688587200000,441.9100036621094,443.8900146484375,441.8999938964844,443.1300048828125,58418400,443.130005
2023-07-06,1688650200000,1688673600000,439.4200134277344,440.1000061035156,437.05999755859375,439.6600036621094,80658300,439.660004
2023-07-07,1688736600000,1688760000000,438.6300048828125,442.6400146484375,438.29998779296875,438.54998779296875,86134200,438.549988
2023-07-10,1688995800000,1689019200000,438.17999267578125,439.8399963378906,437.5899963378906,439.6600036621094,62443500,439.660004
2023-07-11,1689082200000,1689105600000,440.45001220703125,442.9700012207031,439.44000244140625,442.4599914550781,64463800,442.459991
2023-07-12,1689168600000,1689192000000,446.3900146484375,447.4800109863281,444.9100036621094,446.0199890136719,91924500,446.019989
2023-07-13,1689255000000,1689278400000,447.8999938964844,450.3800048828125,447.45001220703125,449.55999755859375,72425200,449.559998
2023-07-14,1689341400000,1689364800000,450.4800109863281,451.3599853515625,448.489990234375,449.2799987792969,69815800,449.279999
2023-07-17,1689600600000,1689624000000,449.1300048828125,451.92999267578125,449.0799865722656,450.8399963378906,52680200,450.839996
2023-07-18,1689687000000,1689710400000,450.5,454.8599853515625,450.04998779296875,454.19000244140625,80668200,454.190002
2023-07-19,1689773400000,1689796800000,455.010009765625,456.42999267578125,454.1099853515625,455.20001220703125,65891700,455.200012
2023-07-20,1689859800000,1689883200000,454.1700134277344,455.1000061035156,451.44000244140625,452.17999267578125,70591600,452.179993
2023-07-21,1689946200000,1689969600000,453.9599914550781,454.1700134277344,452.1700134277344,452.17999267578125,71275600,452.179993
2023-07-24,1690205400000,1690228800000,453.3699951171875,455.0400085449219,452.29998779296875,454.20001220703125,54023400,454.200012
2023-07-25,1690291800000,1690315200000,453.9200134277344,456.739990234375,453.8699951171875,455.44000244140625,55191200,455.440002
2023-07-26,1690378200000,1690401600000,454.4700012207031,456.989990234375,453.3800048828125,455.510009765625,71052900,455.51001
2023-07-27,1690464600000,1690488000000,459.0199890136719,459.44000244140625,451.54998779296875,452.489990234375,92194400,452.48999
2023-07-28,1690551000000,1690574400000,455.8800048828125,457.7799987792969,452.489990234375,456.9200134277344,80011800,456.920013
2023-07-31,1690810200000,1690833600000,457.4100036621094,458.1600036621094,456.04998779296875,457.7900085449219,62040400,457.790009
2023-08-01,1690896600000,1690920000000,456.2699890136719,457.25,455.489990234375,456.4800109863281,55291500,456.480011
2023-08-02,1690983000000,1691006400000,453.25,453.5199890136719,449.3500061035156,450.1300048828125,93933400,450.130005
2023-08-03,1691069400000,1691092800000,448.0400085449219,450.7900085449219,447.3699951171875,448.8399963378906,64276100,448.839996
2023-08-04,1691155800000,1691179200000,450.7200012207031,452.8999938964844,446.2699890136719,446.80999755859375,100128900,446.809998
2023-08-07,1691415000000,1691438400000,448.7099914550781,450.8699951171875,447.989990234375,450.7099914550781,58357500,450.709991
2023-08-08,1691501400000,1691524800000,448.0799865722656,450.70001220703125,445.2699890136719,448.75,71361300,448.75
2023-08-09,1691587800000,1691611200000,449.0299987792969,449.20001220703125,444.9599914550781,445.75,78789600,445.75
2023-08-10,1691674200000,1691697600000,448.19000244140625,451.70001220703125,444.70001220703125,445.9100036621094,93005500,445.910004
2023-08-11,1691760600000,1691784000000,443.9700012207031,446.70001220703125,443.3500061035156,445.6499938964844,68690900,445.649994
2023-08-14,1692019800000,1692043200000,444.70001220703125,448.1099853515625,444.3800048828125,448.1099853515625,47867400,448.109985
2023-08-15,1692106200000,1692129600000,446.2699890136719,446.6400146484375,442.29998779296875,442.8900146484375,75707500,442.890015
2023-08-16,1692192600000,1692216000000,442.4599914550781,444.17999267578125,439.5299987792969,439.6400146484375,80107200,439.640015
2023-08-17,1692279000000,1692302400000,441.1600036621094,441.42999267578125,435.75,436.2900085449219,95711300,436.290009
2023-08-18,1692365400000,1692388800000,433.3699951171875,437.57000732421875,433.010009765625,436.5,98852000,436.5
2023-08-21,1692624600000,1692648000000,437.54998779296875,440.1099853515625,435.32000732421875,439.3399963378906,68719000,439.339996
2023-08-22,1692711000000,1692734400000,441.17999267578125,441.17999267578125,437.57000732421875,438.1499938964844,64994200,438.149994
2023-08-23,1692797400000,1692820800000,439.25,443.6700134277344,439.1000061035156,443.0299987792969,68441000,443.029999
2023-08-24,1692883800000,1692907200000,444.69000244140625,445.2200012207031,436.8599853515625,436.8900146484375,88517300,436.890015
2023-08-25,1692970200000,1692993600000,438.67999267578125,441.29998779296875,435.0,439.9700012207031,102325100,439.970001
2023-08-28,1693229400000,1693252800000,442.239990234375,443.3999938964844,439.9700012207031,442.760009765625,61595400,442.76001
2023-08-29,1693315800000,1693339200000,442.6499938964844,449.45001220703125,442.4599914550781,449.1600036621094,83081900,449.160004
2023-08-30,1693402200000,1693425600000,449.510009765625,451.6700134277344,448.7799987792969,451.010009765625,69053900,451.01001
2023-08-31,1693488600000,1693512000000,451.6499938964844,452.8299865722656,450.1600036621094,450.3500061035156,66084600,450.350006
2023-09-01,1693575000000,1693598400000,453.1700134277344,453.6700134277344,449.67999267578125,451.19000244140625,58944100,451.190002
2023-09-05,1693920600000,1693944000000,450.7300109863281,451.05999755859375,449.1700134277344,449.239990234375,55166200,449.23999
2023-09-06,1694007000000,1694030400000,448.3999938964844,448.510009765625,443.80999755859375,446.2200012207031,70758500,446.220001
2023-09-07,1694093400000,1694116800000,443.1099853515625,445.54998779296875,442.75,444.8500061035156,70355400,444.850006
2023-09-08,1694179800000,1694203200000,444.8999938964844,447.1099853515625,444.5299987792969,445.5199890136719,61659700,445.519989
2023-09-11,1694439000000,1694462400000,448.239990234375,448.7699890136719,446.4700012207031,448.45001220703125,60180100,448.450012
2023-09-12,1694525400000,1694548800000,446.95001220703125,448.5299987792969,445.3900146484375,445.989990234375,67565400,445.98999
2023-09-13,1694611800000,1694635200000,446.2200012207031,447.7099914550781,445.0799865722656,446.510009765625,60199300,446.51001
2023-09-14,1694698200000,1694721600000,449.07000732421875,451.0799865722656,447.7200012207031,450.3599853515625,83430800,450.359985
2023-09-15,1694784600000,1694808000000,447.1400146484375,447.4800109863281,442.9200134277344,443.3699951171875,111848900,443.369995
2023-09-18,1695043800000,1695067200000,443.04998779296875,444.9700012207031,442.55999755859375,443.6300048828125,55752200,443.630005
2023-09-19,1695130200000,1695153600000,442.67999267578125,443.2900085449219,439.94000244140625,442.7099914550781,66514600,442.709991
2023-09-20,1695216600000,1695240000000,444.010009765625,444.44000244140625,438.42999267578125,438.6400146484375,82562600,438.640015
2023-09-21,1695303000000,1695326400000,435.70001220703125,435.9700012207031,431.2300109863281,431.3900146484375,104095800,431.390015
2023-09-22,1695389400000,1695412800000,432.45001220703125,434.1000061035156,429.989990234375,430.4200134277344,100829700,430.420013
2023-09-25,1695648600000,1695672000000,429.1700134277344,432.2699890136719,428.7200012207031,432.2300109863281,70874500,432.230011
2023-09-26,1695735000000,1695758400000,429.0899963378906,429.82000732421875,425.0199890136719,425.8800048828125,96168400,425.880005
2023-09-27,1695821400000,1695844800000,427.0899963378906,427.6700134277344,422.2900085449219,426.04998779296875,104705800,426.049988
2023-09-28,1695907800000,1695931200000,425.4800109863281,430.25,424.8699951171875,428.5199890136719,92258300,428.519989
2023-09-29,1695994200000,1696017600000,431.6700134277344,431.8500061035156,425.9100036621094,427.4800109863281,115111300,427.480011
2023-10-02,1696253400000,1696276800000,426.6199951171875,428.6000061035156,424.4599914550781,427.30999755859375,83798600,427.309998
2023-10-03,1696339800000,1696363200000,425.05999755859375,427.3699951171875,420.17999267578125,421.5899963378906,103760600,421.589996
2023-10-04,1696426200000,1696449600000,422.07000732421875,425.42999267578125,420.55999755859375,424.6600036621094,87453000,424.660004
2023-10-05,1696512600000,1696536000000,424.3599853515625,425.3699951171875,421.1700134277344,424.5,70142700,424.5
2023-10-06,1696599000000,1696622400000,421.9700012207031,431.1300048828125,420.6000061035156,429.5400085449219,113273300,429.540009
2023-10-09,1696858200000,1696881600000,427.5799865722656,432.8800048828125,427.010009765625,432.2900085449219,80374400,432.290009
2023-10-10,1696944600000,1696968000000,432.94000244140625,437.2200012207031,432.5299987792969,434.5400085449219,78607300,434.540009
2023-10-11,1697031000000,1697054400000,435.6400146484375,436.5799865722656,433.17999267578125,436.32000732421875,62451700,436.320007
2023-10-12,1697117400000,1697140800000,436.95001220703125,437.3399963378906,431.2300109863281,433.6600036621094,81154200,433.660004
2023-10-13,1697203800000,1697227200000,435.2099914550781,436.45001220703125,429.8800048828125,431.5,95143100,431.5
2023-10-16,1697463000000,1697486400000,433.82000732421875,437.1400146484375,433.57000732421875,436.0400085449219,75433200,436.040009
2023-10-17,1697549400000,1697572800000,432.80999755859375,438.1400146484375,432.45001220703125,436.0199890136719,75324700,436.019989
2023-10-18,1697635800000,1697659200000,434.19000244140625,435.17999267578125,429.0899963378906,430.2099914550781,93559800,430.209991
2023-10-19,1697722200000,1697745600000,430.95001220703125,432.82000732421875,425.7300109863281,426.42999267578125,121323000,426.429993
2023-10-20,1697808600000,1697832000000,425.9800109863281,426.5400085449219,421.0799865722656,421.19000244140625,123919900,421.190002
2023-10-23,1698067800000,1698091200000,419.6099853515625,424.45001220703125,417.79998779296875,420.4599914550781,92035100,420.459991
2023-10-24,1698154200000,1698177600000,422.6499938964844,424.82000732421875,420.739990234375,423.6300048828125,78564200,423.630005
2023-10-25,1698240600000,1698264000000,421.8900146484375,421.9200134277344,417.0199890136719,417.54998779296875,94223200,417.549988
2023-10-26,1698327000000,1698350400000,416.45001220703125,417.3299865722656,411.6000061035156,412.54998779296875,115156800,412.549988
2023-10-27,1698413400000,1698436800000,414.19000244140625,414.6000061035156,409.2099914550781,410.67999267578125,107367700,410.679993
2023-10-30,1698672600000,1698696000000,413.55999755859375,416.67999267578125,412.2200012207031,415.5899963378906,86562700,415.589996
2023-10-31,1698759000000,1698782400000,416.17999267578125,418.5299987792969,414.2099914550781,418.20001220703125,79665200,418.200012
2023-11-01,1698845400000,1698868800000,419.20001220703125,423.5,418.6499938964844,422.6600036621094,98068100,422.660004
2023-11-02,1698931800000,1698955200000,426.5799865722656,430.9200134277344,426.55999755859375,430.760009765625,94938900,430.76001
2023-11-03,1699018200000,1699041600000,433.1400146484375,436.2900085449219,433.010009765625,434.69000244140625,100167800,434.690002
2023-11-06,1699281000000,1699304400000,435.4700012207031,436.1499938964844,433.67999267578125,435.69000244140625,67831700,435.690002
2023-11-07,1699367400000,1699390800000,435.69000244140625,437.5899963378906,434.510009765625,436.92999267578125,64256100,436.929993
2023-11-08,1699453800000,1699477200000,437.54998779296875,438.0899963378906,434.8699951171875,437.25,61746000,437.25
2023-11-09,1699540200000,1699563600000,438.42999267578125,438.4700012207031,433.3999938964844,433.8399963378906,83174400,433.839996
2023-11-10,1699626600000,1699650000000,435.9800109863281,440.92999267578125,433.8299865722656,440.6099853515625,89462200,440.609985
2023-11-13,1699885800000,1699909200000,439.2300109863281,441.3299865722656,438.4200134277344,440.19000244140625,52236100,440.190002
2023-11-14,1699972200000,1699995600000,446.32000732421875,450.05999755859375,446.0899963378906,448.7300109863281,97176900,448.730011
2023-11-15,1700058600000,1700082000000,450.1099853515625,451.3800048828125,448.79998779296875,449.67999267578125,77327600,449.679993
2023-11-16,1700145000000,1700168400000,449.2200012207031,450.55999755859375,448.1199951171875,450.2300109863281,66665800,450.230011
2023-11-17,1700231400000,1700254800000,450.239990234375,451.4200134277344,449.2900085449219,450.7900085449219,83133200,450.790009
2023-11-20,1700490600000,1700514000000,450.5299987792969,455.1300048828125,450.5199890136719,454.260009765625,69936200,454.26001
2023-11-21,1700577000000,1700600400000,453.17999267578125,454.1300048828125,451.9599914550781,453.2699890136719,49244600,453.269989
2023-11-22,1700663400000,1700686800000,454.9800109863281,456.3800048828125,453.8900146484375,455.0199890136719,59394900,455.019989
2023-11-24,1700836200000,1700859600000,455.07000732421875,455.5,454.7300109863281,455.29998779296875,29737400,455.299988
2023-11-27,1701095400000,1701118800000,454.6499938964844,455.489990234375,454.0799865722656,454.4800109863281,50506000,454.480011
2023-11-28,1701181800000,1701205200000,454.0799865722656,456.2699890136719,453.5,454.92999267578125,62115000,454.929993
2023-11-29,1701268200000,1701291600000,457.1499938964844,458.32000732421875,454.20001220703125,454.6099853515625,63146000,454.609985
2023-11-30,1701354600000,1701378000000,455.4800109863281,456.760009765625,453.3399963378906,456.3999938964844,79752700,456.399994
2023-12-01,1701441000000,1701464400000,455.7699890136719,459.6499938964844,455.1600036621094,459.1000061035156,89183400,459.100006
2023-12-04,1701700200000,1701723600000,455.6000061035156,459.1199951171875,454.3399963378906,456.69000244140625,72430900,456.690002
2023-12-05,1701786600000,1701810000000,455.260009765625,457.5899963378906,454.8699951171875,456.6000061035156,69793500,456.600006
2023-12-06,1701873000000,1701896400000,458.80999755859375,458.8399963378906,454.30999755859375,454.760009765625,69124700,454.76001
2023-12-07,1701959400000,1701982800000,456.9100036621094,458.8999938964844,456.2900085449219,458.2300109863281,66995400,458.230011
2023-12-08,1702045800000,1702069200000,457.4599914550781,460.75,457.2099914550781,460.20001220703125,83194400,460.200012
2023-12-11,1702305000000,1702328400000,459.69000244140625,462.1700134277344,459.4700012207031,461.989990234375,65002200,461.98999
2023-12-12,1702391400000,1702414800000,461.6300048828125,464.20001220703125,460.6000061035156,464.1000061035156,68327600,464.100006
2023-12-13,1702477800000,1702501200000,464.489990234375,470.760009765625,464.1199951171875,470.5,93278000,470.5
2023-12-14,1702564200000,1702587600000,472.5,473.7300109863281,469.25,472.010009765625,119026000,472.01001
2023-12-15,1702650600000,1702674000000,469.489990234375,470.70001220703125,467.42999267578125,469.3299865722656,141553700,469.329987
2023-12-18,1702909800000,1702933200000,470.9800109863281,472.9800109863281,469.8900146484375,471.9700012207031,70375300,471.970001
2023-12-19,1702996200000,1703019600000,472.5299987792969,474.9200134277344,472.45001220703125,474.8399963378906,55761800,474.839996
2023-12-20,1703082600000,1703106000000,473.9599914550781,475.8999938964844,467.82000732421875,468.260009765625,102921000,468.26001
2023-12-21,1703169000000,1703192400000,471.3299865722656,472.9800109863281,468.8399963378906,472.70001220703125,86667500,472.700012
2023-12-22,1703255400000,1703278800000,473.8599853515625,475.3800048828125,471.70001220703125,473.6499938964844,67160400,473.649994
2023-12-26,1703601000000,1703624400000,474.07000732421875,476.5799865722656,473.989990234375,475.6499938964844,55387000,475.649994
2023-12-27,1703687400000,1703710800000,475.44000244140625,476.6600036621094,474.8900146484375,476.510009765625,68000300,476.51001
2023-12-28,1703773800000,1703797200000,476.8800048828125,477.54998779296875,476.260009765625,476.69000244140625,77158100,476.690002
2023-12-29,1703860200000,1703883600000,476.489990234375,477.0299987792969,473.29998779296875,475.30999755859375,122283100,475.309998
2024-01-02,1704205800000,1704229200000,472.1600036621094,473.6700134277344,470.489990234375,472.6499938964844,123623700,472.649994
2024-01-03,1704292200000,1704315600000,470.42999267578125,471.19000244140625,468.1700134277344,468.7900085449219,103585900,468.790009
2024-01-04,1704378600000,1704402000000,468.29998779296875,470.9599914550781,467.04998779296875,467.2799987792969,84232200,467.279999
2024-01-05,1704465000000,1704488400000,467.489990234375,470.44000244140625,466.42999267578125,467.9200134277344,86118900,467.920013
2024-01-08,1704724200000,1704747600000,468.42999267578125,474.75,468.29998779296875,474.6000061035156,74879100,474.600006
2024-01-09,1704810600000,1704834000000,471.8699951171875,474.92999267578125,471.3500061035156,473.8800048828125,65931400,473.880005
2024-01-10,1704897000000,1704920400000,474.1600036621094,477.45001220703125,473.8699951171875,476.55999755859375,67310600,476.559998
2024-01-11,1704983400000,1705006800000,477.5899963378906,478.1199951171875,472.260009765625,476.3500061035156,77940700,476.350006
2024-01-12,1705069800000,1705093200000,477.8399963378906,478.6000061035156,475.2300109863281,476.67999267578125,58026400,476.679993
2024-01-16,1705415400000,1705438800000,475.260009765625,476.6099853515625,473.05999755859375,474.92999267578125,85014900,474.929993
2024-01-17,1705501800000,1705525200000,471.82000732421875,472.7900085449219,469.8699951171875,472.2900085449219,68843900,472.290009
2024-01-18,1705588200000,1705611600000,474.010009765625,477.05999755859375,472.4200134277344,476.489990234375,91856200,476.48999
2024-01-19,1705674600000,1705698000000,477.6499938964844,482.7200012207031,476.5400085449219,482.42999267578125,110834500,482.429993
2024-01-22,1705933800000,1705957200000,484.010009765625,485.2200012207031,482.7799987792969,483.45001220703125,75844900,483.450012
2024-01-23,1706020200000,1706043600000,484.010009765625,485.1099853515625,482.8900146484375,484.8599853515625,49945300,484.859985
2024-01-24,1706106600000,1706130000000,487.80999755859375,488.7699890136719,484.8800048828125,485.3900146484375,81765000,485.390015
2024-01-25,1706193000000,1706216400000,487.5799865722656,488.30999755859375,485.3900146484375,488.0299987792969,72525000,488.029999
2024-01-26,1706279400000,1706302800000,487.5899963378906,489.1199951171875,486.5400085449219,487.4100036621094,76641600,487.410004
2024-01-29,1706538600000,1706562000000,487.7300109863281,491.4200134277344,487.1700134277344,491.2699890136719,61322800,491.269989
2024-01-30,1706625000000,1706648400000,490.55999755859375,491.6199951171875,490.1099853515625,490.8900146484375,58618400,490.890015
2024-01-31,1706711400000,1706734800000,488.6199951171875,489.0799865722656,482.8599853515625,482.8800048828125,126011100,482.880005
2024-02-01,1706797800000,1706821200000,484.6300048828125,489.2300109863281,483.79998779296875,489.20001220703125,91891600,489.200012
2024-02-02,1706884200000,1706907600000,489.6499938964844,496.04998779296875,489.29998779296875,494.3500061035156,99228200,494.350006
2024-02-05,1707143400000,1707166800000,493.70001220703125,494.3800048828125,490.2300109863281,492.54998779296875,75757100,492.549988
2024-02-06,1707229800000,1707253200000,493.5199890136719,494.32000732421875,492.04998779296875,493.9800109863281,55918600,493.980011
2024-02-07,1707316200000,1707339600000,496.2900085449219,498.5299987792969,495.3599853515625,498.1000061035156,70556500,498.100006
2024-02-08,1707402600000,1707426000000,498.1000061035156,498.7099914550781,497.260009765625,498.32000732421875,52343600,498.320007
2024-02-09,1707489000000,1707512400000,498.8399963378906,501.6499938964844,498.489990234375,501.20001220703125,63979400,501.200012
2024-02-12,1707748200000,1707771600000,501.1700134277344,503.5,500.239990234375,500.9800109863281,56502300,500.980011
2024-02-13,1707834600000,1707858000000,494.5299987792969,497.0899963378906,490.7200012207031,494.0799865722656,113099200,494.079987
2024-02-14,1707921000000,1707944400000,496.7900085449219,499.07000732421875,494.3999938964844,498.57000732421875,68387800,498.570007
2024-02-15,1708007400000,1708030800000,499.2900085449219,502.20001220703125,498.79998779296875,502.010009765625,61683000,502.01001
2024-02-16,1708093800000,1708117200000,501.70001220703125,502.8699951171875,498.75,499.510009765625,75532900,499.51001
2024-02-20,1708439400000,1708462800000,497.7200012207031,498.4100036621094,494.45001220703125,496.760009765625,71736700,496.76001
2024-02-21,1708525800000,1708549200000,495.4200134277344,497.3699951171875,493.55999755859375,497.2099914550781,59293400,497.209991
2024-02-22,1708612200000,1708635600000,504.010009765625,508.489990234375,503.0199890136719,507.5,76402500,507.5
2024-02-23,1708698600000,1708722000000,509.2699890136719,510.1300048828125,507.1000061035156,507.8500061035156,61321800,507.850006
2024-02-26,1708957800000,1708981200000,508.29998779296875,508.75,505.8599853515625,505.989990234375,50386700,505.98999
2024-02-27,1709044200000,1709067600000,506.70001220703125,507.1600036621094,504.75,506.92999267578125,48854500,506.929993
2024-02-28,1709130600000,1709154000000,505.3299865722656,506.8599853515625,504.9599914550781,506.260009765625,56506600,506.26001
2024-02-29,1709217000000,1709240400000,508.07000732421875,509.739990234375,505.3500061035156,508.0799865722656,83924800,508.079987
2024-03-01,1709303400000,1709326800000,508.9800109863281,513.2899780273438,508.55999755859375,512.8499755859375,76844800,512.849976
2024-03-04,1709562600000,1709586000000,512.030029296875,514.2000122070312,512.0,512.2999877929688,49799300,512.299988
2024-03-05,1709649000000,1709672400000,510.239990234375,510.70001220703125,504.9100036621094,507.17999267578125,72855600,507.179993
2024-03-06,1709735400000,1709758800000,510.54998779296875,512.0700073242188,508.4200134277344,509.75,68382400,509.75
2024-03-07,1709821800000,1709845200000,513.1400146484375,515.8900146484375,509.80999755859375,514.8099975585938,58652100,514.809998
2024-03-08,1709908200000,1709931600000,515.4600219726562,518.219970703125,511.1300048828125,511.7200012207031,86532500,511.720001
2024-03-11,1710163800000,1710187200000,510.4800109863281,511.8800048828125,508.5,511.2799987792969,62557200,511.279999
2024-03-12,1710250200000,1710273600000,513.4500122070312,517.3800048828125,510.8599853515625,516.780029296875,73114400,516.780029
2024-03-13,1710336600000,1710360000000,517.1099853515625,517.2899780273438,514.489990234375,515.969970703125,55104100,515.969971
2024-03-14,1710423000000,1710446400000,516.969970703125,517.1300048828125,511.82000732421875,514.9500122070312,110171800,514.950012
2024-03-15,1710509400000,1710532800000,510.2099914550781,511.70001220703125,508.1199951171875,509.8299865722656,107646300,509.829987
2024-03-18,1710768600000,1710792000000,514.0,515.47998046875,512.4400024414062,512.8599853515625,88893300,512.859985
2024-03-19,1710855000000,1710878400000,512.1500244140625,516.0,511.1199951171875,515.7100219726562,60755300,515.710022
2024-03-20,1710941400000,1710964800000,515.77001953125,520.6199951171875,515.0800170898438,520.47998046875,69594600,520.47998
2024-03-21,1711027800000,1711051200000,523.3900146484375,524.1099853515625,521.9099731445312,522.2000122070312,60256100,522.200012
2024-03-22,1711114200000,1711137600000,522.1099853515625,522.6099853515625,520.969970703125,521.2100219726562,79070800,521.210022
2024-03-25,1711373400000,1711396800000,519.7999877929688,520.9500122070312,519.6099853515625,519.77001953125,48512100,519.77002
2024-03-26,1711459800000,1711483200000,521.22998046875,521.5800170898438,518.4000244140625,518.8099975585938,65463700,518.809998
2024-03-27,1711546200000,1711569600000,521.7100219726562,523.2100219726562,519.489990234375,523.1699829101562,82999800,523.169983
2024-03-28,1711632600000,1711656000000,523.2100219726562,524.6099853515625,522.780029296875,523.0700073242188,96294900,523.070007
2024-04-01,1711978200000,1712001600000,523.8300170898438,524.3800048828125,520.969970703125,522.1599731445312,62477500,522.159973
2024-04-02,1712064600000,1712088000000,518.239990234375,518.97998046875,516.47998046875,518.8400268554688,74230300,518.840027
2024-04-03,1712151000000,1712174400000,517.719970703125,520.9500122070312,517.6699829101562,519.4099731445312,59155800,519.409973
2024-04-04,1712237400000,1712260800000,523.52001953125,523.8699951171875,512.760009765625,513.0700073242188,96858100,513.070007
2024-04-05,1712323800000,1712347200000,514.4600219726562,520.4400024414062,514.010009765625,518.4299926757812,74546500,518.429993
2024-04-08,1712583000000,1712606400000,519.1500244140625,520.1799926757812,517.8900146484375,518.719970703125,48401800,518.719971
2024-04-09,1712669400000,1712692800000,520.5,520.75,514.3499755859375,519.3200073242188,68049200,519.320007
2024-04-10,1712755800000,1712779200000,513.47998046875,516.1599731445312,512.0900268554688,514.1199951171875,82652800,514.119995
2024-04-11,1712842200000,1712865600000,515.6799926757812,519.47998046875,512.0800170898438,518.0,70099000,518.0
2024-04-12,1712928600000,1712952000000,514.3699951171875,515.8200073242188,509.0799865722656,510.8500061035156,92561100,510.850006
2024-04-15,1713187800000,1713211200000,515.1300048828125,515.2999877929688,503.5799865722656,504.45001220703125,92101400,504.450012
2024-04-16,1713274200000,1713297600000,504.94000244140625,506.5,502.2099914550781,503.5299987792969,73484000,503.529999
2024-04-17,1713360600000,1713384000000,506.04998779296875,506.2200012207031,499.1199951171875,500.54998779296875,75910300,500.549988
2024-04-18,1713447000000,1713470400000,501.9800109863281,504.1300048828125,498.55999755859375,499.5199890136719,74548100,499.519989
2024-04-19,1713533400000,1713556800000,499.44000244140625,500.4599914550781,493.8599853515625,495.1600036621094,102212600,495.160004
2024-04-22,1713792600000,1713816000000,497.8299865722656,502.3800048828125,495.42999267578125,499.7200012207031,67961000,499.720001
2024-04-23,1713879000000,1713902400000,501.7799987792969,506.0899963378906,499.5299987792969,505.6499938964844,64633600,505.649994
2024-04-24,1713965400000,1713988800000,506.55999755859375,507.3699951171875,503.1300048828125,505.4100036621094,55928100,505.410004
2024-04-25,1714051800000,1714075200000,499.17999267578125,504.2699890136719,497.489990234375,503.489990234375,69122400,503.48999
2024-04-26,1714138200000,1714161600000,506.3500061035156,509.8800048828125,505.70001220703125,508.260009765625,64306100,508.26001
2024-04-29,1714397400000,1714420800000,510.0899963378906,510.75,507.25,510.05999755859375,46415400,510.059998
2024-04-30,1714483800000,1714507200000,508.55999755859375,509.55999755859375,501.9800109863281,501.9800109863281,77483600,501.980011
2024-05-01,1714570200000,1714593600000,501.3800048828125,508.19000244140625,499.8699951171875,500.3500061035156,80242800,500.350006
2024-05-02,1714656600000,1714680000000,504.1499938964844,505.8900146484375,499.54998779296875,505.0299987792969,62550200,505.029999
2024-05-03,1714743000000,1714766400000,511.1600036621094,512.5499877929688,508.55999755859375,511.2900085449219,72756700,511.290009
2024-05-06,1715002200000,1715025600000,513.75,516.6099853515625,513.2999877929688,516.5700073242188,47264700,516.570007
2024-05-07,1715088600000,1715112000000,517.5599975585938,518.5700073242188,516.4500122070312,517.1400146484375,52561300,517.140015
2024-05-08,1715175000000,1715198400000,515.260009765625,517.739990234375,515.1400146484375,517.1900024414062,42047200,517.190002
2024-05-09,1715261400000,1715284800000,517.3800048828125,520.2100219726562,516.7100219726562,520.1699829101562,43643700,520.169983
2024-05-10,1715347800000,1715371200000,521.8099975585938,522.6400146484375,519.5900268554688,520.8400268554688,52233200,520.840027
2024-05-13,1715607000000,1715630400000,522.5599975585938,522.6699829101562,519.739990234375,520.9099731445312,36716400,520.909973
2024-05-14,1715693400000,1715716800000,521.1099853515625,523.8300170898438,520.5599975585938,523.2999877929688,57535900,523.299988
2024-05-15,1715779800000,1715803200000,525.8300170898438,530.0800170898438,525.1799926757812,529.780029296875,59504900,529.780029
2024-05-16,1715866200000,1715889600000,529.8800048828125,531.52001953125,528.5399780273438,528.6900024414062,50244800,528.690002
2024-05-17,1715952600000,1715976000000,528.8099975585938,529.52001953125,527.3200073242188,529.4500122070312,59187600,529.450012
2024-05-20,1716211800000,1716235200000,529.5700073242188,531.5599975585938,529.1699829101562,530.0599975585938,37764200,530.059998
2024-05-21,1716298200000,1716321600000,529.280029296875,531.52001953125,529.0700073242188,531.3599853515625,33437000,531.359985
2024-05-22,1716384600000,1716408000000,530.6500244140625,531.3800048828125,527.5999755859375,529.8300170898438,48390000,529.830017
2024-05-23,1716471000000,1716494400000,532.9600219726562,533.0700073242188,524.719970703125,525.9600219726562,57211200,525.960022
2024-05-24,1716557400000,1716580800000,527.8499755859375,530.27001953125,526.8800048828125,529.4400024414062,41291100,529.440002
2024-05-28,1716903000000,1716926400000,530.27001953125,530.510009765625,527.1099853515625,529.8099975585938,36269600,529.809998
2024-05-29,1716989400000,1717012800000,525.6799926757812,527.3099975585938,525.3699951171875,526.0999755859375,45190300,526.099976
2024-05-30,1717075800000,1717099200000,524.52001953125,525.2000122070312,521.3300170898438,522.6099853515625,46377600,522.609985
2024-05-31,1717162200000,1717185600000,523.5900268554688,527.5,518.3599853515625,527.3699951171875,90785800,527.369995
2024-06-03,1717421400000,1717444800000,529.02001953125,529.3099975585938,522.5999755859375,527.7999877929688,46835700,527.799988
2024-06-04,1717507800000,1717531200000,526.4600219726562,529.1500244140625,524.9600219726562,528.3900146484375,34632700,528.390015
2024-06-05,1717594200000,1717617600000,530.77001953125,534.6900024414062,528.72998046875,534.6699829101562,47610400,534.669983
2024-06-06,1717680600000,1717704000000,534.97998046875,535.4199829101562,532.6799926757812,534.6599731445312,30808500,534.659973
2024-06-07,1717767000000,1717790400000,533.6599731445312,536.8900146484375,532.5399780273438,534.010009765625,43224500,534.01001
2024-06-10,1718026200000,1718049600000,533.1799926757812,535.989990234375,532.5700073242188,535.6599731445312,35686100,535.659973
2024-06-11,1718112600000,1718136000000,534.0700073242188,537.010009765625,532.0499877929688,536.9500122070312,36383400,536.950012
2024-06-12,1718199000000,1718222400000,541.6300048828125,544.1199951171875,540.2999877929688,541.3599853515625,63251300,541.359985
2024-06-13,1718285400000,1718308800000,543.1500244140625,543.3300170898438,539.5900268554688,542.4500122070312,44760900,542.450012
2024-06-14,1718371800000,1718395200000,540.8800048828125,542.8099975585938,539.8499755859375,542.780029296875,40089900,542.780029
2024-06-17,1718631000000,1718654400000,542.0800170898438,548.530029296875,541.6099853515625,547.0999755859375,55839500,547.099976
2024-06-18,1718717400000,1718740800000,547.1599731445312,548.6199951171875,546.72998046875,548.489990234375,41376400,548.48999
2024-06-20,1718890200000,1718913600000,549.4400024414062,550.1199951171875,545.1799926757812,547.0,70328200,547.0
2024-06-21,1718976600000,1719000000000,544.4000244140625,545.6500244140625,543.02001953125,544.510009765625,64338600,544.51001
2024-06-24,1719235800000,1719259200000,544.3300170898438,546.9500122070312,542.6199951171875,542.739990234375,45528700,542.73999
2024-06-25,1719322200000,1719345600000,543.989990234375,545.2000122070312,542.4400024414062,544.8300170898438,37936200,544.830017
2024-06-26,1719408600000,1719432000000,543.6900024414062,546.239990234375,543.030029296875,545.510009765625,38550600,545.51001
2024-06-27,1719495000000,1719518400000,545.3699951171875,546.9600219726562,544.6099853515625,546.3699951171875,35041500,546.369995
2024-06-28,1719581400000,1719604800000,547.1599731445312,550.280029296875,542.9500122070312,544.219970703125,76144500,544.219971
2024-07-01,1719840600000,1719864000000,545.6300048828125,545.8800048828125,542.52001953125,545.3400268554688,40297800,545.340027
2024-07-02,1719927000000,1719950400000,543.7000122070312,549.010009765625,543.6500244140625,549.010009765625,40434800,549.01001
2024-07-03,1720013400000,1720036800000,548.6900024414062,551.8300170898438,548.6500244140625,551.4600219726562,32789900,551.460022
2024-07-05,1720186200000,1720209600000,551.77001953125,555.0499877929688,551.1199951171875,554.6400146484375,41488400,554.640015
2024-07-08,1720445400000,1720468800000,555.4400024414062,556.25,554.1900024414062,555.280029296875,36110500,555.280029
2024-07-09,1720531800000,1720555200000,556.260009765625,557.1799926757812,555.52001953125,555.8200073242188,27289700,555.820007
2024-07-10,1720618200000,1720641600000,557.0700073242188,561.6699829101562,556.77001953125,561.3200073242188,38701200,561.320007
2024-07-11,1720704600000,1720728000000,561.4400024414062,562.3300170898438,555.8300170898438,556.47998046875,53054200,556.47998
2024-07-12,1720791000000,1720814400000,557.6300048828125,563.6699829101562,557.1500244140625,559.989990234375,53084400,559.98999
2024-07-15,1721050200000,1721073600000,562.030029296875,564.8400268554688,559.6300048828125,561.530029296875,40584300,561.530029
2024-07-16,1721136600000,1721160000000,562.8699951171875,565.1599731445312,562.0999755859375,564.8599853515625,36475300,564.859985
2024-07-17,1721223000000,1721246400000,558.7999877929688,560.510009765625,556.6099853515625,556.9400024414062,57119000,556.940002
2024-07-18,1721309400000,1721332800000,558.510009765625,559.52001953125,550.4299926757812,552.6599731445312,56270400,552.659973
2024-07-19,1721395800000,1721419200000,552.4199829101562,554.0800170898438,547.9099731445312,548.989990234375,65509100,548.98999
2024-07-22,1721655000000,1721678400000,553.0,555.27001953125,551.02001953125,554.6500244140625,43346700,554.650024
2024-07-23,1721741400000,1721764800000,554.5399780273438,556.739990234375,553.280029296875,553.780029296875,34439600,553.780029
2024-07-24,1721827800000,1721851200000,548.8599853515625,549.1699829101562,540.2899780273438,541.22998046875,74515300,541.22998
2024-07-25,1721914200000,1721937600000,541.3499755859375,547.4600219726562,537.4500122070312,538.4099731445312,61158300,538.409973
2024-07-26,1722000600000,1722024000000,542.280029296875,547.1900024414062,541.489990234375,544.4400024414062,53763800,544.440002
2024-07-29,1722259800000,1722283200000,546.02001953125,547.0499877929688,542.719970703125,544.760009765625,39515800,544.76001
2024-07-30,1722346200000,1722369600000,546.260009765625,547.3400268554688,538.52001953125,542.0,46853600,542.0
2024-07-31,1722432600000,1722456000000,548.97998046875,553.5,547.5800170898438,550.8099975585938,65663400,550.809998
2024-08-01,1722519000000,1722542400000,552.5700073242188,554.8699951171875,539.4299926757812,543.010009765625,76428700,543.01001
2024-08-02,1722605400000,1722628800000,535.75,536.989990234375,528.5999755859375,532.9000244140625,82789100,532.900024
2024-08-05,1722864600000,1722888000000,511.6400146484375,523.5800170898438,510.2699890136719,517.3800048828125,146267400,517.380005
2024-08-06,1722951000000,1722974400000,519.219970703125,529.75,517.8699951171875,522.1500244140625,84826300,522.150024
2024-08-07,1723037400000,1723060800000,528.469970703125,531.5900268554688,518.0499877929688,518.6599731445312,70698300,518.659973
2024-08-08,1723123800000,1723147200000,523.9099731445312,531.2899780273438,521.8400268554688,530.6500244140625,63276600,530.650024
2024-08-09,1723210200000,1723233600000,529.8099975585938,534.510009765625,528.5599975585938,532.989990234375,45619600,532.98999
2024-08-12,1723469400000,1723492800000,534.2100219726562,535.72998046875,530.9500122070312,533.27001953125,42542100,533.27002
2024-08-13,1723555800000,1723579200000,536.530029296875,542.280029296875,536.280029296875,542.0399780273438,52333100,542.039978
2024-08-14,1723642200000,1723665600000,542.8499755859375,544.9600219726562,540.1199951171875,543.75,42446900,543.75
2024-08-15,1723728600000,1723752000000,549.5,553.3599853515625,548.8800048828125,553.0700073242188,60846800,553.070007
2024-08-16,1723815000000,1723838400000,551.4199829101562,555.02001953125,551.260009765625,554.3099975585938,44430700,554.309998
2024-08-19,1724074200000,1724097600000,554.72998046875,559.6099853515625,553.8599853515625,559.6099853515625,39121800,559.609985
2024-08-20,1724160600000,1724184000000,559.1500244140625,560.8400268554688,557.3300170898438,558.7000122070312,33732300,558.700012
2024-08-21,1724247000000,1724270400000,559.77001953125,562.1099853515625,554.72998046875,560.6199951171875,41514600,560.619995
2024-08-22,1724333400000,1724356800000,562.5599975585938,563.1799926757812,554.97998046875,556.219970703125,56121500,556.219971
2024-08-23,1724419800000,1724443200000,559.530029296875,563.0900268554688,557.2899780273438,562.1300048828125,50639400,562.130005
2024-08-26,1724679000000,1724702400000,563.1799926757812,563.9099731445312,559.0499877929688,560.7899780273438,35788600,560.789978
2024-08-27,1724765400000,1724788800000,559.489990234375,562.0599975585938,558.3200073242188,561.5599975585938,32693900,561.559998
2024-08-28,1724851800000,1724875200000,561.2100219726562,561.6500244140625,555.0399780273438,558.2999877929688,41066000,558.299988
2024-08-29,1724938200000,1724961600000,560.3099975585938,563.6799926757812,557.1799926757812,558.3499755859375,38715200,558.349976
2024-08-30,1725024600000,1725048000000,560.77001953125,564.2000122070312,557.1400146484375,563.6799926757812,62700100,563.679993
2024-09-03,1725370200000,1725393600000,560.469970703125,560.8099975585938,549.510009765625,552.0800170898438,60600100,552.080017
2024-09-04,1725456600000,1725480000000,550.2000122070312,554.4299926757812,549.4600219726562,550.9500122070312,47224900,550.950012
2024-09-05,1725543000000,1725566400000,550.8900146484375,553.7999877929688,547.0999755859375,549.6099853515625,44264300,549.609985
2024-09-06,1725629400000,1725652800000,549.9400024414062,551.5999755859375,539.4400024414062,540.3599853515625,68493800,540.359985
2024-09-09,1725888600000,1725912000000,544.6500244140625,547.7100219726562,542.6799926757812,546.4099731445312,40445800,546.409973
2024-09-10,1725975000000,1725998400000,548.3599853515625,549.1500244140625,543.3800048828125,548.7899780273438,36394600,548.789978
2024-09-11,1726061400000,1726084800000,548.7000122070312,555.3599853515625,539.9600219726562,554.4199829101562,75248600,554.419983
2024-09-12,1726147800000,1726171200000,555.010009765625,559.4000244140625,552.739990234375,559.0900268554688,51819600,559.090027
2024-09-13,1726234200000,1726257600000,559.7100219726562,563.030029296875,559.4500122070312,562.010009765625,39310500,562.01001
2024-09-16,1726493400000,1726516800000,561.739990234375,563.1099853515625,559.9000244140625,562.8400268554688,36656100,562.840027
2024-09-17,1726579800000,1726603200000,565.0999755859375,566.5800170898438,560.7899780273438,563.0700073242188,49321000,563.070007
2024-09-18,1726666200000,1726689600000,563.739990234375,568.6900024414062,560.8300170898438,561.4000244140625,59044900,561.400024
2024-09-19,1726752600000,1726776000000,571.010009765625,572.8800048828125,568.0800170898438,570.97998046875,75315500,570.97998
2024-09-20,1726839000000,1726862400000,567.8400268554688,569.3099975585938,565.1699829101562,568.25,77503100,568.25
2024-09-23,1727098200000,1727121600000,569.3400268554688,570.3300170898438,568.0999755859375,569.6699829101562,44116900,569.669983
2024-09-24,1727184600000,1727208000000,570.47998046875,571.3599853515625,567.5999755859375,571.2999877929688,46805700,571.299988
2024-09-25,1727271000000,1727294400000,571.1400146484375,571.8900146484375,568.9099731445312,570.0399780273438,38428600,570.039978
2024-09-26,1727357400000,1727380800000,574.3800048828125,574.7100219726562,569.9000244140625,572.2999877929688,48336000,572.299988
2024-09-27,1727443800000,1727467200000,573.3900146484375,574.219970703125,570.4199829101562,571.469970703125,42100900,571.469971
2024-09-30,1727703000000,1727726400000,570.4199829101562,574.3800048828125,568.0800170898438,573.760009765625,63557400,573.76001
2024-10-01,1727789400000,1727812800000,573.4000244140625,574.0599975585938,566.0,568.6199951171875,72668800,568.619995
2024-10-02,1727875800000,1727899200000,567.7100219726562,569.9000244140625,565.27001953125,568.8599853515625,38097800,568.859985
2024-10-03,1727962200000,1727985600000,567.3599853515625,569.7999877929688,565.489990234375,567.8200073242188,40846500,567.820007
2024-10-04,1728048600000,1728072000000,572.3499755859375,573.3599853515625,568.0999755859375,572.97998046875,42939100,572.97998
2024-10-07,1728307800000,1728331200000,571.2999877929688,571.9600219726562,566.6300048828125,567.7999877929688,49964700,567.799988
2024-10-08,1728394200000,1728417600000,570.4199829101562,573.780029296875,569.530029296875,573.1699829101562,37398700,573.169983
2024-10-09,1728480600000,1728504000000,573.1599731445312,577.7100219726562,572.5499877929688,577.1400146484375,37912200,577.140015
2024-10-10,1728567000000,1728590400000,575.77001953125,577.5800170898438,574.489990234375,576.1300048828125,44138100,576.130005
2024-10-11,1728653400000,1728676800000,576.0499877929688,580.3300170898438,575.9099731445312,579.5800170898438,42268000,579.580017
2024-10-14,1728912600000,1728936000000,581.219970703125,585.27001953125,580.72998046875,584.3200073242188,36217200,584.320007
2024-10-15,1728999000000,1729022400000,584.5900268554688,584.9000244140625,578.5399780273438,579.780029296875,54203600,579.780029
2024-10-16,1729085400000,1729108800000,579.780029296875,582.8300170898438,578.9600219726562,582.2999877929688,30725400,582.299988
2024-10-17,1729171800000,1729195200000,585.9099731445312,586.1199951171875,582.1599731445312,582.3499755859375,34393700,582.349976
2024-10-18,1729258200000,1729281600000,584.0700073242188,585.3900146484375,582.5800170898438,584.5900268554688,37416800,584.590027
2024-10-21,1729517400000,1729540800000,583.8499755859375,584.8499755859375,580.5999755859375,583.6300048828125,36439000,583.630005
2024-10-22,1729603800000,1729627200000,581.0499877929688,584.5,580.3800048828125,583.3200073242188,34183800,583.320007
2024-10-23,1729690200000,1729713600000,581.260009765625,581.7100219726562,574.4199829101562,577.989990234375,49314600,577.98999
2024-10-24,1729776600000,1729800000000,579.97998046875,580.0599975585938,576.5700073242188,579.239990234375,34979900,579.23999
2024-10-25,1729863000000,1729886400000,581.510009765625,584.4600219726562,578.0800170898438,579.0399780273438,47268200,579.039978
2024-10-28,1730122200000,1730145600000,582.5800170898438,582.7100219726562,580.52001953125,580.8300170898438,30174700,580.830017
2024-10-29,1730208600000,1730232000000,579.8499755859375,582.9099731445312,578.4299926757812,581.77001953125,42899700,581.77002
2024-10-30,1730295000000,1730318400000,581.2899780273438,583.3200073242188,579.2899780273438,580.010009765625,41435800,580.01001
2024-10-31,1730381400000,1730404800000,575.5599975585938,575.6300048828125,568.4400024414062,568.6400146484375,60182500,568.640015
2024-11-01,1730467800000,1730491200000,571.3200073242188,575.5499877929688,570.6199951171875,571.0399780273438,45667500,571.039978
2024-11-04,1730730600000,1730754000000,571.1799926757812,572.5,567.8900146484375,569.8099975585938,38217000,569.809998
2024-11-05,1730817000000,1730840400000,570.739990234375,576.739990234375,570.52001953125,576.7000122070312,39478300,576.700012
2024-11-06,1730903400000,1730926800000,589.2000122070312,591.9299926757812,585.3900146484375,591.0399780273438,68182000,591.039978
2024-11-07,1730989800000,1731013200000,593.0800170898438,596.6500244140625,593.0,595.6099853515625,47233200,595.609985
2024-11-08,1731076200000,1731099600000,596.1699829101562,599.6400146484375,596.1699829101562,598.1900024414062,46444900,598.190002
2024-11-11,1731335400000,1731358800000,599.8099975585938,600.1699829101562,597.0,598.760009765625,37586800,598.76001
2024-11-12,1731421800000,1731445200000,598.6799926757812,599.2899780273438,594.3699951171875,596.9000244140625,43006100,596.900024
2024-11-13,1731508200000,1731531600000,597.3699951171875,599.22998046875,594.9600219726562,597.1900024414062,47388600,597.190002
2024-11-14,1731594600000,1731618000000,597.3200073242188,597.8099975585938,592.6500244140625,593.3499755859375,38904100,593.349976
2024-11-15,1731681000000,1731704400000,589.719970703125,590.2000122070312,583.8599853515625,585.75,75988800,585.75
2024-11-18,1731940200000,1731963600000,586.219970703125,589.489990234375,585.3400268554688,588.1500244140625,37001700,588.150024
2024-11-19,1732026600000,1732050000000,584.7100219726562,591.0399780273438,584.030029296875,590.2999877929688,49412000,590.299988
2024-11-20,1732113000000,1732136400000,590.3800048828125,590.7899780273438,584.6300048828125,590.5,50032600,590.5
2024-11-21,1732199400000,1732222800000,593.4000244140625,595.1199951171875,587.4500122070312,593.6699829101562,46750300,593.669983
2024-11-22,1732285800000,1732309200000,593.6599731445312,596.1500244140625,593.1500244140625,595.510009765625,38226400,595.51001
2024-11-25,1732545000000,1732568400000,599.52001953125,600.8599853515625,595.2000122070312,597.530029296875,42441400,597.530029
2024-11-26,1732631400000,1732654800000,598.7999877929688,601.3300170898438,598.0700073242188,600.6500244140625,45621300,600.650024
2024-11-27,1732717800000,1732741200000,600.4600219726562,600.8499755859375,597.280029296875,598.8300170898438,34000200,598.830017
2024-11-29,1732890600000,1732914000000,599.6599731445312,603.3499755859375,599.3800048828125,602.5499877929688,30177400,602.549988
2024-12-02,1733149800000,1733173200000,602.969970703125,604.3200073242188,602.469970703125,603.6300048828125,31746000,603.630005
2024-12-03,1733236200000,1733259600000,603.3900146484375,604.1599731445312,602.3400268554688,603.9099731445312,26906600,603.909973
2024-12-04,1733322600000,1733346000000,605.6300048828125,607.9099731445312,604.9500122070312,607.6599731445312,42787600,607.659973
2024-12-05,1733409000000,1733432400000,607.6599731445312,608.47998046875,606.2999877929688,606.6599731445312,28762200,606.659973
2024-12-06,1733495400000,1733518800000,607.4400024414062,609.0700073242188,607.02001953125,607.8099975585938,31241500,607.809998
2024-12-09,1733754600000,1733778000000,607.6900024414062,607.8599853515625,604.0800170898438,604.6799926757812,34742700,604.679993
2024-12-10,1733841000000,1733864400000,605.3699951171875,605.7999877929688,602.1300048828125,602.7999877929688,37234500,602.799988
2024-12-11,1733927400000,1733950800000,605.780029296875,608.4299926757812,605.5,607.4600219726562,28677700,607.460022
2024-12-12,1734013800000,1734037200000,606.5800170898438,607.1599731445312,604.3300170898438,604.3300170898438,31543800,604.330017
2024-12-13,1734100200000,1734123600000,606.4000244140625,607.1300048828125,602.8099975585938,604.2100219726562,35904700,604.210022
2024-12-16,1734359400000,1734382800000,606.0,607.780029296875,605.2100219726562,606.7899780273438,43695200,606.789978
2024-12-17,1734445800000,1734469200000,604.1900024414062,605.1699829101562,602.8900146484375,604.2899780273438,55773500,604.289978
2024-12-18,1734532200000,1734555600000,603.97998046875,606.4099731445312,585.8900146484375,586.280029296875,108248700,586.280029
2024-12-19,1734618600000,1734642000000,591.3599853515625,593.0,585.8499755859375,586.0999755859375,85919500,586.099976
2024-12-20,1734705000000,1734728400000,581.77001953125,595.75,580.9099731445312,591.1500244140625,125716700,591.150024
2024-12-23,1734964200000,1734987600000,590.8900146484375,595.2999877929688,587.6599731445312,594.6900024414062,57635800,594.690002
2024-12-24,1735050600000,1735074000000,596.0599975585938,601.3400268554688,595.469970703125,601.2999877929688,33160100,601.299988
2024-12-26,1735223400000,1735246800000,599.5,602.47998046875,598.0800170898438,601.3400268554688,41219100,601.340027
2024-12-27,1735309800000,1735333200000,597.5399780273438,597.780029296875,590.760009765625,595.010009765625,64969300,595.01001
2024-12-30,1735569000000,1735592400000,587.8900146484375,591.739990234375,584.4099731445312,588.219970703125,56578800,588.219971
2024-12-31,1735655400000,1735678800000,589.9099731445312,590.6400146484375,584.4199829101562,586.0800170898438,57052700,586.080017
2025-01-02,1735828200000,1735851600000,589.3900146484375,591.1300048828125,580.5,584.6400146484375,50204000,584.640015
2025-01-03,1735914600000,1735938000000,587.530029296875,592.5999755859375,586.4299926757812,591.9500122070312,37888500,591.950012
2025-01-06,1736173800000,1736197200000,596.27001953125,599.7000122070312,593.5999755859375,595.3599853515625,47679400,595.359985
2025-01-07,1736260200000,1736283600000,597.4199829101562,597.75,586.780029296875,588.6300048828125,60393100,588.630005
2025-01-08,1736346600000,1736370000000,588.7000122070312,590.5800170898438,585.2000122070312,589.489990234375,47304700,589.48999
2025-01-10,1736519400000,1736542800000,585.8800048828125,585.9500122070312,578.5499877929688,580.489990234375,73105000,580.48999
2025-01-13,1736778600000,1736802000000,575.77001953125,581.75,575.3499755859375,581.3900146484375,47910100,581.390015
2025-01-14,1736865000000,1736888400000,584.3599853515625,585.0,578.3499755859375,582.1900024414062,48420600,582.190002
2025-01-15,1736951400000,1736974800000,590.3300170898438,593.9400024414062,589.2000122070312,592.780029296875,56900200,592.780029
2025-01-16,1737037800000,1737061200000,594.1699829101562,594.3499755859375,590.9299926757812,591.6400146484375,43319700,591.640015
2025-01-17,1737124200000,1737147600000,596.9600219726562,599.3599853515625,595.6099853515625,597.5800170898438,58070600,597.580017
2025-01-21,1737469800000,1737493200000,600.6699829101562,603.0599975585938,598.6699829101562,603.0499877929688,42532900,603.049988
2025-01-22,1737556200000,1737579600000,605.9199829101562,607.8200073242188,605.3599853515625,606.4400024414062,48196000,606.440002
2025-01-23,1737642600000,1737666000000,605.7999877929688,609.75,605.52001953125,609.75,41152100,609.75
2025-01-24,1737729000000,1737752400000,609.8099975585938,610.780029296875,606.7999877929688,607.969970703125,34604700,607.969971
2025-01-27,1737988200000,1738011600000,594.8099975585938,599.6900024414062,594.6400146484375,599.3699951171875,70361100,599.369995
2025-01-28,1738074600000,1738098000000,600.6199951171875,605.3699951171875,597.25,604.52001953125,44433300,604.52002
2025-01-29,1738161000000,1738184400000,603.719970703125,604.1300048828125,599.219970703125,601.8099975585938,37177400,601.809998
2025-01-30,1738247400000,1738270800000,603.9600219726562,606.5999755859375,600.719970703125,605.0399780273438,39281300,605.039978
2025-01-31,1738333800000,1738357200000,607.5,609.9600219726562,601.0499877929688,601.8200073242188,66566900,601.820007
2025-02-03,1738593000000,1738616400000,592.6699829101562,600.2899780273438,590.489990234375,597.77001953125,65857200,597.77002
2025-02-04,1738679400000,1738702800000,597.8300170898438,602.2999877929688,597.280029296875,601.780029296875,33457800,601.780029
2025-02-05,1738765800000,1738789200000,600.6400146484375,604.3699951171875,598.5800170898438,604.219970703125,30653100,604.219971
2025-02-06,1738852200000,1738875600000,605.989990234375,606.4500122070312,602.6300048828125,606.3200073242188,35771500,606.320007
2025-02-07,1738938600000,1738962000000,606.8900146484375,608.1300048828125,600.0499877929688,600.77001953125,50788500,600.77002
2025-02-10,1739197800000,1739221200000,604.030029296875,605.5,602.739990234375,604.8499755859375,26048700,604.849976
2025-02-11,1739284200000,1739307600000,602.5499877929688,605.8599853515625,602.4299926757812,605.3099975585938,30056700,605.309998
2025-02-12,1739370600000,1739394000000,599.2000122070312,604.5499877929688,598.510009765625,603.3599853515625,45076100,603.359985
2025-02-13,1739457000000,1739480400000,604.47998046875,609.9400024414062,603.2000122070312,609.72998046875,40921300,609.72998
2025-02-14,1739543400000,1739566800000,609.9400024414062,610.989990234375,609.0700073242188,609.7000122070312,26910400,609.700012
2025-02-18,1739889000000,1739912400000,610.8800048828125,611.489990234375,608.3800048828125,611.489990234375,26749000,611.48999
2025-02-19,1739975400000,1739998800000,610.0800170898438,613.22998046875,609.5599975585938,612.9299926757812,31011100,612.929993
2025-02-20,1740061800000,1740085200000,611.5399780273438,611.6799926757812,607.02001953125,610.3800048828125,36554000,610.380005
2025-02-21,1740148200000,1740171600000,610.1599731445312,610.2999877929688,599.469970703125,599.9400024414062,76519800,599.940002
2025-02-24,1740407400000,1740430800000,602.02001953125,603.030029296875,596.489990234375,597.2100219726562,50737200,597.210022
2025-02-25,1740493800000,1740517200000,597.1500244140625,597.8900146484375,589.5599975585938,594.239990234375,58266500,594.23999
2025-02-26,1740580200000,1740603600000,595.9299926757812,599.5800170898438,591.8599853515625,594.5399780273438,43321600,594.539978
2025-02-27,1740666600000,1740690000000,596.8499755859375,598.02001953125,584.6500244140625,585.0499877929688,74196700,585.049988
2025-02-28,1740753000000,1740776400000,585.5599975585938,594.719970703125,582.4400024414062,594.1799926757812,88744100,594.179993
2025-03-03,1741012200000,1741035600000,596.1799926757812,597.3400268554688,579.9000244140625,583.77001953125,74249200,583.77002
2025-03-04,1741098600000,1741122000000,579.7100219726562,585.3900146484375,572.25,576.8599853515625,109648200,576.859985
2025-03-05,1741185000000,1741208400000,576.6900024414062,584.8800048828125,573.0800170898438,583.0599975585938,71230500,583.059998
2025-03-06,1741271400000,1741294800000,575.47998046875,580.1699829101562,570.1199951171875,572.7100219726562,80094900,572.710022
2025-03-07,1741357800000,1741381200000,570.9000244140625,577.3900146484375,565.6300048828125,575.9199829101562,81158800,575.919983
2025-03-10,1741613400000,1741636800000,567.5900268554688,569.5399780273438,555.5900268554688,560.5800170898438,99326600,560.580017
2025-03-11,1741699800000,1741723200000,559.4000244140625,564.02001953125,552.02001953125,555.9199829101562,88102100,555.919983
2025-03-12,1741786200000,1741809600000,562.1699829101562,563.1099853515625,553.6900024414062,558.8699951171875,69588200,558.869995
2025-03-13,1741872600000,1741896000000,558.489990234375,559.1099853515625,549.6799926757812,551.4199829101562,74079400,551.419983
2025-03-14,1741959000000,1741982400000,556.1099853515625,563.8300170898438,551.489990234375,562.8099975585938,62660300,562.809998
2025-03-17,1742218200000,1742241600000,562.7899780273438,569.7100219726562,562.3499755859375,567.1500244140625,49008700,567.150024
2025-03-18,1742304600000,1742328000000,564.7999877929688,565.02001953125,559.0599975585938,561.02001953125,66041400,561.02002
2025-03-19,1742391000000,1742414400000,562.8300170898438,570.9500122070312,561.6300048828125,567.1300048828125,66556000,567.130005
2025-03-20,1742477400000,1742500800000,563.3300170898438,570.5700073242188,562.5999755859375,565.489990234375,62958200,565.48999
2025-03-21,1742563800000,1742587200000,559.280029296875,564.8900146484375,558.030029296875,563.97998046875,83763000,563.97998
2025-03-24,1742823000000,1742846400000,570.7999877929688,575.1500244140625,570.2000122070312,574.0800170898438,58766800,574.080017
2025-03-25,1742909400000,1742932800000,575.2999877929688,576.4099731445312,573.6900024414062,575.4600219726562,38355700,575.460022
2025-03-26,1742995800000,1743019200000,575.1900024414062,576.3300170898438,567.1900024414062,568.5900268554688,51848300,568.590027
2025-03-27,1743082200000,1743105600000,567.1799926757812,570.9000244140625,564.9400024414062,567.0800170898438,42164200,567.080017
2025-03-28,1743168600000,1743192000000,565.530029296875,566.27001953125,555.0700073242188,555.6599731445312,71662700,555.659973
2025-03-31,1743427800000,1743451200000,549.8300170898438,560.7100219726562,546.8699951171875,559.3900146484375,95328200,559.390015
2025-04-01,1743514200000,1743537600000,557.4500122070312,562.9400024414062,553.6799926757812,560.969970703125,54609600,560.969971
2025-04-02,1743600600000,1743624000000,555.0499877929688,567.4199829101562,554.8099975585938,564.52001953125,76014500,564.52002
2025-04-03,1743687000000,1743710400000,545.1099853515625,547.969970703125,536.7000122070312,536.7000122070312,125986000,536.700012
2025-04-04,1743773400000,1743796800000,523.6699829101562,525.8699951171875,505.05999755859375,505.2799987792969,217965100,505.279999
2025-04-07,1744032600000,1744056000000,489.19000244140625,523.1699829101562,481.79998779296875,504.3800048828125,256611400,504.380005
2025-04-08,1744119000000,1744142400000,521.8599853515625,524.97998046875,489.1600036621094,496.4800109863281,165816600,496.480011
2025-04-09,1744205400000,1744228800000,493.44000244140625,548.6199951171875,493.04998779296875,548.6199951171875,241867300,548.619995
2025-04-10,1744291800000,1744315200000,532.1699829101562,533.5,509.32000732421875,524.5800170898438,162331200,524.580017
2025-04-11,1744378200000,1744401600000,523.010009765625,536.4299926757812,520.0700073242188,533.9400024414062,97866300,533.940002
2025-04-14,1744637400000,1744660800000,544.0499877929688,544.280029296875,533.8599853515625,539.1199951171875,68034000,539.119995
2025-04-15,1744723800000,1744747200000,539.6699829101562,543.22998046875,536.8099975585938,537.6099853515625,56892900,537.609985
2025-04-16,1744810200000,1744833600000,531.6799926757812,537.8900146484375,520.2899780273438,525.6599731445312,83484800,525.659973
2025-04-17,1744896600000,1744920000000,527.6400146484375,531.1699829101562,523.9099731445312,526.4099731445312,79868100,526.409973
2025-04-21,1745242200000,1745265600000,521.1599731445312,521.7000122070312,508.4599914550781,513.8800048828125,69368100,513.880005
2025-04-22,1745328600000,1745352000000,520.1400146484375,529.2999877929688,519.1900024414062,527.25,75948100,527.25
2025-04-23,1745415000000,1745438400000,540.4299926757812,545.4299926757812,533.8800048828125,535.4199829101562,90590700,535.419983
2025-04-24,1745501400000,1745524800000,536.719970703125,547.4299926757812,535.4500122070312,546.6900024414062,64150400,546.690002
2025-04-25,1745587800000,1745611200000,546.6500244140625,551.0499877929688,543.6900024414062,550.6400146484375,61119600,550.640015
2025-04-28,1745847000000,1745870400000,551.3900146484375,553.5499877929688,545.02001953125,550.8499755859375,47613800,550.849976
2025-04-29,1745933400000,1745956800000,548.9099731445312,555.4500122070312,548.5499877929688,554.3200073242188,47775100,554.320007
2025-04-30,1746019800000,1746043200000,547.5700073242188,556.52001953125,541.52001953125,554.5399780273438,93101500,554.539978
2025-05-01,1746106200000,1746129600000,560.3699951171875,564.0700073242188,557.8599853515625,558.469970703125,63186100,558.469971
2025-05-02,1746192600000,1746216000000,564.72998046875,568.3800048828125,562.3800048828125,566.760009765625,60717300,566.76001
2025-05-05,1746451800000,1746475200000,562.5700073242188,566.6500244140625,561.7000122070312,563.510009765625,38659200,563.51001
2025-05-06,1746538200000,1746561600000,557.9299926757812,563.3499755859375,556.9600219726562,558.7999877929688,48264700,558.799988
2025-05-07,1746624600000,1746648000000,560.1500244140625,563.8200073242188,556.0399780273438,561.1500244140625,55588000,561.150024
2025-05-08,1746711000000,1746734400000,565.239990234375,570.3099975585938,561.7000122070312,565.0599975585938,65130800,565.059998
2025-05-09,1746797400000,1746820800000,566.47998046875,567.5,562.760009765625,564.3400268554688,37603400,564.340027
2025-05-12,1747056600000,1747080000000,581.469970703125,583.0,577.0399780273438,582.989990234375,78993600,582.98999
2025-05-13,1747143000000,1747166400000,583.4099731445312,589.0800170898438,582.8400268554688,586.8400268554688,67947200,586.840027
2025-05-14,1747229400000,1747252800000,587.8099975585938,588.97998046875,585.5399780273438,587.5900268554688,66283500,587.590027
2025-05-15,1747315800000,1747339200000,585.5599975585938,590.969970703125,585.0999755859375,590.4600219726562,71268100,590.460022
2025-05-16,1747402200000,1747425600000,591.25,594.5,589.280029296875,594.2000122070312,76052100,594.200012
2025-05-19,1747661400000,1747684800000,588.0999755859375,595.5399780273438,588.0999755859375,594.8499755859375,68168500,594.849976
2025-05-20,1747747800000,1747771200000,593.0900268554688,594.0499877929688,589.5999755859375,592.8499755859375,60614500,592.849976
2025-05-21,1747834200000,1747857600000,588.4400024414062,592.5800170898438,581.8200073242188,582.8599853515625,95197700,582.859985
2025-05-22,1747920600000,1747944000000,582.6599731445312,586.6199951171875,581.4099731445312,583.0900268554688,70860400,583.090027
2025-05-23,1748007000000,1748030400000,575.97998046875,581.8099975585938,575.5999755859375,579.1099853515625,76029000,579.109985
2025-05-27,1748352600000,1748376000000,586.0700073242188,591.3099975585938,578.4299926757812,591.1500244140625,72588500,591.150024
2025-05-28,1748439000000,1748462400000,591.5599975585938,592.77001953125,586.989990234375,587.72998046875,68445500,587.72998
2025-05-29,1748525400000,1748548800000,593.0599975585938,593.2000122070312,586.0700073242188,590.0499877929688,69973300,590.049988
2025-05-30,1748611800000,1748635200000,588.9299926757812,591.1300048828125,583.239990234375,589.3900146484375,90601200,589.390015
2025-06-02,1748871000000,1748894400000,587.760009765625,592.7899780273438,585.0599975585938,592.7100219726562,61630500,592.710022
2025-06-03,1748957400000,1748980800000,592.3400268554688,597.0800170898438,591.8499755859375,596.0900268554688,63606200,596.090027
2025-06-04,1749043800000,1749067200000,596.9600219726562,597.9500122070312,595.489990234375,595.9299926757812,57314200,595.929993
2025-06-05,1749130200000,1749153600000,597.6300048828125,599.0,591.0499877929688,593.0499877929688,92278700,593.049988
2025-06-06,1749216600000,1749240000000,598.6599731445312,600.8300170898438,596.8599853515625,599.1400146484375,66588700,599.140015
2025-06-09,1749475800000,1749499200000,599.719970703125,601.25,598.489990234375,599.6799926757812,53016400,599.679993
2025-06-10,1749562200000,1749585600000,600.219970703125,603.469970703125,599.0900268554688,603.0800170898438,66247000,603.080017
2025-06-11,1749648600000,1749672000000,604.1900024414062,605.0599975585938,599.27001953125,601.3599853515625,73658200,601.359985
2025-06-12,1749735000000,1749758400000,600.010009765625,603.75,599.52001953125,603.75,64129000,603.75
2025-06-13,1749821400000,1749844800000,598.5,601.8499755859375,595.47998046875,597.0,89506000,597.0
2025-06-16,1750080600000,1750104000000,600.4000244140625,604.4500122070312,600.219970703125,602.6799926757812,79984100,602.679993
2025-06-17,1750167000000,1750190400000,600.2100219726562,601.75,596.760009765625,597.530029296875,82209400,597.530029
2025-06-18,1750253400000,1750276800000,598.4400024414062,601.219970703125,596.469970703125,597.4400024414062,76605000,597.440002
2025-06-20,1750426200000,1750449600000,598.3800048828125,599.4600219726562,592.8599853515625,594.280029296875,94051400,594.280029
2025-06-23,1750685400000,1750708800000,595.0399780273438,600.5399780273438,591.8900146484375,600.1500244140625,87426000,600.150024
2025-06-24,1750771800000,1750795200000,604.3300170898438,607.8499755859375,603.4099731445312,606.780029296875,67735300,606.780029
2025-06-25,1750858200000,1750881600000,607.9099731445312,608.6099853515625,605.5399780273438,607.1199951171875,62114800,607.119995
2025-06-26,1750944600000,1750968000000,608.989990234375,612.3099975585938,608.3699951171875,611.8699951171875,78548400,611.869995
2025-06-27,1751031000000,1751054400000,612.8800048828125,616.3900146484375,610.8300170898438,614.9099731445312,86258400,614.909973
2025-06-30,1751290200000,1751313600000,617.3800048828125,619.219970703125,615.0399780273438,617.8499755859375,92502500,617.849976
2025-07-01,1751376600000,1751400000000,616.3599853515625,618.8300170898438,615.52001953125,617.6500244140625,70030100,617.650024
2025-07-02,1751463000000,1751486400000,617.239990234375,620.489990234375,616.6099853515625,620.4500122070312,66510400,620.450012
2025-07-03,1751549400000,1751572800000,622.4500122070312,626.280029296875,622.4299926757812,625.3400268554688,51065800,625.340027
2025-07-07,1751895000000,1751918400000,623.3599853515625,624.030029296875,617.8699951171875,620.6799926757812,74814500,620.679993
2025-07-08,1751981400000,1752004800000,621.3499755859375,622.1099853515625,619.52001953125,620.3400268554688,59024600,620.340027
2025-07-09,1752067800000,1752091200000,622.77001953125,624.719970703125,620.9099731445312,624.0599975585938,66113300,624.059998
2025-07-10,1752154200000,1752177600000,624.2000122070312,626.8699951171875,623.010009765625,625.8200073242188,57529000,625.820007
2025-07-11,1752240600000,1752264000000,622.739990234375,624.8599853515625,621.530029296875,623.6199951171875,63670200,623.619995
2025-07-14,1752499800000,1752523200000,623.1599731445312,625.1599731445312,621.7999877929688,624.8099975585938,51898500,624.809998
2025-07-15,1752586200000,1752609600000,627.52001953125,627.8599853515625,622.0599975585938,622.1400146484375,74317300,622.140015
2025-07-16,1752672600000,1752696000000,623.739990234375,624.72998046875,618.0499877929688,624.219970703125,88987500,624.219971
2025-07-17,1752759000000,1752782400000,624.4000244140625,628.4000244140625,624.1799926757812,628.0399780273438,68885700,628.039978
2025-07-18,1752845400000,1752868800000,629.2999877929688,629.469970703125,626.4600219726562,627.5800170898438,65621600,627.580017
2025-07-21,1753104600000,1753128000000,628.77001953125,631.5399780273438,628.3400268554688,628.77001953125,63375000,628.77002
2025-07-22,1753191000000,1753214400000,629.0999755859375,629.72998046875,626.1900024414062,628.8599853515625,60046300,628.859985
2025-07-23,1753277400000,1753300800000,631.5499877929688,634.2100219726562,629.72998046875,634.2100219726562,70511000,634.210022
2025-07-24,1753363800000,1753387200000,634.5999755859375,636.1500244140625,633.989990234375,634.4199829101562,71307100,634.419983
2025-07-25,1753450200000,1753473600000,635.0900268554688,637.5800170898438,634.8400268554688,637.0999755859375,56865400,637.099976
2025-07-28,1753709400000,1753732800000,637.47998046875,638.0399780273438,635.5399780273438,636.9400024414062,54917100,636.940002
2025-07-29,1753795800000,1753819200000,638.3499755859375,638.6699829101562,634.3400268554688,635.260009765625,60556300,635.26001
2025-07-30,1753882200000,1753905600000,635.9199829101562,637.6799926757812,631.5399780273438,634.4600219726562,80418900,634.460022
2025-07-31,1753968600000,1753992000000,639.4600219726562,639.8499755859375,630.77001953125,632.0800170898438,103385200,632.080017
2025-08-01,1754055000000,1754078400000,626.2999877929688,626.3400268554688,619.2899780273438,621.719970703125,140103600,621.719971
2025-08-04,1754314200000,1754337600000,625.6699829101562,631.219970703125,625.5800170898438,631.1699829101562,73218000,631.169983
2025-08-05,1754400600000,1754424000000,631.7899780273438,632.6099853515625,627.0399780273438,627.969970703125,68051400,627.969971
2025-08-06,1754487000000,1754510400000,629.0499877929688,633.4400024414062,628.1300048828125,632.780029296875,64357500,632.780029
2025-08-07,1754573400000,1754596800000,636.239990234375,636.97998046875,629.1099853515625,632.25,74205800,632.25
2025-08-08,1754659800000,1754683200000,634.0599975585938,637.6500244140625,633.739990234375,637.1799926757812,64051600,637.179993
2025-08-11,1754919000000,1754942400000,637.4600219726562,638.9500122070312,634.6599731445312,635.9199829101562,58742300,635.919983
2025-08-12,1755005400000,1755028800000,638.2899780273438,642.8499755859375,636.7899780273438,642.6900024414062,64730800,642.690002
2025-08-13,1755091800000,1755115200000,644.9099731445312,646.1900024414062,642.6799926757812,644.8900146484375,60092800,644.890015
2025-08-14,1755178200000,1755201600000,642.7899780273438,645.6199951171875,642.3400268554688,644.9500122070312,59327500,644.950012
2025-08-15,1755264600000,1755288000000,645.989990234375,646.0900268554688,642.52001953125,643.4400024414062,68592500,643.440002
2025-08-18,1755523800000,1755547200000,642.8599853515625,644.0,642.1799926757812,643.2999877929688,43804900,643.299988
2025-08-19,1755610200000,1755633600000,643.1199951171875,644.1099853515625,638.47998046875,639.8099975585938,69750700,639.809998
2025-08-20,1755696600000,1755720000000,639.4000244140625,639.6599731445312,632.9500122070312,638.1099853515625,88890300,638.109985
2025-08-21,1755783000000,1755806400000,636.280029296875,637.969970703125,633.8099975585938,635.5499877929688,54805800,635.549988
2025-08-22,1755869400000,1755892800000,637.760009765625,646.5,637.25,645.3099975585938,84083200,645.309998
2025-08-25,1756128600000,1756152000000,644.0399780273438,645.2899780273438,642.3499755859375,642.469970703125,51274300,642.469971
2025-08-26,1756215000000,1756238400000,642.2000122070312,645.510009765625,641.5700073242188,645.1599731445312,51581600,645.159973
2025-08-27,1756301400000,1756324800000,644.5700073242188,647.3699951171875,644.4199829101562,646.6300048828125,48341100,646.630005
2025-08-28,1756387800000,1756411200000,647.239990234375,649.47998046875,645.3400268554688,648.9199829101562,61519500,648.919983
2025-08-29,1756474200000,1756497600000,647.469970703125,647.8400268554688,643.1400146484375,645.0499877929688,74522200,645.049988
2025-09-02,1756819800000,1756843200000,637.5,640.489990234375,634.9199829101562,640.27001953125,81983500,640.27002
2025-09-03,1756906200000,1756929600000,642.6699829101562,644.2100219726562,640.4600219726562,643.739990234375,70820900,643.73999
2025-09-04,1756992600000,1757016000000,644.4199829101562,649.1500244140625,643.510009765625,649.1199951171875,65219200,649.119995
2025-09-05,1757079000000,1757102400000,651.47998046875,652.2100219726562,643.3300170898438,647.239990234375,85178900,647.23999
2025-09-08,1757338200000,1757361600000,648.6199951171875,649.8400268554688,647.22998046875,648.8300170898438,63133100,648.830017
2025-09-09,1757424600000,1757448000000,648.969970703125,650.8599853515625,647.219970703125,650.3300170898438,66133900,650.330017
2025-09-10,1757511000000,1757534400000,653.6199951171875,654.5499877929688,650.6300048828125,652.2100219726562,78034500,652.210022
2025-09-11,1757597400000,1757620800000,654.1799926757812,658.3300170898438,653.5900268554688,657.6300048828125,69934400,657.630005
2025-09-12,1757683800000,1757707200000,657.5999755859375,659.1099853515625,656.9000244140625,657.4099731445312,72780100,657.409973
2025-09-15,1757943000000,1757966400000,659.6400146484375,661.0399780273438,659.3400268554688,660.9099731445312,63772400,660.909973
2025-09-16,1758029400000,1758052800000,661.469970703125,661.780029296875,659.2100219726562,660.0,61169000,660.0
2025-09-17,1758115800000,1758139200000,660.010009765625,661.719970703125,654.2999877929688,659.1799926757812,101952200,659.179993
2025-09-18,1758202200000,1758225600000,661.8900146484375,664.8900146484375,660.27001953125,662.260009765625,90459200,662.26001
2025-09-19,1758288600000,1758312000000,662.3300170898438,664.5499877929688,660.3699951171875,663.7000122070312,97945600,663.700012
2025-09-22,1758547800000,1758571200000,662.2000122070312,667.2899780273438,662.1699829101562,666.8400268554688,69452200,666.840027
2025-09-23,1758634200000,1758657600000,666.719970703125,667.3400268554688,661.97998046875,663.2100219726562,81708900,663.210022
2025-09-24,1758720600000,1758744000000,664.510009765625,664.6099853515625,659.6699829101562,661.0999755859375,68082200,661.099976
2025-09-25,1758807000000,1758830400000,657.9400024414062,659.4099731445312,654.4099731445312,658.0499877929688,89622100,658.049988
2025-09-26,1758893400000,1758916800000,659.510009765625,662.3699951171875,657.8800048828125,661.8200073242188,69179200,661.820007
2025-09-29,1759152600000,1759176000000,664.3599853515625,665.280029296875,661.8599853515625,663.6799926757812,73499000,663.679993
2025-09-30,1759239000000,1759262400000,662.9299926757812,666.6500244140625,661.6099853515625,666.1799926757812,86288000,666.179993
2025-10-01,1759325400000,1759348800000,663.1699829101562,669.3699951171875,663.0599975585938,668.4500122070312,72545400,668.450012
2025-10-02,1759411800000,1759435200000,670.4500122070312,670.5700073242188,666.780029296875,669.219970703125,56896000,669.219971
2025-10-03,1759498200000,1759521600000,669.989990234375,672.6799926757812,668.1599731445312,669.2100219726562,70494400,669.210022
2025-10-06,1759757400000,1759780800000,671.6199951171875,672.510009765625,669.4600219726562,671.6099853515625,54623300,671.609985
2025-10-07,1759843800000,1759867200000,672.5399780273438,672.989990234375,667.6699829101562,669.1199951171875,72020100,669.119995
2025-10-08,1759930200000,1759953600000,670.25,673.2100219726562,669.4199829101562,673.1099853515625,60702200,673.109985
2025-10-09,1760016600000,1760040000000,673.530029296875,673.9400024414062,669.2100219726562,671.1599731445312,66501900,671.159973
2025-10-10,1760103000000,1760126400000,672.1300048828125,673.9500122070312,652.8400268554688,653.02001953125,159422600,653.02002
2025-10-13,1760362200000,1760385600000,660.6500244140625,665.1300048828125,659.77001953125,663.0399780273438,79560500,663.039978
2025-10-14,1760448600000,1760472000000,657.1699829101562,665.8300170898438,653.1699829101562,662.22998046875,88779600,662.22998
2025-10-15,1760535000000,1760558400000,666.8200073242188,670.22998046875,658.9299926757812,665.1699829101562,81702600,665.169983
2025-10-16,1760621400000,1760644800000,666.8200073242188,668.7100219726562,657.1099853515625,660.6400146484375,110563300,660.640015
2025-10-17,1760707800000,1760731200000,659.5,665.760009765625,658.1400146484375,664.3900146484375,96500900,664.390015
2025-10-20,1760967000000,1760990400000,667.3200073242188,672.2100219726562,667.27001953125,671.2999877929688,60493400,671.299988
2025-10-21,1761053400000,1761076800000,671.4400024414062,672.989990234375,669.97998046875,671.2899780273438,56249000,671.289978
2025-10-22,1761139800000,1761163200000,672.0,672.0,663.2999877929688,667.7999877929688,80564000,667.799988
2025-10-23,1761226200000,1761249600000,668.1199951171875,672.7100219726562,667.7999877929688,671.760009765625,65604500,671.76001
2025-10-24,1761312600000,1761336000000,676.4600219726562,678.469970703125,675.6500244140625,677.25,74356500,677.25
2025-10-27,1761571800000,1761595200000,682.72998046875,685.5399780273438,682.1199951171875,685.239990234375,63339800,685.23999
2025-10-28,1761658200000,1761681600000,687.0499877929688,688.9099731445312,684.8300170898438,687.0599975585938,61738100,687.059998
2025-10-29,1761744600000,1761768000000,688.719970703125,689.7000122070312,682.8699951171875,687.3900146484375,85657100,687.390015
2025-10-30,1761831000000,1761854400000,683.9000244140625,685.9400024414062,679.8300170898438,679.8300170898438,76335800,679.830017
2025-10-31,1761917400000,1761940800000,685.0399780273438,685.0800170898438,679.239990234375,682.0599975585938,87164100,682.059998
2025-11-03,1762180200000,1762203600000,685.6699829101562,685.7999877929688,679.9400024414062,683.3400268554688,57315000,683.340027
2025-11-04,1762266600000,1762290000000,676.1099853515625,679.9600219726562,674.5800170898438,675.239990234375,78427000,675.23999
2025-11-05,1762353000000,1762376400000,674.97998046875,680.8599853515625,674.1699829101562,677.5800170898438,74402400,677.580017
2025-11-06,1762439400000,1762462800000,676.469970703125,677.3800048828125,668.719970703125,670.3099975585938,85035300,670.309998
2025-11-07,1762525800000,1762549200000,667.9099731445312,671.0800170898438,661.2100219726562,670.969970703125,100592400,670.969971
2025-11-10,1762785000000,1762808400000,677.239990234375,682.1799926757812,675.030029296875,681.4400024414062,75842900,681.440002
2025-11-11,1762871400000,1762894800000,679.9500122070312,683.5700073242188,678.72998046875,683.0,58953400,683.0
2025-11-12,1762957800000,1762981200000,684.7899780273438,684.9600219726562,680.9500122070312,683.3800048828125,62312500,683.380005
2025-11-13,1763044200000,1763067600000,680.5,680.8599853515625,670.52001953125,672.0399780273438,103457800,672.039978
2025-11-14,1763130600000,1763154000000,665.3800048828125,675.6599731445312,663.27001953125,671.9299926757812,96846700,671.929993
2025-11-17,1763389800000,1763413200000,669.7000122070312,673.7100219726562,662.1699829101562,665.6699829101562,90456100,665.669983
2025-11-18,1763476200000,1763499600000,662.0999755859375,665.1199951171875,655.8599853515625,660.0800170898438,114467500,660.080017
2025-11-19,1763562600000,1763586000000,660.780029296875,667.3400268554688,658.75,662.6300048828125,94703000,662.630005
2025-11-20,1763649000000,1763672400000,672.9099731445312,675.5599975585938,651.8900146484375,652.530029296875,165293500,652.530029
2025-11-21,1763735400000,1763758800000,655.0499877929688,664.5499877929688,650.8499755859375,659.030029296875,123956200,659.030029
2025-11-24,1763994600000,1764018000000,662.6900024414062,670.0599975585938,661.5900268554688,668.72998046875,80437900,668.72998
2025-11-25,1764081000000,1764104400000,668.6300048828125,676.2100219726562,664.47998046875,675.02001953125,81077100,675.02002
2025-11-26,1764167400000,1764190800000,677.6300048828125,681.7000122070312,676.719970703125,679.6799926757812,71879600,679.679993
2025-11-28,1764340200000,1764363600000,680.8599853515625,683.6699829101562,680.5,683.3900146484375,49212000,683.390015
2025-12-01,1764599400000,1764622800000,678.8099975585938,682.989990234375,678.739990234375,680.27001953125,61201200,680.27002
2025-12-02,1764685800000,1764709200000,681.9199829101562,683.8200073242188,679.3300170898438,681.530029296875,62953800,681.530029
2025-12-03,1764772200000,1764795600000,680.5700073242188,684.9099731445312,679.6900024414062,683.8900146484375,57238500,683.890015
2025-12-04,1764858600000,1764882000000,685.2999877929688,685.3699951171875,681.3400268554688,684.3900146484375,61970300,684.390015
2025-12-05,1764945000000,1764968400000,685.469970703125,688.3900146484375,684.5800170898438,685.6900024414062,79241000,685.690002
2025-12-08,1765204200000,1765227600000,686.5900268554688,686.6400146484375,681.5700073242188,683.6300048828125,55231500,683.630005
2025-12-09,1765290600000,1765314000000,683.1500244140625,685.3900146484375,682.5900268554688,683.0399780273438,58310100,683.039978
2025-12-10,1765377000000,1765400400000,682.5599975585938,688.969970703125,681.3099975585938,687.5700073242188,85671300,687.570007
2025-12-11,1765463400000,1765486800000,685.1400146484375,689.25,682.1699829101562,689.1699829101562,86173700,689.169983
2025-12-12,1765549800000,1765573200000,688.1699829101562,688.8800048828125,679.1699829101562,681.760009765625,113160300,681.76001
2025-12-15,1765809000000,1765832400000,685.739990234375,685.760009765625,679.25,680.72998046875,90811000,680.72998
2025-12-16,1765895400000,1765918800000,679.22998046875,681.0800170898438,674.97998046875,678.8699951171875,122030600,678.869995
2025-12-17,1765981800000,1766005200000,679.8900146484375,680.4400024414062,671.2000122070312,671.4000244140625,110625200,671.400024
2025-12-18,1766068200000,1766091600000,677.5999755859375,680.739990234375,674.9000244140625,676.469970703125,108650100,676.469971
2025-12-19,1766154600000,1766178000000,676.5900268554688,681.0900268554688,676.469970703125,680.5900268554688,103599500,680.590027
2025-12-22,1766413800000,1766437200000,683.9400024414062,685.3599853515625,680.5900268554688,684.8300170898438,69556700,684.830017
2025-12-23,1766500200000,1766523600000,683.9199829101562,688.2000122070312,683.8699951171875,687.9600219726562,64840000,687.960022
2025-12-24,1766586600000,1766610000000,687.9500122070312,690.8300170898438,687.7999877929688,690.3800048828125,39445600,690.380005
2025-12-26,1766759400000,1766782800000,690.6400146484375,691.6599731445312,689.27001953125,690.3099975585938,41613300,690.309998
2025-12-29,1767018600000,1767042000000,687.5399780273438,689.2000122070312,686.0700073242188,687.8499755859375,62559500,687.849976
2025-12-30,1767105000000,1767128400000,687.4500122070312,688.5599975585938,686.5800170898438,687.010009765625,47160700,687.01001
2025-12-31,1767191400000,1767214800000,687.1400146484375,687.3599853515625,681.7100219726562,681.9199829101562,74144800,681.919983
2026-01-02,1767364200000,1767387600000,685.7100219726562,686.8699951171875,679.8200073242188,683.1699829101562,89377200,683.169983
2026-01-05,1767623400000,1767646800000,686.5399780273438,689.4299926757812,686.3800048828125,687.719970703125,71927200,687.719971
2026-01-06,1767709800000,1767733200000,687.9299926757812,692.3200073242188,687.780029296875,691.8099975585938,69273800,691.809998
2026-01-07,1767796200000,1767819600000,692.1900024414062,693.9600219726562,689.3200073242188,689.5800170898438,75588300,689.580017
2026-01-08,1767882600000,1767906000000,688.8200073242188,690.6199951171875,687.489990234375,689.510009765625,64019200,689.51001
2026-01-09,1767969000000,1767992400000,690.6300048828125,695.3099975585938,689.1799926757812,694.0700073242188,80125500,694.070007
2026-01-12,1768228200000,1768251600000,690.6799926757812,696.0900268554688,690.6300048828125,695.1599731445312,63976000,695.159973
2026-01-13,1768314600000,1768338000000,695.489990234375,696.0900268554688,691.3499755859375,693.77001953125,78309700,693.77002
2026-01-14,1768401000000,1768424400000,691.0,691.719970703125,686.0399780273438,690.3599853515625,94676700,690.359985
2026-01-15,1768487400000,1768510800000,694.5700073242188,695.4500122070312,691.25,692.239990234375,77862000,692.23999
2026-01-16,1768573800000,1768597200000,693.6599731445312,694.25,690.0999755859375,691.6599731445312,79289200,691.659973
2026-01-20,1768919400000,1768942800000,681.489990234375,684.77001953125,676.5700073242188,677.5800170898438,111623300,677.580017
2026-01-21,1769005800000,1769029200000,679.6500244140625,688.739990234375,678.1300048828125,685.4000244140625,127844500,685.400024
2026-01-22,1769092200000,1769115600000,689.8499755859375,691.1300048828125,686.9199829101562,688.97998046875,77112200,688.97998
2026-01-23,1769178600000,1769202000000,688.1500244140625,690.9600219726562,687.1599731445312,689.22998046875,63059600,689.22998
2026-01-26,1769437800000,1769461200000,690.489990234375,694.1300048828125,689.9199829101562,692.72998046875,60473800,692.72998
2026-01-27,1769524200000,1769547600000,694.1799926757812,696.530029296875,693.5700073242188,695.489990234375,55506100,695.48999
2026-01-28,1769610600000,1769634000000,697.0499877929688,697.8400268554688,693.9400024414062,695.4199829101562,61172200,695.419983
2026-01-29,1769697000000,1769720400000,696.3900146484375,697.0599975585938,684.8300170898438,694.0399780273438,97486200,694.039978
2026-01-30,1769783400000,1769806800000,691.7899780273438,694.2100219726562,687.1199951171875,691.969970703125,101835100,691.969971
2026-02-02,1770042600000,1770066000000,689.5800170898438,696.9299926757812,689.4199829101562,695.4099731445312,79286500,695.409973
2026-02-03,1770129000000,1770152400000,696.2100219726562,696.9600219726562,684.030029296875,689.530029296875,107904600,689.530029
2026-02-04,1770215400000,1770238800000,690.3499755859375,691.4500122070312,681.760009765625,686.1900024414062,105204600,686.190002
2026-02-05,1770301800000,1770325200000,680.9400024414062,683.6900024414062,675.7899780273438,677.6199951171875,113610800,677.619995
2026-02-06,1770388200000,1770411600000,681.4600219726562,692.3099975585938,680.8499755859375,690.6199951171875,89127600,690.619995
2026-02-09,1770647400000,1770670800000,689.4199829101562,695.8699951171875,688.3400268554688,693.9500122070312,73885200,693.950012
2026-02-10,1770733800000,1770757200000,694.9500122070312,696.5399780273438,691.6599731445312,692.1199951171875,65185700,692.119995
2026-02-11,1770820200000,1770843600000,696.3900146484375,697.1400146484375,689.1799926757812,691.9600219726562,76353900,691.960022
2026-02-12,1770906600000,1770930000000,694.239990234375,695.3499755859375,680.3699951171875,681.27001953125,118829000,681.27002
2026-02-13,1770993000000,1771016400000,681.6900024414062,686.280029296875,677.52001953125,681.75,96267500,681.75
2026-02-17,1771338600000,1771362000000,680.1400146484375,684.9400024414062,675.780029296875,682.8499755859375,81354700,682.849976
2026-02-18,1771425000000,1771448400000,684.02001953125,689.1500244140625,682.8300170898438,686.2899780273438,73570300,686.289978
2026-02-19,1771511400000,1771534800000,683.8400268554688,686.1799926757812,681.5499877929688,684.47998046875,58649400,684.47998
2026-02-20,1771597800000,1771621200000,682.3200073242188,690.0599975585938,681.72998046875,689.4299926757812,100034000,689.429993
2026-02-23,1771857000000,1771880400000,687.8300170898438,690.0,680.3699951171875,682.3900146484375,90558100,682.390015
2026-02-24,1771943400000,1771966800000,681.9000244140625,688.3499755859375,680.0,687.3499755859375,73798700,687.349976
2026-02-25,1772029800000,1772053200000,690.1799926757812,693.6799926757812,690.0999755859375,693.1500244140625,56369500,693.150024
2026-02-26,1772116200000,1772139600000,693.280029296875,693.2999877929688,684.3499755859375,689.2999877929688,71671000,689.299988
2026-02-27,1772202600000,1772226000000,683.0900268554688,686.8599853515625,681.6400146484375,685.989990234375,83308900,685.98999
2026-03-02,1772461800000,1772485200000,678.7000122070312,688.6199951171875,678.02001953125,686.3800048828125,87477200,686.380005
2026-03-03,1772548200000,1772571600000,675.0599975585938,682.6099853515625,669.6599731445312,680.3300170898438,105003100,680.330017
2026-03-04,1772634600000,1772658000000,681.6300048828125,687.0900268554688,679.6199951171875,685.1300048828125,79182200,685.130005
2026-03-05,1772721000000,1772744400000,682.0800170898438,685.530029296875,675.6099853515625,681.3099975585938,106606500,681.309998
2026-03-06,1772807400000,1772830800000,673.4099731445312,676.1099853515625,669.760009765625,672.3800048828125,100687000,672.380005
2026-03-09,1773063000000,1773086400000,666.3900146484375,679.9199829101562,662.3900146484375,678.27001953125,102667700,678.27002
2026-03-10,1773149400000,1773172800000,677.719970703125,683.3599853515625,674.760009765625,677.1799926757812,81505300,677.179993
2026-03-11,1773235800000,1773259200000,677.5800170898438,680.0800170898438,673.3400268554688,676.3300170898438,68441700,676.330017
2026-03-12,1773322200000,1773345600000,671.1599731445312,671.6500244140625,665.8699951171875,666.0599975585938,108882200,666.059998
2026-03-13,1773408600000,1773432000000,669.27001953125,672.3400268554688,661.3599853515625,662.2899780273438,97200200,662.289978
2026-03-16,1773667800000,1773691200000,668.3800048828125,672.0700073242188,667.1199951171875,669.030029296875,82023100,669.030029
2026-03-17,1773754200000,1773777600000,672.3900146484375,674.4400024414062,669.7000122070312,670.7899780273438,87128000,670.789978
2026-03-18,1773840600000,1773864000000,668.3599853515625,669.719970703125,661.1900024414062,661.4299926757812,82062600,661.429993
2026-03-19,1773927000000,1773950400000,656.969970703125,662.97998046875,655.1699829101562,659.7999877929688,111272500,659.799988
2026-03-20,1774013400000,1774036800000,656.510009765625,656.6900024414062,644.719970703125,648.5700073242188,163617500,648.570007
2026-03-23,1774272600000,1774296000000,658.0700073242188,662.6199951171875,653.9400024414062,655.3800048828125,134802700,655.380005
2026-03-24,1774359000000,1774382400000,651.3200073242188,657.030029296875,649.8800048828125,653.1799926757812,96457500,653.179993
2026-03-25,1774445400000,1774468800000,658.6699829101562,660.8900146484375,654.239990234375,656.8200073242188,90653800,656.820007
2026-03-26,1774531800000,1774555200000,652.0599975585938,654.8499755859375,644.8200073242188,645.0900268554688,96494400,645.090027
2026-03-27,1774618200000,1774641600000,642.5,642.6599731445312,633.1099853515625,634.0900268554688,103649400,634.090027
2026-03-30,1774877400000,1774900800000,640.1099853515625,640.3699951171875,629.280029296875,631.969970703125,99275900,631.969971
2026-03-31,1774963800000,1774987200000,638.9400024414062,651.5399780273438,637.97998046875,650.3400268554688,152534100,650.340027
2026-04-01,1775050200000,1775073600000,653.9000244140625,658.52001953125,653.0,655.239990234375,97841500,655.23999
2026-04-02,1775136600000,1775160000000,646.4199829101562,658.2000122070312,645.1099853515625,655.8300170898438,68358700,655.830017
2026-04-06,1775482200000,1775505600000,655.8599853515625,659.719970703125,655.52001953125,658.9299926757812,39105800,658.929993
2026-04-07,1775568600000,1775592000000,656.6500244140625,659.6099853515625,651.0599975585938,659.219970703125,69980400,659.219971
2026-04-08,1775655000000,1775678400000,676.3900146484375,677.0800170898438,671.4600219726562,676.010009765625,93606100,676.01001
2026-04-09,1775741400000,1775764800000,674.8400268554688,681.1599731445312,673.77001953125,679.9099731445312,57134400,679.909973
2026-04-10,1775827800000,1775851200000,681.3200073242188,682.030029296875,678.4500122070312,679.4600219726562,42253500,679.460022
2026-04-13,1776087000000,1776110400000,677.4099731445312,686.2999877929688,676.5800170898438,686.0999755859375,54185800,686.099976
2026-04-14,1776173400000,1776196800000,687.6900024414062,694.5800170898438,687.6599731445312,694.4600219726562,63480500,694.460022
2026-04-15,1776259800000,1776283200000,695.260009765625,700.280029296875,694.2000122070312,699.9400024414062,58240400,699.940002
2026-04-16,1776346200000,1776369600000,701.0599975585938,702.780029296875,698.530029296875,701.6599731445312,49972400,701.659973
2026-04-17,1776432600000,1776456000000,706.1400146484375,712.3900146484375,705.760009765625,710.1400146484375,70661900,710.140015
2026-04-20,1776691800000,1776715200000,708.780029296875,709.9099731445312,706.1400146484375,708.719970703125,43546800,708.719971
2026-04-21,1776778200000,1776801600000,710.280029296875,711.280029296875,702.6400146484375,704.0800170898438,58941400,704.080017
2026-04-22,1776864600000,1776888000000,709.1500244140625,711.4500122070312,708.219970703125,711.2100219726562,42518500,711.210022
2026-04-23,1776951000000,1776974400000,709.5,712.3599853515625,702.280029296875,708.4500122070312,56174000,708.450012
2026-04-24,1777037400000,1777060800000,710.75,714.469970703125,709.010009765625,713.9400024414062,45182000,713.940002
2026-04-27,1777296600000,1777320000000,713.1699829101562,715.6300048828125,712.2999877929688,715.1699829101562,33135900,715.169983
2026-04-28,1777383000000,1777406400000,711.8200073242188,712.8800048828125,709.25,711.6900024414062,43117400,711.690002
2026-04-29,1777469400000,1777492800000,711.0,712.2000122070312,708.3699951171875,711.5800170898438,41859200,711.580017
2026-04-30,1777555800000,1777579200000,714.6300048828125,719.7899780273438,710.4500122070312,718.6599731445312,67240900,718.659973
2026-05-01,1777642200000,1777665600000,721.25,724.8699951171875,720.469970703125,720.6500244140625,43049800,720.650024
2026-05-04,1777901400000,1777924800000,720.0700073242188,722.1199951171875,714.989990234375,718.010009765625,51950600,718.01001
2026-05-05,1777987800000,1778011200000,721.77001953125,725.0399780273438,721.489990234375,723.77001953125,36933200,723.77002
2026-05-06,1778074200000,1778097600000,728.1599731445312,734.5900268554688,727.8200073242188,733.8300170898438,53288900,733.830017
2026-05-07,1778160600000,1778184000000,735.0499877929688,736.1300048828125,729.75,731.5800170898438,51724600,731.580017
2026-05-08,1778247000000,1778270400000,734.9299926757812,738.0800170898438,734.5700073242188,737.6199951171875,47227100,737.619995
2026-05-11,1778506200000,1778529600000,736.4500122070312,740.7899780273438,736.4500122070312,739.2999877929688,44024000,739.299988
2026-05-12,1778592600000,1778616000000,736.8900146484375,738.8400268554688,731.8300170898438,738.1799926757812,54185300,738.179993
2026-05-13,1778679000000,1778702400000,738.469970703125,743.9099731445312,735.469970703125,742.3099975585938,44200200,742.309998
2026-05-14,1778765400000,1778788800000,743.6500244140625,749.530029296875,743.5599975585938,748.1699829101562,45307600,748.169983
2026-05-15,1778851800000,1778875200000,741.7899780273438,743.4600219726562,737.9600219726562,739.1699829101562,60410800,739.169983
2026-05-18,1779111000000,1779134400000,739.8300170898438,741.4199829101562,733.3900146484375,738.6500244140625,47843900,738.650024
2026-05-19,1779197400000,1779220800000,734.780029296875,737.6500244140625,731.530029296875,733.72998046875,54255900,733.72998
2026-05-20,1779283800000,1779307200000,735.7100219726562,741.8699951171875,733.8900146484375,741.25,45768000,741.25
2026-05-21,1779370200000,1779393600000,738.6400146484375,744.8699951171875,737.030029296875,742.719970703125,43332200,742.719971
2026-05-22,1779456600000,1779480000000,746.239990234375,748.9400024414062,744.47998046875,745.6400146484375,41762000,745.640015
2026-05-26,1779802200000,1779825600000,750.010009765625,752.1300048828125,748.3699951171875,750.5900268554688,41123600,750.590027
2026-05-27,1779888600000,1779912000000,750.8800048828125,751.3800048828125,748.219970703125,750.4600219726562,42106300,750.460022
2026-05-28,1779975000000,1779998400000,750.25,755.1500244140625,749.22998046875,754.5999755859375,41562600,754.599976
2026-05-29,1780061400000,1780084800000,755.9000244140625,758.0800170898438,754.6900024414062,756.47998046875,55075700,756.47998
2026-06-01,1780320600000,1780344000000,755.3599853515625,760.280029296875,754.6900024414062,758.5399780273438,43634900,758.539978
2026-06-02,1780407000000,1780430400000,757.030029296875,760.4000244140625,756.75,759.5700073242188,31581900,759.570007
2026-06-03,1780493400000,1780516800000,758.1500244140625,758.7999877929688,753.5700073242188,754.239990234375,51402500,754.23999
2026-06-04,1780579800000,1780603200000,752.0999755859375,758.3099975585938,751.469970703125,757.0900268554688,49923000,757.090027
2026-06-05,1780666200000,1780689600000,752.3099975585938,752.8200073242188,735.530029296875,737.5499877929688,93989400,737.549988
2026-06-08,1780925400000,1780948800000,743.3599853515625,745.3400268554688,738.1900024414062,739.219970703125,49319100,739.219971
2026-06-09,1781011800000,1781035200000,743.6300048828125,746.9000244140625,722.5900268554688,737.0499877929688,87683500,737.049988
2026-06-10,1781098200000,1781121600000,733.3900146484375,738.3800048828125,725.3300170898438,725.4299926757812,60341300,725.429993
2026-06-11,1781184600000,1781208000000,728.760009765625,740.0,724.4099731445312,737.760009765625,86330500,737.76001
2026-06-12,1781271000000,1781294400000,740.7100219726562,744.4400024414062,735.030029296875,741.75,57079500,741.75
2026-06-15,1781530200000,1781553600000,751.8499755859375,756.6799926757812,751.760009765625,754.8300170898438,60176400,754.830017
2026-06-16,1781616600000,1781640000000,754.5499877929688,755.4400024414062,749.8800048828125,750.3300170898438,67093100,750.330017
2026-06-17,1781703000000,1781726400000,751.2899780273438,752.1500244140625,739.219970703125,740.9600219726562,85945200,740.960022
2026-06-18,1781789400000,1781812800000,747.760009765625,748.22998046875,743.8599853515625,746.739990234375,80875700,746.73999
2026-06-22,1782135000000,1782158400000,747.7000122070312,750.1799926757812,743.1300048828125,744.3900146484375,46628100,744.390015
2026-06-23,1782221400000,1782244800000,733.8099975585938,739.6300048828125,732.2999877929688,733.5800170898438,66846800,733.580017
2026-06-24,1782307800000,1782331200000,735.1699829101562,739.9500122070312,730.8400268554688,733.239990234375,57439500,733.23999
2026-06-25,1782394200000,1782417600000,738.9099731445312,739.3699951171875,729.5999755859375,734.2999877929688,53934400,734.299988
2026-06-26,1782480600000,1782504000000,728.9500122070312,736.530029296875,716.5800170898438,728.989990234375,71034000,728.98999
2026-06-29,1782739800000,1782763200000,736.530029296875,741.5599975585938,732.0900268554688,741.0,58035200,741.0
2026-06-30,1782826200000,1782849600000,741.2899780273438,748.02001953125,740.8900146484375,746.77001953125,55626000,746.77002
2026-07-01,1782912600000,1782936000000,745.0,749.4400024414062,742.3800048828125,745.760009765625,47100900,745.76001
2026-07-02,1782999000000,1783022400000,747.4000244140625,751.3099975585938,740.030029296875,744.780029296875,57447800,744.780029
2026-07-06,1783344600000,1783368000000,748.739990234375,752.4099731445312,747.4099731445312,751.280029296875,50673300,751.280029
2026-07-07,1783431000000,1783454400000,750.219970703125,750.9600219726562,745.2100219726562,747.7100219726562,43721500,747.710022
2026-07-08,1783517400000,1783540800000,743.1599731445312,746.1500244140625,739.510009765625,745.4000244140625,43767400,745.400024
2026-07-09,1783603800000,1783627200000,747.3499755859375,751.969970703125,745.5900268554688,751.7100219726562,41441700,751.710022
2026-07-10,1783690200000,1783713600000,752.0499877929688,755.4199829101562,748.0999755859375,754.9500122070312,42191300,754.950012
2026-07-13,1783949400000,1783972800000,752.469970703125,753.9099731445312,748.0,749.1699829101562,44013600,749.169983
2026-07-14,1784035800000,1784059200000,750.9099731445312,753.3400268554688,748.6599731445312,751.8300170898438,35143100,751.830017
2026-07-15,1784122200000,1784145600000,754.239990234375,755.5800170898438,750.2000122070312,754.8099975585938,43844800,754.809998
2026-07-16,1784208600000,1784232000000,752.760009765625,754.5700073242188,747.8800048828125,750.719970703125,46409800,750.719971
2026-07-17,1784295000000,1784318400000,742.0800170898438,747.2899780273438,740.7999877929688,743.2899780273438,62651000,743.289978
2026-07-20,1784554200000,1784577600000,747.0599975585938,748.72998046875,741.510009765625,742.0900268554688,50422300,742.090027
2026-07-21,1784640600000,1784664000000,746.2899780273438,749.0399780273438,744.1799926757812,748.280029296875,34324300,748.280029
2026-07-22,1784727000000,1784750400000,746.6199951171875,750.02001953125,746.3699951171875,747.4099731445312,32836200,747.409973
2026-07-23,1784813400000,1784836800000,739.3699951171875,742.5599975585938,735.2100219726562,738.1799926757812,55437300,738.179993
2026-07-24,1784899800000,1784923200000,738.510009765625,743.719970703125,737.2899780273438,738.9299926757812,44782000,738.929993
2026-07-27,1785159000000,1785182400000,744.9099731445312,745.530029296875,735.8699951171875,739.0900268554688,41461200,739.090027
2026-07-28,1785245400000,1785268800000,739.1900024414062,742.7899780273438,735.97998046875,740.8599853515625,47322200,740.859985
2026-07-29,1785331800000,1785355200000,739.969970703125,742.6799926757812,729.0999755859375,729.4600219726562,70697200,729.460022
2026-07-30,1785418200000,1785441600000,736.0499877929688,742.4500122070312,734.5900268554688,741.6900024414062,66811300,741.690002
2026-07-31,1785504600000,1785528000000,744.6799926757812,748.9000244140625,737.6799926757812,747.030029296875,62445900,747.030029
2026-08-03,1785763800000,1785787200000,749.4400024414062,758.5800170898438,748.7999877929688,757.6699829101562,59927500,757.669983
2026-08-04,1785850200000,1785873600000,760.6300048828125,773.4099731445312,760.52001953125,771.3300170898438,69154800,771.330017
2026-08-05,1785936600000,1785960000000,775.8499755859375,776.8499755859375,769.510009765625,769.7899780273438,44689100,769.789978
2026-08-06,1786023000000,1786046400000,770.2100219726562,771.8200073242188,767.4600219726562,768.5599975585938,38416900,768.559998
2026-08-07,1786109400000,1786132800000,771.02001953125,773.9199829101562,769.6099853515625,773.260009765625,43586300,773.26001
2026-08-10,1786368600000,1786392000000,772.5999755859375,775.0499877929688,771.6199951171875,773.030029296875,39249500,773.030029
2026-08-11,1786455000000,1786478400000,774.530029296875,774.6099853515625,769.2000122070312,770.5599975585938,36740600,770.559998
2026-08-12,1786541400000,1786564800000,774.7100219726562,774.9000244140625,771.280029296875,772.489990234375,33179100,772.48999
2026-08-13,1786627800000,1786651200000,774.8699951171875,779.3699951171875,774.1099853515625,777.8800048828125,35634500,777.880005
2026-08-14,1786714200000,1786737600000,778.5399780273438,778.7999877929688,775.4299926757812,776.3400268554688,31367900,776.340027
2026-08-17,1786973400000,1786996800000,776.1799926757812,776.780029296875,772.510009765625,772.6699829101562,34356600,772.669983
2026-08-18,1787059800000,1787083200000,768.7000122070312,769.5,766.9199829101562,767.4500122070312,43920900,767.450012
2026-08-19,1787146200000,1787169600000,770.3599853515625,772.469970703125,768.0999755859375,769.0599975585938,40306000,769.059998
2026-08-20,1787232600000,1787256000000,765.9600219726562,768.1500244140625,762.0399780273438,762.5999755859375,45520300,762.599976
2026-08-21,1787319000000,1787342400000,766.0499877929688,767.8499755859375,764.1699829101562,765.719970703125,39188700,765.719971
2026-08-24,1787578200000,1787601600000,764.780029296875,765.219970703125,762.0800170898438,763.469970703125,32430900,763.469971
2026-08-25,1787664600000,1787688000000,766.1599731445312,766.780029296875,763.0499877929688,765.9099731445312,27422300,765.909973
2026-08-26,1787751000000,1787774400000,764.72998046875,767.3499755859375,763.9299926757812,766.0800170898438,28751600,766.080017
2026-08-27,1787837400000,1787860800000,768.5,772.3599853515625,767.1599731445312,771.0999755859375,34557100,771.099976
2026-08-28,1787923800000,1787947200000,771.760009765625,775.2999877929688,768.3099975585938,769.3499755859375,36744300,769.349976
2026-08-31,1788183000000,1788206400000,767.3300170898438,768.0,764.719970703125,767.0499877929688,38810800,767.049988
2026-09-01,1788269400000,1788292800000,762.010009765625,764.6699829101562,759.47998046875,761.780029296875,41126300,761.780029
2026-09-02,1788355800000,1788379200000,762.4500122070312,766.4299926757812,761.72998046875,765.1599731445312,29566200,765.159973
2026-09-03,1788442200000,1788465600000,767.9000244140625,774.030029296875,767.4500122070312,773.1699829101562,43531600,773.169983
2026-09-04,1788528600000,1788552000000,772.010009765625,772.8699951171875,769.0,770.1900024414062,34054200,770.190002
2026-09-08,1788874200000,1788897600000,769.0700073242188,769.7000122070312,765.1400146484375,765.9600219726562,44746100,765.960022
2026-09-09,1788960600000,1788984000000,764.0800170898438,764.469970703125,760.9400024414062,762.4000244140625,32812400,762.400024
2026-09-10,1789047000000,1789070400000,758.030029296875,760.1099853515625,756.6400146484375,757.8300170898438,42740400,757.830017
2026-09-11,1789133400000,1789156800000,764.719970703125,766.3800048828125,763.5999755859375,764.2899780273438,45512700,764.289978
2026-09-14,1789392600000,1789416000000,759.0,763.52001953125,757.9299926757812,760.8800048828125,43992400,760.880005
2026-09-15,1789479000000,1789502400000,760.1199951171875,760.3499755859375,756.1500244140625,757.3900146484375,46195000,757.390015
2026-09-16,1789565400000,1789588800000,759.5,761.6699829101562,749.5999755859375,754.0499877929688,59217700,754.049988
2026-09-17,1789651800000,1789675200000,763.1500244140625,763.5700073242188,759.9600219726562,762.5999755859375,49652800,762.599976
2026-09-18,1789738200000,1789761600000,761.3099975585938,762.0,757.969970703125,761.6900024414062,65395100,761.690002
2026-09-21,1789997400000,1790020800000,766.25,774.8900146484375,766.030029296875,773.5,50484700,773.5
2026-09-22,1790083800000,1790107200000,774.030029296875,775.1400146484375,772.5700073242188,773.3800048828125,34802300,773.380005
2026-09-23,1790170200000,1790193600000,772.7899780273438,773.0499877929688,766.5,767.8099975585938,54931700,767.809998
2026-09-24,1790256600000,1790280000000,764.0700073242188,768.9500122070312,763.25,767.1799926757812,43983700,767.179993
2026-09-25,1790343000000,1790366400000,768.780029296875,772.280029296875,766.2899780273438,771.3499755859375,36666700,771.349976
2026-09-28,1790602200000,1790625600000,768.3499755859375,769.5399780273438,763.719970703125,765.6099853515625,42694500,765.609985
2026-09-29,1790688600000,1790712000000,766.8300170898438,766.97998046875,762.3499755859375,764.2000122070312,36910500,764.200012
2026-09-30,1790775000000,1790798400000,766.4500122070312,769.4099731445312,762.1799926757812,762.6300048828125,62110000,762.630005
2026-10-01,1790861400000,1790884800000,764.3599853515625,765.6500244140625,758.7899780273438,763.989990234375,47708100,763.98999
2026-10-02,1790947800000,1790971200000,770.5800170898438,772.6500244140625,767.1500244140625,769.6400146484375,46306400,769.640015
