date,at,phase,equity,cash,exposure,positions,maxSectorPositions
2017-10-02,1506951000000,beforeFirstOpen,10000,10000,0,,
2017-10-02,1506974400000,,10000,10000,0,0,0
2017-10-03,1507060800000,,10018.94210426509,233.90834037959235,9785.033763885498,5,2
2017-10-04,1507147200000,,10049.315336152908,233.90834037959235,9815.406995773315,5,2
2017-10-05,1507233600000,,10093.126811906692,233.90834037959235,9859.2184715271,5,2
2017-10-06,1507320000000,,10125.11706154048,233.90834037959235,9891.208721160889,5,2
2017-10-09,1507579200000,,10134.55527488887,233.90834037959235,9900.646934509277,5,2
2017-10-10,1507665600000,,10136.828485414382,233.90834037959235,9902.92014503479,5,2
2017-10-11,1507752000000,,10119.709201738235,233.90834037959235,9885.800861358643,5,2
2017-10-12,1507838400000,,10212.11988060176,233.90834037959235,9978.211540222168,5,2
2017-10-13,1507924800000,,10192.96004478633,233.90834037959235,9959.051704406738,5,2
2017-10-16,1508184000000,,10200.926052018996,233.90834037959235,9967.017711639404,5,2
2017-10-17,1508270400000,,10181.646993562576,233.90834037959235,9947.738653182983,5,2
2017-10-18,1508356800000,,10202.710832521316,233.90834037959235,9968.802492141724,5,2
2017-10-19,1508443200000,,10213.247121736404,233.90834037959235,9979.338781356812,5,2
2017-10-20,1508529600000,,10292.790260240432,233.90834037959235,10058.88191986084,5,2
2017-10-23,1508788800000,,10313.783471986648,233.90834037959235,10079.875131607056,5,2
2017-10-24,1508875200000,,10371.274167940017,233.90834037959235,10137.365827560425,5,2
2017-10-25,1508961600000,,10312.874256059524,233.90834037959235,10078.965915679932,5,2
2017-10-26,1509048000000,,10318.503702089187,233.90834037959235,10084.595361709595,5,2
2017-10-27,1509134400000,,10359.953449174758,233.90834037959235,10126.045108795166,5,2
2017-10-30,1509393600000,,10277.520408555862,233.90834037959235,10043.61206817627,5,2
2017-10-31,1509480000000,,10333.435975953933,233.90834037959235,10099.52763557434,5,2
2017-11-01,1509566400000,,10311.996486589309,233.90834037959235,10078.088146209717,5,2
2017-11-02,1509652800000,,10404.05565063655,233.90834037959235,10170.147310256958,5,2
2017-11-03,1509739200000,,10436.64404634729,2210.8300204683833,8225.814025878906,4,2
2017-11-06,1510002000000,,10476.113998125184,165.3727662068477,10310.741231918335,5,2
2017-11-07,1510088400000,,10525.690574358094,165.3727662068477,10360.317808151245,5,2
2017-11-08,1510174800000,,10720.962253282654,165.3727662068477,10555.589487075806,5,2
2017-11-09,1510261200000,,10504.230809877503,165.3727662068477,10338.858043670654,5,2
2017-11-10,1510347600000,,10524.054416368592,165.3727662068477,10358.681650161743,5,2
2017-11-13,1510606800000,,10496.41958398639,165.3727662068477,10331.046817779541,5,2
2017-11-14,1510693200000,,10469.304036806214,165.3727662068477,10303.931270599365,5,2
2017-11-15,1510779600000,,10406.568381786657,2218.1517252925173,8188.416656494141,4,2
2017-11-16,1510866000000,,10513.306770370507,865.450012252832,9647.856758117676,5,2
2017-11-17,1510952400000,,10531.176490829492,865.450012252832,9665.72647857666,5,2
2017-11-20,1511211600000,,10614.739952133203,865.450012252832,9749.289939880371,5,2
2017-11-21,1511298000000,,10849.830081985498,865.450012252832,9984.380069732666,5,2
2017-11-22,1511384400000,,10807.40687947085,865.450012252832,9941.956867218018,5,2
2017-11-24,1511557200000,,10857.67659001162,865.450012252832,9992.226577758789,5,2
2017-11-27,1511816400000,,10610.676738784814,865.450012252832,9745.226726531982,5,2
2017-11-28,1511902800000,,10730.306545303369,865.450012252832,9864.856533050537,5,2
2017-11-29,1511989200000,,10485.340120190776,2114.546876782573,8370.793243408203,4,2
2017-11-30,1512075600000,,10566.114413180207,15.524399676178746,10550.590013504028,5,2
2017-12-01,1512162000000,,10382.911314293684,2034.691175743879,8348.220138549805,4,2
2017-12-04,1512421200000,,10241.58968093495,2013.8196308861218,8227.770050048828,4,2
2017-12-05,1512507600000,,10187.095940460425,8.535912384252924,10178.560028076172,5,2
2017-12-06,1512594000000,,10209.555939544898,8.535912384252924,10201.020027160645,5,2
2017-12-07,1512680400000,,10250.935868133765,8.535912384252924,10242.399955749512,5,2
2017-12-08,1512766800000,,10319.785942901832,8.535912384252924,10311.250030517578,5,2
2017-12-11,1513026000000,,10250.048514259513,2134.3685063249422,8115.68000793457,4,2
2017-12-12,1513112400000,,10254.40047323417,104.82052480887592,10149.579948425293,5,2
2017-12-13,1513198800000,,10309.180498716347,104.82052480887592,10204.35997390747,5,2
2017-12-14,1513285200000,,10273.870558378212,104.82052480887592,10169.050033569336,5,2
2017-12-15,1513371600000,,10418.17047750663,104.82052480887592,10313.349952697754,5,2
2017-12-18,1513630800000,,10425.25038778495,104.82052480887592,10320.429862976074,5,2
2017-12-19,1513717200000,,10230.489899148519,51.3197331328945,10179.170166015625,5,2
2017-12-20,1513803600000,,10162.46961258846,51.3197331328945,10111.149879455566,5,2
2017-12-21,1513890000000,,10125.92961548763,51.3197331328945,10074.609882354736,5,2
2017-12-22,1513976400000,,9995.667552537852,43.51756627076293,9952.14998626709,5,2
2017-12-26,1514322000000,,9998.537524766856,43.51756627076293,9955.019958496094,5,2
2017-12-27,1514408400000,,9997.227611131602,43.51756627076293,9953.71004486084,5,2
2017-12-28,1514494800000,,10035.817599840098,43.51756627076293,9992.300033569336,5,2
2017-12-29,1514581200000,,9917.917354173595,43.51756627076293,9874.399787902832,5,2
2018-01-02,1514926800000,,9951.277413408763,1902.3772821831776,8048.900131225586,4,1
2018-01-03,1515013200000,,9995.612716625144,13.074157665183748,9982.538558959961,5,2
2018-01-04,1515099600000,,10017.210716197898,13.074157665183748,10004.136558532715,5,2
2018-01-05,1515186000000,,10078.187438915184,13.074157665183748,10065.11328125,5,2
2018-01-08,1515445200000,,10119.34243769448,13.074157665183748,10106.268280029297,5,2
2018-01-09,1515531600000,,10207.279388378074,13.074157665183748,10194.20523071289,5,2
2018-01-10,1515618000000,,10180.8754729728,13.074157665183748,10167.801315307617,5,2
2018-01-11,1515704400000,,10201.800102184226,13.074157665183748,10188.725944519043,5,2
2018-01-12,1515790800000,,10249.126975963523,13.074157665183748,10236.05281829834,5,2
2018-01-16,1516136400000,,10108.40731043618,13.074157665183748,10095.333152770996,5,2
2018-01-17,1516222800000,,10254.097511241844,13.074157665183748,10241.02335357666,5,2
2018-01-18,1516309200000,,10174.86058802407,13.074157665183748,10161.786430358887,5,2
2018-01-19,1516395600000,,10298.283462474754,13.074157665183748,10285.20930480957,5,2
2018-01-22,1516654800000,,10286.710052440574,13.074157665183748,10273.63589477539,5,2
2018-01-23,1516741200000,,10329.046646068504,13.074157665183748,10315.97248840332,5,2
2018-01-24,1516827600000,,10299.60358423989,13.074157665183748,10286.529426574707,5,2
2018-01-25,1516914000000,,10218.054458568504,13.074157665183748,10204.98030090332,5,2
2018-01-26,1517000400000,,10295.707130382469,13.074157665183748,10282.632972717285,5,2
2018-01-29,1517259600000,,10232.080772350242,13.074157665183748,10219.006614685059,5,2
2018-01-30,1517346000000,,10292.25269312661,13.074157665183748,10279.178535461426,5,2
2018-01-31,1517432400000,,10308.088761228359,1843.7687157571675,8464.320045471191,4,1
2018-02-01,1517518800000,,10416.143551306637,7.373760657222647,10408.769790649414,5,1
2018-02-02,1517605200000,,10235.553776221188,7.373760657222647,10228.180015563965,5,1
2018-02-05,1517864400000,,9912.66299984986,1866.7330148034728,8045.929985046387,4,1
2018-02-06,1517950800000,,9885.616420892104,5500.75645079933,4384.859970092773,2,1
2018-02-07,1518037200000,,9991.254233611417,1709.9123489983792,8281.341884613037,4,1
2018-02-08,1518123600000,,9755.072215331387,1709.9123489983792,8045.159866333008,4,1
2018-02-09,1518210000000,,9826.544352731522,3744.476309976395,6082.068042755127,3,1
2018-02-12,1518469200000,,9854.74211045247,3744.476309976395,6110.265800476074,3,1
2018-02-13,1518555600000,,9931.680270395096,3744.476309976395,6187.203960418701,3,1
2018-02-14,1518642000000,,9985.122325143631,3744.476309976395,6240.646015167236,3,1
2018-02-15,1518728400000,,10064.958721249344,1259.0327683379671,8805.925952911377,5,2
2018-02-16,1518814800000,,9871.718053785595,447.7078799879878,9424.010173797607,5,2
2018-02-20,1519160400000,,9822.189840284618,447.7078799879878,9374.48196029663,5,2
2018-02-21,1519246800000,,9820.93992039326,447.7078799879878,9373.232040405273,5,2
2018-02-22,1519333200000,,9806.177976576122,447.7078799879878,9358.470096588135,5,2
2018-02-23,1519419600000,,9932.652021375927,447.7078799879878,9484.94414138794,5,2
2018-02-26,1519678800000,,10049.15180775288,447.7078799879878,9601.443927764893,5,2
2018-02-27,1519765200000,,9988.248010603222,447.7078799879878,9540.540130615234,5,2
2018-02-28,1519851600000,,9951.361741987499,447.7078799879878,9503.653861999512,5,2
2018-03-01,1519938000000,,9758.70991322163,447.7078799879878,9311.002033233643,5,2
2018-03-02,1520024400000,,9862.179925886425,447.7078799879878,9414.472045898438,5,2
2018-03-05,1520283600000,,9901.72785374287,447.7078799879878,9454.019973754883,5,2
2018-03-06,1520370000000,,9943.067876783642,447.7078799879878,9495.359996795654,5,2
2018-03-07,1520456400000,,9979.611886945995,447.7078799879878,9531.904006958008,5,2
2018-03-08,1520542800000,,10097.235841718944,447.7078799879878,9649.527961730957,5,2
2018-03-09,1520629200000,,10215.145891157421,447.7078799879878,9767.438011169434,5,2
2018-03-12,1520884800000,,10215.193857160839,447.7078799879878,9767.485977172852,5,2
2018-03-13,1520971200000,,10203.567968336376,447.7078799879878,9755.860088348389,5,2
2018-03-14,1521057600000,,10174.89586445454,447.7078799879878,9727.187984466553,5,2
2018-03-15,1521144000000,,10170.213914839062,447.7078799879878,9722.506034851074,5,2
2018-03-16,1521230400000,,10132.867807356151,447.7078799879878,9685.159927368164,5,2
2018-03-19,1521489600000,,10080.127737013134,447.7078799879878,9632.419857025146,5,2
2018-03-20,1521576000000,,10186.133821455272,447.7078799879878,9738.425941467285,5,2
2018-03-21,1521662400000,,10219.771863905224,447.7078799879878,9772.063983917236,5,2
2018-03-22,1521748800000,,9980.819978681835,447.7078799879878,9533.112098693848,5,2
2018-03-23,1521835200000,,9999.461136522168,2113.2910468004875,7886.17008972168,4,2
2018-03-26,1522094400000,,10086.274180922697,10086.274180922697,0,0,0
2018-03-27,1522180800000,,10047.526694333266,6556.066626584243,3491.4600677490234,2,1
2018-03-28,1522267200000,,10002.886633908462,6556.066626584243,3446.8200073242188,2,1
2018-03-29,1522353600000,,10089.80084968383,5079.16081214721,5010.640037536621,3,1
2018-04-02,1522699200000,,9952.723365991791,1168.6833498174751,8784.040016174316,5,2
2018-04-03,1522785600000,,10004.900574861182,10004.900574861182,0,0,0
2018-04-04,1522872000000,,10006.220298082593,8033.160319597486,1973.0599784851074,1,1
2018-04-05,1522958400000,,10052.50749186705,6068.84751872252,3983.6599731445312,2,1
2018-04-06,1523044800000,,9892.420048942817,311.8599331286059,9580.560115814209,5,2
2018-04-09,1523304000000,,9833.575040092719,311.8599331286059,9521.715106964111,5,2
2018-04-10,1523390400000,,9902.974984398139,311.8599331286059,9591.115051269531,5,2
2018-04-11,1523476800000,,9914.458434139779,462.2885961881184,9452.16983795166,5,2
2018-04-12,1523563200000,,9991.158537899544,462.2885961881184,9528.869941711426,5,2
2018-04-13,1523649600000,,9925.508608852913,462.2885961881184,9463.220012664795,5,2
2018-04-16,1523908800000,,10012.608607327034,462.2885961881184,9550.320011138916,5,2
2018-04-17,1523995200000,,10114.13867858558,462.2885961881184,9651.850082397461,5,2
2018-04-18,1524081600000,,10084.218836819222,462.2885961881184,9621.930240631104,5,2
2018-04-19,1524168000000,,10081.708735500863,462.2885961881184,9619.420139312744,5,2
2018-04-20,1524254400000,,9998.20869735389,462.2885961881184,9535.920101165771,5,2
2018-04-23,1524513600000,,10002.18862060218,462.2885961881184,9539.900024414062,5,2
2018-04-24,1524600000000,,9896.163036035385,2176.383182214585,7719.779853820801,4,1
2018-04-25,1524686400000,,9816.529874154221,2114.683984109055,7701.845890045166,4,1
2018-04-26,1524772800000,,9849.399086269084,139.5602896534822,9709.8387966156,5,1
2018-04-27,1524859200000,,9802.422298701946,139.5602896534822,9662.862009048462,5,1
2018-04-30,1525118400000,,9742.216388972942,139.5602896534822,9602.656099319458,5,1
2018-05-01,1525204800000,,9503.615699797403,1938.2058697040195,7565.409830093384,4,1
2018-05-02,1525291200000,,9566.389382639765,360.4425824078312,9205.946800231934,5,1
2018-05-03,1525377600000,,9514.382548609614,360.4425824078312,9153.939966201782,5,1
2018-05-04,1525464000000,,9660.677526680716,2096.91084882427,7563.766677856445,4,1
2018-05-07,1525723200000,,9812.37362187364,281.77697651841527,9530.596645355225,5,1
2018-05-08,1525809600000,,9781.323666505597,281.77697651841527,9499.546689987183,5,1
2018-05-09,1525896000000,,10356.003548555158,281.77697651841527,10074.226572036743,5,1
2018-05-10,1525982400000,,10467.250304155134,281.77697651841527,10185.473327636719,5,1
2018-05-11,1526068800000,,10553.62011998155,281.77697651841527,10271.843143463135,5,1
2018-05-14,1526328000000,,10420.460190706037,281.77697651841527,10138.683214187622,5,1
2018-05-15,1526414400000,,10238.507052354596,281.77697651841527,9956.730075836182,5,1
2018-05-16,1526500800000,,10319.267136506818,281.77697651841527,10037.490159988403,5,1
2018-05-17,1526587200000,,10528.116894655011,281.77697651841527,10246.339918136597,5,1
2018-05-18,1526673600000,,10525.110161714338,281.77697651841527,10243.333185195923,5,1
2018-05-21,1526932800000,,10651.633622102521,281.77697651841527,10369.856645584106,5,1
2018-05-22,1527019200000,,10673.593628816388,281.77697651841527,10391.816652297974,5,1
2018-05-23,1527105600000,,10583.216942720197,281.77697651841527,10301.439966201782,5,1
2018-05-24,1527192000000,,10732.706320631498,9.912815916532509,10722.793504714966,5,1
2018-05-25,1527278400000,,10720.34274374246,9.912815916532509,10710.429927825928,5,1
2018-05-29,1527624000000,,10715.102921354764,9.912815916532509,10705.190105438232,5,1
2018-05-30,1527710400000,,10805.41623769998,9.912815916532509,10795.503421783447,5,1
2018-05-31,1527796800000,,10783.31630598306,9.912815916532509,10773.403490066528,5,1
2018-06-01,1527883200000,,11197.879608976835,9.912815916532509,11187.966793060303,5,1
2018-06-04,1528142400000,,11276.539387571805,9.912815916532509,11266.626571655273,5,1
2018-06-05,1528228800000,,11262.976275312894,9.912815916532509,11253.063459396362,5,1
2018-06-06,1528315200000,,11338.452797758573,9.912815916532509,11328.539981842041,5,1
2018-06-07,1528401600000,,11131.886149275297,9.912815916532509,11121.973333358765,5,1
2018-06-08,1528488000000,,11183.249678606204,1781.4999074880407,9401.749771118164,4,1
2018-06-11,1528747200000,,11164.82156676297,35.38509100918577,11129.436475753784,5,2
2018-06-12,1528833600000,,11226.421572866486,35.38509100918577,11191.0364818573,5,2
2018-06-13,1528920000000,,11174.874856176422,35.38509100918577,11139.489765167236,5,2
2018-06-14,1529006400000,,11119.761674108551,35.38509100918577,11084.376583099365,5,2
2018-06-15,1529092800000,,11171.5117465878,35.38509100918577,11136.126655578613,5,2
2018-06-18,1529352000000,,11295.32162398343,35.38509100918577,11259.936532974243,5,2
2018-06-19,1529438400000,,11265.525214376496,35.38509100918577,11230.14012336731,5,2
2018-06-20,1529524800000,,11411.258414449738,35.38509100918577,11375.873323440552,5,2
2018-06-21,1529611200000,,11293.145203771637,35.38509100918577,11257.760112762451,5,2
2018-06-22,1529697600000,,11257.055131139801,35.38509100918577,11221.670040130615,5,2
2018-06-25,1529956800000,,10914.685473651707,1713.2720024297835,9201.413471221924,4,1
2018-06-26,1530043200000,,11045.802728307992,2055.4828125365075,8990.319915771484,4,1
2018-06-27,1530129600000,,10872.983591098244,221.73039056723883,10651.253200531006,5,2
2018-06-28,1530216000000,,10998.4770946688,221.73039056723883,10776.746704101562,5,2
2018-06-29,1530302400000,,10929.256940860207,221.73039056723883,10707.526550292969,5,2
2018-07-02,1530561600000,,10978.430425662453,221.73039056723883,10756.700035095215,5,2
2018-07-03,1530648000000,,10988.583669681007,221.73039056723883,10766.85327911377,5,2
2018-07-05,1530820800000,,11121.140531558449,221.73039056723883,10899.410140991211,5,2
2018-07-06,1530907200000,,11254.577009219582,221.73039056723883,11032.846618652344,5,2
2018-07-09,1531166400000,,11253.706876773293,221.73039056723883,11031.976486206055,5,2
2018-07-10,1531252800000,,11343.99037744468,221.73039056723883,11122.259986877441,5,2
2018-07-11,1531339200000,,11364.74721338218,221.73039056723883,11143.016822814941,5,2
2018-07-12,1531425600000,,11482.637311953957,221.73039056723883,11260.906921386719,5,2
2018-07-13,1531512000000,,11374.3200758295,1868.2666776971769,9506.053398132324,4,1
2018-07-16,1531771200000,,11423.807764981808,8.08793160778714,11415.719833374023,5,1
2018-07-17,1531857600000,,11496.997264091242,1785.9008132855795,9711.096450805664,4,1
2018-07-18,1531944000000,,11513.715198646181,172.28844083368313,11341.4267578125,5,2
2018-07-19,1532030400000,,11564.04188932001,172.28844083368313,11391.753448486328,5,2
2018-07-20,1532116800000,,11615.47516263544,172.28844083368313,11443.186721801758,5,2
2018-07-23,1532376000000,,11621.734935889834,172.28844083368313,11449.446495056152,5,2
2018-07-24,1532462400000,,11453.932040357937,2496.892115736355,8957.039924621582,4,2
2018-07-25,1532548800000,,11536.238603330685,998.9953171978725,10537.243286132812,5,2
2018-07-26,1532635200000,,11324.028435335678,102.87854825071781,11221.149887084961,5,2
2018-07-27,1532721600000,,10974.964433075525,1881.0111020818727,9093.953330993652,4,1
2018-07-30,1532980800000,,10726.668319085908,2216.89501891501,8509.773300170898,4,2
2018-07-31,1533067200000,,10863.747833302707,151.58125310251035,10712.166580200195,5,2
2018-08-01,1533153600000,,10981.554298451632,151.58125310251035,10829.973045349121,5,2
2018-08-02,1533240000000,,11106.784660390109,151.58125310251035,10955.203407287598,5,2
2018-08-03,1533326400000,,11090.477722218722,151.58125310251035,10938.896469116211,5,2
2018-08-06,1533585600000,,11079.46790318796,151.58125310251035,10927.88665008545,5,2
2018-08-07,1533672000000,,11109.734794667453,151.58125310251035,10958.153541564941,5,2
2018-08-08,1533758400000,,10885.170909230997,1029.3544343164476,9855.81647491455,5,2
2018-08-09,1533844800000,,10884.064341848185,1029.3544343164476,9854.709907531738,5,2
2018-08-10,1533931200000,,10857.431041066935,1029.3544343164476,9828.076606750488,5,2
2018-08-13,1534190400000,,10802.434420888712,1029.3544343164476,9773.079986572266,5,2
2018-08-14,1534276800000,,10839.694361989787,1029.3544343164476,9810.33992767334,5,2
2018-08-15,1534363200000,,10792.904544179728,1029.3544343164476,9763.550109863281,5,2
2018-08-16,1534449600000,,10859.134364431193,1029.3544343164476,9829.779930114746,5,2
2018-08-17,1534536000000,,10939.390918081095,1029.3544343164476,9910.036483764648,5,2
2018-08-20,1534795200000,,11001.94111949711,1029.3544343164476,9972.586685180664,5,2
2018-08-21,1534881600000,,11021.337626760294,1029.3544343164476,9991.983192443848,5,2
2018-08-22,1534968000000,,10994.76446086674,1029.3544343164476,9965.410026550293,5,2
2018-08-23,1535054400000,,11043.767810170939,1029.3544343164476,10014.413375854492,5,2
2018-08-24,1535140800000,,11188.551013295939,1029.3544343164476,10159.196578979492,5,2
2018-08-27,1535400000000,,11202.097689931681,1029.3544343164476,10172.743255615234,5,2
2018-08-28,1535486400000,,11132.0344651392,1029.3544343164476,10102.680030822754,5,2
2018-08-29,1535572800000,,11166.517825429728,1029.3544343164476,10137.163391113281,5,2
2018-08-30,1535659200000,,11217.327784841349,1029.3544343164476,10187.973350524902,5,2
2018-08-31,1535745600000,,11280.331294362833,1029.3544343164476,10250.976860046387,5,2
2018-09-04,1536091200000,,11288.481234853556,1029.3544343164476,10259.12680053711,5,2
2018-09-05,1536177600000,,11254.607608144572,1029.3544343164476,10225.253173828125,5,2
2018-09-06,1536264000000,,11253.071109121134,1029.3544343164476,10223.716674804688,5,2
2018-09-07,1536350400000,,11274.177584951212,1029.3544343164476,10244.823150634766,5,2
2018-09-10,1536609600000,,11270.32761699467,1029.3544343164476,10240.973182678223,5,2
2018-09-11,1536696000000,,11265.174510305216,1029.3544343164476,10235.82007598877,5,2
2018-09-12,1536782400000,,11306.051043813517,1029.3544343164476,10276.69660949707,5,2
2018-09-13,1536868800000,,11324.707698171427,1029.3544343164476,10295.35326385498,5,2
2018-09-14,1536955200000,,11307.96448833256,1029.3544343164476,10278.610054016113,5,2
2018-09-17,1537214400000,,11246.037768667033,1029.3544343164476,10216.683334350586,5,2
2018-09-18,1537300800000,,11314.471404882115,2904.278129430456,8410.19327545166,4,2
2018-09-19,1537387200000,,11228.856237883141,2853.2030320115596,8375.653205871582,4,2
2018-09-20,1537473600000,,11267.227879783242,633.1846897808014,10634.043190002441,5,2
2018-09-21,1537560000000,,11302.04130293998,633.1846897808014,10668.85661315918,5,2
2018-09-24,1537819200000,,11316.94804122123,633.1846897808014,10683.76335144043,5,2
2018-09-25,1537905600000,,11400.977917930215,633.1846897808014,10767.793228149414,5,2
2018-09-26,1537992000000,,11452.830190536268,2802.55362498451,8650.276565551758,4,2
2018-09-27,1538078400000,,11480.034129847534,514.757480372436,10965.276649475098,5,2
2018-09-28,1538164800000,,11504.787395228394,514.757480372436,10990.029914855957,5,2
2018-10-01,1538424000000,,11451.644206751831,514.757480372436,10936.886726379395,5,2
2018-10-02,1538510400000,,11330.017474879272,514.757480372436,10815.259994506836,5,2
2018-10-03,1538596800000,,11414.308471086593,2718.941596391769,8695.366874694824,4,2
2018-10-04,1538683200000,,11381.573743709656,452.67709148797576,10928.89665222168,5,2
2018-10-05,1538769600000,,11443.776998409363,452.67709148797576,10991.099906921387,5,2
2018-10-08,1539028800000,,11408.130376705261,452.67709148797576,10955.453285217285,5,2
2018-10-09,1539115200000,,11278.566938289734,452.67709148797576,10825.889846801758,5,2
2018-10-10,1539201600000,,10968.984700113378,8588.844777017675,2380.139923095703,1,1
2018-10-11,1539288000000,,10811.569556592833,6401.85947358502,4409.7100830078125,2,1
2018-10-12,1539374400000,,10830.027987832435,10830.027987832435,0,0,0
2018-10-15,1539633600000,,10830.027987832435,10830.027987832435,0,0,0
2018-10-16,1539720000000,,10830.027987832435,10830.027987832435,0,0,0
2018-10-17,1539806400000,,10785.874222813527,8674.67423349468,2111.1999893188477,1,1
2018-10-18,1539892800000,,10691.743645096567,6438.3985523231295,4253.3450927734375,2,1
2018-10-19,1539979200000,,10703.595143409166,10703.595143409166,0,0,0
2018-10-22,1540238400000,,10703.595143409166,10703.595143409166,0,0,0
2018-10-23,1540324800000,,10703.595143409166,10703.595143409166,0,0,0
2018-10-24,1540411200000,,10703.595143409166,10703.595143409166,0,0,0
2018-10-25,1540497600000,,10703.595143409166,10703.595143409166,0,0,0
2018-10-26,1540584000000,,10703.595143409166,10703.595143409166,0,0,0
2018-10-29,1540843200000,,10703.595143409166,10703.595143409166,0,0,0
2018-10-30,1540929600000,,10703.595143409166,10703.595143409166,0,0,0
2018-10-31,1541016000000,,10703.595143409166,10703.595143409166,0,0,0
2018-11-01,1541102400000,,10703.595143409166,10703.595143409166,0,0,0
2018-11-02,1541188800000,,10703.595143409166,10703.595143409166,0,0,0
2018-11-05,1541451600000,,10703.595143409166,10703.595143409166,0,0,0
2018-11-06,1541538000000,,10703.595143409166,10703.595143409166,0,0,0
2018-11-07,1541624400000,,10703.595143409166,10703.595143409166,0,0,0
2018-11-08,1541710800000,,10768.812363063049,440.0425800430296,10328.76978302002,5,2
2018-11-09,1541797200000,,10757.619263087463,440.0425800430296,10317.576683044434,5,2
2018-11-12,1542056400000,,10611.56597558136,440.0425800430296,10171.52339553833,5,2
2018-11-13,1542142800000,,10599.25255374557,10599.25255374557,0,0,0
2018-11-14,1542229200000,,10599.25255374557,10599.25255374557,0,0,0
2018-11-15,1542315600000,,10599.25255374557,10599.25255374557,0,0,0
2018-11-16,1542402000000,,10599.25255374557,10599.25255374557,0,0,0
2018-11-19,1542661200000,,10599.25255374557,10599.25255374557,0,0,0
2018-11-20,1542747600000,,10599.25255374557,10599.25255374557,0,0,0
2018-11-21,1542834000000,,10599.25255374557,10599.25255374557,0,0,0
2018-11-23,1543006800000,,10599.25255374557,10599.25255374557,0,0,0
2018-11-26,1543266000000,,10599.25255374557,10599.25255374557,0,0,0
2018-11-27,1543352400000,,10599.25255374557,10599.25255374557,0,0,0
2018-11-28,1543438800000,,10599.25255374557,10599.25255374557,0,0,0
2018-11-29,1543525200000,,10599.25255374557,10599.25255374557,0,0,0
2018-11-30,1543611600000,,10599.25255374557,10599.25255374557,0,0,0
2018-12-03,1543870800000,,10599.25255374557,10599.25255374557,0,0,0
2018-12-04,1543957200000,,10498.139950283969,259.18027163406623,10238.959678649902,5,2
2018-12-06,1544130000000,,10490.610946812863,10490.610946812863,0,0,0
2018-12-07,1544216400000,,10490.610946812863,10490.610946812863,0,0,0
2018-12-10,1544475600000,,10490.610946812863,10490.610946812863,0,0,0
2018-12-11,1544562000000,,10490.610946812863,10490.610946812863,0,0,0
2018-12-12,1544648400000,,10490.610946812863,10490.610946812863,0,0,0
2018-12-13,1544734800000,,10490.610946812863,10490.610946812863,0,0,0
2018-12-14,1544821200000,,10490.610946812863,10490.610946812863,0,0,0
2018-12-17,1545080400000,,10490.610946812863,10490.610946812863,0,0,0
2018-12-18,1545166800000,,10490.610946812863,10490.610946812863,0,0,0
2018-12-19,1545253200000,,10490.610946812863,10490.610946812863,0,0,0
2018-12-20,1545339600000,,10490.610946812863,10490.610946812863,0,0,0
2018-12-21,1545426000000,,10490.610946812863,10490.610946812863,0,0,0
2018-12-24,1545685200000,,10490.610946812863,10490.610946812863,0,0,0
2018-12-26,1545858000000,,10490.610946812863,10490.610946812863,0,0,0
2018-12-27,1545944400000,,10490.610946812863,10490.610946812863,0,0,0
2018-12-28,1546030800000,,10490.610946812863,10490.610946812863,0,0,0
2018-12-31,1546290000000,,10490.610946812863,10490.610946812863,0,0,0
2019-01-02,1546462800000,,10490.610946812863,10490.610946812863,0,0,0
2019-01-03,1546549200000,,10490.610946812863,10490.610946812863,0,0,0
2019-01-04,1546635600000,,10490.610946812863,10490.610946812863,0,0,0
2019-01-07,1546894800000,,10490.610946812863,10490.610946812863,0,0,0
2019-01-08,1546981200000,,10490.610946812863,10490.610946812863,0,0,0
2019-01-09,1547067600000,,10490.610946812863,10490.610946812863,0,0,0
2019-01-10,1547154000000,,10490.610946812863,10490.610946812863,0,0,0
2019-01-11,1547240400000,,10490.610946812863,10490.610946812863,0,0,0
2019-01-14,1547499600000,,10490.610946812863,10490.610946812863,0,0,0
2019-01-15,1547586000000,,10490.610946812863,10490.610946812863,0,0,0
2019-01-16,1547672400000,,10490.610946812863,10490.610946812863,0,0,0
2019-01-17,1547758800000,,10490.610946812863,10490.610946812863,0,0,0
2019-01-18,1547845200000,,10490.610946812863,10490.610946812863,0,0,0
2019-01-22,1548190800000,,10490.610946812863,10490.610946812863,0,0,0
2019-01-23,1548277200000,,10490.610946812863,10490.610946812863,0,0,0
2019-01-24,1548363600000,,10490.610946812863,10490.610946812863,0,0,0
2019-01-25,1548450000000,,10490.610946812863,10490.610946812863,0,0,0
2019-01-28,1548709200000,,10490.610946812863,10490.610946812863,0,0,0
2019-01-29,1548795600000,,10490.610946812863,10490.610946812863,0,0,0
2019-01-30,1548882000000,,10490.610946812863,10490.610946812863,0,0,0
2019-01-31,1548968400000,,10490.610946812863,10490.610946812863,0,0,0
2019-02-01,1549054800000,,10490.610946812863,10490.610946812863,0,0,0
2019-02-04,1549314000000,,10490.610946812863,10490.610946812863,0,0,0
2019-02-05,1549400400000,,10490.610946812863,10490.610946812863,0,0,0
2019-02-06,1549486800000,,10490.610946812863,10490.610946812863,0,0,0
2019-02-07,1549573200000,,10490.610946812863,10490.610946812863,0,0,0
2019-02-08,1549659600000,,10490.610946812863,10490.610946812863,0,0,0
2019-02-11,1549918800000,,10490.610946812863,10490.610946812863,0,0,0
2019-02-12,1550005200000,,10490.610946812863,10490.610946812863,0,0,0
2019-02-13,1550091600000,,10485.038914099125,881.6789173034695,9603.359996795654,5,2
2019-02-14,1550178000000,,10482.538742437748,881.6789173034695,9600.859825134277,5,2
2019-02-15,1550264400000,,10639.018848791507,881.6789173034695,9757.339931488037,5,2
2019-02-19,1550610000000,,10632.918960943607,881.6789173034695,9751.240043640137,5,2
2019-02-20,1550696400000,,10642.369049444584,881.6789173034695,9760.690132141113,5,2
2019-02-21,1550782800000,,10633.388969793705,881.6789173034695,9751.710052490234,5,2
2019-02-22,1550869200000,,10836.798958197025,881.6789173034695,9955.120040893555,5,2
2019-02-25,1551128400000,,10928.648849859623,881.6789173034695,10046.969932556152,5,2
2019-02-26,1551214800000,,10986.179012670902,881.6789173034695,10104.500095367432,5,2
2019-02-27,1551301200000,,11003.01881827393,881.6789173034695,10121.339900970459,5,2
2019-02-28,1551387600000,,10950.51909674683,881.6789173034695,10068.84017944336,5,2
2019-03-01,1551474000000,,11143.388759985355,881.6789173034695,10261.709842681885,5,2
2019-03-04,1551733200000,,11064.489025488285,881.6789173034695,10182.810108184814,5,2
2019-03-05,1551819600000,,11036.468807592777,881.6789173034695,10154.789890289307,5,2
2019-03-06,1551906000000,,10962.3988803772,881.6789173034695,10080.71996307373,5,2
2019-03-07,1551992400000,,10903.279079809574,881.6789173034695,10021.600162506104,5,2
2019-03-08,1552078800000,,10846.338966741947,881.6789173034695,9964.660049438477,5,2
2019-03-11,1552334400000,,10857.54561940487,10857.54561940487,0,0,0
2019-03-12,1552420800000,,10891.399138425646,443.0890187967416,10448.310119628906,5,2
2019-03-13,1552507200000,,10913.779150937853,443.0890187967416,10470.690132141113,5,2
2019-03-14,1552593600000,,10942.049056028185,443.0890187967416,10498.960037231445,5,2
2019-03-15,1552680000000,,10949.999052976427,443.0890187967416,10506.910034179688,5,2
2019-03-18,1552939200000,,10951.968977903185,443.0890187967416,10508.879959106445,5,2
2019-03-19,1553025600000,,10887.129034971056,443.0890187967416,10444.040016174316,5,2
2019-03-20,1553112000000,,10918.90899560338,443.0890187967416,10475.81997680664,5,2
2019-03-21,1553198400000,,11097.299208616076,443.0890187967416,10654.210189819336,5,2
2019-03-22,1553284800000,,10927.069022153673,443.0890187967416,10483.980003356934,5,2
2019-03-25,1553544000000,,10943.798972104845,443.0890187967416,10500.709953308105,5,2
2019-03-26,1553630400000,,11040.658934568224,443.0890187967416,10597.569915771484,5,2
2019-03-27,1553716800000,,10977.618948911486,443.0890187967416,10534.529930114746,5,2
2019-03-28,1553803200000,,10996.399123166857,443.0890187967416,10553.310104370117,5,2
2019-03-29,1553889600000,,11055.939024900255,443.0890187967416,10612.850006103516,5,2
2019-04-01,1554148800000,,11099.089224790392,443.0890187967416,10656.000205993652,5,2
2019-04-02,1554235200000,,11116.988951658068,443.0890187967416,10673.899932861328,5,2
2019-04-03,1554321600000,,11163.688841794787,443.0890187967416,10720.599822998047,5,2
2019-04-04,1554408000000,,11081.168982480822,443.0890187967416,10638.079963684082,5,2
2019-04-05,1554494400000,,11206.049071286974,443.0890187967416,10762.960052490234,5,2
2019-04-08,1554753600000,,11184.878912900744,443.0890187967416,10741.789894104004,5,2
2019-04-09,1554840000000,,11209.508978818712,443.0890187967416,10766.419960021973,5,2
2019-04-10,1554926400000,,11259.478949521837,443.0890187967416,10816.389930725098,5,2
2019-04-11,1555012800000,,11295.598959897814,443.0890187967416,10852.509941101074,5,2
2019-04-12,1555099200000,,11389.18928429967,443.0890187967416,10946.10026550293,5,2
2019-04-15,1555358400000,,11385.038908933459,443.0890187967416,10941.949890136719,5,2
2019-04-16,1555444800000,,11388.259001706896,443.0890187967416,10945.169982910156,5,2
2019-04-17,1555531200000,,11325.034288866244,2566.164240343296,8758.87004852295,4,2
2019-04-18,1555617600000,,11263.555748314911,376.1357654047588,10887.419982910156,5,2
2019-04-22,1555963200000,,11279.925651879365,376.1357654047588,10903.78988647461,5,2
2019-04-23,1556049600000,,11399.42564424997,376.1357654047588,11023.289878845215,5,2
2019-04-24,1556136000000,,11485.455734582001,376.1357654047588,11109.319969177246,5,2
2019-04-25,1556222400000,,11457.425613732392,376.1357654047588,11081.289848327637,5,2
2019-04-26,1556308800000,,11512.825813622529,376.1357654047588,11136.690048217773,5,2
2019-04-29,1556568000000,,11482.515838952118,376.1357654047588,11106.380073547363,5,2
2019-04-30,1556654400000,,11455.725609154755,376.1357654047588,11079.58984375,5,2
2019-05-01,1556740800000,,11378.440731591767,2259.750736779759,9118.689994812012,4,1
2019-05-02,1556827200000,,11437.701748107194,2.756359313252233,11434.945388793945,5,2
2019-05-03,1556913600000,,11579.481010649923,2.756359313252233,11576.72465133667,5,2
2019-05-06,1557172800000,,11465.569092009782,2.756359313252233,11462.812732696533,5,2
2019-05-07,1557259200000,,11291.18762228322,2.756359313252233,11288.43126296997,5,2
2019-05-08,1557345600000,,11302.319629882097,2.756359313252233,11299.563270568848,5,2
2019-05-09,1557432000000,,11301.69989797902,2.756359313252233,11298.943538665771,5,2
2019-05-10,1557518400000,,11298.135293514275,2238.045365840935,9060.08992767334,4,1
2019-05-13,1557777600000,,11209.669611393772,90.66955798801473,11119.000053405762,5,2
2019-05-14,1557864000000,,11246.339456974827,90.66955798801473,11155.669898986816,5,2
2019-05-15,1557950400000,,11284.9894661301,90.66955798801473,11194.31990814209,5,2
2019-05-16,1558036800000,,11375.689539372292,90.66955798801473,11285.019981384277,5,2
2019-05-17,1558123200000,,11353.689577519264,90.66955798801473,11263.02001953125,5,2
2019-05-20,1558382400000,,11184.199816166722,90.66955798801473,11093.530258178711,5,2
2019-05-21,1558468800000,,11229.099504887425,90.66955798801473,11138.429946899414,5,2
2019-05-22,1558555200000,,11233.02958911594,90.66955798801473,11142.36003112793,5,2
2019-05-23,1558641600000,,11132.832380239173,195.99223131339204,10936.840148925781,5,2
2019-05-24,1558728000000,,11127.488347951576,195.99223131339204,10931.496116638184,5,2
2019-05-28,1559073600000,,10983.55637926261,195.99223131339204,10787.564147949219,5,2
2019-05-29,1559160000000,,10954.411116142215,2159.563185234013,8794.847930908203,4,1
2019-05-30,1559246400000,,11011.371214408817,2159.563185234013,8851.808029174805,4,1
2019-05-31,1559332800000,,11048.97446281982,481.48643333984023,10567.48802947998,5,1
2019-06-03,1559592000000,,11060.171689880222,11060.171689880222,0,0,0
2019-06-04,1559678400000,,11060.171689880222,11060.171689880222,0,0,0
2019-06-05,1559764800000,,11140.149107268984,219.6725562130764,10920.476551055908,5,2
2019-06-06,1559851200000,,11234.119421294863,219.6725562130764,11014.446865081787,5,2
2019-06-07,1559937600000,,11338.945780090029,219.6725562130764,11119.273223876953,5,2
2019-06-10,1560196800000,,11314.752630523379,219.6725562130764,11095.080074310303,5,2
2019-06-11,1560283200000,,11242.169412902529,219.6725562130764,11022.496856689453,5,2
2019-06-12,1560369600000,,11327.792677215273,219.6725562130764,11108.120121002197,5,2
2019-06-13,1560456000000,,11297.689134887392,219.6725562130764,11078.016578674316,5,2
2019-06-14,1560542400000,,11320.18909674042,219.6725562130764,11100.516540527344,5,2
2019-06-17,1560801600000,,11240.805773070986,219.6725562130764,11021.13321685791,5,2
2019-06-18,1560888000000,,11309.752332976992,219.6725562130764,11090.079776763916,5,2
2019-06-19,1560974400000,,11352.998937896426,219.6725562130764,11133.32638168335,5,2
2019-06-20,1561060800000,,11408.322679809267,219.6725562130764,11188.650123596191,5,2
2019-06-21,1561147200000,,11351.65918569916,219.6725562130764,11131.986629486084,5,2
2019-06-24,1561406400000,,11362.245901397402,219.6725562130764,11142.573345184326,5,2
2019-06-25,1561492800000,,11368.532457641299,219.6725562130764,11148.859901428223,5,2
2019-06-26,1561579200000,,11223.675840667422,219.6725562130764,11004.003284454346,5,2
2019-06-27,1561665600000,,11278.98592977875,219.6725562130764,11059.313373565674,5,2
2019-06-28,1561752000000,,11319.785711578066,219.6725562130764,11100.11315536499,5,2
2019-07-01,1562011200000,,11402.482530883486,219.6725562130764,11182.80997467041,5,2
2019-07-02,1562097600000,,11483.142488769228,219.6725562130764,11263.469932556152,5,2
2019-07-03,1562184000000,,11597.122572234804,219.6725562130764,11377.450016021729,5,2
2019-07-05,1562356800000,,11624.455625823672,219.6725562130764,11404.783069610596,5,2
2019-07-08,1562616000000,,11564.539243987734,219.6725562130764,11344.866687774658,5,2
2019-07-09,1562702400000,,11558.725721648867,219.6725562130764,11339.053165435791,5,2
2019-07-10,1562788800000,,11561.166029266054,219.6725562130764,11341.493473052979,5,2
2019-07-11,1562875200000,,11581.275976470644,219.6725562130764,11361.603420257568,5,2
2019-07-12,1562961600000,,11597.149118713076,219.6725562130764,11377.4765625,5,2
2019-07-15,1563220800000,,11635.395757964785,219.6725562130764,11415.723201751709,5,2
2019-07-16,1563307200000,,11653.775854400332,219.6725562130764,11434.103298187256,5,2
2019-07-17,1563393600000,,11692.039076141054,219.6725562130764,11472.366519927979,5,2
2019-07-18,1563480000000,,11746.529085448916,219.6725562130764,11526.85652923584,5,2
2019-07-19,1563566400000,,11596.532263091738,219.6725562130764,11376.859706878662,5,2
2019-07-22,1563825600000,,11621.879102996523,219.6725562130764,11402.206546783447,5,2
2019-07-23,1563912000000,,11716.802431396181,219.6725562130764,11497.129875183105,5,2
2019-07-24,1563998400000,,11760.085890105898,219.6725562130764,11540.413333892822,5,2
2019-07-25,1564084800000,,11786.899200691492,2431.359203590663,9355.53999710083,4,2
2019-07-26,1564171200000,,11936.803918653848,144.70419865262738,11792.09972000122,5,2
2019-07-29,1564430400000,,11963.39078693998,144.70419865262738,11818.686588287354,5,2
2019-07-30,1564516800000,,11957.997403913858,144.70419865262738,11813.29320526123,5,2
2019-07-31,1564603200000,,11779.757670623498,2319.717677337366,9460.039993286133,4,1
2019-08-01,1564689600000,,11768.777354132435,11.010653387805633,11757.766700744629,5,1
2019-08-02,1564776000000,,11746.277449499867,11.010653387805633,11735.26679611206,5,1
2019-08-05,1565035200000,,11391.91467633632,4405.011417058977,6986.903259277344,3,1
2019-08-06,1565121600000,,11500.627994207414,4405.011417058977,7095.6165771484375,3,1
2019-08-07,1565208000000,,11606.933871917681,114.32379882808073,11492.6100730896,5,2
2019-08-08,1565294400000,,11828.984061889605,114.32379882808073,11714.660263061523,5,2
2019-08-09,1565380800000,,11928.253539733843,114.32379882808073,11813.929740905762,5,2
2019-08-12,1565640000000,,11838.68376129146,114.32379882808073,11724.359962463379,5,2
2019-08-13,1565726400000,,11906.94371002193,114.32379882808073,11792.619911193848,5,2
2019-08-14,1565812800000,,11610.840385131793,114.32379882808073,11496.516586303711,5,2
2019-08-15,1565899200000,,11795.563808135943,114.32379882808073,11681.240009307861,5,2
2019-08-16,1565985600000,,11863.097320251421,114.32379882808073,11748.77352142334,5,2
2019-08-19,1566244800000,,11991.753928832964,114.32379882808073,11877.430130004883,5,2
2019-08-20,1566331200000,,11906.553596191363,114.32379882808073,11792.229797363281,5,2
2019-08-21,1566417600000,,12017.150397949175,114.32379882808073,11902.826599121094,5,2
2019-08-22,1566504000000,,12033.770652465777,114.32379882808073,11919.446853637695,5,2
2019-08-23,1566590400000,,11860.557044677691,114.32379882808073,11746.23324584961,5,2
2019-08-26,1566849600000,,12019.64057128902,114.32379882808073,11905.316772460938,5,2
2019-08-27,1566936000000,,11952.077140502886,114.32379882808073,11837.753341674805,5,2
2019-08-28,1567022400000,,11894.75696151729,114.32379882808073,11780.433162689209,5,2
2019-08-29,1567108800000,,11938.250636749224,114.32379882808073,11823.926837921143,5,2
2019-08-30,1567195200000,,11948.48366516109,114.32379882808073,11834.159866333008,5,2
2019-09-03,1567540800000,,12230.120361022906,114.32379882808073,12115.796562194824,5,2
2019-09-04,1567627200000,,12114.723571472125,114.32379882808073,12000.399772644043,5,2
2019-09-05,1567713600000,,12072.52360043457,2326.440031861572,9746.083568572998,4,2
2019-09-06,1567800000000,,12042.697013534691,681.9396702424526,11360.757343292236,5,2
2019-09-09,1568059200000,,11806.865962661888,681.9396702424526,11124.926292419434,5,2
2019-09-10,1568145600000,,11611.111991983991,5294.124164682967,6316.987827301025,3,1
2019-09-11,1568232000000,,11685.15386198159,2957.8389968692845,8727.314865112305,4,2
2019-09-12,1568318400000,,11677.249490211341,800.0227026442021,10877.226787567139,5,2
2019-09-13,1568404800000,,11676.524167487953,800.0227026442021,10876.50146484375,5,2
2019-09-16,1568664000000,,11559.020326506721,3229.458146941292,8329.56217956543,4,2
2019-09-17,1568750400000,,11543.302739169674,1141.7720003391069,10401.530738830566,5,2
2019-09-18,1568836800000,,11522.393487002926,1141.7720003391069,10380.621486663818,5,2
2019-09-19,1568923200000,,11212.793045706387,5327.005627340909,5885.7874183654785,3,2
2019-09-20,1569009600000,,11142.950480408113,1107.7695569462007,10035.180923461914,5,2
2019-09-23,1569268800000,,11084.12135996675,3152.3393432126,7931.78201675415,4,2
2019-09-24,1569355200000,,11000.207465147118,958.1668729535154,10042.040592193604,5,2
2019-09-25,1569441600000,,11141.626315092186,958.1668729535154,10183.459442138672,5,2
2019-09-26,1569528000000,,11161.487532590965,958.1668729535154,10203.320659637451,5,2
2019-09-27,1569614400000,,10986.791441892723,958.1668729535154,10028.624568939209,5,2
2019-09-30,1569873600000,,11020.534544920067,958.1668729535154,10062.367671966553,5,2
2019-10-01,1569960000000,,10938.190053256018,3047.3300907926377,7890.859962463379,4,2
2019-10-02,1570046400000,,10846.033459835657,4573.633351498255,6272.400108337402,3,1
2019-10-03,1570132800000,,10907.024950517389,2439.012415422175,8468.012535095215,4,2
2019-10-04,1570219200000,,11081.44799946773,324.9620528124565,10756.485946655273,5,2
2019-10-07,1570478400000,,11032.434304704546,324.9620528124565,10707.47225189209,5,2
2019-10-08,1570564800000,,10994.358018388628,324.9620528124565,10669.395965576172,5,2
2019-10-09,1570651200000,,11089.062654008745,324.9620528124565,10764.100601196289,5,2
2019-10-10,1570737600000,,11101.626954545854,324.9620528124565,10776.664901733398,5,2
2019-10-11,1570824000000,,11054.716996660112,324.9620528124565,10729.754943847656,5,2
2019-10-14,1571083200000,,11068.728837480425,324.9620528124565,10743.766784667969,5,2
2019-10-15,1571169600000,,11184.122849931597,324.9620528124565,10859.16079711914,5,2
2019-10-16,1571256000000,,11267.663362016558,324.9620528124565,10942.701309204102,5,2
2019-10-17,1571342400000,,11242.317841997026,324.9620528124565,10917.35578918457,5,2
2019-10-18,1571428800000,,11264.992692460894,324.9620528124565,10940.030639648438,5,2
2019-10-21,1571688000000,,11215.653489580034,324.9620528124565,10890.691436767578,5,2
2019-10-22,1571774400000,,11271.556931962847,324.9620528124565,10946.59487915039,5,2
2019-10-23,1571860800000,,11331.80060719478,324.9620528124565,11006.838554382324,5,2
2019-10-24,1571947200000,,11507.298928727983,324.9620528124565,11182.336875915527,5,2
2019-10-25,1572033600000,,11511.746842851519,324.9620528124565,11186.784790039062,5,2
2019-10-28,1572292800000,,11403.916490068315,324.9620528124565,11078.95443725586,5,2
2019-10-29,1572379200000,,11361.27366780269,324.9620528124565,11036.311614990234,5,2
2019-10-30,1572465600000,,11364.468525839126,2448.0373200896133,8916.431205749512,4,1
2019-10-31,1572552000000,,11186.73930361542,190.7217178610258,10996.017585754395,5,2
2019-11-01,1572638400000,,11375.741878536075,190.7217178610258,11185.020160675049,5,2
2019-11-04,1572901200000,,11279.486446407169,190.7217178610258,11088.764728546143,5,2
2019-11-05,1572987600000,,11068.469441891542,4419.129533291689,6649.3399085998535,3,1
2019-11-06,1573074000000,,11129.562649936657,109.00261423109305,11020.560035705566,5,2
2019-11-07,1573160400000,,11099.522782535534,109.00261423109305,10990.520168304443,5,2
2019-11-08,1573246800000,,11196.092644901257,109.00261423109305,11087.090030670166,5,2
2019-11-11,1573506000000,,11272.382760257702,109.00261423109305,11163.380146026611,5,2
2019-11-12,1573592400000,,11293.25250360487,109.00261423109305,11184.24988937378,5,2
2019-11-13,1573678800000,,11310.822892398815,109.00261423109305,11201.820278167725,5,2
2019-11-14,1573765200000,,11304.602521152477,109.00261423109305,11195.599906921387,5,2
2019-11-15,1573851600000,,11374.052479953747,109.00261423109305,11265.049865722656,5,2
2019-11-18,1574110800000,,11271.62246820448,109.00261423109305,11162.619853973389,5,2
2019-11-19,1574197200000,,11241.202695102673,109.00261423109305,11132.200080871582,5,2
2019-11-20,1574283600000,,11228.322644443493,109.00261423109305,11119.320030212402,5,2
2019-11-21,1574370000000,,11073.142518253308,109.00261423109305,10964.139904022217,5,2
2019-11-22,1574456400000,,11100.78256723402,109.00261423109305,10991.77995300293,5,2
2019-11-25,1574715600000,,11239.632634372692,109.00261423109305,11130.630020141602,5,2
2019-11-26,1574802000000,,11291.562592716198,109.00261423109305,11182.559978485107,5,2
2019-11-27,1574888400000,,11336.302708835583,109.00261423109305,11227.300094604492,5,2
2019-11-29,1575061200000,,11225.03256723402,109.00261423109305,11116.02995300293,5,2
2019-12-02,1575320400000,,11149.242531986218,109.00261423109305,11040.239917755127,5,2
2019-12-03,1575406800000,,11100.974104619836,15.894095159384051,11085.08000946045,5,1
2019-12-04,1575493200000,,11100.854017949914,15.894095159384051,11084.959922790527,5,1
2019-12-05,1575579600000,,11174.184126592492,15.894095159384051,11158.290031433105,5,1
2019-12-06,1575666000000,,11227.754267431115,15.894095159384051,11211.860172271729,5,1
2019-12-09,1575925200000,,11173.184160924768,15.894095159384051,11157.29006576538,5,1
2019-12-10,1576011600000,,11177.084177709436,15.894095159384051,11161.190082550049,5,1
2019-12-11,1576098000000,,11225.394190526818,15.894095159384051,11209.500095367432,5,1
2019-12-12,1576184400000,,11176.347627423764,2110.5677621588693,9065.779865264893,4,1
2019-12-13,1576270800000,,11047.519406712758,20.679360783800803,11026.840045928955,5,1
2019-12-16,1576530000000,,11107.208838204137,2289.4488742148787,8817.759963989258,4,1
2019-12-17,1576616400000,,11258.788790630882,47.56872837502215,11211.22006225586,5,2
2019-12-18,1576702800000,,11108.068560528343,47.56872837502215,11060.49983215332,5,2
2019-12-19,1576789200000,,11163.048739361351,47.56872837502215,11115.480010986328,5,2
2019-12-20,1576875600000,,11154.879008221214,47.56872837502215,11107.310279846191,5,2
2019-12-23,1577134800000,,11205.958704876488,47.56872837502215,11158.389976501465,5,2
2019-12-24,1577221200000,,11188.818812298363,47.56872837502215,11141.25008392334,5,2
2019-12-26,1577394000000,,11200.438792156761,47.56872837502215,11152.870063781738,5,2
2019-12-27,1577480400000,,11189.658793377464,47.56872837502215,11142.090065002441,5,2
2019-12-30,1577739600000,,11171.458750652855,47.56872837502215,11123.890022277832,5,2
2019-12-31,1577826000000,,11168.938944744652,47.56872837502215,11121.370216369629,5,2
2020-01-02,1577998800000,,11194.870315670158,2164.6501313439862,9030.220184326172,4,2
2020-01-03,1578085200000,,11142.472041092034,16.8265370942313,11125.645503997803,5,2
2020-01-06,1578344400000,,11109.438143692132,16.8265370942313,11092.6116065979,5,2
2020-01-07,1578430800000,,11105.112933120843,16.8265370942313,11088.286396026611,5,2
2020-01-08,1578517200000,,11075.669298909123,646.3185851792634,10429.350713729858,5,2
2020-01-09,1578603600000,,11160.784434101994,646.3185851792634,10514.46584892273,5,2
2020-01-10,1578690000000,,11112.811680577213,646.3185851792634,10466.49309539795,5,2
2020-01-13,1578949200000,,11349.271113179142,646.3185851792634,10702.952527999878,5,2
2020-01-14,1579035600000,,11381.981337330753,646.3185851792634,10735.66275215149,5,2
2020-01-15,1579122000000,,11322.907284520084,646.3185851792634,10676.58869934082,5,2
2020-01-16,1579208400000,,11365.858467839176,646.3185851792634,10719.539882659912,5,2
2020-01-17,1579294800000,,11450.128769658024,646.3185851792634,10803.81018447876,5,2
2020-01-21,1579640400000,,11494.392102024967,646.3185851792634,10848.073516845703,5,2
2020-01-22,1579726800000,,11587.725647709782,646.3185851792634,10941.407062530518,5,2
2020-01-23,1579813200000,,11604.452482960636,646.3185851792634,10958.133897781372,5,2
2020-01-24,1579899600000,,11475.051789792007,2692.031392605728,8783.02039718628,4,2
2020-01-27,1580158800000,,11345.46225741542,468.68960002101085,10876.77265739441,5,2
2020-01-28,1580245200000,,11420.75858882106,468.68960002101085,10952.068988800049,5,2
2020-01-29,1580331600000,,11425.014297515518,468.68960002101085,10956.324697494507,5,2
2020-01-30,1580418000000,,11662.366412262687,449.742562393913,11212.623849868774,5,2
2020-01-31,1580504400000,,11606.038767914542,449.742562393913,11156.29620552063,5,2
2020-02-03,1580763600000,,12102.643857102164,449.742562393913,11652.901294708252,5,2
2020-02-04,1580850000000,,12498.62731657482,449.742562393913,12048.884754180908,5,2
2020-02-05,1580936400000,,11953.83433269709,2644.1842930242387,9309.650039672852,4,2
2020-02-06,1581022800000,,12021.14248618287,277.9797740857016,11743.162712097168,5,2
2020-02-07,1581109200000,,11990.29519232911,277.9797740857016,11712.315418243408,5,2
2020-02-10,1581368400000,,12037.055897974973,122.80119063854636,11914.254707336426,5,2
2020-02-11,1581454800000,,12097.372258448606,122.80119063854636,11974.571067810059,5,2
2020-02-12,1581541200000,,12058.23200347424,122.80119063854636,11935.430812835693,5,2
2020-02-13,1581627600000,,12323.551377558713,122.80119063854636,12200.750186920166,5,2
2020-02-14,1581714000000,,12304.652478480344,122.80119063854636,12181.851287841797,5,2
2020-02-18,1582059600000,,12531.457902216916,122.80119063854636,12408.65671157837,5,2
2020-02-19,1582146000000,,12693.866406703,122.80119063854636,12571.065216064453,5,2
2020-02-20,1582232400000,,12551.587658176972,4.562476883483669,12547.025181293488,5,2
2020-02-21,1582318800000,,12415.983491626694,2156.9869362983245,10258.99655532837,4,2
2020-02-24,1582578000000,,11945.660912799172,87.85669450693695,11857.804218292236,5,2
2020-02-25,1582664400000,,11643.848241296975,2084.0390638982935,9559.809177398682,4,2
2020-02-26,1582750800000,,11455.830436882425,13.970546898293378,11441.85988998413,5,2
2020-02-27,1582837200000,,10888.106701527324,6425.530132923808,4462.576568603516,2,1
2020-02-28,1582923600000,,10662.639914143743,10662.639914143743,0,0,0
2020-03-02,1583182800000,,10662.639914143743,10662.639914143743,0,0,0
2020-03-03,1583269200000,,10662.639914143743,10662.639914143743,0,0,0
2020-03-04,1583355600000,,10662.639914143743,10662.639914143743,0,0,0
2020-03-05,1583442000000,,10852.315302067444,8576.355219059631,2275.9600830078125,1,1
2020-03-06,1583528400000,,10799.090898224456,10799.090898224456,0,0,0
2020-03-09,1583784000000,,10799.090898224456,10799.090898224456,0,0,0
2020-03-10,1583870400000,,10799.090898224456,10799.090898224456,0,0,0
2020-03-11,1583956800000,,10799.090898224456,10799.090898224456,0,0,0
2020-03-12,1584043200000,,10799.090898224456,10799.090898224456,0,0,0
2020-03-13,1584129600000,,10799.090898224456,10799.090898224456,0,0,0
2020-03-16,1584388800000,,10799.090898224456,10799.090898224456,0,0,0
2020-03-17,1584475200000,,10799.090898224456,10799.090898224456,0,0,0
2020-03-18,1584561600000,,10799.090898224456,10799.090898224456,0,0,0
2020-03-19,1584648000000,,10799.090898224456,10799.090898224456,0,0,0
2020-03-20,1584734400000,,10799.090898224456,10799.090898224456,0,0,0
2020-03-23,1584993600000,,10799.090898224456,10799.090898224456,0,0,0
2020-03-24,1585080000000,,10799.090898224456,10799.090898224456,0,0,0
2020-03-25,1585166400000,,10799.090898224456,10799.090898224456,0,0,0
2020-03-26,1585252800000,,10799.090898224456,10799.090898224456,0,0,0
2020-03-27,1585339200000,,10799.090898224456,10799.090898224456,0,0,0
2020-03-30,1585598400000,,10799.090898224456,10799.090898224456,0,0,0
2020-03-31,1585684800000,,10799.090898224456,10799.090898224456,0,0,0
2020-04-01,1585771200000,,10799.090898224456,10799.090898224456,0,0,0
2020-04-02,1585857600000,,10799.090898224456,10799.090898224456,0,0,0
2020-04-03,1585944000000,,10799.090898224456,10799.090898224456,0,0,0
2020-04-06,1586203200000,,10799.090898224456,10799.090898224456,0,0,0
2020-04-07,1586289600000,,10799.090898224456,10799.090898224456,0,0,0
2020-04-08,1586376000000,,10799.090898224456,10799.090898224456,0,0,0
2020-04-09,1586462400000,,10799.090898224456,10799.090898224456,0,0,0
2020-04-13,1586808000000,,10799.090898224456,10799.090898224456,0,0,0
2020-04-14,1586894400000,,10799.090898224456,10799.090898224456,0,0,0
2020-04-15,1586980800000,,10799.090898224456,10799.090898224456,0,0,0
2020-04-16,1587067200000,,10799.090898224456,10799.090898224456,0,0,0
2020-04-17,1587153600000,,10799.090898224456,10799.090898224456,0,0,0
2020-04-20,1587412800000,,10799.090898224456,10799.090898224456,0,0,0
2020-04-21,1587499200000,,10799.090898224456,10799.090898224456,0,0,0
2020-04-22,1587585600000,,10799.090898224456,10799.090898224456,0,0,0
2020-04-23,1587672000000,,10799.090898224456,10799.090898224456,0,0,0
2020-04-24,1587758400000,,10799.090898224456,10799.090898224456,0,0,0
2020-04-27,1588017600000,,10799.090898224456,10799.090898224456,0,0,0
2020-04-28,1588104000000,,10799.090898224456,10799.090898224456,0,0,0
2020-04-29,1588190400000,,10799.090898224456,10799.090898224456,0,0,0
2020-04-30,1588276800000,,10799.090898224456,10799.090898224456,0,0,0
2020-05-01,1588363200000,,10799.090898224456,10799.090898224456,0,0,0
2020-05-04,1588622400000,,10799.090898224456,10799.090898224456,0,0,0
2020-05-05,1588708800000,,10799.090898224456,10799.090898224456,0,0,0
2020-05-06,1588795200000,,10799.090898224456,10799.090898224456,0,0,0
2020-05-07,1588881600000,,10799.090898224456,10799.090898224456,0,0,0
2020-05-08,1588968000000,,10799.090898224456,10799.090898224456,0,0,0
2020-05-11,1589227200000,,10799.090898224456,10799.090898224456,0,0,0
2020-05-12,1589313600000,,10799.090898224456,10799.090898224456,0,0,0
2020-05-13,1589400000000,,10799.090898224456,10799.090898224456,0,0,0
2020-05-14,1589486400000,,10799.090898224456,10799.090898224456,0,0,0
2020-05-15,1589572800000,,10799.090898224456,10799.090898224456,0,0,0
2020-05-18,1589832000000,,10799.090898224456,10799.090898224456,0,0,0
2020-05-19,1589918400000,,10799.090898224456,10799.090898224456,0,0,0
2020-05-20,1590004800000,,10799.090898224456,10799.090898224456,0,0,0
2020-05-21,1590091200000,,10799.090898224456,10799.090898224456,0,0,0
2020-05-22,1590177600000,,10799.090898224456,10799.090898224456,0,0,0
2020-05-26,1590523200000,,10799.090898224456,10799.090898224456,0,0,0
2020-05-27,1590609600000,,10799.090898224456,10799.090898224456,0,0,0
2020-05-28,1590696000000,,10695.914049147732,1971.470014571316,8724.444034576416,5,2
2020-05-29,1590782400000,,10927.750747679836,1971.470014571316,8956.28073310852,5,2
2020-06-01,1591041600000,,10896.707979201443,1971.470014571316,8925.237964630127,5,2
2020-06-02,1591128000000,,10904.76296424783,1971.470014571316,8933.292949676514,5,2
2020-06-03,1591214400000,,10936.676073073513,1971.470014571316,8965.206058502197,5,2
2020-06-04,1591300800000,,10801.094079970486,1971.470014571316,8829.62406539917,5,2
2020-06-05,1591387200000,,10887.099164961941,1971.470014571316,8915.629150390625,5,2
2020-06-08,1591646400000,,10879.326963423855,1971.470014571316,8907.856948852539,5,2
2020-06-09,1591732800000,,10868.192157744534,1971.470014571316,8896.722143173218,5,2
2020-06-10,1591819200000,,10888.862087248928,1971.470014571316,8917.392072677612,5,2
2020-06-11,1591905600000,,10597.562883376248,1971.470014571316,8626.092868804932,5,2
2020-06-12,1591992000000,,10717.427452319927,10717.427452319927,0,0,0
2020-06-15,1592251200000,,10717.427452319927,10717.427452319927,0,0,0
2020-06-16,1592337600000,,10700.965894248768,9454.96589043407,1246.0000038146973,1,1
2020-06-17,1592424000000,,10706.559026884494,5064.067953276093,5642.491073608398,4,2
2020-06-18,1592510400000,,10717.490115678766,3304.449637926079,7413.040477752686,5,2
2020-06-19,1592596800000,,10680.513236558892,3304.449637926079,7376.0635986328125,5,2
2020-06-22,1592856000000,,10723.489604509332,3304.449637926079,7419.039966583252,5,2
2020-06-23,1592942400000,,10759.288219011285,3304.449637926079,7454.838581085205,5,2
2020-06-24,1593028800000,,10579.832118547418,3304.449637926079,7275.382480621338,5,2
2020-06-25,1593115200000,,10642.392665422418,3304.449637926079,7337.943027496338,5,2
2020-06-26,1593201600000,,10499.50549662852,4459.813373215434,6039.692123413086,4,1
2020-06-29,1593460800000,,10526.977708937777,10526.977708937777,0,0,0
2020-06-30,1593547200000,,10526.977708937777,10526.977708937777,0,0,0
2020-07-01,1593633600000,,10489.166883244832,1999.6968820241293,8489.470001220703,5,2
2020-07-02,1593720000000,,10624.716916814168,1999.6968820241293,8625.020034790039,5,2
2020-07-06,1594065600000,,10815.046693578084,1999.6968820241293,8815.349811553955,5,2
2020-07-07,1594152000000,,10795.74688126119,1999.6968820241293,8796.04999923706,5,2
2020-07-08,1594238400000,,10897.046865239461,1999.6968820241293,8897.349983215332,5,2
2020-07-09,1594324800000,,10977.306863560994,1999.6968820241293,8977.609981536865,5,2
2020-07-10,1594411200000,,10919.786901250203,1999.6968820241293,8920.090019226074,5,2
2020-07-13,1594670400000,,10800.876783147176,1999.6968820241293,8801.179901123047,5,2
2020-07-14,1594756800000,,10947.866819157918,1999.6968820241293,8948.169937133789,5,2
2020-07-15,1594843200000,,11027.73690582784,1999.6968820241293,9028.040023803711,5,2
2020-07-16,1594929600000,,11045.987008824666,1999.6968820241293,9046.290126800537,5,2
2020-07-17,1595016000000,,11154.877012029012,1999.6968820241293,9155.180130004883,5,2
2020-07-20,1595275200000,,11309.916776433309,1999.6968820241293,9310.21989440918,5,2
2020-07-21,1595361600000,,11276.57695938619,1999.6968820241293,9276.88007736206,5,2
2020-07-22,1595448000000,,11368.296914830526,1999.6968820241293,9368.600032806396,5,2
2020-07-23,1595534400000,,11336.566987767537,1999.6968820241293,9336.870105743408,5,2
2020-07-24,1595620800000,,11305.796777501424,1999.6968820241293,9306.099895477295,5,2
2020-07-27,1595880000000,,11545.546785130819,1999.6968820241293,9545.84990310669,5,2
2020-07-28,1595966400000,,11399.58672501119,1999.6968820241293,9399.88984298706,5,2
2020-07-29,1596052800000,,11493.326890721639,1999.6968820241293,9493.63000869751,5,2
2020-07-30,1596139200000,,11557.08683563741,1999.6968820241293,9557.389953613281,5,2
2020-07-31,1596225600000,,11625.936868443807,1999.6968820241293,9626.239986419678,5,2
2020-08-03,1596484800000,,11826.316930547078,1999.6968820241293,9826.62004852295,5,2
2020-08-04,1596571200000,,11705.326890721639,1999.6968820241293,9705.63000869751,5,2
2020-08-05,1596657600000,,11741.856839909871,1999.6968820241293,9742.159957885742,5,2
2020-08-06,1596744000000,,11698.487035527547,1999.6968820241293,9698.790153503418,5,2
2020-08-07,1596830400000,,11677.496618047078,1999.6968820241293,9677.79973602295,5,2
2020-08-10,1597089600000,,11560.577012791951,1999.6968820241293,9560.880130767822,5,2
2020-08-11,1597176000000,,11452.36671997579,1999.6968820241293,9452.66983795166,5,2
2020-08-12,1597262400000,,11663.366960301717,1999.6968820241293,9663.670078277588,5,2
2020-08-13,1597348800000,,11735.397016301473,1999.6968820241293,9735.700134277344,5,2
2020-08-14,1597435200000,,11680.876935735067,1999.6968820241293,9681.180053710938,5,2
2020-08-17,1597694400000,,11815.446595921834,1999.6968820241293,9815.749713897705,5,2
2020-08-18,1597780800000,,11793.93684937032,1999.6968820241293,9794.239967346191,5,2
2020-08-19,1597867200000,,11801.926900639852,1999.6968820241293,9802.230018615723,5,2
2020-08-20,1597953600000,,11849.876855626424,1999.6968820241293,9850.179973602295,5,2
2020-08-21,1598040000000,,11879.496988072713,1999.6968820241293,9879.800106048584,5,2
2020-08-24,1598299200000,,11865.71695496114,1999.6968820241293,9866.020072937012,5,2
2020-08-25,1598385600000,,11900.216993108113,1999.6968820241293,9900.520111083984,5,2
2020-08-26,1598472000000,,11949.236715092977,1999.6968820241293,9949.539833068848,5,2
2020-08-27,1598558400000,,11767.177072301229,1999.6968820241293,9767.4801902771,5,2
2020-08-28,1598644800000,,11746.076967015584,1999.6968820241293,9746.380084991455,5,2
2020-08-31,1598904000000,,11830.160036634627,3555.4399934522535,8274.720043182373,4,2
2020-09-01,1598990400000,,11925.815590832197,1269.335534069502,10656.480056762695,5,2
2020-09-02,1599076800000,,12127.885415050947,1269.335534069502,10858.549880981445,5,2
2020-09-03,1599163200000,,11484.791570193453,3141.861577517671,8342.929992675781,4,2
2020-09-04,1599249600000,,11251.334028548587,11251.334028548587,0,0,0
2020-09-08,1599595200000,,11223.502278142954,9158.142338567759,2065.3599395751953,1,1
2020-09-09,1599681600000,,11247.372258001353,9158.142338567759,2089.2299194335938,1,1
2020-09-10,1599768000000,,11165.045994552693,450.97847822578797,10714.067516326904,5,2
2020-09-11,1599854400000,,11313.193447860798,450.97847822578797,10862.21496963501,5,2
2020-09-14,1600113600000,,11444.511318954548,450.97847822578797,10993.53284072876,5,2
2020-09-15,1600200000000,,11348.089249404988,450.97847822578797,10897.1107711792,5,2
2020-09-16,1600286400000,,11349.666058334431,450.97847822578797,10898.687580108643,5,2
2020-09-17,1600372800000,,11381.763531478962,450.97847822578797,10930.785053253174,5,2
2020-09-18,1600459200000,,11201.632767798501,2485.724267127114,8715.908500671387,4,2
2020-09-21,1600718400000,,10787.62395353258,6634.123861979848,4153.500091552734,2,1
2020-09-22,1600804800000,,10838.98383207262,6634.123861979848,4204.859970092773,2,1
2020-09-23,1600891200000,,10775.68488523657,8733.484873029538,2042.2000122070312,1,1
2020-09-24,1600977600000,,10754.621330892576,6708.421288167966,4046.2000427246094,2,1
2020-09-25,1601064000000,,10780.001335775389,6708.421288167966,4071.580047607422,2,1
2020-09-28,1601323200000,,10795.541313802732,6708.421288167966,4087.1200256347656,2,1
2020-09-29,1601409600000,,10822.064532364651,2978.8445311439486,7843.220001220703,4,2
2020-09-30,1601496000000,,10822.489317433554,1122.239294545371,9700.250022888184,5,2
2020-10-01,1601582400000,,10874.879354970175,1122.239294545371,9752.640060424805,5,2
2020-10-02,1601668800000,,10869.979437367636,1122.239294545371,9747.740142822266,5,2
2020-10-05,1601928000000,,11037.319586293417,1122.239294545371,9915.080291748047,5,2
2020-10-06,1602014400000,,10938.619406239706,1122.239294545371,9816.380111694336,5,2
2020-10-07,1602100800000,,11110.839285390097,1122.239294545371,9988.599990844727,5,2
2020-10-08,1602187200000,,11146.829535023886,1122.239294545371,10024.590240478516,5,2
2020-10-09,1602273600000,,11248.04918529244,1122.239294545371,10125.80989074707,5,2
2020-10-12,1602532800000,,11228.959433095175,1122.239294545371,10106.720138549805,5,2
2020-10-13,1602619200000,,11196.109228627402,1122.239294545371,10073.869934082031,5,2
2020-10-14,1602705600000,,11071.95952464791,1122.239294545371,9949.720230102539,5,2
2020-10-15,1602792000000,,11156.269293324667,1122.239294545371,10034.029998779297,5,2
2020-10-16,1602878400000,,11135.99931194039,1122.239294545371,10013.76001739502,5,2
2020-10-19,1603137600000,,11029.969519154745,1122.239294545371,9907.730224609375,5,2
2020-10-20,1603224000000,,11098.239332692343,1122.239294545371,9976.000038146973,5,2
2020-10-21,1603310400000,,11092.489012257773,1122.239294545371,9970.249717712402,5,2
2020-10-22,1603396800000,,11028.45952464791,1122.239294545371,9906.220230102539,5,2
2020-10-23,1603483200000,,11025.219244496542,1122.239294545371,9902.979949951172,5,2
2020-10-26,1603742400000,,10891.219160573202,1122.239294545371,9768.979866027832,5,2
2020-10-27,1603828800000,,10963.16930247994,1122.239294545371,9840.93000793457,5,2
2020-10-28,1603915200000,,10715.687921484801,6739.487855872008,3976.200065612793,2,1
2020-10-29,1604001600000,,10678.61374025571,1871.8137906097152,8806.799949645996,5,2
2020-10-30,1604088000000,,10571.914457313786,5836.054460518132,4735.859996795654,3,1
2020-11-02,1604350800000,,10668.964487068424,5836.054460518132,4832.910026550293,3,1
2020-11-03,1604437200000,,10633.823680713627,2532.9938658027395,8100.829814910889,5,2
2020-11-04,1604523600000,,10500.942674407603,5371.882783660532,5129.05989074707,3,1
2020-11-05,1604610000000,,10594.533939911347,2368.251419617157,8226.28252029419,5,2
2020-11-06,1604696400000,,10619.681419922334,2368.251419617157,8251.430000305176,5,2
2020-11-09,1604955600000,,10415.968906952363,2368.251419617157,8047.717487335205,5,2
2020-11-10,1605042000000,,10359.993895126801,2368.251419617157,7991.742475509644,5,2
2020-11-11,1605128400000,,10411.531460358125,2368.251419617157,8043.280040740967,5,2
2020-11-12,1605214800000,,10410.979084564668,2368.251419617157,8042.72766494751,5,2
2020-11-13,1605301200000,,10465.363730026704,2368.251419617157,8097.112310409546,5,2
2020-11-16,1605560400000,,10495.019070221406,2368.251419617157,8126.767650604248,5,2
2020-11-17,1605646800000,,10465.346898072628,3950.1869859632525,6515.159912109375,4,2
2020-11-18,1605733200000,,10312.96697233215,1918.6569785882527,8394.309993743896,5,2
2020-11-19,1605819600000,,10357.97700117126,1918.6569785882527,8439.320022583008,5,2
2020-11-20,1605906000000,,10338.605460879338,3147.2753751249443,7191.3300857543945,4,1
2020-11-23,1606165200000,,10403.14112137058,2092.1410755942134,8311.000045776367,5,2
2020-11-24,1606251600000,,10369.02104614475,2092.1410755942134,8276.879970550537,5,2
2020-11-25,1606338000000,,10365.411102754857,2092.1410755942134,8273.270027160645,5,2
2020-11-27,1606510800000,,10414.651031954076,2092.1410755942134,8322.509956359863,5,2
2020-11-30,1606770000000,,10385.790947420384,2092.1410755942134,8293.649871826172,5,2
2020-12-01,1606856400000,,10580.941124422337,2092.1410755942134,8488.800048828125,5,2
2020-12-02,1606942800000,,10659.01994385362,3342.369919439558,7316.6500244140625,4,2
2020-12-03,1607029200000,,10671.84335985938,1294.2633809165095,9377.579978942871,5,2
2020-12-04,1607115600000,,10881.603224666509,1294.2633809165095,9587.33984375,5,2
2020-12-07,1607374800000,,10890.543379695806,1294.2633809165095,9596.279998779297,5,2
2020-12-08,1607461200000,,10992.143385799322,1294.2633809165095,9697.880004882812,5,2
2020-12-09,1607547600000,,10825.303450496587,1294.2633809165095,9531.040069580078,5,2
2020-12-10,1607634000000,,10838.093398006353,1294.2633809165095,9543.830017089844,5,2
2020-12-11,1607720400000,,10840.763441951665,1294.2633809165095,9546.500061035156,5,2
2020-12-14,1607979600000,,10903.003485591802,1294.2633809165095,9608.740104675293,5,2
2020-12-15,1608066000000,,10998.133490474615,1294.2633809165095,9703.870109558105,5,2
2020-12-16,1608152400000,,10981.913458736333,1294.2633809165095,9687.650077819824,5,2
2020-12-17,1608238800000,,10991.363364131841,1294.2633809165095,9697.099983215332,5,2
2020-12-18,1608325200000,,10958.56323900977,1294.2633809165095,9664.299858093262,5,2
2020-12-21,1608584400000,,10893.427121283294,3099.0171786563396,7794.409942626953,4,2
2020-12-22,1608670800000,,10887.348761636807,1008.9286566563396,9878.420104980469,5,2
2020-12-23,1608757200000,,10840.478690225675,1008.9286566563396,9831.550033569336,5,2
2020-12-24,1608843600000,,10884.33879764755,1008.9286566563396,9875.410140991211,5,2
2020-12-28,1609189200000,,10913.498862344815,1008.9286566563396,9904.570205688477,5,2
2020-12-29,1609275600000,,10835.18865879257,1008.9286566563396,9826.26000213623,5,2
2020-12-30,1609362000000,,10924.26865299423,1008.9286566563396,9915.33999633789,5,2
2020-12-31,1609448400000,,11103.928679544522,1008.9286566563396,10095.000022888184,5,2
2021-01-04,1609794000000,,11113.428687173917,1008.9286566563396,10104.500030517578,5,2
2021-01-05,1609880400000,,11335.14860447128,1008.9286566563396,10326.219947814941,5,2
2021-01-06,1609966800000,,11522.648703653409,1008.9286566563396,10513.72004699707,5,2
2021-01-07,1610053200000,,11742.528662759854,1008.9286566563396,10733.600006103516,5,2
2021-01-08,1610139600000,,11691.528601724698,1008.9286566563396,10682.59994506836,5,2
2021-01-11,1610398800000,,11809.06861026962,1008.9286566563396,10800.139953613281,5,2
2021-01-12,1610485200000,,11770.168547708585,1008.9286566563396,10761.239891052246,5,2
2021-01-13,1610571600000,,11728.51880558212,1008.9286566563396,10719.590148925781,5,2
2021-01-14,1610658000000,,11721.778769571378,1008.9286566563396,10712.850112915039,5,2
2021-01-15,1610744400000,,11685.908652383878,1008.9286566563396,10676.979995727539,5,2
2021-01-19,1611090000000,,11896.61856754501,1008.9286566563396,10887.689910888672,5,2
2021-01-20,1611176400000,,11883.488593179776,1008.9286566563396,10874.559936523438,5,2
2021-01-21,1611262800000,,11927.188613016202,1008.9286566563396,10918.259956359863,5,2
2021-01-22,1611349200000,,11871.35864933212,1008.9286566563396,10862.429992675781,5,2
2021-01-25,1611608400000,,11768.838584024503,1008.9286566563396,10759.909927368164,5,2
2021-01-26,1611694800000,,11625.598906595304,1008.9286566563396,10616.670249938965,5,2
2021-01-27,1611781200000,,11384.301826399142,1333.1220320876175,10051.179794311523,5,2
2021-01-28,1611867600000,,11410.792152326876,1333.1220320876175,10077.670120239258,5,2
2021-01-29,1611954000000,,11402.341995161349,1333.1220320876175,10069.21996307373,5,2
2021-02-01,1612213200000,,11654.601821821505,1333.1220320876175,10321.479789733887,5,2
2021-02-02,1612299600000,,11488.699677410064,1170.1893929862367,10318.510284423828,5,2
2021-02-03,1612386000000,,11242.866012672459,3272.13593302158,7970.730079650879,4,2
2021-02-04,1612472400000,,11403.634092793302,1298.7773041580472,10104.856788635254,5,2
2021-02-05,1612558800000,,11440.677305683927,1298.7773041580472,10141.900001525879,5,2
2021-02-08,1612818000000,,11592.387503132657,1298.7773041580472,10293.61019897461,5,2
2021-02-09,1612904400000,,11659.770597920255,1298.7773041580472,10360.993293762207,5,2
2021-02-10,1612990800000,,11785.36050270541,1298.7773041580472,10486.583198547363,5,2
2021-02-11,1613077200000,,12093.830687031583,1298.7773041580472,10795.053382873535,5,2
2021-02-12,1613163600000,,12112.794088826016,1298.7773041580472,10814.016784667969,5,2
2021-02-16,1613509200000,,12176.15714119418,1298.7773041580472,10877.379837036133,5,2
2021-02-17,1613595600000,,12143.6207032059,1298.7773041580472,10844.843399047852,5,2
2021-02-18,1613682000000,,12159.317442402677,1298.7773041580472,10860.540138244629,5,2
2021-02-19,1613768400000,,12394.760641560391,1298.7773041580472,11095.983337402344,5,2
2021-02-22,1614027600000,,12412.890676960782,1298.7773041580472,11114.113372802734,5,2
2021-02-23,1614114000000,,12361.281378748623,2640.4746389414945,9720.806739807129,4,1
2021-02-24,1614200400000,,12554.898908130399,236.3122687261016,12318.586639404297,5,2
2021-02-25,1614286800000,,12283.732175342313,236.3122687261016,12047.419906616211,5,2
2021-02-26,1614373200000,,12311.13887547659,236.3122687261016,12074.826606750488,5,2
2021-03-01,1614632400000,,12774.749112598172,236.3122687261016,12538.43684387207,5,2
2021-03-02,1614718800000,,12636.088712207547,236.3122687261016,12399.776443481445,5,2
2021-03-03,1614805200000,,12709.559209338895,236.3122687261016,12473.246940612793,5,2
2021-03-04,1614891600000,,12461.403339917924,2336.9400067880424,10124.463333129883,4,2
2021-03-05,1614978000000,,12719.91700274367,22.30704028029095,12697.609962463379,5,2
2021-03-08,1615237200000,,12787.797320431659,22.30704028029095,12765.490280151367,5,2
2021-03-09,1615323600000,,12658.900301999041,22.30704028029095,12636.59326171875,5,2
2021-03-10,1615410000000,,12780.623995846698,22.30704028029095,12758.316955566406,5,2
2021-03-11,1615496400000,,12950.883944577166,22.30704028029095,12928.576904296875,5,2
2021-03-12,1615582800000,,13197.170237606952,22.30704028029095,13174.86319732666,5,2
2021-03-15,1615838400000,,13377.73031145949,22.30704028029095,13355.4232711792,5,2
2021-03-16,1615924800000,,13490.710276669452,22.30704028029095,13468.40323638916,5,2
2021-03-17,1616011200000,,13579.293665951678,22.30704028029095,13556.986625671387,5,2
2021-03-18,1616097600000,,13558.673548764178,22.30704028029095,13536.366508483887,5,2
2021-03-19,1616184000000,,13581.843531674334,22.30704028029095,13559.536491394043,5,2
2021-03-22,1616443200000,,13381.49374682326,22.30704028029095,13359.186706542969,5,2
2021-03-23,1616529600000,,12937.387431210467,22.30704028029095,12915.080390930176,5,2
2021-03-24,1616616000000,,12463.946917599627,22.30704028029095,12441.639877319336,5,2
2021-03-25,1616702400000,,12383.627368728452,526.260700027281,11857.366668701172,5,2
2021-03-26,1616788800000,,12218.328052413004,2770.654682051676,9447.673370361328,4,2
2021-03-29,1617048000000,,12114.484247120035,1249.1343020516763,10865.34994506836,5,2
2021-03-30,1617134400000,,12155.05741301359,1249.1343020516763,10905.923110961914,5,2
2021-03-31,1617220800000,,12029.03096190275,1249.1343020516763,10779.896659851074,5,2
2021-04-01,1617307200000,,12106.134401233805,1249.1343020516763,10857.000099182129,5,2
2021-04-05,1617652800000,,12160.24450865568,1249.1343020516763,10911.110206604004,5,2
2021-04-06,1617739200000,,12125.660669239176,1249.1343020516763,10876.5263671875,5,2
2021-04-07,1617825600000,,12157.037622364176,1249.1343020516763,10907.9033203125,5,2
2021-04-08,1617912000000,,12152.927583606852,1249.1343020516763,10903.793281555176,5,2
2021-04-09,1617998400000,,12262.330995472086,1249.1343020516763,11013.19669342041,5,2
2021-04-12,1618257600000,,12305.910913379801,1249.1343020516763,11056.776611328125,5,2
2021-04-13,1618344000000,,12187.10753813566,1249.1343020516763,10937.973236083984,5,2
2021-04-14,1618430400000,,12265.20763579191,1249.1343020516763,11016.073333740234,5,2
2021-04-15,1618516800000,,12350.821031482828,1249.1343020516763,11101.686729431152,5,2
2021-04-16,1618603200000,,12413.780969532145,1249.1343020516763,11164.646667480469,5,2
2021-04-19,1618862400000,,12408.107629688395,1249.1343020516763,11158.973327636719,5,2
2021-04-20,1618948800000,,12290.914982303324,3630.111645206156,8660.803337097168,4,1
2021-04-21,1619035200000,,12426.64946178392,1179.2825489421239,11247.366912841797,5,1
2021-04-22,1619121600000,,12296.479013480697,1179.2825489421239,11117.196464538574,5,1
2021-04-23,1619208000000,,12386.259264030014,1179.2825489421239,11206.97671508789,5,1
2021-04-26,1619467200000,,12380.275964774642,1179.2825489421239,11200.99341583252,5,1
2021-04-27,1619553600000,,12348.539400138412,1179.2825489421239,11169.256851196289,5,1
2021-04-28,1619640000000,,12354.909334220443,1179.2825489421239,11175.62678527832,5,1
2021-04-29,1619726400000,,12480.139497794662,1179.2825489421239,11300.856948852539,5,1
2021-04-30,1619812800000,,12425.629228629623,1179.2825489421239,11246.3466796875,5,1
2021-05-03,1620072000000,,12587.022264518295,1179.2825489421239,11407.739715576172,5,1
2021-05-04,1620158400000,,12667.449197806869,1179.2825489421239,11488.166648864746,5,1
2021-05-05,1620244800000,,12690.126001395736,1179.2825489421239,11510.843452453613,5,1
2021-05-06,1620331200000,,12967.559358634506,1179.2825489421239,11788.276809692383,5,1
2021-05-07,1620417600000,,13068.595827140365,1179.2825489421239,11889.313278198242,5,1
2021-05-10,1620676800000,,13150.775964774642,1179.2825489421239,11971.49341583252,5,1
2021-05-11,1620763200000,,13113.102548636947,1179.2825489421239,11933.819999694824,5,1
2021-05-12,1620849600000,,12814.112665214096,1179.2825489421239,11634.830116271973,5,1
2021-05-13,1620936000000,,13102.862710990463,1179.2825489421239,11923.58016204834,5,1
2021-05-14,1621022400000,,13200.939203300033,1179.2825489421239,12021.65665435791,5,1
2021-05-17,1621281600000,,13340.782503165756,1179.2825489421239,12161.499954223633,5,1
2021-05-18,1621368000000,,13166.392519034896,1179.2825489421239,11987.109970092773,5,1
2021-05-19,1621454400000,,13099.012430228744,1179.2825489421239,11919.729881286621,5,1
2021-05-20,1621540800000,,13176.065912284408,1179.2825489421239,11996.783363342285,5,1
2021-05-21,1621627200000,,13235.6925983806,1179.2825489421239,12056.410049438477,5,1
2021-05-24,1621886400000,,13307.089090384994,1179.2825489421239,12127.806541442871,5,1
2021-05-25,1621972800000,,13157.57263378099,1179.2825489421239,11978.290084838867,5,1
2021-05-26,1622059200000,,13182.219293632064,1179.2825489421239,12002.936744689941,5,1
2021-05-27,1622145600000,,13157.292566337142,1179.2825489421239,11978.01001739502,5,1
2021-05-28,1622232000000,,13235.355966605697,1179.2825489421239,12056.073417663574,5,1
2021-06-01,1622577600000,,13434.995813407455,1179.2825489421239,12255.713264465332,5,1
2021-06-02,1622664000000,,13379.405626334701,1179.2825489421239,12200.123077392578,5,1
2021-06-03,1622750400000,,13425.172586478744,1179.2825489421239,12245.890037536621,5,1
2021-06-04,1622836800000,,13425.669206656967,1179.2825489421239,12246.386657714844,5,1
2021-06-07,1623096000000,,13334.286142386947,1179.2825489421239,12155.003593444824,5,1
2021-06-08,1623182400000,,13453.296174236739,3507.2328807797094,9946.063293457031,4,1
2021-06-09,1623268800000,,13357.346933661025,852.5800955872965,12504.76683807373,5,2
2021-06-10,1623355200000,,13403.143331863059,654.6391414181116,12748.504190444946,5,2
2021-06-11,1623441600000,,13408.784481383933,654.6391414181116,12754.14533996582,5,2
2021-06-14,1623700800000,,13280.339498855246,654.6391414181116,12625.700357437134,5,2
2021-06-15,1623787200000,,13249.72024188198,654.6391414181116,12595.081100463867,5,2
2021-06-16,1623873600000,,13220.511234618796,654.6391414181116,12565.872093200684,5,2
2021-06-17,1623960000000,,13166.220998030029,4898.7084533980715,8267.512544631958,3,2
2021-06-18,1624046400000,,12938.152936332606,216.78990875997397,12721.363027572632,5,2
2021-06-21,1624305600000,,13157.826239936732,216.78990875997397,12941.036331176758,5,2
2021-06-22,1624392000000,,13073.982919090175,216.78990875997397,12857.1930103302,5,2
2021-06-23,1624478400000,,13053.736670844935,216.78990875997397,12836.946762084961,5,2
2021-06-24,1624564800000,,13014.990958564662,216.78990875997397,12798.201049804688,5,2
2021-06-25,1624651200000,,12980.131078117274,216.78990875997397,12763.3411693573,5,2
2021-06-28,1624910400000,,13055.398356082727,2880.124575259974,10175.273780822754,4,2
2021-06-29,1624996800000,,12988.008252523417,337.0033430080357,12651.00490951538,5,2
2021-06-30,1625083200000,,12892.533894918437,337.0033430080357,12555.5305519104,5,2
2021-07-01,1625169600000,,13023.406628988261,337.0033430080357,12686.403285980225,5,2
2021-07-02,1625256000000,,13162.238822362895,337.0033430080357,12825.235479354858,5,2
2021-07-06,1625601600000,,13361.94526042747,337.0033430080357,13024.941917419434,5,2
2021-07-07,1625688000000,,13457.568898580546,337.0033430080357,13120.56555557251,5,2
2021-07-08,1625774400000,,13454.748179815288,337.0033430080357,13117.744836807251,5,2
2021-07-09,1625860800000,,13632.841266057963,337.0033430080357,13295.837923049927,5,2
2021-07-12,1626120000000,,13602.211989782329,337.0033430080357,13265.208646774292,5,2
2021-07-13,1626206400000,,13553.559771917338,337.0033430080357,13216.556428909302,5,2
2021-07-14,1626292800000,,13567.060197256083,337.0033430080357,13230.056854248047,5,2
2021-07-15,1626379200000,,13591.754899404521,337.0033430080357,13254.751556396484,5,2
2021-07-16,1626465600000,,13603.162919424052,337.0033430080357,13266.159576416016,5,2
2021-07-19,1626724800000,,13449.00110909445,2992.731192560025,10456.269916534424,4,2
2021-07-20,1626811200000,,13641.054904638002,324.41498535699475,13316.639919281006,5,2
2021-07-21,1626897600000,,13570.385085759828,324.41498535699475,13245.970100402832,5,2
2021-07-22,1626984000000,,13668.062674186476,2889.9324938275886,10778.130180358887,4,2
2021-07-23,1627070400000,,13872.95399445816,309.5540615968298,13563.399932861328,5,2
2021-07-26,1627329600000,,13776.724033062896,309.5540615968298,13467.169971466064,5,2
2021-07-27,1627416000000,,13732.27384537979,309.5540615968298,13422.719783782959,5,2
2021-07-28,1627502400000,,13799.334376996001,309.5540615968298,13489.78031539917,5,2
2021-07-29,1627588800000,,14098.024074261626,309.5540615968298,13788.470012664795,5,2
2021-07-30,1627675200000,,14123.464091961821,309.5540615968298,13813.91003036499,5,2
2021-08-02,1627934400000,,14254.883968060454,309.5540615968298,13945.329906463623,5,2
2021-08-03,1628020800000,,14480.144000714263,309.5540615968298,14170.589939117432,5,2
2021-08-04,1628107200000,,14581.354308789214,309.5540615968298,14271.800247192383,5,2
2021-08-05,1628193600000,,14568.8342396669,309.5540615968298,14259.280178070068,5,2
2021-08-06,1628280000000,,14573.583869641265,309.5540615968298,14264.029808044434,5,2
2021-08-09,1628539200000,,14531.854095166167,309.5540615968298,14222.300033569336,5,2
2021-08-10,1628625600000,,14461.804320996245,309.5540615968298,14152.250259399414,5,2
2021-08-11,1628712000000,,14457.174064343413,309.5540615968298,14147.620002746582,5,2
2021-08-12,1628798400000,,14607.034122174224,309.5540615968298,14297.480060577393,5,2
2021-08-13,1628884800000,,14719.16413468643,309.5540615968298,14409.6100730896,5,2
2021-08-16,1629144000000,,14745.543967907866,309.5540615968298,14435.989906311035,5,2
2021-08-17,1629230400000,,14604.054073040923,309.5540615968298,14294.500011444092,5,2
2021-08-18,1629316800000,,14376.711918735633,12.011929416783914,14364.699989318848,5,2
2021-08-19,1629403200000,,14486.611851596961,12.011929416783914,14474.599922180176,5,2
2021-08-20,1629489600000,,14505.021950626502,12.011929416783914,14493.010021209717,5,2
2021-08-23,1629748800000,,14550.712120914588,12.011929416783914,14538.700191497803,5,2
2021-08-24,1629835200000,,14405.707849873404,2863.9579528702297,11541.749897003174,4,2
2021-08-25,1629921600000,,14575.677941373437,21.917969754782007,14553.759971618652,5,2
2021-08-26,1630008000000,,14683.468079618066,21.917969754782007,14661.550109863281,5,2
2021-08-27,1630094400000,,14822.87796502456,21.917969754782007,14800.959995269775,5,2
2021-08-30,1630353600000,,14926.127892545312,21.917969754782007,14904.209922790527,5,2
2021-08-31,1630440000000,,14930.097855619042,21.917969754782007,14908.179885864258,5,2
2021-09-01,1630526400000,,14927.917817166894,21.917969754782007,14905.99984741211,5,2
2021-09-02,1630612800000,,15101.197968534081,21.917969754782007,15079.279998779297,5,2
2021-09-03,1630699200000,,15251.218133023827,21.917969754782007,15229.300163269043,5,2
2021-09-07,1631044800000,,15103.398018888085,21.917969754782007,15081.4800491333,5,2
2021-09-08,1631131200000,,15143.267880490868,21.917969754782007,15121.349910736084,5,2
2021-09-09,1631217600000,,15149.527813962548,21.917969754782007,15127.609844207764,5,2
2021-09-10,1631304000000,,15084.298058560937,21.917969754782007,15062.380088806152,5,2
2021-09-13,1631563200000,,14687.867924741357,21.917969754782007,14665.949954986572,5,2
2021-09-14,1631649600000,,14879.458157590478,21.917969754782007,14857.540187835693,5,2
2021-09-15,1631736000000,,15048.348023465722,21.917969754782007,15026.430053710938,5,2
2021-09-16,1631822400000,,15030.577832273095,21.917969754782007,15008.65986251831,5,2
2021-09-17,1631908800000,,14828.38452044364,2393.564623745642,12434.819896697998,4,2
2021-09-20,1632168000000,,14420.555101275386,3166.1451281308546,11254.409973144531,4,2
2021-09-21,1632254400000,,14520.324998736323,3166.1451281308546,11354.179870605469,4,2
2021-09-22,1632340800000,,14605.554979205073,3166.1451281308546,11439.409851074219,4,2
2021-09-23,1632427200000,,14800.574722405376,623.9548798760784,14176.619842529297,5,2
2021-09-24,1632513600000,,14777.05479442686,623.9548798760784,14153.099914550781,5,2
2021-09-27,1632772800000,,14435.614639397563,623.9548798760784,13811.659759521484,5,2
2021-09-28,1632859200000,,13945.572499430702,3286.0923549299714,10659.480144500732,4,2
2021-09-29,1632945600000,,13933.36096683408,3137.8307963934076,10795.530170440674,4,1
2021-09-30,1633032000000,,13760.007520363939,4062.227643654955,9697.779876708984,4,1
2021-10-01,1633118400000,,13833.32788407286,8413.727832192975,5419.600051879883,2,1
2021-10-04,1633377600000,,13868.569086214484,5206.789182802619,8661.779903411865,4,2
2021-10-05,1633464000000,,13972.712539219987,2788.0923075915684,11184.620231628418,5,2
2021-10-06,1633550400000,,13798.250160006308,5387.130256441855,8411.119903564453,4,2
2021-10-07,1633636800000,,13839.737221410307,2751.81701724771,11087.920204162598,5,2
2021-10-08,1633723200000,,14091.657120397123,2751.81701724771,11339.840103149414,5,2
2021-10-11,1633982400000,,14090.246937444243,2751.81701724771,11338.429920196533,5,2
2021-10-12,1634068800000,,14009.807160069975,2751.81701724771,11257.990142822266,5,2
2021-10-13,1634155200000,,13965.766964604887,2751.81701724771,11213.949947357178,5,2
2021-10-14,1634241600000,,14085.557060887846,2751.81701724771,11333.740043640137,5,2
2021-10-15,1634328000000,,14053.097130467924,2751.81701724771,11301.280113220215,5,2
2021-10-18,1634587200000,,14106.037121465239,2751.81701724771,11354.22010421753,5,2
2021-10-19,1634673600000,,14212.416760137114,2751.81701724771,11460.599742889404,5,2
2021-10-20,1634760000000,,14330.586834600004,2751.81701724771,11578.769817352295,5,2
2021-10-21,1634846400000,,14177.596897771391,2751.81701724771,11425.779880523682,5,2
2021-10-22,1634932800000,,14275.696903874907,2751.81701724771,11523.879886627197,5,2
2021-10-25,1635192000000,,14283.577114751371,2751.81701724771,11531.760097503662,5,2
2021-10-26,1635278400000,,14262.64695422891,2751.81701724771,11510.829936981201,5,2
2021-10-27,1635364800000,,13974.167000463041,2751.81701724771,11222.349983215332,5,2
2021-10-28,1635451200000,,14135.93688266519,2751.81701724771,11384.11986541748,5,2
2021-10-29,1635537600000,,14009.711693195368,5075.2917102852125,8934.419982910156,4,2
2021-11-01,1635796800000,,14095.087476825986,2359.077531910213,11736.009944915771,5,2
2021-11-02,1635883200000,,13813.127106535245,4138.09710394125,9675.030002593994,4,2
2021-11-03,1635969600000,,13818.47808528185,1476.93803096056,12341.540054321289,5,2
2021-11-04,1636056000000,,13880.238041641713,1476.93803096056,12403.300010681152,5,2
2021-11-05,1636142400000,,14402.628124954701,1476.93803096056,12925.69009399414,5,2
2021-11-08,1636405200000,,14286.497833969594,1476.93803096056,12809.559803009033,5,2
2021-11-09,1636491600000,,14283.827965500355,1476.93803096056,12806.889934539795,5,2
2021-11-10,1636578000000,,13999.068196060658,1476.93803096056,12522.130165100098,5,2
2021-11-11,1636664400000,,14016.69821620226,1476.93803096056,12539.7601852417,5,2
2021-11-12,1636750800000,,13922.051381085468,1455.721295331075,12466.330085754395,5,2
2021-11-15,1637010000000,,14082.991353009296,1455.721295331075,12627.270057678223,5,2
2021-11-16,1637096400000,,14050.311093304706,1455.721295331075,12594.589797973633,5,2
2021-11-17,1637182800000,,13997.171170209003,1455.721295331075,12541.44987487793,5,2
2021-11-18,1637269200000,,13922.086521779971,3998.3766218776295,9923.709899902344,4,1
2021-11-19,1637355600000,,13797.467131359865,1977.1569659545949,11820.310165405273,5,2
2021-11-22,1637614800000,,13683.046889050294,1977.1569659545949,11705.889923095703,5,2
2021-11-23,1637701200000,,13785.132136973036,4600.012153299939,9185.119983673096,4,1
2021-11-24,1637787600000,,13895.982771397394,2989.4327340133605,10906.550037384033,5,1
2021-11-26,1637960400000,,13356.576293502916,5543.926341568102,7812.649951934814,4,1
2021-11-29,1638219600000,,13557.036311660875,5543.926341568102,8013.109970092773,4,1
2021-11-30,1638306000000,,13307.651863492896,4816.731739438941,8490.920124053955,4,1
2021-12-01,1638392400000,,13220.269086336826,6957.869012331699,6262.400074005127,3,1
2021-12-02,1638478800000,,13256.982749804403,8433.06270585909,4823.9200439453125,2,1
2021-12-03,1638565200000,,13280.942832812216,8433.06270585909,4847.880126953125,2,1
2021-12-06,1638824400000,,13219.099885663629,1525.1999528023007,11693.899932861328,5,2
2021-12-07,1638910800000,,13508.069726667047,1525.1999528023007,11982.869773864746,5,2
2021-12-08,1638997200000,,13495.12989207232,1525.1999528023007,11969.92993927002,5,2
2021-12-09,1639083600000,,13363.950044355035,1525.1999528023007,11838.750091552734,5,2
2021-12-10,1639170000000,,13489.020105085016,1525.1999528023007,11963.820152282715,5,2
2021-12-13,1639429200000,,13432.970040998101,1525.1999528023007,11907.7700881958,5,2
2021-12-14,1639515600000,,13381.45013590777,1525.1999528023007,11856.250183105469,5,2
2021-12-15,1639602000000,,13663.179689130426,1525.1999528023007,12137.979736328125,5,2
2021-12-16,1639688400000,,13505.619950971246,1525.1999528023007,11980.419998168945,5,2
2021-12-17,1639774800000,,13484.09000559771,1525.1999528023007,11958.89005279541,5,2
2021-12-20,1640034000000,,13453.16994639361,1525.1999528023007,11927.969993591309,5,2
2021-12-21,1640120400000,,13370.866836208337,4236.286758083337,9134.580078125,4,2
2021-12-22,1640206800000,,13533.237839047943,1725.6280425238956,11807.609796524048,5,2
2021-12-23,1640293200000,,13535.228000943694,1725.6280425238956,11809.5999584198,5,2
2021-12-27,1640638800000,,13714.458023374114,1725.6280425238956,11988.82998085022,5,2
2021-12-28,1640725200000,,13650.707926099334,1725.6280425238956,11925.07988357544,5,2
2021-12-29,1640811600000,,13688.257980649505,1725.6280425238956,11962.62993812561,5,2
2021-12-30,1640898000000,,13687.608175580535,1725.6280425238956,11961.98013305664,5,2
2021-12-31,1640984400000,,13760.23787147287,1725.6280425238956,12034.609828948975,5,2
2022-01-03,1641243600000,,13856.587963407073,1725.6280425238956,12130.959920883179,5,2
2022-01-04,1641330000000,,13855.758066480194,1725.6280425238956,12130.130023956299,5,2
2022-01-05,1641416400000,,13666.518331830535,1725.6280425238956,11940.89028930664,5,2
2022-01-06,1641502800000,,13694.957983319793,1725.6280425238956,11969.329940795898,5,2
2022-01-07,1641589200000,,13618.207800214324,1725.6280425238956,11892.57975769043,5,2
2022-01-10,1641848400000,,13500.430129864137,798.3603361629644,12702.069793701172,5,2
2022-01-11,1641934800000,,13432.081117449083,3265.7011411764993,10166.379976272583,4,2
2022-01-12,1642021200000,,13463.778442196806,3351.318351559602,10112.460090637207,4,1
2022-01-13,1642107600000,,13381.695814492909,676.6056884553136,12705.090126037598,5,1
2022-01-14,1642194000000,,13514.47545850536,676.6056884553136,12837.869770050049,5,1
2022-01-18,1642539600000,,13312.945724847523,676.6056884553136,12636.340036392212,5,1
2022-01-19,1642626000000,,13160.218296038627,2592.4484176511755,10567.769878387451,4,1
2022-01-20,1642712400000,,13017.278530108451,2592.4484176511755,10424.830112457275,4,1
2022-01-21,1642798800000,,12952.53643478895,5158.306612630137,7794.2298221588135,3,1
2022-01-24,1643058000000,,12894.944257442507,12894.944257442507,0,0,0
2022-01-25,1643144400000,,12894.944257442507,12894.944257442507,0,0,0
2022-01-26,1643230800000,,12894.944257442507,12894.944257442507,0,0,0
2022-01-27,1643317200000,,12894.944257442507,12894.944257442507,0,0,0
2022-01-28,1643403600000,,12894.944257442507,12894.944257442507,0,0,0
2022-01-31,1643662800000,,12894.944257442507,12894.944257442507,0,0,0
2022-02-01,1643749200000,,12930.186216945958,858.0762163356071,12072.110000610352,5,2
2022-02-02,1643835600000,,13031.016256923986,858.0762163356071,12172.940040588379,5,2
2022-02-03,1643922000000,,13022.456125850988,858.0762163356071,12164.37990951538,5,2
2022-02-04,1644008400000,,13002.246225948644,858.0762163356071,12144.170009613037,5,2
2022-02-07,1644267600000,,13010.566176052404,858.0762163356071,12152.489959716797,5,2
2022-02-08,1644354000000,,12948.456167812657,858.0762163356071,12090.37995147705,5,2
2022-02-09,1644440400000,,12986.246180172277,858.0762163356071,12128.16996383667,5,2
2022-02-10,1644526800000,,12786.290225896111,3331.1601904957215,9455.13003540039,4,2
2022-02-11,1644613200000,,12893.125923796812,1395.4258734428079,11497.700050354004,5,2
2022-02-14,1644872400000,,12877.934754564576,12877.934754564576,0,0,0
2022-02-15,1644958800000,,12877.934754564576,12877.934754564576,0,0,0
2022-02-16,1645045200000,,13020.61148146814,3167.6917503280033,9852.919731140137,4,1
2022-02-17,1645131600000,,12905.86945433775,820.3133401409723,12085.556114196777,5,2
2022-02-18,1645218000000,,12866.006257074223,12866.006257074223,0,0,0
2022-02-22,1645563600000,,12866.006257074223,12866.006257074223,0,0,0
2022-02-23,1645650000000,,12866.006257074223,12866.006257074223,0,0,0
2022-02-24,1645736400000,,12866.006257074223,12866.006257074223,0,0,0
2022-02-25,1645822800000,,12866.006257074223,12866.006257074223,0,0,0
2022-02-28,1646082000000,,12866.006257074223,12866.006257074223,0,0,0
2022-03-01,1646168400000,,12866.006257074223,12866.006257074223,0,0,0
2022-03-02,1646254800000,,12866.006257074223,12866.006257074223,0,0,0
2022-03-03,1646341200000,,12866.006257074223,12866.006257074223,0,0,0
2022-03-04,1646427600000,,12866.006257074223,12866.006257074223,0,0,0
2022-03-07,1646686800000,,12866.006257074223,12866.006257074223,0,0,0
2022-03-08,1646773200000,,12866.006257074223,12866.006257074223,0,0,0
2022-03-09,1646859600000,,12866.006257074223,12866.006257074223,0,0,0
2022-03-10,1646946000000,,12866.006257074223,12866.006257074223,0,0,0
2022-03-11,1647032400000,,12866.006257074223,12866.006257074223,0,0,0
2022-03-14,1647288000000,,12866.006257074223,12866.006257074223,0,0,0
2022-03-15,1647374400000,,12866.006257074223,12866.006257074223,0,0,0
2022-03-16,1647460800000,,12866.006257074223,12866.006257074223,0,0,0
2022-03-17,1647547200000,,12866.006257074223,12866.006257074223,0,0,0
2022-03-18,1647633600000,,12866.006257074223,12866.006257074223,0,0,0
2022-03-21,1647892800000,,12866.006257074223,12866.006257074223,0,0,0
2022-03-22,1647979200000,,12866.006257074223,12866.006257074223,0,0,0
2022-03-23,1648065600000,,12805.790232576312,2027.4936665667901,10778.296566009521,5,2
2022-03-24,1648152000000,,12787.7019757355,12787.7019757355,0,0,0
2022-03-25,1648238400000,,13048.373046657198,2010.693084498996,11037.679962158203,5,2
2022-03-28,1648497600000,,12902.702956935518,2010.693084498996,10892.009872436523,5,2
2022-03-29,1648584000000,,12648.21611800444,3942.086227562548,8706.129890441895,4,1
2022-03-30,1648670400000,,12782.977361488765,1461.4573572163076,11321.520004272461,5,1
2022-03-31,1648756800000,,12737.047307777828,1461.4573572163076,11275.589950561523,5,1
2022-04-01,1648843200000,,12897.61718540234,1461.4573572163076,11436.159828186035,5,1
2022-04-04,1649102400000,,12829.687192726558,1461.4573572163076,11368.229835510254,5,1
2022-04-05,1649188800000,,12790.09731845898,1461.4573572163076,11328.639961242676,5,1
2022-04-06,1649275200000,,12927.687368202633,1461.4573572163076,11466.230010986328,5,1
2022-04-07,1649361600000,,12934.70541029118,12934.70541029118,0,0,0
2022-04-08,1649448000000,,12985.624657006905,835.0147822815611,12150.609874725342,5,2
2022-04-11,1649707200000,,13015.195447874361,13015.195447874361,0,0,0
2022-04-12,1649793600000,,13015.195447874361,13015.195447874361,0,0,0
2022-04-13,1649880000000,,13015.195447874361,13015.195447874361,0,0,0
2022-04-14,1649966400000,,13015.195447874361,13015.195447874361,0,0,0
2022-04-18,1650312000000,,13015.195447874361,13015.195447874361,0,0,0
2022-04-19,1650398400000,,13015.195447874361,13015.195447874361,0,0,0
2022-04-20,1650484800000,,13015.195447874361,13015.195447874361,0,0,0
2022-04-21,1650571200000,,13015.195447874361,13015.195447874361,0,0,0
2022-04-22,1650657600000,,13015.195447874361,13015.195447874361,0,0,0
2022-04-25,1650916800000,,13015.195447874361,13015.195447874361,0,0,0
2022-04-26,1651003200000,,13015.195447874361,13015.195447874361,0,0,0
2022-04-27,1651089600000,,13015.195447874361,13015.195447874361,0,0,0
2022-04-28,1651176000000,,13015.195447874361,13015.195447874361,0,0,0
2022-04-29,1651262400000,,13015.195447874361,13015.195447874361,0,0,0
2022-05-02,1651521600000,,13015.195447874361,13015.195447874361,0,0,0
2022-05-03,1651608000000,,13015.195447874361,13015.195447874361,0,0,0
2022-05-04,1651694400000,,13015.195447874361,13015.195447874361,0,0,0
2022-05-05,1651780800000,,13015.195447874361,13015.195447874361,0,0,0
2022-05-06,1651867200000,,13015.195447874361,13015.195447874361,0,0,0
2022-05-09,1652126400000,,13015.195447874361,13015.195447874361,0,0,0
2022-05-10,1652212800000,,13015.195447874361,13015.195447874361,0,0,0
2022-05-11,1652299200000,,13015.195447874361,13015.195447874361,0,0,0
2022-05-12,1652385600000,,13015.195447874361,13015.195447874361,0,0,0
2022-05-13,1652472000000,,13015.195447874361,13015.195447874361,0,0,0
2022-05-16,1652731200000,,13015.195447874361,13015.195447874361,0,0,0
2022-05-17,1652817600000,,13015.195447874361,13015.195447874361,0,0,0
2022-05-18,1652904000000,,13015.195447874361,13015.195447874361,0,0,0
2022-05-19,1652990400000,,13015.195447874361,13015.195447874361,0,0,0
2022-05-20,1653076800000,,13015.195447874361,13015.195447874361,0,0,0
2022-05-23,1653336000000,,13015.195447874361,13015.195447874361,0,0,0
2022-05-24,1653422400000,,13015.195447874361,13015.195447874361,0,0,0
2022-05-25,1653508800000,,13015.195447874361,13015.195447874361,0,0,0
2022-05-26,1653595200000,,13015.195447874361,13015.195447874361,0,0,0
2022-05-27,1653681600000,,13015.195447874361,13015.195447874361,0,0,0
2022-05-31,1654027200000,,13015.195447874361,13015.195447874361,0,0,0
2022-06-01,1654113600000,,13015.195447874361,13015.195447874361,0,0,0
2022-06-02,1654200000000,,13015.195447874361,13015.195447874361,0,0,0
2022-06-03,1654286400000,,13015.195447874361,13015.195447874361,0,0,0
2022-06-06,1654545600000,,13015.195447874361,13015.195447874361,0,0,0
2022-06-07,1654632000000,,13015.195447874361,13015.195447874361,0,0,0
2022-06-08,1654718400000,,13015.195447874361,13015.195447874361,0,0,0
2022-06-09,1654804800000,,13015.195447874361,13015.195447874361,0,0,0
2022-06-10,1654891200000,,13015.195447874361,13015.195447874361,0,0,0
2022-06-13,1655150400000,,13015.195447874361,13015.195447874361,0,0,0
2022-06-14,1655236800000,,13015.195447874361,13015.195447874361,0,0,0
2022-06-15,1655323200000,,13015.195447874361,13015.195447874361,0,0,0
2022-06-16,1655409600000,,13015.195447874361,13015.195447874361,0,0,0
2022-06-17,1655496000000,,13015.195447874361,13015.195447874361,0,0,0
2022-06-21,1655841600000,,13015.195447874361,13015.195447874361,0,0,0
2022-06-22,1655928000000,,13015.195447874361,13015.195447874361,0,0,0
2022-06-23,1656014400000,,13015.195447874361,13015.195447874361,0,0,0
2022-06-24,1656100800000,,13015.195447874361,13015.195447874361,0,0,0
2022-06-27,1656360000000,,13015.195447874361,13015.195447874361,0,0,0
2022-06-28,1656446400000,,13015.195447874361,13015.195447874361,0,0,0
2022-06-29,1656532800000,,13015.195447874361,13015.195447874361,0,0,0
2022-06-30,1656619200000,,13015.195447874361,13015.195447874361,0,0,0
2022-07-01,1656705600000,,13015.195447874361,13015.195447874361,0,0,0
2022-07-05,1657051200000,,13015.195447874361,13015.195447874361,0,0,0
2022-07-06,1657137600000,,13015.195447874361,13015.195447874361,0,0,0
2022-07-07,1657224000000,,13015.195447874361,13015.195447874361,0,0,0
2022-07-08,1657310400000,,13015.195447874361,13015.195447874361,0,0,0
2022-07-11,1657569600000,,13015.195447874361,13015.195447874361,0,0,0
2022-07-12,1657656000000,,13015.195447874361,13015.195447874361,0,0,0
2022-07-13,1657742400000,,13015.195447874361,13015.195447874361,0,0,0
2022-07-14,1657828800000,,13015.195447874361,13015.195447874361,0,0,0
2022-07-15,1657915200000,,13015.195447874361,13015.195447874361,0,0,0
2022-07-18,1658174400000,,13015.195447874361,13015.195447874361,0,0,0
2022-07-19,1658260800000,,13015.195447874361,13015.195447874361,0,0,0
2022-07-20,1658347200000,,13015.195447874361,13015.195447874361,0,0,0
2022-07-21,1658433600000,,13015.195447874361,13015.195447874361,0,0,0
2022-07-22,1658520000000,,13015.195447874361,13015.195447874361,0,0,0
2022-07-25,1658779200000,,13015.195447874361,13015.195447874361,0,0,0
2022-07-26,1658865600000,,13015.195447874361,13015.195447874361,0,0,0
2022-07-27,1658952000000,,13015.195447874361,13015.195447874361,0,0,0
2022-07-28,1659038400000,,13015.195447874361,13015.195447874361,0,0,0
2022-07-29,1659124800000,,13015.195447874361,13015.195447874361,0,0,0
2022-08-01,1659384000000,,13015.195447874361,13015.195447874361,0,0,0
2022-08-02,1659470400000,,13015.195447874361,13015.195447874361,0,0,0
2022-08-03,1659556800000,,13015.195447874361,13015.195447874361,0,0,0
2022-08-04,1659643200000,,13015.195447874361,13015.195447874361,0,0,0
2022-08-05,1659729600000,,13015.195447874361,13015.195447874361,0,0,0
2022-08-08,1659988800000,,13015.195447874361,13015.195447874361,0,0,0
2022-08-09,1660075200000,,13015.195447874361,13015.195447874361,0,0,0
2022-08-10,1660161600000,,13015.195447874361,13015.195447874361,0,0,0
2022-08-11,1660248000000,,13015.195447874361,13015.195447874361,0,0,0
2022-08-12,1660334400000,,13015.195447874361,13015.195447874361,0,0,0
2022-08-15,1660593600000,,13015.195447874361,13015.195447874361,0,0,0
2022-08-16,1660680000000,,13015.195447874361,13015.195447874361,0,0,0
2022-08-17,1660766400000,,13015.195447874361,13015.195447874361,0,0,0
2022-08-18,1660852800000,,13015.195447874361,13015.195447874361,0,0,0
2022-08-19,1660939200000,,13015.195447874361,13015.195447874361,0,0,0
2022-08-22,1661198400000,,13015.195447874361,13015.195447874361,0,0,0
2022-08-23,1661284800000,,13015.195447874361,13015.195447874361,0,0,0
2022-08-24,1661371200000,,13015.195447874361,13015.195447874361,0,0,0
2022-08-25,1661457600000,,13015.195447874361,13015.195447874361,0,0,0
2022-08-26,1661544000000,,13015.195447874361,13015.195447874361,0,0,0
2022-08-29,1661803200000,,13015.195447874361,13015.195447874361,0,0,0
2022-08-30,1661889600000,,13015.195447874361,13015.195447874361,0,0,0
2022-08-31,1661976000000,,13015.195447874361,13015.195447874361,0,0,0
2022-09-01,1662062400000,,13015.195447874361,13015.195447874361,0,0,0
2022-09-02,1662148800000,,13015.195447874361,13015.195447874361,0,0,0
2022-09-06,1662494400000,,13015.195447874361,13015.195447874361,0,0,0
2022-09-07,1662580800000,,13015.195447874361,13015.195447874361,0,0,0
2022-09-08,1662667200000,,13015.195447874361,13015.195447874361,0,0,0
2022-09-09,1662753600000,,13015.195447874361,13015.195447874361,0,0,0
2022-09-12,1663012800000,,13015.195447874361,13015.195447874361,0,0,0
2022-09-13,1663099200000,,13015.195447874361,13015.195447874361,0,0,0
2022-09-14,1663185600000,,13015.195447874361,13015.195447874361,0,0,0
2022-09-15,1663272000000,,13015.195447874361,13015.195447874361,0,0,0
2022-09-16,1663358400000,,13015.195447874361,13015.195447874361,0,0,0
2022-09-19,1663617600000,,13015.195447874361,13015.195447874361,0,0,0
2022-09-20,1663704000000,,13015.195447874361,13015.195447874361,0,0,0
2022-09-21,1663790400000,,13015.195447874361,13015.195447874361,0,0,0
2022-09-22,1663876800000,,13015.195447874361,13015.195447874361,0,0,0
2022-09-23,1663963200000,,13015.195447874361,13015.195447874361,0,0,0
2022-09-26,1664222400000,,13015.195447874361,13015.195447874361,0,0,0
2022-09-27,1664308800000,,13015.195447874361,13015.195447874361,0,0,0
2022-09-28,1664395200000,,13015.195447874361,13015.195447874361,0,0,0
2022-09-29,1664481600000,,13015.195447874361,13015.195447874361,0,0,0
2022-09-30,1664568000000,,13015.195447874361,13015.195447874361,0,0,0
2022-10-03,1664827200000,,13015.195447874361,13015.195447874361,0,0,0
2022-10-04,1664913600000,,13015.195447874361,13015.195447874361,0,0,0
2022-10-05,1665000000000,,13015.195447874361,13015.195447874361,0,0,0
2022-10-06,1665086400000,,13015.195447874361,13015.195447874361,0,0,0
2022-10-07,1665172800000,,13015.195447874361,13015.195447874361,0,0,0
2022-10-10,1665432000000,,13015.195447874361,13015.195447874361,0,0,0
2022-10-11,1665518400000,,13015.195447874361,13015.195447874361,0,0,0
2022-10-12,1665604800000,,13015.195447874361,13015.195447874361,0,0,0
2022-10-13,1665691200000,,13015.195447874361,13015.195447874361,0,0,0
2022-10-14,1665777600000,,13015.195447874361,13015.195447874361,0,0,0
2022-10-17,1666036800000,,13015.195447874361,13015.195447874361,0,0,0
2022-10-18,1666123200000,,13015.195447874361,13015.195447874361,0,0,0
2022-10-19,1666209600000,,13015.195447874361,13015.195447874361,0,0,0
2022-10-20,1666296000000,,13015.195447874361,13015.195447874361,0,0,0
2022-10-21,1666382400000,,13015.195447874361,13015.195447874361,0,0,0
2022-10-24,1666641600000,,13015.195447874361,13015.195447874361,0,0,0
2022-10-25,1666728000000,,13015.195447874361,13015.195447874361,0,0,0
2022-10-26,1666814400000,,13015.195447874361,13015.195447874361,0,0,0
2022-10-27,1666900800000,,13015.195447874361,13015.195447874361,0,0,0
2022-10-28,1666987200000,,13015.195447874361,13015.195447874361,0,0,0
2022-10-31,1667246400000,,13015.195447874361,13015.195447874361,0,0,0
2022-11-01,1667332800000,,13015.195447874361,13015.195447874361,0,0,0
2022-11-02,1667419200000,,13015.195447874361,13015.195447874361,0,0,0
2022-11-03,1667505600000,,13015.195447874361,13015.195447874361,0,0,0
2022-11-04,1667592000000,,13015.195447874361,13015.195447874361,0,0,0
2022-11-07,1667854800000,,13015.195447874361,13015.195447874361,0,0,0
2022-11-08,1667941200000,,13015.195447874361,13015.195447874361,0,0,0
2022-11-09,1668027600000,,13015.195447874361,13015.195447874361,0,0,0
2022-11-10,1668114000000,,13015.195447874361,13015.195447874361,0,0,0
2022-11-11,1668200400000,,13015.195447874361,13015.195447874361,0,0,0
2022-11-14,1668459600000,,13015.195447874361,13015.195447874361,0,0,0
2022-11-15,1668546000000,,13015.195447874361,13015.195447874361,0,0,0
2022-11-16,1668632400000,,13015.195447874361,13015.195447874361,0,0,0
2022-11-17,1668718800000,,13015.195447874361,13015.195447874361,0,0,0
2022-11-18,1668805200000,,13015.195447874361,13015.195447874361,0,0,0
2022-11-21,1669064400000,,13015.195447874361,13015.195447874361,0,0,0
2022-11-22,1669150800000,,13015.195447874361,13015.195447874361,0,0,0
2022-11-23,1669237200000,,13015.195447874361,13015.195447874361,0,0,0
2022-11-25,1669410000000,,13015.195447874361,13015.195447874361,0,0,0
2022-11-28,1669669200000,,13015.195447874361,13015.195447874361,0,0,0
2022-11-29,1669755600000,,13015.195447874361,13015.195447874361,0,0,0
2022-11-30,1669842000000,,13015.195447874361,13015.195447874361,0,0,0
2022-12-01,1669928400000,,12937.209638645549,1268.4648838542898,11668.74475479126,5,2
2022-12-02,1670014800000,,13009.727487614055,1268.4648838542898,11741.262603759766,5,2
2022-12-05,1670274000000,,12834.408319523234,1268.4648838542898,11565.943435668945,5,2
2022-12-06,1670360400000,,12828.606062056295,12828.606062056295,0,0,0
2022-12-07,1670446800000,,12828.606062056295,12828.606062056295,0,0,0
2022-12-08,1670533200000,,12828.606062056295,12828.606062056295,0,0,0
2022-12-09,1670619600000,,12828.606062056295,12828.606062056295,0,0,0
2022-12-12,1670878800000,,12828.606062056295,12828.606062056295,0,0,0
2022-12-13,1670965200000,,12828.606062056295,12828.606062056295,0,0,0
2022-12-14,1671051600000,,12828.606062056295,12828.606062056295,0,0,0
2022-12-15,1671138000000,,12828.606062056295,12828.606062056295,0,0,0
2022-12-16,1671224400000,,12828.606062056295,12828.606062056295,0,0,0
2022-12-19,1671483600000,,12828.606062056295,12828.606062056295,0,0,0
2022-12-20,1671570000000,,12828.606062056295,12828.606062056295,0,0,0
2022-12-21,1671656400000,,12828.606062056295,12828.606062056295,0,0,0
2022-12-22,1671742800000,,12828.606062056295,12828.606062056295,0,0,0
2022-12-23,1671829200000,,12828.606062056295,12828.606062056295,0,0,0
2022-12-27,1672174800000,,12828.606062056295,12828.606062056295,0,0,0
2022-12-28,1672261200000,,12828.606062056295,12828.606062056295,0,0,0
2022-12-29,1672347600000,,12828.606062056295,12828.606062056295,0,0,0
2022-12-30,1672434000000,,12828.606062056295,12828.606062056295,0,0,0
2023-01-03,1672779600000,,12828.606062056295,12828.606062056295,0,0,0
2023-01-04,1672866000000,,12828.606062056295,12828.606062056295,0,0,0
2023-01-05,1672952400000,,12828.606062056295,12828.606062056295,0,0,0
2023-01-06,1673038800000,,12828.606062056295,12828.606062056295,0,0,0
2023-01-09,1673298000000,,12828.606062056295,12828.606062056295,0,0,0
2023-01-10,1673384400000,,12828.606062056295,12828.606062056295,0,0,0
2023-01-11,1673470800000,,12828.606062056295,12828.606062056295,0,0,0
2023-01-12,1673557200000,,12828.606062056295,12828.606062056295,0,0,0
2023-01-13,1673643600000,,12828.606062056295,12828.606062056295,0,0,0
2023-01-17,1673989200000,,12786.374520628819,711.1210034779406,12075.253517150879,5,2
2023-01-18,1674075600000,,12686.7879117421,711.1210034779406,11975.66690826416,5,2
2023-01-19,1674162000000,,12601.889912532848,12601.889912532848,0,0,0
2023-01-20,1674248400000,,12601.889912532848,12601.889912532848,0,0,0
2023-01-23,1674507600000,,12601.889912532848,12601.889912532848,0,0,0
2023-01-24,1674594000000,,12539.727258389961,1921.0872246680383,10618.640033721924,5,2
2023-01-25,1674680400000,,12340.811554310785,3083.9714320878857,9256.8401222229,4,2
2023-01-26,1674766800000,,12534.06599522242,606.5559778273991,11927.51001739502,5,2
2023-01-27,1674853200000,,12500.695767408699,606.5559778273991,11894.139789581299,5,2
2023-01-30,1675112400000,,12394.335968977302,606.5559778273991,11787.779991149902,5,2
2023-01-31,1675198800000,,12540.026017195076,606.5559778273991,11933.470039367676,5,2
2023-02-01,1675285200000,,12643.6158266128,606.5559778273991,12037.0598487854,5,2
2023-02-02,1675371600000,,12595.76480444571,2990.114692293609,9605.6501121521,4,2
2023-02-03,1675458000000,,12490.077179471049,510.6571507845247,11979.420028686523,5,2
2023-02-06,1675717200000,,12311.843634599549,2364.8136510790405,9947.029983520508,4,2
2023-02-07,1675803600000,,12358.190209694214,29.68021900207532,12328.509990692139,5,2
2023-02-08,1675890000000,,12196.709958381958,29.68021900207532,12167.029739379883,5,2
2023-02-09,1675976400000,,12313.970269508667,29.68021900207532,12284.290050506592,5,2
2023-02-10,1676062800000,,12214.820157356568,29.68021900207532,12185.139938354492,5,2
2023-02-13,1676322000000,,12357.370309181519,29.68021900207532,12327.690090179443,5,2
2023-02-14,1676408400000,,12341.76002628357,29.68021900207532,12312.079807281494,5,2
2023-02-15,1676494800000,,12398.220288582153,29.68021900207532,12368.540069580078,5,2
2023-02-16,1676581200000,,12354.340203590698,29.68021900207532,12324.659984588623,5,2
2023-02-17,1676667600000,,12348.680474586792,29.68021900207532,12319.000255584717,5,2
2023-02-21,1677013200000,,12090.040177650757,29.68021900207532,12060.359958648682,5,2
2023-02-22,1677099600000,,12141.270016975708,29.68021900207532,12111.589797973633,5,2
2023-02-23,1677186000000,,12108.269391120075,2290.889309943317,9817.380081176758,4,2
2023-02-24,1677272400000,,11997.17536234727,4714.615395306255,7282.559967041016,3,1
2023-02-27,1677531600000,,11950.665342190743,711.7154558687212,11238.949886322021,5,1
2023-02-28,1677618000000,,12034.195505002022,711.7154558687212,11322.4800491333,5,1
2023-03-01,1677704400000,,12169.585473874093,711.7154558687212,11457.870018005371,5,1
2023-03-02,1677790800000,,12262.305375912667,711.7154558687212,11550.589920043945,5,1
2023-03-03,1677877200000,,12414.315381863595,711.7154558687212,11702.599925994873,5,1
2023-03-06,1678136400000,,12362.805326321602,711.7154558687212,11651.08987045288,5,1
2023-03-07,1678222800000,,12223.865579464913,711.7154558687212,11512.150123596191,5,1
2023-03-08,1678309200000,,12176.929282949022,3136.049228475146,9040.880054473877,4,1
2023-03-09,1678395600000,,11892.8989067483,1274.31397251368,10618.58493423462,5,1
2023-03-10,1678482000000,,11849.770465611786,11849.770465611786,0,0,0
2023-03-13,1678737600000,,11849.770465611786,11849.770465611786,0,0,0
2023-03-14,1678824000000,,11849.770465611786,11849.770465611786,0,0,0
2023-03-15,1678910400000,,11849.770465611786,11849.770465611786,0,0,0
2023-03-16,1678996800000,,11849.770465611786,11849.770465611786,0,0,0
2023-03-17,1679083200000,,11803.248220456462,6695.6181430944025,5107.630077362061,3,2
2023-03-20,1679342400000,,11795.95396283895,11795.95396283895,0,0,0
2023-03-21,1679428800000,,11759.528955492347,8288.20891765055,3471.320037841797,2,1
2023-03-22,1679515200000,,11597.282348689705,3949.282325801521,7648.000022888184,4,2
2023-03-23,1679601600000,,11668.856975918763,11668.856975918763,0,0,0
2023-03-24,1679688000000,,11697.393870179601,7852.7438114332635,3844.650058746338,2,1
2023-03-27,1679947200000,,11745.649691163833,3325.1496949785283,8420.499996185303,4,2
2023-03-28,1680033600000,,11813.183544057389,997.7038763938117,10815.479667663574,5,2
2023-03-29,1680120000000,,11869.643916982193,997.7038763938117,10871.940040588379,5,2
2023-03-30,1680206400000,,11851.16389836647,997.7038763938117,10853.460021972656,5,2
2023-03-31,1680292800000,,11964.313854115982,997.7038763938117,10966.609977722168,5,2
2023-04-03,1680552000000,,12017.99397649147,997.7038763938117,11020.290100097656,5,2
2023-04-04,1680638400000,,12022.063869374771,997.7038763938117,11024.359992980957,5,2
2023-04-05,1680724800000,,12009.223865407486,997.7038763938117,11011.519989013672,5,2
2023-04-06,1680811200000,,12012.003688710709,997.7038763938117,11014.299812316895,5,2
2023-04-10,1681156800000,,12042.35402287819,997.7038763938117,11044.650146484375,5,2
2023-04-11,1681243200000,,12058.153888600846,997.7038763938117,11060.450012207031,5,2
2023-04-12,1681329600000,,12071.113765615006,997.7038763938117,11073.409889221191,5,2
2023-04-13,1681416000000,,12154.253818410416,997.7038763938117,11156.549942016602,5,2
2023-04-14,1681502400000,,12116.90389623024,997.7038763938117,11119.200019836426,5,2
2023-04-17,1681761600000,,12134.323825734635,997.7038763938117,11136.61994934082,5,2
2023-04-18,1681848000000,,12137.043910878678,997.7038763938117,11139.340034484863,5,2
2023-04-19,1681934400000,,12107.763805287857,997.7038763938117,11110.059928894043,5,2
2023-04-20,1682020800000,,12121.734020131607,997.7038763938117,11124.030143737793,5,2
2023-04-21,1682107200000,,12146.153819936295,997.7038763938117,11148.44994354248,5,2
2023-04-24,1682366400000,,12142.863849538346,997.7038763938117,11145.159973144531,5,2
2023-04-25,1682452800000,,12039.801771212904,2588.5717754853645,9451.229995727539,4,2
2023-04-26,1682539200000,,12012.376972564542,191.90694082625896,11820.470031738281,5,2
2023-04-27,1682625600000,,12234.538752831315,2398.1989395988903,9836.339813232422,4,2
2023-04-28,1682712000000,,12411.287599656605,244.95736131431795,12166.330238342285,5,2
2023-05-01,1682971200000,,12411.647394273305,244.95736131431795,12166.690032958984,5,2
2023-05-02,1683057600000,,12380.147165391469,244.95736131431795,12135.189804077148,5,2
2023-05-03,1683144000000,,12372.707132432484,244.95736131431795,12127.749771118164,5,2
2023-05-04,1683230400000,,12328.017770860219,244.95736131431795,12083.060409545898,5,2
2023-05-05,1683316800000,,12381.647005174184,244.95736131431795,12136.689643859863,5,2
2023-05-08,1683576000000,,12444.247217271351,244.95736131431795,12199.289855957031,5,2
2023-05-09,1683662400000,,12432.38730058434,244.95736131431795,12187.42993927002,5,2
2023-05-10,1683748800000,,12448.727426621937,244.95736131431795,12203.770065307617,5,2
2023-05-11,1683835200000,,12524.967470262074,244.95736131431795,12280.010108947754,5,2
2023-05-12,1683921600000,,12540.337061021351,244.95736131431795,12295.379699707031,5,2
2023-05-15,1684180800000,,12542.11760148766,244.95736131431795,12297.16024017334,5,2
2023-05-16,1684267200000,,12549.527551744008,244.95736131431795,12304.570190429688,5,2
2023-05-17,1684353600000,,12578.957521531605,244.95736131431795,12334.000160217285,5,2
2023-05-18,1684440000000,,12841.467416856312,244.95736131431795,12596.510055541992,5,2
2023-05-19,1684526400000,,12776.397295091176,244.95736131431795,12531.439933776855,5,2
2023-05-22,1684785600000,,12697.127611253285,244.95736131431795,12452.170249938965,5,2
2023-05-23,1684872000000,,12499.218097376328,2582.617946314318,9916.600151062012,4,1
2023-05-24,1684958400000,,12506.528506114044,126.98025019363604,12379.54825592041,5,1
2023-05-25,1685044800000,,12775.050059153595,126.98025019363604,12648.069808959961,5,1
2023-05-26,1685131200000,,13139.808344676056,126.98025019363604,13012.828094482422,5,1
2023-05-30,1685476800000,,13136.829903233032,2579.395973789671,10557.43392944336,4,1
2023-05-31,1685563200000,,13021.842509268366,326.32865428789546,12695.513854980469,5,2
2023-06-01,1685649600000,,13189.908789633357,326.32865428789546,12863.580135345459,5,2
2023-06-02,1685736000000,,13328.677252768122,326.32865428789546,13002.348598480225,5,2
2023-06-05,1685995200000,,13291.045813559138,326.32865428789546,12964.71715927124,5,2
2023-06-06,1686081600000,,13303.226466177546,326.32865428789546,12976.897811889648,5,2
2023-06-07,1686168000000,,13095.401667593562,326.32865428789546,12769.073013305664,5,2
2023-06-08,1686254400000,,13207.868445395075,326.32865428789546,12881.539791107178,5,2
2023-06-09,1686340800000,,13224.71057033404,326.32865428789546,12898.381916046143,5,2
2023-06-12,1686600000000,,13574.928702353083,326.32865428789546,13248.600048065186,5,2
2023-06-13,1686686400000,,13679.784750937068,326.32865428789546,13353.45609664917,5,2
2023-06-14,1686772800000,,13900.685549734675,326.32865428789546,13574.356895446777,5,2
2023-06-15,1686859200000,,13998.407595633113,326.32865428789546,13672.078941345215,5,2
2023-06-16,1686945600000,,13926.798663137995,326.32865428789546,13600.470008850098,5,2
2023-06-20,1687291200000,,14086.462298391902,326.32865428789546,13760.133644104004,5,2
2023-06-21,1687377600000,,14017.299708365046,326.32865428789546,13690.971054077148,5,2
2023-06-22,1687464000000,,14046.871859549128,326.32865428789546,13720.54320526123,5,2
2023-06-23,1687550400000,,13966.621554373347,326.32865428789546,13640.29290008545,5,2
2023-06-26,1687809600000,,13770.760642050349,326.32865428789546,13444.431987762451,5,2
2023-06-27,1687896000000,,14109.100420950495,326.32865428789546,13782.771766662598,5,2
2023-06-28,1687982400000,,14036.551733969294,326.32865428789546,13710.223079681396,5,2
2023-06-29,1688068800000,,14041.36475658282,326.32865428789546,13715.036102294922,5,2
2023-06-30,1688155200000,,14235.990492819392,326.32865428789546,13909.661838531494,5,2
2023-07-03,1688414400000,,14220.963385580622,326.32865428789546,13894.634731292725,5,2
2023-07-05,1688587200000,,14239.543612478816,326.32865428789546,13913.214958190918,5,2
2023-07-06,1688673600000,,14028.359869955622,326.32865428789546,13702.031215667725,5,2
2023-07-07,1688760000000,,14007.69963359698,326.32865428789546,13681.370979309082,5,2
2023-07-10,1689019200000,,14289.65674877032,326.32865428789546,13963.328094482422,5,2
2023-07-11,1689105600000,,14395.043604849421,326.32865428789546,14068.714950561523,5,2
2023-07-12,1689192000000,,14677.742861746394,326.32865428789546,14351.414207458496,5,2
2023-07-13,1689278400000,,14851.553908346736,326.32865428789546,14525.225254058838,5,2
2023-07-14,1689364800000,,14946.12983226641,326.32865428789546,14619.801177978516,5,2
2023-07-17,1689624000000,,15070.025477408015,326.32865428789546,14743.696823120117,5,2
2023-07-18,1689710400000,,15121.344542502009,326.32865428789546,14795.015888214111,5,2
2023-07-19,1689796800000,,15081.659628866755,326.32865428789546,14755.330974578857,5,2
2023-07-20,1689883200000,,14628.632414816462,326.32865428789546,14302.303760528564,5,2
2023-07-21,1689969600000,,14534.391589163386,326.32865428789546,14208.062934875488,5,2
2023-07-24,1690228800000,,14513.836375235163,326.32865428789546,14187.507720947266,5,2
2023-07-25,1690315200000,,14857.005717276179,326.32865428789546,14530.677062988281,5,2
2023-07-26,1690401600000,,14805.0068044649,326.32865428789546,14478.678150177002,5,2
2023-07-27,1690488000000,,14888.206576346003,326.32865428789546,14561.877922058105,5,2
2023-07-28,1690574400000,,15133.502627371394,326.32865428789546,14807.173973083496,5,2
2023-07-31,1690833600000,,15043.33159541949,326.32865428789546,14717.002941131592,5,2
2023-08-01,1690920000000,,15167.437560080134,326.32865428789546,14841.108905792236,5,2
2023-08-02,1691006400000,,14812.211730002009,326.32865428789546,14485.883075714111,5,2
2023-08-03,1691092800000,,14739.891489981257,326.32865428789546,14413.56283569336,5,2
2023-08-04,1691179200000,,14791.74869823321,326.32865428789546,14465.420043945312,5,2
2023-08-07,1691438400000,,15025.223673819148,326.32865428789546,14698.89501953125,5,2
2023-08-08,1691524800000,,14853.834719992243,3132.4803575044484,11721.354362487793,4,2
2023-08-09,1691611200000,,14572.884183757433,3309.746206157334,11263.137977600098,4,1
2023-08-10,1691697600000,,14446.393317796112,15.893432237030083,14430.499885559082,5,1
2023-08-11,1691784000000,,14453.543220139862,15.893432237030083,14437.649787902832,5,1
2023-08-14,1692043200000,,14533.283500291229,15.893432237030083,14517.3900680542,5,1
2023-08-15,1692129600000,,14412.9234691633,15.893432237030083,14397.03003692627,5,1
2023-08-16,1692216000000,,14195.783355332733,15.893432237030083,14179.889923095703,5,1
2023-08-17,1692302400000,,14010.309261087787,2607.9992711585846,11402.3099899292,4,1
2023-08-18,1692388800000,,14099.641151804748,37.82096900445504,14061.820182800293,5,2
2023-08-21,1692648000000,,14137.864418885169,2892.104588410316,11245.759830474854,4,2
2023-08-22,1692734400000,,14086.044796845374,2892.104588410316,11193.940208435059,4,2
2023-08-23,1692820800000,,14084.137325605141,662.9972689950328,13421.140056610107,5,2
2023-08-24,1692907200000,,13940.234327909222,3311.9942575662058,10628.240070343018,4,2
2023-08-25,1692993600000,,13980.638364873397,533.9182301382925,13446.720134735107,5,2
2023-08-28,1693252800000,,14028.81834229039,533.9182301382925,13494.9001121521,5,2
2023-08-29,1693339200000,,14154.298353276718,533.9182301382925,13620.380123138428,5,2
2023-08-30,1693425600000,,14183.108259282577,533.9182301382925,13649.190029144287,5,2
2023-08-31,1693512000000,,14203.008234105575,533.9182301382925,13669.090003967285,5,2
2023-09-01,1693598400000,,14341.178175054061,533.9182301382925,13807.259944915771,5,2
2023-09-05,1693944000000,,14230.098264775741,533.9182301382925,13696.180034637451,5,2
2023-09-06,1694030400000,,14212.118246160018,533.9182301382925,13678.200016021729,5,2
2023-09-07,1694116800000,,14348.64827927159,533.9182301382925,13814.7300491333,5,2
2023-09-08,1694203200000,,14375.768129430282,533.9182301382925,13841.849899291992,5,2
2023-09-11,1694462400000,,14484.49833496617,533.9182301382925,13950.58010482788,5,2
2023-09-12,1694548800000,,14412.188051305282,533.9182301382925,13878.269821166992,5,2
2023-09-13,1694635200000,,14388.898271642196,533.9182301382925,13854.980041503906,5,2
2023-09-14,1694721600000,,14479.747907720077,533.9182301382925,13945.829677581787,5,2
2023-09-15,1694808000000,,14306.978174291122,533.9182301382925,13773.059944152832,5,2
2023-09-18,1695067200000,,14330.54828079747,533.9182301382925,13796.63005065918,5,2
2023-09-19,1695153600000,,14332.498380742538,533.9182301382925,13798.580150604248,5,2
2023-09-20,1695240000000,,14359.878313146102,533.9182301382925,13825.960083007812,5,2
2023-09-21,1695326400000,,14009.22583728721,2488.085670050884,11521.140167236328,4,1
2023-09-22,1695412800000,,13985.904588953963,5207.424364344589,8778.480224609375,3,1
2023-09-25,1695672000000,,14030.984209315291,5207.424364344589,8823.559844970703,3,1
2023-09-26,1695758400000,,13848.732383462579,116.5473019806459,13732.185081481934,5,1
2023-09-27,1695844800000,,13985.037170144707,116.5473019806459,13868.489868164062,5,1
2023-09-28,1695931200000,,13893.642348977715,116.5473019806459,13777.09504699707,5,1
2023-09-29,1696017600000,,13858.287399026543,116.5473019806459,13741.740097045898,5,1
2023-10-02,1696276800000,,13655.788118187866,5302.772973839721,8353.015144348145,3,1
2023-10-03,1696363200000,,13511.171269896595,5237.731282713978,8273.439987182617,3,2
2023-10-04,1696449600000,,13609.55611181554,5237.731282713978,8371.824829101562,3,2
2023-10-05,1696536000000,,13537.608423855763,2662.5181070833014,10875.090316772461,4,2
2023-10-06,1696622400000,,13681.335192143957,423.13043445352514,13258.20475769043,5,2
2023-10-09,1696881600000,,13862.515528142492,423.13043445352514,13439.385093688965,5,2
2023-10-10,1696968000000,,13911.755571782629,423.13043445352514,13488.625137329102,5,2
2023-10-11,1697054400000,,14078.145388066809,423.13043445352514,13655.014953613281,5,2
2023-10-12,1697140800000,,14014.3056969047,423.13043445352514,13591.175262451172,5,2
2023-10-13,1697227200000,,13916.820490300695,423.13043445352514,13493.690055847168,5,2
2023-10-16,1697486400000,,14000.360292851965,423.13043445352514,13577.229858398438,5,2
2023-10-17,1697572800000,,14050.890650212805,423.13043445352514,13627.760215759277,5,2
2023-10-18,1697659200000,,13909.585245549719,423.13043445352514,13486.454811096191,5,2
2023-10-19,1697745600000,,13708.845301091711,423.13043445352514,13285.714866638184,5,2
2023-10-20,1697832000000,,13457.34385092455,2578.068910433826,10879.274940490723,4,2
2023-10-23,1698091200000,,13390.128748653524,13390.128748653524,0,0,0
2023-10-24,1698177600000,,13390.128748653524,13390.128748653524,0,0,0
2023-10-25,1698264000000,,13358.767850466966,8175.197610446213,5183.570240020752,2,1
2023-10-26,1698350400000,,13358.890051598562,13358.890051598562,0,0,0
2023-10-27,1698436800000,,13358.890051598562,13358.890051598562,0,0,0
2023-10-30,1698696000000,,13358.890051598562,13358.890051598562,0,0,0
2023-10-31,1698782400000,,13358.890051598562,13358.890051598562,0,0,0
2023-11-01,1698868800000,,13358.890051598562,13358.890051598562,0,0,0
2023-11-02,1698955200000,,13358.890051598562,13358.890051598562,0,0,0
2023-11-03,1699041600000,,13246.385715579634,845.205539798384,12401.18017578125,5,2
2023-11-06,1699304400000,,13349.56397623914,3297.3036765565203,10052.260299682617,4,2
2023-11-07,1699390800000,,13228.28162433549,683.3417287056063,12544.939895629883,5,2
2023-11-08,1699477200000,,13259.211708564006,683.3417287056063,12575.869979858398,5,2
2023-11-09,1699563600000,,13208.241997260295,683.3417287056063,12524.900268554688,5,2
2023-11-10,1699650000000,,13257.301674384318,683.3417287056063,12573.959945678711,5,2
2023-11-13,1699909200000,,13363.961876410685,683.3417287056063,12680.620147705078,5,2
2023-11-14,1699995600000,,13371.721870917521,683.3417287056063,12688.380142211914,5,2
2023-11-15,1700082000000,,13245.269488553795,3214.5495178506694,10030.719970703125,4,2
2023-11-16,1700168400000,,13319.627224056754,640.3171807217936,12679.310043334961,5,2
2023-11-17,1700254800000,,13333.877361385856,640.3171807217936,12693.560180664062,5,2
2023-11-20,1700514000000,,13308.31707391027,640.3171807217936,12667.999893188477,5,2
2023-11-21,1700600400000,,13217.327251522574,640.3171807217936,12577.010070800781,5,2
2023-11-22,1700686800000,,13404.517376034293,640.3171807217936,12764.2001953125,5,2
2023-11-24,1700859600000,,13417.937206356559,640.3171807217936,12777.620025634766,5,2
2023-11-27,1701118800000,,13558.637096493278,640.3171807217936,12918.319915771484,5,2
2023-11-28,1701205200000,,13507.427242367301,640.3171807217936,12867.110061645508,5,2
2023-11-29,1701291600000,,13475.21696099523,640.3171807217936,12834.899780273438,5,2
2023-11-30,1701378000000,,13702.047145931754,640.3171807217936,13061.729965209961,5,2
2023-12-01,1701464400000,,13807.897014706168,640.3171807217936,13167.579833984375,5,2
2023-12-04,1701723600000,,13904.917125790153,640.3171807217936,13264.59994506836,5,2
2023-12-05,1701810000000,,13920.257152645621,640.3171807217936,13279.939971923828,5,2
2023-12-06,1701896400000,,13666.997538412223,3037.917780721794,10629.07975769043,4,2
2023-12-07,1701982800000,,13733.160828807686,409.0309154776078,13324.129913330078,5,2
2023-12-08,1702069200000,,13774.140794017647,409.0309154776078,13365.109878540039,5,2
2023-12-11,1702328400000,,13802.591035106514,409.0309154776078,13393.560119628906,5,2
2023-12-12,1702414800000,,13912.420991161202,409.0309154776078,13503.390075683594,5,2
2023-12-13,1702501200000,,14018.010758617256,409.0309154776078,13608.979843139648,5,2
2023-12-14,1702587600000,,13815.34451285014,3033.504463106488,10781.840049743652,4,2
2023-12-15,1702674000000,,13858.18964971652,356.8597928439608,13501.329856872559,5,2
2023-12-18,1702933200000,,13875.999586239957,356.8597928439608,13519.139793395996,5,2
2023-12-19,1703019600000,,13991.830137387418,356.8597928439608,13634.970344543457,5,2
2023-12-20,1703106000000,,13883.349798337125,356.8597928439608,13526.490005493164,5,2
2023-12-21,1703192400000,,14013.319799557828,356.8597928439608,13656.460006713867,5,2
2023-12-22,1703278800000,,13995.44997228732,356.8597928439608,13638.59017944336,5,2
2023-12-26,1703624400000,,14075.059957638883,356.8597928439608,13718.200164794922,5,2
2023-12-27,1703710800000,,14114.449712887907,356.8597928439608,13757.589920043945,5,2
2023-12-28,1703797200000,,14173.689672604703,356.8597928439608,13816.829879760742,5,2
2023-12-29,1703883600000,,14113.659811154508,356.8597928439608,13756.800018310547,5,2
2024-01-02,1704229200000,,13947.689687863493,356.8597928439608,13590.829895019531,5,2
2024-01-03,1704315600000,,13809.2161754835,2896.5462764966833,10912.669898986816,4,2
2024-01-04,1704402000000,,13752.643343758626,3032.2532146692683,10720.390129089355,4,2
2024-01-05,1704488400000,,13811.686887516727,2927.106885685672,10884.580001831055,4,2
2024-01-08,1704747600000,,13844.875842814601,194.17589927212066,13650.69994354248,5,2
2024-01-09,1704834000000,,13771.484251990045,2839.9242773196356,10931.55997467041,4,2
2024-01-10,1704920400000,,13673.112254011912,501.1923397663063,13171.919914245605,5,2
2024-01-11,1705006800000,,13614.26718764019,3064.027533099174,10550.239654541016,4,2
2024-01-12,1705093200000,,13669.619854057732,619.344692314567,13050.275161743164,5,2
2024-01-16,1705438800000,,13708.50970085949,619.344692314567,13089.165008544922,5,2
2024-01-17,1705525200000,,13697.659786308708,619.344692314567,13078.31509399414,5,2
2024-01-18,1705611600000,,13766.61956414074,619.344692314567,13147.274871826172,5,2
2024-01-19,1705698000000,,14020.474666679802,619.344692314567,13401.129974365234,5,2
2024-01-22,1705957200000,,14149.334621513786,619.344692314567,13529.989929199219,5,2
2024-01-23,1706043600000,,14087.019527519646,619.344692314567,13467.674835205078,5,2
2024-01-24,1706130000000,,14086.50465020031,619.344692314567,13467.159957885742,5,2
2024-01-25,1706216400000,,14248.214565361443,619.344692314567,13628.869873046875,5,2
2024-01-26,1706302800000,,14087.51946648449,619.344692314567,13468.174774169922,5,2
2024-01-29,1706562000000,,14180.599910820427,619.344692314567,13561.25521850586,5,2
2024-01-30,1706648400000,,14169.879863823357,619.344692314567,13550.535171508789,5,2
2024-01-31,1706734800000,,14009.99456414074,619.344692314567,13390.649871826172,5,2
2024-02-01,1706821200000,,14397.46966179699,619.344692314567,13778.124969482422,5,2
2024-02-02,1706907600000,,14596.5096856007,619.344692314567,13977.164993286133,5,2
2024-02-05,1707166800000,,14438.269558037224,619.344692314567,13818.924865722656,5,2
2024-02-06,1707253200000,,14436.959697807732,619.344692314567,13817.615005493164,5,2
2024-02-07,1707339600000,,14642.374660576286,619.344692314567,14023.029968261719,5,2
2024-02-08,1707426000000,,14730.564678276482,619.344692314567,14111.219985961914,5,2
2024-02-09,1707512400000,,14782.694667900505,619.344692314567,14163.349975585938,5,2
2024-02-12,1707771600000,,14588.609859550896,619.344692314567,13969.265167236328,5,2
2024-02-13,1707858000000,,14635.724666679802,619.344692314567,14016.379974365234,5,2
2024-02-14,1707944400000,,14850.279613579216,619.344692314567,14230.934921264648,5,2
2024-02-15,1708030800000,,14928.614605034294,619.344692314567,14309.269912719727,5,2
2024-02-16,1708117200000,,14874.60491570324,619.344692314567,14255.260223388672,5,2
2024-02-20,1708462800000,,14775.43969353527,619.344692314567,14156.095001220703,5,2
2024-02-21,1708549200000,,14380.4408052549,146.82081013771403,14233.619995117188,5,2
2024-02-22,1708635600000,,14623.060891924822,146.82081013771403,14476.24008178711,5,2
2024-02-23,1708722000000,,14629.540780840838,146.82081013771403,14482.719970703125,5,2
2024-02-26,1708981200000,,14714.800912676776,146.82081013771403,14567.980102539062,5,2
2024-02-27,1709067600000,,14935.680826006854,146.82081013771403,14788.86001586914,5,2
2024-02-28,1709154000000,,15114.000802813494,146.82081013771403,14967.179992675781,5,2
2024-02-29,1709240400000,,15234.001092730487,146.82081013771403,15087.180282592773,5,2
2024-03-01,1709326800000,,15247.500650225604,146.82081013771403,15100.67984008789,5,2
2024-03-04,1709586000000,,15515.231042681658,146.82081013771403,15368.410232543945,5,2
2024-03-05,1709672400000,,15705.270868121112,146.82081013771403,15558.450057983398,5,2
2024-03-06,1709758800000,,15998.540658770526,146.82081013771403,15851.719848632812,5,2
2024-03-07,1709845200000,,16081.720666705096,146.82081013771403,15934.899856567383,5,2
2024-03-08,1709931600000,,15925.370736895526,146.82081013771403,15778.549926757812,5,2
2024-03-11,1710187200000,,15761.361001788104,146.82081013771403,15614.54019165039,5,2
2024-03-12,1710273600000,,16116.780954180682,146.82081013771403,15969.960144042969,5,2
2024-03-13,1710360000000,,16029.343693806233,2592.133671833576,13437.210021972656,4,2
2024-03-14,1710446400000,,16172.184432007558,60.96438501048624,16111.22004699707,5,2
2024-03-15,1710532800000,,16135.69433496166,60.96438501048624,16074.729949951172,5,2
2024-03-18,1710792000000,,16298.704207398183,60.96438501048624,16237.739822387695,5,2
2024-03-19,1710878400000,,16486.87469384838,60.96438501048624,16425.91030883789,5,2
2024-03-20,1710964800000,,16726.494399048574,60.96438501048624,16665.530014038086,5,2
2024-03-21,1711051200000,,16877.59457299877,60.96438501048624,16816.63018798828,5,2
2024-03-22,1711137600000,,16961.99397180248,60.96438501048624,16901.029586791992,5,2
2024-03-25,1711396800000,,17244.714079834706,60.96438501048624,17183.74969482422,5,2
2024-03-26,1711483200000,,16919.91422937084,60.96438501048624,16858.94984436035,5,2
2024-03-27,1711569600000,,17042.354720093495,60.96438501048624,16981.390335083008,5,2
2024-03-28,1711656000000,,17259.444441773183,60.96438501048624,17198.480056762695,5,2
2024-04-01,1712001600000,,17486.184599854238,60.96438501048624,17425.22021484375,5,2
2024-04-02,1712088000000,,17352.05438134838,60.96438501048624,17291.08999633789,5,2
2024-04-03,1712174400000,,17740.584563233144,60.96438501048624,17679.620178222656,5,2
2024-04-04,1712260800000,,17353.96417138744,60.96438501048624,17292.999786376953,5,2
2024-04-05,1712347200000,,17864.25437829662,60.96438501048624,17803.289993286133,5,2
2024-04-08,1712606400000,,17827.36233305654,2530.8526284666937,15296.509704589844,4,2
2024-04-09,1712692800000,,17234.18107741092,37.761369158969956,17196.419708251953,5,2
2024-04-10,1712779200000,,17385.041551043734,37.761369158969956,17347.280181884766,5,2
2024-04-11,1712865600000,,17445.741044451937,37.761369158969956,17407.97967529297,5,2
2024-04-12,1712952000000,,17256.361222674594,37.761369158969956,17218.599853515625,5,2
2024-04-15,1713211200000,,17064.66124098514,37.761369158969956,17026.899871826172,5,2
2024-04-16,1713297600000,,17083.741105487094,37.761369158969956,17045.979736328125,5,2
2024-04-17,1713384000000,,16810.390240583023,5117.19025889357,11693.199981689453,3,2
2024-04-18,1713470400000,,16571.569897565445,5117.19025889357,11454.379638671875,3,2
2024-04-19,1713556800000,,16682.24434597853,37.113990143569936,16645.13035583496,5,2
2024-04-22,1713816000000,,16874.20398648146,37.113990143569936,16837.08999633789,5,2
2024-04-23,1713902400000,,17047.85361416701,37.113990143569936,17010.739624023438,5,2
2024-04-24,1713988800000,,17160.213980988297,37.113990143569936,17123.099990844727,5,2
2024-04-25,1714075200000,,17274.364295319352,37.113990143569936,17237.25030517578,5,2
2024-04-26,1714161600000,,17233.083686188493,37.113990143569936,17195.969696044922,5,2
2024-04-29,1714420800000,,17671.943702057633,37.113990143569936,17634.829711914062,5,2
2024-04-30,1714507200000,,17388.743644074235,37.113990143569936,17351.629653930664,5,2
2024-05-01,1714593600000,,17547.024253205094,37.113990143569936,17509.910263061523,5,2
2024-05-02,1714680000000,,17809.754096344743,37.113990143569936,17772.640106201172,5,2
2024-05-03,1714766400000,,18005.58374722365,37.113990143569936,17968.469757080078,5,2
2024-05-06,1715025600000,,18236.343787506856,37.113990143569936,18199.22979736328,5,2
2024-05-07,1715112000000,,17845.29384549025,37.113990143569936,17808.17985534668,5,2
2024-05-08,1715198400000,,18585.36912088262,1726.4094040857433,16858.959716796875,4,2
2024-05-09,1715284800000,,19212.56985693734,205.7298300818677,19006.84002685547,5,2
2024-05-10,1715371200000,,19377.509859378748,205.7298300818677,19171.780029296875,5,2
2024-05-13,1715630400000,,18968.529634769373,205.7298300818677,18762.7998046875,5,2
2024-05-14,1715716800000,,19066.05005102914,205.7298300818677,18860.320220947266,5,2
2024-05-15,1715803200000,,19603.030092533045,205.7298300818677,19397.300262451172,5,2
2024-05-16,1715889600000,,19189.329897220545,205.7298300818677,18983.600067138672,5,2
2024-05-17,1715976000000,,19244.230104740076,205.7298300818677,19038.500274658203,5,2
2024-05-20,1716235200000,,18987.410158451014,205.7298300818677,18781.68032836914,5,2
2024-05-21,1716321600000,,19330.709566409998,205.7298300818677,19124.979736328125,5,2
2024-05-22,1716408000000,,19143.718642306798,3174.5588827853135,15969.159759521484,4,2
2024-05-23,1716494400000,,19132.388584003307,132.51903139100386,18999.869552612305,5,2
2024-05-24,1716580800000,,19909.938770160534,132.51903139100386,19777.41973876953,5,2
2024-05-28,1716926400000,,20038.71876893983,132.51903139100386,19906.199737548828,5,2
2024-05-29,1717012800000,,19787.268085484888,3077.5430641225867,16709.725021362305,4,2
2024-05-30,1717099200000,,19802.379868047567,2.6337742975706533,19799.74609375,5,2
2024-05-31,1717185600000,,18999.31913776234,2919.561897466931,16079.75724029541,4,2
2024-06-03,1717444800000,,18544.348353424615,24.068629303517355,18520.279724121094,5,2
2024-06-04,1717531200000,,18266.361735382623,24.068629303517355,18242.2931060791,5,2
2024-06-05,1717617600000,,18855.388766327447,24.068629303517355,18831.320137023926,5,2
2024-06-06,1717704000000,,18166.09086898858,24.068629303517355,18142.02223968506,5,2
2024-06-07,1717790400000,,18068.44063095147,24.068629303517355,18044.37200164795,5,2
2024-06-10,1718049600000,,18408.378768005914,24.068629303517355,18384.310138702393,5,2
2024-06-11,1718136000000,,18611.498992004937,24.068629303517355,18587.430362701416,5,2
2024-06-12,1718222400000,,18683.788493195123,24.068629303517355,18659.7198638916,5,2
2024-06-13,1718308800000,,18609.77373915884,2797.9636958238784,15811.810043334961,4,2
2024-06-14,1718395200000,,18515.988670848696,101.06876423248241,18414.91990661621,5,2
2024-06-17,1718654400000,,18295.72375676457,6071.813692067306,12223.910064697266,4,2
2024-06-18,1718740800000,,18625.270694672774,2596.340824067306,16028.929870605469,5,2
2024-06-20,1718913600000,,18319.41092294426,2596.340824067306,15723.070098876953,5,2
2024-06-21,1719000000000,,17935.905870544113,4059.836191283859,13876.069679260254,4,2
2024-06-24,1719259200000,,17681.70685223373,3845.547107971035,13836.159744262695,4,2
2024-06-25,1719345600000,,18035.888809892742,314.9892279835626,17720.89958190918,5,2
2024-06-26,1719432000000,,17875.248848650066,314.9892279835626,17560.259620666504,5,2
2024-06-27,1719518400000,,17601.488068774444,2852.4078609497365,14749.080207824707,4,1
2024-06-28,1719604800000,,17493.111316568826,63.82134617087513,17429.28997039795,5,1
2024-07-01,1719864000000,,17484.361415750955,63.82134617087513,17420.540069580078,5,1
2024-07-02,1719950400000,,17532.661220438455,63.82134617087513,17468.839874267578,5,1
2024-07-03,1720036800000,,17757.828028553253,3544.3781841929003,14213.449844360352,4,1
2024-07-05,1720209600000,,17720.04314264776,216.3026946497107,17503.740447998047,5,2
2024-07-08,1720468800000,,17845.84279474737,216.3026946497107,17629.540100097656,5,2
2024-07-09,1720555200000,,18014.582937569634,216.3026946497107,17798.280242919922,5,2
2024-07-10,1720641600000,,18237.372839303032,216.3026946497107,18021.07014465332,5,2
2024-07-11,1720728000000,,17850.88270411016,216.3026946497107,17634.58000946045,5,2
2024-07-12,1720814400000,,17986.36281427862,216.3026946497107,17770.060119628906,5,2
2024-07-15,1721073600000,,17891.046056575575,4219.936040706435,13671.11001586914,4,2
2024-07-16,1721160000000,,17851.35537100031,656.3250212688672,17195.030349731445,5,2
2024-07-17,1721246400000,,17424.562743582617,4076.0627435826163,13348.5,4,1
2024-07-18,1721332800000,,17323.475729058173,3310.00562865534,14013.470100402832,4,1
2024-07-19,1721419200000,,17315.537083948184,5.743867242860688,17309.793216705322,5,2
2024-07-22,1721678400000,,17382.913781488467,5.743867242860688,17377.169914245605,5,2
2024-07-23,1721764800000,,17317.02386220746,5.743867242860688,17311.2799949646,5,2
2024-07-24,1721851200000,,17080.613282526065,5.743867242860688,17074.869415283203,5,2
2024-07-25,1721937600000,,17098.49052175336,5.743867242860688,17092.746654510498,5,2
2024-07-26,1722024000000,,17290.574273431826,5.743867242860688,17284.830406188965,5,2
2024-07-29,1722283200000,,17352.10395559125,5.743867242860688,17346.36008834839,5,2
2024-07-30,1722369600000,,17540.59699376874,5.743867242860688,17534.85312652588,5,2
2024-07-31,1722456000000,,17292.924564801448,3465.611450635188,13827.31311416626,4,2
2024-08-01,1722542400000,,17138.137902106624,853.4512070077485,16284.686695098877,5,2
2024-08-02,1722628800000,,16870.084073756763,6680.10391781194,10189.980155944824,3,1
2024-08-05,1722888000000,,16094.055038811686,38.04526555729217,16056.009773254395,5,2
2024-08-06,1722974400000,,16270.145210625651,38.04526555729217,16232.09994506836,5,2
2024-08-07,1723060800000,,16357.74529683781,38.04526555729217,16319.700031280518,5,2
2024-08-08,1723147200000,,16435.765423180583,38.04526555729217,16397.72015762329,5,2
2024-08-09,1723233600000,,16441.679968770415,3127.030085500151,13314.649883270264,4,1
2024-08-12,1723492800000,,16351.103684300382,1369.4737976731858,14981.629886627197,5,1
2024-08-13,1723579200000,,16460.273823613126,1369.4737976731858,15090.800025939941,5,1
2024-08-14,1723665600000,,16487.60398184677,1369.4737976731858,15118.130184173584,5,1
2024-08-15,1723752000000,,16370.274060124357,1369.4737976731858,15000.800262451172,5,1
2024-08-16,1723838400000,,16435.81381689926,1369.4737976731858,15066.340019226074,5,1
2024-08-19,1724097600000,,16460.72381674667,1369.4737976731858,15091.250019073486,5,1
2024-08-20,1724184000000,,16511.143597477872,1369.4737976731858,15141.669799804688,5,1
2024-08-21,1724270400000,,16540.233883732755,1369.4737976731858,15170.76008605957,5,1
2024-08-22,1724356800000,,16533.884041661222,1369.4737976731858,15164.410243988037,5,1
2024-08-23,1724443200000,,16538.183979863126,1369.4737976731858,15168.710182189941,5,1
2024-08-26,1724702400000,,16590.083859318693,1369.4737976731858,15220.610061645508,5,1
2024-08-27,1724788800000,,16649.273785466154,1369.4737976731858,15279.799987792969,5,1
2024-08-28,1724875200000,,16776.383480900724,1369.4737976731858,15406.909683227539,5,1
2024-08-29,1724961600000,,16810.333893650968,1369.4737976731858,15440.860095977783,5,1
2024-08-30,1725048000000,,16952.803738469083,1369.4737976731858,15583.329940795898,5,1
2024-09-03,1725393600000,,17002.773835057218,1369.4737976731858,15633.300037384033,5,1
2024-09-04,1725480000000,,17115.59356009384,1369.4737976731858,15746.119762420654,5,1
2024-09-05,1725566400000,,17032.5235794725,1369.4737976731858,15663.049781799316,5,1
2024-09-06,1725652800000,,16981.56385504623,1369.4737976731858,15612.090057373047,5,1
2024-09-09,1725912000000,,17149.13409888168,1369.4737976731858,15779.660301208496,5,1
2024-09-10,1725998400000,,17183.75396429916,1369.4737976731858,15814.280166625977,5,1
2024-09-11,1726084800000,,17124.75379645248,1369.4737976731858,15755.279998779297,5,1
2024-09-12,1726171200000,,17178.50388037582,1369.4737976731858,15809.030082702637,5,1
2024-09-13,1726257600000,,17265.6236084642,1369.4737976731858,15896.149810791016,5,1
2024-09-16,1726516800000,,17341.573445195158,1369.4737976731858,15972.099647521973,5,1
2024-09-17,1726603200000,,17243.713902348478,1369.4737976731858,15874.240104675293,5,1
2024-09-18,1726689600000,,17197.163685673673,1369.4737976731858,15827.689888000488,5,1
2024-09-19,1726776000000,,16989.903817051847,1369.4737976731858,15620.430019378662,5,1
2024-09-20,1726862400000,,17059.633801335294,1369.4737976731858,15690.16000366211,5,1
2024-09-23,1727121600000,,17273.75379645248,1369.4737976731858,15904.279998779297,5,1
2024-09-24,1727208000000,,17208.58395850082,1369.4737976731858,15839.110160827637,5,1
2024-09-25,1727294400000,,17273.50352179428,1369.4737976731858,15904.029724121094,5,1
2024-09-26,1727380800000,,17176.314061039884,1369.4737976731858,15806.8402633667,5,1
2024-09-27,1727467200000,,17201.233956212003,1369.4737976731858,15831.760158538818,5,1
2024-09-30,1727726400000,,17258.743702763517,1369.4737976731858,15889.269905090332,5,1
2024-10-01,1727812800000,,17279.443760746915,1369.4737976731858,15909.96996307373,5,1
2024-10-02,1727899200000,,17242.004074925382,1369.4737976731858,15872.530277252197,5,1
2024-10-03,1727985600000,,17125.847269234837,4533.4073659755595,12592.439903259277,4,1
2024-10-04,1728072000000,,17063.992481352256,8817.212513090537,8246.779968261719,3,1
2024-10-07,1728331200000,,16910.851950617034,6362.732184381684,10548.119766235352,4,1
2024-10-08,1728417600000,,17152.857563395362,3165.9978374432153,13986.859725952148,5,2
2024-10-09,1728504000000,,17321.487888712745,3165.9978374432153,14155.490051269531,5,2
2024-10-10,1728590400000,,17193.837864298683,3165.9978374432153,14027.840026855469,5,2
2024-10-11,1728676800000,,17358.497837443214,3165.9978374432153,14192.5,5,2
2024-10-14,1728936000000,,17454.58787955747,3165.9978374432153,14288.590042114258,5,2
2024-10-15,1729022400000,,17359.617924113136,3165.9978374432153,14193.620086669922,5,2
2024-10-16,1729108800000,,17390.9779094647,3165.9978374432153,14224.980072021484,5,2
2024-10-17,1729195200000,,17359.387943644386,3165.9978374432153,14193.390106201172,5,2
2024-10-18,1729281600000,,17329.82767142759,3165.9978374432153,14163.829833984375,5,2
2024-10-21,1729540800000,,17606.8580669354,3165.9978374432153,14440.860229492188,5,2
2024-10-22,1729627200000,,17669.13753165708,3165.9978374432153,14503.139694213867,5,2
2024-10-23,1729713600000,,17624.427677531105,3165.9978374432153,14458.42984008789,5,2
2024-10-24,1729800000000,,17399.817497045842,6231.9675214599065,11167.849975585938,4,1
2024-10-25,1729886400000,,17308.751541569614,6122.071457341098,11186.680084228516,4,1
2024-10-28,1730145600000,,17358.308271804774,3822.22337190243,13536.084899902344,5,2
2024-10-29,1730232000000,,17532.87349549862,3822.22337190243,13710.650123596191,5,2
2024-10-30,1730318400000,,17435.013246932947,3822.22337190243,13612.789875030518,5,2
2024-10-31,1730404800000,,17136.552300463154,5950.83234501882,11185.719955444336,4,1
2024-11-01,1730491200000,,16862.77123937414,5779.531310174918,11083.239929199219,4,1
2024-11-04,1730754000000,,16856.00076183775,2436.540877194194,14419.459884643555,5,1
2024-11-05,1730840400000,,17176.680678219585,2436.540877194194,14740.13980102539,5,1
2024-11-06,1730926800000,,17675.61059460142,2436.540877194194,15239.069717407227,5,1
2024-11-07,1731013200000,,19186.95095715025,2436.540877194194,16750.410079956055,5,1
2024-11-08,1731099600000,,21058.080916256695,2436.540877194194,18621.5400390625,5,1
2024-11-11,1731358800000,,21064.310744137554,2436.540877194194,18627.76986694336,5,1
2024-11-12,1731445200000,,21013.32090649107,2436.540877194194,18576.780029296875,5,1
2024-11-13,1731531600000,,21042.16075024107,2436.540877194194,18605.619873046875,5,1
2024-11-14,1731618000000,,20928.08050426939,2436.540877194194,18491.539627075195,5,1
2024-11-15,1731704400000,,20807.490752072124,2436.540877194194,18370.94987487793,5,1
2024-11-18,1731963600000,,20916.710844845562,2436.540877194194,18480.169967651367,5,1
2024-11-19,1732050000000,,21430.170897335796,2436.540877194194,18993.6300201416,5,1
2024-11-20,1732136400000,,21500.10114941099,2436.540877194194,19063.560272216797,5,1
2024-11-21,1732222800000,,21519.801009030132,2436.540877194194,19083.260131835938,5,1
2024-11-22,1732309200000,,21853.451033444195,2436.540877194194,19416.91015625,5,1
2024-11-25,1732568400000,,21563.120665402203,2436.540877194194,19126.579788208008,5,1
2024-11-26,1732654800000,,22013.210356564312,2436.540877194194,19576.669479370117,5,1
2024-11-27,1732741200000,,21940.76098522642,2436.540877194194,19504.220108032227,5,1
2024-11-29,1732914000000,,22218.371001095562,2436.540877194194,19781.830123901367,5,1
2024-12-02,1733173200000,,22167.64105114439,2436.540877194194,19731.100173950195,5,1
2024-12-03,1733259600000,,22894.940657467632,2436.540877194194,20458.399780273438,5,1
2024-12-04,1733346000000,,23242.201308102398,2436.540877194194,20805.660430908203,5,1
2024-12-05,1733432400000,,23363.301268429546,2436.540877194194,20926.76039123535,5,1
2024-12-06,1733518800000,,23800.97096142271,2436.540877194194,21364.430084228516,5,1
2024-12-09,1733778000000,,22286.790370808027,5894.839992390056,16391.95037841797,4,1
2024-12-10,1733864400000,,21831.590982693848,4537.4910528842765,17294.09992980957,4,2
2024-12-11,1733950800000,,22545.396090000773,239.09594961991388,22306.30014038086,5,2
2024-12-12,1734037200000,,22221.73584219804,239.09594961991388,21982.639892578125,5,2
2024-12-13,1734123600000,,22254.986101597453,239.09594961991388,22015.89015197754,5,2
2024-12-16,1734382800000,,22835.57565543046,239.09594961991388,22596.479705810547,5,2
2024-12-17,1734469200000,,22662.84617850175,239.09594961991388,22423.750228881836,5,2
2024-12-18,1734555600000,,21488.62629935136,239.09594961991388,21249.530349731445,5,2
2024-12-19,1734642000000,,21538.675478428508,239.09594961991388,21299.579528808594,5,2
2024-12-20,1734728400000,,22209.395784824992,239.09594961991388,21970.299835205078,5,2
2024-12-23,1734987600000,,22347.68634268632,239.09594961991388,22108.590393066406,5,2
2024-12-24,1735074000000,,22473.785860508586,239.09594961991388,22234.689910888672,5,2
2024-12-26,1735246800000,,22458.226335972453,239.09594961991388,22219.13038635254,5,2
2024-12-27,1735333200000,,22015.4659447371,239.09594961991388,21776.369995117188,5,2
2024-12-30,1735592400000,,21891.34393279955,145.1237179557993,21746.22021484375,5,2
2024-12-31,1735678800000,,21624.56353729174,145.1237179557993,21479.439819335938,5,2
2025-01-02,1735851600000,,21954.164016417715,145.1237179557993,21809.040298461914,5,2
2025-01-03,1735938000000,,22338.71360748217,145.1237179557993,22193.589889526367,5,2
2025-01-06,1736197200000,,22831.743743590567,145.1237179557993,22686.620025634766,5,2
2025-01-07,1736283600000,,22161.058898619864,145.1237179557993,22015.935180664062,5,2
2025-01-08,1736370000000,,22153.983886412832,145.1237179557993,22008.86016845703,5,2
2025-01-10,1736542800000,,21798.82566302454,3850.6454567257124,17948.180206298828,4,2
2025-01-13,1736802000000,,21616.988329144442,9083.618639203038,12533.369689941406,3,1
2025-01-14,1736888400000,,21611.133922808793,962.7039225036156,20648.430000305176,5,1
2025-01-15,1736974800000,,21954.493938677933,962.7039225036156,20991.790016174316,5,1
2025-01-16,1737061200000,,22106.353977435258,962.7039225036156,21143.65005493164,5,1
2025-01-17,1737147600000,,22146.96397804561,962.7039225036156,21184.260055541992,5,1
2025-01-21,1737493200000,,22478.954136126664,962.7039225036156,21516.250213623047,5,1
2025-01-22,1737579600000,,22405.514194720414,962.7039225036156,21442.810272216797,5,1
2025-01-23,1737666000000,,22437.313968890336,962.7039225036156,21474.61004638672,5,1
2025-01-24,1737752400000,,22604.893711321976,962.7039225036156,21642.18978881836,5,1
2025-01-27,1738011600000,,22025.18400978389,962.7039225036156,21062.480087280273,5,1
2025-01-28,1738098000000,,22277.784229510453,962.7039225036156,21315.080307006836,5,1
2025-01-29,1738184400000,,22297.063717120316,962.7039225036156,21334.3597946167,5,1
2025-01-30,1738270800000,,22658.76390480342,962.7039225036156,21696.059982299805,5,1
2025-01-31,1738357200000,,22569.17399238887,962.7039225036156,21606.470069885254,5,1
2025-02-03,1738616400000,,22435.62396644893,962.7039225036156,21472.920043945312,5,1
2025-02-04,1738702800000,,22664.444187396195,962.7039225036156,21701.740264892578,5,1
2025-02-05,1738789200000,,22510.824199908402,962.7039225036156,21548.120277404785,5,1
2025-02-06,1738875600000,,22368.373859637406,962.7039225036156,21405.66993713379,5,1
2025-02-07,1738962000000,,22170.316053044487,5297.545911442925,16872.770141601562,4,1
2025-02-10,1739221200000,,22504.065076325736,1934.1850714429247,20569.880004882812,5,1
2025-02-11,1739307600000,,22622.58498141607,1934.1850714429247,20688.399909973145,5,1
2025-02-12,1739394000000,,22220.50369922906,5742.5437764385315,16477.959922790527,4,1
2025-02-13,1739480400000,,22357.69471159918,1370.1746844385325,20987.520027160645,5,1
2025-02-14,1739566800000,,22522.55497923834,1370.1746844385325,21152.380294799805,5,1
2025-02-18,1739912400000,,22571.564653310605,1370.1746844385325,21201.38996887207,5,1
2025-02-19,1739998800000,,22442.93476286871,1370.1746844385325,21072.760078430176,5,1
2025-02-20,1740085200000,,21886.790926295755,1445.6006568255411,20441.190269470215,5,1
2025-02-21,1740171600000,,21317.121672730154,5231.9314032599395,16085.190269470215,4,1
2025-02-24,1740430800000,,21350.20442962333,4853.894554135047,16496.30987548828,4,2
2025-02-25,1740517200000,,21273.76360062122,3751.5035832261988,17522.26001739502,4,1
2025-02-26,1740603600000,,21180.019033378543,73.82866472619935,21106.190368652344,5,1
2025-02-27,1740690000000,,21073.785386925505,4004.2552508171048,17069.5301361084,4,1
2025-02-28,1740776400000,,21108.049846760237,3505.0659600414865,17602.98388671875,4,1
2025-03-03,1741035600000,,21336.745443062537,54.91841669534824,21281.827026367188,5,1
2025-03-04,1741122000000,,20806.66663141703,54.91841669534824,20751.74821472168,5,1
2025-03-05,1741208400000,,20830.92700739359,54.91841669534824,20776.008590698242,5,1
2025-03-06,1741294800000,,20901.95125360941,54.91841669534824,20847.032836914062,5,1
2025-03-07,1741381200000,,20867.444943487037,3880.4247561091056,16987.02018737793,4,1
2025-03-10,1741636800000,,20740.969228753573,4046.2891445250602,16694.680084228516,4,1
2025-03-11,1741723200000,,20578.74400739145,20578.74400739145,0,0,0
2025-03-12,1741809600000,,20578.74400739145,20578.74400739145,0,0,0
2025-03-13,1741896000000,,20578.74400739145,20578.74400739145,0,0,0
2025-03-14,1741982400000,,20578.74400739145,20578.74400739145,0,0,0
2025-03-17,1742241600000,,20578.74400739145,20578.74400739145,0,0,0
2025-03-18,1742328000000,,20578.74400739145,20578.74400739145,0,0,0
2025-03-19,1742414400000,,20578.74400739145,20578.74400739145,0,0,0
2025-03-20,1742500800000,,20578.74400739145,20578.74400739145,0,0,0
2025-03-21,1742587200000,,20578.74400739145,20578.74400739145,0,0,0
2025-03-24,1742846400000,,20578.74400739145,20578.74400739145,0,0,0
2025-03-25,1742932800000,,20562.427856056594,12726.727878181839,7835.699977874756,2,1
2025-03-26,1743019200000,,20563.143448550243,1143.8135344572243,19419.329914093018,5,2
2025-03-27,1743105600000,,20595.097770282115,20595.097770282115,0,0,0
2025-03-28,1743192000000,,20595.097770282115,20595.097770282115,0,0,0
2025-03-31,1743451200000,,20595.097770282115,20595.097770282115,0,0,0
2025-04-01,1743537600000,,20595.097770282115,20595.097770282115,0,0,0
2025-04-02,1743624000000,,20595.097770282115,20595.097770282115,0,0,0
2025-04-03,1743710400000,,20595.097770282115,20595.097770282115,0,0,0
2025-04-04,1743796800000,,20595.097770282115,20595.097770282115,0,0,0
2025-04-07,1744056000000,,20595.097770282115,20595.097770282115,0,0,0
2025-04-08,1744142400000,,20595.097770282115,20595.097770282115,0,0,0
2025-04-09,1744228800000,,20595.097770282115,20595.097770282115,0,0,0
2025-04-10,1744315200000,,20595.097770282115,20595.097770282115,0,0,0
2025-04-11,1744401600000,,20595.097770282115,20595.097770282115,0,0,0
2025-04-14,1744660800000,,20595.097770282115,20595.097770282115,0,0,0
2025-04-15,1744747200000,,20595.097770282115,20595.097770282115,0,0,0
2025-04-16,1744833600000,,20595.097770282115,20595.097770282115,0,0,0
2025-04-17,1744920000000,,20595.097770282115,20595.097770282115,0,0,0
2025-04-21,1745265600000,,20595.097770282115,20595.097770282115,0,0,0
2025-04-22,1745352000000,,20595.097770282115,20595.097770282115,0,0,0
2025-04-23,1745438400000,,20595.097770282115,20595.097770282115,0,0,0
2025-04-24,1745524800000,,20595.097770282115,20595.097770282115,0,0,0
2025-04-25,1745611200000,,20595.097770282115,20595.097770282115,0,0,0
2025-04-28,1745870400000,,20595.097770282115,20595.097770282115,0,0,0
2025-04-29,1745956800000,,20595.097770282115,20595.097770282115,0,0,0
2025-04-30,1746043200000,,20595.097770282115,20595.097770282115,0,0,0
2025-05-01,1746129600000,,20595.097770282115,20595.097770282115,0,0,0
2025-05-02,1746216000000,,20595.097770282115,20595.097770282115,0,0,0
2025-05-05,1746475200000,,20595.097770282115,20595.097770282115,0,0,0
2025-05-06,1746561600000,,20595.097770282115,20595.097770282115,0,0,0
2025-05-07,1746648000000,,20595.097770282115,20595.097770282115,0,0,0
2025-05-08,1746734400000,,20595.097770282115,20595.097770282115,0,0,0
2025-05-09,1746820800000,,20595.097770282115,20595.097770282115,0,0,0
2025-05-12,1747080000000,,20595.097770282115,20595.097770282115,0,0,0
2025-05-13,1747166400000,,20877.2322080784,4517.412093942659,16359.820114135742,5,2
2025-05-14,1747252800000,,20766.331771677033,4517.412093942659,16248.919677734375,5,2
2025-05-15,1747339200000,,20954.692199533478,4517.412093942659,16437.28010559082,5,2
2025-05-16,1747425600000,,21131.471999948517,4517.412093942659,16614.05990600586,5,2
2025-05-19,1747684800000,,21171.122054880158,4517.412093942659,16653.7099609375,5,2
2025-05-20,1747771200000,,21209.94186384012,4517.412093942659,16692.52976989746,5,2
2025-05-21,1747857600000,,21024.92233259012,4517.412093942659,16507.51023864746,5,2
2025-05-22,1747944000000,,20940.00172406961,4517.412093942659,16422.589630126953,5,2
2025-05-23,1748030400000,,21021.41207868387,4517.412093942659,16503.99998474121,5,2
2025-05-27,1748376000000,,21247.942367380158,4517.412093942659,16730.5302734375,5,2
2025-05-28,1748462400000,,21223.631820505158,4517.412093942659,16706.2197265625,5,2
2025-05-29,1748548800000,,21273.311874216095,4517.412093942659,16755.899780273438,5,2
2025-05-30,1748635200000,,21411.012222116486,4517.412093942659,16893.600128173828,5,2
2025-06-02,1748894400000,,21606.74214155008,4517.412093942659,17089.330047607422,5,2
2025-06-03,1748980800000,,21763.142074411408,4517.412093942659,17245.72998046875,5,2
2025-06-04,1749067200000,,21668.231994455353,4517.412093942659,17150.819900512695,5,2
2025-06-05,1749153600000,,21579.231963937775,4517.412093942659,17061.819869995117,5,2
2025-06-06,1749240000000,,21519.97210676004,4517.412093942659,17002.560012817383,5,2
2025-06-09,1749499200000,,21592.14218122293,4517.412093942659,17074.730087280273,5,2
2025-06-10,1749585600000,,21348.642150705353,4517.412093942659,16831.230056762695,5,2
2025-06-11,1749672000000,,21432.7323454075,4517.412093942659,16915.320251464844,5,2
2025-06-12,1749758400000,,21394.381851022736,4517.412093942659,16876.969757080078,5,2
2025-06-13,1749844800000,,21358.801248678985,7495.681589255159,13863.119659423828,4,2
2025-06-16,1750104000000,,21588.91458670047,3305.4945427551593,18283.420043945312,5,2
2025-06-17,1750190400000,,21610.234716095,3305.4945427551593,18304.740173339844,5,2
2025-06-18,1750276800000,,21677.534459747345,3305.4945427551593,18372.039916992188,5,2
2025-06-20,1750449600000,,21590.93442312625,3305.4945427551593,18285.439880371094,5,2
2025-06-23,1750708800000,,21677.15497366336,3305.4945427551593,18371.660430908203,5,2
2025-06-24,1750795200000,,21622.274816192657,3305.4945427551593,18316.7802734375,5,2
2025-06-25,1750881600000,,21637.87454763797,3305.4945427551593,18332.380004882812,5,2
2025-06-26,1750968000000,,21887.2747551575,3305.4945427551593,18581.780212402344,5,2
2025-06-27,1751054400000,,21993.254186309845,3305.4945427551593,18687.759643554688,5,2
2025-06-30,1751313600000,,22122.13446585086,3305.4945427551593,18816.639923095703,5,2
2025-07-01,1751400000000,,21948.374425567657,3305.4945427551593,18642.8798828125,5,2
2025-07-02,1751486400000,,22121.77429739383,3305.4945427551593,18816.279754638672,5,2
2025-07-03,1751572800000,,22248.99451223758,3305.4945427551593,18943.499969482422,5,2
2025-07-07,1751918400000,,22296.99481741336,3305.4945427551593,18991.500274658203,5,2
2025-07-08,1752004800000,,21983.63461843875,3305.4945427551593,18678.140075683594,5,2
2025-07-09,1752091200000,,21973.37424246219,3305.4945427551593,18667.87969970703,5,2
2025-07-10,1752177600000,,21740.794408477814,3305.4945427551593,18435.299865722656,5,2
2025-07-11,1752264000000,,21681.474553741486,3305.4945427551593,18375.980010986328,5,2
2025-07-14,1752523200000,,21697.194493927032,3305.4945427551593,18391.699951171875,5,2
2025-07-15,1752609600000,,21518.090712066758,6267.130598541368,15250.96011352539,4,2
2025-07-16,1752696000000,,21445.78060827866,6319.97051916733,15125.810089111328,4,2
2025-07-17,1752782400000,,21467.370408576855,9296.670770210156,12170.6996383667,3,2
2025-07-18,1752868800000,,21544.644286260776,1584.7344809629249,19959.90980529785,5,2
2025-07-21,1753128000000,,21466.52432929056,1584.7344809629249,19881.789848327637,5,2
2025-07-22,1753214400000,,21388.294203863315,1584.7344809629249,19803.55972290039,5,2
2025-07-23,1753300800000,,21661.254416570835,1584.7344809629249,20076.51993560791,5,2
2025-07-24,1753387200000,,21729.054419622593,1584.7344809629249,20144.319938659668,5,2
2025-07-25,1753473600000,,21870.624228582554,1584.7344809629249,20285.88974761963,5,2
2025-07-28,1753732800000,,21899.58409796732,1584.7344809629249,20314.849617004395,5,2
2025-07-29,1753819200000,,21433.390694175258,1281.3508286814813,20152.039865493774,5,2
2025-07-30,1753905600000,,21450.180788550868,1281.3508286814813,20168.829959869385,5,2
2025-07-31,1753992000000,,21911.35081723739,1281.3508286814813,20629.99998855591,5,2
2025-08-01,1754078400000,,21377.02914445669,8687.59907548696,12689.430068969727,3,2
2025-08-04,1754337600000,,21810.262010993323,394.4821571725215,21415.7798538208,5,2
2025-08-05,1754424000000,,21510.650874778927,4442.601009056272,17068.049865722656,4,2
2025-08-06,1754510400000,,21373.760769265562,1860.7410549100932,19513.01971435547,5,2
2025-08-07,1754596800000,,21385.381466287046,1860.7410549100932,19524.640411376953,5,2
2025-08-08,1754683200000,,21396.901058572203,1860.7410549100932,19536.16000366211,5,2
2025-08-11,1754942400000,,21298.770977395445,1860.7410549100932,19438.02992248535,5,2
2025-08-12,1755028800000,,21394.000064412765,4270.119845906905,17123.88021850586,4,2
2025-08-13,1755115200000,,21343.733749142943,2092.3136060155016,19251.42014312744,5,2
2025-08-14,1755201600000,,21308.493163815794,2092.3136060155016,19216.179557800293,5,2
2025-08-15,1755288000000,,21156.303748837767,2092.3136060155016,19063.990142822266,5,2
2025-08-18,1755547200000,,21369.563583127318,2092.3136060155016,19277.249977111816,5,2
2025-08-19,1755633600000,,21276.77373479968,2092.3136060155016,19184.46012878418,5,2
2025-08-20,1755720000000,,21245.119475788582,4084.7196497387795,17160.399826049805,4,2
2025-08-21,1755806400000,,21215.46058107436,152.6905005079525,21062.770080566406,5,2
2025-08-22,1755892800000,,21436.170633564594,152.6905005079525,21283.48013305664,5,2
2025-08-25,1756152000000,,21413.030527363422,152.6905005079525,21260.34002685547,5,2
2025-08-26,1756238400000,,21442.290956745746,152.6905005079525,21289.600456237793,5,2
2025-08-27,1756324800000,,21424.629907856586,152.6905005079525,21271.939407348633,5,2
2025-08-28,1756411200000,,21456.950823078754,152.6905005079525,21304.2603225708,5,2
2025-08-29,1756497600000,,21278.740244160297,152.6905005079525,21126.049743652344,5,2
2025-09-02,1756843200000,,21389.265593770924,232.79533315080653,21156.470260620117,5,2
2025-09-03,1756929600000,,21615.96539235491,232.79533315080653,21383.1700592041,5,2
2025-09-04,1757016000000,,21952.345000509205,232.79533315080653,21719.5496673584,5,2
2025-09-05,1757102400000,,21994.107965188334,4256.918275552098,17737.18968963623,4,2
2025-09-08,1757361600000,,22118.75002987974,95.50998623959731,22023.240043640137,5,2
2025-09-09,1757448000000,,22264.090239840676,95.50998623959731,22168.580253601074,5,2
2025-09-10,1757534400000,,22444.169623690774,95.50998623959731,22348.659637451172,5,2
2025-09-11,1757620800000,,22765.560080844094,95.50998623959731,22670.050094604492,5,2
2025-09-12,1757707200000,,22729.150061923196,95.50998623959731,22633.640075683594,5,2
2025-09-15,1757966400000,,22903.987515819175,4051.897733104327,18852.089782714844,4,2
2025-09-16,1758052800000,,22914.089269052092,50.69936884456956,22863.38990020752,5,2
2025-09-17,1758139200000,,22794.349606881682,50.69936884456956,22743.65023803711,5,2
2025-09-18,1758225600000,,23164.755067008944,3882.1251079024996,19282.629959106445,4,2
2025-09-19,1758312000000,,23556.840944327305,1365.6906376256443,22191.15030670166,5,2
2025-09-22,1758571200000,,23930.920892752598,1365.6906376256443,22565.230255126953,5,2
2025-09-23,1758657600000,,23945.270731009434,1365.6906376256443,22579.58009338379,5,2
2025-09-24,1758744000000,,23699.43078044791,1365.6906376256443,22333.740142822266,5,2
2025-09-25,1758830400000,,23533.150331534336,1365.6906376256443,22167.45969390869,5,2
2025-09-26,1758916800000,,23664.7202778234,1365.6906376256443,22299.029640197754,5,2
2025-09-29,1759176000000,,24362.830423392246,1365.6906376256443,22997.1397857666,5,2
2025-09-30,1759262400000,,24699.060083426426,1365.6906376256443,23333.36944580078,5,2
2025-10-01,1759348800000,,25432.130594290684,1365.6906376256443,24066.43995666504,5,2
2025-10-02,1759435200000,,25442.400560416172,1365.6906376256443,24076.709922790527,5,2
2025-10-03,1759521600000,,25434.760416068028,1365.6906376256443,24069.069778442383,5,2
2025-10-06,1759780800000,,24710.323672077222,3653.453562519117,21056.870109558105,4,2
2025-10-07,1759867200000,,24283.872335001113,149.79261545765485,24134.079719543457,5,2
2025-10-08,1759953600000,,24509.772595926406,149.79261545765485,24359.97998046875,5,2
2025-10-09,1760040000000,,24032.542211099746,149.79261545765485,23882.74959564209,5,2
2025-10-10,1760126400000,,23523.322673044964,7358.242930613324,16165.07974243164,3,2
2025-10-13,1760385600000,,24027.329914881942,2561.489819361922,21465.84009552002,4,2
2025-10-14,1760472000000,,23735.0997818253,2561.489819361922,21173.60996246338,4,2
2025-10-15,1760558400000,,24513.578746240702,38.28843633469569,24475.290309906006,5,2
2025-10-16,1760644800000,,25075.108275812236,38.28843633469569,25036.81983947754,5,2
2025-10-17,1760731200000,,24686.06806127366,38.28843633469569,24647.779624938965,5,2
2025-10-20,1760990400000,,24743.638408105937,38.28843633469569,24705.34997177124,5,2
2025-10-21,1761076800000,,24133.158835809794,38.28843633469569,24094.870399475098,5,2
2025-10-22,1761163200000,,24294.498473566142,38.28843633469569,24256.210037231445,5,2
2025-10-23,1761249600000,,24862.79848806199,38.28843633469569,24824.510051727295,5,2
2025-10-24,1761336000000,,24716.140836577237,4372.530973295988,20343.60986328125,4,2
2025-10-27,1761595200000,,24579.37119337414,2709.841370070916,21869.529823303223,4,2
2025-10-28,1761681600000,,24489.568381948815,5.138572378502431,24484.429809570312,5,2
2025-10-29,1761768000000,,25587.848930044518,5.138572378502431,25582.710357666016,5,2
2025-10-30,1761854400000,,25386.958701773034,5.138572378502431,25381.82012939453,5,2
2025-10-31,1761940800000,,26083.35861174618,5.138572378502431,26078.220039367676,5,2
2025-11-03,1762203600000,,26573.208596942084,4655.968194720405,21917.24040222168,4,2
2025-11-04,1762290000000,,25922.385860782688,1291.5563548622763,24630.82950592041,5,2
2025-11-05,1762376400000,,26770.206264835422,1291.5563548622763,25478.649909973145,5,2
2025-11-06,1762462800000,,26956.876407962864,1291.5563548622763,25665.320053100586,5,2
2025-11-07,1762549200000,,27033.866878849094,1291.5563548622763,25742.310523986816,5,2
2025-11-10,1762808400000,,28041.206905704563,1291.5563548622763,26749.650550842285,5,2
2025-11-11,1762894800000,,27854.50684009177,1291.5563548622763,26562.950485229492,5,2
2025-11-12,1762981200000,,27551.046108585422,1291.5563548622763,26259.489753723145,5,2
2025-11-13,1763067600000,,26572.87662158591,1291.5563548622763,25281.320266723633,5,2
2025-11-14,1763154000000,,26416.916630130832,1291.5563548622763,25125.360275268555,5,2
2025-11-17,1763413200000,,26590.08644519431,1291.5563548622763,25298.53009033203,5,2
2025-11-18,1763499600000,,25975.416393619602,1291.5563548622763,24683.860038757324,5,2
2025-11-19,1763586000000,,26226.38645587546,1291.5563548622763,24934.830101013184,5,2
2025-11-20,1763672400000,,25091.246342044895,1291.5563548622763,23799.689987182617,5,2
2025-11-21,1763758800000,,25217.430256508425,5934.510136269168,19282.920120239258,4,1
2025-11-24,1764018000000,,26372.051538300417,1703.201921296023,24668.849617004395,5,2
2025-11-25,1764104400000,,26947.36209280481,1703.201921296023,25244.16017150879,5,2
2025-11-26,1764190800000,,27043.222024750612,1703.201921296023,25340.02010345459,5,2
2025-11-28,1764363600000,,27280.931642365358,1703.201921296023,25577.729721069336,5,2
2025-12-01,1764622800000,,27060.351358246706,1703.201921296023,25357.149436950684,5,2
2025-12-02,1764709200000,,26820.712434601686,1703.201921296023,25117.510513305664,5,2
2025-12-03,1764795600000,,26602.022020172975,1703.201921296023,24898.820098876953,5,2
2025-12-04,1764882000000,,26827.532137230955,5000.561975792965,21826.97016143799,4,1
2025-12-05,1764968400000,,27365.00367899618,1759.8435837813386,25605.160095214844,5,2
2025-12-08,1765227600000,,27268.659094938143,5743.2090598429295,21525.450035095215,4,2
2025-12-09,1765314000000,,27457.960882316267,2252.300884376203,25205.659997940063,5,2
2025-12-10,1765400400000,,28744.460886130964,2252.300884376203,26492.16000175476,5,2
2025-12-11,1765486800000,,28939.600519309675,2252.300884376203,26687.29963493347,5,2
2025-12-12,1765573200000,,28157.41034711424,2252.300884376203,25905.109462738037,5,2
2025-12-15,1765832400000,,27929.25048459593,2252.300884376203,25676.949600219727,5,2
2025-12-16,1765918800000,,27928.36114324156,2252.300884376203,25676.060258865356,5,2
2025-12-17,1766005200000,,27021.55283085422,5233.813191571995,21787.739639282227,4,2
2025-12-18,1766091600000,,27611.45119076401,879.0618017259258,26732.389389038086,5,2
2025-12-19,1766178000000,,28151.601699644627,879.0618017259258,27272.5398979187,5,2
2025-12-22,1766437200000,,28078.90138607651,879.0618017259258,27199.839584350586,5,2
2025-12-23,1766523600000,,28145.911680037083,879.0618017259258,27266.849878311157,5,2
2025-12-24,1766610000000,,28284.5714643541,879.0618017259258,27405.509662628174,5,2
2025-12-26,1766782800000,,28434.700935179295,879.0618017259258,27555.63913345337,5,2
2025-12-29,1767042000000,,28292.641757780613,879.0618017259258,27413.579956054688,5,2
2025-12-30,1767128400000,,27995.431936079563,879.0618017259258,27116.370134353638,5,2
2025-12-31,1767214800000,,27576.732028776707,879.0618017259258,26697.67022705078,5,2
2026-01-02,1767387600000,,28634.192144209446,879.0618017259258,27755.13034248352,5,2
2026-01-05,1767646800000,,28863.622125441136,879.0618017259258,27984.56032371521,5,2
2026-01-06,1767733200000,,30939.891996199192,879.0618017259258,30060.830194473267,5,2
2026-01-07,1767819600000,,29751.74209576279,879.0618017259258,28872.680294036865,5,2
2026-01-08,1767906000000,,29190.31123715073,879.0618017259258,28311.249435424805,5,2
2026-01-09,1767992400000,,29925.482631498875,879.0618017259258,29046.42082977295,5,2
2026-01-12,1768251600000,,30832.60193424851,879.0618017259258,29953.540132522583,5,2
2026-01-13,1768338000000,,31141.74167996079,879.0618017259258,30262.679878234863,5,2
2026-01-14,1768424400000,,31046.141771132054,879.0618017259258,30167.079969406128,5,2
2026-01-15,1768510800000,,31450.242273146214,879.0618017259258,30571.180471420288,5,2
2026-01-16,1768597200000,,31295.311567122044,879.0618017259258,30416.249765396118,5,2
2026-01-20,1768942800000,,31115.759032044363,5568.408791336964,25547.350240707397,4,2
2026-01-21,1769029200000,,32315.034494772357,0.014473333754722262,32315.0200214386,5,2
2026-01-22,1769115600000,,32426.524189367694,0.014473333754722262,32426.509716033936,5,2
2026-01-23,1769202000000,,32119.044279470843,0.014473333754722262,32119.029806137085,5,2
2026-01-26,1769461200000,,32705.93480910341,0.014473333754722262,32705.920335769653,5,2
2026-01-27,1769547600000,,33540.85478247682,0.014473333754722262,33540.84030914307,5,2
2026-01-28,1769634000000,,35062.58332026203,3558.8029171248136,31503.780403137207,4,2
2026-01-29,1769720400000,,34700.52347941982,3302.1131400643494,31398.41033935547,4,2
2026-01-30,1769806800000,,33034.939314562434,36.20971556341465,32998.72959899902,5,2
2026-02-02,1770066000000,,34458.859976488704,36.20971556341465,34422.65026092529,5,2
2026-02-03,1770152400000,,35753.83931608831,36.20971556341465,35717.6296005249,5,2
2026-02-04,1770238800000,,34412.020003039,36.20971556341465,34375.810287475586,5,2
2026-02-05,1770325200000,,33474.93678211897,3156.487059828933,30318.44972229004,4,2
2026-02-06,1770411600000,,34992.216079622674,24.09693136828173,34968.119148254395,5,2
2026-02-09,1770670800000,,35246.52632895129,24.09693136828173,35222.42939758301,5,2
2026-02-10,1770757200000,,33683.82680502551,24.09693136828173,33659.72987365723,5,2
2026-02-11,1770843600000,,34336.36595907824,24.09693136828173,34312.26902770996,5,2
2026-02-12,1770930000000,,34712.7096512422,3163.4391625031803,31549.270488739014,4,2
2026-02-13,1771016400000,,34807.71909841517,11.970231380255427,34795.74886703491,5,2
2026-02-17,1771362000000,,34652.72918066004,11.970231380255427,34640.758949279785,5,2
2026-02-18,1771448400000,,35574.82001623133,11.970231380255427,35562.849784851074,5,2
2026-02-19,1771534800000,,34772.71883929967,3023.7880989432224,31748.930740356445,4,2
2026-02-20,1771621200000,,34719.479057287135,63.18970487013257,34656.28935241699,5,2
2026-02-23,1771880400000,,34457.470199560084,63.18970487013257,34394.28049468994,5,2
2026-02-24,1771966800000,,33888.84004208938,63.18970487013257,33825.65033721924,5,2
2026-02-25,1772053200000,,35020.856701944256,5692.276227090742,29328.580474853516,4,1
2026-02-26,1772139600000,,34306.078782303906,191.07907985029487,34114.99970245361,5,1
2026-02-27,1772226000000,,34232.47993586836,191.07907985029487,34041.40085601807,5,1
2026-03-02,1772485200000,,33338.259858042846,36.02096262658961,33302.23889541626,5,2
2026-03-03,1772571600000,,31950.830746562136,36.02096262658961,31914.809783935547,5,2
2026-03-04,1772658000000,,32635.430523783816,36.02096262658961,32599.409561157227,5,2
2026-03-05,1772744400000,,32051.207026256023,5879.816862834394,26171.39016342163,3,1
2026-03-06,1772830800000,,31077.94537172415,20560.54543886282,10517.399932861328,3,1
2026-03-09,1773086400000,,30775.588593159697,25173.848595295927,5601.7399978637695,2,1
2026-03-10,1773172800000,,30721.880630164556,27310.330535560064,3411.550094604492,1,1
2026-03-11,1773259200000,,31034.36045041602,27310.330535560064,3724.029914855957,1,1
2026-03-12,1773345600000,,31607.24111366103,18234.301156995993,13372.939956665039,3,1
2026-03-13,1773432000000,,31313.79949481162,7403.59850604209,23910.20098876953,5,2
2026-03-16,1773691200000,,30968.288371154395,7403.59850604209,23564.689865112305,5,2
2026-03-17,1773777600000,,30895.90849961444,11660.75829209491,19235.15020751953,4,2
2026-03-18,1773864000000,,30863.8452456232,6703.804931902497,24160.040313720703,5,2
2026-03-19,1773950400000,,30800.804794573396,6703.804931902497,24096.9998626709,5,2
2026-03-20,1774036800000,,30829.291275592026,30829.291275592026,0,0,0
2026-03-23,1774296000000,,30829.291275592026,30829.291275592026,0,0,0
2026-03-24,1774382400000,,30829.291275592026,30829.291275592026,0,0,0
2026-03-25,1774468800000,,30829.291275592026,30829.291275592026,0,0,0
2026-03-26,1774555200000,,30829.291275592026,30829.291275592026,0,0,0
2026-03-27,1774641600000,,30829.291275592026,30829.291275592026,0,0,0
2026-03-30,1774900800000,,30829.291275592026,30829.291275592026,0,0,0
2026-03-31,1774987200000,,30829.291275592026,30829.291275592026,0,0,0
2026-04-01,1775073600000,,30829.291275592026,30829.291275592026,0,0,0
2026-04-02,1775160000000,,30829.291275592026,30829.291275592026,0,0,0
2026-04-06,1775505600000,,30829.291275592026,30829.291275592026,0,0,0
2026-04-07,1775592000000,,30829.291275592026,30829.291275592026,0,0,0
2026-04-08,1775678400000,,30829.291275592026,30829.291275592026,0,0,0
2026-04-09,1775764800000,,31029.69460472502,3662.1945742074413,27367.500030517578,5,2
2026-04-10,1775851200000,,30587.88832096588,8639.608505292052,21948.279815673828,4,1
2026-04-13,1776110400000,,30903.06764849234,4626.368170342925,26276.699478149414,5,2
2026-04-14,1776196800000,,30994.79808672476,4626.368170342925,26368.429916381836,5,2
2026-04-15,1776283200000,,30852.938025079253,4626.368170342925,26226.569854736328,5,2
2026-04-16,1776369600000,,31110.66818865347,4626.368170342925,26484.300018310547,5,2
2026-04-17,1776456000000,,31764.117987237456,4626.368170342925,27137.74981689453,5,2
2026-04-20,1776715200000,,32054.798224053862,4626.368170342925,27428.430053710938,5,2
2026-04-21,1776801600000,,32193.347632012847,4626.368170342925,27566.979461669922,5,2
2026-04-22,1776888000000,,32248.26816423941,4626.368170342925,27621.899993896484,5,2
2026-04-23,1776974400000,,32698.378531060698,4626.368170342925,28072.010360717773,5,2
2026-04-24,1777060800000,,32847.018072686675,4626.368170342925,28220.64990234375,5,2
2026-04-27,1777320000000,,32558.44798906851,4626.368170342925,27932.079818725586,5,2
2026-04-28,1777406400000,,31950.528036675933,4626.368170342925,27324.159866333008,5,2
2026-04-29,1777492800000,,32095.98769243765,4626.368170342925,27469.619522094727,5,2
2026-04-30,1777579200000,,32893.02806719351,4626.368170342925,28266.659896850586,5,2
2026-05-01,1777665600000,,32981.948095880034,4626.368170342925,28355.57992553711,5,2
2026-05-04,1777924800000,,32985.24825151968,4626.368170342925,28358.880081176758,5,2
2026-05-05,1778011200000,,33171.787588677886,4626.368170342925,28545.41941833496,5,2
2026-05-06,1778097600000,,33557.027990899565,4626.368170342925,28930.65982055664,5,2
2026-05-07,1778184000000,,32884.088064752104,4626.368170342925,28257.71989440918,5,2
2026-05-08,1778270400000,,33157.75751360464,4626.368170342925,28531.38934326172,5,2
2026-05-11,1778529600000,,33449.114172311034,10535.614538521975,22913.499633789062,4,2
2026-05-12,1778616000000,,33319.41585701204,6133.575715715653,27185.840141296387,5,2
2026-05-13,1778702400000,,33576.64583748079,6133.575715715653,27443.070121765137,5,2
2026-05-14,1778788800000,,33390.60570686556,6133.575715715653,27257.029991149902,5,2
2026-05-15,1778875200000,,32695.45557563997,6133.575715715653,26561.879859924316,5,2
2026-05-18,1779134400000,,32442.945611650714,6133.575715715653,26309.36989593506,5,2
2026-05-19,1779220800000,,32227.876117714066,10615.055881508011,21612.820236206055,4,2
2026-05-20,1779307200000,,31987.10523709975,5380.825329873184,26606.279907226562,5,2
2026-05-21,1779393600000,,31579.336304230994,10305.67665915043,21273.659645080566,4,2
2026-05-22,1779480000000,,31896.063382798115,3977.5133034524088,27918.550079345703,5,2
2026-05-26,1779825600000,,31689.732801133076,3977.5133034524088,27712.219497680664,5,2
2026-05-27,1779912000000,,31341.49299400417,3977.5133034524088,27363.979690551758,5,2
2026-05-28,1779998400000,,31144.2635075873,10142.863345844133,21001.400161743164,4,2
2026-05-29,1780084800000,,30981.94550439789,9682.795930118104,21299.149574279785,4,1
2026-06-01,1780344000000,,31230.8834909687,10098.045821596143,21132.83766937256,4,1
2026-06-02,1780430400000,,31359.63401100968,5330.061531761632,26029.572479248047,5,2
2026-06-03,1780516800000,,31132.45893929337,5330.061531761632,25802.39740753174,5,2
2026-06-04,1780603200000,,31315.913719452354,8526.27388027999,22789.639839172363,4,1
2026-06-05,1780689600000,,30746.233171987005,3632.303438710639,27113.929733276367,5,2
2026-06-08,1780948800000,,30948.962946462103,3632.303438710639,27316.659507751465,5,2
2026-06-09,1781035200000,,30803.699205250323,12685.998964161456,18117.700241088867,3,1
2026-06-10,1781121600000,,30439.883816179834,4294.794010576807,26145.089805603027,5,2
2026-06-11,1781208000000,,30713.123981890283,4294.794010576807,26418.329971313477,5,2
2026-06-12,1781294400000,,31176.264133867822,4294.794010576807,26881.470123291016,5,2
2026-06-15,1781553600000,,30851.524410662256,4294.794010576807,26556.73040008545,5,2
2026-06-16,1781640000000,,30442.983608660303,4294.794010576807,26148.189598083496,5,2
2026-06-17,1781726400000,,29903.034176287256,4294.794010576807,25608.24016571045,5,2
2026-06-18,1781812800000,,29805.164226946436,4294.794010576807,25510.37021636963,5,2
2026-06-22,1782158400000,,30174.8841442438,4294.794010576807,25880.090133666992,5,2
2026-06-23,1782244800000,,29910.831628946664,10227.881548075082,19682.950080871582,4,2
2026-06-24,1782331200000,,30082.337799775578,4279.3375937819255,25803.000205993652,5,2
2026-06-25,1782417600000,,30703.347847688176,4279.3375937819255,26424.01025390625,5,2
2026-06-26,1782504000000,,30798.798180329777,4279.3375937819255,26519.46058654785,5,2
2026-06-29,1782763200000,,30786.277703034855,4279.3375937819255,26506.94010925293,5,2
2026-06-30,1782849600000,,30755.47795938251,4279.3375937819255,26476.140365600586,5,2
2026-07-01,1782936000000,,31119.54782937763,4279.3375937819255,26840.210235595703,5,2
2026-07-02,1783022400000,,30884.877922761418,4279.3375937819255,26605.540328979492,5,2
2026-07-06,1783368000000,,30742.557808625676,4279.3375937819255,26463.22021484375,5,2
2026-07-07,1783454400000,,30601.925223198064,8458.83513530744,22143.090087890625,4,2
2026-07-08,1783540800000,,30270.18716611457,2366.74761380744,27903.43955230713,5,2
2026-07-09,1783627200000,,30546.997957130196,2366.74761380744,28180.250343322754,5,2
2026-07-10,1783713600000,,30521.007364173653,2366.74761380744,28154.25975036621,5,2
2026-07-13,1783972800000,,30725.627481361153,2366.74761380744,28358.87986755371,5,2
2026-07-14,1784059200000,,30964.82738675666,2366.74761380744,28598.07977294922,5,2
2026-07-15,1784145600000,,30987.00764646125,2366.74761380744,28620.26003265381,5,2
2026-07-16,1784232000000,,30956.367975135567,2366.74761380744,28589.620361328125,5,2
2026-07-17,1784318400000,,31058.667573829414,2366.74761380744,28691.919960021973,5,2
2026-07-20,1784577600000,,30895.457330604317,2366.74761380744,28528.709716796875,5,2
2026-07-21,1784664000000,,31166.977197547676,2366.74761380744,28800.229583740234,5,2
2026-07-22,1784750400000,,31035.41819181037,2366.74761380744,28668.67057800293,5,2
2026-07-23,1784836800000,,30731.898332496407,2366.74761380744,28365.150718688965,5,2
2026-07-24,1784923200000,,30762.767335792305,2366.74761380744,28396.019721984863,5,2
2026-07-27,1785182400000,,30580.71320741653,7257.133426837918,23323.579780578613,4,2
2026-07-28,1785268800000,,30530.931969698555,6713.911301668768,23817.020668029785,4,2
2026-07-29,1785355200000,,30098.586682450237,645.7074023599034,29452.879280090332,5,2
2026-07-30,1785441600000,,30010.626338599992,6482.556010841201,23528.07032775879,4,2
2026-07-31,1785528000000,,30003.75306669037,2005.9227596835326,27997.830307006836,5,2
2026-08-03,1785787200000,,29748.388760458405,6338.438923727448,23409.949836730957,4,2
2026-08-04,1785873600000,,29960.197695263487,1713.937876232725,28246.25981903076,5,2
2026-08-05,1785960000000,,29841.167963513,1713.937876232725,28127.230087280273,5,2
2026-08-06,1786046400000,,29379.764639106746,12255.104612556454,17124.660026550293,3,2
2026-08-07,1786132800000,,29611.74009872159,1712.7903230257916,27898.9497756958,5,2
2026-08-10,1786392000000,,29759.859903103916,1712.7903230257916,28047.069580078125,5,2
2026-08-11,1786478400000,,29769.710435635654,1712.7903230257916,28056.920112609863,5,2
2026-08-12,1786564800000,,29873.71058059415,1712.7903230257916,28160.92025756836,5,2
2026-08-13,1786651200000,,29961.960366971103,1712.7903230257916,28249.170043945312,5,2
2026-08-14,1786737600000,,29898.620828396884,1712.7903230257916,28185.830505371094,5,2
2026-08-17,1786996800000,,29774.789788968174,1712.7903230257916,28061.999465942383,5,2
2026-08-18,1787083200000,,29782.330011136142,1712.7903230257916,28069.53968811035,5,2
2026-08-19,1787169600000,,29317.950769192783,1712.7903230257916,27605.160446166992,5,2
2026-08-20,1787256000000,,29082.799867695932,13244.74960524476,15838.050262451172,3,1
2026-08-21,1787342400000,,29385.127705810435,2034.2477009276217,27350.880004882812,5,2
2026-08-24,1787601600000,,29409.457295654185,2034.2477009276217,27375.209594726562,5,2
2026-08-25,1787688000000,,29530.35734295643,2034.2477009276217,27496.10964202881,5,2
2026-08-26,1787774400000,,29605.32730603016,2034.2477009276217,27571.07960510254,5,2
2026-08-27,1787860800000,,29786.897694824107,2034.2477009276217,27752.649993896484,5,2
2026-08-28,1787947200000,,29606.917424438365,2034.2477009276217,27572.669723510742,5,2
2026-08-31,1788206400000,,29426.118908713608,7163.578778098375,22262.540130615234,4,2
2026-09-01,1788292800000,,28877.180679016543,9034.9911495976,19842.189529418945,4,1
2026-09-02,1788379200000,,29239.994894413183,4085.2351669351556,25154.759727478027,5,2
2026-09-03,1788465600000,,29536.94515076084,4085.2351669351556,25451.709983825684,5,2
2026-09-04,1788552000000,,29382.925070194433,4085.2351669351556,25297.689903259277,5,2
2026-09-08,1788897600000,,29370.40494385166,4085.2351669351556,25285.169776916504,5,2
2026-09-09,1788984000000,,29388.85542908115,4085.2351669351556,25303.620262145996,5,2
2026-09-10,1789070400000,,29185.496290676267,8810.456198208005,20375.04009246826,4,2
2026-09-11,1789156800000,,29567.805919497918,5267.576114505242,24300.229804992676,5,2
2026-09-14,1789416000000,,29128.526584475945,5267.576114505242,23860.950469970703,5,2
2026-09-15,1789502400000,,29695.03722047707,11481.997257708512,18213.039962768555,4,2
2026-09-16,1789588800000,,29653.70039666783,7392.390574585313,22261.30982208252,5,2
2026-09-17,1789675200000,,30048.22016442906,7392.390574585313,22655.82958984375,5,2
2026-09-18,1789761600000,,29694.370791565292,7392.390574585313,22301.98021697998,5,2
2026-09-21,1790020800000,,29227.820269714706,7392.390574585313,21835.429695129395,5,2
2026-09-22,1790107200000,,28731.689202185236,11960.139260168635,16771.5499420166,4,2
2026-09-23,1790193600000,,28683.81244607392,6458.822287992865,22224.990158081055,5,2
2026-09-24,1790280000000,,29131.23186440888,6458.822287992865,22672.409576416016,5,2
2026-09-25,1790366400000,,29282.921714262397,6458.822287992865,22824.09942626953,5,2
2026-09-28,1790625600000,,29257.532584623725,6458.822287992865,22798.71029663086,5,2
2026-09-29,1790712000000,,29336.41240640107,6458.822287992865,22877.590118408203,5,2
2026-09-30,1790798400000,,29185.582358793647,6458.822287992865,22726.76007080078,5,2
2026-10-01,1790884800000,,29321.271964506537,6458.822287992865,22862.449676513672,5,2
2026-10-02,1790971200000,,29514.48186440888,6458.822287992865,23055.659576416016,5,2
