date,at,phase,equity,cash,exposure,positions,maxSectorPositions
2017-10-02,1506951000000,beforeFirstOpen,10000,10000,0,,
2017-10-02,1506974400000,,10000,10000,0,0,0
2017-10-03,1507060800000,,10009.178454127778,224.14469024227878,9785.033763885498,5,2
2017-10-04,1507147200000,,10039.551686015595,224.14469024227878,9815.406995773315,5,2
2017-10-05,1507233600000,,10083.363161769379,224.14469024227878,9859.2184715271,5,2
2017-10-06,1507320000000,,10115.353411403168,224.14469024227878,9891.208721160889,5,2
2017-10-09,1507579200000,,10124.791624751557,224.14469024227878,9900.646934509277,5,2
2017-10-10,1507665600000,,10127.06483527707,224.14469024227878,9902.92014503479,5,2
2017-10-11,1507752000000,,10109.945551600922,224.14469024227878,9885.800861358643,5,2
2017-10-12,1507838400000,,10202.356230464447,224.14469024227878,9978.211540222168,5,2
2017-10-13,1507924800000,,10183.196394649018,224.14469024227878,9959.051704406738,5,2
2017-10-16,1508184000000,,10191.162401881684,224.14469024227878,9967.017711639404,5,2
2017-10-17,1508270400000,,10171.883343425263,224.14469024227878,9947.738653182983,5,2
2017-10-18,1508356800000,,10192.947182384003,224.14469024227878,9968.802492141724,5,2
2017-10-19,1508443200000,,10203.483471599091,224.14469024227878,9979.338781356812,5,2
2017-10-20,1508529600000,,10283.02661010312,224.14469024227878,10058.88191986084,5,2
2017-10-23,1508788800000,,10304.019821849335,224.14469024227878,10079.875131607056,5,2
2017-10-24,1508875200000,,10361.510517802704,224.14469024227878,10137.365827560425,5,2
2017-10-25,1508961600000,,10303.110605922211,224.14469024227878,10078.965915679932,5,2
2017-10-26,1509048000000,,10308.740051951874,224.14469024227878,10084.595361709595,5,2
2017-10-27,1509134400000,,10350.189799037445,224.14469024227878,10126.045108795166,5,2
2017-10-30,1509393600000,,10267.756758418549,224.14469024227878,10043.61206817627,5,2
2017-10-31,1509480000000,,10323.67232581662,224.14469024227878,10099.52763557434,5,2
2017-11-01,1509566400000,,10302.232836451996,224.14469024227878,10078.088146209717,5,2
2017-11-02,1509652800000,,10394.292000499237,224.14469024227878,10170.147310256958,5,2
2017-11-03,1509739200000,,10424.90298029959,2199.0889544206843,8225.814025878906,4,2
2017-11-06,1510002000000,,10462.327986187407,151.58675426907303,10310.741231918335,5,2
2017-11-07,1510088400000,,10511.904562420317,151.58675426907303,10360.317808151245,5,2
2017-11-08,1510174800000,,10707.176241344878,151.58675426907303,10555.589487075806,5,2
2017-11-09,1510261200000,,10490.444797939726,151.58675426907303,10338.858043670654,5,2
2017-11-10,1510347600000,,10510.268404430815,151.58675426907303,10358.681650161743,5,2
2017-11-13,1510606800000,,10482.633572048613,151.58675426907303,10331.046817779541,5,2
2017-11-14,1510693200000,,10455.518024868437,151.58675426907303,10303.931270599365,5,2
2017-11-15,1510779600000,,10390.729077695185,2202.3124212010453,8188.416656494141,4,2
2017-11-16,1510866000000,,10495.247042929928,889.2902863381305,9605.956756591797,5,2
2017-11-17,1510952400000,,10510.836764609616,889.2902863381305,9621.546478271484,5,2
2017-11-20,1511211600000,,10593.37022713403,889.2902863381305,9704.079940795898,5,2
2017-11-21,1511298000000,,10825.610354697506,889.2902863381305,9936.320068359375,5,2
2017-11-22,1511384400000,,10782.437152182858,889.2902863381305,9893.146865844727,5,2
2017-11-24,1511557200000,,10832.656863486569,889.2902863381305,9943.366577148438,5,2
2017-11-27,1511816400000,,10593.49701241235,889.2902863381305,9704.206726074219,5,2
2017-11-28,1511902800000,,10711.596820151608,889.2902863381305,9822.306533813477,5,2
2017-11-29,1511989200000,,10470.11742588313,2099.3241824749284,8370.793243408203,4,2
2017-11-30,1512075600000,,10548.919460361238,12.594447200533068,10536.325013160706,5,2
2017-12-01,1512162000000,,10364.145614192183,2015.9254756423782,8348.220138549805,4,2
2017-12-04,1512421200000,,10217.451498839278,2194.171454283614,8023.280044555664,4,2
2017-12-05,1512507600000,,10163.109026661476,157.36400484140677,10005.745021820068,5,2
2017-12-06,1512594000000,,10185.769032230934,157.36400484140677,10028.405027389526,5,2
2017-12-07,1512680400000,,10229.863960972389,157.36400484140677,10072.499956130981,5,2
2017-12-08,1512766800000,,10297.11402772959,157.36400484140677,10139.750022888184,5,2
2017-12-11,1513026000000,,10223.035238697426,2281.07023473014,7941.965003967285,4,2
2017-12-12,1513112400000,,10225.973168292643,249.49321261942623,9976.479955673218,5,2
2017-12-13,1513198800000,,10282.27818194926,249.49321261942623,10032.784969329834,5,2
2017-12-14,1513285200000,,10246.108239093424,249.49321261942623,9996.615026473999,5,2
2017-12-15,1513371600000,,10388.173170962931,249.49321261942623,10138.679958343506,5,2
2017-12-18,1513630800000,,10395.363079944254,249.49321261942623,10145.86986732483,5,2
2017-12-19,1513717200000,,10215.703730226827,6.5435644400820365,10209.160165786743,5,2
2017-12-20,1513803600000,,10147.44344389565,6.5435644400820365,10140.899879455566,5,2
2017-12-21,1513890000000,,10111.108446718526,6.5435644400820365,10104.564882278442,5,2
2017-12-22,1513976400000,,9976.564816363472,72.7348336059033,9903.829982757568,5,2
2017-12-26,1514322000000,,9978.434790499825,72.7348336059033,9905.69995689392,5,2
2017-12-27,1514408400000,,9977.049879916329,72.7348336059033,9904.315046310425,5,2
2017-12-28,1514494800000,,10015.43486679377,72.7348336059033,9942.700033187866,5,2
2017-12-29,1514581200000,,9898.149624713082,72.7348336059033,9825.414791107178,5,2
2018-01-02,1514926800000,,9928.715354329535,1929.7352250875929,7998.980129241943,4,1
2018-01-03,1515013200000,,9972.061832087638,38.54326977074447,9933.518562316895,5,2
2018-01-04,1515099600000,,9992.604829447868,38.54326977074447,9954.061559677124,5,2
2018-01-05,1515186000000,,10054.396550791862,38.54326977074447,10015.853281021118,5,2
2018-01-08,1515445200000,,10096.231547968986,38.54326977074447,10057.688278198242,5,2
2018-01-09,1515531600000,,10184.54349865258,38.54326977074447,10146.000228881836,5,2
2018-01-10,1515618000000,,10158.559585230949,38.54326977074447,10120.016315460205,5,2
2018-01-11,1515704400000,,10179.499215739372,38.54326977074447,10140.955945968628,5,2
2018-01-12,1515790800000,,10227.306090968254,38.54326977074447,10188.76282119751,5,2
2018-01-16,1516136400000,,10088.401425974967,38.54326977074447,10049.858156204224,5,2
2018-01-17,1516222800000,,10232.951625483634,38.54326977074447,10194.40835571289,5,2
2018-01-18,1516309200000,,10153.649699824455,38.54326977074447,10115.106430053711,5,2
2018-01-19,1516395600000,,10275.652578013542,38.54326977074447,10237.109308242798,5,2
2018-01-22,1516654800000,,10265.054164546134,38.54326977074447,10226.51089477539,5,2
2018-01-23,1516741200000,,10307.365760462882,38.54326977074447,10268.822490692139,5,2
2018-01-24,1516827600000,,10278.042697566154,38.54326977074447,10239.49942779541,5,2
2018-01-25,1516914000000,,10196.44356884301,38.54326977074447,10157.900299072266,5,2
2018-01-26,1517000400000,,10274.196239131095,38.54326977074447,10235.652969360352,5,2
2018-01-29,1517259600000,,10209.554885523918,38.54326977074447,10171.011615753174,5,2
2018-01-30,1517346000000,,10270.041801112297,38.54326977074447,10231.498531341553,5,2
2018-01-31,1517432400000,,10285.511722857063,1867.4066756311113,8418.105047225952,4,1
2018-02-01,1517518800000,,10392.53557929139,29.175784674690476,10363.3597946167,5,1
2018-02-02,1517605200000,,10211.430797186898,29.175784674690476,10182.255012512207,5,1
2018-02-05,1517864400000,,9886.275196035082,1886.6752147270968,7999.599981307983,4,1
2018-02-06,1517950800000,,9858.109929254137,5441.554959466537,4416.554969787598,2,1
2018-02-07,1518037200000,,9962.406616687766,1712.4037337303066,8250.002882957458,4,1
2018-02-08,1518123600000,,9726.133603572836,1712.4037337303066,8013.729869842529,4,1
2018-02-09,1518210000000,,9791.734798296717,3774.822752817896,6016.912045478821,3,1
2018-02-12,1518469200000,,9820.016556605127,3774.822752817896,6045.193803787231,3,1
2018-02-13,1518555600000,,9894.658716067102,3774.822752817896,6119.8359632492065,3,1
2018-02-14,1518642000000,,9947.736770495203,3774.822752817896,6172.914017677307,3,1
2018-02-15,1518728400000,,10023.744111942835,1306.0576581235603,8717.686453819275,5,2
2018-02-16,1518814800000,,9831.152682651911,520.0025104183298,9311.150172233582,5,2
2018-02-20,1519160400000,,9781.740467419062,520.0025104183298,9261.737957000732,5,2
2018-02-21,1519246800000,,9781.170552601252,520.0025104183298,9261.168042182922,5,2
2018-02-22,1519333200000,,9766.65260731164,520.0025104183298,9246.65009689331,5,2
2018-02-23,1519419600000,,9891.128651966486,520.0025104183298,9371.126141548157,5,2
2018-02-26,1519678800000,,10005.638436664973,520.0025104183298,9485.635926246643,5,2
2018-02-27,1519765200000,,9945.57264172021,520.0025104183298,9425.57013130188,5,2
2018-02-28,1519851600000,,9908.218374599848,520.0025104183298,9388.215864181519,5,2
2018-03-01,1519938000000,,9717.890541424189,520.0025104183298,9197.88803100586,5,2
2018-03-02,1520024400000,,9819.77055489007,520.0025104183298,9299.76804447174,5,2
2018-03-05,1520283600000,,9858.592482914362,520.0025104183298,9338.589972496033,5,2
2018-03-06,1520370000000,,9898.482507099543,520.0025104183298,9378.479996681213,5,2
2018-03-07,1520456400000,,9934.24851356927,520.0025104183298,9414.24600315094,5,2
2018-03-08,1520542800000,,10049.46447311822,520.0025104183298,9529.46196269989,5,2
2018-03-09,1520629200000,,10165.85452591363,520.0025104183298,9645.8520154953,5,2
2018-03-12,1520884800000,,10165.386489262019,520.0025104183298,9645.383978843689,5,2
2018-03-13,1520971200000,,10154.752596249018,520.0025104183298,9634.750085830688,5,2
2018-03-14,1521057600000,,10125.554496158991,520.0025104183298,9605.551985740662,5,2
2018-03-15,1521144000000,,10121.326540340815,520.0025104183298,9601.324029922485,5,2
2018-03-16,1521230400000,,10084.552438129816,520.0025104183298,9564.549927711487,5,2
2018-03-19,1521489600000,,10033.462366451655,520.0025104183298,9513.459856033325,5,2
2018-03-20,1521576000000,,10138.766455997858,520.0025104183298,9618.763945579529,5,2
2018-03-21,1521662400000,,10171.35849605981,520.0025104183298,9651.35598564148,5,2
2018-03-22,1521748800000,,9934.99060856286,520.0025104183298,9414.988098144531,5,2
2018-03-23,1521835200000,,9953.295223571895,2141.25513491833,7812.040088653564,4,2
2018-03-26,1522094400000,,10031.010023071873,10031.010023071873,0,0,0
2018-03-27,1522180800000,,9989.17797545551,6584.787907401311,3404.390068054199,2,1
2018-03-28,1522267200000,,9946.637913504826,6584.787907401311,3361.8500061035156,2,1
2018-03-29,1522353600000,,10028.209258568426,5193.369224083562,4834.840034484863,3,1
2018-04-02,1522699200000,,9890.752281441868,1278.9822619106187,8611.77001953125,5,2
2018-04-03,1522785600000,,9933.726844345303,9933.726844345303,0,0,0
2018-04-04,1522872000000,,9933.089182461263,8002.009203518392,1931.079978942871,1,1
2018-04-05,1522958400000,,9976.532553454808,6035.732580920629,3940.7999725341797,2,1
2018-04-06,1523044800000,,9812.369191888856,315.3690774479385,9497.000114440918,5,2
2018-04-09,1523304000000,,9754.469182733583,315.3690774479385,9439.100105285645,5,2
2018-04-10,1523390400000,,9823.20912719159,315.3690774479385,9507.840049743652,5,2
2018-04-11,1523476800000,,9830.128999480248,486.8791596975341,9343.249839782715,5,2
2018-04-12,1523563200000,,9905.079103240014,486.8791596975341,9418.19994354248,5,2
2018-04-13,1523649600000,,9839.839170226098,486.8791596975341,9352.960010528564,5,2
2018-04-16,1523908800000,,9925.95917297268,486.8791596975341,9439.080013275146,5,2
2018-04-17,1523995200000,,10026.169240721703,486.8791596975341,9539.29008102417,5,2
2018-04-18,1524081600000,,9996.849397429467,486.8791596975341,9509.970237731934,5,2
2018-04-19,1524168000000,,9994.29929519558,486.8791596975341,9507.420135498047,5,2
2018-04-20,1524254400000,,9911.439256438256,486.8791596975341,9424.560096740723,5,2
2018-04-23,1524513600000,,9915.689183959008,486.8791596975341,9428.810024261475,5,2
2018-04-24,1524600000000,,9808.389078724054,2199.2592226144343,7609.129856109619,4,1
2018-04-25,1524686400000,,9725.320701188408,2133.7248111432427,7591.595890045166,4,1
2018-04-26,1524772800000,,9756.387545589554,186.13541698848076,9570.252128601074,5,1
2018-04-27,1524859200000,,9710.387423519242,186.13541698848076,9524.252006530762,5,1
2018-04-30,1525118400000,,9650.79151440059,186.13541698848076,9464.65609741211,5,1
2018-05-01,1525204800000,,9405.777954034043,1979.398120812608,7426.379833221436,4,1
2018-05-02,1525291200000,,9464.20123122625,465.8633253424621,8998.337905883789,5,1
2018-05-03,1525377600000,,9412.763292536065,465.8633253424621,8946.899967193604,5,1
2018-05-04,1525464000000,,9552.775811201698,2200.5946893755263,7352.181121826172,4,1
2018-05-07,1525723200000,,9697.068813770531,484.58772322487675,9212.481090545654,5,1
2018-05-08,1525809600000,,9667.158855884789,484.58772322487675,9182.571132659912,5,1
2018-05-09,1525896000000,,10228.426521747826,484.58772322487675,9743.83879852295,5,1
2018-05-10,1525982400000,,10335.751049488304,484.58772322487675,9851.163326263428,5,1
2018-05-11,1526068800000,,10420.235317676781,484.58772322487675,9935.647594451904,5,1
2018-05-14,1526328000000,,10292.187611072777,484.58772322487675,9807.5998878479,5,1
2018-05-15,1526414400000,,10115.946686237572,484.58772322487675,9631.358963012695,5,1
2018-05-16,1526500800000,,10193.331211536644,484.58772322487675,9708.743488311768,5,1
2018-05-17,1526587200000,,10396.400978534935,484.58772322487675,9911.813255310059,5,1
2018-05-18,1526673600000,,10393.79758116555,484.58772322487675,9909.209857940674,5,1
2018-05-21,1526932800000,,10517.435482471703,484.58772322487675,10032.847759246826,5,1
2018-05-22,1527019200000,,10540.502151935814,484.58772322487675,10055.914428710938,5,1
2018-05-23,1527105600000,,10452.47435423684,484.58772322487675,9967.886631011963,5,1
2018-05-24,1527192000000,,10594.358438844933,145.12715756441548,10449.231281280518,5,1
2018-05-25,1527278400000,,10583.658197756065,145.12715756441548,10438.53104019165,5,1
2018-05-29,1527624000000,,10579.009481783165,145.12715756441548,10433.88232421875,5,1
2018-05-30,1527710400000,,10665.52279889132,145.12715756441548,10520.395641326904,5,1
2018-05-31,1527796800000,,10643.018423433556,145.12715756441548,10497.89126586914,5,1
2018-06-01,1527883200000,,11055.8072837546,145.12715756441548,10910.680126190186,5,1
2018-06-04,1528142400000,,11134.7904037192,145.12715756441548,10989.663246154785,5,1
2018-06-05,1528228800000,,11122.26838910128,145.12715756441548,10977.141231536865,5,1
2018-06-06,1528315200000,,11196.236032839073,145.12715756441548,11051.108875274658,5,1
2018-06-07,1528401600000,,10993.453821535362,145.12715756441548,10848.326663970947,5,1
2018-06-08,1528488000000,,11042.60226869135,1816.6191601708417,9225.983108520508,4,1
2018-06-11,1528747200000,,11023.439592680714,68.75866540410289,10954.680927276611,5,2
2018-06-12,1528833600000,,11084.852930388233,68.75866540410289,11016.09426498413,5,2
2018-06-13,1528920000000,,11033.82510217168,68.75866540410289,10965.066436767578,5,2
2018-06-14,1529006400000,,10980.81413873174,68.75866540410289,10912.055473327637,5,2
2018-06-15,1529092800000,,11033.494207701466,68.75866540410289,10964.735542297363,5,2
2018-06-18,1529352000000,,11154.51631387212,68.75866540410289,11085.757648468018,5,2
2018-06-19,1529438400000,,11123.602121672413,68.75866540410289,11054.84345626831,5,2
2018-06-20,1529524800000,,11266.5375464771,68.75866540410289,11197.778881072998,5,2
2018-06-21,1529611200000,,11150.159887633106,68.75866540410289,11081.401222229004,5,2
2018-06-22,1529697600000,,11113.228704771778,68.75866540410289,11044.470039367676,5,2
2018-06-25,1529956800000,,10776.090736933356,1744.967270441657,9031.1234664917,4,1
2018-06-26,1530043200000,,10901.106676865089,2052.9567592625494,8848.149917602539,4,1
2018-06-27,1530129600000,,10728.638690098853,217.37104330930265,10511.26764678955,5,2
2018-06-28,1530216000000,,10852.583300694556,217.37104330930265,10635.212257385254,5,2
2018-06-29,1530302400000,,10784.456484898657,217.37104330930265,10567.085441589355,5,2
2018-07-02,1530561600000,,10832.424410924048,217.37104330930265,10615.053367614746,5,2
2018-07-03,1530648000000,,10842.968768223853,217.37104330930265,10625.59772491455,5,2
2018-07-05,1530820800000,,10972.367846592993,217.37104330930265,10754.996803283691,5,2
2018-07-06,1530907200000,,11104.263217076392,217.37104330930265,10886.89217376709,5,2
2018-07-09,1531166400000,,11100.903086766333,217.37104330930265,10883.532043457031,5,2
2018-07-10,1531252800000,,11188.781031712622,217.37104330930265,10971.40998840332,5,2
2018-07-11,1531339200000,,11206.316752537818,217.37104330930265,10988.945709228516,5,2
2018-07-12,1531425600000,,11321.060183629126,217.37104330930265,11103.689140319824,5,2
2018-07-13,1531512000000,,11212.534888133376,1862.260382518142,9350.274505615234,4,1
2018-07-16,1531771200000,,11259.218428464537,0.2219227272335047,11258.996505737305,5,1
2018-07-17,1531857600000,,11330.061890698169,1776.2565470702389,9553.80534362793,4,1
2018-07-18,1531944000000,,11345.437889861552,241.79224471995076,11103.645645141602,5,2
2018-07-19,1532030400000,,11393.300133513896,241.79224471995076,11151.507888793945,5,2
2018-07-20,1532116800000,,11442.124520110576,241.79224471995076,11200.332275390625,5,2
2018-07-23,1532376000000,,11447.96096878001,241.79224471995076,11206.168724060059,5,2
2018-07-24,1532462400000,,11281.340662775463,2564.0707347969465,8717.269927978516,4,2
2018-07-25,1532548800000,,11361.760810296337,1064.6764139340316,10297.084396362305,5,2
2018-07-26,1532635200000,,11145.069786846294,315.54322892393066,10829.526557922363,5,2
2018-07-27,1532721600000,,10802.858318644301,2091.897205668227,8710.961112976074,4,1
2018-07-30,1532980800000,,10560.822595015534,2332.24151743985,8228.581077575684,4,2
2018-07-31,1533067200000,,10692.208424618317,264.86295418985037,10427.345470428467,5,2
2018-08-01,1533153600000,,10805.627118160797,264.86295418985037,10540.764163970947,5,2
2018-08-02,1533240000000,,10927.270802548004,264.86295418985037,10662.407848358154,5,2
2018-08-03,1533326400000,,10912.121651699616,264.86295418985037,10647.258697509766,5,2
2018-08-06,1533585600000,,10900.57516198404,264.86295418985037,10635.71220779419,5,2
2018-08-07,1533672000000,,10930.417603542877,264.86295418985037,10665.554649353027,5,2
2018-08-08,1533758400000,,10705.891452037238,1074.5160858263025,9631.375366210938,5,2
2018-08-09,1533844800000,,10704.592665873908,1074.5160858263025,9630.076580047607,5,2
2018-08-10,1533931200000,,10678.488249980353,1074.5160858263025,9603.972164154053,5,2
2018-08-13,1534190400000,,10626.276072703742,1074.5160858263025,9551.759986877441,5,2
2018-08-14,1534276800000,,10663.826018535041,1074.5160858263025,9589.30993270874,5,2
2018-08-15,1534363200000,,10617.946192943,1074.5160858263025,9543.4301071167,5,2
2018-08-16,1534449600000,,10682.06935044422,1074.5160858263025,9607.55326461792,5,2
2018-08-17,1534536000000,,10761.028132640266,1074.5160858263025,9686.512046813965,5,2
2018-08-20,1534795200000,,10820.84832688465,1074.5160858263025,9746.33224105835,5,2
2018-08-21,1534881600000,,10839.440394603156,1074.5160858263025,9764.924308776855,5,2
2018-08-22,1534968000000,,10813.966109477424,1074.5160858263025,9739.450023651123,5,2
2018-08-23,1535054400000,,10860.743903361701,1074.5160858263025,9786.2278175354,5,2
2018-08-24,1535140800000,,11000.531554423713,1074.5160858263025,9926.015468597412,5,2
2018-08-27,1535400000000,,11013.293788157844,1074.5160858263025,9938.777702331543,5,2
2018-08-28,1535486400000,,10945.63278504505,1074.5160858263025,9871.11669921875,5,2
2018-08-29,1535572800000,,10978.69391938343,1074.5160858263025,9904.177833557129,5,2
2018-08-30,1535659200000,,11027.370547496223,1074.5160858263025,9952.854461669922,5,2
2018-08-31,1535745600000,,11087.948497020148,1074.5160858263025,10013.432411193848,5,2
2018-09-04,1536091200000,,11093.481772624396,1074.5160858263025,10018.965686798096,5,2
2018-09-05,1536177600000,,11062.74704285755,1074.5160858263025,9988.23095703125,5,2
2018-09-06,1536264000000,,11061.028319560432,1074.5160858263025,9986.51223373413,5,2
2018-09-07,1536350400000,,11082.530352794074,1074.5160858263025,10008.014266967773,5,2
2018-09-10,1536609600000,,11078.940383159064,1074.5160858263025,10004.424297332764,5,2
2018-09-11,1536696000000,,11073.092826091193,1074.5160858263025,9998.576740264893,5,2
2018-09-12,1536782400000,,11113.994921885871,1074.5160858263025,10039.47883605957,5,2
2018-09-13,1536868800000,,11132.36713334217,1074.5160858263025,10057.85104751587,5,2
2018-09-14,1536955200000,,11116.64280244007,1074.5160858263025,10042.12671661377,5,2
2018-09-17,1537214400000,,11055.763861857795,1074.5160858263025,9981.247776031494,5,2
2018-09-18,1537300800000,,11120.63245502612,2892.474732552976,8228.157722473145,4,2
2018-09-19,1537387200000,,11032.40914296712,2837.6548247298183,8194.754318237305,4,2
2018-09-20,1537473600000,,11067.24844284557,837.6407997181302,10229.607643127441,5,2
2018-09-21,1537560000000,,11102.539633946644,837.6407997181302,10264.898834228516,5,2
2018-09-24,1537819200000,,11118.06191940807,837.6407997181302,10280.421119689941,5,2
2018-09-25,1537905600000,,11198.335135655629,837.6407997181302,10360.6943359375,5,2
2018-09-26,1537992000000,,11246.912043139102,2788.1199212518964,8458.792121887207,4,2
2018-09-27,1538078400000,,11271.224268162372,597.605394566182,10673.618873596191,5,2
2018-09-28,1538164800000,,11295.965311253192,597.605394566182,10698.359916687012,5,2
2018-10-01,1538424000000,,11245.377672398212,597.605394566182,10647.772277832031,5,2
2018-10-02,1538510400000,,11128.68205472243,597.605394566182,10531.07666015625,5,2
2018-10-03,1538596800000,,11209.455634185682,2703.8465414732814,8505.609092712402,4,2
2018-10-04,1538683200000,,11177.28248178044,480.6869426874232,10696.595539093018,5,2
2018-10-05,1538769600000,,11239.293517699629,480.6869426874232,10758.606575012207,5,2
2018-10-08,1539028800000,,11205.478004088789,480.6869426874232,10724.791061401367,5,2
2018-10-09,1539115200000,,11080.633460631758,480.6869426874232,10599.946517944336,5,2
2018-10-10,1539201600000,,10770.546623955643,8390.40670085994,2380.139923095703,1,1
2018-10-11,1539288000000,,10612.084335275013,6255.964252419789,4356.120082855225,2,1
2018-10-12,1539374400000,,10626.220617368821,10626.220617368821,0,0,0
2018-10-15,1539633600000,,10626.220617368821,10626.220617368821,0,0,0
2018-10-16,1539720000000,,10626.220617368821,10626.220617368821,0,0,0
2018-10-17,1539806400000,,10580.573588575808,8499.533599104372,2081.0399894714355,1,1
2018-10-18,1539892800000,,10482.050094325357,6345.680003840739,4136.370090484619,2,1
2018-10-19,1539979200000,,10489.350205607787,10489.350205607787,0,0,0
2018-10-22,1540238400000,,10489.350205607787,10489.350205607787,0,0,0
2018-10-23,1540324800000,,10489.350205607787,10489.350205607787,0,0,0
2018-10-24,1540411200000,,10489.350205607787,10489.350205607787,0,0,0
2018-10-25,1540497600000,,10489.350205607787,10489.350205607787,0,0,0
2018-10-26,1540584000000,,10489.350205607787,10489.350205607787,0,0,0
2018-10-29,1540843200000,,10489.350205607787,10489.350205607787,0,0,0
2018-10-30,1540929600000,,10489.350205607787,10489.350205607787,0,0,0
2018-10-31,1541016000000,,10489.350205607787,10489.350205607787,0,0,0
2018-11-01,1541102400000,,10489.350205607787,10489.350205607787,0,0,0
2018-11-02,1541188800000,,10489.350205607787,10489.350205607787,0,0,0
2018-11-05,1541451600000,,10489.350205607787,10489.350205607787,0,0,0
2018-11-06,1541538000000,,10489.350205607787,10489.350205607787,0,0,0
2018-11-07,1541624400000,,10489.350205607787,10489.350205607787,0,0,0
2018-11-08,1541710800000,,10542.896169488768,497.48637944970665,10045.409790039062,5,2
2018-11-09,1541797200000,,10532.786397760252,497.48637944970665,10035.300018310547,5,2
2018-11-12,1542056400000,,10391.661435907225,497.48637944970665,9894.17505645752,5,2
2018-11-13,1542142800000,,10369.40801789472,10369.40801789472,0,0,0
2018-11-14,1542229200000,,10369.40801789472,10369.40801789472,0,0,0
2018-11-15,1542315600000,,10369.40801789472,10369.40801789472,0,0,0
2018-11-16,1542402000000,,10369.40801789472,10369.40801789472,0,0,0
2018-11-19,1542661200000,,10369.40801789472,10369.40801789472,0,0,0
2018-11-20,1542747600000,,10369.40801789472,10369.40801789472,0,0,0
2018-11-21,1542834000000,,10369.40801789472,10369.40801789472,0,0,0
2018-11-23,1543006800000,,10369.40801789472,10369.40801789472,0,0,0
2018-11-26,1543266000000,,10369.40801789472,10369.40801789472,0,0,0
2018-11-27,1543352400000,,10369.40801789472,10369.40801789472,0,0,0
2018-11-28,1543438800000,,10369.40801789472,10369.40801789472,0,0,0
2018-11-29,1543525200000,,10369.40801789472,10369.40801789472,0,0,0
2018-11-30,1543611600000,,10369.40801789472,10369.40801789472,0,0,0
2018-12-03,1543870800000,,10369.40801789472,10369.40801789472,0,0,0
2018-12-04,1543957200000,,10259.064096577124,182.3244115185305,10076.739685058594,5,2
2018-12-06,1544130000000,,10241.246137087952,10241.246137087952,0,0,0
2018-12-07,1544216400000,,10241.246137087952,10241.246137087952,0,0,0
2018-12-10,1544475600000,,10241.246137087952,10241.246137087952,0,0,0
2018-12-11,1544562000000,,10241.246137087952,10241.246137087952,0,0,0
2018-12-12,1544648400000,,10241.246137087952,10241.246137087952,0,0,0
2018-12-13,1544734800000,,10241.246137087952,10241.246137087952,0,0,0
2018-12-14,1544821200000,,10241.246137087952,10241.246137087952,0,0,0
2018-12-17,1545080400000,,10241.246137087952,10241.246137087952,0,0,0
2018-12-18,1545166800000,,10241.246137087952,10241.246137087952,0,0,0
2018-12-19,1545253200000,,10241.246137087952,10241.246137087952,0,0,0
2018-12-20,1545339600000,,10241.246137087952,10241.246137087952,0,0,0
2018-12-21,1545426000000,,10241.246137087952,10241.246137087952,0,0,0
2018-12-24,1545685200000,,10241.246137087952,10241.246137087952,0,0,0
2018-12-26,1545858000000,,10241.246137087952,10241.246137087952,0,0,0
2018-12-27,1545944400000,,10241.246137087952,10241.246137087952,0,0,0
2018-12-28,1546030800000,,10241.246137087952,10241.246137087952,0,0,0
2018-12-31,1546290000000,,10241.246137087952,10241.246137087952,0,0,0
2019-01-02,1546462800000,,10241.246137087952,10241.246137087952,0,0,0
2019-01-03,1546549200000,,10241.246137087952,10241.246137087952,0,0,0
2019-01-04,1546635600000,,10241.246137087952,10241.246137087952,0,0,0
2019-01-07,1546894800000,,10241.246137087952,10241.246137087952,0,0,0
2019-01-08,1546981200000,,10241.246137087952,10241.246137087952,0,0,0
2019-01-09,1547067600000,,10241.246137087952,10241.246137087952,0,0,0
2019-01-10,1547154000000,,10241.246137087952,10241.246137087952,0,0,0
2019-01-11,1547240400000,,10241.246137087952,10241.246137087952,0,0,0
2019-01-14,1547499600000,,10241.246137087952,10241.246137087952,0,0,0
2019-01-15,1547586000000,,10241.246137087952,10241.246137087952,0,0,0
2019-01-16,1547672400000,,10241.246137087952,10241.246137087952,0,0,0
2019-01-17,1547758800000,,10241.246137087952,10241.246137087952,0,0,0
2019-01-18,1547845200000,,10241.246137087952,10241.246137087952,0,0,0
2019-01-22,1548190800000,,10241.246137087952,10241.246137087952,0,0,0
2019-01-23,1548277200000,,10241.246137087952,10241.246137087952,0,0,0
2019-01-24,1548363600000,,10241.246137087952,10241.246137087952,0,0,0
2019-01-25,1548450000000,,10241.246137087952,10241.246137087952,0,0,0
2019-01-28,1548709200000,,10241.246137087952,10241.246137087952,0,0,0
2019-01-29,1548795600000,,10241.246137087952,10241.246137087952,0,0,0
2019-01-30,1548882000000,,10241.246137087952,10241.246137087952,0,0,0
2019-01-31,1548968400000,,10241.246137087952,10241.246137087952,0,0,0
2019-02-01,1549054800000,,10241.246137087952,10241.246137087952,0,0,0
2019-02-04,1549314000000,,10241.246137087952,10241.246137087952,0,0,0
2019-02-05,1549400400000,,10241.246137087952,10241.246137087952,0,0,0
2019-02-06,1549486800000,,10241.246137087952,10241.246137087952,0,0,0
2019-02-07,1549573200000,,10241.246137087952,10241.246137087952,0,0,0
2019-02-08,1549659600000,,10241.246137087952,10241.246137087952,0,0,0
2019-02-11,1549918800000,,10241.246137087952,10241.246137087952,0,0,0
2019-02-12,1550005200000,,10241.246137087952,10241.246137087952,0,0,0
2019-02-13,1550091600000,,10226.018939419113,1113.1169428065648,9112.901996612549,5,2
2019-02-14,1550178000000,,10223.034774227463,1113.1169428065648,9109.917831420898,5,2
2019-02-15,1550264400000,,10372.150882168136,1113.1169428065648,9259.033939361572,5,2
2019-02-19,1550610000000,,10364.544982357345,1113.1169428065648,9251.428039550781,5,2
2019-02-20,1550696400000,,10373.57706396135,1113.1169428065648,9260.460121154785,5,2
2019-02-21,1550782800000,,10363.802993221603,1113.1169428065648,9250.686050415039,5,2
2019-02-22,1550869200000,,10553.876983089767,1113.1169428065648,9440.760040283203,5,2
2019-02-25,1551128400000,,10639.636878414474,1113.1169428065648,9526.51993560791,5,2
2019-02-26,1551214800000,,10690.523036403976,1113.1169428065648,9577.406093597412,5,2
2019-02-27,1551301200000,,10706.842852993332,1113.1169428065648,9593.725910186768,5,2
2019-02-28,1551387600000,,10659.701110287033,1113.1169428065648,9546.584167480469,5,2
2019-03-01,1551474000000,,10841.22879354509,1113.1169428065648,9728.111850738525,5,2
2019-03-04,1551733200000,,10765.57904378923,1113.1169428065648,9652.462100982666,5,2
2019-03-05,1551819600000,,10737.31683675798,1113.1169428065648,9624.199893951416,5,2
2019-03-06,1551906000000,,10666.862906856857,1113.1169428065648,9553.745964050293,5,2
2019-03-07,1551992400000,,10612.539096279465,1113.1169428065648,9499.4221534729,5,2
2019-03-08,1552078800000,,10559.226996822677,1113.1169428065648,9446.110054016113,5,2
2019-03-11,1552334400000,,10559.20244962933,10559.20244962933,0,0,0
2019-03-12,1552420800000,,10581.869400118147,562.6192837698795,10019.250116348267,5,2
2019-03-13,1552507200000,,10603.299415682111,562.6192837698795,10040.680131912231,5,2
2019-03-14,1552593600000,,10630.149324510847,562.6192837698795,10067.530040740967,5,2
2019-03-15,1552680000000,,10638.489322756086,562.6192837698795,10075.870038986206,5,2
2019-03-18,1552939200000,,10639.219238374983,562.6192837698795,10076.599954605103,5,2
2019-03-19,1553025600000,,10576.239301775251,562.6192837698795,10013.620018005371,5,2
2019-03-20,1553112000000,,10606.249261949812,562.6192837698795,10043.629978179932,5,2
2019-03-21,1553198400000,,10777.469467256818,562.6192837698795,10214.850183486938,5,2
2019-03-22,1553284800000,,10619.659282778059,562.6192837698795,10057.039999008179,5,2
2019-03-25,1553544000000,,10637.429237459455,562.6192837698795,10074.809953689575,5,2
2019-03-26,1553630400000,,10728.649206255232,562.6192837698795,10166.029922485352,5,2
2019-03-27,1553716800000,,10669.349218462263,562.6192837698795,10106.729934692383,5,2
2019-03-28,1553803200000,,10687.789381120954,562.6192837698795,10125.170097351074,5,2
2019-03-29,1553889600000,,10744.829292391096,562.6192837698795,10182.210008621216,5,2
2019-04-01,1554148800000,,10785.329483125959,562.6192837698795,10222.71019935608,5,2
2019-04-02,1554235200000,,10800.979221437727,562.6192837698795,10238.359937667847,5,2
2019-04-03,1554321600000,,10845.829116915022,562.6192837698795,10283.209833145142,5,2
2019-04-04,1554408000000,,10766.619253252302,562.6192837698795,10203.999969482422,5,2
2019-04-05,1554494400000,,10884.939333055769,562.6192837698795,10322.320049285889,5,2
2019-04-08,1554753600000,,10861.99917993382,562.6192837698795,10299.37989616394,5,2
2019-04-09,1554840000000,,10886.379247759138,562.6192837698795,10323.759963989258,5,2
2019-04-10,1554926400000,,10931.209213350568,562.6192837698795,10368.589929580688,5,2
2019-04-11,1555012800000,,10965.379230593,562.6192837698795,10402.75994682312,5,2
2019-04-12,1555099200000,,11050.939539049421,562.6192837698795,10488.320255279541,5,2
2019-04-15,1555358400000,,11048.519174669538,562.6192837698795,10485.899890899658,5,2
2019-04-16,1555444800000,,11050.609264467512,562.6192837698795,10487.989980697632,5,2
2019-04-17,1555531200000,,10988.907155324025,2630.5471089373063,8358.360046386719,4,2
2019-04-18,1555617600000,,10925.779146164357,438.32915303081245,10487.449993133545,5,2
2019-04-22,1555963200000,,10943.539045303762,438.32915303081245,10505.20989227295,5,2
2019-04-23,1556049600000,,11057.799032181203,438.32915303081245,10619.46987915039,5,2
2019-04-24,1556136000000,,11140.0991191563,438.32915303081245,10701.769966125488,5,2
2019-04-25,1556222400000,,11115.839002579152,438.32915303081245,10677.50984954834,5,2
2019-04-26,1556308800000,,11172.539205521047,438.32915303081245,10734.210052490234,5,2
2019-04-29,1556568000000,,11145.099225967824,438.32915303081245,10706.770072937012,5,2
2019-04-30,1556654400000,,11130.95899769634,438.32915303081245,10692.629844665527,5,2
2019-05-01,1556740800000,,11056.08882201177,2110.9788290308124,8945.109992980957,4,1
2019-05-02,1556827200000,,11112.830738822073,25.516545096486425,11087.314193725586,5,2
2019-05-03,1556913600000,,11251.390835562795,25.516545096486425,11225.874290466309,5,2
2019-05-06,1557172800000,,11139.501377860159,25.516545096486425,11113.984832763672,5,2
2019-05-07,1557259200000,,10968.593853751272,25.516545096486425,10943.077308654785,5,2
2019-05-08,1557345600000,,10981.694187918753,25.516545096486425,10956.177642822266,5,2
2019-05-09,1557432000000,,10981.019810477346,25.516545096486425,10955.50326538086,5,2
2019-05-10,1557518400000,,10972.624011942258,2088.6340827430395,8883.989929199219,4,1
2019-05-13,1557777600000,,10882.383999799193,65.55394456237559,10816.830055236816,5,2
2019-05-14,1557864000000,,10918.813847516478,65.55394456237559,10853.259902954102,5,2
2019-05-15,1557950400000,,10956.11385819763,65.55394456237559,10890.559913635254,5,2
2019-05-16,1558036800000,,11044.113919232786,65.55394456237559,10978.55997467041,5,2
2019-05-17,1558123200000,,11023.373967145384,65.55394456237559,10957.820022583008,5,2
2019-05-20,1558382400000,,10857.004193280638,65.55394456237559,10791.450248718262,5,2
2019-05-21,1558468800000,,10900.38389298767,65.55394456237559,10834.829948425293,5,2
2019-05-22,1558555200000,,10903.533970807493,65.55394456237559,10837.980026245117,5,2
2019-05-23,1558641600000,,10801.313816299578,154.80867027296608,10646.505146026611,5,2
2019-05-24,1558728000000,,10796.006786575457,154.80867027296608,10641.19811630249,5,2
2019-05-28,1559073600000,,10655.680813064715,154.80867027296608,10500.872142791748,5,2
2019-05-29,1559160000000,,10625.419491485234,2116.4155623470506,8509.003929138184,4,1
2019-05-30,1559246400000,,10680.09459371912,2116.4155623470506,8563.67903137207,4,1
2019-05-31,1559332800000,,10712.640128282415,589.3660995043383,10123.274028778076,5,1
2019-06-03,1559592000000,,10713.378547948667,10713.378547948667,0,0,0
2019-06-04,1559678400000,,10713.378547948667,10713.378547948667,0,0,0
2019-06-05,1559764800000,,10779.831197651663,339.2668665969759,10440.564331054688,5,2
2019-06-06,1559851200000,,10868.314832600394,339.2668665969759,10529.047966003418,5,2
2019-06-07,1559937600000,,10967.875646504202,339.2668665969759,10628.608779907227,5,2
2019-06-10,1560196800000,,10944.50694075469,339.2668665969759,10605.240074157715,5,2
2019-06-11,1560283200000,,10876.364828022757,339.2668665969759,10537.097961425781,5,2
2019-06-12,1560369600000,,10959.2069834793,339.2668665969759,10619.940116882324,5,2
2019-06-13,1560456000000,,10929.871236714163,339.2668665969759,10590.604370117188,5,2
2019-06-14,1560542400000,,10953.214528950492,339.2668665969759,10613.947662353516,5,2
2019-06-17,1560801600000,,10877.802312763968,339.2668665969759,10538.535446166992,5,2
2019-06-18,1560888000000,,10943.3833216751,339.2668665969759,10604.116455078125,5,2
2019-06-19,1560974400000,,10983.991033467093,339.2668665969759,10644.724166870117,5,2
2019-06-20,1561060800000,,11036.270315083304,339.2668665969759,10697.003448486328,5,2
2019-06-21,1561147200000,,10982.024610432425,339.2668665969759,10642.75774383545,5,2
2019-06-24,1561406400000,,10991.502431782523,339.2668665969759,10652.235565185547,5,2
2019-06-25,1561492800000,,10996.90344038848,339.2668665969759,10657.636573791504,5,2
2019-06-26,1561579200000,,10855.669042500296,339.2668665969759,10516.40217590332,5,2
2019-06-27,1561665600000,,10909.1591319168,339.2668665969759,10569.892265319824,5,2
2019-06-28,1561752000000,,10946.875585469046,339.2668665969759,10607.60871887207,5,2
2019-07-01,1562011200000,,11024.676839741507,339.2668665969759,10685.409973144531,5,2
2019-07-02,1562097600000,,11101.983465107718,339.2668665969759,10762.716598510742,5,2
2019-07-03,1562184000000,,11212.20021620635,339.2668665969759,10872.933349609375,5,2
2019-07-05,1562356800000,,11239.035497578421,339.2668665969759,10899.768630981445,5,2
2019-07-08,1562616000000,,11183.344663533011,339.2668665969759,10844.077796936035,5,2
2019-07-09,1562702400000,,11179.432256611624,339.2668665969759,10840.165390014648,5,2
2019-07-10,1562788800000,,11181.582563313284,339.2668665969759,10842.315696716309,5,2
2019-07-11,1562875200000,,11198.749174031058,339.2668665969759,10859.482307434082,5,2
2019-07-12,1562961600000,,11214.45454207305,339.2668665969759,10875.187675476074,5,2
2019-07-15,1563220800000,,11251.74229231719,339.2668665969759,10912.475425720215,5,2
2019-07-16,1563307200000,,11271.189046772757,339.2668665969759,10931.922180175781,5,2
2019-07-17,1563393600000,,11310.957845600882,339.2668665969759,10971.690979003906,5,2
2019-07-18,1563480000000,,11364.451185139456,339.2668665969759,11025.18431854248,5,2
2019-07-19,1563566400000,,11219.47324934844,339.2668665969759,10880.206382751465,5,2
2019-07-22,1563825600000,,11244.11453047637,339.2668665969759,10904.847663879395,5,2
2019-07-23,1563912000000,,11333.363408955374,339.2668665969759,10994.096542358398,5,2
2019-07-24,1563998400000,,11378.082418354788,339.2668665969759,11038.815551757812,5,2
2019-07-25,1564084800000,,11406.043833624793,2327.7938336247926,9078.25,4,2
2019-07-26,1564171200000,,11548.996976497572,279.7939125327289,11269.203063964844,5,2
2019-07-29,1564430400000,,11571.974958064955,279.7939125327289,11292.181045532227,5,2
2019-07-30,1564516800000,,11568.436010005873,279.7939125327289,11288.642097473145,5,2
2019-07-31,1564603200000,,11396.037839826673,2324.817838605971,9071.220001220703,4,1
2019-08-01,1564689600000,,11383.472707893767,88.35156073800545,11295.121147155762,5,1
2019-08-02,1564776000000,,11362.806127693571,88.35156073800545,11274.454566955566,5,1
2019-08-05,1565035200000,,11024.474703573007,4170.419222615976,6854.055480957031,3,1
2019-08-06,1565121600000,,11130.736910604257,4170.419222615976,6960.317687988281,3,1
2019-08-07,1565208000000,,11230.344409591227,16.824336654214676,11213.520072937012,5,2
2019-08-08,1565294400000,,11446.67126048234,16.824336654214676,11429.846923828125,5,2
2019-08-09,1565380800000,,11540.357417708903,16.824336654214676,11523.533081054688,5,2
2019-08-12,1565640000000,,11453.784297591716,16.824336654214676,11436.9599609375,5,2
2019-08-13,1565726400000,,11519.330913192302,16.824336654214676,11502.506576538086,5,2
2019-08-14,1565812800000,,11232.482036239177,16.824336654214676,11215.657699584961,5,2
2019-08-15,1565899200000,,11411.464343673259,16.824336654214676,11394.640007019043,5,2
2019-08-16,1565985600000,,11478.653407699137,16.824336654214676,11461.829071044922,5,2
2019-08-19,1566244800000,,11604.157802230387,16.824336654214676,11587.333465576172,5,2
2019-08-20,1566331200000,,11520.490810042887,16.824336654214676,11503.666473388672,5,2
2019-08-21,1566417600000,,11628.762050277262,16.824336654214676,11611.937713623047,5,2
2019-08-22,1566504000000,,11643.62896311906,16.824336654214676,11626.804626464844,5,2
2019-08-23,1566590400000,,11473.479808455973,16.824336654214676,11456.655471801758,5,2
2019-08-26,1566849600000,,11630.328883773356,16.824336654214676,11613.50454711914,5,2
2019-08-27,1566936000000,,11565.993236190348,16.824336654214676,11549.168899536133,5,2
2019-08-28,1567022400000,,11511.839725142985,16.824336654214676,11495.01538848877,5,2
2019-08-29,1567108800000,,11552.188953048259,16.824336654214676,11535.364616394043,5,2
2019-08-30,1567195200000,,11561.210872298747,16.824336654214676,11544.386535644531,5,2
2019-09-03,1567540800000,,11827.795344954997,16.824336654214676,11810.971008300781,5,2
2019-09-04,1567627200000,,11722.924113875895,16.824336654214676,11706.09977722168,5,2
2019-09-05,1567713600000,,11678.756476960229,2155.4406886911866,9523.315788269043,4,2
2019-09-06,1567800000000,,11648.824231920504,603.361635027193,11045.46259689331,5,2
2019-09-09,1568059200000,,11422.563310442232,603.361635027193,10819.201675415039,5,2
2019-09-10,1568145600000,,11225.526012324739,5065.623840236116,6159.902172088623,3,1
2019-09-11,1568232000000,,11287.910712606264,2949.204726583315,8338.70598602295,4,2
2019-09-12,1568318400000,,11278.579524768129,955.3829686768208,10323.196556091309,5,2
2019-09-13,1568404800000,,11277.405364764467,955.3829686768208,10322.022396087646,5,2
2019-09-16,1568664000000,,11163.576659522807,3320.157462440287,7843.4191970825195,4,2
2019-09-17,1568750400000,,11147.114060132659,1357.0370795418382,9790.07698059082,5,2
2019-09-18,1568836800000,,11128.17390891806,1357.0370795418382,9771.13682937622,5,2
2019-09-19,1568923200000,,10831.380967249177,5313.362546076081,5518.018421173096,3,2
2019-09-20,1569009600000,,10761.976098220643,1392.5894176176162,9369.386680603027,5,2
2019-09-23,1569268800000,,10706.159309700684,3277.996837929445,7428.16247177124,4,2
2019-09-24,1569355200000,,10624.324401699378,1133.9251745570432,9490.399227142334,5,2
2019-09-25,1569441600000,,10758.321029506995,1133.9251745570432,9624.395854949951,5,2
2019-09-26,1569528000000,,10776.48846038468,1133.9251745570432,9642.563285827637,5,2
2019-09-27,1569614400000,,10611.699386440589,1133.9251745570432,9477.774211883545,5,2
2019-09-30,1569873600000,,10643.664123379065,1133.9251745570432,9509.738948822021,5,2
2019-10-01,1569960000000,,10563.56127032019,3111.152731501831,7452.408538818359,4,2
2019-10-02,1570046400000,,10474.782653905826,4548.799217321355,5925.983436584473,3,1
2019-10-03,1570132800000,,10530.38293053284,2468.274589315801,8062.108341217041,4,2
2019-10-04,1570219200000,,10695.199033807065,427.6879864437842,10267.511047363281,5,2
2019-10-07,1570478400000,,10648.155271600033,427.6879864437842,10220.46728515625,5,2
2019-10-08,1570564800000,,10613.349355767514,427.6879864437842,10185.66136932373,5,2
2019-10-09,1570651200000,,10701.221624444272,427.6879864437842,10273.533638000488,5,2
2019-10-10,1570737600000,,10712.600801537777,427.6879864437842,10284.912815093994,5,2
2019-10-11,1570824000000,,10667.63091857269,427.6879864437842,10239.942932128906,5,2
2019-10-14,1571083200000,,10681.826616357113,427.6879864437842,10254.13862991333,5,2
2019-10-15,1571169600000,,10791.061334679867,427.6879864437842,10363.373348236084,5,2
2019-10-16,1571256000000,,10872.740633080746,427.6879864437842,10445.052646636963,5,2
2019-10-17,1571342400000,,10848.834299157406,427.6879864437842,10421.146312713623,5,2
2019-10-18,1571428800000,,10872.190847466733,427.6879864437842,10444.50286102295,5,2
2019-10-21,1571688000000,,10825.07782180145,427.6879864437842,10397.389835357666,5,2
2019-10-22,1571774400000,,10876.82964904144,427.6879864437842,10449.141662597656,5,2
2019-10-23,1571860800000,,10934.319891045834,427.6879864437842,10506.63190460205,5,2
2019-10-24,1571947200000,,11100.141511986996,427.6879864437842,10672.453525543213,5,2
2019-10-25,1572033600000,,11103.671930382992,427.6879864437842,10675.983943939209,5,2
2019-10-28,1572292800000,,10997.239034722592,427.6879864437842,10569.551048278809,5,2
2019-10-29,1572379200000,,10955.416399071957,427.6879864437842,10527.728412628174,5,2
2019-10-30,1572465600000,,10955.955595055562,2498.1407986078084,8457.814796447754,4,1
2019-10-31,1572552000000,,10785.886805905557,310.6824563877335,10475.204349517822,5,2
2019-11-01,1572638400000,,10966.618256940103,310.6824563877335,10655.935800552368,5,2
2019-11-04,1572901200000,,10874.544148816323,310.6824563877335,10563.861692428589,5,2
2019-11-05,1572987600000,,10667.710494453999,4404.033914024922,6263.676580429077,3,1
2019-11-06,1573074000000,,10719.727349347133,167.73398692037608,10551.993362426758,5,2
2019-11-07,1573160400000,,10692.964148587245,167.73398692037608,10525.23016166687,5,2
2019-11-08,1573246800000,,10782.66068179037,167.73398692037608,10614.926694869995,5,2
2019-11-11,1573506000000,,10856.917460507411,167.73398692037608,10689.183473587036,5,2
2019-11-12,1573592400000,,10874.537207669277,167.73398692037608,10706.803220748901,5,2
2019-11-13,1573678800000,,10889.924254483241,167.73398692037608,10722.190267562866,5,2
2019-11-14,1573765200000,,10883.227231091518,167.73398692037608,10715.493244171143,5,2
2019-11-15,1573851600000,,10949.693863934535,167.73398692037608,10781.95987701416,5,2
2019-11-18,1574110800000,,10854.033843106288,167.73398692037608,10686.299856185913,5,2
2019-11-19,1574197200000,,10825.980725354213,167.73398692037608,10658.246738433838,5,2
2019-11-20,1574283600000,,10815.22735316183,167.73398692037608,10647.493366241455,5,2
2019-11-21,1574370000000,,10668.223891324062,167.73398692037608,10500.489904403687,5,2
2019-11-22,1574456400000,,10693.743943280238,167.73398692037608,10526.009956359863,5,2
2019-11-25,1574715600000,,10825.847340649623,167.73398692037608,10658.113353729248,5,2
2019-11-26,1574802000000,,10874.987296170253,167.73398692037608,10707.253309249878,5,2
2019-11-27,1574888400000,,10918.81073862936,167.73398692037608,10751.076751708984,5,2
2019-11-29,1575061200000,,10812.337277478237,167.73398692037608,10644.603290557861,5,2
2019-12-02,1575320400000,,10740.553904599208,167.73398692037608,10572.819917678833,5,2
2019-12-03,1575406800000,,10689.88568895628,38.8223535375796,10651.063335418701,5,1
2019-12-04,1575493200000,,10691.305618460674,38.8223535375796,10652.483264923096,5,1
2019-12-05,1575579600000,,10762.35905473997,38.8223535375796,10723.536701202393,5,1
2019-12-06,1575666000000,,10813.855856116314,38.8223535375796,10775.033502578735,5,1
2019-12-09,1575925200000,,10760.942415411968,38.8223535375796,10722.12006187439,5,1
2019-12-10,1576011600000,,10765.429098303814,38.8223535375796,10726.606744766235,5,1
2019-12-11,1576098000000,,10811.70244425108,38.8223535375796,10772.880090713501,5,1
2019-12-12,1576184400000,,10759.380691136957,2131.4008232017795,8627.97986793518,4,1
2019-12-13,1576270800000,,10632.789764652796,39.42305589730586,10593.366708755493,5,1
2019-12-16,1576530000000,,10687.15808977681,2233.5881205995647,8453.569969177246,4,1
2019-12-17,1576616400000,,10832.185297684671,65.53856916904533,10766.646728515625,5,2
2019-12-18,1576702800000,,10687.608408646585,65.53856916904533,10622.069839477539,5,2
2019-12-19,1576789200000,,10739.221911149027,65.53856916904533,10673.68334197998,5,2
2019-12-20,1576875600000,,10730.308840470316,65.53856916904533,10664.77027130127,5,2
2019-12-23,1577134800000,,10779.208544449808,65.53856916904533,10713.669975280762,5,2
2019-12-24,1577221200000,,10763.275316910745,65.53856916904533,10697.7367477417,5,2
2019-12-26,1577394000000,,10774.601961808206,65.53856916904533,10709.06339263916,5,2
2019-12-27,1577480400000,,10764.451967911722,65.53856916904533,10698.913398742676,5,2
2019-12-30,1577739600000,,10747.315256791117,65.53856916904533,10681.77668762207,5,2
2019-12-31,1577826000000,,10743.215441422464,65.53856916904533,10677.676872253418,5,2
2020-01-02,1577998800000,,10770.322382082055,2092.3788701191643,8677.94351196289,4,2
2020-01-03,1578085200000,,10712.60151607873,7.302020381707507,10705.299495697021,5,2
2020-01-06,1578344400000,,10682.56962520959,7.302020381707507,10675.26760482788,5,2
2020-01-07,1578430800000,,10679.212424587031,7.302020381707507,10671.910404205322,5,2
2020-01-08,1578517200000,,10644.5543971981,685.8670173610649,9958.687379837036,5,2
2020-01-09,1578603600000,,10728.78153190269,685.8670173610649,10042.914514541626,5,2
2020-01-10,1578690000000,,10682.399457546611,685.8670173610649,9996.532440185547,5,2
2020-01-13,1578949200000,,10903.1768871273,685.8670173610649,10217.309869766235,5,2
2020-01-14,1579035600000,,10932.660441967388,685.8670173610649,10246.793424606323,5,2
2020-01-15,1579122000000,,10877.611058803936,685.8670173610649,10191.744041442871,5,2
2020-01-16,1579208400000,,10919.068231197734,685.8670173610649,10233.20121383667,5,2
2020-01-17,1579294800000,,11001.133874508281,685.8670173610649,10315.266857147217,5,2
2020-01-21,1579640400000,,11037.954526516338,685.8670173610649,10352.087509155273,5,2
2020-01-22,1579726800000,,11122.915414425273,685.8670173610649,10437.048397064209,5,2
2020-01-23,1579813200000,,11138.546245190044,685.8670173610649,10452.67922782898,5,2
2020-01-24,1579899600000,,11012.313336117211,2729.5336005520285,8282.779735565186,4,2
2020-01-27,1580158800000,,10886.839244206294,573.5179150894737,10313.321329116821,5,2
2020-01-28,1580245200000,,10956.759572346553,573.5179150894737,10383.24165725708,5,2
2020-01-29,1580331600000,,10958.69194348608,573.5179150894737,10385.174028396606,5,2
2020-01-30,1580418000000,,11174.085761652248,558.8645950415307,10615.221166610718,5,2
2020-01-31,1580504400000,,11119.803466425197,558.8645950415307,10560.938871383667,5,2
2020-02-03,1580763600000,,11579.019895181911,558.8645950415307,11020.15530014038,5,2
2020-02-04,1580850000000,,11942.616025553005,558.8645950415307,11383.751430511475,5,2
2020-02-05,1580936400000,,11441.529766313883,2581.1697275565584,8860.360038757324,4,2
2020-02-06,1581022800000,,11502.17526795672,360.6352288942203,11141.5400390625,5,2
2020-02-07,1581109200000,,11472.875306866632,360.6352288942203,11112.240077972412,5,2
2020-02-10,1581368400000,,11512.727448749247,253.1074078556917,11259.620040893555,5,2
2020-02-11,1581454800000,,11570.287156390848,253.1074078556917,11317.179748535156,5,2
2020-02-12,1581541200000,,11531.887547778788,253.1074078556917,11278.780139923096,5,2
2020-02-13,1581627600000,,11780.257588672343,253.1074078556917,11527.15018081665,5,2
2020-02-14,1581714000000,,11762.51735811204,253.1074078556917,11509.409950256348,5,2
2020-02-18,1582059600000,,11972.437451648417,253.1074078556917,11719.330043792725,5,2
2020-02-19,1582146000000,,12121.637299823466,253.1074078556917,11868.529891967773,5,2
2020-02-20,1582232400000,,11984.144474845223,227.5494612267512,11756.59501361847,5,2
2020-02-21,1582318800000,,11854.716623042794,2222.6467263447935,9632.069896697998,4,2
2020-02-24,1582578000000,,11406.850306066208,117.55009320609997,11289.300212860107,5,2
2020-02-25,1582664400000,,11118.99135012916,2244.681493714364,8874.309856414795,4,2
2020-02-26,1582750800000,,10934.975223834725,78.35533171436418,10856.619892120361,5,2
2020-02-27,1582837200000,,10398.203088289196,6204.713181978161,4193.489906311035,2,1
2020-02-28,1582923600000,,10184.5116987323,10184.5116987323,0,0,0
2020-03-02,1583182800000,,10184.5116987323,10184.5116987323,0,0,0
2020-03-03,1583269200000,,10184.5116987323,10184.5116987323,0,0,0
2020-03-04,1583355600000,,10184.5116987323,10184.5116987323,0,0,0
2020-03-05,1583442000000,,10355.549297814343,8280.40922213075,2075.1400756835938,1,1
2020-03-06,1583528400000,,10304.99404630305,10304.99404630305,0,0,0
2020-03-09,1583784000000,,10304.99404630305,10304.99404630305,0,0,0
2020-03-10,1583870400000,,10304.99404630305,10304.99404630305,0,0,0
2020-03-11,1583956800000,,10304.99404630305,10304.99404630305,0,0,0
2020-03-12,1584043200000,,10304.99404630305,10304.99404630305,0,0,0
2020-03-13,1584129600000,,10304.99404630305,10304.99404630305,0,0,0
2020-03-16,1584388800000,,10304.99404630305,10304.99404630305,0,0,0
2020-03-17,1584475200000,,10304.99404630305,10304.99404630305,0,0,0
2020-03-18,1584561600000,,10304.99404630305,10304.99404630305,0,0,0
2020-03-19,1584648000000,,10304.99404630305,10304.99404630305,0,0,0
2020-03-20,1584734400000,,10304.99404630305,10304.99404630305,0,0,0
2020-03-23,1584993600000,,10304.99404630305,10304.99404630305,0,0,0
2020-03-24,1585080000000,,10304.99404630305,10304.99404630305,0,0,0
2020-03-25,1585166400000,,10304.99404630305,10304.99404630305,0,0,0
2020-03-26,1585252800000,,10304.99404630305,10304.99404630305,0,0,0
2020-03-27,1585339200000,,10304.99404630305,10304.99404630305,0,0,0
2020-03-30,1585598400000,,10304.99404630305,10304.99404630305,0,0,0
2020-03-31,1585684800000,,10304.99404630305,10304.99404630305,0,0,0
2020-04-01,1585771200000,,10304.99404630305,10304.99404630305,0,0,0
2020-04-02,1585857600000,,10304.99404630305,10304.99404630305,0,0,0
2020-04-03,1585944000000,,10304.99404630305,10304.99404630305,0,0,0
2020-04-06,1586203200000,,10304.99404630305,10304.99404630305,0,0,0
2020-04-07,1586289600000,,10304.99404630305,10304.99404630305,0,0,0
2020-04-08,1586376000000,,10304.99404630305,10304.99404630305,0,0,0
2020-04-09,1586462400000,,10304.99404630305,10304.99404630305,0,0,0
2020-04-13,1586808000000,,10304.99404630305,10304.99404630305,0,0,0
2020-04-14,1586894400000,,10304.99404630305,10304.99404630305,0,0,0
2020-04-15,1586980800000,,10304.99404630305,10304.99404630305,0,0,0
2020-04-16,1587067200000,,10304.99404630305,10304.99404630305,0,0,0
2020-04-17,1587153600000,,10304.99404630305,10304.99404630305,0,0,0
2020-04-20,1587412800000,,10304.99404630305,10304.99404630305,0,0,0
2020-04-21,1587499200000,,10304.99404630305,10304.99404630305,0,0,0
2020-04-22,1587585600000,,10304.99404630305,10304.99404630305,0,0,0
2020-04-23,1587672000000,,10304.99404630305,10304.99404630305,0,0,0
2020-04-24,1587758400000,,10304.99404630305,10304.99404630305,0,0,0
2020-04-27,1588017600000,,10304.99404630305,10304.99404630305,0,0,0
2020-04-28,1588104000000,,10304.99404630305,10304.99404630305,0,0,0
2020-04-29,1588190400000,,10304.99404630305,10304.99404630305,0,0,0
2020-04-30,1588276800000,,10304.99404630305,10304.99404630305,0,0,0
2020-05-01,1588363200000,,10304.99404630305,10304.99404630305,0,0,0
2020-05-04,1588622400000,,10304.99404630305,10304.99404630305,0,0,0
2020-05-05,1588708800000,,10304.99404630305,10304.99404630305,0,0,0
2020-05-06,1588795200000,,10304.99404630305,10304.99404630305,0,0,0
2020-05-07,1588881600000,,10304.99404630305,10304.99404630305,0,0,0
2020-05-08,1588968000000,,10304.99404630305,10304.99404630305,0,0,0
2020-05-11,1589227200000,,10304.99404630305,10304.99404630305,0,0,0
2020-05-12,1589313600000,,10304.99404630305,10304.99404630305,0,0,0
2020-05-13,1589400000000,,10304.99404630305,10304.99404630305,0,0,0
2020-05-14,1589486400000,,10304.99404630305,10304.99404630305,0,0,0
2020-05-15,1589572800000,,10304.99404630305,10304.99404630305,0,0,0
2020-05-18,1589832000000,,10304.99404630305,10304.99404630305,0,0,0
2020-05-19,1589918400000,,10304.99404630305,10304.99404630305,0,0,0
2020-05-20,1590004800000,,10304.99404630305,10304.99404630305,0,0,0
2020-05-21,1590091200000,,10304.99404630305,10304.99404630305,0,0,0
2020-05-22,1590177600000,,10304.99404630305,10304.99404630305,0,0,0
2020-05-26,1590523200000,,10304.99404630305,10304.99404630305,0,0,0
2020-05-27,1590609600000,,10304.99404630305,10304.99404630305,0,0,0
2020-05-28,1590696000000,,10199.2484719696,1927.5844399871794,8271.664031982422,5,2
2020-05-29,1590782400000,,10421.370187515255,1927.5844399871794,8493.785747528076,5,2
2020-06-01,1591041600000,,10391.8524072113,1927.5844399871794,8464.267967224121,5,2
2020-06-02,1591128000000,,10398.822393173214,1927.5844399871794,8471.237953186035,5,2
2020-06-03,1591214400000,,10426.840493911739,1927.5844399871794,8499.25605392456,5,2
2020-06-04,1591300800000,,10298.028505081173,1927.5844399871794,8370.444065093994,5,2
2020-06-05,1591387200000,,10378.378583663936,1927.5844399871794,8450.794143676758,5,2
2020-06-08,1591646400000,,10370.666391128536,1927.5844399871794,8443.081951141357,5,2
2020-06-09,1591732800000,,10359.736573928829,1927.5844399871794,8432.15213394165,5,2
2020-06-10,1591819200000,,10382.456510299678,1927.5844399871794,8454.8720703125,5,2
2020-06-11,1591905600000,,10109.182317489622,1927.5844399871794,8181.597877502441,5,2
2020-06-12,1591992000000,,10213.89688467418,10213.89688467418,0,0,0
2020-06-15,1592251200000,,10213.89688467418,10213.89688467418,0,0,0
2020-06-16,1592337600000,,10197.369530677643,9035.474527120437,1161.8950035572052,1,1
2020-06-17,1592424000000,,10196.918518119797,4796.527368598922,5400.391149520874,4,2
2020-06-18,1592510400000,,10208.2685609747,3170.6404512811732,7037.628109693527,5,2
2020-06-19,1592596800000,,10172.312586634262,3170.6404512811732,7001.672135353088,5,2
2020-06-22,1592856000000,,10216.17941865216,3170.6404512811732,7045.538967370987,5,2
2020-06-23,1592942400000,,10251.10514458905,3170.6404512811732,7080.464693307877,5,2
2020-06-24,1593028800000,,10079.3923932005,3170.6404512811732,6908.751941919327,5,2
2020-06-25,1593115200000,,10140.4172268797,3170.6404512811732,6969.776775598526,5,2
2020-06-26,1593201600000,,10004.996434212017,4246.939488411235,5758.056945800781,4,1
2020-06-29,1593460800000,,10024.571580106182,10024.571580106182,0,0,0
2020-06-30,1593547200000,,10024.571580106182,10024.571580106182,0,0,0
2020-07-01,1593633600000,,9981.277644445905,2165.8076508545955,7815.469993591309,5,2
2020-07-02,1593720000000,,10106.3176911378,2165.8076508545955,7940.510040283203,5,2
2020-07-06,1594065600000,,10286.167475988874,2165.8076508545955,8120.359825134277,5,2
2020-07-07,1594152000000,,10269.437648108014,2165.8076508545955,8103.629997253418,5,2
2020-07-08,1594238400000,,10364.547637274274,2165.8076508545955,8198.739986419678,5,2
2020-07-09,1594324800000,,10436.917643835553,2165.8076508545955,8271.109992980957,5,2
2020-07-10,1594411200000,,10383.787673285016,2165.8076508545955,8217.98002243042,5,2
2020-07-13,1594670400000,,10275.077559759626,2165.8076508545955,8109.269908905029,5,2
2020-07-14,1594756800000,,10411.387591650495,2165.8076508545955,8245.579940795898,5,2
2020-07-15,1594843200000,,10483.037677099714,2165.8076508545955,8317.230026245117,5,2
2020-07-16,1594929600000,,10500.057772924909,2165.8076508545955,8334.250122070312,5,2
2020-07-17,1595016000000,,10597.397765448102,2165.8076508545955,8431.590114593506,5,2
2020-07-20,1595275200000,,10739.587558081159,2165.8076508545955,8573.779907226562,5,2
2020-07-21,1595361600000,,10707.787719061384,2165.8076508545955,8541.980068206787,5,2
2020-07-22,1595448000000,,10793.567687323102,2165.8076508545955,8627.760036468506,5,2
2020-07-23,1595534400000,,10761.537753393659,2165.8076508545955,8595.730102539062,5,2
2020-07-24,1595620800000,,10731.527556707868,2165.8076508545955,8565.719905853271,5,2
2020-07-27,1595880000000,,10951.957564642438,2165.8076508545955,8786.149913787842,5,2
2020-07-28,1595966400000,,10817.157504370221,2165.8076508545955,8651.349853515625,5,2
2020-07-29,1596052800000,,10899.797663977155,2165.8076508545955,8733.990013122559,5,2
2020-07-30,1596139200000,,10958.407611181745,2165.8076508545955,8792.599960327148,5,2
2020-07-31,1596225600000,,11022.637645056257,2165.8076508545955,8856.82999420166,5,2
2020-08-03,1596484800000,,11203.947688391218,2165.8076508545955,9038.140037536621,5,2
2020-08-04,1596571200000,,11094.277659704694,2165.8076508545955,8928.470008850098,5,2
2020-08-05,1596657600000,,11129.427611639509,2165.8076508545955,8963.619960784912,5,2
2020-08-06,1596744000000,,11087.217791845807,2165.8076508545955,8921.410140991211,5,2
2020-08-07,1596830400000,,11068.067408850202,2165.8076508545955,8902.259757995605,5,2
2020-08-10,1597089600000,,10962.19776849986,2165.8076508545955,8796.390117645264,5,2
2020-08-11,1597176000000,,10863.477504065046,2165.8076508545955,8697.66985321045,5,2
2020-08-12,1597262400000,,11056.867728521833,2165.8076508545955,8891.060077667236,5,2
2020-08-13,1597348800000,,11121.807772924909,2165.8076508545955,8956.000122070312,5,2
2020-08-14,1597435200000,,11072.057704260358,2165.8076508545955,8906.250053405762,5,2
2020-08-17,1597694400000,,11195.257388403425,2165.8076508545955,9029.449737548828,5,2
2020-08-18,1597780800000,,11175.677615454206,2165.8076508545955,9009.86996459961,5,2
2020-08-19,1597867200000,,11185.137660315046,2165.8076508545955,9019.33000946045,5,2
2020-08-20,1597953600000,,11228.677619268903,2165.8076508545955,9062.869968414307,5,2
2020-08-21,1598040000000,,11260.46774606944,2165.8076508545955,9094.660095214844,5,2
2020-08-24,1598299200000,,11244.827716162214,2165.8076508545955,9079.020065307617,5,2
2020-08-25,1598385600000,,11275.08775263072,2165.8076508545955,9109.280101776123,5,2
2020-08-26,1598472000000,,11321.437503149518,2165.8076508545955,9155.629852294922,5,2
2020-08-27,1598558400000,,11152.82781915904,2165.8076508545955,8987.020168304443,5,2
2020-08-28,1598644800000,,11134.717734625348,2165.8076508545955,8968.910083770752,5,2
2020-08-31,1598904000000,,11206.849368004678,3612.8093213127822,7594.0400466918945,4,2
2020-09-01,1598990400000,,11293.915811340492,1487.8757570192038,9806.040054321289,5,2
2020-09-02,1599076800000,,11478.955652038734,1487.8757570192038,9991.079895019531,5,2
2020-09-03,1599163200000,,10889.959443669937,3188.469438176774,7701.490005493164,4,2
2020-09-04,1599249600000,,10663.932062765001,10663.932062765001,0,0,0
2020-09-08,1599595200000,,10634.00764396718,8568.647704391984,2065.3599395751953,1,1
2020-09-09,1599681600000,,10657.877623825578,8568.647704391984,2089.2299194335938,1,1
2020-09-10,1599768000000,,10568.771388450634,256.19454900361507,10312.576839447021,5,2
2020-09-11,1599854400000,,10711.498187461864,256.19454900361507,10455.303638458252,5,2
2020-09-14,1600113600000,,10839.560237327587,256.19454900361507,10583.365688323975,5,2
2020-09-15,1600200000000,,10745.582808891308,256.19454900361507,10489.388259887695,5,2
2020-09-16,1600286400000,,10747.256343284618,256.19454900361507,10491.061794281006,5,2
2020-09-17,1600372800000,,10778.576487937939,256.19454900361507,10522.381938934326,5,2
2020-09-18,1600459200000,,10602.257714044952,2288.9050834297195,8313.352630615234,4,2
2020-09-21,1600718400000,,10197.381481068096,6140.431392567119,4056.9500885009766,2,1
2020-09-22,1600804800000,,10248.861362354717,6140.431392567119,4108.429969787598,2,1
2020-09-23,1600891200000,,10184.562478827282,8142.362466620251,2042.2000122070312,1,1
2020-09-24,1600977600000,,10163.41737605049,6241.967333325879,3921.4500427246094,2,1
2020-09-25,1601064000000,,10189.317377576368,6241.967333325879,3947.3500442504883,2,1
2020-09-28,1601323200000,,10204.767359265821,6241.967333325879,3962.8000259399414,2,1
2020-09-29,1601409600000,,10225.65558899397,2665.7255886887942,7559.930000305176,4,2
2020-09-30,1601496000000,,10221.329080893925,1055.059061362676,9166.27001953125,5,2
2020-10-01,1601582400000,,10272.739115073613,1055.059061362676,9217.680053710938,5,2
2020-10-02,1601668800000,,10267.93920357459,1055.059061362676,9212.880142211914,5,2
2020-10-05,1601928000000,,10421.319330527715,1055.059061362676,9366.260269165039,5,2
2020-10-06,1602014400000,,10332.279161765508,1055.059061362676,9277.220100402832,5,2
2020-10-07,1602100800000,,10496.439050986699,1055.059061362676,9441.379989624023,5,2
2020-10-08,1602187200000,,10532.85929329627,1055.059061362676,9477.800231933594,5,2
2020-10-09,1602273600000,,10626.818964316777,1055.059061362676,9571.759902954102,5,2
2020-10-12,1602532800000,,10611.089182212285,1055.059061362676,9556.03012084961,5,2
2020-10-13,1602619200000,,10584.749002768925,1055.059061362676,9529.68994140625,5,2
2020-10-14,1602705600000,,10469.049280478886,1055.059061362676,9413.990219116211,5,2
2020-10-15,1602792000000,,10547.969049765996,1055.059061362676,9492.90998840332,5,2
2020-10-16,1602878400000,,10527.859087302617,1055.059061362676,9472.800025939941,5,2
2020-10-19,1603137600000,,10426.709276511601,1055.059061362676,9371.650215148926,5,2
2020-10-20,1603224000000,,10490.999101951054,1055.059061362676,9435.940040588379,5,2
2020-10-21,1603310400000,,10485.828798606328,1055.059061362676,9430.769737243652,5,2
2020-10-22,1603396800000,,10421.259287192754,1055.059061362676,9366.200225830078,5,2
2020-10-23,1603483200000,,10418.91901619666,1055.059061362676,9363.859954833984,5,2
2020-10-26,1603742400000,,10289.558931662968,1055.059061362676,9234.499870300293,5,2
2020-10-27,1603828800000,,10356.80906899207,1055.059061362676,9301.750007629395,5,2
2020-10-28,1603915200000,,10116.145753877234,6388.745691316198,3727.400062561035,2,1
2020-10-29,1604001600000,,10075.515834128879,2017.3125489115926,8058.203285217285,5,2
2020-10-30,1604088000000,,9974.999270889375,5821.8492731781935,4153.149997711182,3,1
2020-11-02,1604350800000,,10060.769294235322,5821.8492731781935,4238.920021057129,3,1
2020-11-03,1604437200000,,10019.485325210528,2780.4054874114545,7239.079837799072,5,2
2020-11-04,1604523600000,,9892.971563813526,5383.3816590283695,4509.589904785156,3,1
2020-11-05,1604610000000,,9966.739086314217,2530.304065867439,7436.435020446777,5,2
2020-11-06,1604696400000,,9984.354068919198,2530.304065867439,7454.050003051758,5,2
2020-11-09,1604955600000,,9817.839061900155,2530.304065867439,7287.534996032715,5,2
2020-11-10,1605042000000,,9772.639045878426,2530.304065867439,7242.334980010986,5,2
2020-11-11,1605128400000,,9811.314098521249,2530.304065867439,7281.010032653809,5,2
2020-11-12,1605214800000,,9814.489223643319,2530.304065867439,7284.185157775879,5,2
2020-11-13,1605301200000,,9866.558891459481,2530.304065867439,7336.254825592041,5,2
2020-11-16,1605560400000,,9895.069194956795,2530.304065867439,7364.7651290893555,5,2
2020-11-17,1605646800000,,9867.468744660993,3966.9888252273995,5900.479919433594,4,2
2020-11-18,1605733200000,,9725.48697503941,2118.2969802273997,7607.189994812012,5,2
2020-11-19,1605819600000,,9758.83700403111,2118.2969802273997,7640.540023803711,5,2
2020-11-20,1605906000000,,9735.576526896624,3345.6864512130323,6389.890075683594,4,1
2020-11-23,1606165200000,,9796.909143967052,2355.5091042942017,7441.400039672852,5,2
2020-11-24,1606251600000,,9769.459078354259,2355.5091042942017,7413.949974060059,5,2
2020-11-25,1606338000000,,9764.499132675548,2355.5091042942017,7408.990028381348,5,2
2020-11-27,1606510800000,,9805.209070724864,2355.5091042942017,7449.699966430664,5,2
2020-11-30,1606770000000,,9778.518984360118,2355.5091042942017,7423.009880065918,5,2
2020-12-01,1606856400000,,9955.539148849864,2355.5091042942017,7600.030044555664,5,2
2020-12-02,1606942800000,,10027.204376472775,3396.3243563311735,6630.880020141602,4,2
2020-12-03,1607029200000,,10037.057650106977,1460.0676751313904,8576.989974975586,5,2
2020-12-04,1607115600000,,10226.437532919477,1460.0676751313904,8766.369857788086,5,2
2020-12-07,1607374800000,,10233.417673605512,1460.0676751313904,8773.349998474121,5,2
2020-12-08,1607461200000,,10323.777674215864,1460.0676751313904,8863.709999084473,5,2
2020-12-09,1607547600000,,10173.377733725141,1460.0676751313904,8713.31005859375,5,2
2020-12-10,1607634000000,,10183.197687643598,1460.0676751313904,8723.130012512207,5,2
2020-12-11,1607720400000,,10186.33772518022,1460.0676751313904,8726.270050048828,5,2
2020-12-14,1607979600000,,10244.777765768598,1460.0676751313904,8784.710090637207,5,2
2020-12-15,1608066000000,,10332.48778011186,1460.0676751313904,8872.420104980469,5,2
2020-12-16,1608152400000,,10322.257746237348,1460.0676751313904,8862.190071105957,5,2
2020-12-17,1608238800000,,10329.247660177778,1460.0676751313904,8869.179985046387,5,2
2020-12-18,1608325200000,,10300.147547262739,1460.0676751313904,8840.079872131348,5,2
2020-12-21,1608584400000,,10239.894175801937,3134.23422554559,7105.659950256348,4,2
2020-12-22,1608670800000,,10233.87834906561,1158.2882535455904,9075.59009552002,5,2
2020-12-23,1608757200000,,10190.948280095883,1158.2882535455904,9032.660026550293,5,2
2020-12-24,1608843600000,,10231.07837653143,1158.2882535455904,9072.79012298584,5,2
2020-12-28,1609189200000,,10257.318435430356,1158.2882535455904,9099.030181884766,5,2
2020-12-29,1609275600000,,10185.328254461117,1158.2882535455904,9027.040000915527,5,2
2020-12-30,1609362000000,,10266.37824988348,1158.2882535455904,9108.08999633789,5,2
2020-12-31,1609448400000,,10428.888274907895,1158.2882535455904,9270.600021362305,5,2
2021-01-04,1609794000000,,10436.828284978696,1158.2882535455904,9278.540031433105,5,2
2021-01-05,1609880400000,,10634.688209295102,1158.2882535455904,9476.399955749512,5,2
2021-01-06,1609966800000,,10806.698302984067,1158.2882535455904,9648.410049438477,5,2
2021-01-07,1610053200000,,11006.748260259457,1158.2882535455904,9848.460006713867,5,2
2021-01-08,1610139600000,,10961.548209905453,1158.2882535455904,9803.259956359863,5,2
2021-01-11,1610398800000,,11071.378211736508,1158.2882535455904,9913.089958190918,5,2
2021-01-12,1610485200000,,11041.978156804867,1158.2882535455904,9883.689903259277,5,2
2021-01-13,1610571600000,,11002.618385076352,1158.2882535455904,9844.330131530762,5,2
2021-01-14,1610658000000,,10998.458350896664,1158.2882535455904,9840.170097351074,5,2
2021-01-15,1610744400000,,10964.84824347479,1158.2882535455904,9806.5599899292,5,2
2021-01-19,1611090000000,,11156.858176946469,1158.2882535455904,9998.569923400879,5,2
2021-01-20,1611176400000,,11144.608199834653,1158.2882535455904,9986.319946289062,5,2
2021-01-21,1611262800000,,11184.74821448309,1158.2882535455904,10026.4599609375,5,2
2021-01-22,1611349200000,,11133.59824347479,1158.2882535455904,9975.3099899292,5,2
2021-01-25,1611608400000,,11039.208183049985,1158.2882535455904,9880.919929504395,5,2
2021-01-26,1611694800000,,10911.778480291196,1158.2882535455904,9753.490226745605,5,2
2021-01-27,1611781200000,,10685.722608697033,1523.8327924128544,9161.88981628418,5,2
2021-01-28,1611867600000,,10707.832899224377,1523.8327924128544,9184.000106811523,5,2
2021-01-29,1611954000000,,10696.98275579176,1523.8327924128544,9173.149963378906,5,2
2021-02-01,1612213200000,,10925.59260381422,1523.8327924128544,9401.759811401367,5,2
2021-02-02,1612299600000,,10769.777429089292,1559.3071760985692,9210.470252990723,5,2
2021-02-03,1612386000000,,10551.492111028303,3379.1720350395335,7172.3200759887695,4,2
2021-02-04,1612472400000,,10697.839089994688,1544.9356476118758,9152.903442382812,5,2
2021-02-05,1612558800000,,10733.575647001524,1544.9356476118758,9188.639999389648,5,2
2021-02-08,1612818000000,,10871.945832853575,1544.9356476118758,9327.0101852417,5,2
2021-02-09,1612904400000,,10936.73227847125,1544.9356476118758,9391.796630859375,5,2
2021-02-10,1612990800000,,11049.262193327208,1544.9356476118758,9504.326545715332,5,2
2021-02-11,1613077200000,,11329.502359037657,1544.9356476118758,9784.566711425781,5,2
2021-02-12,1613163600000,,11342.009088163633,1544.9356476118758,9797.073440551758,5,2
2021-02-16,1613509200000,,11401.905496244688,1544.9356476118758,9856.969848632812,5,2
2021-02-17,1613595600000,,11372.8323761275,1544.9356476118758,9827.896728515625,5,2
2021-02-18,1613682000000,,11387.015771513243,1544.9356476118758,9842.080123901367,5,2
2021-02-19,1613768400000,,11601.542321806211,1544.9356476118758,10056.606674194336,5,2
2021-02-22,1614027600000,,11617.412347440977,1544.9356476118758,10072.476699829102,5,2
2021-02-23,1614114000000,,11564.492147190427,2801.518743259764,8762.973403930664,4,1
2021-02-24,1614200400000,,11741.876488100233,545.363182436171,11196.513305664062,5,2
2021-02-25,1614286800000,,11495.023094545546,545.363182436171,10949.659912109375,5,2
2021-02-26,1614373200000,,11518.20645941371,545.363182436171,10972.843276977539,5,2
2021-03-01,1614632400000,,11942.896675478163,545.363182436171,11397.533493041992,5,2
2021-03-02,1614718800000,,11815.866310487929,545.363182436171,11270.503128051758,5,2
2021-03-03,1614805200000,,11884.706764589491,545.363182436171,11339.34358215332,5,2
2021-03-04,1614891600000,,11659.026921696288,2344.1002554365223,9314.926666259766,4,2
2021-03-05,1614978000000,,11892.386983947363,244.36701782187538,11648.019966125488,5,2
2021-03-08,1615237200000,,11954.927274779882,244.36701782187538,11710.560256958008,5,2
2021-03-09,1615323600000,,11836.913618163671,244.36701782187538,11592.546600341797,5,2
2021-03-10,1615410000000,,11949.320615844335,244.36701782187538,11704.953598022461,5,2
2021-03-11,1615496400000,,12103.860570983496,244.36701782187538,11859.493553161621,5,2
2021-03-12,1615582800000,,12329.173559264746,244.36701782187538,12084.806541442871,5,2
2021-03-15,1615838400000,,12493.063627318945,244.36701782187538,12248.69660949707,5,2
2021-03-16,1615924800000,,12594.443594054785,244.36701782187538,12350.07657623291,5,2
2021-03-17,1616011200000,,12676.190313415136,244.36701782187538,12431.823295593262,5,2
2021-03-18,1616097600000,,12658.580205993261,244.36701782187538,12414.213188171387,5,2
2021-03-19,1616184000000,,12678.290189818945,244.36701782187538,12433.92317199707,5,2
2021-03-22,1616443200000,,12494.3203869625,244.36701782187538,12249.953369140625,5,2
2021-03-23,1616529600000,,12089.517377929296,244.36701782187538,11845.150360107422,5,2
2021-03-24,1616616000000,,11659.83690460166,244.36701782187538,11415.469886779785,5,2
2021-03-25,1616702400000,,11581.977859820778,862.7345202822025,10719.243339538574,5,2
2021-03-26,1616788800000,,11429.59851702796,2901.0518175040347,8528.546699523926,4,2
2021-03-29,1617048000000,,11333.13040715003,1538.330457504035,9794.799949645996,5,2
2021-03-30,1617134400000,,11373.346921737433,1538.330457504035,9835.016464233398,5,2
2021-03-31,1617220800000,,11260.193776901007,1538.330457504035,9721.863319396973,5,2
2021-04-01,1617307200000,,11334.810544784308,1538.330457504035,9796.480087280273,5,2
2021-04-05,1617652800000,,11384.170636947394,1538.330457504035,9845.84017944336,5,2
2021-04-06,1617739200000,,11352.923520858527,1538.330457504035,9814.593063354492,5,2
2021-04-07,1617825600000,,11382.587110336066,1538.330457504035,9844.256652832031,5,2
2021-04-08,1617912000000,,11378.09706669593,1538.330457504035,9839.766609191895,5,2
2021-04-09,1617998400000,,11474.603811080695,1538.330457504035,9936.27335357666,5,2
2021-04-12,1618257600000,,11515.063733871222,1538.330457504035,9976.733276367188,5,2
2021-04-13,1618344000000,,11406.577039535285,1538.330457504035,9868.24658203125,5,2
2021-04-14,1618430400000,,11475.207128341437,1538.330457504035,9936.876670837402,5,2
2021-04-15,1618516800000,,11549.213842208625,1538.330457504035,10010.88338470459,5,2
2021-04-16,1618603200000,,11605.283796127082,1538.330457504035,10066.953338623047,5,2
2021-04-19,1618862400000,,11597.91711216712,1538.330457504035,10059.586654663086,5,2
2021-04-20,1618948800000,,11485.670662027427,3768.263992410727,7717.406669616699,4,1
2021-04-21,1619035200000,,11606.194327677276,1473.2607644448535,10132.933563232422,5,1
2021-04-22,1619121600000,,11491.283912027862,1473.2607644448535,10018.023147583008,5,1
2021-04-23,1619208000000,,11572.514136637237,1473.2607644448535,10099.253372192383,5,1
2021-04-26,1619467200000,,11568.147506083038,1473.2607644448535,10094.886741638184,5,1
2021-04-27,1619553600000,,11539.87427457669,1473.2607644448535,10066.613510131836,5,1
2021-04-28,1619640000000,,11545.444205606964,1473.2607644448535,10072.18344116211,5,1
2021-04-29,1619726400000,,11657.1143563638,1473.2607644448535,10183.853591918945,5,1
2021-04-30,1619812800000,,11608.494101847198,1473.2607644448535,10135.233337402344,5,1
2021-05-03,1620072000000,,11751.280509317901,1473.2607644448535,10278.019744873047,5,1
2021-05-04,1620158400000,,11820.924071634796,1473.2607644448535,10347.663307189941,5,1
2021-05-05,1620244800000,,11840.847541178253,1473.2607644448535,10367.586776733398,5,1
2021-05-06,1620331200000,,12097.734229410675,1473.2607644448535,10624.47346496582,5,1
2021-05-07,1620417600000,,12184.6373742471,1473.2607644448535,10711.376609802246,5,1
2021-05-10,1620676800000,,12256.487510050323,1473.2607644448535,10783.226745605469,5,1
2021-05-11,1620763200000,,12224.910765970733,1473.2607644448535,10751.650001525879,5,1
2021-05-12,1620849600000,,11953.260863626983,1473.2607644448535,10480.000099182129,5,1
2021-05-13,1620936000000,,12214.790908182647,1473.2607644448535,10741.530143737793,5,1
2021-05-14,1621022400000,,12306.054091776397,1473.2607644448535,10832.793327331543,5,1
2021-05-17,1621281600000,,12433.870719278839,1473.2607644448535,10960.609954833984,5,1
2021-05-18,1621368000000,,12274.010733927276,1473.2607644448535,10800.749969482422,5,1
2021-05-19,1621454400000,,12212.66065915921,1473.2607644448535,10739.399894714355,5,1
2021-05-20,1621540800000,,12285.487456644561,1473.2607644448535,10812.226692199707,5,1
2021-05-21,1621627200000,,12337.300818766143,1473.2607644448535,10864.040054321289,5,1
2021-05-24,1621886400000,,12404.193984354522,1473.2607644448535,10930.933219909668,5,1
2021-05-25,1621972800000,,12267.070845926788,1473.2607644448535,10793.810081481934,5,1
2021-05-26,1622059200000,,12290.07416471341,1473.2607644448535,10816.813400268555,5,1
2021-05-27,1622145600000,,12265.04077848294,1473.2607644448535,10791.780014038086,5,1
2021-05-28,1622232000000,,12336.587508524444,1473.2607644448535,10863.32674407959,5,1
2021-06-01,1622577600000,,12518.827369059112,1473.2607644448535,11045.566604614258,5,1
2021-06-02,1622664000000,,12471.657195414093,1473.2607644448535,10998.396430969238,5,1
2021-06-03,1622750400000,,12512.500792826202,1473.2607644448535,11039.240028381348,5,1
2021-06-04,1622836800000,,12513.68408140042,1473.2607644448535,11040.423316955566,5,1
2021-06-07,1623096000000,,12432.327666605499,1473.2607644448535,10959.066902160645,5,1
2021-06-08,1623182400000,,12540.255561874663,3411.278930710112,9128.97663116455,4,1
2021-06-09,1623268800000,,12451.076323206878,1019.7028338269947,11431.373489379883,5,2
2021-06-10,1623355200000,,12488.354820889848,764.5439593023239,11723.810861587524,5,2
2021-06-11,1623441600000,,12493.074324292558,764.5439593023239,11728.530364990234,5,2
2021-06-14,1623700800000,,12376.220986050981,764.5439593023239,11611.677026748657,5,2
2021-06-15,1623787200000,,12348.635069531816,764.5439593023239,11584.091110229492,5,2
2021-06-16,1623873600000,,12323.159384412187,764.5439593023239,11558.615425109863,5,2
2021-06-17,1623960000000,,12270.279057955195,4639.066516374994,7631.2125415802,3,2
2021-06-18,1624046400000,,12053.206650133794,142.44661938733134,11910.76003074646,5,2
2021-06-21,1624305600000,,12256.076944704717,142.44661938733134,12113.630325317383,5,2
2021-06-22,1624392000000,,12178.944637652105,142.44661938733134,12036.49801826477,5,2
2021-06-23,1624478400000,,12160.460398073858,142.44661938733134,12018.013778686523,5,2
2021-06-24,1624564800000,,12123.545679445928,142.44661938733134,11981.099060058594,5,2
2021-06-25,1624651200000,,12087.973793383306,142.44661938733134,11945.527173995972,5,2
2021-06-28,1624910400000,,12158.132889205202,2631.461113387332,9526.671775817871,4,2
2021-06-29,1624996800000,,12096.096556566408,449.463641069583,11646.632915496826,5,2
2021-06-30,1625083200000,,12008.847189806154,449.463641069583,11559.383548736572,5,2
2021-07-01,1625169600000,,12130.30990495508,449.463641069583,11680.846263885498,5,2
2021-07-02,1625256000000,,12259.272133730105,449.463641069583,11809.808492660522,5,2
2021-07-06,1625601600000,,12443.390559099367,449.463641069583,11993.926918029785,5,2
2021-07-07,1625688000000,,12532.710196397951,449.463641069583,12083.24655532837,5,2
2021-07-08,1625774400000,,12529.014492891481,449.463641069583,12079.5508518219,5,2
2021-07-09,1625860800000,,12694.288578890017,449.463641069583,12244.824937820435,5,2
2021-07-12,1626120000000,,12664.300309084108,449.463641069583,12214.836668014526,5,2
2021-07-13,1626206400000,,12620.928059480837,449.463641069583,12171.464418411255,5,2
2021-07-14,1626292800000,,12634.823504350832,449.463641069583,12185.35986328125,5,2
2021-07-15,1626379200000,,12657.110232256106,449.463641069583,12207.646591186523,5,2
2021-07-16,1626465600000,,12665.446200273684,449.463641069583,12215.982559204102,5,2
2021-07-19,1626724800000,,12518.303273122054,2924.177353780013,9594.125919342041,4,2
2021-07-20,1626811200000,,12694.579660023814,417.5617347613638,12277.017925262451,5,2
2021-07-21,1626897600000,,12630.621831502085,417.5617347613638,12213.060096740723,5,2
2021-07-22,1626984000000,,12718.443170665572,2822.793001293014,9895.650169372559,4,2
2021-07-23,1627070400000,,12904.402594419998,498.1306522813261,12406.271942138672,5,2
2021-07-26,1627329600000,,12816.418619963211,498.1306522813261,12318.287967681885,5,2
2021-07-27,1627416000000,,12773.518450590653,498.1306522813261,12275.387798309326,5,2
2021-07-28,1627502400000,,12836.968935820145,498.1306522813261,12338.838283538818,5,2
2021-07-29,1627588800000,,13103.152651640457,498.1306522813261,12605.02199935913,5,2
2021-07-30,1627675200000,,13122.688677641434,498.1306522813261,12624.558025360107,5,2
2021-08-02,1627934400000,,13243.054568144364,498.1306522813261,12744.923915863037,5,2
2021-08-03,1628020800000,,13449.382593962235,498.1306522813261,12951.251941680908,5,2
2021-08-04,1628107200000,,13542.064871641678,498.1306522813261,13043.934219360352,5,2
2021-08-05,1628193600000,,13532.194811674637,498.1306522813261,13034.06415939331,5,2
2021-08-06,1628280000000,,13535.896483274979,498.1306522813261,13037.765830993652,5,2
2021-08-09,1628539200000,,13496.00267681746,498.1306522813261,12997.872024536133,5,2
2021-08-10,1628625600000,,13434.700888487381,498.1306522813261,12936.570236206055,5,2
2021-08-11,1628712000000,,13432.414656492752,498.1306522813261,12934.284004211426,5,2
2021-08-12,1628798400000,,13569.442698332352,498.1306522813261,13071.312046051025,5,2
2021-08-13,1628884800000,,13672.456713530106,498.1306522813261,13174.32606124878,5,2
2021-08-16,1629144000000,,13693.64857372908,498.1306522813261,13195.517921447754,5,2
2021-08-17,1629230400000,,13563.88666042952,498.1306522813261,13065.756008148193,5,2
2021-08-18,1629316800000,,13350.176511368378,256.5725303503118,13093.603981018066,5,2
2021-08-19,1629403200000,,13451.008451065643,256.5725303503118,13194.435920715332,5,2
2021-08-20,1629489600000,,13465.920548996552,256.5725303503118,13209.34801864624,5,2
2021-08-23,1629748800000,,13511.11670072995,256.5725303503118,13254.544170379639,5,2
2021-08-24,1629835200000,,13375.784455230714,2820.7565583496103,10555.027896881104,4,2
2021-08-25,1629921600000,,13531.13467022708,212.94868847659427,13318.185981750488,5,2
2021-08-26,1630008000000,,13629.934787719756,212.94868847659427,13416.986099243164,5,2
2021-08-27,1630094400000,,13757.860694854766,212.94868847659427,13544.912006378174,5,2
2021-08-30,1630353600000,,13853.926616638213,212.94868847659427,13640.977928161621,5,2
2021-08-31,1630440000000,,13857.196582763701,212.94868847659427,13644.24789428711,5,2
2021-09-01,1630526400000,,13854.702548950225,212.94868847659427,13641.753860473633,5,2
2021-09-02,1630612800000,,14013.668689697295,212.94868847659427,13800.720001220703,5,2
2021-09-03,1630699200000,,14150.366832702666,212.94868847659427,13937.418144226074,5,2
2021-09-07,1631044800000,,14015.384746521026,212.94868847659427,13802.436058044434,5,2
2021-09-08,1631131200000,,14049.268615692168,212.94868847659427,13836.319927215576,5,2
2021-09-09,1631217600000,,14056.036544769317,212.94868847659427,13843.087856292725,5,2
2021-09-10,1631304000000,,13996.766765563994,212.94868847659427,13783.818077087402,5,2
2021-09-13,1631563200000,,13631.392646759063,212.94868847659427,13418.44395828247,5,2
2021-09-14,1631649600000,,13806.164855926543,212.94868847659427,13593.216167449951,5,2
2021-09-15,1631736000000,,13959.494739501983,212.94868847659427,13746.54605102539,5,2
2021-09-16,1631822400000,,13937.88056942752,212.94868847659427,13724.931880950928,5,2
2021-09-17,1631908800000,,13751.241012905608,2582.223102901948,11169.017910003662,4,2
2021-09-20,1632168000000,,13370.794344590318,3120.734362290513,10250.059982299805,4,2
2021-09-21,1632254400000,,13464.154238389146,3120.734362290513,10343.419876098633,4,2
2021-09-22,1632340800000,,13542.774233506334,3120.734362290513,10422.03987121582,4,2
2021-09-23,1632427200000,,13718.9724079677,576.0025593348864,13142.969848632812,5,2
2021-09-24,1632513600000,,13697.102489144458,576.0025593348864,13121.09992980957,5,2
2021-09-27,1632772800000,,13384.282344491137,576.0025593348864,12808.27978515625,5,2
2021-09-28,1632859200000,,12909.327072075048,2858.1469344407733,10051.180137634277,4,2
2021-09-29,1632945600000,,12888.790109638969,2975.9499530837943,9912.840156555176,4,1
2021-09-30,1633032000000,,12721.573401162052,3763.4235140770934,8958.149887084961,4,1
2021-10-01,1633118400000,,12779.460876995738,7946.4608312193695,4833.000045776367,2,1
2021-10-04,1633377600000,,12803.492568489588,4933.3826556172735,7870.109912872314,4,2
2021-10-05,1633464000000,,12896.428064004313,2762.727857247721,10133.700206756592,5,2
2021-10-06,1633550400000,,12733.577272245662,5166.837358305233,7566.73991394043,4,2
2021-10-07,1633636800000,,12768.394970843075,2821.9947862117274,9946.400184631348,5,2
2021-10-08,1633723200000,,12995.03487867999,2821.9947862117274,10173.040092468262,5,2
2021-10-11,1633982400000,,12993.55471510577,2821.9947862117274,10171.559928894043,5,2
2021-10-12,1634068800000,,12921.504914232968,2821.9947862117274,10099.51012802124,5,2
2021-10-13,1634155200000,,12881.9447411983,2821.9947862117274,10059.949954986572,5,2
2021-10-14,1634241600000,,12989.704823443173,2821.9947862117274,10167.710037231445,5,2
2021-10-15,1634328000000,,12960.924885699033,2821.9947862117274,10138.930099487305,5,2
2021-10-18,1634587200000,,13008.804879137753,2821.9947862117274,10186.810092926025,5,2
2021-10-19,1634673600000,,13103.774556109189,2821.9947862117274,10281.779769897461,5,2
2021-10-20,1634760000000,,13209.944622942685,2821.9947862117274,10387.949836730957,5,2
2021-10-21,1634846400000,,13071.92467970538,2821.9947862117274,10249.929893493652,5,2
2021-10-22,1634932800000,,13160.104683825253,2821.9947862117274,10338.109897613525,5,2
2021-10-25,1635192000000,,13167.36487288165,2821.9947862117274,10345.370086669922,5,2
2021-10-26,1635278400000,,13149.524727770566,2821.9947862117274,10327.529941558838,5,2
2021-10-27,1635364800000,,12889.55477232623,2821.9947862117274,10067.559986114502,5,2
2021-10-28,1635451200000,,13034.984665819882,2821.9947862117274,10212.989879608154,5,2
2021-10-29,1635537600000,,12919.676378491726,4903.026392224636,8016.64998626709,4,2
2021-11-01,1635796800000,,12995.259932006862,2486.199980224636,10509.059951782227,5,2
2021-11-02,1635883200000,,12741.210911568882,4078.310910043003,8662.900001525879,4,2
2021-11-03,1635969600000,,12742.536956837834,1627.5969086200603,11114.940048217773,5,2
2021-11-04,1636056000000,,12799.736915639103,1627.5969086200603,11172.140007019043,5,2
2021-11-05,1636142400000,,13278.576995900334,1627.5969086200603,11650.980087280273,5,2
2021-11-08,1636405200000,,13170.876731923283,1627.5969086200603,11543.279823303223,5,2
2021-11-09,1636491600000,,13167.906852772892,1627.5969086200603,11540.309944152832,5,2
2021-11-10,1636578000000,,12911.08705907172,1627.5969086200603,11283.49015045166,5,2
2021-11-11,1636664400000,,12926.417076161564,1627.5969086200603,11298.820167541504,5,2
2021-11-12,1636750800000,,12835.708597930334,1772.0785243829696,11063.630073547363,5,2
2021-11-15,1637010000000,,12980.148577483556,1772.0785243829696,11208.070053100586,5,2
2021-11-16,1637096400000,,12951.88834646549,1772.0785243829696,11179.80982208252,5,2
2021-11-17,1637182800000,,12902.818415435217,1772.0785243829696,11130.739891052246,5,2
2021-11-18,1637269200000,,12833.135798074374,4029.9558893219346,8803.179908752441,4,1
2021-11-19,1637355600000,,12717.434445820292,2196.394303760968,10521.040142059326,5,2
2021-11-22,1637614800000,,12616.894235096415,2196.394303760968,10420.49993133545,5,2
2021-11-23,1637701200000,,12705.179106820295,4525.489127267071,8179.689979553223,4,1
2021-11-24,1637787600000,,12803.132252732312,3059.86222175697,9743.270030975342,5,1
2021-11-26,1637960400000,,12311.695580145086,5407.645619054999,6904.049961090088,4,1
2021-11-29,1638219600000,,12489.155594488348,5407.645619054999,7081.50997543335,4,1
2021-11-30,1638306000000,,12254.32513508531,4542.445023390975,7711.880111694336,4,1
2021-12-01,1638392400000,,12173.400687660982,6681.440623726656,5491.960063934326,3,1
2021-12-02,1638478800000,,12201.528134246362,8035.668095489038,4165.860038757324,2,1
2021-12-03,1638565200000,,12225.018208404077,8035.668095489038,4189.350112915039,2,1
2021-12-06,1638824400000,,12165.582661848353,1708.5327198317514,10457.049942016602,5,2
2021-12-07,1638910800000,,12423.80251811056,1708.5327198317514,10715.269798278809,5,2
2021-12-08,1638997200000,,12408.782658796596,1708.5327198317514,10700.249938964844,5,2
2021-12-09,1639083600000,,12295.412797193812,1708.5327198317514,10586.88007736206,5,2
2021-12-10,1639170000000,,12408.202855329799,1708.5327198317514,10699.670135498047,5,2
2021-12-13,1639429200000,,12358.182797651576,1708.5327198317514,10649.650077819824,5,2
2021-12-14,1639515600000,,12313.392876844691,1708.5327198317514,10604.86015701294,5,2
2021-12-15,1639602000000,,12566.192479353236,1708.5327198317514,10857.659759521484,5,2
2021-12-16,1639688400000,,12423.032723646449,1708.5327198317514,10714.500003814697,5,2
2021-12-17,1639774800000,,12402.032769422816,1708.5327198317514,10693.500049591064,5,2
2021-12-20,1640034000000,,12375.132714491176,1708.5327198317514,10666.599994659424,5,2
2021-12-21,1640120400000,,12306.141993965968,3965.511920418604,8340.630073547363,4,2
2021-12-22,1640206800000,,12450.090324987195,1736.4405103814834,10713.649814605713,5,2
2021-12-23,1640293200000,,12452.510468114637,1736.4405103814834,10716.069957733154,5,2
2021-12-27,1640638800000,,12614.140495885633,1736.4405103814834,10877.69998550415,5,2
2021-12-28,1640725200000,,12557.570408452772,1736.4405103814834,10821.129898071289,5,2
2021-12-29,1640811600000,,12592.610451329969,1736.4405103814834,10856.169940948486,5,2
2021-12-30,1640898000000,,12591.080631841443,1736.4405103814834,10854.640121459961,5,2
2021-12-31,1640984400000,,12656.140354741834,1736.4405103814834,10919.699844360352,5,2
2022-01-03,1641243600000,,12743.11043607118,1736.4405103814834,11006.669925689697,5,2
2022-01-04,1641330000000,,12742.720532048963,1736.4405103814834,11006.28002166748,5,2
2022-01-05,1641416400000,,12573.100773443006,1736.4405103814834,10836.660263061523,5,2
2022-01-06,1641502800000,,12598.10046063783,1736.4405103814834,10861.659950256348,5,2
2022-01-07,1641589200000,,12528.270290960096,1736.4405103814834,10791.829780578613,5,2
2022-01-10,1641848400000,,12417.958016017286,898.1482015641618,11519.809814453125,5,2
2022-01-11,1641934800000,,12352.233742075045,3116.5337642002887,9235.699977874756,4,2
2022-01-12,1642021200000,,12374.557216315174,3287.607135443591,9086.950080871582,4,1
2022-01-13,1642107600000,,12298.379751163051,865.2096385531872,11433.170112609863,5,1
2022-01-14,1642194000000,,12418.449430423305,865.2096385531872,11553.239791870117,5,1
2022-01-18,1642539600000,,12236.519670444057,865.2096385531872,11371.31003189087,5,1
2022-01-19,1642626000000,,12096.44533640784,2599.705445355594,9496.739891052246,4,1
2022-01-20,1642712400000,,11968.685547894656,2599.705445355594,9368.980102539062,4,1
2022-01-21,1642798800000,,11908.003962924153,4918.874122073323,6989.12984085083,3,1
2022-01-24,1643058000000,,11849.581966764112,11849.581966764112,0,0,0
2022-01-25,1643144400000,,11849.581966764112,11849.581966764112,0,0,0
2022-01-26,1643230800000,,11849.581966764112,11849.581966764112,0,0,0
2022-01-27,1643317200000,,11849.581966764112,11849.581966764112,0,0,0
2022-01-28,1643403600000,,11849.581966764112,11849.581966764112,0,0,0
2022-01-31,1643662800000,,11849.581966764112,11849.581966764112,0,0,0
2022-02-01,1643749200000,,11867.502476908887,873.4824764511231,10994.020000457764,5,2
2022-02-02,1643835600000,,11960.412514903272,873.4824764511231,11086.930038452148,5,2
2022-02-03,1643922000000,,11953.982394435132,873.4824764511231,11080.499917984009,5,2
2022-02-04,1644008400000,,11933.322486140454,873.4824764511231,11059.840009689331,5,2
2022-02-07,1644267600000,,11940.272439219678,873.4824764511231,11066.789962768555,5,2
2022-02-08,1644354000000,,11885.722432353223,873.4824764511231,11012.2399559021,5,2
2022-02-09,1644440400000,,11919.2024452469,873.4824764511231,11045.719968795776,5,2
2022-02-10,1644526800000,,11733.383027717267,3143.7729965893373,8589.61003112793,4,2
2022-02-11,1644613200000,,11826.445256228468,1382.2552080106937,10444.190048217773,5,2
2022-02-14,1644872400000,,11802.673077828536,11802.673077828536,0,0,0
2022-02-15,1644958800000,,11802.673077828536,11802.673077828536,0,0,0
2022-02-16,1645045200000,,11919.714319223664,3105.4045581763,8814.309761047363,4,1
2022-02-17,1645131600000,,11818.90853266131,1076.0964293898237,10742.812103271484,5,2
2022-02-18,1645218000000,,11772.69634259024,11772.69634259024,0,0,0
2022-02-22,1645563600000,,11772.69634259024,11772.69634259024,0,0,0
2022-02-23,1645650000000,,11772.69634259024,11772.69634259024,0,0,0
2022-02-24,1645736400000,,11772.69634259024,11772.69634259024,0,0,0
2022-02-25,1645822800000,,11772.69634259024,11772.69634259024,0,0,0
2022-02-28,1646082000000,,11772.69634259024,11772.69634259024,0,0,0
2022-03-01,1646168400000,,11772.69634259024,11772.69634259024,0,0,0
2022-03-02,1646254800000,,11772.69634259024,11772.69634259024,0,0,0
2022-03-03,1646341200000,,11772.69634259024,11772.69634259024,0,0,0
2022-03-04,1646427600000,,11772.69634259024,11772.69634259024,0,0,0
2022-03-07,1646686800000,,11772.69634259024,11772.69634259024,0,0,0
2022-03-08,1646773200000,,11772.69634259024,11772.69634259024,0,0,0
2022-03-09,1646859600000,,11772.69634259024,11772.69634259024,0,0,0
2022-03-10,1646946000000,,11772.69634259024,11772.69634259024,0,0,0
2022-03-11,1647032400000,,11772.69634259024,11772.69634259024,0,0,0
2022-03-14,1647288000000,,11772.69634259024,11772.69634259024,0,0,0
2022-03-15,1647374400000,,11772.69634259024,11772.69634259024,0,0,0
2022-03-16,1647460800000,,11772.69634259024,11772.69634259024,0,0,0
2022-03-17,1647547200000,,11772.69634259024,11772.69634259024,0,0,0
2022-03-18,1647633600000,,11772.69634259024,11772.69634259024,0,0,0
2022-03-21,1647892800000,,11772.69634259024,11772.69634259024,0,0,0
2022-03-22,1647979200000,,11772.69634259024,11772.69634259024,0,0,0
2022-03-23,1648065600000,,11705.415899473226,2298.872648435626,9406.543251037598,5,2
2022-03-24,1648152000000,,11681.352769015837,11681.352769015837,0,0,0
2022-03-25,1648238400000,,11902.800794423163,2065.96082860285,9836.839965820312,5,2
2022-03-28,1648497600000,,11773.650716603339,2065.96082860285,9707.689888000488,5,2
2022-03-29,1648584000000,,11547.317417671478,3781.0375104449154,7766.2799072265625,4,1
2022-03-30,1648670400000,,11666.079223933044,1463.4692233226929,10202.610000610352,5,1
2022-03-31,1648756800000,,11624.739174189392,1463.4692233226929,10161.2699508667,5,1
2022-04-01,1648843200000,,11769.139068903747,1463.4692233226929,10305.669845581055,5,1
2022-04-04,1649102400000,,11706.629074396911,1463.4692233226929,10243.159851074219,5,1
2022-04-05,1649188800000,,11670.839187922302,1463.4692233226929,10207.36996459961,5,1
2022-04-06,1649275200000,,11795.42923003656,1463.4692233226929,10331.960006713867,5,1
2022-04-07,1649361600000,,11791.102847582551,11791.102847582551,0,0,0
2022-04-08,1649448000000,,11825.06539070682,956.2055045373877,10868.859886169434,5,2
2022-04-11,1649707200000,,11839.436333120837,11839.436333120837,0,0,0
2022-04-12,1649793600000,,11839.436333120837,11839.436333120837,0,0,0
2022-04-13,1649880000000,,11839.436333120837,11839.436333120837,0,0,0
2022-04-14,1649966400000,,11839.436333120837,11839.436333120837,0,0,0
2022-04-18,1650312000000,,11839.436333120837,11839.436333120837,0,0,0
2022-04-19,1650398400000,,11839.436333120837,11839.436333120837,0,0,0
2022-04-20,1650484800000,,11839.436333120837,11839.436333120837,0,0,0
2022-04-21,1650571200000,,11839.436333120837,11839.436333120837,0,0,0
2022-04-22,1650657600000,,11839.436333120837,11839.436333120837,0,0,0
2022-04-25,1650916800000,,11839.436333120837,11839.436333120837,0,0,0
2022-04-26,1651003200000,,11839.436333120837,11839.436333120837,0,0,0
2022-04-27,1651089600000,,11839.436333120837,11839.436333120837,0,0,0
2022-04-28,1651176000000,,11839.436333120837,11839.436333120837,0,0,0
2022-04-29,1651262400000,,11839.436333120837,11839.436333120837,0,0,0
2022-05-02,1651521600000,,11839.436333120837,11839.436333120837,0,0,0
2022-05-03,1651608000000,,11839.436333120837,11839.436333120837,0,0,0
2022-05-04,1651694400000,,11839.436333120837,11839.436333120837,0,0,0
2022-05-05,1651780800000,,11839.436333120837,11839.436333120837,0,0,0
2022-05-06,1651867200000,,11839.436333120837,11839.436333120837,0,0,0
2022-05-09,1652126400000,,11839.436333120837,11839.436333120837,0,0,0
2022-05-10,1652212800000,,11839.436333120837,11839.436333120837,0,0,0
2022-05-11,1652299200000,,11839.436333120837,11839.436333120837,0,0,0
2022-05-12,1652385600000,,11839.436333120837,11839.436333120837,0,0,0
2022-05-13,1652472000000,,11839.436333120837,11839.436333120837,0,0,0
2022-05-16,1652731200000,,11839.436333120837,11839.436333120837,0,0,0
2022-05-17,1652817600000,,11839.436333120837,11839.436333120837,0,0,0
2022-05-18,1652904000000,,11839.436333120837,11839.436333120837,0,0,0
2022-05-19,1652990400000,,11839.436333120837,11839.436333120837,0,0,0
2022-05-20,1653076800000,,11839.436333120837,11839.436333120837,0,0,0
2022-05-23,1653336000000,,11839.436333120837,11839.436333120837,0,0,0
2022-05-24,1653422400000,,11839.436333120837,11839.436333120837,0,0,0
2022-05-25,1653508800000,,11839.436333120837,11839.436333120837,0,0,0
2022-05-26,1653595200000,,11839.436333120837,11839.436333120837,0,0,0
2022-05-27,1653681600000,,11839.436333120837,11839.436333120837,0,0,0
2022-05-31,1654027200000,,11839.436333120837,11839.436333120837,0,0,0
2022-06-01,1654113600000,,11839.436333120837,11839.436333120837,0,0,0
2022-06-02,1654200000000,,11839.436333120837,11839.436333120837,0,0,0
2022-06-03,1654286400000,,11839.436333120837,11839.436333120837,0,0,0
2022-06-06,1654545600000,,11839.436333120837,11839.436333120837,0,0,0
2022-06-07,1654632000000,,11839.436333120837,11839.436333120837,0,0,0
2022-06-08,1654718400000,,11839.436333120837,11839.436333120837,0,0,0
2022-06-09,1654804800000,,11839.436333120837,11839.436333120837,0,0,0
2022-06-10,1654891200000,,11839.436333120837,11839.436333120837,0,0,0
2022-06-13,1655150400000,,11839.436333120837,11839.436333120837,0,0,0
2022-06-14,1655236800000,,11839.436333120837,11839.436333120837,0,0,0
2022-06-15,1655323200000,,11839.436333120837,11839.436333120837,0,0,0
2022-06-16,1655409600000,,11839.436333120837,11839.436333120837,0,0,0
2022-06-17,1655496000000,,11839.436333120837,11839.436333120837,0,0,0
2022-06-21,1655841600000,,11839.436333120837,11839.436333120837,0,0,0
2022-06-22,1655928000000,,11839.436333120837,11839.436333120837,0,0,0
2022-06-23,1656014400000,,11839.436333120837,11839.436333120837,0,0,0
2022-06-24,1656100800000,,11839.436333120837,11839.436333120837,0,0,0
2022-06-27,1656360000000,,11839.436333120837,11839.436333120837,0,0,0
2022-06-28,1656446400000,,11839.436333120837,11839.436333120837,0,0,0
2022-06-29,1656532800000,,11839.436333120837,11839.436333120837,0,0,0
2022-06-30,1656619200000,,11839.436333120837,11839.436333120837,0,0,0
2022-07-01,1656705600000,,11839.436333120837,11839.436333120837,0,0,0
2022-07-05,1657051200000,,11839.436333120837,11839.436333120837,0,0,0
2022-07-06,1657137600000,,11839.436333120837,11839.436333120837,0,0,0
2022-07-07,1657224000000,,11839.436333120837,11839.436333120837,0,0,0
2022-07-08,1657310400000,,11839.436333120837,11839.436333120837,0,0,0
2022-07-11,1657569600000,,11839.436333120837,11839.436333120837,0,0,0
2022-07-12,1657656000000,,11839.436333120837,11839.436333120837,0,0,0
2022-07-13,1657742400000,,11839.436333120837,11839.436333120837,0,0,0
2022-07-14,1657828800000,,11839.436333120837,11839.436333120837,0,0,0
2022-07-15,1657915200000,,11839.436333120837,11839.436333120837,0,0,0
2022-07-18,1658174400000,,11839.436333120837,11839.436333120837,0,0,0
2022-07-19,1658260800000,,11839.436333120837,11839.436333120837,0,0,0
2022-07-20,1658347200000,,11839.436333120837,11839.436333120837,0,0,0
2022-07-21,1658433600000,,11839.436333120837,11839.436333120837,0,0,0
2022-07-22,1658520000000,,11839.436333120837,11839.436333120837,0,0,0
2022-07-25,1658779200000,,11839.436333120837,11839.436333120837,0,0,0
2022-07-26,1658865600000,,11839.436333120837,11839.436333120837,0,0,0
2022-07-27,1658952000000,,11839.436333120837,11839.436333120837,0,0,0
2022-07-28,1659038400000,,11839.436333120837,11839.436333120837,0,0,0
2022-07-29,1659124800000,,11839.436333120837,11839.436333120837,0,0,0
2022-08-01,1659384000000,,11839.436333120837,11839.436333120837,0,0,0
2022-08-02,1659470400000,,11839.436333120837,11839.436333120837,0,0,0
2022-08-03,1659556800000,,11839.436333120837,11839.436333120837,0,0,0
2022-08-04,1659643200000,,11839.436333120837,11839.436333120837,0,0,0
2022-08-05,1659729600000,,11839.436333120837,11839.436333120837,0,0,0
2022-08-08,1659988800000,,11839.436333120837,11839.436333120837,0,0,0
2022-08-09,1660075200000,,11839.436333120837,11839.436333120837,0,0,0
2022-08-10,1660161600000,,11839.436333120837,11839.436333120837,0,0,0
2022-08-11,1660248000000,,11839.436333120837,11839.436333120837,0,0,0
2022-08-12,1660334400000,,11839.436333120837,11839.436333120837,0,0,0
2022-08-15,1660593600000,,11839.436333120837,11839.436333120837,0,0,0
2022-08-16,1660680000000,,11839.436333120837,11839.436333120837,0,0,0
2022-08-17,1660766400000,,11839.436333120837,11839.436333120837,0,0,0
2022-08-18,1660852800000,,11839.436333120837,11839.436333120837,0,0,0
2022-08-19,1660939200000,,11839.436333120837,11839.436333120837,0,0,0
2022-08-22,1661198400000,,11839.436333120837,11839.436333120837,0,0,0
2022-08-23,1661284800000,,11839.436333120837,11839.436333120837,0,0,0
2022-08-24,1661371200000,,11839.436333120837,11839.436333120837,0,0,0
2022-08-25,1661457600000,,11839.436333120837,11839.436333120837,0,0,0
2022-08-26,1661544000000,,11839.436333120837,11839.436333120837,0,0,0
2022-08-29,1661803200000,,11839.436333120837,11839.436333120837,0,0,0
2022-08-30,1661889600000,,11839.436333120837,11839.436333120837,0,0,0
2022-08-31,1661976000000,,11839.436333120837,11839.436333120837,0,0,0
2022-09-01,1662062400000,,11839.436333120837,11839.436333120837,0,0,0
2022-09-02,1662148800000,,11839.436333120837,11839.436333120837,0,0,0
2022-09-06,1662494400000,,11839.436333120837,11839.436333120837,0,0,0
2022-09-07,1662580800000,,11839.436333120837,11839.436333120837,0,0,0
2022-09-08,1662667200000,,11839.436333120837,11839.436333120837,0,0,0
2022-09-09,1662753600000,,11839.436333120837,11839.436333120837,0,0,0
2022-09-12,1663012800000,,11839.436333120837,11839.436333120837,0,0,0
2022-09-13,1663099200000,,11839.436333120837,11839.436333120837,0,0,0
2022-09-14,1663185600000,,11839.436333120837,11839.436333120837,0,0,0
2022-09-15,1663272000000,,11839.436333120837,11839.436333120837,0,0,0
2022-09-16,1663358400000,,11839.436333120837,11839.436333120837,0,0,0
2022-09-19,1663617600000,,11839.436333120837,11839.436333120837,0,0,0
2022-09-20,1663704000000,,11839.436333120837,11839.436333120837,0,0,0
2022-09-21,1663790400000,,11839.436333120837,11839.436333120837,0,0,0
2022-09-22,1663876800000,,11839.436333120837,11839.436333120837,0,0,0
2022-09-23,1663963200000,,11839.436333120837,11839.436333120837,0,0,0
2022-09-26,1664222400000,,11839.436333120837,11839.436333120837,0,0,0
2022-09-27,1664308800000,,11839.436333120837,11839.436333120837,0,0,0
2022-09-28,1664395200000,,11839.436333120837,11839.436333120837,0,0,0
2022-09-29,1664481600000,,11839.436333120837,11839.436333120837,0,0,0
2022-09-30,1664568000000,,11839.436333120837,11839.436333120837,0,0,0
2022-10-03,1664827200000,,11839.436333120837,11839.436333120837,0,0,0
2022-10-04,1664913600000,,11839.436333120837,11839.436333120837,0,0,0
2022-10-05,1665000000000,,11839.436333120837,11839.436333120837,0,0,0
2022-10-06,1665086400000,,11839.436333120837,11839.436333120837,0,0,0
2022-10-07,1665172800000,,11839.436333120837,11839.436333120837,0,0,0
2022-10-10,1665432000000,,11839.436333120837,11839.436333120837,0,0,0
2022-10-11,1665518400000,,11839.436333120837,11839.436333120837,0,0,0
2022-10-12,1665604800000,,11839.436333120837,11839.436333120837,0,0,0
2022-10-13,1665691200000,,11839.436333120837,11839.436333120837,0,0,0
2022-10-14,1665777600000,,11839.436333120837,11839.436333120837,0,0,0
2022-10-17,1666036800000,,11839.436333120837,11839.436333120837,0,0,0
2022-10-18,1666123200000,,11839.436333120837,11839.436333120837,0,0,0
2022-10-19,1666209600000,,11839.436333120837,11839.436333120837,0,0,0
2022-10-20,1666296000000,,11839.436333120837,11839.436333120837,0,0,0
2022-10-21,1666382400000,,11839.436333120837,11839.436333120837,0,0,0
2022-10-24,1666641600000,,11839.436333120837,11839.436333120837,0,0,0
2022-10-25,1666728000000,,11839.436333120837,11839.436333120837,0,0,0
2022-10-26,1666814400000,,11839.436333120837,11839.436333120837,0,0,0
2022-10-27,1666900800000,,11839.436333120837,11839.436333120837,0,0,0
2022-10-28,1666987200000,,11839.436333120837,11839.436333120837,0,0,0
2022-10-31,1667246400000,,11839.436333120837,11839.436333120837,0,0,0
2022-11-01,1667332800000,,11839.436333120837,11839.436333120837,0,0,0
2022-11-02,1667419200000,,11839.436333120837,11839.436333120837,0,0,0
2022-11-03,1667505600000,,11839.436333120837,11839.436333120837,0,0,0
2022-11-04,1667592000000,,11839.436333120837,11839.436333120837,0,0,0
2022-11-07,1667854800000,,11839.436333120837,11839.436333120837,0,0,0
2022-11-08,1667941200000,,11839.436333120837,11839.436333120837,0,0,0
2022-11-09,1668027600000,,11839.436333120837,11839.436333120837,0,0,0
2022-11-10,1668114000000,,11839.436333120837,11839.436333120837,0,0,0
2022-11-11,1668200400000,,11839.436333120837,11839.436333120837,0,0,0
2022-11-14,1668459600000,,11839.436333120837,11839.436333120837,0,0,0
2022-11-15,1668546000000,,11839.436333120837,11839.436333120837,0,0,0
2022-11-16,1668632400000,,11839.436333120837,11839.436333120837,0,0,0
2022-11-17,1668718800000,,11839.436333120837,11839.436333120837,0,0,0
2022-11-18,1668805200000,,11839.436333120837,11839.436333120837,0,0,0
2022-11-21,1669064400000,,11839.436333120837,11839.436333120837,0,0,0
2022-11-22,1669150800000,,11839.436333120837,11839.436333120837,0,0,0
2022-11-23,1669237200000,,11839.436333120837,11839.436333120837,0,0,0
2022-11-25,1669410000000,,11839.436333120837,11839.436333120837,0,0,0
2022-11-28,1669669200000,,11839.436333120837,11839.436333120837,0,0,0
2022-11-29,1669755600000,,11839.436333120837,11839.436333120837,0,0,0
2022-11-30,1669842000000,,11839.436333120837,11839.436333120837,0,0,0
2022-12-01,1669928400000,,11759.277689806859,1314.2942761105692,10444.983413696289,5,2
2022-12-02,1670014800000,,11823.287554613988,1314.2942761105692,10508.993278503418,5,2
2022-12-05,1670274000000,,11667.24103819553,1314.2942761105692,10352.946762084961,5,2
2022-12-06,1670360400000,,11651.508792203174,11651.508792203174,0,0,0
2022-12-07,1670446800000,,11651.508792203174,11651.508792203174,0,0,0
2022-12-08,1670533200000,,11651.508792203174,11651.508792203174,0,0,0
2022-12-09,1670619600000,,11651.508792203174,11651.508792203174,0,0,0
2022-12-12,1670878800000,,11651.508792203174,11651.508792203174,0,0,0
2022-12-13,1670965200000,,11651.508792203174,11651.508792203174,0,0,0
2022-12-14,1671051600000,,11651.508792203174,11651.508792203174,0,0,0
2022-12-15,1671138000000,,11651.508792203174,11651.508792203174,0,0,0
2022-12-16,1671224400000,,11651.508792203174,11651.508792203174,0,0,0
2022-12-19,1671483600000,,11651.508792203174,11651.508792203174,0,0,0
2022-12-20,1671570000000,,11651.508792203174,11651.508792203174,0,0,0
2022-12-21,1671656400000,,11651.508792203174,11651.508792203174,0,0,0
2022-12-22,1671742800000,,11651.508792203174,11651.508792203174,0,0,0
2022-12-23,1671829200000,,11651.508792203174,11651.508792203174,0,0,0
2022-12-27,1672174800000,,11651.508792203174,11651.508792203174,0,0,0
2022-12-28,1672261200000,,11651.508792203174,11651.508792203174,0,0,0
2022-12-29,1672347600000,,11651.508792203174,11651.508792203174,0,0,0
2022-12-30,1672434000000,,11651.508792203174,11651.508792203174,0,0,0
2023-01-03,1672779600000,,11651.508792203174,11651.508792203174,0,0,0
2023-01-04,1672866000000,,11651.508792203174,11651.508792203174,0,0,0
2023-01-05,1672952400000,,11651.508792203174,11651.508792203174,0,0,0
2023-01-06,1673038800000,,11651.508792203174,11651.508792203174,0,0,0
2023-01-09,1673298000000,,11651.508792203174,11651.508792203174,0,0,0
2023-01-10,1673384400000,,11651.508792203174,11651.508792203174,0,0,0
2023-01-11,1673470800000,,11651.508792203174,11651.508792203174,0,0,0
2023-01-12,1673557200000,,11651.508792203174,11651.508792203174,0,0,0
2023-01-13,1673643600000,,11651.508792203174,11651.508792203174,0,0,0
2023-01-17,1673989200000,,11604.085297080497,834.9731335367965,10769.112163543701,5,2
2023-01-18,1674075600000,,11514.183350059013,834.9731335367965,10679.210216522217,5,2
2023-01-19,1674162000000,,11427.553892788943,11427.553892788943,0,0,0
2023-01-20,1674248400000,,11427.553892788943,11427.553892788943,0,0,0
2023-01-23,1674507600000,,11427.553892788943,11427.553892788943,0,0,0
2023-01-24,1674594000000,,11363.98416700362,2033.5641535758864,9330.420013427734,5,2
2023-01-25,1674680400000,,11172.996536073217,3203.816421327123,7969.180114746094,4,2
2023-01-26,1674766800000,,11341.745474515861,984.9654604777729,10356.780014038086,5,2
2023-01-27,1674853200000,,11311.165274320549,984.9654604777729,10326.199813842773,5,2
2023-01-30,1675112400000,,11218.03544491381,984.9654604777729,10233.069984436035,5,2
2023-01-31,1675198800000,,11347.92549770922,984.9654604777729,10362.960037231445,5,2
2023-02-01,1675285200000,,11438.445318876213,984.9654604777729,10453.479858398438,5,2
2023-02-02,1675371600000,,11382.11016859899,3115.49006667028,8266.620101928711,4,2
2023-02-03,1675458000000,,11297.674417644706,909.3243962824022,10388.350021362305,5,2
2023-02-06,1675717200000,,11149.750788163265,2298.5508064738115,8851.199981689453,4,2
2023-02-07,1675803600000,,11188.794568723033,107.17457360584604,11081.619995117188,5,2
2023-02-08,1675890000000,,11044.624341672252,107.17457360584604,10937.449768066406,5,2
2023-02-09,1675976400000,,11147.754621213267,107.17457360584604,11040.580047607422,5,2
2023-02-10,1676062800000,,11060.10452050526,107.17457360584604,10952.929946899414,5,2
2023-02-13,1676322000000,,11187.024656003307,107.17457360584604,11079.850082397461,5,2
2023-02-14,1676408400000,,11172.244397824596,107.17457360584604,11065.06982421875,5,2
2023-02-15,1676494800000,,11224.754636472057,107.17457360584604,11117.580062866211,5,2
2023-02-16,1676581200000,,11184.884565060924,107.17457360584604,11077.709991455078,5,2
2023-02-17,1676667600000,,11182.58480614979,107.17457360584604,11075.410232543945,5,2
2023-02-21,1677013200000,,10950.294538205455,107.17457360584604,10843.11996459961,5,2
2023-02-22,1677099600000,,10994.314389890025,107.17457360584604,10887.13981628418,5,2
2023-02-23,1677186000000,,10962.137756111943,2224.937682869755,8737.200073242188,4,2
2023-02-24,1677272400000,,10858.085108378376,4269.415140727009,6588.669967651367,3,1
2023-02-27,1677531600000,,10812.27471193259,558.7048037905015,10253.56990814209,5,1
2023-02-28,1677618000000,,10891.244842853,558.7048037905015,10332.5400390625,5,1
2023-03-01,1677704400000,,11013.494812335422,558.7048037905015,10454.790008544922,5,1
2023-03-02,1677790800000,,11096.784736957004,558.7048037905015,10538.079933166504,5,1
2023-03-03,1677877200000,,11237.524750079563,558.7048037905015,10678.819946289062,5,1
2023-03-06,1678136400000,,11189.63467439597,558.7048037905015,10630.929870605469,5,1
2023-03-07,1678222800000,,11063.31491884177,558.7048037905015,10504.61011505127,5,1
2023-03-08,1678309200000,,11018.922696933385,2711.5126551243025,8307.410041809082,4,1
2023-03-09,1678395600000,,10757.79765902886,1071.5477124346205,9686.249946594238,5,1
2023-03-10,1678482000000,,10709.30314807423,10709.30314807423,0,0,0
2023-03-13,1678737600000,,10709.30314807423,10709.30314807423,0,0,0
2023-03-14,1678824000000,,10709.30314807423,10709.30314807423,0,0,0
2023-03-15,1678910400000,,10709.30314807423,10709.30314807423,0,0,0
2023-03-16,1678996800000,,10709.30314807423,10709.30314807423,0,0,0
2023-03-17,1679083200000,,10659.486749569112,5887.361678997213,4772.125070571899,3,2
2023-03-20,1679342400000,,10648.1907039055,10648.1907039055,0,0,0
2023-03-21,1679428800000,,10608.52413207608,7695.434097591216,2913.0900344848633,2,1
2023-03-22,1679515200000,,10464.223755412937,3968.9087377127416,6495.315017700195,4,2
2023-03-23,1679601600000,,10518.599693314502,10518.599693314502,0,0,0
2023-03-24,1679688000000,,10543.60092547298,7013.900875118976,3529.700050354004,2,1
2023-03-27,1679947200000,,10581.343599128468,2939.1236055371587,7642.219993591309,4,2
2023-03-28,1680033600000,,10640.896811690509,827.7671119834781,9813.129699707031,5,2
2023-03-29,1680120000000,,10689.827147689044,827.7671119834781,9862.060035705566,5,2
2023-03-30,1680206400000,,10669.707137313068,827.7671119834781,9841.94002532959,5,2
2023-03-31,1680292800000,,10772.877089705646,827.7671119834781,9945.109977722168,5,2
2023-04-03,1680552000000,,10822.247206893146,827.7671119834781,9994.480094909668,5,2
2023-04-04,1680638400000,,10825.637107100665,827.7671119834781,9997.869995117188,5,2
2023-04-05,1680724800000,,10815.86709519881,827.7671119834781,9988.099983215332,5,2
2023-04-06,1680811200000,,10818.306945052325,827.7671119834781,9990.539833068848,5,2
2023-04-10,1681156800000,,10842.617240157306,827.7671119834781,10014.850128173828,5,2
2023-04-11,1681243200000,,10855.927123274982,827.7671119834781,10028.160011291504,5,2
2023-04-12,1681329600000,,10867.567008223712,827.7671119834781,10039.799896240234,5,2
2023-04-13,1681416000000,,10942.82705613631,827.7671119834781,10115.059944152832,5,2
2023-04-14,1681502400000,,10909.547133650958,827.7671119834781,10081.78002166748,5,2
2023-04-17,1681761600000,,10923.76706620711,827.7671119834781,10095.999954223633,5,2
2023-04-18,1681848000000,,10923.777144637286,827.7671119834781,10096.010032653809,5,2
2023-04-19,1681934400000,,10898.607047286212,827.7671119834781,10070.839935302734,5,2
2023-04-20,1682020800000,,10909.547232833087,827.7671119834781,10081.78012084961,5,2
2023-04-21,1682107200000,,10932.33705827254,827.7671119834781,10104.569946289062,5,2
2023-04-24,1682366400000,,10929.597083296954,827.7671119834781,10101.829971313477,5,2
2023-04-25,1682452800000,,10839.353743017658,2417.0437454590638,8422.309997558594,4,2
2023-04-26,1682539200000,,10812.220808072918,277.34078030192086,10534.880027770996,5,2
2023-04-27,1682625600000,,11009.74646221179,2166.5566276170607,8843.189834594727,4,2
2023-04-28,1682712000000,,11166.85906029051,490.13885307615215,10676.720207214355,5,2
2023-05-01,1682971200000,,11164.138891223127,490.13885307615215,10674.000038146973,5,2
2023-05-02,1683057600000,,11140.508672717267,490.13885307615215,10650.369819641113,5,2
2023-05-03,1683144000000,,11135.898649218732,490.13885307615215,10645.759796142578,5,2
2023-05-04,1683230400000,,11099.479215624982,490.13885307615215,10609.340362548828,5,2
2023-05-05,1683316800000,,11148.508535388166,490.13885307615215,10658.369682312012,5,2
2023-05-08,1683576000000,,11204.408720019514,490.13885307615215,10714.26986694336,5,2
2023-05-09,1683662400000,,11193.658803942853,490.13885307615215,10703.5199508667,5,2
2023-05-10,1683748800000,,11208.758909228498,490.13885307615215,10718.620056152344,5,2
2023-05-11,1683835200000,,11274.488958361799,490.13885307615215,10784.350105285645,5,2
2023-05-12,1683921600000,,11290.528585436994,490.13885307615215,10800.38973236084,5,2
2023-05-15,1684180800000,,11286.869070056135,490.13885307615215,10796.73021697998,5,2
2023-05-16,1684267200000,,11293.39901542967,490.13885307615215,10803.260162353516,5,2
2023-05-17,1684353600000,,11315.96899223631,490.13885307615215,10825.830139160156,5,2
2023-05-18,1684440000000,,11548.588895800764,490.13885307615215,11058.45004272461,5,2
2023-05-19,1684526400000,,11491.638792040998,490.13885307615215,11001.499938964844,5,2
2023-05-22,1684785600000,,11418.019071582014,490.13885307615215,10927.88021850586,5,2
2023-05-23,1684872000000,,11239.801062470684,2565.980933076152,8673.820129394531,4,1
2023-05-24,1684958400000,,11241.49584780516,381.0096264916792,10860.486221313477,5,1
2023-05-25,1685044800000,,11477.309454067366,381.0096264916792,11096.299827575684,5,1
2023-05-26,1685131200000,,11792.155698879378,381.0096264916792,11411.146072387695,5,1
2023-05-30,1685476800000,,11786.746387610605,2608.2484399177347,9178.497947692871,4,1
2023-05-31,1685563200000,,11682.5926006021,669.4647319497553,11013.127868652344,5,2
2023-06-01,1685649600000,,11821.11486699004,669.4647319497553,11151.650135040283,5,2
2023-06-02,1685736000000,,11945.567389267871,669.4647319497553,11276.102657318115,5,2
2023-06-05,1685995200000,,11913.873854416797,669.4647319497553,11244.409122467041,5,2
2023-06-06,1686081600000,,11925.900568741748,669.4647319497553,11256.435836791992,5,2
2023-06-07,1686168000000,,11749.545740860889,669.4647319497553,11080.081008911133,5,2
2023-06-08,1686254400000,,11847.054564255664,669.4647319497553,11177.589832305908,5,2
2023-06-09,1686340800000,,11860.75864292998,669.4647319497553,11191.293910980225,5,2
2023-06-12,1686600000000,,12165.54479100127,669.4647319497553,11496.080059051514,5,2
2023-06-13,1686686400000,,12255.906813401172,669.4647319497553,11586.442081451416,5,2
2023-06-14,1686772800000,,12446.653628128955,669.4647319497553,11777.1888961792,5,2
2023-06-15,1686859200000,,12526.117693680713,669.4647319497553,11856.652961730957,5,2
2023-06-16,1686945600000,,12463.274737137745,669.4647319497553,11793.810005187988,5,2
2023-06-20,1687291200000,,12600.432429093311,669.4647319497553,11930.967697143555,5,2
2023-06-21,1687377600000,,12543.701769608448,669.4647319497553,11874.237037658691,5,2
2023-06-22,1687464000000,,12566.975909012745,669.4647319497553,11897.511177062988,5,2
2023-06-23,1687550400000,,12493.11563374419,669.4647319497553,11823.650901794434,5,2
2023-06-26,1687809600000,,12331.82871891875,669.4647319497553,11662.363986968994,5,2
2023-06-27,1687896000000,,12622.148539322803,669.4647319497553,11952.683807373047,5,2
2023-06-28,1687982400000,,12560.98579289336,669.4647319497553,11891.521060943604,5,2
2023-06-29,1688068800000,,12569.776827591846,669.4647319497553,11900.31209564209,5,2
2023-06-30,1688155200000,,12735.42858006377,669.4647319497553,12065.963848114014,5,2
2023-07-03,1688414400000,,12722.269507187793,669.4647319497553,12052.804775238037,5,2
2023-07-05,1688587200000,,12730.709696549366,669.4647319497553,12061.24496459961,5,2
2023-07-06,1688673600000,,12544.631933945606,669.4647319497553,11875.16720199585,5,2
2023-07-07,1688760000000,,12526.601717728565,669.4647319497553,11857.136985778809,5,2
2023-07-10,1689019200000,,12775.67080952544,669.4647319497553,12106.206077575684,5,2
2023-07-11,1689105600000,,12865.0296809854,669.4647319497553,12195.564949035645,5,2
2023-07-12,1689192000000,,13103.022921341846,669.4647319497553,12433.55818939209,5,2
2023-07-13,1689278400000,,13250.109953659961,669.4647319497553,12580.645221710205,5,2
2023-07-14,1689364800000,,13341.381891983936,669.4647319497553,12671.91716003418,5,2
2023-07-17,1689624000000,,13448.073580521534,669.4647319497553,12778.608848571777,5,2
2023-07-18,1689710400000,,13490.44664647002,669.4647319497553,12820.981914520264,5,2
2023-07-19,1689796800000,,13451.171698349903,669.4647319497553,12781.706966400146,5,2
2023-07-20,1689883200000,,13063.522528428028,669.4647319497553,12394.057796478271,5,2
2023-07-21,1689969600000,,12990.055666703174,669.4647319497553,12320.590934753418,5,2
2023-07-24,1690228800000,,12973.150500077198,669.4647319497553,12303.685768127441,5,2
2023-07-25,1690315200000,,13274.38378407378,669.4647319497553,12604.919052124023,5,2
2023-07-26,1690401600000,,13224.210860032032,669.4647319497553,12554.746128082275,5,2
2023-07-27,1690488000000,,13283.550669449756,669.4647319497553,12614.0859375,5,2
2023-07-28,1690574400000,,13486.652697342823,669.4647319497553,12817.187965393066,5,2
2023-07-31,1690833600000,,13413.245672959278,669.4647319497553,12743.780941009521,5,2
2023-08-01,1690920000000,,13520.097655075977,669.4647319497553,12850.63292312622,5,2
2023-08-02,1691006400000,,13216.125799912403,669.4647319497553,12546.661067962646,5,2
2023-08-03,1691092800000,,13152.805582779834,669.4647319497553,12483.340850830078,5,2
2023-08-04,1691179200000,,13200.87475850005,669.4647319497553,12531.410026550293,5,2
2023-08-07,1691438400000,,13402.119753617237,669.4647319497553,12732.65502166748,5,2
2023-08-08,1691524800000,,13251.454307599017,3209.99600224013,10041.458305358887,4,2
2023-08-09,1691611200000,,13007.223358130565,3350.547370886912,9656.675987243652,4,1
2023-08-10,1691697600000,,12887.606354263835,328.9664464269208,12558.639907836914,5,1
2023-08-11,1691784000000,,12898.206242111735,328.9664464269208,12569.239795684814,5,1
2023-08-14,1692043200000,,12964.66650441032,328.9664464269208,12635.700057983398,5,1
2023-08-15,1692129600000,,12861.68646672111,328.9664464269208,12532.72002029419,5,1
2023-08-16,1692216000000,,12675.83636906486,328.9664464269208,12346.86992263794,5,1
2023-08-17,1692302400000,,12514.72217024583,2343.0321792485147,10171.689990997314,4,1
2023-08-18,1692388800000,,12592.101082801775,43.98091983790846,12548.120162963867,5,2
2023-08-21,1692648000000,,12623.616836933397,2587.1469883005852,10036.469848632812,4,2
2023-08-22,1692734400000,,12577.517174152636,2587.1469883005852,9990.37018585205,4,2
2023-08-23,1692820800000,,12576.635145106005,913.6450862070794,11662.990058898926,5,2
2023-08-24,1692907200000,,12448.878239260957,3270.5481763947464,9178.330062866211,4,2
2023-08-25,1692993600000,,12479.552158832437,868.9020504950349,11610.650108337402,5,2
2023-08-28,1693252800000,,12521.662159442789,868.9020504950349,11652.760108947754,5,2
2023-08-29,1693339200000,,12631.652149677164,868.9020504950349,11762.750099182129,5,2
2023-08-30,1693425600000,,12659.93207979191,868.9020504950349,11791.030029296875,5,2
2023-08-31,1693512000000,,12674.132046222574,868.9020504950349,11805.229995727539,5,2
2023-09-01,1693598400000,,12795.602009296304,868.9020504950349,11926.69995880127,5,2
2023-09-05,1693944000000,,12696.69208192814,868.9020504950349,11827.790031433105,5,2
2023-09-06,1694030400000,,12680.092060565836,868.9020504950349,11811.1900100708,5,2
2023-09-07,1694116800000,,12793.22210359562,868.9020504950349,11924.320053100586,5,2
2023-09-08,1694203200000,,12811.041950702554,868.9020504950349,11942.13990020752,5,2
2023-09-11,1694462400000,,12902.202145099527,868.9020504950349,12033.300094604492,5,2
2023-09-12,1694548800000,,12835.601902484781,868.9020504950349,11966.699851989746,5,2
2023-09-13,1694635200000,,12816.792080402261,868.9020504950349,11947.890029907227,5,2
2023-09-14,1694721600000,,12901.891773700601,868.9020504950349,12032.989723205566,5,2
2023-09-15,1694808000000,,12756.562016010172,868.9020504950349,11887.659965515137,5,2
2023-09-18,1695067200000,,12780.562077045328,868.9020504950349,11911.660026550293,5,2
2023-09-19,1695153600000,,12780.87217378605,868.9020504950349,11911.970123291016,5,2
2023-09-20,1695240000000,,12807.652111530191,868.9020504950349,11938.750061035156,5,2
2023-09-21,1695326400000,,12506.151849649541,2279.8517016392843,10226.300148010254,4,1
2023-09-22,1695412800000,,12483.072577579536,4626.0223761635225,7857.050201416016,3,1
2023-09-25,1695672000000,,12523.262236698189,4626.0223761635225,7897.239860534668,3,1
2023-09-26,1695758400000,,12356.680405843697,68.1703274135225,12288.510078430176,5,1
2023-09-27,1695844800000,,12475.840211141549,68.1703274135225,12407.669883728027,5,1
2023-09-28,1695931200000,,12395.050362813912,68.1703274135225,12326.88003540039,5,1
2023-09-29,1696017600000,,12362.210419881783,68.1703274135225,12294.040092468262,5,1
2023-10-02,1696276800000,,12176.630516679696,4795.940392167978,7380.690124511719,3,1
2023-10-03,1696363200000,,12045.09365319457,4847.953661434317,7197.139991760254,3,2
2023-10-04,1696449600000,,12130.343515865468,4847.953661434317,7282.389854431152,3,2
2023-10-05,1696536000000,,12064.427934307318,2431.277650493842,9633.150283813477,4,2
2023-10-06,1696622400000,,12190.500934889289,189.65115003821484,12000.849784851074,5,2
2023-10-09,1696881600000,,12346.701237013312,189.65115003821484,12157.050086975098,5,2
2023-10-10,1696968000000,,12391.041271498176,189.65115003821484,12201.390121459961,5,2
2023-10-11,1697054400000,,12536.401111891242,189.65115003821484,12346.749961853027,5,2
2023-10-12,1697140800000,,12473.211391737434,189.65115003821484,12283.560241699219,5,2
2023-10-13,1697227200000,,12389.691204359504,189.65115003821484,12200.040054321289,5,2
2023-10-16,1697486400000,,12464.421024610969,189.65115003821484,12274.769874572754,5,2
2023-10-17,1697572800000,,12510.011349012824,189.65115003821484,12320.36019897461,5,2
2023-10-18,1697659200000,,12384.05097608802,189.65115003821484,12194.399826049805,5,2
2023-10-19,1697745600000,,12205.671024610969,189.65115003821484,12016.019874572754,5,2
2023-10-20,1697832000000,,11979.794096012642,2342.4341488080513,9637.35994720459,4,2
2023-10-23,1698091200000,,11911.247787752416,11911.247787752416,0,0,0
2023-10-24,1698177600000,,11911.247787752416,11911.247787752416,0,0,0
2023-10-25,1698264000000,,11879.264726835136,7346.157850461845,4533.106876373291,2,1
2023-10-26,1698350400000,,11874.813623196773,11874.813623196773,0,0,0
2023-10-27,1698436800000,,11874.813623196773,11874.813623196773,0,0,0
2023-10-30,1698696000000,,11874.813623196773,11874.813623196773,0,0,0
2023-10-31,1698782400000,,11874.813623196773,11874.813623196773,0,0,0
2023-11-01,1698868800000,,11874.813623196773,11874.813623196773,0,0,0
2023-11-02,1698955200000,,11874.813623196773,11874.813623196773,0,0,0
2023-11-03,1699041600000,,11766.244701795757,1039.1345524122107,10727.110149383545,5,2
2023-11-06,1699304400000,,11851.554554936534,3182.574299809583,8668.980255126953,4,2
2023-11-07,1699390800000,,11746.175655841289,914.8757443422678,10831.299911499023,5,2
2023-11-08,1699477200000,,11773.425732135234,914.8757443422678,10858.549987792969,5,2
2023-11-09,1699563600000,,11731.015976428447,914.8757443422678,10816.140232086182,5,2
2023-11-10,1699650000000,,11773.295700549541,914.8757443422678,10858.419956207275,5,2
2023-11-13,1699909200000,,11864.74586915916,914.8757443422678,10949.870124816895,5,2
2023-11-14,1699995600000,,11868.405865191875,914.8757443422678,10953.53012084961,5,2
2023-11-15,1700082000000,,11756.582249243958,3082.3122716743783,8674.26997756958,4,2
2023-11-16,1700168400000,,11820.422731134064,781.592694970735,11038.83003616333,5,2
2023-11-17,1700254800000,,11831.952848168976,781.592694970735,11050.360153198242,5,2
2023-11-20,1700514000000,,11811.63260051883,781.592694970735,11030.039905548096,5,2
2023-11-21,1700600400000,,11736.232751580841,781.592694970735,10954.640056610107,5,2
2023-11-22,1700686800000,,11899.712861749298,781.592694970735,11118.120166778564,5,2
2023-11-24,1700859600000,,11911.522718164093,781.592694970735,11129.93002319336,5,2
2023-11-27,1701118800000,,12033.022626611359,781.592694970735,11251.429931640625,5,2
2023-11-28,1701205200000,,11987.312749597198,781.592694970735,11205.720054626465,5,2
2023-11-29,1701291600000,,11959.792508813507,781.592694970735,11178.199813842773,5,2
2023-11-30,1701378000000,,12157.532663079865,781.592694970735,11375.93996810913,5,2
2023-12-01,1701464400000,,12248.582555505402,781.592694970735,11466.989860534668,5,2
2023-12-04,1701723600000,,12332.522645684845,781.592694970735,11550.929950714111,5,2
2023-12-05,1701810000000,,12344.692674371368,781.592694970735,11563.099979400635,5,2
2023-12-06,1701896400000,,12123.054647756377,2937.274854970735,9185.779792785645,4,2
2023-12-07,1701982800000,,12176.970172983612,556.380245310274,11620.58992767334,5,2
2023-12-08,1702069200000,,12212.900135141816,556.380245310274,11656.519889831543,5,2
2023-12-11,1702328400000,,12238.830345255341,556.380245310274,11682.450099945068,5,2
2023-12-12,1702414800000,,12333.340305429901,556.380245310274,11776.960060119629,5,2
2023-12-13,1702501200000,,12425.220108133759,556.380245310274,11868.839862823486,5,2
2023-12-14,1702587600000,,12246.428914952532,2828.648874211565,9417.780040740967,4,2
2023-12-15,1702674000000,,12281.281282642045,561.5314047123588,11719.749877929688,5,2
2023-12-18,1702933200000,,12298.75122664229,561.5314047123588,11737.219821929932,5,2
2023-12-19,1703019600000,,12398.531702258744,561.5314047123588,11837.000297546387,5,2
2023-12-20,1703106000000,,12304.441408374467,561.5314047123588,11742.91000366211,5,2
2023-12-21,1703192400000,,12416.521410205522,561.5314047123588,11854.990005493164,5,2
2023-12-22,1703278800000,,12400.911558368363,561.5314047123588,11839.380153656006,5,2
2023-12-26,1703624400000,,12470.131544330277,561.5314047123588,11908.60013961792,5,2
2023-12-27,1703710800000,,12503.271330096879,561.5314047123588,11941.739925384521,5,2
2023-12-28,1703797200000,,12553.241296985307,561.5314047123588,11991.70989227295,5,2
2023-12-29,1703883600000,,12501.8914167668,561.5314047123588,11940.360012054443,5,2
2024-01-02,1704229200000,,12354.851312854447,561.5314047123588,11793.31990814209,5,2
2024-01-03,1704315600000,,12231.907301787896,2708.347388152642,9523.559913635254,4,2
2024-01-04,1704402000000,,12176.994214079337,2913.334107420403,9263.660106658936,4,2
2024-01-05,1704488400000,,12222.161737983637,2856.1817384413994,9365.979999542236,4,2
2024-01-08,1704747600000,,12246.971188724758,442.3612377054683,11804.609951019287,5,2
2024-01-09,1704834000000,,12180.500008180356,2774.510033204767,9405.989974975586,4,2
2024-01-10,1704920400000,,12094.744887168545,777.7149608684938,11317.029926300049,5,2
2024-01-11,1705006800000,,12041.748341075618,2979.548637859065,9062.199703216553,4,2
2024-01-12,1705093200000,,12081.84282475909,1755.985181631648,10325.857643127441,5,2
2024-01-16,1705438800000,,12119.857679190241,1755.985181631648,10363.872497558594,5,2
2024-01-17,1705525200000,,12106.94273930987,1755.985181631648,10350.957557678223,5,2
2024-01-18,1705611600000,,12151.922540487849,1755.985181631648,10395.937358856201,5,2
2024-01-19,1705698000000,,12361.940191092097,1755.985181631648,10605.95500946045,5,2
2024-01-22,1705957200000,,12452.360158743464,1755.985181631648,10696.374977111816,5,2
2024-01-23,1706043600000,,12403.272535147273,1755.985181631648,10647.287353515625,5,2
2024-01-24,1706130000000,,12409.635110678279,1755.985181631648,10653.64992904663,5,2
2024-01-25,1706216400000,,12541.390058340632,1755.985181631648,10785.404876708984,5,2
2024-01-26,1706302800000,,12465.592496695124,1755.985181631648,10709.607315063477,5,2
2024-01-29,1706562000000,,12525.142862143122,1755.985181631648,10769.157680511475,5,2
2024-01-30,1706648400000,,12534.02279073199,1755.985181631648,10778.037609100342,5,2
2024-01-31,1706734800000,,12396.030103506648,1755.985181631648,10640.044921875,5,2
2024-02-01,1706821200000,,12694.487626852595,1755.985181631648,10938.502445220947,5,2
2024-02-02,1706907600000,,12855.75763875445,1755.985181631648,11099.772457122803,5,2
2024-02-05,1707166800000,,12720.717565359675,1755.985181631648,10964.732383728027,5,2
2024-02-06,1707253200000,,12717.432649435603,1755.985181631648,10961.447467803955,5,2
2024-02-07,1707339600000,,12878.86019307574,1755.985181631648,11122.875011444092,5,2
2024-02-08,1707426000000,,12927.765210928523,1755.985181631648,11171.780029296875,5,2
2024-02-09,1707512400000,,12969.3001192232,1755.985181631648,11213.314937591553,5,2
2024-02-12,1707771600000,,12821.657846273982,1755.985181631648,11065.672664642334,5,2
2024-02-13,1707858000000,,12881.115175070368,1755.985181631648,11125.12999343872,5,2
2024-02-14,1707944400000,,13048.662637533747,1755.985181631648,11292.6774559021,5,2
2024-02-15,1708030800000,,13109.100141348445,1755.985181631648,11353.114959716797,5,2
2024-02-16,1708117200000,,13077.495328726374,1755.985181631648,11321.510147094727,5,2
2024-02-20,1708462800000,,13007.552717032038,1755.985181631648,11251.56753540039,5,2
2024-02-21,1708549200000,,12674.8063126852,1367.9863587667423,11306.819953918457,5,2
2024-02-22,1708635600000,,12852.126423006244,1367.9863587667423,11484.140064239502,5,2
2024-02-23,1708722000000,,12860.976368074604,1367.9863587667423,11492.990009307861,5,2
2024-02-26,1708981200000,,12929.54644787807,1367.9863587667423,11561.560089111328,5,2
2024-02-27,1709067600000,,13124.876346712299,1367.9863587667423,11756.889987945557,5,2
2024-02-28,1709154000000,,13277.696346407123,1367.9863587667423,11909.70998764038,5,2
2024-02-29,1709240400000,,13381.796577577777,1367.9863587667423,12013.810218811035,5,2
2024-03-01,1709326800000,,13372.34625256557,1367.9863587667423,12004.359893798828,5,2
2024-03-04,1709586000000,,13595.836559419819,1367.9863587667423,12227.850200653076,5,2
2024-03-05,1709672400000,,13783.116394167133,1367.9863587667423,12415.13003540039,5,2
2024-03-06,1709758800000,,14014.696235780902,1367.9863587667423,12646.70987701416,5,2
2024-03-07,1709845200000,,14052.376243715473,1367.9863587667423,12684.38988494873,5,2
2024-03-08,1709931600000,,13944.11632931728,1367.9863587667423,12576.129970550537,5,2
2024-03-11,1710187200000,,13819.77648556728,1367.9863587667423,12451.790126800537,5,2
2024-03-12,1710273600000,,14088.636509065815,1367.9863587667423,12720.650150299072,5,2
2024-03-13,1710360000000,,14087.209847508808,2589.419827519794,11497.790019989014,4,2
2024-03-14,1710446400000,,14204.010043264545,55.7200042020454,14148.2900390625,5,2
2024-03-15,1710532800000,,14175.589957357563,55.7200042020454,14119.869953155518,5,2
2024-03-18,1710792000000,,14316.319846273578,55.7200042020454,14260.599842071533,5,2
2024-03-19,1710878400000,,14475.890269399799,55.7200042020454,14420.170265197754,5,2
2024-03-20,1710964800000,,14677.560015798725,55.7200042020454,14621.84001159668,5,2
2024-03-21,1711051200000,,14807.36014855019,55.7200042020454,14751.640144348145,5,2
2024-03-22,1711137600000,,14879.999652029193,55.7200042020454,14824.279647827148,5,2
2024-03-25,1711396800000,,15122.229754568256,55.7200042020454,15066.509750366211,5,2
2024-03-26,1711483200000,,14848.559878469623,55.7200042020454,14792.839874267578,5,2
2024-03-27,1711569600000,,14955.51028740517,55.7200042020454,14899.790283203125,5,2
2024-03-28,1711656000000,,15140.230036855854,55.7200042020454,15084.510032653809,5,2
2024-04-01,1712001600000,,15331.450198293842,55.7200042020454,15275.730194091797,5,2
2024-04-02,1712088000000,,15214.579997183002,55.7200042020454,15158.859992980957,5,2
2024-04-03,1712174400000,,15542.940150381244,55.7200042020454,15487.2201461792,5,2
2024-04-04,1712260800000,,15207.719813467182,55.7200042020454,15151.999809265137,5,2
2024-04-05,1712347200000,,15640.79999077431,55.7200042020454,15585.079986572266,5,2
2024-04-08,1712606400000,,15604.647492309101,2523.1377419428904,13081.509750366211,4,2
2024-04-09,1712692800000,,15092.643766845784,27.554014648518205,15065.089752197266,5,2
2024-04-10,1712779200000,,15222.774160827717,27.554014648518205,15195.2201461792,5,2
2024-04-11,1712865600000,,15274.79373022469,27.554014648518205,15247.239715576172,5,2
2024-04-12,1712952000000,,15111.753881897053,27.554014648518205,15084.199867248535,5,2
2024-04-15,1713211200000,,14946.793913330159,27.554014648518205,14919.23989868164,5,2
2024-04-16,1713297600000,,14959.11379095467,27.554014648518205,14931.559776306152,5,2
2024-04-17,1713384000000,,14715.416093037022,4690.56610982169,10024.849983215332,3,2
2024-04-18,1713470400000,,14517.885804340733,4690.56610982169,9827.319694519043,3,2
2024-04-19,1713556800000,,14613.977750861242,19.23744782169024,14594.74030303955,5,2
2024-04-22,1713816000000,,14780.767438971594,19.23744782169024,14761.529991149902,5,2
2024-04-23,1713902400000,,14927.967134558752,19.23744782169024,14908.72968673706,5,2
2024-04-24,1713988800000,,15017.657445990637,19.23744782169024,14998.419998168945,5,2
2024-04-25,1714075200000,,15112.13771637638,19.23744782169024,15092.900268554688,5,2
2024-04-26,1714161600000,,15073.517183386877,19.23744782169024,15054.279735565186,5,2
2024-04-29,1714420800000,,15447.147195899084,19.23744782169024,15427.909748077393,5,2
2024-04-30,1714507200000,,15199.90716370304,19.23744782169024,15180.669715881348,5,2
2024-05-01,1714593600000,,15334.64767655094,19.23744782169024,15315.410228729248,5,2
2024-05-02,1714680000000,,15555.097547614172,19.23744782169024,15535.86009979248,5,2
2024-05-03,1714766400000,,15722.177240454748,19.23744782169024,15702.939792633057,5,2
2024-05-06,1715025600000,,15918.217279517248,19.23744782169024,15898.979831695557,5,2
2024-05-07,1715112000000,,15582.87732132633,19.23744782169024,15563.639873504639,5,2
2024-05-08,1715198400000,,16208.872902479543,1706.8431440261734,14502.02975845337,4,2
2024-05-09,1715284800000,,16740.653295642507,184.6432706180924,16556.010025024414,5,2
2024-05-10,1715371200000,,16880.953298694265,184.6432706180924,16696.310028076172,5,2
2024-05-13,1715630400000,,16527.313104755056,184.6432706180924,16342.669834136963,5,2
2024-05-14,1715716800000,,16610.76346409954,184.6432706180924,16426.120193481445,5,2
2024-05-15,1715803200000,,17071.09350026287,184.6432706180924,16886.450229644775,5,2
2024-05-16,1715889600000,,16714.68332875408,184.6432706180924,16530.040058135986,5,2
2024-05-17,1715976000000,,16763.283498889577,184.6432706180924,16578.640228271484,5,2
2024-05-20,1716235200000,,16547.25354207195,184.6432706180924,16362.610271453857,5,2
2024-05-21,1716321600000,,16842.143041736257,184.6432706180924,16657.499771118164,5,2
2024-05-22,1716408000000,,16678.082606432057,2820.9628096791275,13857.11979675293,4,2
2024-05-23,1716494400000,,16663.27211978774,181.892496374654,16481.379623413086,5,2
2024-05-24,1716580800000,,17328.382272985982,181.892496374654,17146.489776611328,5,2
2024-05-28,1716926400000,,17433.532270697164,181.892496374654,17251.63977432251,5,2
2024-05-29,1717012800000,,17210.89159184988,2768.5265787273192,14442.365013122559,4,2
2024-05-30,1717099200000,,17218.10119653416,38.99410272312343,17179.107093811035,5,2
2024-05-31,1717185600000,,16526.46179848982,2623.116591275465,13903.345207214355,4,2
2024-06-03,1717444800000,,16131.857121877165,14.56735747286848,16117.289764404297,5,2
2024-06-04,1717531200000,,15893.892445973845,14.56735747286848,15879.325088500977,5,2
2024-06-05,1717617600000,,16401.387475423307,14.56735747286848,16386.82011795044,5,2
2024-06-06,1717704000000,,15813.277558736296,14.56735747286848,15798.710201263428,5,2
2024-06-07,1717790400000,,15730.567361287565,14.56735747286848,15716.000003814697,5,2
2024-06-10,1718049600000,,16018.93747275302,14.56735747286848,16004.370115280151,5,2
2024-06-11,1718136000000,,16186.637664250822,14.56735747286848,16172.070306777954,5,2
2024-06-12,1718222400000,,16254.667241506071,14.56735747286848,16240.099884033203,5,2
2024-06-13,1718308800000,,16194.505833736635,2508.5757876550915,13685.930046081543,4,2
2024-06-14,1718395200000,,16105.222056101671,93.15212507139722,16012.069931030273,5,2
2024-06-17,1718654400000,,15922.570152441904,5146.640098730966,10775.930053710938,4,2
2024-06-18,1718740800000,,16207.02937876417,2537.4294947309663,13669.599884033203,5,2
2024-06-20,1718913600000,,15940.799581400888,2537.4294947309663,13403.370086669922,5,2
2024-06-21,1719000000000,,15601.70072391212,3999.461000706552,11602.239723205566,4,2
2024-06-24,1719259200000,,15378.292950084353,3405.3331722523226,11972.959777832031,4,2
2024-06-25,1719345600000,,15681.491037085514,414.95139475152973,15266.539642333984,5,2
2024-06-26,1719432000000,,15546.411073401432,414.95139475152973,15131.459678649902,5,2
2024-06-27,1719518400000,,15303.14261486136,2683.0024399956365,12620.140174865723,4,1
2024-06-28,1719604800000,,15205.389638072358,77.71966279159642,15127.669975280762,5,1
2024-07-01,1719864000000,,15199.08973420273,77.71966279159642,15121.370071411133,5,1
2024-07-02,1719950400000,,15242.129559642182,77.71966279159642,15164.409896850586,5,1
2024-07-03,1720036800000,,15432.28336542627,3101.263498482911,12331.01986694336,4,1
2024-07-05,1720209600000,,15399.401703307009,436.14131207165656,14963.260391235352,5,2
2024-07-08,1720468800000,,15503.981384703493,436.14131207165656,15067.840072631836,5,2
2024-07-09,1720555200000,,15647.58152813611,436.14131207165656,15211.440216064453,5,2
2024-07-10,1720641600000,,15837.651443907595,436.14131207165656,15401.510131835938,5,2
2024-07-11,1720728000000,,15503.891319701052,436.14131207165656,15067.750007629395,5,2
2024-07-12,1720814400000,,15616.64141888318,436.14131207165656,15180.500106811523,5,2
2024-07-15,1721073600000,,15531.40255172342,3820.442529750764,11710.960021972656,4,2
2024-07-16,1721160000000,,15489.743018789764,1076.4627300934771,14413.280288696289,5,2
2024-07-17,1721246400000,,15123.96369783239,4021.563703935907,11102.399993896484,4,1
2024-07-18,1721332800000,,15033.563099672727,3550.3230178856197,11483.24008178711,4,1
2024-07-19,1721419200000,,15027.753814328358,539.5905948764571,14488.163219451904,5,2
2024-07-22,1721678400000,,15091.340514767811,539.5905948764571,14551.749919891357,5,2
2024-07-23,1721764800000,,15034.93061028783,539.5905948764571,14495.340015411377,5,2
2024-07-24,1721851200000,,14835.800105679677,539.5905948764571,14296.209510803223,5,2
2024-07-25,1721937600000,,14846.8172336704,539.5905948764571,14307.226638793945,5,2
2024-07-26,1722024000000,,15008.82093011205,539.5905948764571,14469.230335235596,5,2
2024-07-29,1722283200000,,15060.970676053212,539.5905948764571,14521.380081176758,5,2
2024-07-30,1722369600000,,15221.913749325917,539.5905948764571,14682.323154449463,5,2
2024-07-31,1722456000000,,14994.635684474633,3464.2425455891344,11530.393138885498,4,2
2024-08-01,1722542400000,,14871.28107112848,1236.844387473694,13634.436683654785,5,2
2024-08-02,1722628800000,,14649.13623421167,5915.8560981032715,8733.280136108398,3,1
2024-08-05,1722888000000,,13976.125591597149,32.05579026658279,13944.069801330566,5,2
2024-08-06,1722974400000,,14127.965748152325,32.05579026658279,14095.909957885742,5,2
2024-08-07,1723060800000,,14203.605816206524,32.05579026658279,14171.550025939941,5,2
2024-08-08,1723147200000,,14271.955929121563,32.05579026658279,14239.90013885498,5,2
2024-08-09,1723233600000,,14274.31421653515,2689.354316632806,11584.959899902344,4,1
2024-08-12,1723492800000,,14188.280810588616,930.0409119069759,13258.23989868164,5,1
2024-08-13,1723579200000,,14290.380938762444,930.0409119069759,13360.340026855469,5,1
2024-08-14,1723665600000,,14319.551074260491,930.0409119069759,13389.510162353516,5,1
2024-08-15,1723752000000,,14208.031146281975,930.0409119069759,13277.990234375,5,1
2024-08-16,1723838400000,,14268.020922893304,930.0409119069759,13337.980010986328,5,1
2024-08-19,1724097600000,,14289.740924114007,930.0409119069759,13359.700012207031,5,1
2024-08-20,1724184000000,,14333.360736125725,930.0409119069759,13403.31982421875,5,1
2024-08-21,1724270400000,,14359.080981487054,930.0409119069759,13429.040069580078,5,1
2024-08-22,1724356800000,,14351.481127971429,930.0409119069759,13421.440216064453,5,1
2024-08-23,1724443200000,,14356.141070598382,930.0409119069759,13426.100158691406,5,1
2024-08-26,1724702400000,,14396.75096439721,930.0409119069759,13466.710052490234,5,1
2024-08-27,1724788800000,,14450.220904582757,930.0409119069759,13520.179992675781,5,1
2024-08-28,1724875200000,,14561.350634807366,930.0409119069759,13631.30972290039,5,1
2024-08-29,1724961600000,,14590.011004680413,930.0409119069759,13659.970092773438,5,1
2024-08-30,1725048000000,,14715.710864299554,930.0409119069759,13785.669952392578,5,1
2024-09-03,1725393600000,,14753.330950969475,930.0409119069759,13823.2900390625,5,1
2024-09-04,1725480000000,,14858.890704387444,930.0409119069759,13928.849792480469,5,1
2024-09-05,1725566400000,,14785.940722697991,930.0409119069759,13855.899810791016,5,1
2024-09-06,1725652800000,,14738.530963176507,930.0409119069759,13808.490051269531,5,1
2024-09-09,1725912000000,,14889.491168254632,930.0409119069759,13959.450256347656,5,1
2024-09-10,1725998400000,,14921.60106205346,930.0409119069759,13991.560150146484,5,1
2024-09-11,1726084800000,,14874.35090946557,930.0409119069759,13944.309997558594,5,1
2024-09-12,1726171200000,,14925.36098026635,930.0409119069759,13995.320068359375,5,1
2024-09-13,1726257600000,,15001.840747112054,930.0409119069759,14071.799835205078,5,1
2024-09-16,1726516800000,,15072.100604289788,930.0409119069759,14142.059692382812,5,1
2024-09-17,1726603200000,,14985.690997356194,930.0409119069759,14055.650085449219,5,1
2024-09-18,1726689600000,,14947.530810588616,930.0409119069759,14017.48989868164,5,1
2024-09-19,1726776000000,,14771.21092533471,930.0409119069759,13841.170013427734,5,1
2024-09-20,1726862400000,,14832.950915569085,930.0409119069759,13902.91000366211,5,1
2024-09-23,1727121600000,,15019.700915569085,930.0409119069759,14089.66000366211,5,1
2024-09-24,1727208000000,,14959.501055949944,930.0409119069759,14029.460144042969,5,1
2024-09-25,1727294400000,,15014.570666545647,930.0409119069759,14084.529754638672,5,1
2024-09-26,1727380800000,,14932.691149944085,930.0409119069759,14002.65023803711,5,1
2024-09-27,1727467200000,,14953.811053508538,930.0409119069759,14023.770141601562,5,1
2024-09-30,1727726400000,,15007.240832561272,930.0409119069759,14077.199920654297,5,1
2024-10-01,1727812800000,,15021.530871623772,930.0409119069759,14091.489959716797,5,1
2024-10-02,1727899200000,,14991.481158489007,930.0409119069759,14061.440246582031,5,1
2024-10-03,1727985600000,,14887.363125910577,3739.6132174633112,11147.749908447266,4,1
2024-10-04,1728072000000,,14822.808430779016,7420.428456413782,7402.379974365234,3,1
2024-10-07,1728331200000,,14686.85806236317,5387.938262558482,9298.919799804688,4,1
2024-10-08,1728417600000,,14896.240639862499,2645.140877899608,12251.09976196289,5,2
2024-10-09,1728504000000,,15046.250924286327,2645.140877899608,12401.110046386719,5,2
2024-10-10,1728590400000,,14928.980904755077,2645.140877899608,12283.840026855469,5,2
2024-10-11,1728676800000,,15076.140877899608,2645.140877899608,12431,5,2
2024-10-14,1728936000000,,15165.570901092968,2645.140877899608,12520.43002319336,5,2
2024-10-15,1729022400000,,15083.85096090742,2645.140877899608,12438.710083007812,5,2
2024-10-16,1729108800000,,15109.08094137617,2645.140877899608,12463.940063476562,5,2
2024-10-17,1729195200000,,15081.570962128124,2645.140877899608,12436.430084228516,5,2
2024-10-18,1729281600000,,15045.300728973827,2645.140877899608,12400.159851074219,5,2
2024-10-21,1729540800000,,15277.77106588789,2645.140877899608,12632.630187988281,5,2
2024-10-22,1729627200000,,15335.520608124218,2645.140877899608,12690.37973022461,5,2
2024-10-23,1729713600000,,15293.100747284374,2645.140877899608,12647.959869384766,5,2
2024-10-24,1729800000000,,15097.096247114408,5270.486261762846,9826.609985351562,4,1
2024-10-25,1729886400000,,15012.123116014891,5170.773048876219,9841.350067138672,4,1
2024-10-28,1730145600000,,15049.346759149043,3229.7468445982613,11819.599914550781,5,2
2024-10-29,1730232000000,,15200.076945611445,3229.7468445982613,11970.330101013184,5,2
2024-10-30,1730318400000,,15115.746741601435,3229.7468445982613,11885.999897003174,5,2
2024-10-31,1730404800000,,14858.15117246447,5022.661212747674,9835.489959716797,4,1
2024-11-01,1730491200000,,14626.222162682061,4876.092218834405,9750.129943847656,4,1
2024-11-04,1730754000000,,14621.708802701927,2120.2889113445062,12501.419891357422,5,1
2024-11-05,1730840400000,,14894.898744108177,2120.2889113445062,12774.609832763672,5,1
2024-11-06,1730926800000,,15329.67865133474,2120.2889113445062,13209.389739990234,5,1
2024-11-07,1731013200000,,16590.80899191091,2120.2889113445062,14470.520080566406,5,1
2024-11-08,1731099600000,,18194.358949186302,2120.2889113445062,16074.070037841797,5,1
2024-11-11,1731358800000,,18204.708802701927,2120.2889113445062,16084.419891357422,5,1
2024-11-12,1731445200000,,18158.3889479656,2120.2889113445062,16038.100036621094,5,1
2024-11-13,1731531600000,,18182.798799039818,2120.2889113445062,16062.509887695312,5,1
2024-11-14,1731618000000,,18081.238587858177,2120.2889113445062,15960.949676513672,5,1
2024-11-15,1731704400000,,17970.58880758474,2120.2889113445062,15850.299896240234,5,1
2024-11-18,1731963600000,,18062.23889303396,2120.2889113445062,15941.949981689453,5,1
2024-11-19,1732050000000,,18488.918916227318,2120.2889113445062,16368.630004882812,5,1
2024-11-20,1732136400000,,18551.28915548513,2120.2889113445062,16431.000244140625,5,1
2024-11-21,1732222800000,,18579.41903829763,2120.2889113445062,16459.130126953125,5,1
2024-11-22,1732309200000,,18860.7590651531,2120.2889113445062,16740.470153808594,5,1
2024-11-25,1732568400000,,18617.788728239037,2120.2889113445062,16497.49981689453,5,1
2024-11-26,1732654800000,,18998.22845602224,2120.2889113445062,16877.939544677734,5,1
2024-11-27,1732741200000,,18933.849000455833,2120.2889113445062,16813.560089111328,5,1
2024-11-29,1732914000000,,19168.839021207787,2120.2889113445062,17048.55010986328,5,1
2024-12-02,1733173200000,,19114.579072477318,2120.2889113445062,16994.290161132812,5,1
2024-12-03,1733259600000,,19723.32873678396,2120.2889113445062,17603.039825439453,5,1
2024-12-04,1733346000000,,20018.419282438255,2120.2889113445062,17898.13037109375,5,1
2024-12-05,1733432400000,,20116.20922994802,2120.2889113445062,17995.920318603516,5,1
2024-12-06,1733518800000,,20474.71899557302,2120.2889113445062,18354.430084228516,5,1
2024-12-09,1733778000000,,19186.74420582641,5143.273868912347,14043.470336914062,4,1
2024-12-10,1733864400000,,18800.718493935543,4342.618548867182,14458.09994506836,4,2
2024-12-11,1733950800000,,19397.7470041983,601.1468760244702,18796.600128173828,5,2
2024-12-12,1734037200000,,19126.806788133847,601.1468760244702,18525.659912109375,5,2
2024-12-13,1734123600000,,19155.307001756893,601.1468760244702,18554.160125732422,5,2
2024-12-16,1734382800000,,19641.086634325253,601.1468760244702,19039.93975830078,5,2
2024-12-17,1734469200000,,19496.027064012753,601.1468760244702,18894.88018798828,5,2
2024-12-18,1734555600000,,18511.287165331112,601.1468760244702,17910.14028930664,5,2
2024-12-19,1734642000000,,18551.086481737362,601.1468760244702,17949.93960571289,5,2
2024-12-20,1734728400000,,19112.106745409237,601.1468760244702,18510.959869384766,5,2
2024-12-23,1734987600000,,19228.427210497128,601.1468760244702,18627.280334472656,5,2
2024-12-24,1735074000000,,19336.0468088858,601.1468760244702,18734.899932861328,5,2
2024-12-26,1735246800000,,19320.9471995108,601.1468760244702,18719.800323486328,5,2
2024-12-27,1735333200000,,18949.506861376034,601.1468760244702,18348.359985351562,5,2
2024-12-30,1735592400000,,18836.591715728387,513.3115338436232,18323.280181884766,5,2
2024-12-31,1735678800000,,18615.351389800653,513.3115338436232,18102.03985595703,5,2
2025-01-02,1735851600000,,18886.511790191278,513.3115338436232,18373.200256347656,5,2
2025-01-03,1735938000000,,19208.03144351159,513.3115338436232,18694.71990966797,5,2
2025-01-06,1736197200000,,19625.431559478387,513.3115338436232,19112.120025634766,5,2
2025-01-07,1736283600000,,19069.00168887292,513.3115338436232,18555.690155029297,5,2
2025-01-08,1736370000000,,19063.23166934167,513.3115338436232,18549.920135498047,5,2
2025-01-10,1736542800000,,18762.94547229272,3561.865302614986,15201.080169677734,4,2
2025-01-13,1736802000000,,18609.10177854443,7867.062044657711,10742.039733886719,3,1
2025-01-14,1736888400000,,18594.434812135936,1243.4748054220709,17350.960006713867,5,1
2025-01-15,1736974800000,,18888.874814577342,1243.4748054220709,17645.400009155273,5,1
2025-01-16,1737061200000,,19010.654859133007,1243.4748054220709,17767.180053710938,5,1
2025-01-17,1737147600000,,19047.994855470897,1243.4748054220709,17804.520050048828,5,1
2025-01-21,1737493200000,,19324.474988527538,1243.4748054220709,18081.00018310547,5,1
2025-01-22,1737579600000,,19264.175031252147,1243.4748054220709,18020.700225830078,5,1
2025-01-23,1737666000000,,19288.454846925975,1243.4748054220709,18044.980041503906,5,1
2025-01-24,1737752400000,,19432.854627199413,1243.4748054220709,18189.379821777344,5,1
2025-01-27,1738011600000,,18944.334882326366,1243.4748054220709,17700.860076904297,5,1
2025-01-28,1738098000000,,19158.175061769725,1243.4748054220709,17914.700256347656,5,1
2025-01-29,1738184400000,,19177.834622926952,1243.4748054220709,17934.359817504883,5,1
2025-01-30,1738270800000,,19479.33479077363,1243.4748054220709,18235.859985351562,5,1
2025-01-31,1738357200000,,19407.39486462617,1243.4748054220709,18163.9200592041,5,1
2025-02-03,1738616400000,,19294.074842043163,1243.4748054220709,18050.600036621094,5,1
2025-02-04,1738702800000,,19491.115033693553,1243.4748054220709,18247.640228271484,5,1
2025-02-05,1738789200000,,19351.015042848827,1243.4748054220709,18107.540237426758,5,1
2025-02-06,1738875600000,,19233.75474316621,1243.4748054220709,17990.27993774414,5,1
2025-02-07,1738962000000,,19061.472370126052,5009.132251717847,14052.340118408203,4,1
2025-02-10,1739221200000,,19334.233574704176,2315.753563717847,17018.480010986328,5,1
2025-02-11,1739307600000,,19433.473488644606,2315.753563717847,17117.719924926758,5,1
2025-02-12,1739394000000,,19103.533017433278,5359.393079078785,13744.139938354492,4,1
2025-02-13,1739480400000,,19217.781355220388,1607.901335078786,17609.8800201416,5,1
2025-02-14,1739566800000,,19354.501585322927,1607.901335078786,17746.60025024414,5,1
2025-02-18,1739912400000,,19398.7413008991,1607.901335078786,17790.839965820312,5,1
2025-02-19,1739998800000,,19294.88139184148,1607.901335078786,17686.980056762695,5,1
2025-02-20,1740085200000,,18817.46529890032,1592.7750675770772,17224.690231323242,5,1
2025-02-21,1740171600000,,18339.03505137127,4778.074831034353,13560.960220336914,4,1
2025-02-24,1740430800000,,18357.862095073717,4520.182199672714,13837.679895401001,4,2
2025-02-25,1740517200000,,18293.070121819306,3411.920106941986,14881.15001487732,4,1
2025-02-26,1740603600000,,18210.92708218857,65.23676694198684,18145.690315246582,5,1
2025-02-27,1740690000000,,18117.254840205125,3321.354718516282,14795.900121688843,4,1
2025-02-28,1740776400000,,18129.802325266435,3224.616415995194,14905.18590927124,4,1
2025-03-03,1741035600000,,18324.045110375868,1.2593761992352484,18322.785734176636,5,1
2025-03-04,1741122000000,,17869.93698659657,1.2593761992352484,17868.67761039734,5,1
2025-03-05,1741208400000,,17894.407317788588,1.2593761992352484,17893.147941589355,5,1
2025-03-06,1741294800000,,17957.50352063893,1.2593761992352484,17956.244144439697,5,1
2025-03-07,1741381200000,,17931.318535521135,3128.08836622487,14803.230169296265,4,1
2025-03-10,1741636800000,,17821.41618667122,3496.106110911332,14325.310075759888,4,1
2025-03-11,1741723200000,,17666.512507901334,17666.512507901334,0,0,0
2025-03-12,1741809600000,,17666.512507901334,17666.512507901334,0,0,0
2025-03-13,1741896000000,,17666.512507901334,17666.512507901334,0,0,0
2025-03-14,1741982400000,,17666.512507901334,17666.512507901334,0,0,0
2025-03-17,1742241600000,,17666.512507901334,17666.512507901334,0,0,0
2025-03-18,1742328000000,,17666.512507901334,17666.512507901334,0,0,0
2025-03-19,1742414400000,,17666.512507901334,17666.512507901334,0,0,0
2025-03-20,1742500800000,,17666.512507901334,17666.512507901334,0,0,0
2025-03-21,1742587200000,,17666.512507901334,17666.512507901334,0,0,0
2025-03-24,1742846400000,,17666.512507901334,17666.512507901334,0,0,0
2025-03-25,1742932800000,,17646.180185078658,11010.390203236615,6635.789981842041,2,1
2025-03-26,1743019200000,,17637.147461473036,1299.5575376143925,16337.589923858643,5,2
2025-03-27,1743105600000,,17648.03157522945,17648.03157522945,0,0,0
2025-03-28,1743192000000,,17648.03157522945,17648.03157522945,0,0,0
2025-03-31,1743451200000,,17648.03157522945,17648.03157522945,0,0,0
2025-04-01,1743537600000,,17648.03157522945,17648.03157522945,0,0,0
2025-04-02,1743624000000,,17648.03157522945,17648.03157522945,0,0,0
2025-04-03,1743710400000,,17648.03157522945,17648.03157522945,0,0,0
2025-04-04,1743796800000,,17648.03157522945,17648.03157522945,0,0,0
2025-04-07,1744056000000,,17648.03157522945,17648.03157522945,0,0,0
2025-04-08,1744142400000,,17648.03157522945,17648.03157522945,0,0,0
2025-04-09,1744228800000,,17648.03157522945,17648.03157522945,0,0,0
2025-04-10,1744315200000,,17648.03157522945,17648.03157522945,0,0,0
2025-04-11,1744401600000,,17648.03157522945,17648.03157522945,0,0,0
2025-04-14,1744660800000,,17648.03157522945,17648.03157522945,0,0,0
2025-04-15,1744747200000,,17648.03157522945,17648.03157522945,0,0,0
2025-04-16,1744833600000,,17648.03157522945,17648.03157522945,0,0,0
2025-04-17,1744920000000,,17648.03157522945,17648.03157522945,0,0,0
2025-04-21,1745265600000,,17648.03157522945,17648.03157522945,0,0,0
2025-04-22,1745352000000,,17648.03157522945,17648.03157522945,0,0,0
2025-04-23,1745438400000,,17648.03157522945,17648.03157522945,0,0,0
2025-04-24,1745524800000,,17648.03157522945,17648.03157522945,0,0,0
2025-04-25,1745611200000,,17648.03157522945,17648.03157522945,0,0,0
2025-04-28,1745870400000,,17648.03157522945,17648.03157522945,0,0,0
2025-04-29,1745956800000,,17648.03157522945,17648.03157522945,0,0,0
2025-04-30,1746043200000,,17648.03157522945,17648.03157522945,0,0,0
2025-05-01,1746129600000,,17648.03157522945,17648.03157522945,0,0,0
2025-05-02,1746216000000,,17648.03157522945,17648.03157522945,0,0,0
2025-05-05,1746475200000,,17648.03157522945,17648.03157522945,0,0,0
2025-05-06,1746561600000,,17648.03157522945,17648.03157522945,0,0,0
2025-05-07,1746648000000,,17648.03157522945,17648.03157522945,0,0,0
2025-05-08,1746734400000,,17648.03157522945,17648.03157522945,0,0,0
2025-05-09,1746820800000,,17648.03157522945,17648.03157522945,0,0,0
2025-05-12,1747080000000,,17648.03157522945,17648.03157522945,0,0,0
2025-05-13,1747166400000,,17865.964035958565,4179.053944558417,13686.910091400146,5,2
2025-05-14,1747252800000,,17776.00367447785,4179.053944558417,13596.949729919434,5,2
2025-05-15,1747339200000,,17933.294033974922,4179.053944558417,13754.240089416504,5,2
2025-05-16,1747425600000,,18077.75387284211,4179.053944558417,13898.699928283691,5,2
2025-05-19,1747684800000,,18109.303906411445,4179.053944558417,13930.249961853027,5,2
2025-05-20,1747771200000,,18144.213757485664,4179.053944558417,13965.159812927246,5,2
2025-05-21,1747857600000,,17990.38414475373,4179.053944558417,13811.330200195312,5,2
2025-05-22,1747944000000,,17919.643639535225,4179.053944558417,13740.589694976807,5,2
2025-05-23,1748030400000,,17985.713925332344,4179.053944558417,13806.659980773926,5,2
2025-05-27,1748376000000,,18175.464173287666,4179.053944558417,13996.410228729248,5,2
2025-05-28,1748462400000,,18155.923718423164,4179.053944558417,13976.869773864746,5,2
2025-05-29,1748548800000,,18201.153756112373,4179.053944558417,14022.099811553955,5,2
2025-05-30,1748635200000,,18315.53406235627,4179.053944558417,14136.480117797852,5,2
2025-06-02,1748894400000,,18478.92397782258,4179.053944558417,14299.87003326416,5,2
2025-06-03,1748980800000,,18608.72393128327,4179.053944558417,14429.669986724854,5,2
2025-06-04,1749067200000,,18531.85385605744,4179.053944558417,14352.799911499023,5,2
2025-06-05,1749153600000,,18456.793835610664,4179.053944558417,14277.739891052246,5,2
2025-06-06,1749240000000,,18409.333954781807,4179.053944558417,14230.280010223389,5,2
2025-06-09,1749499200000,,18473.86401459626,4179.053944558417,14294.810070037842,5,2
2025-06-10,1749585600000,,18274.013997048653,4179.053944558417,14094.960052490234,5,2
2025-06-11,1749672000000,,18343.29414841584,4179.053944558417,14164.240203857422,5,2
2025-06-12,1749758400000,,18305.393738717354,4179.053944558417,14126.339794158936,5,2
2025-06-13,1749844800000,,18269.388749835518,6757.6390283084165,11511.7497215271,4,2
2025-06-16,1750104000000,,18458.431525523505,3208.551486308417,15249.880039215088,5,2
2025-06-17,1750190400000,,18478.241629893622,3208.551486308417,15269.690143585205,5,2
2025-06-18,1750276800000,,18533.93141871198,3208.551486308417,15325.379932403564,5,2
2025-06-20,1750449600000,,18461.2113869737,3208.551486308417,15252.659900665283,5,2
2025-06-23,1750708800000,,18533.991847331366,3208.551486308417,15325.44036102295,5,2
2025-06-24,1750795200000,,18486.26172190412,3208.551486308417,15277.710235595703,5,2
2025-06-25,1750881600000,,18499.321482951484,3208.551486308417,15290.769996643066,5,2
2025-06-26,1750968000000,,18703.451670939765,3208.551486308417,15494.900184631348,5,2
2025-06-27,1751054400000,,18791.581187541327,3208.551486308417,15583.02970123291,5,2
2025-06-30,1751313600000,,18900.401419932685,3208.551486308417,15691.849933624268,5,2
2025-07-01,1751400000000,,18757.961383159003,3208.551486308417,15549.409896850586,5,2
2025-07-02,1751486400000,,18903.481284434638,3208.551486308417,15694.92979812622,5,2
2025-07-03,1751572800000,,19008.88146143659,3208.551486308417,15800.329975128174,5,2
2025-07-07,1751918400000,,19048.90171747907,3208.551486308417,15840.350231170654,5,2
2025-07-08,1752004800000,,18791.651542002997,3208.551486308417,15583.10005569458,5,2
2025-07-09,1752091200000,,18783.451228434882,3208.551486308417,15574.899742126465,5,2
2025-07-10,1752177600000,,18587.301375682197,3208.551486308417,15378.74988937378,5,2
2025-07-11,1752264000000,,18536.491500193915,3208.551486308417,15327.940013885498,5,2
2025-07-14,1752523200000,,18549.251448924384,3208.551486308417,15340.699962615967,5,2
2025-07-15,1752609600000,,18398.4205216236,5575.490429765692,12822.93009185791,4,2
2025-07-16,1752696000000,,18331.440760692778,5718.000685772124,12613.440074920654,4,2
2025-07-17,1752782400000,,18339.445148272334,8230.705447954952,10108.739700317383,3,2
2025-07-18,1752868800000,,18396.270086918303,1793.5202547649806,16602.74983215332,5,2
2025-07-21,1753128000000,,18330.91013208432,1793.5202547649806,16537.389877319336,5,2
2025-07-22,1753214400000,,18267.06001916928,1793.5202547649806,16473.539764404297,5,2
2025-07-23,1753300800000,,18494.08020654721,1793.5202547649806,16700.559951782227,5,2
2025-07-24,1753387200000,,18551.840216312834,1793.5202547649806,16758.31996154785,5,2
2025-07-25,1753473600000,,18671.110052738615,1793.5202547649806,16877.589797973633,5,2
2025-07-28,1753732800000,,18695.29993310971,1793.5202547649806,16901.779678344727,5,2
2025-07-29,1753819200000,,18308.534920806145,1440.585032576776,16867.94988822937,5,2
2025-07-30,1753905600000,,18320.68499671862,1440.585032576776,16880.099964141846,5,2
2025-07-31,1753992000000,,18700.995017165398,1440.585032576776,17260.409984588623,5,2
2025-08-01,1754078400000,,18247.765089436878,7593.365034505239,10654.40005493164,3,2
2025-08-04,1754337600000,,18608.635473565417,437.93559868749117,18170.69987487793,5,2
2025-08-05,1754424000000,,18350.482491519408,3924.2025995516346,14426.279891967773,4,2
2025-08-06,1754510400000,,18233.99119776184,1339.7614309161368,16894.229766845703,5,2
2025-08-07,1754596800000,,18246.541765388793,1339.7614309161368,16906.780334472656,5,2
2025-08-08,1754683200000,,18242.46142786438,1339.7614309161368,16902.699996948242,5,2
2025-08-11,1754942400000,,18149.01136988098,1339.7614309161368,16809.249938964844,5,2
2025-08-12,1755028800000,,18217.12042327252,3746.730240777404,14470.390182495117,4,2
2025-08-13,1755115200000,,18188.328041822206,2293.407906324157,15894.920135498047,5,2
2025-08-14,1755201600000,,18163.487541944276,2293.407906324157,15870.079635620117,5,2
2025-08-15,1755288000000,,18041.878044873964,2293.407906324157,15748.470138549805,5,2
2025-08-18,1755547200000,,18212.287880689393,2293.407906324157,15918.879974365234,5,2
2025-08-19,1755633600000,,18141.288018018495,2293.407906324157,15847.880111694336,5,2
2025-08-20,1755720000000,,18126.149849840134,3620.349999376269,14505.799850463867,4,2
2025-08-21,1755806400000,,18099.104422150624,42.20436721898204,18056.90005493164,5,2
2025-08-22,1755892800000,,18284.37447219945,42.20436721898204,18242.17010498047,5,2
2025-08-25,1756152000000,,18257.584387360585,42.20436721898204,18215.3800201416,5,2
2025-08-26,1756238400000,,18279.254766999256,42.20436721898204,18237.050399780273,5,2
2025-08-27,1756324800000,,18261.883856354725,42.20436721898204,18219.679489135742,5,2
2025-08-28,1756411200000,,18282.824636994374,42.20436721898204,18240.62026977539,5,2
2025-08-29,1756497600000,,18137.954153595936,42.20436721898204,18095.749786376953,5,2
2025-09-02,1756843200000,,18220.937240178944,325.01702838695155,17895.920211791992,5,2
2025-09-03,1756929600000,,18406.837081487538,325.01702838695155,18081.820053100586,5,2
2025-09-04,1757016000000,,18686.59674793041,325.01702838695155,18361.579719543457,5,2
2025-09-05,1757102400000,,18714.30488501769,3770.815154182728,14943.489730834961,4,2
2025-09-08,1757361600000,,18816.511577634876,148.5815391827282,18667.93003845215,5,2
2025-09-09,1757448000000,,18929.72176745421,148.5815391827282,18781.140228271484,5,2
2025-09-10,1757534400000,,19073.211231260364,148.5815391827282,18924.629692077637,5,2
2025-09-11,1757620800000,,19347.631610899036,148.5815391827282,19199.05007171631,5,2
2025-09-12,1757707200000,,19313.651592283313,148.5815391827282,19165.070053100586,5,2
2025-09-15,1757966400000,,19447.437321463796,3585.4775131141855,15861.95980834961,4,2
2025-09-16,1758052800000,,19451.26536381545,114.30542576613288,19336.959938049316,5,2
2025-09-17,1758139200000,,19355.49561131301,114.30542576613288,19241.190185546875,5,2
2025-09-18,1758225600000,,19655.93571076705,3593.9357489140207,16061.999961853027,4,2
2025-09-19,1758312000000,,19968.23329609127,1704.723042185017,18263.51025390625,5,2
2025-09-22,1758571200000,,20274.683247263147,1704.723042185017,18569.960205078125,5,2
2025-09-23,1758657600000,,20284.313130075647,1704.723042185017,18579.590087890625,5,2
2025-09-24,1758744000000,,20083.273167307092,1704.723042185017,18378.55012512207,5,2
2025-09-25,1758830400000,,19946.92279499264,1704.723042185017,18242.199752807617,5,2
2025-09-26,1758916800000,,20042.872746164514,1704.723042185017,18338.149703979492,5,2
2025-09-29,1759176000000,,20606.42286365719,1704.723042185017,18901.699821472168,5,2
2025-09-30,1759262400000,,20883.692585642053,1704.723042185017,19178.96954345703,5,2
2025-10-01,1759348800000,,21492.48300617428,1704.723042185017,19787.759963989258,5,2
2025-10-02,1759435200000,,21509.072979623987,1704.723042185017,19804.349937438965,5,2
2025-10-03,1759521600000,,21503.102848703576,1704.723042185017,19798.379806518555,5,2
2025-10-06,1759780800000,,20934.67907473287,3418.8289847060105,17515.850090026855,4,2
2025-10-07,1759867200000,,20578.900486580253,350.06071912419293,20228.839767456055,5,2
2025-10-08,1759953600000,,20765.810696236014,350.06071912419293,20415.749977111816,5,2
2025-10-09,1760040000000,,20364.220379463553,350.06071912419293,20014.159660339355,5,2
2025-10-10,1760126400000,,19933.03160333141,6619.171816344103,13313.859786987305,3,2
2025-10-13,1760385600000,,20341.903323452123,2523.7332489892337,17818.17007446289,4,2
2025-10-14,1760472000000,,20100.97322015012,2523.7332489892337,17577.23997116089,4,2
2025-10-15,1760558400000,,20741.57471211794,45.664464315207624,20695.910247802734,5,2
2025-10-16,1760644800000,,21193.314343770773,45.664464315207624,21147.649879455566,5,2
2025-10-17,1760731200000,,20879.974164327414,45.664464315207624,20834.309700012207,5,2
2025-10-20,1760990400000,,20928.434441884787,45.664464315207624,20882.76997756958,5,2
2025-10-21,1761076800000,,20428.104810079367,45.664464315207624,20382.44034576416,5,2
2025-10-22,1761163200000,,20564.084500631125,45.664464315207624,20518.420036315918,5,2
2025-10-23,1761249600000,,21025.77450307253,45.664464315207624,20980.110038757324,5,2
2025-10-24,1761336000000,,20908.327937267648,3558.608050487861,17349.719886779785,4,2
2025-10-27,1761595200000,,20786.529590801114,2610.059734538906,18176.469856262207,4,2
2025-10-28,1761681600000,,20707.46342831863,173.39359265578832,20534.06983566284,5,2
2025-10-29,1761768000000,,21618.823901951444,173.39359265578832,21445.430309295654,5,2
2025-10-30,1761854400000,,21457.803695500028,173.39359265578832,21284.41010284424,5,2
2025-10-31,1761940800000,,22029.653629124296,173.39359265578832,21856.260036468506,5,2
2025-11-03,1762203600000,,22431.490134859072,4136.309806489933,18295.18032836914,4,2
2025-11-04,1762290000000,,21886.3567858338,1380.8571978211025,20505.499588012695,5,2
2025-11-05,1762376400000,,22589.767125189268,1380.8571978211025,21208.909927368164,5,2
2025-11-06,1762462800000,,22744.137242376768,1380.8571978211025,21363.280044555664,5,2
2025-11-07,1762549200000,,22802.237637579405,1380.8571978211025,21421.3804397583,5,2
2025-11-10,1762808400000,,23642.967648565733,1380.8571978211025,22262.11045074463,5,2
2025-11-11,1762894800000,,23488.977589666807,1380.8571978211025,22108.120391845703,5,2
2025-11-12,1762981200000,,23234.38699060675,1380.8571978211025,21853.529792785645,5,2
2025-11-13,1763067600000,,22419.547413885557,1380.8571978211025,21038.690216064453,5,2
2025-11-14,1763154000000,,22290.04743677374,1380.8571978211025,20909.190238952637,5,2
2025-11-17,1763413200000,,22440.827275335752,1380.8571978211025,21059.97007751465,5,2
2025-11-18,1763499600000,,21933.08722406622,1380.8571978211025,20552.230026245117,5,2
2025-11-19,1763586000000,,22147.647275030577,1380.8571978211025,20766.790077209473,5,2
2025-11-20,1763672400000,,21206.87719446417,1380.8571978211025,19826.019996643066,5,2
2025-11-21,1763758800000,,21312.305347554684,5246.115253560543,16066.19009399414,4,1
2025-11-24,1764018000000,,22271.01107952734,2069.461404539548,20201.549674987793,5,2
2025-11-25,1764104400000,,22736.651574827632,2069.461404539548,20667.190170288086,5,2
2025-11-26,1764190800000,,22814.911500669918,2069.461404539548,20745.45009613037,5,2
2025-11-28,1764363600000,,23019.491182066402,2069.461404539548,20950.029777526855,5,2
2025-12-01,1764622800000,,22839.970933653316,2069.461404539548,20770.50952911377,5,2
2025-12-02,1764709200000,,22646.041818357906,2069.461404539548,20576.58041381836,5,2
2025-12-03,1764795600000,,22472.021463133296,2069.461404539548,20402.56005859375,5,2
2025-12-04,1764882000000,,22659.503081107898,4764.602934623525,17894.900146484375,4,1
2025-12-05,1764968400000,,23103.72442556621,2061.304351103322,21042.42007446289,5,2
2025-12-08,1765227600000,,23020.13022622413,5045.840187161629,17974.2900390625,4,2
2025-12-09,1765314000000,,23174.23574367524,2184.2857467269973,20989.949996948242,5,2
2025-12-10,1765400400000,,24235.705744895942,2184.2857467269973,22051.419998168945,5,2
2025-12-11,1765486800000,,24390.8454543686,2184.2857467269973,22206.5597076416,5,2
2025-12-12,1765573200000,,23741.38529506684,2184.2857467269973,21557.099548339844,5,2
2025-12-15,1765832400000,,23551.82541957856,2184.2857467269973,21367.539672851562,5,2
2025-12-16,1765918800000,,23550.49596706391,2184.2857467269973,21366.210220336914,5,2
2025-12-17,1766005200000,,22792.773821026283,4666.394121319252,18126.37969970703,4,2
2025-12-18,1766091600000,,23280.170765635445,1124.621266123726,22155.54949951172,5,2
2025-12-19,1766178000000,,23728.431172129585,1124.621266123726,22603.80990600586,5,2
2025-12-22,1766437200000,,23669.07091211982,1124.621266123726,22544.449645996094,5,2
2025-12-23,1766523600000,,23728.841160532906,1124.621266123726,22604.21989440918,5,2
2025-12-24,1766610000000,,23842.631001231148,1124.621266123726,22718.009735107422,5,2
2025-12-26,1766782800000,,23965.26054835029,1124.621266123726,22840.639282226562,5,2
2025-12-29,1767042000000,,23847.811238047554,1124.621266123726,22723.189971923828,5,2
2025-12-30,1767128400000,,23603.611363169624,1124.621266123726,22478.9900970459,5,2
2025-12-31,1767214800000,,23259.52144312568,1124.621266123726,22134.900177001953,5,2
2026-01-02,1767387600000,,24132.3015487165,1124.621266123726,23007.680282592773,5,2
2026-01-05,1767646800000,,24320.761540171578,1124.621266123726,23196.14027404785,5,2
2026-01-06,1767733200000,,26030.791416880562,1124.621266123726,24906.170150756836,5,2
2026-01-07,1767819600000,,25056.551502940132,1124.621266123726,23931.930236816406,5,2
2026-01-08,1767906000000,,24593.590809580757,1124.621266123726,23468.96954345703,5,2
2026-01-09,1767992400000,,25204.361958262398,1124.621266123726,24079.740692138672,5,2
2026-01-12,1768251600000,,25953.631382700874,1124.621266123726,24829.01011657715,5,2
2026-01-13,1768338000000,,26209.951161143257,1124.621266123726,25085.32989501953,5,2
2026-01-14,1768424400000,,26132.671238657906,1124.621266123726,25008.04997253418,5,2
2026-01-15,1768510800000,,26463.881657359078,1124.621266123726,25339.26039123535,5,2
2026-01-16,1768597200000,,26335.121067759468,1124.621266123726,25210.499801635742,5,2
2026-01-20,1768942800000,,26179.087407635445,4935.867208050484,21243.22019958496,4,2
2026-01-21,1769029200000,,27162.3814594961,35.68143203028103,27126.70002746582,5,2
2026-01-22,1769115600000,,27262.961186668952,35.68143203028103,27227.279754638672,5,2
2026-01-23,1769202000000,,27008.871266625007,35.68143203028103,26973.189834594727,5,2
2026-01-26,1769461200000,,27506.131703636725,35.68143203028103,27470.450271606445,5,2
2026-01-27,1769547600000,,28207.44168593653,35.68143203028103,28171.76025390625,5,2
2026-01-28,1769634000000,,29457.010197191627,2947.04987004319,26509.960327148438,4,2
2026-01-29,1769720400000,,29153.321888762293,2724.1815994556528,26429.14028930664,4,2
2026-01-30,1769806800000,,27775.534858437495,31.92517826171388,27743.60968017578,5,2
2026-02-02,1770066000000,,28957.445380898433,31.92517826171388,28925.52020263672,5,2
2026-02-03,1770152400000,,30016.484870644526,31.92517826171388,29984.559692382812,5,2
2026-02-04,1770238800000,,28904.165412636714,31.92517826171388,28872.240234375,5,2
2026-02-05,1770325200000,,28114.805594729398,2837.365836428615,25277.43975830078,4,2
2026-02-06,1770411600000,,29363.269556975276,35.41024301043262,29327.859313964844,5,2
2026-02-09,1770670800000,,29574.149760222346,35.41024301043262,29538.739517211914,5,2
2026-02-10,1770757200000,,28286.29014108172,35.41024301043262,28250.87989807129,5,2
2026-02-11,1770843600000,,28820.149409270198,35.41024301043262,28784.739166259766,5,2
2026-02-12,1770930000000,,29120.96533198818,2618.1649169491166,26502.800415039062,4,2
2026-02-13,1771016400000,,29199.59678951949,120.757723967733,29078.839065551758,5,2
2026-02-17,1771362000000,,29067.67688290328,120.757723967733,28946.919158935547,5,2
2026-02-18,1771448400000,,29832.967532317343,120.757723967733,29712.20980834961,5,2
2026-02-19,1771534800000,,29171.769202784275,2502.7285838877906,26669.040618896484,4,2
2026-02-20,1771621200000,,29124.736172288365,33.09670695633349,29091.63946533203,5,2
2026-02-23,1771880400000,,28905.41711100907,33.09670695633349,28872.320404052734,5,2
2026-02-24,1771966800000,,28435.93696269364,33.09670695633349,28402.840255737305,5,2
2026-02-25,1772053200000,,29355.69470498978,4976.794314364781,24378.900390625,4,1
2026-02-26,1772139600000,,28767.196489459995,571.436739093785,28195.75975036621,5,1
2026-02-27,1772226000000,,28709.317430622104,571.436739093785,28137.88069152832,5,1
2026-03-02,1772485200000,,27964.57899435723,1.5599094268127374,27963.01908493042,5,2
2026-03-03,1772571600000,,26809.71972998345,1.5599094268127374,26808.15982055664,5,2
2026-03-04,1772658000000,,27379.26954992974,1.5599094268127374,27377.70964050293,5,2
2026-03-05,1772744400000,,26880.689435793392,5045.329294039244,21835.36014175415,3,1
2026-03-06,1772830800000,,26048.88415353475,17212.87420480428,8836.009948730469,3,1
2026-03-09,1773086400000,,25788.023769852498,20957.433773514607,4830.589996337891,2,1
2026-03-10,1773172800000,,25739.64428464348,22878.344205297777,2861.300079345703,1,1
2026-03-11,1773259200000,,26001.724133886644,22878.344205297777,3123.379928588867,1,1
2026-03-12,1773345600000,,26473.486440668094,15418.366476068486,11055.11996459961,3,1
2026-03-13,1773432000000,,26219.146550556616,6514.685735126928,19704.460815429688,5,2
2026-03-16,1773691200000,,25930.685628315405,6514.685735126928,19415.999893188477,5,2
2026-03-17,1773777600000,,25870.687182006648,9988.88701110821,15881.800170898438,4,2
2026-03-18,1773864000000,,25840.742284503278,5895.312024798686,19945.43025970459,5,2
2026-03-19,1773950400000,,25786.45190974742,5895.312024798686,19891.13988494873,5,2
2026-03-20,1774036800000,,25790.302230299036,25790.302230299036,0,0,0
2026-03-23,1774296000000,,25790.302230299036,25790.302230299036,0,0,0
2026-03-24,1774382400000,,25790.302230299036,25790.302230299036,0,0,0
2026-03-25,1774468800000,,25790.302230299036,25790.302230299036,0,0,0
2026-03-26,1774555200000,,25790.302230299036,25790.302230299036,0,0,0
2026-03-27,1774641600000,,25790.302230299036,25790.302230299036,0,0,0
2026-03-30,1774900800000,,25790.302230299036,25790.302230299036,0,0,0
2026-03-31,1774987200000,,25790.302230299036,25790.302230299036,0,0,0
2026-04-01,1775073600000,,25790.302230299036,25790.302230299036,0,0,0
2026-04-02,1775160000000,,25790.302230299036,25790.302230299036,0,0,0
2026-04-06,1775505600000,,25790.302230299036,25790.302230299036,0,0,0
2026-04-07,1775592000000,,25790.302230299036,25790.302230299036,0,0,0
2026-04-08,1775678400000,,25790.302230299036,25790.302230299036,0,0,0
2026-04-09,1775764800000,,25932.531237536146,3691.671221667004,22240.86001586914,5,2
2026-04-10,1775851200000,,25578.319299526425,7669.6194399072865,17908.69985961914,4,1
2026-04-13,1776110400000,,25823.060631955384,4991.451058591125,20831.609573364258,5,2
2026-04-14,1776196800000,,25900.110955441713,4991.451058591125,20908.659896850586,5,2
2026-04-15,1776283200000,,25791.28092309308,4991.451058591125,20799.829864501953,5,2
2026-04-16,1776369600000,,25979.801064694642,4991.451058591125,20988.350006103516,5,2
2026-04-17,1776456000000,,26482.830941403627,4991.451058591125,21491.3798828125,5,2
2026-04-20,1776715200000,,26704.87110253644,4991.451058591125,21713.420043945312,5,2
2026-04-21,1776801600000,,26791.540627682924,4991.451058591125,21800.089569091797,5,2
2026-04-22,1776888000000,,26839.911050046205,4991.451058591125,21848.459991455078,5,2
2026-04-23,1776974400000,,27175.621331418275,4991.451058591125,22184.17027282715,5,2
2026-04-24,1777060800000,,27272.780953610658,4991.451058591125,22281.32989501953,5,2
2026-04-27,1777320000000,,27051.150933469056,4991.451058591125,22059.69987487793,5,2
2026-04-28,1777406400000,,26599.23098107648,4991.451058591125,21607.77992248535,5,2
2026-04-29,1777492800000,,26710.920678342103,4991.451058591125,21719.469619750977,5,2
2026-04-30,1777579200000,,27305.590935910463,4991.451058591125,22314.139877319336,5,2
2026-05-01,1777665600000,,27386.501015866517,4991.451058591125,22395.04995727539,5,2
2026-05-04,1777924800000,,27381.791100705384,4991.451058591125,22390.340042114258,5,2
2026-05-05,1778011200000,,27524.05059167218,4991.451058591125,22532.599533081055,5,2
2026-05-06,1778097600000,,27816.520913327455,4991.451058591125,22825.069854736328,5,2
2026-05-07,1778184000000,,27296.510979855775,4991.451058591125,22305.05992126465,5,2
2026-05-08,1778270400000,,27507.100533688783,4991.451058591125,22515.649475097656,5,2
2026-05-11,1778529600000,,27699.538161609635,10020.218459461197,17679.319702148438,4,2
2026-05-12,1778616000000,,27619.531063702467,6461.170960095288,21158.360103607178,5,2
2026-05-13,1778702400000,,27795.36108079231,6461.170960095288,21334.19012069702,5,2
2026-05-14,1778788800000,,27665.9909788636,6461.170960095288,21204.82001876831,5,2
2026-05-15,1778875200000,,27136.0208326844,6461.170960095288,20674.84987258911,5,2
2026-05-18,1779134400000,,26955.440899517896,6461.170960095288,20494.269939422607,5,2
2026-05-19,1779220800000,,26791.33245138704,9668.802277131666,17122.53017425537,4,2
2026-05-20,1779307200000,,26593.05141399983,5477.231498228347,21115.819915771484,5,2
2026-05-21,1779393600000,,26271.86141195581,9413.171695616702,16858.68971633911,4,2
2026-05-22,1779480000000,,26524.889915436404,4154.349861115115,22370.54005432129,5,2
2026-05-26,1779825600000,,26369.239471405643,4154.349861115115,22214.889610290527,5,2
2026-05-27,1779912000000,,26099.829605072635,4154.349861115115,21945.47974395752,5,2
2026-05-28,1779998400000,,25939.48735025928,8773.737224374272,17165.75012588501,4,2
2026-05-29,1780084800000,,25797.897119746784,8396.077471004106,17401.819648742676,4,1
2026-06-01,1780344000000,,25983.92006010437,8889.542420333864,17094.377639770508,4,1
2026-06-02,1780430400000,,26085.996745901764,4984.5642622286705,21101.432483673096,5,2
2026-06-03,1780516800000,,25903.791683035553,4984.5642622286705,20919.227420806885,5,2
2026-06-04,1780603200000,,26057.795710953877,7505.365844163107,18552.42986679077,4,1
2026-06-05,1780689600000,,25593.35460100329,3508.924821950552,22084.429779052734,5,2
2026-06-08,1780948800000,,25756.944421865108,3508.924821950552,22248.01959991455,5,2
2026-06-09,1781035200000,,25631.106450931882,10898.116254703857,14732.990196228027,3,1
2026-06-10,1781121600000,,25339.308778501312,4324.618928647797,21014.689849853516,5,2
2026-06-11,1781208000000,,25556.998910642425,4324.618928647797,21232.37998199463,5,2
2026-06-12,1781294400000,,25931.249025083343,4324.618928647797,21606.630096435547,5,2
2026-06-15,1781553600000,,25666.82924816684,4324.618928647797,21342.210319519043,5,2
2026-06-16,1781640000000,,25337.348588681976,4324.618928647797,21012.72966003418,5,2
2026-06-17,1781726400000,,24902.969072080414,4324.618928647797,20578.350143432617,5,2
2026-06-18,1781812800000,,24818.919088102142,4324.618928647797,20494.300159454346,5,2
2026-06-22,1782158400000,,25115.259027219574,4324.618928647797,20790.640098571777,5,2
2026-06-23,1782244800000,,24907.67136486542,9066.341301999208,15841.330062866211,4,2
2026-06-24,1782331200000,,25038.616212663575,4081.1860368823254,20957.43017578125,5,2
2026-06-25,1782417600000,,25531.946252641603,4081.1860368823254,21450.760215759277,5,2
2026-06-26,1782504000000,,25614.036508378907,4081.1860368823254,21532.850471496582,5,2
2026-06-29,1782763200000,,25604.756112871095,4081.1860368823254,21523.57007598877,5,2
2026-06-30,1782849600000,,25575.20633107178,4081.1860368823254,21494.020294189453,5,2
2026-07-01,1782936000000,,25876.376230058595,4081.1860368823254,21795.19019317627,5,2
2026-07-02,1783022400000,,25687.806321916505,4081.1860368823254,21606.62028503418,5,2
2026-07-06,1783368000000,,25573.67619496338,4081.1860368823254,21492.490158081055,5,2
2026-07-07,1783454400000,,25470.813854268923,7212.673786214724,18258.1400680542,4,2
2026-07-08,1783540800000,,25186.924406783084,2190.6447742147247,22996.27963256836,5,2
2026-07-09,1783627200000,,25415.80506016443,2190.6447742147247,23225.160285949707,5,2
2026-07-10,1783713600000,,25395.67456700037,2190.6447742147247,23205.029792785645,5,2
2026-07-13,1783972800000,,25562.554663435916,2190.6447742147247,23371.90988922119,5,2
2026-07-14,1784059200000,,25759.014586226443,2190.6447742147247,23568.36981201172,5,2
2026-07-15,1784145600000,,25780.81480290125,2190.6447742147247,23590.170028686523,5,2
2026-07-16,1784232000000,,25765.155073897342,2190.6447742147247,23574.510299682617,5,2
2026-07-17,1784318400000,,25843.324736372928,2190.6447742147247,23652.679962158203,5,2
2026-07-20,1784577600000,,25708.564543501834,2190.6447742147247,23517.91976928711,5,2
2026-07-21,1784664000000,,25930.234434859256,2190.6447742147247,23739.58966064453,5,2
2026-07-22,1784750400000,,25824.715254561404,2190.6447742147247,23634.07048034668,5,2
2026-07-23,1784836800000,,25576.765368239383,2190.6447742147247,23386.12059402466,5,2
2026-07-24,1784923200000,,25603.43454243372,2190.6447742147247,23412.789768218994,5,2
2026-07-27,1785182400000,,25450.37067945723,6136.620862562697,19313.74981689453,4,2
2026-07-28,1785268800000,,25404.379579473967,5733.7190264954515,19670.660552978516,4,2
2026-07-29,1785355200000,,25040.030011618506,687.0506071690443,24352.979404449463,5,2
2026-07-30,1785441600000,,24963.532069643137,5531.611796815989,19431.92027282715,4,2
2026-07-31,1785528000000,,24955.210330647104,1865.2500797926132,23089.960250854492,5,2
2026-08-03,1785787200000,,24745.72970569059,5361.089843630041,19384.639862060547,4,2
2026-08-04,1785873600000,,24916.552717774277,1606.982866852643,23309.56985092163,5,2
2026-08-05,1785960000000,,24819.112936585312,1606.982866852643,23212.130069732666,5,2
2026-08-06,1786046400000,,24429.216196657762,10299.196175219166,14130.020021438599,3,2
2026-08-07,1786132800000,,24608.87775309505,1812.3179443639733,22796.55980873108,5,2
2026-08-10,1786392000000,,24729.407597379108,1812.3179443639733,22917.089653015137,5,2
2026-08-11,1786478400000,,24738.188029126544,1812.3179443639733,22925.870084762573,5,2
2026-08-12,1786564800000,,24825.758160428424,1812.3179443639733,23013.440216064453,5,2
2026-08-13,1786651200000,,24898.00798495235,1812.3179443639733,23085.69004058838,5,2
2026-08-14,1786737600000,,24849.36836321773,1812.3179443639733,23037.05041885376,5,2
2026-08-17,1786996800000,,24747.807503537555,1812.3179443639733,22935.489559173584,5,2
2026-08-18,1787083200000,,24751.367688016315,1812.3179443639733,22939.049743652344,5,2
2026-08-19,1787169600000,,24365.16830904903,1812.3179443639733,22552.85036468506,5,2
2026-08-20,1787256000000,,24162.33480080455,11294.714584434922,12867.620216369629,3,1
2026-08-21,1787342400000,,24399.406360202556,2186.8763537938703,22212.53000640869,5,2
2026-08-24,1787601600000,,24420.336024814373,2186.8763537938703,22233.459671020508,5,2
2026-08-25,1787688000000,,24519.50606303764,2186.8763537938703,22332.629709243774,5,2
2026-08-26,1787774400000,,24580.93603091789,2186.8763537938703,22394.059677124023,5,2
2026-08-27,1787860800000,,24727.836345248943,2186.8763537938703,22540.959991455078,5,2
2026-08-28,1787947200000,,24581.96613269401,2186.8763537938703,22395.089778900146,5,2
2026-08-31,1788206400000,,24430.649338021663,6350.28923059979,18080.360107421875,4,2
2026-09-01,1788292800000,,23977.66661156318,7899.646992575146,16078.019618988037,4,1
2026-09-02,1788379200000,,24264.54561372566,4088.3358378009766,20176.209775924683,5,2
2026-09-03,1788465600000,,24506.165830095288,4088.3358378009766,20417.82999229431,5,2
2026-09-04,1788552000000,,24381.505757768628,4088.3358378009766,20293.16991996765,5,2
2026-09-08,1788897600000,,24364.525666673657,4088.3358378009766,20276.18982887268,5,2
2026-09-09,1788984000000,,24378.536046464917,4088.3358378009766,20290.20020866394,5,2
2026-09-10,1789070400000,,24214.78161075923,7864.731540950268,16350.05006980896,4,2
2026-09-11,1789156800000,,24520.158271977045,4993.818430134395,19526.33984184265,5,2
2026-09-14,1789416000000,,24162.768804737665,4993.818430134395,19168.95037460327,5,2
2026-09-15,1789502400000,,24604.7679514826,10106.457980626888,14498.309970855713,4,2
2026-09-16,1789588800000,,24563.473998855407,6859.73414785748,17703.739850997925,5,2
2026-09-17,1789675200000,,24877.173822234923,6859.73414785748,18017.43967437744,5,2
2026-09-18,1789761600000,,24590.394317458922,6859.73414785748,17730.66016960144,5,2
2026-09-21,1790020800000,,24226.373901199157,6859.73414785748,17366.639753341675,5,2
2026-09-22,1790107200000,,23829.0516211676,10560.361664502561,13268.689956665039,4,2
2026-09-23,1790193600000,,23788.327549611662,6221.657429372404,17566.670120239258,5,2
2026-09-24,1790280000000,,24139.05708757553,6221.657429372404,17917.399658203125,5,2
2026-09-25,1790366400000,,24259.926975881193,6221.657429372404,18038.26954650879,5,2
2026-09-28,1790625600000,,24239.597660695646,6221.657429372404,18017.940231323242,5,2
2026-09-29,1790712000000,,24301.567524587248,6221.657429372404,18079.910095214844,5,2
2026-09-30,1790798400000,,24179.58748308334,6221.657429372404,17957.930053710938,5,2
2026-10-01,1790884800000,,24280.33717790756,6221.657429372404,18058.679748535156,5,2
2026-10-02,1790971200000,,24433.84709612045,6221.657429372404,18212.189666748047,5,2
