symbol,sector,pattern,signalAt,entryAt,entry,qty,stop,target,exitAt,exit,exitReason,net,entryFee,exitFee,bars
XYL,Industrials,pullback20,1506974400000,1507037400000,63.42169438934326,31,61.86899909973145,66.22200088500976,1508184000000,66.18888988456726,2R target,83.77409629569843,0.9830362630348205,1.0259277932107926,10
PWR,Industrials,pullback20,1508184000000,1508247000000,37.83890969467163,54,36.90500030517578,39.70999984741211,1508443200000,36.8865478050232,stop,-53.445129393506946,1.021650561756134,0.9959367907356264,3
ISRG,Health Care,pullback20,1506974400000,1507037400000,118.35136717987059,16,114.60088272094727,124.29155883789062,1508529600000,124.22941305847168,2R target,92.10808781571062,0.9468109374389647,0.9938353044677735,14
ALGN,Health Care,pullback20,1506974400000,1507037400000,187.843875,10,179.75899963378907,202.14200439453126,1508765400000,202.040933392334,target gap,140.02115988137848,0.9392193750000001,1.01020466696167,14
SNPS,Information Technology,pullback20,1506974400000,1507037400000,81.31063164138793,24,79.1979995727539,85.14400177001953,1508938200000,85.10142976913453,target gap,88.98221032899208,0.9757275796966551,1.0212171572296143,16
BA,Industrials,pullback20,1508529600000,1508765400000,265.26256988525387,7,257.7499969482422,278.7500061035156,1508961600000,257.6211219497681,stop,-55.32022846982288,0.9284189945983885,0.9016739268241883,3
NOC,Industrials,pullback20,1508961600000,1509024600000,306.15299999999996,6,297.91399841308595,318.4220031738281,1509048000000,297.76504141387943,stop,-52.139505640964835,0.9184589999999998,0.8932951242416383,1
LYB,Materials,pullback20,1508443200000,1508506200000,100.00997908401489,20,96.74299774169921,104.68400268554687,1509393600000,104.6316606842041,2R target,90.3872156061022,1.000099790840149,1.046316606842041,7
LHX,Industrials,pullback20,1508529600000,1508765400000,137.27861171722412,15,134.1399932861328,141.91000061035157,1509566400000,141.8390456100464,2R target,66.3131259623798,1.029589587879181,1.0637928420753482,8
HD,Consumer Discretionary,pullback20,1508875200000,1508938200000,166.19305561065673,12,162.95799560546874,172.17400512695312,1509652800000,162.87651660766602,stop,-41.77288546919844,0.9971583336639404,0.9772590996459961,7
GNRC,Industrials,pullback20,1509652800000,1509715800000,51.43570484733581,40,49.19799880981445,55.50400009155273,1510088400000,49.17339981040955,stop,-92.50438357020548,1.0287140969467163,0.9834679962081909,3
TTWO,Communication Services,pullback20,1509048000000,1509111000000,105.95295152664184,19,101.32199935913086,113.64600219726563,1510151400000,113.58917919616701,target gap,143.00267547911153,1.0065530395030975,1.0790972023635865,8
ALB,Materials,pullback20,1510088400000,1510151400000,143.60176377868652,14,138.1100082397461,153.1699981689453,1510261200000,138.04095323562623,stop,-79.82284662194418,1.0052123464508056,0.9662866726493836,2
MCHP,Information Technology,pullback20,1506974400000,1507037400000,45.297639026641846,44,43.60300140380859,48.61900177001953,1510756200000,45.20738454246521,SMA50 exit,-5.962307822292201,0.9965480585861207,0.9945624599342346,31
DELL,Information Technology,pullback20,1510088400000,1510151400000,23.049553456306455,90,22.611175727844238,24.220105743408205,1510779600000,22.599870139980318,stop,-42.525722531185245,1.0372299055337906,1.0169941562991145,6
ROST,Consumer Discretionary,pullback20,1510779600000,1510842600000,64.59227755737304,32,62.34599990844727,69.13800201416015,1510929000000,69.10343301315308,target gap,142.21784321583291,1.0334764409179686,1.1056549282104493,1
CPRT,Industrials,pullback20,1509393600000,1509456600000,9.017006059169768,232,8.829500293731689,9.37100009918213,1511361000000,9.366314599132538,target gap,78.90711607499962,1.0459727028636931,1.0864924934993745,16
HLT,Consumer Discretionary,pullback20,1510693200000,1510756200000,72.56626377868652,28,70.9380012512207,76.85400848388672,1511989200000,76.81558147964478,2R target,116.88954979321458,1.0159276929016112,1.0754181407150267,10
IBKR,Financials,pullback20,1510866000000,1510929000000,13.584289093494414,155,13.109249782562255,14.573999977111816,1512397800000,14.566712977123261,target gap,150.09399930199845,1.0527824047458172,1.1289202557270528,10
PAYX,Industrials,pullback20,1510261200000,1510324200000,64.64230561065673,31,63.184003067016604,67.9120002746582,1512421200000,67.87804427452087,2R target,98.25383315656808,1.0019557369651795,1.0521096862550734,16
MSFT,Information Technology,pullback20,1512162000000,1512397800000,84.46220816802978,25,82.25800552368165,88.26399536132813,1512421200000,82.21687652091981,stop,-58.21677973636097,1.0557776021003722,1.0277109565114977,1
EL,Consumer Staples,pullback20,1509566400000,1509629400000,121.73083316802978,17,118.37200164794922,129.61600494384766,1513371600000,129.55119694137574,2R target,130.81028689095135,1.0347120819282531,1.1011851740016938,31
VLO,Energy,pullback20,1511989200000,1512052200000,83.87191683197021,25,80.75799407958985,88.50400085449219,1513607400000,88.45974885406496,target gap,112.54165473129318,1.0483989603996278,1.1057468606758118,12
MAR,Consumer Discretionary,pullback20,1513371600000,1513607400000,130.5152219467163,17,126.50900726318359,136.44200744628907,1514471400000,136.37378644256594,target gap,97.32703985813488,1.1093793865470887,1.1591771847618106,7
CPAY,Financials,pullback20,1512421200000,1512484200000,184.08200049591065,11,177.26700897216796,196.26600036621093,1515099600000,196.16786736602785,2R target,130.85316129804855,1.0124510027275087,1.078923270513153,21
IBKR,Financials,pullback20,1512421200000,1512484200000,14.737364542007445,147,14.258749961853027,15.664999961853027,1515531600000,15.6571674618721,2R target,132.97703111781934,1.0831962938375472,1.1508018084475993,24
SWK,Industrials,pullback20,1511298000000,1511361000000,166.27309744262695,12,161.41300354003906,175.14400939941407,1516309200000,175.05643739471438,2R target,103.35210221602513,0.9976385846557616,1.0503386243682862,38
DHI,Consumer Discretionary,pullback20,1514408400000,1514471400000,51.11554515266418,44,49.174000930786136,54.71199951171875,1516977000000,50.6546603050232,SMA50 exit,-22.517877816272385,1.124541993358612,1.1144025267105104,19
PHM,Consumer Discretionary,pullback20,1513371600000,1513607400000,33.746864542007444,66,32.134999465942386,36.02000198364258,1517322600000,32.75361545753479,SMA50 exit,-67.74895541517989,1.1136465298862457,1.0808693100986482,28
IBKR,Financials,pullback20,1515531600000,1515594600000,15.630311669826506,148,15.09499979019165,16.76750087738037,1517605200000,16.759117126941682,2R target,164.66638992208516,1.1566430635671616,1.2401746673936846,17
CPRT,Industrials,pullback20,1515099600000,1515162600000,10.947971364498137,208,10.63075065612793,11.543499946594238,1517841000000,10.749622614383698,SMA50 exit,-43.513089797607066,1.1385890219078063,1.1179607518959047,20
LII,Industrials,pullback20,1516309200000,1516372200000,214.8873887786865,10,207.28700408935546,227.39600830078126,1517864400000,207.1833605873108,stop,-79.15063566058697,1.0744369438934325,1.035916802936554,12
AKAM,Information Technology,pullback20,1516914000000,1516977000000,67.13354847335815,34,64.72100067138672,71.16800689697266,1517864400000,64.68864017105103,stop,-85.36785948539678,1.1412703240470885,1.0997068829078676,7
HII,Industrials,pullback20,1517605200000,1517841000000,241.79083316802976,9,233.13300170898438,265.04400939941405,1517864400000,233.0164352081299,stop,-81.10621434679145,1.088058749256134,1.0485739584365847,1
LULU,Consumer Discretionary,pullback20,1517259600000,1517322600000,79.68982652664184,28,76.51799850463867,86.84400024414063,1517927400000,75.62217366027832,stop gap,-116.06864826079536,1.1156575713729857,1.0587104312438964,5
AMZN,Consumer Discretionary,pullback20,1517950800000,1518013800000,72.4862219467163,22,67.6268970489502,81.17220077514648,1518123600000,67.59308360042573,stop,-109.1899159794111,0.7973484414138793,0.743523919604683,2
GDDY,Information Technology,pullback20,1517950800000,1518013800000,53.42670152664184,41,51.224999237060544,57.900003814697264,1518210000000,51.19938673744202,stop,-93.46474116660649,1.0952473812961578,1.0495874281175614,3
FTNT,Information Technology,pullback20,1517950800000,1518013800000,9.340668442726134,222,8.851599597930909,10.22079963684082,1520283600000,10.2156892370224,2R target,192.08386063131883,1.036814197142601,1.1339415053094863,18
CME,Financials,pullback20,1518210000000,1518445800000,157.4086668319702,13,149.54200744628906,171.46600341796875,1520629200000,171.38027041625978,2R target,179.49371850365088,1.0231563344078063,1.1139717577056887,19
EW,Health Care,pullback20,1518210000000,1518445800000,42.304474491119386,41,39.749667739868165,46.77066497802734,1520884800000,46.74727964553833,2R target,180.32945037137512,0.8672417270679474,0.9583192327335357,20
TPR,Consumer Discretionary,pullback20,1517950800000,1518013800000,48.95446530532837,45,46.833001708984376,53.39399795532226,1520971200000,53.36730095634461,2R target,196.27536455484304,1.1014754693698883,1.2007642715177538,24
BA,Industrials,pullback20,1517950800000,1518013800000,340.6902490081787,4,318.1649993896484,386.40001220703124,1521034200000,339.6201135406494,SMA50 exit,-5.641162595214733,0.6813804980163574,0.6792402270812988,24
GILD,Health Care,pullback20,1520971200000,1521034200000,82.0910280532837,28,78.17300109863281,88.81400146484376,1521207000000,79.88003816986084,SMA50 exit,-64.17531166296395,1.1492743927459717,1.1183205343780518,2
EBAY,Consumer Discretionary,pullback20,1520283600000,1520346600000,43.56177091598511,46,41.11599922180176,47.33799743652344,1521725400000,41.21938167762757,SMA50 exit,-109.69987147409996,1.0019207310676574,0.948045778585434,12
NVDA,Information Technology,pullback20,1520884800000,1520947800000,6.29039366698265,263,5.854299926757813,7.023400020599365,1521835200000,5.851372776794435,stop,-117.05913640685743,0.8271867672082185,0.7694555201484682,9
HCA,Health Care,pullback20,1521144000000,1521207000000,103.21158366394043,22,99.37000198364258,110.71000061035156,1521835200000,99.32031698265077,stop,-87.83571789548512,1.1353274203033448,1.0925234868091585,6
KDP,Consumer Staples,pullback20,1520629200000,1520861400000,118.20907652664184,19,115.25599594116211,123.33799896240234,1522071000000,118.21086164474488,SPY below SMA200,-2.2120721686703435,1.1229862270030975,1.1230031856250764,10
TYL,Information Technology,pullback20,1520971200000,1521034200000,210.5652367172241,10,199.8219985961914,228.79598999023438,1522071000000,210.42473377990723,SPY below SMA200,-3.5099792256544724,1.0528261835861206,1.0521236688995361,8
FANG,Energy,pullback20,1521662400000,1521725400000,128.6943198852539,17,122.56399307250976,145.41199188232423,1522071000000,129.60516316986084,SPY below SMA200,13.288790232349756,1.0939017190246583,1.1016438869438172,2
NFLX,Communication Services,pullback20,1522094400000,1522157400000,32.26512504959106,46,29.886599731445312,36.331800079345705,1522180800000,29.87165643157959,stop,-111.52870240259463,0.7420978761405945,0.6870480979263306,1
NKE,Consumer Discretionary,pullback20,1522180800000,1522243800000,66.62329133605957,32,63.31699676513672,71.8760009765625,1522330200000,65.66714694976807,SMA50 exit,-32.713267373901196,1.0659726613769531,1.050674351196289,1
PTC,Information Technology,pullback20,1522094400000,1522157400000,80.20008366394042,28,76.34499740600586,86.86000061035156,1522699200000,76.30682490730285,stop,-111.20234190584921,1.122801171295166,1.06829554870224,4
EW,Health Care,pullback20,1522094400000,1522157400000,47.13021989822388,47,44.78566474914551,50.708665466308595,1522699200000,44.76327191677094,stop,-113.40605218594047,1.1075601676082611,1.051936890044117,4
STX,Information Technology,pullback20,1522094400000,1522157400000,58.80938877868652,29,54.98299942016602,64.42400436401367,1522762200000,57.94101622009278,SPY below SMA200,-26.875685071700786,0.8527361372909545,0.8401447351913452,4
DPZ,Consumer Discretionary,pullback20,1522094400000,1522157400000,232.11599999999999,9,221.4669952392578,250.906005859375,1522762200000,231.79404866027832,SPY below SMA200,-4.985157276466232,1.044522,1.0430732189712524,4
EG,Financials,pullback20,1522267200000,1522330200000,259.7798188934326,8,247.51498565673828,279.9599884033203,1522762200000,255.94197232055666,SPY below SMA200,-32.76565974786353,1.0391192755737304,1.0237678892822266,2
VST,Utilities,pullback20,1522785600000,1522848600000,20.590289923667907,106,19.691500854492187,22.95700035095215,1523044800000,19.68165510406494,stop,-98.44970396438426,1.091285365954399,1.0431277205154417,3
GWW,Industrials,pullback20,1522785600000,1522848600000,281.8608612213135,7,268.7259979248047,314.1579895019531,1524835800000,276.70157633972167,SMA50 exit,-38.06996270260634,0.9865130142745973,0.9684555171890259,17
TKO,Communication Services,pullback20,1523044800000,1523280600000,37.608795152664186,58,35.83699951171875,40.88600234985351,1525377600000,40.86555934867859,2R target,186.61656708829636,1.0906550594272615,1.1851012211116791,19
DXCM,Health Care,pullback20,1524772800000,1524835800000,18.69684375,105,17.672999382019043,20.521499633789062,1525377600000,20.51123888397217,2R target,188.45306472879426,0.9815842968749999,1.0768400414085388,5
TJX,Consumer Discretionary,pullback20,1522785600000,1522848600000,40.88043061065674,53,39.67450103759766,44.146000671386716,1525786200000,40.96450811004639,SMA50 exit,2.2872165915528306,1.0833314111824037,1.0855594649162292,24
AXON,Industrials,pullback20,1522785600000,1522848600000,41.93095484733581,52,39.93700180053711,47.3260009765625,1525872600000,47.30233797607422,target gap,276.9918570809886,1.090204826030731,1.2298607873779297,25
NRG,Utilities,pullback20,1525377600000,1525440600000,32.46622576332092,69,30.972998428344727,35.10399856567383,1526068800000,35.08644656639099,2R target,178.46466821645973,1.1200847888345717,1.210482406540489,6
LULU,Consumer Discretionary,pullback20,1525723200000,1525786200000,96.87841683197021,23,93.94099731445313,103.62799987792968,1526932800000,103.57618587799072,2R target,151.7434601273072,1.1141017935676576,1.1911261375968933,10
BKR,Energy,pullback20,1526932800000,1526995800000,36.49823954200745,56,34.43899917602539,39.99200439453125,1527278400000,34.42177967643738,stop,-118.2675130100401,1.0219507071762086,0.9638098309402467,4
KEYS,Information Technology,pullback20,1526068800000,1526304600000,53.86692015266418,44,51.74379920959473,57.43239974975586,1527773400000,57.40368354988099,target gap,153.16963619608362,1.185072243358612,1.2628810380973816,12
KDP,Consumer Staples,pullback20,1522785600000,1522848600000,118.19906938934325,18,116.24400024414062,122.0820068359375,1527859800000,119.88003244018556,SMA50 exit,28.114622998695793,1.0637916245040893,1.07892029196167,41
DXCM,Health Care,pullback20,1525377600000,1525440600000,20.760375,108,19.869499588012694,23.11849899291992,1527883200000,23.106939743423464,2R target,251.06015729358924,1.12106025,1.2477747461448672,20
DXCM,Health Care,pullback20,1527883200000,1528119000000,22.943967089653015,107,21.9302490234375,25.28949966430664,1528401600000,21.919283898925784,stop,-112.04128533570268,1.2275022392964363,1.1726816885925293,4
CMG,Consumer Discretionary,pullback20,1527710400000,1527773400000,8.745970836639405,275,8.417399597167968,9.361799812316894,1528747200000,9.357118912410737,2R target,165.576545996622,1.2025709900379182,1.2866038504564763,8
AES,Utilities,pullback20,1527278400000,1527600600000,12.37618488550186,190,11.953999710083007,13.322000122070312,1529006400000,13.315339122009277,2R target,175.9986101556956,1.1757375641226768,1.2649572165908813,13
COP,Energy,pullback20,1528401600000,1528464600000,70.01499335861206,32,66.31000442504883,75.82000122070312,1529092800000,66.2768494228363,stop,-121.80127542932726,1.1202398937377929,1.060429590765381,6
OXY,Energy,pullback20,1527796800000,1527859800000,84.69232652664184,26,80.27199859619141,92.05599365234374,1530019800000,81.62916316986085,SMA50 exit,-81.80442664236027,1.1010002448463438,1.061179121208191,17
STE,Health Care,pullback20,1529006400000,1529069400000,106.64329133605956,23,103.72299652099609,112.44399871826172,1530129600000,103.6711350227356,stop,-70.77821110957733,1.2263978503646848,1.1922180527614594,9
BR,Industrials,pullback20,1525809600000,1525872600000,112.65629847335815,20,108.26899719238281,120.06199645996094,1530192600000,113.27333683013917,SMA50 exit,10.081470782585495,1.1265629847335816,1.1327333683013918,35
TSCO,Consumer Discretionary,pullback20,1530129600000,1530192600000,15.59979600763321,153,15.066599559783935,16.5827995300293,1530561600000,15.059066260004045,stop,-85.07705435073645,1.1933843945839406,1.1520185688903093,3
CNC,Health Care,pullback20,1528747200000,1528810200000,60.99548265266418,40,59.03800163269043,64.83400039672851,1531143000000,64.80158339653015,target gap,149.72808843365485,1.2199096530532836,1.296031667930603,18
TPL,Energy,pullback20,1530907200000,1531143000000,80.03999999999999,30,76.87455673217774,86.23422393798828,1531339200000,86.19110682601928,2R target,182.03973817818832,1.2006,1.2928666023902893,3
AXON,Industrials,pullback20,1529092800000,1529328600000,64.43220152664185,25,59.75900154113769,73.68200149536133,1532116800000,73.64516049461366,2R target,228.59800717402968,0.8054025190830231,0.9205645061826708,24
HRL,Consumer Staples,pullback20,1529956800000,1530019800000,36.71835076332092,65,35.236999130249025,39.44599990844726,1532611800000,36.40178816986084,SMA50 exit,-22.952973090233403,1.19334639980793,1.1830581155204776,21
CMG,Consumer Discretionary,pullback20,1531339200000,1531402200000,9.202398582458496,220,8.651440334320068,10.127920722961425,1532698200000,9.472061564922333,SMA50 exit,57.271665525832205,1.0122638440704346,1.0419267721414567,11
LULU,Consumer Discretionary,pullback20,1530561600000,1530624600000,126.18306274795532,17,119.51600570678711,137.40799865722656,1532721600000,119.45624770393373,stop,-116.44378988720811,1.0725560333576203,1.0153781054834368,18
ADP,Industrials,pullback20,1532116800000,1532352600000,137.05850049591064,18,133.3280044555664,145.33399658203126,1533043800000,135.08241889953615,SMA50 exit,-38.01873700929974,1.2335265044631958,1.2157417700958253,6
OKE,Energy,pullback20,1532635200000,1532698200000,71.16556225204468,35,69.13000259399413,75.60999755859375,1533153600000,69.09543759269714,stop,-74.90893057444694,1.2453973394107818,1.2091701578722,4
LOW,Consumer Discretionary,pullback20,1532980800000,1533043800000,99.43969438934326,25,96.24399871826172,105.35199890136718,1533303000000,97.78108683013916,SMA50 exit,-43.93044874534603,1.2429961798667908,1.2222635853767394,3
DVN,Energy,pullback20,1530129600000,1530192600000,43.621798473358155,36,40.382001113891604,49.64600143432617,1533821400000,42.80858683013916,SMA50 exit,-30.831366091346652,0.7851923725204467,0.770554562942505,29
ELV,Health Care,pullback20,1532721600000,1532957400000,249.3546107254028,10,241.54300079345703,265.35398559570314,1534276800000,265.2213086029053,2R target,156.0940991783835,1.246773053627014,1.3261065430145267,12
ALGN,Health Care,pullback20,1533240000000,1533303000000,368.7042490081787,4,343.3780151367188,417.00401000976564,1534426200000,352.8235,SMA50 exit,-64.96605153073104,0.7374084980163574,0.705647,9
LULU,Consumer Discretionary,pullback20,1533758400000,1533821400000,127.80386786270141,19,121.58700103759766,138.36599884033203,1534881600000,138.29681584091188,2R target,196.83805509081455,1.2141367446956632,1.3138197504886628,9
VRSN,Information Technology,pullback20,1533153600000,1533216600000,146.99345816802978,16,142.24099731445312,159.697998046875,1535572800000,159.61814904785157,2R target,199.54216121942173,1.1759476653442382,1.2769451923828126,20
DRI,Consumer Discretionary,pullback20,1534276800000,1534339800000,110.6352918319702,22,107.08500289916992,119.31000518798828,1536264000000,119.2503501853943,2R target,187.00254171313895,1.2169882101516722,1.3117538520393373,16
MKC,Consumer Staples,pullback20,1535572800000,1535635800000,61.885927042007445,42,60.443001174926756,65.45900268554688,1536609600000,65.4262731842041,2R target,146.0209817675093,1.2996044678821563,1.373951736868286,7
ELV,Health Care,pullback20,1536264000000,1536327000000,270.00493011474606,9,264.9760223388672,282.71799926757814,1536609600000,264.8435343276978,stop,-48.85938017342537,1.2150221855163572,1.1917959044746402,2
CHD,Consumer Staples,pullback20,1534363200000,1534426200000,56.178076526641846,44,54.099002075195315,59.98199996948242,1537214400000,59.95200896949768,2R target,163.49816560474179,1.2359176835861205,1.318944197328949,22
DTE,Utilities,pullback20,1536609600000,1536672600000,96.6866171836853,27,94.26723175048828,100.99744262695313,1537387200000,94.22009813461304,stop,-69.17325498174807,1.3052693319797515,1.2719713248172761,7
ES,Utilities,pullback20,1536609600000,1536672600000,63.49172908401489,42,61.827998352050784,66.24400100708007,1537387200000,61.79708435287476,stop,-73.80614379006013,1.3333263107643127,1.29773877141037,7
WELL,Real Estate,pullback20,1537214400000,1537277400000,66.89343061065674,40,65.05399703979492,70.3219985961914,1537473600000,65.02147004127502,stop,-77.51672078830715,1.337868612213135,1.3004294008255006,3
TKO,Communication Services,pullback20,1534881600000,1534944600000,80.76036122131347,24,75.70699462890624,91.34600524902343,1537819200000,91.30033224639892,2R target,250.89457628043826,0.9691243346557618,1.095603986956787,23
CINF,Financials,pullback20,1537387200000,1537450200000,78.93945152664185,33,76.91200256347656,81.91600036621094,1537992000000,76.87354656219483,stop,-70.74577829521729,1.3025009501895903,1.2684135182762148,5
LLY,Health Care,pullback20,1537473600000,1537536600000,106.28311835861206,25,103.19700241088867,111.81599426269531,1538659800000,111.76008626556397,target gap,134.19865761599561,1.3285389794826508,1.3970010783195497,9
FTNT,Information Technology,pullback20,1537819200000,1537882200000,17.658824618339537,105,16.426201248168944,19.497599792480468,1539028800000,16.41798814754486,stop,-132.07686210364992,0.9270882924628258,0.8619443777461052,10
DELL,Information Technology,pullback20,1532548800000,1532611800000,26.096058857917786,96,25.24417381286621,28.48476638793945,1539091800000,26.726353343963623,SMA50 exit,57.97279487471009,1.2526108251800538,1.282864960510254,52
TMO,Health Care,pullback20,1537387200000,1537450200000,241.96091633605957,10,235.222998046875,252.73399658203124,1539201600000,235.1053865478516,stop,-70.9406293964993,1.2098045816802978,1.175526932739258,15
BALL,Materials,pullback20,1538596800000,1538659800000,45.30263877868652,59,43.956999969482425,48.045999145507814,1539201600000,43.935021469497684,stop,-83.32193221946284,1.3364278439712522,1.2960831333501817,5
J,Industrials,pullback20,1539028800000,1539091800000,63.51553324699402,41,62.04785919189453,67.1745376586914,1539201600000,62.016835262298585,stop,-64.02003092695324,1.3020684315633773,1.271345122877121,2
ORLY,Consumer Discretionary,pullback20,1537992000000,1538055000000,23.0195034198761,115,22.277201080322264,24.589598846435546,1539288000000,22.266062479782104,stop,-89.24962815003977,1.3236214466428757,1.280298592587471,11
TJX,Consumer Discretionary,pullback20,1539028800000,1539091800000,55.61279158401489,47,53.9509994506836,58.31299743652344,1539288000000,53.92402395095826,stop,-81.9461939187337,1.3069006022243501,1.267214562847519,3
ORLY,Consumer Discretionary,pullback20,1539720000000,1539783000000,23.129559030532835,110,22.331999397277833,24.789999771118165,1539806400000,22.320833397579197,stop,-91.45959120844643,1.272125746679306,1.227645836866856,1
TJX,Consumer Discretionary,pullback20,1539720000000,1539783000000,55.78287856864929,45,54.404000473022464,59.56699905395508,1539892800000,54.37679847278596,stop,-65.75219704728218,1.255114767794609,1.2234779656376842,2
BALL,Materials,pullback20,1539720000000,1539783000000,46.12304847335815,55,44.48399772644043,49.331999969482425,1539955800000,46.39678816986084,SPY below SMA200,12.511387799959289,1.2683838330173491,1.2759116746711732,2
HSY,Consumer Staples,pullback20,1539720000000,1539783000000,105.46270866394042,24,102.2890007019043,111.9219985961914,1539955800000,105.42726335525514,SPY below SMA200,-3.381367072677135,1.265552503967285,1.2651271602630616,2
WBD,Communication Services,pullback20,1539720000000,1539783000000,33.16657652664184,71,31.424001121520995,36.33200187683106,1539955800000,33.3233301525116,SPY below SMA200,8.769115749643118,1.1774134666957852,1.182978220414162,2
HCA,Health Care,pullback20,1539806400000,1539869400000,137.24858267211914,18,131.45399780273436,146.50200805664062,1539955800000,136.28183110046388,SPY below SMA200,-19.863302013748033,1.2352372440490722,1.226536479904175,1
PCG,Utilities,pullback20,1541624400000,1541687400000,48.98447908401489,51,46.651000595092775,53.09799652099609,1541773800000,44.45775954246521,stop gap,-233.24547370400902,1.2491042166423798,1.133672868332863,1
CASY,Consumer Staples,pullback20,1541624400000,1541687400000,132.27611171722413,19,125.92600936889649,145.10800323486328,1542119400000,130.08491889953615,SPY below SMA200,-44.12509332693079,1.2566230613136293,1.2358067295455935,3
PGR,Financials,pullback20,1541624400000,1541687400000,72.7763678627014,34,69.43800277709961,80.48400268554687,1542119400000,71.69413835525513,SPY below SMA200,-39.251801858878494,1.2371982536659238,1.2188003520393373,3
TJX,Consumer Discretionary,pullback20,1541624400000,1541687400000,55.907941068649286,39,52.81899719238281,60.62200012207031,1542119400000,54.51273091506958,SPY below SMA200,-56.566399093290975,1.090204850838661,1.0629982528438569,3
VICI,Real Estate,pullback20,1541624400000,1541687400000,22.171079847335815,114,21.163998794555663,24.061999893188478,1542119400000,21.529230915069583,SPY below SMA200,-75.66169599180752,1.2637515512981417,1.2271661621589662,3
BSX,Health Care,pullback20,1541710800000,1541773800000,38.33915969467163,54,36.13299827575683,43.05399932861328,1542119400000,37.09144561004639,SPY below SMA200,-69.41318691299018,1.0351573117561341,1.0014690314712527,2
SBUX,Consumer Discretionary,pullback20,1543870800000,1543933800000,67.50373622131347,35,64.89700164794922,72.70599670410157,1544106600000,66.09693225479127,SPY below SMA200,-51.57615052660899,1.181315383872986,1.1566963144588471,1
MKC,Consumer Staples,pullback20,1543870800000,1543933800000,75.84790255737305,32,73.1180030822754,81.01399383544921,1544106600000,75.81207347488403,SPY below SMA200,-3.573090256164631,1.2135664409179687,1.2129931755981445,1
CHD,Consumer Staples,pullback20,1543870800000,1543933800000,66.79338213729858,36,63.70400390625,71.82200317382812,1544106600000,66.38678816986085,SPY below SMA200,-17.034625893287114,1.2022808784713743,1.1949621870574954,1
AES,Utilities,pullback20,1543870800000,1543933800000,15.617804656505584,155,14.876000308990479,17.048000526428222,1544106600000,15.332330152511597,SPY below SMA200,-46.647183566766785,1.210379860879183,1.1882555868196487,1
AEE,Utilities,pullback20,1543870800000,1543933800000,70.035,34,67.35800170898438,74.68400573730469,1544106600000,70.30482633972169,SPY below SMA200,6.788318502762161,1.190595,1.1951820477752688,1
DE,Industrials,pullback20,1550005200000,1550068200000,163.97194438934326,14,157.81399993896486,179.94200744628907,1550264400000,157.7350929389954,stop,-89.56786956616857,1.1478036107254028,1.1041456505729677,3
NI,Utilities,pullback20,1550005200000,1550068200000,26.693340305328366,90,25.849000930786133,28.642000198364258,1550759400000,26.11693416118622,SMA50 exit,-54.253015323786435,1.2012003137397764,1.1752620372533797,5
LLY,Health Care,pullback20,1550005200000,1550068200000,119.65979847335815,20,114.24199829101562,129.98599700927736,1551709800000,129.92100401077272,target gap,202.72830272345004,1.1965979847335817,1.2992100401077273,12
VEEV,Health Care,pullback20,1551474000000,1551709800000,121.2605969467163,14,113.1949951171875,134.3300033569336,1551733200000,113.13839761962892,stop,-115.35158354118782,0.8488241786270142,0.7919687833374025,1
CASY,Consumer Staples,pullback20,1550264400000,1550586600000,136.1980698852539,17,130.02600479125977,146.5979995727539,1551992400000,129.96099178886413,stop,-108.29267966285579,1.1576835940246581,1.1046684302053453,13
REGN,Health Care,pullback20,1550005200000,1550068200000,416.18800099182124,5,394.9809936523437,459.05800170898436,1552311000000,403.94791889953615,SPY below SMA200,-63.250750261153854,1.0404700024795532,1.0098697972488404,17
RSG,Industrials,pullback20,1550005200000,1550068200000,77.63879847335815,30,75.62500076293945,81.45999755859376,1552311000000,77.8910353050232,SPY below SMA200,5.234157443275609,1.1645819771003723,1.168365529575348,17
YUM,Consumer Discretionary,pullback20,1550696400000,1550759400000,94.57726377868651,25,91.63100051879883,100.89800262451172,1552311000000,96.79157633972169,SPY below SMA200,52.96570352439919,1.1822157972335816,1.2098947042465211,12
AMT,Real Estate,pullback20,1551733200000,1551796200000,179.51970767211913,13,174.306005859375,190.45799560546874,1552311000000,182.21884255981448,SPY below SMA200,32.73745296353199,1.1668780998687744,1.184422476638794,4
DLTR,Consumer Staples,pullback20,1551992400000,1552055400000,102.47120816802978,23,99.43100357055664,110.61800384521484,1552311000000,102.13890744018555,SPY below SMA200,-9.995933069911711,1.1784188939323423,1.1745974355621338,1
CMG,Consumer Discretionary,pullback20,1552334400000,1552397400000,12.372983708381652,192,11.91668004989624,13.179439163208007,1553025600000,13.172849443626404,2R target,151.12182118439972,1.1878064360046385,1.2645935465881348,6
CPAY,Financials,pullback20,1552334400000,1552397400000,231.62574950408936,10,225.0970001220703,242.29600524902344,1553025600000,242.17485724639894,2R target,103.12207438934342,1.1581287475204467,1.2108742862319948,6
FICO,Information Technology,pullback20,1552334400000,1552397400000,253.47668110656736,9,244.10199584960938,270.07599182128905,1553198400000,269.9409538253784,2R target,145.82307511210576,1.1406450649795532,1.214734292214203,8
TECH,Health Care,pullback20,1553025600000,1553088600000,49.559767347335814,49,48.07800369262695,53.146498107910155,1553284800000,48.05396469078064,stop,-76.17586660613746,1.2142143000097274,1.1773221349241259,3
WAT,Health Care,pullback20,1552334400000,1552397400000,240.84036122131346,9,233.52699584960936,252.0459991455078,1553889600000,251.91997614593507,2R target,97.49911280344186,1.0837816254959105,1.133639892656708,14
TDG,Industrials,pullback20,1552334400000,1552397400000,433.28654232788085,5,418.59898681640624,461.381982421875,1554148800000,461.1512914306641,2R target,137.08765092951995,1.083216355819702,1.1528782285766603,15
EBAY,Consumer Discretionary,pullback20,1553025600000,1553088600000,36.77837832069397,67,35.54499778747559,39.52000122070312,1555075800000,36.5717051525116,SMA50 exit,-16.304330064571158,1.2320756737432481,1.2251521226091386,17
GRMN,Consumer Discretionary,pullback20,1553198400000,1553261400000,84.26211122131348,29,82.10599670410156,89.55799560546875,1555099200000,89.51321660766602,2R target,149.7623139507037,1.2218006127090455,1.2979416408111575,16
TECH,Health Care,pullback20,1553889600000,1554125400000,50.13255191802978,48,47.60025138854981,53.71199951171875,1555531200000,47.576451262855535,stop,-125.03784752470516,1.203181246032715,1.1418348303085328,13
BALL,Materials,pullback20,1555012800000,1555075800000,58.75936454200744,43,57.19599723815918,61.46800231933594,1555531200000,57.1673992395401,stop,-70.94693342739873,1.26332633765316,1.2290990836501121,4
ACGL,Financials,pullback20,1555099200000,1555335000000,32.84641683197021,77,32.05699977874756,34.55599861145019,1556026200000,32.22388167762757,SMA50 exit,-50.440413377003004,1.2645870480308532,1.2406194445886614,5
GIS,Consumer Staples,pullback20,1555531200000,1555594200000,51.615795152664184,47,50.28799934387207,54.67400131225586,1556222400000,50.26285534420014,stop,-65.98231928448635,1.2129711860876085,1.1811771005887033,5
KEYS,Information Technology,pullback20,1555963200000,1556026200000,90.89542347335815,27,87.36079635620118,97.04839630126953,1556222400000,87.31711595802308,stop,-99.02017219637052,1.227088216890335,1.1787810654333115,3
HLT,Consumer Discretionary,pullback20,1556222400000,1556285400000,87.98397244262695,27,85.29999542236328,92.29000091552734,1556740800000,92.24385591506959,2R target,112.58377807312233,1.1877836279754639,1.2452920548534394,4
BF-B,Consumer Staples,pullback20,1555531200000,1555594200000,53.01649667930603,46,51.54600143432617,55.608001708984375,1556827200000,51.52022843360901,stop,-71.23268397965983,1.2193794236240387,1.1849652539730073,10
HLT,Consumer Discretionary,pullback20,1556740800000,1556803800000,92.4962219467163,26,89.72599716186524,98.3480010986328,1557518400000,89.68113416328431,stop,-75.56058799866179,1.202450885307312,1.165854744122696,7
CSGP,Real Estate,pullback20,1554148800000,1554211800000,48.12404847335815,52,46.079302597045896,51.685400390625,1558036800000,51.659557690429686,2R target,181.25210552746134,1.251225260307312,1.3431484999511718,32
INVH,Real Estate,pullback20,1553284800000,1553520600000,24.062024236679076,101,23.329000854492186,25.40199966430664,1558359000000,25.389298664474488,target gap,131.55742540082844,1.2151322239522933,1.2821595825559617,39
AWK,Utilities,pullback20,1557518400000,1557754200000,108.08401377868651,22,105.38999633789062,114.02999725341797,1558728000000,113.97298225479128,2R target,127.11467951793658,1.1889241515655518,1.2537028048027041,10
BX,Financials,pullback20,1558123200000,1558359000000,40.55026377868652,62,38.72400054931641,44.5020034790039,1559309400000,38.55071469497681,stop gap,-126.42417352268555,1.2570581771392821,1.1950721555442814,8
CHTR,Communication Services,pullback20,1556222400000,1556285400000,368.3740974426269,6,355.9910034179687,388.2980224609375,1559568600000,376.1518263397217,SPY below SMA200,44.43279561122169,1.1051222923278807,1.128455479019165,25
VRSK,Industrials,pullback20,1556827200000,1556890200000,140.91041633605957,17,137.03400573730468,146.9820068359375,1559568600000,140.37977194976807,SPY below SMA200,-11.411921167385016,1.1977385388565063,1.1932280615730286,20
MKC,Consumer Staples,pullback20,1558036800000,1558099800000,77.5787709159851,32,75.51349868774415,82.73299713134766,1559568600000,78.17588883972168,SPY below SMA200,16.615699003479122,1.2412603346557616,1.2508142214355469,10
WRB,Financials,pullback20,1558728000000,1559050200000,27.60935403728485,91,26.91999969482422,28.906666564941407,1559568600000,27.67060220527649,SPY below SMA200,3.0583452782029523,1.2562256086964605,1.2590124003400804,4
SBAC,Real Estate,pullback20,1559246400000,1559309400000,212.3861387786865,11,204.23800354003907,229.35399475097657,1559568600000,217.44122805023196,SPY below SMA200,53.24193146944095,1.168123763282776,1.1959267542762757,1
HWM,Industrials,pullback20,1559678400000,1559741400000,17.33995302772522,144,16.58742446899414,18.70398864746094,1561147200000,18.69463665313721,2R target,192.4799516023045,1.2484766179962157,1.346013839025879,13
APD,Materials,pullback20,1559678400000,1559741400000,215.0074438934326,11,205.5709976196289,229.8079864501953,1562097600000,229.69308245697022,2R target,159.09617130398664,1.1825409414138792,1.2633119535133361,20
DIS,Communication Services,pullback20,1559678400000,1559741400000,135.47770866394043,18,130.4570068359375,143.54600830078124,1562788800000,143.47423529663087,2R target,141.42691189278264,1.2192993779754637,1.2912681176696779,25
MNST,Consumer Staples,pullback20,1561147200000,1561383000000,15.98298788166046,161,15.256999683380126,17.320999717712404,1563802200000,15.809591364383698,SMA50 exit,-30.476141910865273,1.286630524473667,1.2726721048328877,19
LDOS,Industrials,pullback20,1559678400000,1559741400000,78.50923622131347,31,75.13099899291993,83.73800201416016,1564430400000,83.69613301315309,2R target,158.27961732389383,1.2168931614303589,1.297290061703873,38
IDXX,Health Care,pullback20,1564430400000,1564493400000,283.5817224426269,9,275.91200256347656,302.906005859375,1564666200000,268.3757547607422,stop gap,-139.3375177843776,1.2761177509918211,1.20769089642334,2
DIS,Communication Services,pullback20,1562788800000,1562851800000,144.08199950408934,18,138.7729934692383,153.07399291992186,1565035200000,138.70360697250368,stop,-99.35613602683122,1.296737995536804,1.2483324627525332,18
AIG,Financials,pullback20,1559678400000,1559741400000,53.366670152664184,46,51.156002044677734,59.178001403808594,1565098200000,52.8135801525116,SMA50 exit,-27.884285764038022,1.2274334135112763,1.2147123435077667,43
CINF,Financials,pullback20,1562097600000,1562160600000,105.85290305328368,24,102.75200271606445,110.72600555419922,1565098200000,104.33780438995362,SMA50 exit,-38.8846564092404,1.2702348366394043,1.2520536526794435,23
WEC,Utilities,pullback20,1565035200000,1565098200000,87.26361122131347,29,84.32399978637696,92.44199676513672,1566417600000,92.39577576675416,2R target,146.22771070645294,1.2653223627090453,1.3397387486179353,12
TSN,Consumer Staples,pullback20,1565035200000,1565098200000,84.57226377868652,29,80.32300338745117,90.84399871826172,1566504000000,90.7985767189026,2R target,178.02019807905117,1.2262978247909546,1.3165793624240876,13
GNRC,Industrials,pullback20,1563566400000,1563802200000,71.01549335861206,36,68.19700469970704,76.93599243164063,1567085400000,76.89752443542481,target gap,209.09068444496637,1.2782788804550171,1.3841554398376466,28
WSM,Consumer Discretionary,pullback20,1566504000000,1566567000000,33.811895668029784,79,32.15949974060059,38.16100006103515,1567108800000,32.14341999073029,stop,-134.4148134751813,1.3355698788871764,1.2696650896338464,5
PODD,Health Care,pullback20,1565121600000,1565184600000,141.17055610656737,17,134.01100692749023,161.36800079345704,1567540800000,161.2873167930603,2R target,339.41403975073314,1.1999497269058228,1.3709421927410126,19
CASY,Consumer Staples,pullback20,1567108800000,1567171800000,172.52622244262693,15,165.65399627685548,183.79199829101563,1567540800000,165.57116927871706,stop,-106.86152789655809,1.293946668319702,1.241783769590378,2
EIX,Utilities,pullback20,1564603200000,1564666200000,74.43720152664184,35,71.24100112915039,81.13800048828125,1567713600000,71.20538062858581,stop,-115.66247661967749,1.3026510267162323,1.2460941610002516,25
NEE,Utilities,pullback20,1567540800000,1567603800000,56.42569783401489,47,54.70999946594238,59.74999923706055,1567713600000,54.68264446620941,stop,-84.53455433091283,1.32600389909935,1.2850421449559213,2
SBUX,Consumer Discretionary,pullback20,1566417600000,1566480600000,96.63829133605957,27,91.95999908447266,105.04000091552734,1568145600000,91.91401908493043,stop,-130.10080697117004,1.304616933036804,1.2408392576465608,13
CASY,Consumer Staples,pullback20,1567713600000,1567776600000,170.7153198852539,15,164.11100006103516,182.34800720214844,1568145600000,164.02894456100464,stop,-102.80621184708598,1.2803648991394043,1.2302170842075348,3
EIX,Utilities,pullback20,1568145600000,1568208600000,72.55625664138793,36,70.35800170898438,77.65399932861328,1568727000000,71.52421755981446,SMA50 exit,-39.74685547226665,1.3060126195449828,1.2874359160766604,4
CF,Materials,pullback20,1568145600000,1568208600000,50.80538877868652,48,48.16899871826172,56.00199890136719,1569418200000,48.975500000000004,SMA50 exit,-90.22940270764127,1.2193293306884767,1.1754120000000001,10
EW,Health Care,pullback20,1567022400000,1567085400000,72.92978010177612,33,68.96666870117187,78.96667175292968,1570023000000,71.90403244018555,SMA50 exit,-36.239430739431235,1.203341371679306,1.1864165352630613,23
UHS,Health Care,pullback20,1567540800000,1567603800000,147.24358316802977,18,140.31200561523437,157.1059997558594,1570023000000,146.16688549041749,SMA50 exit,-22.021252414947195,1.325192248512268,1.3155019694137573,20
GNRC,Industrials,pullback20,1567713600000,1567776600000,80.5802709159851,30,76.30199737548828,88.32599792480468,1570023000000,75.65215744018555,stop gap,-150.18689069932904,1.2087040637397766,1.1347823616027832,18
PEP,Consumer Staples,pullback20,1569960000000,1570023000000,136.95844438934324,18,133.87199859619142,144.3659881591797,1570046400000,133.80506259689332,stop,-59.197743826974694,1.2326259995040891,1.20424556337204,1
NOC,Industrials,pullback20,1568664000000,1568727000000,371.6257224426269,7,357.1879943847656,399.9139892578125,1570109400000,362.1588263397217,SMA50 exit,-68.83651864107459,1.3006900285491942,1.267555892189026,12
ZTS,Health Care,pullback20,1569960000000,1570023000000,124.18206274795531,20,120.5760009765625,134.2080062866211,1570109400000,121.88902194976808,SMA50 exit,-48.321526810721934,1.2418206274795531,1.218890219497681,1
STZ,Consumer Staples,pullback20,1569960000000,1570023000000,208.24406938934325,12,202.4600051879883,223.31000061035155,1570109400000,200.92948377990723,stop gap,-90.23006863224776,1.2494644163360595,1.2055769026794434,1
EIX,Utilities,pullback20,1569355200000,1569418200000,75.35765969467163,34,72.67399749755859,80.67199401855468,1570824000000,72.63766049880981,stop,-94.99589310259097,1.2810802148094176,1.2348402284797666,13
MAA,Real Estate,pullback20,1570046400000,1570109400000,130.45519438934326,19,127.20700073242188,137.17599487304688,1571774400000,137.10740687561037,2R target,123.8501925270579,1.2393243466987611,1.3025203653182984,14
TER,Information Technology,pullback20,1570132800000,1570195800000,58.909441068649286,35,55.4819995880127,64.32600173950195,1571860800000,64.2938387386322,2R target,186.2978610527747,1.0309152187013626,1.1251421779260635,14
KLAC,Information Technology,pullback20,1570132800000,1570195800000,15.771881938934325,139,14.903300094604493,17.2814001083374,1572292800000,17.272759408283232,2R target,206.3253656658665,1.0961457947559357,1.2004567788756848,17
ESS,Real Estate,pullback20,1570046400000,1570109400000,325.8228336639404,7,316.4139923095703,344.9619934082031,1572355800000,322.5486364593506,SMA50 exit,-25.188680577560294,1.1403799178237914,1.128920227607727,18
NEE,Utilities,pullback20,1571774400000,1571837400000,59.41719451332092,42,57.49975090026855,62.180502319335936,1572901200000,57.47100102481842,stop,-84.194778623406,1.2477610847797393,1.2068910215211868,9
PHM,Consumer Discretionary,pullback20,1571860800000,1571923800000,39.93995816802978,63,38.46600112915039,42.55800323486328,1572901200000,38.446768128585816,stop,-96.54015436331329,1.2581086822929382,1.211073196050453,8
DG,Consumer Staples,pullback20,1572292800000,1572355800000,162.47119438934325,15,157.38299865722655,173.15400085449218,1572901200000,157.30430715789794,stop,-79.90162473328404,1.2185339579200745,1.1797823036842348,5
VST,Utilities,pullback20,1570824000000,1571059800000,27.243614542007446,91,26.22650032043457,28.81699981689453,1573050600000,26.42678053379059,SMA50 exit,-76.7738977236826,1.2395844616613387,1.202418514287472,17
BKNG,Consumer Discretionary,pullback20,1572987600000,1573050600000,80.7827723236084,31,78.67691574096679,85.69775848388672,1573137000000,77.64915953826905,stop gap,-99.59769128937901,1.2521329710159304,1.2035619728431703,1
MPC,Energy,pullback20,1572901200000,1572964200000,68.25411122131348,27,63.8350025177002,76.15000228881836,1573678800000,63.80308501644135,stop,-121.96047968075716,0.921430501487732,0.8613416477219582,7
WMT,Consumer Staples,pullback20,1573074000000,1573137000000,40.019999999999996,62,38.96699829101563,41.565999603271486,1573765200000,41.545216603469854,2R target,92.0349077004236,1.2406199999999998,1.2879017147075653,6
T,Communication Services,pullback20,1572292800000,1572355800000,29.08553273677826,87,28.16993999481201,30.873111724853516,1574260200000,27.999588783264162,stop gap,-96.96032674184825,1.2652206740498544,1.217982112071991,16
BF-B,Consumer Staples,pullback20,1573678800000,1573741800000,64.63229847335815,35,63.060998153686526,67.88799819946288,1574456400000,67.85405420036315,2R target,110.44293927338501,1.1310652232837677,1.187445948506355,7
GEN,Information Technology,pullback20,1572901200000,1572964200000,23.761875,106,22.96099987030029,25.328000259399413,1575493200000,25.315336259269714,2R target,162.06580128584835,1.259379375,1.3417128217412948,21
STT,Financials,pullback20,1575493200000,1575556200000,75.09752755737304,33,71.96699981689453,79.7759994506836,1576184400000,79.73611145095826,2R target,150.51851344467482,1.2391092046966552,1.3156458389408112,6
PCAR,Industrials,pullback20,1574456400000,1574692200000,53.82022781181335,45,52.04533348083496,56.78933410644531,1577802600000,52.706966920852665,SMA50 exit,-52.49360197471598,1.2109551257658004,1.185906755719185,24
WY,Real Estate,pullback20,1574197200000,1574260200000,29.704845534324644,84,28.7049991607666,31.749999618530275,1578061800000,29.1554150762558,SMA50 exit,-48.6242894234273,1.2476035124416351,1.2245274332027436,29
AXON,Industrials,pullback20,1577739600000,1577802600000,73.22659744262695,35,69.92600021362304,80.67800598144531,1578085200000,69.89103721351623,stop,-119.24916662535793,1.2814654552459717,1.223093151236534,3
FTNT,Information Technology,pullback20,1576184400000,1576247400000,20.874432320594785,123,20.09119930267334,22.457598876953124,1578344400000,22.44637007751465,2R target,190.68411475365977,1.2837775877165793,1.380451759767151,15
STX,Information Technology,pullback20,1572901200000,1572964200000,58.01899667930603,43,55.46400184631348,63.31200180053711,1578407400000,58.47075,SMA50 exit,16.920863236235824,1.2474084286050795,1.257121125,42
LOW,Consumer Discretionary,pullback20,1573765200000,1573828200000,115.17756274795532,21,110.48400268554687,122.65199737548828,1578517200000,122.59067137680054,2R target,153.17871474743976,1.209364408853531,1.2872020494564058,36
DPZ,Consumer Discretionary,pullback20,1578085200000,1578321000000,294.147,8,285.5650115966797,312.88001708984376,1578949200000,285.4222290908814,stop,-72.11644418931235,1.176588,1.1416889163635255,6
LITE,Information Technology,pullback20,1578949200000,1579012200000,80.91043774795531,29,76.69029998779297,88.41939544677734,1579122000000,76.65195483779908,stop,-125.78065908702418,1.1732013473453522,1.1114533451480868,2
CDW,Information Technology,pullback20,1579122000000,1579185000000,145.5527357254028,17,140.7360092163086,152.3279998779297,1579294800000,140.66564121170043,stop,-85.51346293690582,1.2371982536659238,1.1956579502994538,2
FCX,Materials,pullback20,1578517200000,1578580200000,13.226610267162322,185,12.540000247955323,14.4600004196167,1579640400000,12.533730247831347,stop,-130.56563507386724,1.2234614497125147,1.1593700479243996,8
STT,Financials,pullback20,1578344400000,1578407400000,81.42068725204467,31,77.99200210571288,86.38599853515625,1579899600000,77.95300610466003,stop,-109.96840781595272,1.2620206524066926,1.2082715946222307,13
UNH,Health Care,pullback20,1578344400000,1578407400000,290.84536221313476,8,282.8699890136719,308.9099853515625,1580158800000,282.7285540191651,stop,-67.2287612166867,1.1633814488525391,1.1309142160766603,14
VRT,Industrials,pullback20,1579899600000,1580135400000,11.835914923667907,208,11.451099681854249,12.827800178527832,1580331600000,12.821386278438569,2R target,202.41368246727848,1.2309351520614624,1.333424172957611,3
BBY,Consumer Discretionary,pullback20,1579640400000,1579703400000,90.97546530532837,27,87.17599945068359,96.36799468994141,1580394600000,87.00647805023193,stop gap,-109.56541212290385,1.228168781621933,1.174587453678131,6
MRSH,Financials,pullback20,1579294800000,1579617000000,113.83688877868651,22,112.06500244140625,118.31999969482422,1580418000000,112.00896994018555,stop,-42.69851889292879,1.2522057765655517,1.2320986693420413,8
DXCM,Health Care,pullback20,1577998800000,1578061800000,54.22459707069397,47,51.61950149536133,61.29600067138672,1580504400000,61.26535267105103,2R target,328.20149939785114,1.2742780311613082,1.4397357877696992,20
DXCM,Health Care,pullback20,1580504400000,1580740200000,60.29012832069397,31,56.365499877929686,67.83150024414063,1581690600000,67.79758449401857,target gap,230.74578182443452,0.9344969889707565,1.0508625596572878,9
GE,Industrials,pullback20,1580331600000,1580394600000,64.27762140655517,35,60.79647712707519,71.89116134643555,1582554600000,58.23540554237366,stop gap,-213.621533217959,1.1248583746147156,1.0191195969915392,16
HPQ,Information Technology,pullback20,1580418000000,1580481000000,21.460725763320923,117,20.84600086212158,22.89800033569336,1582641000000,22.886551335525514,target gap,164.22727623765465,1.255452457154274,1.3388632531282427,16
AWK,Utilities,pullback20,1581627600000,1581690600000,137.58876427459717,18,133.71900024414063,143.4119903564453,1582664400000,133.65214074401857,stop,-73.30039169558235,1.2382988784713747,1.2028692666961671,7
PEP,Consumer Staples,pullback20,1582318800000,1582554600000,145.93293061065674,17,142.4110092163086,152.72799987792968,1582664400000,142.33980371170045,stop,-63.533475523996884,1.2404299101905822,1.2098883315494537,2
EIX,Utilities,pullback20,1580331600000,1580394600000,76.83840305328368,32,74.75100250244141,81.43800506591796,1582727400000,75.02246755981446,SMA50 exit,-60.5397097208248,1.229414448852539,1.2003594809570313,18
HPQ,Information Technology,pullback20,1582664400000,1582727400000,23.51175,107,22.395999336242674,25.258002471923827,1582813800000,22.248870228767395,stop gap,-137.57632870412775,1.257878625,1.1903145572390557,1
AEE,Utilities,pullback20,1582750800000,1582813800000,85.19257652664184,29,83.08999938964844,89.44999847412109,1582837200000,83.04845438995362,stop,-64.61903691224914,1.2352923596363066,1.2042025886543275,1
ES,Utilities,pullback20,1582750800000,1582813800000,93.45670866394042,26,90.51399993896484,99.35199737548828,1582837200000,90.46874293899536,stop,-80.07813971940962,1.2149372126312254,1.1760936582069397,1
HSY,Consumer Staples,pullback20,1582750800000,1582813800000,157.9089168319702,15,152.98400115966797,169.17201232910156,1582837200000,152.90750915908814,stop,-77.35223828816395,1.1843168762397767,1.1468063186931612,1
DGX,Health Care,pullback20,1580158800000,1580221800000,109.68481225204467,20,106.64200210571289,115.1259994506836,1582900200000,109.22535877990724,SPY below SMA200,-11.378171153068038,1.0968481225204467,1.0922535877990724,22
CME,Financials,pullback20,1582750800000,1582813800000,220.51019389343261,11,210.17799377441406,240.18399047851562,1582900200000,206.05692366027833,stop gap,-161.33209171124255,1.2128060664138793,1.1333130801315308,1
AEE,Utilities,pullback20,1583182800000,1583245800000,84.21208316802978,28,81.16399993896485,90.93199462890625,1583332200000,83.69812786483764,SPY below SMA200,-16.74149144383989,1.178969164352417,1.1717737901077272,1
NEM,Materials,pullback20,1583182800000,1583245800000,47.07352423667908,36,43.81700134277344,52.85600280761719,1583332200000,50.17490076255799,SPY below SMA200,109.89908328165457,0.8473234362602234,0.9031482137260438,1
NOW,Information Technology,pullback20,1583182800000,1583245800000,68.9124373512268,24,64.17119750976562,78.29759674072265,1583332200000,67.31432557296753,SPY below SMA200,-39.98940383331272,0.8269492482147216,0.8077719068756104,1
MSCI,Financials,pullback20,1583182800000,1583245800000,316.4281240081787,5,293.972998046875,358.6440002441406,1583332200000,314.9524303588867,SPY below SMA200,-8.956919632377652,0.7910703100204468,0.7873810758972167,1
CLX,Consumer Staples,pullback20,1583182800000,1583245800000,173.1665418319702,12,163.7969940185547,188.43599548339844,1583332200000,170.81454389953615,SPY below SMA200,-30.287861703597585,1.038999250991821,1.0248872633972168,1
NEM,Materials,pullback20,1583355600000,1583418600000,51.23560408401489,32,47.59199981689453,57.816000366210936,1583505000000,52.153910305023196,SPY below SMA200,27.731566842041243,0.8197696653442382,0.8344625648803712,1
AMT,Real Estate,pullback20,1583355600000,1583418600000,248.67427805328367,9,238.32500152587892,278.3300079345703,1583505000000,243.04841316986085,SPY below SMA200,-52.84553606130954,1.1190342512397766,1.093717859264374,1
MSCI,Financials,pullback20,1583355600000,1583418600000,314.34709744262693,6,295.89100341796876,363.62799682617185,1583505000000,290.89448854064943,stop gap,-142.53137816981481,0.9430412923278808,0.8726834656219482,1
NFLX,Communication Services,pullback20,1583355600000,1583418600000,38.119048473358156,48,35.666001892089845,43.80500106811523,1583505000000,36.75161545753479,SPY below SMA200,-67.433680693863,0.9148571633605957,0.8820387709808349,1
BALL,Materials,pullback20,1583355600000,1583418600000,77.63879847335815,28,73.52799835205079,88.62399597167969,1583505000000,75.18239122009278,SPY below SMA200,-70.91889974713862,1.086943178627014,1.052553477081299,1
VRTX,Health Care,pullback20,1590609600000,1590672600000,276.4081240081787,5,256.4920150756836,322.54599914550784,1591709400000,267.14635877990725,SMA50 exit,-47.66771234832736,0.6910203100204467,0.6678658969497681,8
GIS,Consumer Staples,pullback20,1590609600000,1590672600000,61.39068061065674,34,58.055999755859375,66.3479995727539,1591968600000,60.689641220092774,SPY below SMA200,-25.91070475029749,1.0436415703811646,1.0317239007415773,11
DG,Consumer Staples,pullback20,1590609600000,1590672600000,186.093,12,179.04800109863282,203.50398864746094,1591968600000,190.154875,SPY below SMA200,46.48501275000018,1.116558,1.1409292500000001,11
TTWO,Communication Services,pullback20,1590609600000,1590672600000,133.9869581680298,11,124.31900482177734,154.92200317382813,1591968600000,137.5212013397217,SPY below SMA200,37.3833800113184,0.7369282699241638,0.7563666073684693,11
TMO,Health Care,pullback20,1590609600000,1590672600000,341.11047244262693,5,319.94500732421875,372.1600036621094,1591968600000,342.34872901916503,SPY below SMA200,4.482634879036049,0.8527761811065673,0.8558718225479126,11
AMZN,Consumer Discretionary,pullback20,1591646400000,1591709400000,126.53523612213134,18,120.9847038269043,136.6396011352539,1591968600000,129.9954708480835,SPY below SMA200,59.975448704406986,1.138817125099182,1.1699592376327514,3
CLX,Consumer Staples,pullback20,1591992000000,1592227800000,207.5036938934326,9,195.53099365234374,224.297998046875,1593437400000,215.89200000000002,SPY below SMA200,73.58947433658639,0.9337666225204467,0.9715140000000001,10
DHR,Health Care,pullback20,1591992000000,1592227800000,147.67131768035887,16,141.9911346435547,163.83689880371094,1593437400000,153.58451576232912,SPY below SMA200,92.2011226439825,1.181370541442871,1.228676126098633,10
EQIX,Real Estate,pullback20,1591992000000,1592227800000,669.6246230163574,3,633.2420227050782,763.4359985351563,1593437400000,692.4535877990724,SPY below SMA200,66.44377703192166,1.004436934524536,1.0386803816986085,10
TSCO,Consumer Discretionary,pullback20,1592251200000,1592314200000,24.592289923667906,66,22.798200798034667,27.28560028076172,1593437400000,25.987000000000002,SPY below SMA200,90.38174847043729,0.8115455674810409,0.8575710000000001,9
NVDA,Information Technology,pullback20,1592251200000,1592314200000,9.229612881660461,150,8.440349960327149,10.640549850463866,1593437400000,9.165165338516235,SPY below SMA200,-11.046739838147145,0.6922209661245347,0.6873874003887177,9
CDNS,Information Technology,pullback20,1593460800000,1593523800000,94.49722194671631,21,88.90500030517578,104.27999572753906,1595275200000,104.2278557296753,2R target,202.25669612653667,0.9922208304405212,1.0943924851615907,14
CMG,Consumer Discretionary,pullback20,1593460800000,1593523800000,20.990489542007445,88,19.63844108581543,23.480119705200195,1595338200000,23.468379645347596,target gap,216.09813884968966,0.9235815398483276,1.0326087043952943,14
LOW,Consumer Discretionary,pullback20,1593460800000,1593523800000,134.3671530532837,14,126.1330062866211,148.29400024414062,1595448000000,148.21985324401857,2R target,191.9596936262072,0.9405700713729859,1.03753897270813,16
MAS,Industrials,pullback20,1593460800000,1593523800000,48.87442347335815,43,46.13900184631348,54.36199951171875,1595448000000,54.334818511962894,2R target,232.5779879573196,1.0508001046772002,1.1681985980072023,16
NOW,Information Technology,pullback20,1595275200000,1595338200000,89.49072214508057,21,83.5839973449707,102.393994140625,1595620800000,83.54220534629822,stop,-126.73569851308883,0.9396525825233459,0.8771931561361312,4
BR,Industrials,pullback20,1593460800000,1593523800000,125.58275664138793,19,119.88499755859375,137.5399948120117,1596657600000,137.4712248146057,2R target,223.3818824673058,1.1930361880931852,1.305976635738754,26
PYPL,Financials,pullback20,1595275200000,1595338200000,179.33962499999998,10,166.9495056152344,202.5610107421875,1596657600000,202.45973023681643,2R target,229.29205559198033,0.8966981249999999,1.0122986511840821,12
NVDA,Information Technology,pullback20,1595620800000,1595856600000,10.237366338729858,166,9.474149894714355,11.635200119018554,1597348800000,11.629382518959046,2R target,229.25974576285702,0.8497014061145783,0.9652387490736009,14
WSM,Consumer Discretionary,pullback20,1595448000000,1595511000000,42.946461736679076,61,40.90999794006348,48.35000228881836,1597694400000,48.32582728767395,2R target,325.35749379544467,1.309867082968712,1.4739377322740557,18
ALGN,Health Care,pullback20,1597348800000,1597411800000,311.1655147705078,6,291.17200622558596,354.3159912109375,1598385600000,291.0264202224732,stop,-122.64114309318667,0.9334965443115234,0.8730792606674195,8
TER,Information Technology,pullback20,1597694400000,1597757400000,92.52624335861205,20,85.88400268554688,104.17200469970703,1598558400000,85.84106068420411,stop,-135.48732652858695,0.9252624335861206,0.8584106068420411,8
DECK,Consumer Discretionary,pullback20,1595448000000,1595511000000,34.11038086509704,58,31.923998641967774,39.37200012207031,1598967000000,33.973006677627566,SMA50 exit,-9.94212111196861,0.9892010450878143,0.9852171936511994,28
FCX,Materials,pullback20,1596657600000,1596720600000,13.996994771003722,124,12.916000175476075,16.078000450134276,1598990400000,16.06996144990921,2R target,255.1837168985841,0.8678136758022308,0.9963376098943711,19
ISRG,Health Care,pullback20,1598558400000,1598621400000,237.8988887786865,11,228.65500183105468,252.07999572753906,1599076800000,251.9539557296753,2R target,151.9115458160807,1.3084438882827758,1.3857467565132142,4
GLW,Information Technology,pullback20,1598990400000,1599053400000,33.0165,85,31.69999828338623,35.14999885559082,1599163200000,31.68414828424454,stop,-115.99967339129459,1.4032012500000002,1.346576302080393,2
CHD,Consumer Staples,pullback20,1599076800000,1599139800000,97.98897244262695,29,94.96600112915038,104.54800872802734,1599163200000,94.91851812858582,stop,-91.84033372047533,1.4208401004180908,1.3763185128644944,1
WST,Health Care,pullback20,1598385600000,1598448600000,273.10648622131345,10,262.5480072021484,298.70400390625,1599249600000,262.4167331985474,stop,-109.57514632476,1.3655324311065673,1.3120836659927368,8
AMP,Financials,pullback20,1596657600000,1596720600000,155.13752755737303,17,147.87999420166017,172.75000610351563,1599658200000,150.89451622009278,SMA50 exit,-74.73246510587273,1.3186689842376709,1.2826033878707885,23
LLY,Health Care,pullback20,1599249600000,1599571800000,151.0254719467163,18,145.4990020751953,161.7320068359375,1599658200000,150.54468511962892,SMA50 exit,-11.368294301169788,1.3592292475204468,1.3549021660766603,1
ROL,Industrials,pullback20,1598904000000,1598967000000,36.79172117042541,76,35.580665588378906,39.1186637878418,1600349400000,35.42894338417054,stop gap,-106.31549700844506,1.3980854044761657,1.3462998485984803,11
HCA,Health Care,pullback20,1600286400000,1600349400000,136.34813877868652,20,130.5539978027344,152.92198791503907,1600695000000,125.85703816986084,stop gap,-212.44406394599898,1.363481387786865,1.2585703816986085,2
NKE,Consumer Discretionary,pullback20,1599595200000,1599658200000,113.07650664138794,23,108.23400192260742,121.69199981689454,1600867800000,121.6311538169861,target gap,194.05774694348642,1.3003798263759614,1.3987582688953402,10
WST,Health Care,pullback20,1600459200000,1600695000000,275.4176387786865,8,259.6280044555664,313.93402404785155,1600954200000,266.86650000000003,SMA50 exit,-70.57824678460669,1.101670555114746,1.0674660000000002,3
TGT,Consumer Staples,pullback20,1599249600000,1599571800000,146.75333267211914,18,140.2249954223633,161.23999633789063,1601928000000,161.1593763397217,2R target,256.53757163573925,1.3207799940490723,1.4504343870574954,20
MCD,Consumer Discretionary,pullback20,1599595200000,1599658200000,215.1075,12,206.74499969482423,227.25000610351563,1602014400000,227.1363811004639,2R target,141.69310991896407,1.290645,1.3628182866027834,20
UPS,Industrials,pullback20,1599249600000,1599571800000,160.11001377868652,17,153.08500061035156,176.1699951171875,1602532800000,176.08191011962893,2R target,268.6646064428852,1.3609351171188355,1.4966962360168459,25
FDX,Industrials,pullback20,1600804800000,1600867800000,197.51208254241942,9,183.02740173339845,222.39000549316407,1602705600000,222.2788104904175,2R target,221.01149251333493,0.8888043714408874,1.0002546472068787,16
ZTS,Health Care,pullback20,1602532800000,1602595800000,167.92391633605956,17,161.97099914550782,181.7080108642578,1602792000000,161.89001364593508,stop,-105.37976413696308,1.4273532888565061,1.3760651159904482,3
AES,Utilities,pullback20,1600977600000,1601040600000,18.019005228996274,116,16.886999130249023,20.105998992919922,1603200600000,20.095945993423463,target gap,238.71446150265353,1.0451023032817839,1.1655648676185608,17
AIZ,Financials,pullback20,1602792000000,1602855000000,123.5117219467163,22,117.20900268554688,134.94200286865234,1603200600000,122.73860305023194,SMA50 exit,-19.717369297622405,1.3586289414138795,1.3501246335525514,2
GDDY,Information Technology,pullback20,1603137600000,1603200600000,78.22909744262695,26,72.82609558105469,86.81780242919922,1603287000000,78.18089122009278,SMA50 exit,-3.2866916385039424,1.0169782667541505,1.0163515858612062,1
UPS,Industrials,pullback20,1603224000000,1603287000000,176.51820767211913,15,167.24300384521484,190.1540069580078,1603742400000,167.15938234329224,stop,-142.95996185751903,1.3238865575408936,1.2536953675746918,4
WY,Real Estate,pullback20,1601928000000,1601991000000,30.014999999999997,67,27.950999450683593,33.2879997253418,1603805400000,28.355815838813783,SMA50 exit,-113.12076113007663,1.0055025,0.9499198306002617,15
DRI,Consumer Discretionary,pullback20,1602705600000,1602768600000,98.15905561065674,23,92.27000350952149,113.1500030517578,1603915200000,92.22386850776674,stop,-138.69870699383185,1.1288291395225525,1.0605744878393175,10
NKE,Consumer Discretionary,pullback20,1603224000000,1603287000000,128.56425,22,122.28100357055663,140.90800933837892,1603915200000,122.21986306877136,stop,-142.33513773078627,1.41420675,1.3444184937564851,6
WST,Health Care,pullback20,1602014400000,1602077400000,292.0959872131348,7,274.29798278808596,322.393994140625,1604001600000,274.1608337966919,stop,-127.52797278863441,1.0223359552459717,0.9595629182884218,17
XEL,Utilities,pullback20,1603742400000,1603805400000,72.00598622131348,39,69.10300216674804,76.86400299072265,1604001600000,69.06845066566467,stop,-117.31483818959956,1.4041167313156129,1.346834787980461,3
VEEV,Health Care,pullback20,1603742400000,1603805400000,300.960402557373,5,277.29798583984376,336.014013671875,1604088000000,277.15933684692385,stop,-120.45062790075656,0.7524010063934325,0.6928983421173097,4
MLM,Materials,pullback20,1604088000000,1604327400000,269.97491633605955,5,247.20701751708984,304.6359832763672,1604523600000,247.08341400833132,stop,-115.75015746450214,0.6749372908401489,0.6177085350208283,3
AXON,Industrials,pullback20,1603915200000,1603978200000,102.90142347335815,16,94.76199874877929,116.4760025024414,1604696400000,116.41776450119019,2R target,214.50690294151627,0.8232113877868652,0.9313421160095215,7
EXR,Real Estate,pullback20,1604523600000,1604586600000,117.51872908401488,23,112.78199768066406,126.48600006103516,1604696400000,112.72560668182373,stop,-112.88962511170347,1.3514653844661713,1.2963444768409729,2
APTV,Consumer Discretionary,pullback20,1604001600000,1604064600000,98.01898622131347,21,91.8609992980957,111.23800048828124,1604932200000,111.18238148803711,target gap,274.23468624024827,1.0291993553237915,1.1674150056243895,6
CMG,Consumer Discretionary,pullback20,1604696400000,1604932200000,26.51645213127136,82,24.82855930328369,29.913079452514648,1605018600000,25.426279676437378,SMA50 exit,-91.52379330050265,1.087174537382126,1.0424774667339325,1
GM,Consumer Discretionary,pullback20,1604001600000,1604064600000,34.477229084014894,64,32.433999633789064,39.801998901367185,1605042000000,39.7820979019165,2R target,337.13530588215303,1.1032713306884767,1.273027132861328,8
MRVL,Information Technology,pullback20,1604696400000,1604932200000,45.63280561065674,35,41.688999557495116,52.01200408935547,1605042000000,41.66815505771637,stop,-140.29053616460945,0.7985740981864929,0.7291927135100364,2
PSA,Real Estate,pullback20,1605042000000,1605105000000,235.46768110656737,10,222.2769973754883,257.56598510742185,1605882600000,228.89548950958252,SMA50 exit,-68.04373182292926,1.1773384055328369,1.1444774475479125,7
GNRC,Industrials,pullback20,1603915200000,1603978200000,219.0094438934326,7,202.01199951171876,247.30600280761718,1607092200000,207.89600000000002,SMA50 exit,-79.28827630765514,0.7665330536270142,0.7276360000000001,25
PODD,Health Care,pullback20,1604696400000,1604932200000,258.68927755737303,6,236.59900970458983,297.83200988769534,1607524200000,245.2373206100464,SMA50 exit,-82.22352147846206,0.7760678326721191,0.7357119618301392,21
ADM,Consumer Staples,pullback20,1605042000000,1605105000000,50.52525,39,47.03800277709961,56.3739990234375,1607697000000,48.90553530502319,SMA50 exit,-65.10777341754341,0.985242375,0.9536579384479522,21
TYL,Information Technology,pullback20,1605819600000,1605882600000,414.207,5,391.7070037841797,459.72600708007815,1608152400000,459.49614407653814,2R target,224.26146252249941,1.0355174999999999,1.1487403601913455,18
AXON,Industrials,pullback20,1607461200000,1607524200000,125.28261122131347,18,118.00699920654297,140.6659942626953,1609794000000,117.94799570693971,stop,-134.21215472108207,1.1275435009918213,1.0615319613624574,17
SCHW,Financials,pullback20,1608152400000,1608215400000,51.72585076332092,50,49.09299926757812,56.85400238037109,1609966800000,56.82557537918091,2R target,252.272445139437,1.293146269083023,1.4206393844795229,13
WAT,Health Care,pullback20,1609794000000,1609857000000,250.125,10,240.92499542236328,268.59999084472656,1610485200000,268.4656908493042,2R target,180.8139550387957,1.250625,1.3423284542465213,6
PWR,Industrials,pullback20,1607029200000,1607092200000,69.61479183197021,28,64.95699996948242,78.19600830078124,1611090000000,78.15691029663085,2R target,237.11051318069767,0.9746070856475829,1.094196744152832,30
BKR,Energy,pullback20,1610485200000,1610548200000,23.011499999999998,95,21.513001441955566,26.0939998626709,1611608400000,21.50224494123459,stop,-145.4936334674224,1.09304625,1.0213566347086431,8
CB,Financials,pullback20,1607634000000,1607697000000,152.54623622131348,18,146.95499114990236,167.12999572753907,1611757800000,147.93598950958253,SMA50 exit,-85.6887808427352,1.3729161259918212,1.3314239055862427,30
SCHW,Financials,pullback20,1609966800000,1610029800000,57.91894438934326,47,54.93799934387207,62.354000854492185,1611781200000,54.91053034420014,stop,-144.0469527779649,1.3610951931495665,1.2903974630887032,14
GRMN,Consumer Discretionary,pullback20,1611090000000,1611153000000,122.95144438934325,23,118.81800231933593,130.4340026855469,1611781200000,118.75859331817627,stop,-99.21524007047712,1.4139416104774474,1.365723823159027,6
SYK,Health Care,pullback20,1604955600000,1605018600000,232.77633366394042,10,219.24600372314453,264.5580108642578,1611844200000,232.37376049041748,SMA50 exit,-6.351482206001174,1.1638816683197022,1.1618688024520876,53
HPE,Information Technology,pullback20,1611781200000,1611844200000,13.10655038166046,175,12.323499774932861,14.562999534606934,1611954000000,12.317338025045395,stop,-140.33675264322324,1.1468231583952901,1.077767077191472,2
GE,Industrials,pullback20,1611781200000,1611844200000,56.8974148979187,30,52.36332244873047,65.43172225952148,1612189800000,54.10064076805115,SMA50 exit,-85.56819473101606,0.8534612234687805,0.8115096115207673,2
NWS,Communication Services,pullback20,1611694800000,1611757800000,18.86943061065674,134,17.85499973297119,20.54000053405762,1612535400000,20.52973053379059,target gap,219.84044590325823,1.2642518509140015,1.3754919457639696,7
NWSA,Communication Services,pullback20,1611781200000,1611844200000,19.72985931301117,115,18.540999984741212,21.657999801635743,1612535400000,21.647170801734926,target gap,218.11164197163427,1.1344669104981422,1.2447123210997584,6
LH,Health Care,pullback20,1611954000000,1612189800000,197.4182551345825,12,186.8350616455078,216.3041198730469,1613595600000,216.19596781311037,2R target,222.85086680464835,1.1845095308074949,1.297175806878662,12
NRG,Utilities,pullback20,1611954000000,1612189800000,41.69083316802978,43,38.6189998626709,46.991999816894534,1613682000000,38.599690362739565,stop,-134.64538688339093,0.8963529131126403,0.8298933427989007,13
NTAP,Information Technology,pullback20,1611608400000,1611671400000,65.88292347335815,43,62.76400260925293,71.42199935913087,1613768400000,71.3862883594513,2R target,233.69340204760013,1.4164828546772001,1.534805199728203,18
ICE,Financials,pullback20,1613682000000,1613745000000,114.21708366394043,25,108.93400115966797,123.71199951171874,1614090600000,111.24435305023194,SMA50 exit,-77.13653330163946,1.4277135457992554,1.390554413127899,2
PTC,Information Technology,pullback20,1613768400000,1614004200000,144.51222244262695,18,137.04099731445314,166.10799255371094,1614114000000,136.97247681579591,stop,-138.24878357628444,1.3006100019836426,1.2327522913421634,2
GS,Financials,pullback20,1612472400000,1612535400000,295.1475,7,277.047998046875,327.15400390625,1614200400000,326.9904269042969,2R target,220.72300558591337,1.03301625,1.1444664941650393,13
HPQ,Information Technology,pullback20,1612472400000,1612535400000,26.012999999999998,108,24.75200023651123,28.346001815795898,1614286800000,28.331828814888002,2R target,247.4988912519005,1.4047020000000001,1.529918756003952,14
DIS,Communication Services,pullback20,1614114000000,1614177000000,197.67879183197022,11,185.23099212646486,220.8080047607422,1614891600000,185.13837663040164,stop,-140.0500616437974,1.0872333550758362,1.0182610714672091,7
MU,Information Technology,pullback20,1614200400000,1614263400000,91.56575664138794,25,85.83699798583984,105.88599395751953,1614891600000,85.79407948684693,stop,-146.50892681512818,1.1445719580173492,1.0724259935855867,6
HCA,Health Care,pullback20,1614891600000,1614954600000,177.82887549591064,13,167.70499420166016,193.61000061035156,1615323600000,193.5131956100464,2R target,201.48243802157631,1.1558876907234192,1.2578357714653017,3
IVZ,Financials,pullback20,1614027600000,1614090600000,22.65131938934326,106,21.326999282836915,25.536000061035157,1615496400000,25.52323206100464,2R target,301.8694919692379,1.2005199276351928,1.352731299233246,13
LLY,Health Care,pullback20,1613595600000,1613658600000,205.40265305328367,14,195.66601104736327,228.047998046875,1615815000000,192.91348950958252,stop gap,-177.6365026097562,1.4378185713729856,1.3503944265670775,17
AES,Utilities,pullback20,1615582800000,1615815000000,28.394189160346983,74,26.41000118255615,32.52999992370606,1616011200000,26.396796181964874,stop,-149.83434685794163,1.0505849989328384,0.9766814587327003,3
MMM,Industrials,pullback20,1614286800000,1614349800000,150.1084639892578,19,144.02342071533204,160.3478271484375,1616097600000,160.26765323486327,2R target,190.0760225528746,1.4260304078979493,1.522542705731201,15
IBKR,Financials,pullback20,1615323600000,1615386600000,20.002496555328367,86,18.298498916625977,22.563000106811522,1616702400000,18.289349667167667,stop,-148.97718176938756,0.8601073518791198,0.7864420356882097,12
KKR,Financials,pullback20,1615496400000,1615559400000,48.12404847335815,62,46.077000045776366,52.47599716186524,1618344000000,52.449759163284305,2R target,265.07627473868564,1.4918455026741027,1.6259425340618134,22
AVY,Materials,pullback20,1616097600000,1616160600000,180.4901938934326,15,171.1070068359375,202.49600830078126,1619208000000,202.39476029663086,2R target,325.6968588915484,1.3536764542007445,1.5179607022247315,25
REG,Real Estate,pullback20,1618344000000,1618407000000,59.099534694671625,51,56.549001693725586,64.5620002746582,1620072000000,64.52971927452087,2R target,273.7868675960972,1.5070381347141266,1.6455078415002822,14
HPE,Information Technology,pullback20,1619208000000,1619443800000,16.39819438934326,191,15.771299839019775,17.717400550842285,1620158400000,15.763414189100267,stop,-124.314451865653,1.5660275641822814,1.5054060550590755,7
NWSA,Communication Services,pullback20,1616702400000,1616765400000,26.32315446567535,73,24.354999351501466,29.919998550415038,1620221400000,25.75711545753479,SMA50 exit,-43.22177744645807,0.9607951379971503,0.9401347142000199,27
WELL,Real Estate,pullback20,1614891600000,1614954600000,70.0750209159851,30,65.46100463867188,78.26800079345703,1620307800000,72.77359255981446,SMA50 exit,78.81442011274362,1.0511253137397767,1.091603888397217,43
J,Industrials,pullback20,1620072000000,1620135000000,111.84526999282836,28,108.45678405761718,119.9186004638672,1620676800000,119.85864116363527,2R target,221.13053802640286,1.5658337798995972,1.6780209762908938,5
SNA,Industrials,pullback20,1620158400000,1620221400000,242.98143061065673,12,234.76300201416015,259.5340087890625,1620676800000,259.404241784668,2R target,194.05942005376315,1.4578885836639404,1.556425450708008,4
IFF,Materials,pullback20,1616011200000,1616074200000,137.67880561065672,21,130.8380043029785,151.87400970458984,1620826200000,138.32080438995362,SMA50 exit,10.583978460228455,1.4456274589118958,1.452368446094513,38
WRB,Financials,pullback20,1620158400000,1620221400000,35.85347380828857,87,34.74844474792481,38.156446075439455,1620849600000,34.73107052555085,stop,-100.7195132767038,1.5596261106605527,1.510801567861462,6
HPQ,Information Technology,pullback20,1620244800000,1620307800000,34.437208168029784,90,33.13900146484375,37.07199935913086,1620849600000,33.12243196411133,stop,-121.37004215860735,1.5496743675613402,1.49050943838501,5
LNT,Utilities,pullback20,1620676800000,1620739800000,58.00898954200744,54,56.183000564575195,61.48400115966797,1620849600000,56.15490906429291,stop,-103.20277105895487,1.566242717634201,1.5161825447359085,2
FOX,Communication Services,pullback20,1620763200000,1620826200000,37.428704847335815,83,35.68969917297363,40.79059982299805,1620912600000,36.44176908493042,SMA50 exit,-84.9812929478368,1.5532912511644363,1.5123334170246125,1
AZO,Consumer Discretionary,pullback20,1620676800000,1620739800000,1514.6469596557617,2,1467.7739501953124,1623.3120849609375,1621454400000,1467.0400632202147,stop,-98.19547989397,1.5146469596557617,1.4670400632202147,7
GEN,Information Technology,pullback20,1620849600000,1620912600000,25.29264068698883,101,23.8100004196167,27.470001220703125,1621886400000,27.456266220092775,2R target,215.86235904469098,1.2772783546929358,1.3865414441146853,8
PSA,Real Estate,pullback20,1621454400000,1621517400000,276.0379438934326,11,267.702001953125,294.2160217285156,1623268800000,294.06891371765136,2R target,195.2050803495452,1.5182086914138795,1.6173790254470826,14
SNA,Industrials,pullback20,1621886400000,1621949400000,253.4066387786865,12,242.9770080566406,274.1859985351563,1623355200000,242.8555195526123,stop,-129.59100366287825,1.520439832672119,1.4571331173156736,12
MOS,Materials,pullback20,1620849600000,1620912600000,35.317649236679074,52,32.448000526428224,40.85399894714355,1623418200000,34.8225801525116,SMA50 exit,-27.56723834082769,0.918258880153656,0.9053870839653017,20
MRSH,Financials,pullback20,1623355200000,1623418200000,138.97945866394042,22,135.35601043701172,144.75799560546875,1624046400000,135.2883324317932,stop,-84.22172280929175,1.5287740453033445,1.4881716567497254,6
CME,Financials,pullback20,1620849600000,1620912600000,214.107,14,206.3790084838867,229.4520050048828,1624282200000,213.14337500000002,SMA50 exit,-16.481502624999706,1.498749,1.4920036250000002,26
PFE,Health Care,pullback20,1620849600000,1620912600000,39.519749999999995,77,38.08199920654297,42.90599746704102,1624282200000,38.86056106758118,SMA50 exit,-53.775189772350586,1.5215103749999999,1.4961316011018755,26
LEN,Consumer Discretionary,pullback20,1624046400000,1624282200000,95.45912844085693,27,89.98935165405274,105.12294311523438,1624368600000,94.56063670349121,SMA50 exit,-26.824543738323054,1.2886982339515685,1.2765685954971313,1
MA,Financials,pullback20,1624046400000,1624282200000,368.80430511474606,8,355.00201110839845,392.2560180664062,1624973400000,368.8255047607422,SMA50 exit,-2.7809220715327667,1.4752172204589842,1.4753020190429689,6
NOC,Industrials,pullback20,1623268800000,1623331800000,375.1875,8,360.9720062255859,395.856005859375,1624996800000,360.79152022247314,stop,-118.11175430110478,1.50075,1.4431660808898925,14
TGT,Consumer Staples,pullback20,1624305600000,1624368600000,234.60725049591062,13,227.68700408935547,245.93600463867188,1625256000000,245.81303663635256,2R target,142.55248795938556,1.524947128223419,1.5977847381362917,9
CPRT,Industrials,pullback20,1624046400000,1624282200000,32.19609030532837,95,30.91574897766113,34.273501586914065,1625664600000,34.25636483612061,target gap,192.56958880604415,1.5293142895030976,1.627177329715729,11
CPT,Real Estate,pullback20,1625256000000,1625578200000,134.2670969467163,23,130.35799560546874,141.9739959716797,1626120000000,141.90300897369386,2R target,172.45002040239928,1.5440716148872373,1.6318846031974794,5
BLK,Financials,pullback20,1624910400000,1624973400000,881.3704576721191,3,851.9069946289062,932.4059814453125,1626724800000,851.4810411315918,stop,-92.26752686978728,1.3220556865081785,1.2772215616973877,14
OTIS,Industrials,pullback20,1624996800000,1625059800000,81.89092347335814,37,79.75030136108398,86.7394027709961,1626897600000,86.6960330696106,2R target,174.67019636529625,1.5149820842571258,1.6038766117877963,15
BX,Financials,pullback20,1626120000000,1626183000000,102.19106938934326,31,98.12499923706055,109.54000244140624,1626984000000,109.48523244018554,2R target,222.83807189775317,1.5839615755348204,1.6970211028228759,8
LLY,Health Care,pullback20,1626724800000,1626787800000,235.11749999999998,13,225.06800231933593,252.28399353027345,1628020800000,252.15785153350834,2R target,218.35728015064083,1.5282637499999998,1.6390260349678043,11
DPZ,Consumer Discretionary,pullback20,1626984000000,1627047000000,542.2609852294921,5,516.4260101318359,583.6080017089844,1628712000000,516.1677971267701,stop,-133.1120124695008,1.3556524630737303,1.2904194928169253,14
IQV,Health Care,pullback20,1623355200000,1623418200000,243.1215,12,233.88800659179688,260.6239959716797,1628775000000,244.84751622009279,SMA50 exit,17.7843805437929,1.4587290000000002,1.4690850973205567,43
PSA,Real Estate,pullback20,1625601600000,1625664600000,308.25405610656736,10,300.24500732421876,323.3299926757812,1629403200000,323.16832767944334,2R target,145.98560380982968,1.5412702805328369,1.6158416383972167,32
INTU,Information Technology,pullback20,1626897600000,1626960600000,516.3680403442382,6,499.16600341796874,545.0180297851563,1629403200000,544.7455207702637,2R target,167.08154187280948,1.5491041210327148,1.6342365623107913,21
ADBE,Information Technology,pullback20,1628020800000,1628083800000,622.7812056884766,5,601.0380310058594,661.7640258789063,1630094400000,661.4331438659668,2R target,190.04915501356516,1.5569530142211916,1.6535828596649171,18
AXON,Industrials,pullback20,1628712000000,1628775000000,183.6217637786865,14,172.50699615478516,208.9359893798828,1630589400000,181.52918511962892,SMA50 exit,-31.852157869094324,1.2853523464508054,1.2707042958374024,15
SNPS,Information Technology,pullback20,1629403200000,1629466200000,315.4976663360596,10,304.7929962158203,338.38397827148435,1630699200000,338.21478628234865,2R target,223.9026371997987,1.577488331680298,1.6910739314117431,11
RVTY,Health Care,pullback20,1630526400000,1630589400000,189.19455610656738,18,180.172998046875,203.68398742675782,1631563200000,180.08291154785158,stop,-167.33309926577408,1.7027510049591066,1.6207462039306644,7
IDXX,Health Care,pullback20,1630699200000,1631021400000,684.3819980163573,5,660.8600219726562,743.2700073242188,1631563200000,660.5295919616699,stop,-122.62430924838225,1.7109549950408933,1.6513239799041748,5
GOOGL,Communication Services,pullback20,1631563200000,1631626200000,143.06699640655518,23,138.3264587402344,150.34459533691407,1632144600000,138.0924182739258,stop gap,-117.64863031930116,1.6452704586753846,1.5880628101501468,4
APH,Information Technology,pullback20,1631563200000,1631626200000,19.059524236679078,175,18.546249771118163,19.847499084472656,1632168000000,18.536976646232606,stop,-94.73552215538732,1.6677083707094194,1.621985456545353,5
SBAC,Real Estate,pullback20,1628712000000,1628775000000,346.48315255737305,9,333.9859893798828,371.49799194335935,1632749400000,344.44768511962894,SMA50 exit,-21.428395709243436,1.5591741865081787,1.5500145830383303,31
MSCI,Financials,pullback20,1630094400000,1630330200000,631.3154999999999,5,604.4770324707031,679.816015625,1632859200000,604.1747939544678,stop,-138.79225596254702,1.5782887499999998,1.5104369848861694,21
COST,Consumer Staples,pullback20,1632513600000,1632749400000,465.7827627868652,7,454.3260040283203,494.5979919433594,1632859200000,454.09884102630616,stop,-85.00703793725931,1.6302396697540282,1.5893459435920716,2
CMG,Consumer Discretionary,pullback20,1629403200000,1629466200000,37.5747777557373,88,36.20429878234863,39.83579864501953,1632922200000,37.12142938995362,SMA50 exit,-43.18128930337446,1.6532902212524414,1.6333428931579592,27
IT,Information Technology,pullback20,1632168000000,1632231000000,314.21702755737306,10,300.0539947509766,335.2320068359375,1633377600000,299.90396775360114,stop,-146.20120301427409,1.5710851377868653,1.4995198387680058,10
NDSN,Industrials,pullback20,1632945600000,1633008600000,244.18202755737303,13,235.2100051879883,258.31000061035155,1633550400000,235.0924001853943,stop,-121.28043961605157,1.5871831791229247,1.528100601205063,5
NFLX,Communication Services,pullback20,1631908800000,1632144600000,58.70834035491943,55,56.37780075073242,64.04940261840821,1633613400000,64.01737791709901,target gap,288.6221086673965,1.6144793597602842,1.760477892720223,13
TSN,Consumer Staples,pullback20,1632859200000,1632922200000,78.21909030532836,40,75.23800430297851,82.9240005493164,1635192000000,82.88253854904175,2R target,183.3158971714482,1.5643818061065673,1.6576507709808352,19
FLEX,Information Technology,pullback20,1635192000000,1635255000000,14.400565405368804,185,13.519969749450684,15.778447532653809,1635427800000,12.819510004520417,stop gap,-295.01310613236626,1.3320522999966142,1.1858046754181386,2
BALL,Materials,pullback20,1635364800000,1635427800000,91.75585408401489,35,87.7699966430664,98.80999755859375,1635514200000,91.43426335525513,SMA50 exit,-14.461502561778783,1.6057274464702604,1.6000996087169648,1
AIG,Financials,pullback20,1633377600000,1633440600000,56.30813877868652,53,53.42599983215332,60.60799942016602,1635537600000,60.57769542045594,2R target,223.18902740750195,1.4921656776351926,1.6053089286420823,19
CBRE,Real Estate,pullback20,1632945600000,1633008600000,99.20958366394042,32,94.7990005493164,106.23200073242188,1636056000000,106.17888473205568,2R target,219.73141868535228,1.5873533386230467,1.698862155712891,26
LYV,Communication Services,pullback20,1635537600000,1635773400000,101.90092347335815,31,96.80700378417968,109.83599700927735,1636119000000,109.78107901077271,target gap,241.0037506213475,1.5794643138370514,1.701606724666977,4
NOW,Information Technology,pullback20,1636056000000,1636119000000,140.47019389343262,23,133.58539276123048,153.86719360351563,1636578000000,133.51860006484986,stop,-163.0375291879237,1.6154072297744753,1.5354639007457733,4
HIG,Financials,pullback20,1633550400000,1633613400000,73.16656225204467,42,69.43100204467774,78.42799682617188,1637159400000,71.05445133972168,SMA50 exit,-91.73729960299266,1.536497807292938,1.4921434781341552,29
PANW,Information Technology,pullback20,1633550400000,1633613400000,81.31063164138793,36,76.9536636352539,89.15767517089844,1637332200000,89.113096333313,target gap,277.8211018057578,1.4635913695449827,1.604035733999634,31
VRSK,Industrials,pullback20,1636056000000,1636119000000,217.5887357254028,15,209.74400634765624,230.31200561523437,1637355600000,230.19684961242677,2R target,185.7633164153257,1.6319155179405211,1.7264763720932008,11
P,Information Technology,pullback20,1637269200000,1637332200000,28.134060839653014,112,26.667200088500977,31.2356014251709,1637787600000,31.219983624458315,2R target,342.2995254082036,1.5755074070205688,1.7483190829696658,4
KEY,Financials,pullback20,1636578000000,1636641000000,23.871930610656737,139,22.948999977111818,25.801998901367188,1637960400000,22.937525477123263,stop,-133.13557075925362,1.6590991774406432,1.5941580206600667,11
PCG,Utilities,pullback20,1637355600000,1637591400000,12.386190114498138,243,11.709000301361083,13.721999740600586,1638478800000,11.703145801210404,stop,-168.90662244267799,1.5049220989115237,1.4219322148470641,8
HD,Consumer Discretionary,pullback20,1637096400000,1637159400000,393.02640156555174,8,379.9849853515625,417.0199890136719,1638824400000,416.81147901916506,2R target,187.04126810656774,1.572105606262207,1.6672459160766604,13
DVN,Energy,pullback20,1635451200000,1635514200000,40.3101459159851,55,37.40500030517578,46.689999389648435,1639492200000,40.37980152511597,SMA50 exit,1.6120849475675327,1.1085290126895904,1.1104445419406894,31
TSCO,Consumer Discretionary,pullback20,1637960400000,1638196200000,45.79088555717468,75,43.81320037841797,49.38960189819336,1640034000000,43.79129377822876,stop,-153.3287151460216,1.7171582083940506,1.6421735166835787,16
PAYX,Industrials,pullback20,1639429200000,1639492200000,123.53173622131347,27,119.88200225830079,133.43600006103514,1640206800000,133.36928206100464,2R target,262.1455739248504,1.667678438987732,1.8004853078235628,7
PCG,Utilities,pullback20,1638824400000,1638887400000,12.596295152664183,194,11.718000030517578,14.183999824523926,1640701800000,11.924035305023194,SMA50 exit,-132.79688249674751,1.221840629808426,1.1566314245872498,14
P,Information Technology,pullback20,1637787600000,1637937000000,30.50524477100372,108,28.957400512695312,34.935201263427736,1640725200000,34.917733662796024,2R target,473.0159594781436,1.647283217634201,1.8855576177909852,22
EIX,Utilities,pullback20,1640034000000,1640097000000,67.55375664138793,50,64.83499908447266,71.75,1641479400000,65.09743225479126,SMA50 exit,-126.13249905223832,1.6888439160346984,1.6274358063697814,11
MAS,Industrials,pullback20,1640725200000,1640788200000,69.53475,51,66.78799896240234,75.13400115966797,1641825000000,66.26685305023194,stop gap,-170.1256853159519,1.773136125,1.6898047527809148,8
IBKR,Financials,pullback20,1638478800000,1638541800000,19.222105868339536,163,18.18925075531006,21.004000091552733,1641911400000,19.05296875,SMA50 exit,-30.68876887073883,1.5666016282696722,1.552816953125,26
DLTR,Consumer Staples,pullback20,1640638800000,1640701800000,138.56924999999998,23,131.35799713134764,152.69400939941406,1642194000000,131.292318132782,stop,-170.4728409795409,1.5935463749999998,1.5098616585269928,14
STX,Information Technology,pullback20,1641848400000,1641911400000,114.307125,28,108.5099983215332,126.23999786376953,1642194000000,108.45574332237244,stop,-166.95736713008483,1.60029975,1.5183804065132143,4
GWW,Industrials,pullback20,1640206800000,1640269800000,500.23000099182127,6,479.0180145263672,539.4740112304687,1642689000000,497.7809837799073,SMA50 exit,-17.68813622579917,1.500690002975464,1.4933429513397218,18
CHD,Consumer Staples,pullback20,1641416400000,1641479400000,102.57125664138793,33,98.74200286865235,110.13599700927735,1643034600000,103.94800000000001,SPY below SMA200,42.02496309961556,1.692425734582901,1.7151420000000002,11
FE,Utilities,pullback20,1641589200000,1641825000000,41.29063545799255,83,40.24800109863281,43.7339973449707,1643034600000,41.09943893241883,SPY below SMA200,-19.288499709821075,1.7135613715066909,1.7056267156953813,9
ABBV,Health Care,pullback20,1642194000000,1642516200000,135.57774950408935,24,131.48099670410156,144.6479919433594,1643034600000,132.75359732055665,SPY below SMA200,-70.99962856668063,1.6269329940490722,1.5930431678466799,4
MKC,Consumer Staples,pullback20,1642194000000,1642516200000,95.84790305328369,35,93.35299911499024,102.34399719238282,1643034600000,95.58218225479126,SPY below SMA200,-12.650254440126156,1.6773383034324645,1.6726881894588472,4
EXC,Utilities,pullback20,1642626000000,1642689000000,40.533810396194454,83,38.937944412231445,43.001426696777344,1643034600000,40.678651811599735,SPY below SMA200,8.651520297014889,1.68215313144207,1.688164050181389,2
VRTX,Health Care,pullback20,1643662800000,1643725800000,242.51119438934325,13,231.66300354003906,265.8240020751953,1644849000000,233.633125,SPY below SMA200,-118.50984013749283,1.5763227635307313,1.5186153125000001,9
MKC,Consumer Staples,pullback20,1643662800000,1643725800000,100.53024335861205,33,95.79699935913087,109.33599395751953,1644849000000,100.90951908493042,SPY below SMA200,9.19234288818772,1.658749015417099,1.665007064901352,9
ATO,Utilities,pullback20,1643662800000,1643725800000,107.33363877868652,31,102.76100158691406,116.13800048828125,1644849000000,106.82655725479127,SPY below SMA200,-19.039010279271718,1.663671401069641,1.6558116374492649,9
AFL,Financials,pullback20,1643662800000,1643725800000,62.66131606864929,53,59.96699905395508,68.5260009765625,1644849000000,65.08744274520875,SPY below SMA200,125.1993717490839,1.6605248758192064,1.7248172327480318,9
ED,Utilities,pullback20,1643662800000,1643725800000,86.81338164138793,38,82.9809959411621,93.38799896240235,1644849000000,84.32781774520875,SPY below SMA200,-97.70311084315443,1.6494542511863708,1.6022285371589662,9
KR,Consumer Staples,pullback20,1644958800000,1645021800000,46.253114542007445,65,43.7569995880127,51.716000366210935,1645108200000,44.327823474884035,SMA50 exit,-128.08779984857065,1.503226222615242,1.4406542629337311,1
HPE,Information Technology,pullback20,1644958800000,1645021800000,17.298645915985105,177,16.379699897766113,19.38059768676758,1645194600000,17.231379771232607,SPY below SMA200,-14.962014894510919,1.530930163564682,1.5249771097540856,2
HPQ,Information Technology,pullback20,1644958800000,1645021800000,37.08853469467163,81,35.10099754333496,41.90800170898437,1645194600000,36.42177862739563,SPY below SMA200,-56.98440913889953,1.502085655134201,1.4750820344095232,2
AFL,Financials,pullback20,1644958800000,1645021800000,64.26211835861206,51,61.60699806213379,70.46599655151367,1645194600000,62.83856393241883,SPY below SMA200,-75.8423431342759,1.6386840181446076,1.60238338027668,2
ACGL,Financials,pullback20,1644958800000,1645021800000,47.453715305328366,70,45.27799949645996,52.48400192260742,1645194600000,46.76660591506958,SPY below SMA200,-51.39536856082874,1.660880035686493,1.6368312070274353,2
MO,Consumer Staples,pullback20,1645045200000,1645108200000,50.325149236679074,65,48.674000930786136,54.48199996948242,1645194600000,51.32432347488404,SPY below SMA200,61.64271762019694,1.6355673501920698,1.6680405129337312,1
RTX,Industrials,pullback20,1647979200000,1648042200000,101.21058366394043,26,95.21999969482422,113.69999237060547,1648128600000,101.60917366027833,SPY below SMA200,7.726683059570661,1.3157375876312256,1.3209192575836182,1
GD,Industrials,pullback20,1647979200000,1648042200000,238.8193469467163,10,224.12900085449218,265.2320037841797,1648128600000,239.88000000000002,SPY below SMA200,8.213033798103574,1.1940967347335816,1.1994,1
GL,Financials,pullback20,1647979200000,1648042200000,101.03049335861205,30,95.72000045776367,112.72999725341796,1648128600000,99.90002194976807,SPY below SMA200,-36.928099994944915,1.5154574003791808,1.4985003292465213,1
HST,Real Estate,pullback20,1647979200000,1648042200000,18.449220534324645,130,17.217000579833986,21.36599998474121,1648128600000,18.380804389953614,SPY below SMA200,-11.288050388312195,1.199199334731102,1.194752285346985,1
MO,Consumer Staples,pullback20,1647979200000,1648042200000,53.48672908401489,53,50.51100234985351,58.907999420166014,1648128600000,52.47375,SPY below SMA200,-56.49584414851541,1.4173983207263945,1.3905543750000002,1
EXC,Utilities,pullback20,1648152000000,1648215000000,44.492236221313476,73,42.730001068115236,47.9500015258789,1648756800000,47.926026525115965,2R target,247.29342558733703,1.6239666220779418,1.7492999681667327,5
LMT,Industrials,pullback20,1648152000000,1648215000000,450.2550137786865,4,414.29600830078124,520.5980163574219,1649338200000,452.7735,SPY below SMA200,8.267887857696776,0.900510027557373,0.905547,9
NI,Utilities,pullback20,1648152000000,1648215000000,30.665324618339536,106,29.37400074005127,32.872001266479494,1649338200000,32.4137853050232,SPY below SMA200,181.9936399625298,1.6252622047719953,1.7179306211662295,9
LHX,Industrials,pullback20,1648152000000,1648215000000,256.9984301147461,8,238.09800415039064,294.4440063476562,1649338200000,256.27179389953614,SPY below SMA200,-7.866170617736845,1.0279937204589844,1.0250871755981446,9
KMI,Energy,pullback20,1648152000000,1648215000000,18.35917538166046,151,17.307999420166016,20.283998870849608,1649338200000,19.080455152511597,SPY below SMA200,106.08655329319166,1.386117741315365,1.4405743640146256,9
KR,Consumer Staples,pullback20,1648756800000,1648819800000,57.528749999999995,39,53.41899795532227,65.27200088500976,1649338200000,59.030471372604374,SPY below SMA200,56.294228714805,1.121810625,1.1510941917657853,4
CVX,Energy,pullback20,1649361600000,1649424600000,167.13352805328367,18,158.38200988769532,184.53599853515624,1649683800000,168.48572232055665,SPY below SMA200,21.318923557549038,1.504201752479553,1.51637150088501,1
LMT,Industrials,pullback20,1649361600000,1649424600000,467.95386122131345,6,440.4590118408203,515.6120056152344,1649683800000,463.55811354064946,SPY below SMA200,-29.169022008269813,1.4038615836639403,1.3906743406219484,1
XOM,Energy,pullback20,1649361600000,1649424600000,85.21258316802978,31,79.94500427246093,95.26000061035157,1649683800000,85.73710877990723,SPY below SMA200,13.610573743007945,1.3207950391044616,1.328925186088562,1
HSIC,Health Care,pullback20,1649361600000,1649424600000,89.86490969467162,37,86.0719970703125,96.41599578857422,1649683800000,90.14490744018555,SPY below SMA200,7.029734967020338,1.662500829351425,1.6676807876434327,1
PWR,Industrials,pullback20,1649361600000,1649424600000,133.0665,20,125.18500137329102,146.70999908447266,1649683800000,132.58366889953615,SPY below SMA200,-12.313123698272177,1.330665,1.3258366889953617,1
ACGL,Financials,pullback20,1669842000000,1669905000000,60.49022908401489,51,57.30999946594238,65.11000061035156,1670337000000,59.200384542465216,SPY below SMA200,-68.83418226650875,1.5425008416423798,1.509609805832863,3
DXCM,Health Care,pullback20,1669842000000,1669905000000,116.44819438934326,20,108.15800094604492,132.52399444580078,1670337000000,115.76208969497681,SPY below SMA200,-16.04419672817218,1.1644819438934326,1.157620896949768,3
CAT,Industrials,pullback20,1669842000000,1669905000000,237.01844389343262,13,224.6560043334961,259.9180023193359,1670337000000,232.47370133972169,SPY below SMA200,-62.13335214225763,1.540619885307312,1.511079058708191,3
PCG,Utilities,pullback20,1669842000000,1669905000000,15.707849809169769,201,14.890999698638916,17.318000030517577,1670337000000,15.322334923744203,SPY below SMA200,-80.60702553619669,1.5786389058215617,1.5398946598362924,3
ERIE,Financials,pullback20,1669842000000,1669905000000,284.8823602294922,8,265.3130142211914,316.5440155029297,1670337000000,272.6635877990723,SPY below SMA200,-99.98036323547349,1.1395294409179688,1.0906543511962892,3
GILD,Health Care,pullback20,1673643600000,1673965800000,86.09302805328369,38,82.81299438476563,93.18400115966797,1674052200000,84.97748664474487,SMA50 exit,-45.640913303737605,1.63576753301239,1.6145722462501526,1
ACGL,Financials,pullback20,1673643600000,1673965800000,64.18207652664184,51,61.65099830627442,67.97799835205078,1674138600000,63.26834923744202,SPY below SMA200,-49.85007760617493,1.6366429514293668,1.6133429055547714,2
FICO,Information Technology,pullback20,1673643600000,1673965800000,616.3180147705078,4,580.4369873046875,692.8859741210938,1674138600000,624.7175142822266,SPY below SMA200,31.115926988769626,1.2326360295410157,1.2494350285644533,2
APD,Materials,pullback20,1673643600000,1673965800000,312.156,10,300.10498962402346,333.99000244140626,1674138600000,302.4387013397217,SPY below SMA200,-100.24596010948149,1.56078,1.5121935066986087,2
AIG,Financials,pullback20,1673643600000,1673965800000,64.09202755737304,51,62.11900291442871,68.9920051574707,1674138600000,61.86905152511597,stop gap,-116.58378516171419,1.6343467027130125,1.5776608138904573,2
NSC,Industrials,pullback20,1673989200000,1674052200000,257.0184596557617,12,247.23099822998046,275.5180145263672,1674138600000,253.15335877990725,SPY below SMA200,-49.44224142086761,1.5421107579345703,1.5189201526794436,1
URI,Industrials,pullback20,1674507600000,1674570600000,391.3455688934326,8,372.0819976806641,431.9260009765625,1674829800000,431.7100379760742,target gap,319.62353023365495,1.5653822755737303,1.7268401519042968,3
ROST,Consumer Discretionary,pullback20,1674766800000,1674829800000,120.83038164138793,27,116.35799942016601,129.41399841308595,1675285200000,116.29982042045593,stop,-125.52641069299891,1.631210152158737,1.5700475756761552,4
APD,Materials,pullback20,1674507600000,1674570600000,308.52418011474606,10,297.43799743652346,331.2840087890625,1675348200000,295.21230535888674,stop gap,-136.13742998596138,1.5426209005737304,1.4760615267944337,7
ACGL,Financials,pullback20,1674507600000,1674570600000,63.41169106864929,51,61.204999923706055,66.9800033569336,1675371600000,61.1743974237442,stop,-117.27892114671545,1.616998122250557,1.5599471343054772,8
CAT,Industrials,pullback20,1674507600000,1674570600000,253.0064448852539,12,242.21199951171874,273.6759918212891,1675371600000,242.0908935119629,stop,-133.9572005098754,1.5180386693115233,1.4525453610717773,8
NKE,Consumer Discretionary,pullback20,1675285200000,1675348200000,130.5152219467163,24,123.99800109863281,140.50399780273438,1675780200000,123.89801908493043,stop gap,-161.86582757524098,1.5661826633605955,1.4867762290191653,3
WTW,Financials,pullback20,1675717200000,1675780200000,253.13649950408933,12,245.66699829101563,269.8559906005859,1675976400000,245.54416479187014,stop,-94.10010053240597,1.518818997024536,1.473264988751221,3
COO,Health Care,pullback20,1674507600000,1674570600000,87.04849975204468,35,82.65200576782226,94.30099945068359,1676298600000,84.05794847488404,SMA50 exit,-107.66365754459345,1.5233487456607817,1.4710140983104707,14
KLAC,Information Technology,pullback20,1675371600000,1675434600000,40.92945489692688,67,38.60909805297852,47.05979995727539,1676298600000,39.60219064712525,SMA50 exit,-91.62451486243492,1.3711367390470506,1.326673386678696,6
DECK,Consumer Discretionary,pullback20,1675976400000,1676039400000,69.57309924316405,44,66.79366455078124,76.81266479492187,1677013200000,66.76026771850586,stop,-126.76392115811726,1.5306081833496092,1.468725889807129,7
DOW,Materials,pullback20,1676062800000,1676298600000,59.84990969467163,52,57.09279899597168,65.2744010925293,1677013200000,57.06425259647369,stop,-147.8939373258625,1.5560976520614624,1.4836705675083162,6
BA,Industrials,pullback20,1675285200000,1675348200000,215.25756889343262,13,203.06200103759767,238.1259979248047,1677249000000,199.9,stop gap,-202.34691981243128,1.3991741978073122,1.2993500000000002,15
DRI,Consumer Discretionary,pullback20,1677013200000,1677076200000,148.6542918319702,20,142.52399444580078,158.4720001220703,1677508200000,144.9275,SMA50 exit,-77.47165455772348,1.486542918319702,1.449275,3
UHS,Health Care,pullback20,1676062800000,1676298600000,147.30361072540282,21,140.10998992919923,160.9,1677594600000,128.34579866027832,stop gap,-401.0083721661641,1.5466879126167297,1.3476308859329225,10
CBRE,Real Estate,pullback20,1677186000000,1677249000000,86.02299335861206,34,82.49999694824218,95.55000152587891,1677790800000,82.45874694976807,stop,-124.04856748593795,1.4623908870964049,1.4017986981460573,5
OMC,Communication Services,pullback20,1675371600000,1675434600000,91.78586786270141,34,88.5550033569336,98.37999877929687,1678395600000,88.51072585525513,stop,-114.41987034637869,1.560359753665924,1.5046823395393372,24
CPRT,Industrials,pullback20,1677013200000,1677076200000,34.69734030532837,87,33.0705005645752,37.419000244140626,1678458600000,34.81758158493042,SPY below SMA200,7.437092223152556,1.509334303281784,1.5145647989444733,12
BKNG,Consumer Discretionary,pullback20,1677272400000,1677508200000,99.26520685958862,24,93.15231857299804,107.99295501708984,1678458600000,100.30542065048218,SPY below SMA200,22.570283451324592,1.1911824823150634,1.2036650478057862,9
URI,Industrials,pullback20,1677531600000,1677594600000,463.95186122131344,5,439.3520080566406,511.0760131835938,1678458600000,453.28325476074224,SPY below SMA200,-55.636120092811126,1.1598796530532836,1.1332081369018556,8
WDAY,Information Technology,pullback20,1677790800000,1677853800000,189.0444719467163,12,177.18299407958983,210.14400634765624,1678458600000,180.7495763397217,SPY below SMA200,-101.75751157365383,1.134266831680298,1.0844974580383302,5
ALGN,Health Care,pullback20,1678996800000,1679059800000,325.25254133605955,5,301.4809875488281,376.2380065917969,1679319000000,320.0299074401856,SPY below SMA200,-27.72637560131046,0.8131313533401489,0.8000747686004639,1
GE,Industrials,pullback20,1678996800000,1679059800000,73.29281553268432,33,69.18675079345704,81.82602233886719,1679319000000,72.29424098587036,SPY below SMA200,-35.35514647741668,1.2093314562892914,1.1928549762668608,1
WST,Health Care,pullback20,1678996800000,1679059800000,336.01793110656735,6,315.777001953125,377.67600708007814,1679319000000,329.8649837799072,SPY below SMA200,-38.91533270462018,1.008053793319702,0.9895949513397216,1
AXON,Industrials,pullback20,1678996800000,1679059800000,215.4676806106567,10,202.55499877929688,245.82998962402343,1679319000000,214.04291889953615,SPY below SMA200,-16.395170108756634,1.0773384030532835,1.0702145944976809,1
PHM,Consumer Discretionary,pullback20,1678996800000,1679059800000,55.98797908401489,44,52.83099899291992,62.21799926757812,1679319000000,55.542214694976806,SPY below SMA200,-22.067297380813436,1.2317355398483276,1.2219287232894898,1
SWKS,Information Technology,pullback20,1679342400000,1679405400000,116.05799999999999,19,109.09799652099609,127.19399871826172,1679578200000,115.90201908493043,SPY below SMA200,-5.167257567628532,1.102551,1.101069181306839,2
CPRT,Industrials,pullback20,1679342400000,1679405400000,35.52275356864929,79,33.92550086975098,37.94399642944336,1679578200000,35.342320610046386,SPY below SMA200,-17.053374159688133,1.403148765961647,1.3960216640968321,2
MPWR,Information Technology,pullback20,1679342400000,1679405400000,501.4806259918213,3,455.4879852294922,572.0440185546875,1679578200000,500.2597547607422,SPY below SMA200,-5.165224264366021,0.7522209389877319,0.7503896321411133,2
TKO,Communication Services,pullback20,1679342400000,1679405400000,85.40268061065673,32,81.12600173950196,92.11799926757813,1679578200000,84.43776335525513,SPY below SMA200,-33.59479927630586,1.3664428897705077,1.351004213684082,2
AOS,Industrials,pullback20,1679342400000,1679405400000,67.24360408401489,34,63.19199829101562,72.96599426269532,1679578200000,66.47674713516236,SPY below SMA200,-28.3463822317122,1.143141269428253,1.13010470129776,2
NKE,Consumer Discretionary,pullback20,1679601600000,1679664600000,120.29011835861205,23,115.11800231933594,132.6739990234375,1679923800000,120.95948664474489,SMA50 exit,12.621100123516644,1.3833363611240386,1.3910340964145662,1
ARES,Financials,pullback20,1679601600000,1679664600000,79.16956225204467,33,75.07149963378906,91.0269989013672,1679923800000,80.84955438995362,SMA50 exit,52.799425126402504,1.3062977771587372,1.3340176474342347,1
MPWR,Information Technology,pullback20,1679601600000,1679664600000,505.7827637786865,4,471.8299896240234,587.8400207519531,1680033600000,471.59407462921143,stop,-138.70951027471605,1.011565527557373,0.9431881492584229,3
TKO,Communication Services,pullback20,1679688000000,1679923800000,85.21258316802978,33,81.35799865722656,92.13399353027344,1680033600000,92.08792653350831,2R target,223.96087265071606,1.4060076222724913,1.5194507878028871,2
AOS,Industrials,pullback20,1679688000000,1679923800000,67.46371530532836,34,63.39699935913086,73.42599487304688,1680701400000,65.42726908493043,SMA50 exit,-71.49831822816417,1.1468831601905822,1.1122635744438174,7
MSCI,Financials,pullback20,1680033600000,1680096600000,549.8247627868652,3,512.2510162353516,604.1980407714843,1680787800000,533.94291696167,SMA50 exit,-49.27118899520848,0.8247371441802979,0.800914375442505,6
WBD,Communication Services,pullback20,1680638400000,1680701400000,14.997494771003723,133,13.942999458312988,17.563999938964844,1680787800000,14.692649809360505,SMA50 exit,-42.51877451314217,0.9973334022717476,0.9770612123224736,1
JBL,Information Technology,pullback20,1679601600000,1679664600000,82.5012290840149,34,78.65200119018554,92.11599578857422,1681133400000,81.80907347488404,SMA50 exit,-26.326565853950193,1.4025208944282535,1.390754249073029,10
ULTA,Consumer Discretionary,pullback20,1680033600000,1680096600000,533.2665,5,510.8439880371094,573.6819580078125,1681133400000,518.5206392822266,SMA50 exit,-76.35877143707219,1.3331662499999999,1.2963015982055666,7
MPC,Energy,pullback20,1680724800000,1680787800000,133.0164719467163,12,122.09900588989258,153.9320083618164,1681997400000,124.99746755981447,SMA50 exit,-97.77613627986128,0.7980988316802978,0.7499848053588868,9
CDNS,Information Technology,pullback20,1680811200000,1681133400000,207.34362549591063,13,199.6840042114258,226.19200439453124,1682452800000,199.58416220932008,stop,-103.51805334576109,1.347733565723419,1.2972970543605806,12
PODD,Health Care,pullback20,1681934400000,1681997400000,326.16299999999995,8,313.32801208496096,351.76401977539064,1682625600000,313.17134807891847,stop,-106.49055276096755,1.304652,1.252685392315674,6
ALGN,Health Care,pullback20,1680811200000,1681133400000,319.7397765655517,6,299.63100280761716,370.1580383300781,1682688600000,316.8614790191651,SMA50 exit,-19.17958904507404,0.9592193296966552,0.9505844370574953,14
TMUS,Communication Services,pullback20,1680724800000,1680787800000,149.4746938934326,18,144.05999298095702,159.23999938964843,1682712000000,143.98796298446655,stop,-101.40232027329003,1.3452722450408936,1.295891666860199,16
AXON,Industrials,pullback20,1679601600000,1679664600000,213.66677755737302,10,201.0570053100586,245.04599304199218,1682947800000,211.22433683013918,SMA50 exit,-26.548862844276,1.068333887786865,1.056121684150696,25
MSI,Information Technology,pullback20,1682625600000,1682688600000,292.72627656555176,9,286.16900024414065,308.6119812011719,1683293400000,284.9774351196289,stop gap,-72.33923971588882,1.317268244544983,1.28239845803833,5
DRI,Consumer Discretionary,pullback20,1683230400000,1683293400000,153.39666732788086,17,147.84199981689454,163.07599487304688,1683725400000,150.48471755981447,SMA50 exit,-52.08613782867408,1.3038716722869874,1.2791200992584228,3
WST,Health Care,pullback20,1682712000000,1682947800000,361.8608326721191,7,344.4469909667969,394.82598876953125,1684416600000,348.055895980835,SMA50 exit,-99.11926538927423,1.2665129143524168,1.2181956359329225,13
PANW,Information Technology,pullback20,1683662400000,1683725400000,98.61428494262695,23,92.9994987487793,107.76099700927735,1684503000000,95.38728005981446,SMA50 exit,-76.45213030221544,1.1340642768402098,1.0969537206878663,7
HUBB,Industrials,pullback20,1682452800000,1682515800000,259.92491093444823,10,246.59400329589843,285.04200439453126,1684785600000,284.899483392334,2R target,247.02160260722366,1.2996245546722411,1.42449741696167,19
KMB,Consumer Staples,pullback20,1684353600000,1684416600000,144.322125,18,140.74800720214844,153.05400390625,1684785600000,140.67763319854737,stop,-68.1658502499343,1.298899125,1.2660986987869265,3
LIN,Materials,pullback20,1684440000000,1684503000000,369.75479232788086,7,357.8219970703125,388.92601318359374,1684872000000,357.64308607177736,stop,-87.32783636712333,1.294141773147583,1.2517508012512208,3
EW,Health Care,pullback20,1684785600000,1684848600000,88.56425664138793,30,86.13400421142578,95.21200256347656,1684872000000,86.09093720932007,stop,-76.81941086979623,1.328463849620819,1.2913640581398012,1
PANW,Information Technology,pullback20,1684785600000,1684848600000,95.82788877868651,27,90.99850234985351,106.16799621582031,1684935000000,98.06594036483766,SMA50 exit,57.80982613264331,1.293676498512268,1.3238901949253084,1
LOW,Consumer Discretionary,pullback20,1684872000000,1684935000000,206.853375,12,197.0739959716797,225.80198974609374,1685107800000,201.95896755981445,SMA50 exit,-61.18576333758544,1.24112025,1.2117538053588868,2
KR,Consumer Staples,pullback20,1684958400000,1685021400000,49.3146459159851,54,48.07600059509277,52.5280029296875,1685131200000,48.05196259479523,stop,-70.81379777404435,1.331495439731598,1.2974029900594712,2
ATO,Utilities,pullback20,1684872000000,1684935000000,116.15804847335815,22,111.90200119018554,125.39600219726563,1685453400000,113.64314694976807,SMA50 exit,-57.855646668636226,1.2777385332069395,1.2500746164474488,3
ORLY,Consumer Discretionary,pullback20,1682712000000,1682947800000,61.213926017761224,44,59.38619880676269,64.68960037231446,1685539800000,59.04846011543274,stop gap,-97.9262721973836,1.346706372390747,1.2990661225395201,21
AAPL,Information Technology,pullback20,1682625600000,1682688600000,168.57425049591063,16,162.96100311279298,179.3080047607422,1685563200000,179.21835075836182,2R target,167.52326338918485,1.348594003967285,1.4337468060668945,23
DECK,Consumer Discretionary,pullback20,1685476800000,1685539800000,80.87208087158203,28,76.38733139038087,91.7853271484375,1685712600000,78.70729262161255,SMA50 exit,-62.84818222805005,1.1322091322021484,1.1019020967025759,2
INTC,Information Technology,pullback20,1685563200000,1685626200000,31.815899236679076,51,29.30900001525879,35.70200157165527,1686058200000,29.755115457534792,SMA50 exit,-106.67003361106093,0.8113054305353165,0.7587554441671371,3
CMG,Consumer Discretionary,pullback20,1685131200000,1685453400000,41.46712288856506,63,40.28989753723145,43.681401062011716,1686168000000,40.269752588462836,stop,-78.00904048396633,1.3062143709897993,1.2684972065365794,7
ORCL,Information Technology,pullback20,1685044800000,1685107800000,104.40217347335815,25,100.83300247192383,111.20399780273438,1686576600000,111.14839580383301,target gap,165.96117614590673,1.3050271684169767,1.3893549475479126,10
ISRG,Health Care,pullback20,1685131200000,1685453400000,309.0344448852539,8,296.52500610351564,327.64996948242185,1686859200000,327.48614449768064,2R target,145.06751454188225,1.2361377795410156,1.3099445779907226,13
MSFT,Information Technology,pullback20,1686340800000,1686576600000,328.74427656555173,7,315.12701110839845,350.1160034179687,1686922200000,349.94094541625975,target gap,146.0012836780198,1.150604967979431,1.2247933089569092,4
AKAM,Information Technology,pullback20,1686859200000,1686922200000,92.41618774795532,29,89.2739990234375,97.66200103759766,1687377600000,89.22936202392579,stop,-95.0518064685487,1.3400347223453521,1.2938257493469238,3
LLY,Health Care,pullback20,1685649600000,1685712600000,440.1799714508056,5,418.31398620605466,472.8419982910156,1689168600000,438.25076622009277,SMA50 exit,-11.842102997741511,1.1004499286270142,1.0956269155502318,26
CMG,Consumer Discretionary,pullback20,1687377600000,1687440600000,41.40069106864929,64,40.27214050292969,43.924522399902344,1689168600000,41.36910612487793,SMA50 exit,-4.670069911559699,1.3248221141967773,1.3238113959960938,13
CMCSA,Communication Services,pullback20,1686168000000,1686231000000,37.79770944786072,67,36.362697982788085,40.72352523803711,1689969600000,40.703163475418094,2R target,192.03564060341432,1.2662232665033342,1.3635559764265062,30
TYL,Information Technology,pullback20,1685995200000,1686058200000,398.3790826721191,6,383.58800354003904,427.48399658203124,1690488000000,383.39620953826903,stop,-92.24256467973171,1.1951372480163573,1.150188628614807,36
MLM,Materials,pullback20,1689105600000,1689168600000,449.0144035491943,6,434.43101806640624,479.39800415039065,1691092800000,434.21380255737307,stop,-91.45329056924706,1.3470432106475827,1.3026414076721191,17
APO,Financials,pullback20,1691092800000,1691155800000,86.86340969467163,28,82.23499984741211,93.32000122070312,1691611200000,82.19388234748841,stop,-133.1135678097204,1.2160877357254027,1.1507143528648378,4
MRVL,Information Technology,pullback20,1689105600000,1689168600000,63.151558931350706,26,58.165001678466794,70.12000122070313,1691674200000,60.089938932418825,SMA50 exit,-81.20425944445793,0.8209702661075592,0.7811692061214448,21
LRCX,Information Technology,pullback20,1690488000000,1690551000000,71.06451382827758,28,66.32389602661132,77.93720703125,1691784000000,66.29073407859802,stop,-135.588806461724,0.9949031935958862,0.9280702771003724,11
PAYX,Industrials,pullback20,1691784000000,1692019800000,125.312625,20,121.31200485229492,133.81600036621094,1692302400000,121.25134884986878,stop,-83.6911627411231,1.25312625,1.212513488498688,4
RCL,Consumer Discretionary,pullback20,1689969600000,1690205400000,102.22108316802978,25,96.92499542236328,113.29000091552734,1692365400000,98.05094847488404,SMA50 exit,-106.75676772417994,1.2777635396003724,1.2256368559360507,19
BKR,Energy,pullback20,1691611200000,1691674200000,36.10804515266418,72,34.548000717163085,39.23400039672852,1692388800000,34.5307267168045,stop,-116.10992316919788,1.2998896254959107,1.2431061618049621,7
VRSK,Industrials,pullback20,1686859200000,1686922200000,225.8928887786865,11,217.4080047607422,238.89401245117188,1693252800000,238.7745654449463,2R target,139.1427723306276,1.242410888282776,1.3132601099472048,50
CSCO,Information Technology,pullback20,1692302400000,1692365400000,54.65731606864929,45,53.00599975585938,58.177999114990236,1693598400000,58.14891011543274,2R target,154.5835920161136,1.229789611544609,1.3083504775972368,11
CHTR,Communication Services,pullback20,1693252800000,1693315800000,432.21599999999995,5,415.2930053710937,465.4139892578125,1693944000000,415.0853588684082,stop,-87.77145905512974,1.08054,1.0377133971710204,5
DPZ,Consumer Discretionary,pullback20,1693598400000,1693920600000,394.197,6,379.05201416015626,415.316015625,1695043800000,387.3162547607422,SMA50 exit,-43.629011199829066,1.182591,1.1619487642822266,9
APP,Communication Services,pullback20,1694808000000,1695043800000,42.511246679306026,52,40.06819953918457,48.32360000610352,1695153600000,40.04816543941498,stop,-130.22676918942116,1.1052924136619569,1.0412523014247894,2
LLY,Health Care,pullback20,1695153600000,1695216600000,573.7066929016113,4,553.4460327148438,617.9880004882813,1695326400000,553.1693096984864,stop,-84.40328481769993,1.1474133858032225,1.1063386193969726,2
DLR,Real Estate,pullback20,1692302400000,1692365400000,120.54024335861206,20,115.17499465942383,135.20000610351562,1695389400000,124.33780152511598,SMA50 exit,73.5023828812411,1.2054024335861206,1.2433780152511598,24
CMCSA,Communication Services,pullback20,1695326400000,1695389400000,42.72050729370117,60,41.435799026489256,45.61949462890625,1695735000000,41.20712737083435,stop gap,-93.32062441194516,1.281615218811035,1.2362138211250306,2
MET,Financials,pullback20,1695672000000,1695735000000,64.58227805328369,38,62.94500465393067,69.2599998474121,1695821400000,63.1484103050232,SMA50 exit,-56.91385751270643,1.22706328301239,1.1998197957954408,1
VRTX,Health Care,pullback20,1695758400000,1695821400000,351.3355836639404,6,341.1199951171875,372.83001708984375,1695907800000,350.9644446411133,SMA50 exit,-4.3337342218777275,1.0540067509918214,1.05289333392334,1
VST,Utilities,pullback20,1695326400000,1695389400000,33.316649236679076,78,31.994001388549805,36.36199951171875,1696276800000,31.97800438785553,stop,-106.96078969959338,1.299349320230484,1.2471421711263657,7
HAL,Energy,pullback20,1692388800000,1692624600000,39.52975332069397,60,37.51200065612793,43.17600326538086,1696339800000,39.37030438995362,SMA50 exit,-11.933937575740638,1.1858925996208192,1.1811091316986084,30
REGN,Health Care,pullback20,1695844800000,1695907800000,833.7166377868651,2,808.7730041503906,880.133984375,1696363200000,808.3686176483155,stop,-52.33812553253438,0.8337166377868651,0.8083686176483156,4
MPC,Energy,pullback20,1693944000000,1694007000000,146.7233188934326,17,139.97500762939453,161.10999755859376,1696449600000,139.90502012557982,stop,-118.34741993515888,1.2471482105941771,1.1891926710674285,21
AMGN,Health Care,pullback20,1696449600000,1696512600000,266.32309744262693,9,255.54500885009764,285.22998962402346,1697140800000,285.08737462921147,2R target,166.39714755493756,1.1984539384918211,1.2828931858314516,6
APP,Communication Services,pullback20,1696276800000,1696339800000,40.34015969467163,45,37.68399925231934,47.092000579833986,1697463000000,38.67065362739563,SMA50 exit,-76.90551632716634,0.9076535931301116,0.8700897066164017,9
ERIE,Financials,pullback20,1696363200000,1696426200000,289.89487499999996,8,282.3000213623047,310.4999938964844,1697486400000,310.3447438995362,2R target,161.19799272069167,1.1595794999999998,1.2413789755981448,9
VRT,Industrials,pullback20,1696276800000,1696339800000,37.88893393135071,48,35.37329940795898,44.48340072631836,1697808600000,37.171403627395634,SMA50 exit,-36.2429026912534,0.909334414352417,0.8921136870574953,13
AKAM,Information Technology,pullback20,1691611200000,1691674200000,103.7518469467163,25,98.95099639892578,111.06800079345703,1698067800000,103.78807633972168,SPY below SMA200,-1.6885142159458453,1.296898086833954,1.2973509542465211,51
TPL,Energy,pullback20,1697140800000,1697203800000,209.54916497039792,8,194.80455932617187,231.3809020996094,1698067800000,209.3619262161255,SPY below SMA200,-3.1735543989254067,0.8381966598815918,0.837447704864502,6
AIZ,Financials,pullback20,1697227200000,1697463000000,149.11451328277587,16,143.45500640869142,157.4800018310547,1698067800000,145.96697328948974,SPY below SMA200,-52.72129178515622,1.1929161062622071,1.167735786315918,5
CBOE,Financials,pullback20,1697486400000,1697549400000,162.77134744262693,15,157.78399353027345,174.0320037841797,1698067800000,161.21935305023194,SPY below SMA200,-25.709846139621263,1.2207851058197021,1.2091451478767397,4
XOM,Energy,pullback20,1697745600000,1697808600000,112.97645816802978,21,107.34599838256835,124.3679931640625,1698067800000,110.57468225479127,SPY below SMA200,-52.784581152448325,1.1862528107643127,1.1610341636753083,1
LLY,Health Care,pullback20,1698177600000,1698240600000,597.238472442627,3,558.8910095214844,659.507958984375,1698327000000,579.71,SPY below SMA200,-54.350840036544746,0.8958577086639404,0.869565,1
AMGN,Health Care,pullback20,1698177600000,1698240600000,275.2275413360596,8,264.5610046386719,299.23797607421875,1698327000000,271.36425,SPY below SMA200,-33.09269785382061,1.1009101653442384,1.0854570000000001,1
CBOE,Financials,pullback20,1698177600000,1698240600000,162.01095767211913,15,157.20000152587892,172.410009765625,1698327000000,162.1488807296753,SPY below SMA200,-0.3623529246707706,1.2150821825408935,1.2161166054725647,1
STX,Information Technology,pullback20,1698177600000,1698240600000,67.4837219467163,36,64.76899681091308,74.7620018005371,1698327000000,69.46525,SPY below SMA200,68.86992842317217,1.2147069950408935,1.2503745,1
AXON,Industrials,pullback20,1698177600000,1698240600000,212.6862918319702,10,201.83800354003907,236.31399841308593,1698327000000,207.76606011962892,SPY below SMA200,-51.304578883170905,1.063431459159851,1.0388303005981445,1
BR,Industrials,pullback20,1698955200000,1699018200000,179.71981988525388,13,172.3749969482422,191.67999877929688,1699281000000,177.37127671051027,SMA50 exit,-32.85215339953941,1.1681788292541504,1.1529132986183168,1
CRWD,Information Technology,pullback20,1698955200000,1699018200000,45.690333292007445,37,42.526950454711915,52.04610137939453,1699995600000,52.020078328704834,2R target,232.3929237428202,0.8452711659021377,0.9623714490810394,8
AKAM,Information Technology,pullback20,1698955200000,1699018200000,105.94294438934325,23,101.58899841308593,112.63199310302734,1700082000000,112.57567710647584,2R target,150.0398883468475,1.2183438604774475,1.2946202867244723,9
VRTX,Health Care,pullback20,1698955200000,1699018200000,379.8298346557617,6,361.9629852294922,405.7239929199219,1700082000000,361.78200373687747,stop,-110.51182102848338,1.1394895039672852,1.0853460112106326,9
WSM,Consumer Discretionary,pullback20,1700082000000,1700145000000,80.60528494262695,29,76.44649963378906,89.19199981689454,1700254800000,89.1474038169861,2R target,245.26003336940087,1.168776631668091,1.2926373553462984,2
JBL,Information Technology,pullback20,1699995600000,1700058600000,132.2160688934326,17,125.1690055847168,145.3020034790039,1701268200000,117.51121469497681,stop gap,-252.10520328424994,1.1238365855941772,0.9988453249073029,9
CASY,Consumer Staples,pullback20,1698955200000,1699018200000,272.31608267211914,8,259.43199768066404,293.38600463867186,1701354600000,274.5726364593506,SMA50 exit,15.864875421325637,1.0892643306884766,1.0982905458374024,18
AXON,Industrials,pullback20,1699041600000,1699281000000,219.49969438934326,8,205.29000091552734,241.1699981689453,1702414800000,241.04941316986086,2R target,170.55555381390394,0.8779987775573731,0.9641976526794435,26
IRM,Real Estate,pullback20,1700082000000,1700145000000,62.27112167930603,40,59.28199806213379,68.00599975585938,1702501200000,67.97199675598145,2R target,225.43014069831116,1.2454224335861206,1.359439935119629,19
WTW,Financials,pullback20,1702414800000,1702477800000,246.29308316802977,10,240.24100646972656,258.9880035400391,1702587600000,240.1208859664917,stop,-64.15404186105329,1.2314654158401488,1.2006044298324585,2
AIZ,Financials,pullback20,1701378000000,1701441000000,167.47369438934325,15,162.09800415039064,179.86400451660157,1702674000000,162.01695514831545,stop,-84.32226848694951,1.2560527079200745,1.215127163612366,11
NRG,Utilities,pullback20,1701205200000,1701268200000,46.68332984733581,48,44.16299896240234,52.013998413085936,1703883600000,51.9879914138794,2R target,252.255643483823,1.1203999163360596,1.2477117939331057,22
DDOG,Information Technology,pullback20,1702587600000,1702650600000,121.65079133605957,17,114.53600158691407,132.87800140380858,1704229200000,114.47873358612061,stop,-123.93208271080081,1.0340317263565064,0.9730692354820252,11
CMG,Consumer Discretionary,pullback20,1703883600000,1704205800000,45.59178474426269,57,44.4517017364502,48.31419830322265,1704402000000,44.42947588558197,stop,-68.81721087275145,1.2993658652114866,1.2662400627390862,3
USB,Financials,pullback20,1704402000000,1704465000000,42.97147576332092,60,40.96999969482422,47.689997863769534,1705438800000,40.949514694976806,stop,-123.83529381439564,1.2891442728996276,1.2284854408493042,7
ALL,Financials,pullback20,1704229200000,1704292200000,144.1520418319702,17,138.9490005493164,153.53199157714843,1705525200000,153.45522558135985,2R target,155.6244619666109,1.2252923555717465,1.3043694174415588,10
GD,Industrials,pullback20,1702674000000,1702909800000,252.7863336639404,10,247.0050018310547,263.64000549316404,1705588200000,248.91547328948977,SMA50 exit,-41.217112779273585,1.2639316683197022,1.2445773664474489,20
NFLX,Communication Services,pullback20,1702501200000,1702564200000,48.06001729774475,54,46.169701385498044,51.65460052490234,1706106600000,51.62877322463989,target gap,190.02122270823335,1.2976204670391083,1.3939768770652772,26
ROST,Consumer Discretionary,pullback20,1700254800000,1700490600000,128.88441732788084,19,123.44300994873046,139.57400207519532,1706130000000,139.50421507415774,2R target,199.2264651714418,1.2244019646148678,1.3252900432044985,44
CMG,Consumer Discretionary,pullback20,1705525200000,1705588200000,46.46321862602234,55,45.05000190734863,48.52639999389648,1706734800000,48.50213679389954,2R target,109.5289519591981,1.2777385122156142,1.3338087618322372,10
DXCM,Health Care,pullback20,1705525200000,1705588200000,126.32313213729857,15,117.97299652099609,140.40399780273438,1707143400000,120.64964408493043,SMA50 exit,-86.95461660718885,0.9474234910297392,0.9048723306369783,12
GDDY,Information Technology,pullback20,1705438800000,1705501800000,104.3421459159851,24,101.64520111083985,111.40960235595703,1707339600000,111.35389755477907,2R target,165.69368680940605,1.2521057509918212,1.3362467706573489,16
SYY,Consumer Staples,pullback20,1706734800000,1706797800000,80.83039591598511,33,78.48399963378907,85.82200164794922,1707858000000,78.44475763397217,stop,-81.35410334000112,1.3337015326137545,1.2943385009605408,9
DDOG,Information Technology,pullback20,1706907600000,1707143400000,135.20756938934326,13,125.1724983215332,152.58499603271486,1707858000000,125.10991207237244,stop,-132.96160875012185,0.8788492010307313,0.8132144284704209,7
VTRS,Health Care,pullback20,1707858000000,1707921000000,12.006,205,11.379000186920166,13.152000427246094,1708462800000,13.145424427032472,2R target,231.00398653788585,1.230615,1.3474060037708284,4
CRWD,Information Technology,pullback20,1707339600000,1707402600000,79.21708661270141,27,74.49094924926757,89.3531005859375,1708525800000,70.72212094497681,stop gap,-231.38825233059282,1.069430669271469,0.9547486327571869,8
TRMB,Information Technology,pullback20,1707858000000,1707921000000,56.34815969467163,38,53.0119987487793,61.85599975585937,1708635600000,61.82507175598145,2R target,205.87736693221066,1.070615034198761,1.1746763633636474,6
WAB,Industrials,pullback20,1708462800000,1708525800000,135.0675,19,130.3,142.59998168945313,1709586000000,142.5286816986084,2R target,139.12528854742308,1.28314125,1.3540224761367798,9
C,Financials,pullback20,1706043600000,1706106600000,53.5667709159851,49,50.963999557495114,57.971998596191405,1709845200000,57.94301259689331,2R target,211.7038526684367,1.3123858874416352,1.4196038086238862,31
COF,Financials,pullback20,1706130000000,1706193000000,132.40616633605956,19,125.77799224853516,141.71400451660156,1710964800000,141.64314751434327,2R target,172.89917390581172,1.257858580192566,1.345609901386261,39
CI,Health Care,pullback20,1709586000000,1709649000000,336.37809645080563,8,325.8959899902344,358.6079833984375,1711483200000,358.4286794067383,2R target,173.62543654403117,1.3455123858032225,1.4337147176269531,16
HWM,Industrials,pullback20,1711483200000,1711546200000,68.10403469467163,41,65.3760009765625,72.19800262451172,1712088000000,65.34331297607422,stop,-115.92526108974407,1.3961327112407682,1.3395379160095215,4
ROST,Consumer Discretionary,pullback20,1708462800000,1708525800000,145.21256938934326,18,140.28199920654296,152.78599243164064,1712151000000,143.60815267944338,SMA50 exit,-31.478887276816916,1.3069131245040895,1.2924733741149903,29
ISRG,Health Care,pullback20,1708635600000,1708698600000,389.27452656555175,6,374.8299896240234,417.57998046875,1712151000000,383.57810401916504,SMA50 exit,-36.497093170074436,1.1678235796966554,1.150734312057495,27
IBKR,Financials,pullback20,1710964800000,1711027800000,27.268626660346982,103,26.208501434326173,29.182999420166016,1712174400000,29.168407920455934,2R target,192.7709625103107,1.4043342730078696,1.5021730079034805,9
COR,Health Care,pullback20,1712088000000,1712151000000,243.86187549591062,11,237.53299865722656,254.20399169921876,1712692800000,237.41423215789797,stop,-73.57109531023514,1.3412403152275085,1.3057782768684387,5
FTV,Industrials,pullback20,1709845200000,1709908200000,64.15413898086547,43,62.41574668884277,67.35387802124023,1712779200000,62.38453881549835,stop,-78.81338868340782,1.3793139880886076,1.3412675845332147,23
MA,Financials,pullback20,1712088000000,1712151000000,480.6802224426269,5,467.70398864746096,502.8820007324219,1712842200000,468.04585877990723,SMA50 exit,-65.54363351665481,1.2017005561065675,1.170114646949768,6
IBKR,Financials,pullback20,1712779200000,1712842200000,28.289137118339536,98,27.324250602722167,30.476498794555663,1713211200000,27.310588477420808,stop,-98.62215336422759,1.3861677187986372,1.3382188353936197,3
EBAY,Consumer Discretionary,pullback20,1712692800000,1712755800000,51.98597908401489,52,50.13699951171875,55.60599822998047,1713297600000,50.111931011962895,stop,-100.10504540919933,1.3516354561843873,1.3029102063110354,5
NFLX,Communication Services,pullback20,1712174400000,1712237400000,63.352659645080564,44,60.261299514770506,68.50139923095703,1713533400000,56.759604200363164,stop gap,-292.7369093721653,1.3937585121917724,1.2487112924079895,11
META,Communication Services,pullback20,1712088000000,1712151000000,499.1794576721191,4,468.993994140625,554.1219970703125,1713792600000,489.4751412200928,SMA50 exit,-40.794575005889705,0.9983589153442383,0.9789502824401856,13
RSG,Industrials,pullback20,1712779200000,1712842200000,189.15452755737303,14,185.9730026245117,197.1240020751953,1714593600000,185.88001612319945,stop,-48.46840188419407,1.3240816929016113,1.3011601128623962,15
XOM,Energy,pullback20,1713556800000,1713792600000,119.31963213729858,22,115.97599639892579,127.68799896240235,1714593600000,115.91800840072634,stop,-77.42333625050772,1.3125159535102844,1.2750980924079898,8
SCHW,Financials,pullback20,1713211200000,1713274200000,71.53575,37,68.37100296020508,76.94800415039063,1715088600000,76.90953014831544,target gap,196.08362780492772,1.3234113749999998,1.4228263077438357,15
GPC,Consumer Discretionary,pullback20,1713470400000,1713533400000,161.0805,16,153.7259979248047,173.2379913330078,1715198400000,153.6491349258423,stop,-121.41967826592989,1.2886440000000001,1.2291930794067385,14
FANG,Energy,pullback20,1715025600000,1715088600000,204.54222244262695,13,194.802001953125,222.96600341796875,1715779800000,196.9914513397217,SMA50 exit,-100.76999321735363,1.3295244458770752,1.2804444337081908,6
PGR,Financials,pullback20,1713297600000,1713360600000,209.1845418319702,13,201.3090026855469,222.43201293945313,1715952600000,209.20534255981445,SMA50 exit,-2.4491247865712102,1.3596995219078063,1.359834726638794,22
HRL,Consumer Staples,pullback20,1715889600000,1715952600000,36.10804515266418,74,34.990000534057614,38.289999389648436,1716494400000,34.97250553379059,stop,-86.65991217204477,1.3359976706485748,1.2939827047502517,5
NRG,Utilities,pullback20,1715198400000,1715261400000,76.00798622131347,21,70.02300033569335,87.41399841308593,1716926400000,87.3702914138794,2R target,236.89293712871495,0.7980838553237914,0.9173880598457337,13
GE,Industrials,pullback20,1716494400000,1716557400000,165.9129168319702,15,158.12299194335938,179.53399963378905,1718308800000,158.0439304473877,stop,-120.46447212333246,1.2443468762397765,1.185329478355408,14
TRGP,Energy,pullback20,1715716800000,1715779800000,114.05699999999999,23,110.2240005493164,122.84199981689453,1718740800000,122.7805788169861,2R target,197.91868063428507,1.3116554999999999,1.4119766563953402,24
CMG,Consumer Discretionary,pullback20,1718308800000,1718371800000,65.4325030632019,40,62.80431709289551,70.30696182250976,1719432000000,62.77291493434907,stop,-108.94763351406456,1.3086500612640382,1.2554582986869813,8
GRMN,Consumer Discretionary,pullback20,1714593600000,1714656600000,164.082,16,156.93599700927734,176.38800048828125,1720013400000,160.8895162200928,SMA50 exit,-53.67951260827604,1.312656,1.2871161297607423,42
DD,Industrials,pullback20,1714593600000,1714656600000,99.17508919143677,25,94.52008438110352,105.8510513305664,1720445400000,99.31433166503906,SMA50 exit,0.9999440793514165,1.2396886148929596,1.2414291458129882,44
WMB,Energy,pullback20,1716926400000,1716989400000,40.58028137397766,65,39.3539981842041,43.301998138427734,1721050200000,43.280347139358526,target gap,172.77880432307265,1.3188591446542741,1.406611282029152,31
COST,Consumer Staples,pullback20,1719432000000,1719495000000,858.1388769836425,3,831.0160217285156,908.488037109375,1721332800000,830.6005137176514,stop,-85.1481988840251,1.2872083154754637,1.245900770576477,15
TER,Information Technology,pullback20,1718740800000,1718890200000,150.59526427459716,16,142.6110046386719,170.02799072265626,1721914200000,128.37578244018556,stop gap,-357.74347772430383,1.2047621141967773,1.0270062595214846,24
MPWR,Information Technology,pullback20,1721332800000,1721395800000,852.8962056884765,1,783.0949645996094,964.2199829101562,1721914200000,787.4960696411133,SMA50 exit,-66.22033218502796,0.42644810284423823,0.39374803482055665,4
STX,Information Technology,pullback20,1721851200000,1721914200000,108.86440255737304,23,104.15400009155273,120.28199615478516,1721937600000,104.10192309150696,stop,-111.98614045988194,1.2519406294097901,1.19717211555233,1
VTR,Real Estate,pullback20,1719950400000,1720013400000,51.73585408401489,51,50.20400199890137,54.961998748779294,1722369600000,54.934517749404904,2R target,160.41175245313855,1.3192642791423796,1.400830202609825,19
WMT,Consumer Staples,pullback20,1720209600000,1720445400000,69.93495152664184,38,67.8870002746582,74.34600219726562,1722628800000,67.85305677452088,stop,-81.72997273831855,1.3287640790061952,1.2892080787158968,20
ECHO,Communication Services,pullback20,1720814400000,1721050200000,19.739864542007446,93,18.32599983215332,22.14800148010254,1722864600000,18.130929389953614,stop gap,-151.39196105884255,0.9179037012033463,0.8430882166328432,15
TJX,Consumer Discretionary,pullback20,1722369600000,1722432600000,113.75684694671631,22,110.4489974975586,118.8219985961914,1722888000000,110.39377299880982,stop,-76.45328367334348,1.2513253164138793,1.2143315029869082,4
FICO,Information Technology,pullback20,1721937600000,1722000600000,1580.209753967285,1,1494.6620361328125,1741.4660888671874,1723233600000,1740.5953558227538,2R target,158.72519930057385,0.7901048769836425,0.8702976779113769,11
MAA,Real Estate,pullback20,1722628800000,1722864600000,149.0745,16,143.61800842285157,162.8239959716797,1725393600000,162.74258397369385,2R target,216.1948069073121,1.192596,1.3019406717895508,21
T,Communication Services,pullback20,1721851200000,1721914200000,19.159574618339537,134,18.439999771118163,20.6,1725480000000,20.589700000000004,2R target,188.97359974307383,1.283691499428749,1.3795099000000002,29
ABBV,Health Care,pullback20,1725393600000,1725456600000,198.77933267211912,13,191.881005859375,209.30799560546876,1726171200000,191.78506535644533,stop,-93.46414369094501,1.2920656623687745,1.2466029248168948,7
FICO,Information Technology,pullback20,1725480000000,1725543000000,1743.0710511474608,1,1661.7830200195312,1930.1839599609375,1726752600000,1929.2188679809572,target gap,184.3116718739321,0.8715355255737304,0.9646094339904786,10
CL,Consumer Staples,pullback20,1722628800000,1722864600000,103.0414928627014,24,99.45399780273438,109.5219970703125,1726839000000,102.22885877990723,SMA50 exit,-21.966462206771528,1.236497914352417,1.2267463053588867,33
REGN,Health Care,pullback20,1723233600000,1723469400000,1125.1722903442383,2,1076.8789916992187,1239.9619873046875,1727184600000,1075.7917910766603,stop gap,-100.96196261657687,1.1251722903442383,1.0757917910766603,30
FOXA,Communication Services,pullback20,1722974400000,1723037400000,39.199590305328364,63,37.243002319335936,41.943999481201175,1727208000000,41.92302748146058,2R target,169.0211796360457,1.2347870946178434,1.3205753656660084,34
UHS,Health Care,pullback20,1726776000000,1726839000000,237.27858366394042,11,227.918994140625,257.53199157714846,1727467200000,227.80503464355468,stop,-106.76699912493443,1.3050322101516725,1.2529276905395508,6
LMT,Industrials,pullback20,1726171200000,1726234200000,567.2835,4,553.5970336914063,597.6159912109375,1727812800000,597.3171832153321,2R target,117.80553149489764,1.134567,1.1946343664306642,13
NOC,Industrials,pullback20,1726689600000,1726752600000,522.9913454589844,5,506.70801696777346,551.4739807128906,1727812800000,551.1982437225341,2R target,138.34901734479502,1.3074783636474607,1.3779956093063355,9
MKC,Consumer Staples,pullback20,1727208000000,1727271000000,84.0820209159851,31,81.17400360107422,88.93199920654297,1727985600000,81.13341659927369,stop,-93.96757309954023,1.303271324197769,1.2575679572887422,7
DHI,Consumer Discretionary,pullback20,1727812800000,1727875800000,190.66529232788085,14,184.075,210.01000366210937,1728072000000,183.98296249999999,stop,-96.17515537412726,1.334657046295166,1.2878807374999999,3
FTNT,Information Technology,pullback20,1727121600000,1727184600000,77.40868774795531,34,74.4430030822754,83.43400115966797,1728912600000,83.39228415908815,target gap,200.7086614560967,1.3159476917152404,1.4176688307044987,14
ERIE,Financials,pullback20,1728072000000,1728307800000,541.9108346557617,4,518.4289916992187,591.72197265625,1729108800000,518.1697772033691,stop,-97.08439103328875,1.0838216693115235,1.0363395544067382,8
WEC,Utilities,pullback20,1727467200000,1727703000000,95.77786835861205,27,92.84600067138672,100.08800506591797,1729540800000,100.03796106338501,2R target,112.37898933167291,1.2930012228412626,1.3505124743556975,16
MMM,Industrials,pullback20,1729108800000,1729171800000,136.67830561065674,19,132.27400817871094,144.502001953125,1729627200000,132.2078711746216,stop,-87.49267296412769,1.2984439033012392,1.255974776158905,4
ETR,Utilities,pullback20,1728676800000,1728912600000,65.35765944671631,41,63.52999992370606,68.89999923706054,1729863000000,68.86554923744201,target gap,141.0719056417284,1.3398320186576844,1.4117437593675612,9
IBM,Information Technology,pullback20,1727985600000,1728048600000,223.861875,11,214.51100158691406,239.13800048828125,1729886400000,214.4037460861206,stop,-106.44987896864698,1.2312403125,1.1792206034736632,16
PYPL,Financials,pullback20,1729627200000,1729690200000,81.2806178627014,31,77.09340286254883,88.54320526123047,1730232000000,77.05485616111756,stop,-133.4528125964685,1.2598495768718718,1.1943502704973221,5
RTX,Industrials,pullback20,1727812800000,1727875800000,125.28261122131347,21,120.33600082397462,132.49799652099608,1730381400000,121.23935305023194,SMA50 exit,-87.49690221756342,1.3154674178237915,1.2730132070274354,21
TPR,Consumer Discretionary,pullback20,1729886400000,1730122200000,50.86542015266418,47,48.08200263977051,55.305999755859375,1730404800000,48.05796163845063,stop,-134.27524964012807,1.1953373735876083,1.1293620985035897,4
OKE,Energy,pullback20,1730318400000,1730381400000,96.97846530532837,26,92.92300415039062,102.63400268554688,1730491200000,92.87654264831544,stop,-109.11810418573369,1.260720048969269,1.2073950544281007,2
WAB,Industrials,pullback20,1729800000000,1729863000000,190.095,14,183.62000274658203,200,1730903400000,199.9,target gap,134.54003500000007,1.330665,1.3993,8
PH,Industrials,pullback20,1730404800000,1730467800000,631.8857923278808,4,615.9809936523437,670.2480346679688,1730903400000,669.9129106506349,target gap,149.50487588505922,1.2637715846557618,1.33982582130127,3
IBKR,Financials,pullback20,1730232000000,1730295000000,38.294139026641844,68,36.609749221801756,41.410498809814456,1730926800000,41.38979356040955,2R target,207.79525458824435,1.3020007269058227,1.4072529810539247,6
SBUX,Consumer Discretionary,pullback20,1730491200000,1730730600000,98.63929133605957,26,95.14300155639648,106.32400512695312,1730926800000,95.0954300556183,stop,-94.65894466956502,1.2823107873687745,1.2362405907230378,3
CF,Materials,pullback20,1730840400000,1730903400000,86.19307652664185,31,82.90899810791015,93.86199645996093,1730926800000,82.8675436088562,stop,-105.71196006345541,1.3359926861629485,1.284446925937271,1
FICO,Information Technology,pullback20,1729540800000,1729603800000,1979.7794340820312,1,1909.4809204101562,2164.3880126953127,1731013200000,2163.3058186889652,2R target,181.4548419805485,0.9898897170410156,1.0816529093444827,13
COHR,Information Technology,pullback20,1731013200000,1731076200000,108.76435408401488,16,100.92699890136718,126.4959930419922,1731618000000,100.87653540191651,stop,-127.88222602946136,0.8701148326721191,0.8070122832153321,5
NI,Utilities,pullback20,1730840400000,1730903400000,35.32765637397766,76,34.10299987792969,37.48399887084961,1732222800000,37.46525687141419,2R target,159.6915071018514,1.3424509422111512,1.4236797611137393,12
ORCL,Information Technology,pullback20,1730926800000,1730989800000,181.1705418319702,14,174.53899993896485,194.6420166015625,1732222800000,194.5446955932617,2R target,184.60814599610433,1.2681937928237914,1.3618128691528322,11
FISV,Financials,pullback20,1730926800000,1730989800000,210.45518110656738,12,203.45499725341796,226.68999633789062,1733409000000,202.8985,stop gap,-93.16029536544782,1.2627310866394044,1.2173910000000001,19
CVNA,Consumer Discretionary,pullback20,1733346000000,1733409000000,51.755864542007444,42,48.56048049926758,58.95704193115235,1733841000000,48.24586545753479,stop gap,-149.51999787784183,1.0868731553821562,1.0131631746082306,3
FAST,Industrials,pullback20,1732222800000,1732285800000,41.475729331970214,66,39.71750030517578,44.10500030517578,1733864400000,39.697641555023196,stop,-120.03251451777398,1.368699067955017,1.3100221713157656,12
CMG,Consumer Discretionary,pullback20,1731618000000,1731681000000,59.29963545799255,45,56.611999130249025,66.50600128173828,1734037200000,66.47274828109741,2R target,319.9601984055891,1.3342417978048324,1.495636836324692,19
SCHW,Financials,pullback20,1733864400000,1733927400000,82.54124999999999,32,79.38199996948242,88.19599914550781,1734123600000,79.34230896949768,stop,-104.95624991958593,1.32066,1.2694769435119628,3
AMP,Financials,pullback20,1730926800000,1730989800000,563.1514301147461,4,544.8440093994141,612.6019592285156,1734469200000,544.5715873947144,stop,-76.53481691514574,1.1263028602294922,1.0891431747894287,28
WAB,Industrials,pullback20,1732222800000,1732285800000,198.6492780532837,13,191.24000091552733,211.60999450683593,1734555600000,191.14438091506958,stop,-100.09732158007785,1.291220307346344,1.242438475947952,18
ADSK,Information Technology,pullback20,1733778000000,1733841000000,306.3130836639404,8,292.47198791503905,340.70598754882815,1734555600000,292.3257519210816,stop,-114.29320928521071,1.2252523346557616,1.1693030076843263,7
EMR,Industrials,pullback20,1734037200000,1734100200000,131.42568061065674,20,126.77500457763672,139.93000183105468,1734555600000,126.71161707534792,stop,-96.86264368303654,1.3142568061065674,1.267116170753479,4
RCL,Consumer Discretionary,pullback20,1734123600000,1734359400000,247.62374999999997,9,233.16999359130858,269.1700073242188,1734555600000,233.05340859451294,stop,-133.29611986305858,1.1143068749999998,1.0487403386753082,3
LYV,Communication Services,pullback20,1734469200000,1734532200000,138.47920866394043,19,132.6370056152344,148.30599060058594,1734555600000,132.57068711242678,stop,-114.83688348863473,1.315552482307434,1.2594215275680545,1
ACN,Information Technology,pullback20,1734642000000,1734705000000,370.8853622131347,6,355.34300231933594,405.79400634765625,1735050600000,359.77003720092773,SMA50 exit,-68.88391627148415,1.1126560866394044,1.0793101116027832,2
UAL,Industrials,pullback20,1734987600000,1735050600000,99.39967347335815,17,92.31600341796874,113.80800323486328,1735938000000,92.26984541625977,stop,-122.8362678812342,0.8448972245235443,0.7842936860382081,7
CME,Financials,pullback20,1734555600000,1734618600000,236.9484168319702,10,228.31200408935547,254.61599731445312,1736197200000,228.1978480873108,stop,-89.83141877119044,1.184742084159851,1.140989240436554,11
TTWO,Communication Services,pullback20,1735938000000,1736173800000,190.73531938934326,12,181.16400146484375,203.9219970703125,1736283600000,181.07341946411134,stop,-118.17365153590377,1.1444119163360598,1.086440516784668,2
GDDY,Information Technology,pullback20,1734642000000,1734705000000,200.87038927459716,12,193.76100006103516,221.29800720214843,1736370000000,193.66411956100467,stop,-88.84244361612349,1.2052223356475829,1.161984717366028,12
V,Financials,pullback20,1734642000000,1734705000000,313.72679232788084,8,305.8959991455078,332.8480163574219,1736778600000,304.8475,stop gap,-73.50863579235808,1.2549071693115235,1.2193900000000002,13
MCK,Health Care,pullback20,1736283600000,1736346600000,587.7837352294922,4,562.6679809570312,630.3840087890625,1736778600000,581.1292729187012,SMA50 exit,-28.95567525946046,1.1755674704589845,1.1622585458374024,2
ETR,Utilities,pullback20,1736370000000,1736519400000,76.48822194671631,32,73.74099731445312,82.31800079345703,1737147600000,82.27684179306031,2R target,182.69559406317174,1.223811551147461,1.316429468688965,6
UAL,Industrials,pullback20,1736197200000,1736260200000,99.0495,15,91.2469970703125,113.21600494384765,1737556200000,113.15939694137573,target gap,210.05688739357575,0.74287125,0.848695477060318,9
AXON,Industrials,pullback20,1737493200000,1737556200000,608.2839704589843,3,566.2560180664062,684.2280151367188,1737642600000,609.2852318420411,SMA50 exit,1.1774303457187765,0.9124259556884765,0.9139278477630617,1
CIEN,Information Technology,pullback20,1737579600000,1737642600000,93.77686835861205,27,89.43599853515624,105.67799835205078,1737988200000,84.55769847488403,stop gap,-251.32510351290858,1.2659877228412626,1.1415289294109345,2
DECK,Consumer Discretionary,pullback20,1734642000000,1734705000000,203.99194438934325,11,193.54099884033204,228.75799865722655,1738357200000,193.44422834091188,stop,-118.21077548276146,1.1219556941413877,1.0639432558750155,27
FOX,Communication Services,pullback20,1737752400000,1737988200000,46.633305610656734,54,45.026197814941405,49.59760208129883,1738679400000,49.572803280258185,target gap,156.13530921842366,1.259099251487732,1.338465688566971,6
CF,Materials,pullback20,1738357200000,1738593000000,91.28561786270141,26,86.7990005493164,103.03199615478516,1738875600000,86.75560104904174,stop,-120.0949730010041,1.1867130322151185,1.1278228136375426,4
DAL,Industrials,pullback20,1736542800000,1736778600000,66.34315255737305,34,62.848995971679685,75.1519989013672,1739480400000,62.817571473693846,stop,-122.06548915362092,1.1278335934753418,1.0678987150527952,23
WSM,Consumer Discretionary,pullback20,1736542800000,1736778600000,195.14752805328368,11,184.94800262451173,221.01399841308594,1740407400000,196.45172805023194,SMA50 exit,12.19240405786148,1.0733114042930603,1.0804845042762756,28
C,Financials,pullback20,1738875600000,1738938600000,82.47121530532837,30,78.39400253295898,90.20200042724609,1740430800000,78.3548055316925,stop,-125.90468352163128,1.2370682295799256,1.1753220829753874,11
PODD,Health Care,pullback20,1737147600000,1737469800000,279.15949900817867,6,261.06199035644534,305.30601196289064,1740517200000,260.9314593612671,stop,-110.98851075657767,0.8374784970245359,0.7827943780838014,25
EQT,Energy,pullback20,1738616400000,1738679400000,51.44570816802978,48,48.89400024414063,58.752000427246095,1740517200000,48.86955324401856,stop,-126.06300262642773,1.2346969960327148,1.1728692778564456,15
SOLV,Health Care,pullback20,1740517200000,1740580200000,83.54175,28,79.61519775390624,91.44959716796875,1740776400000,79.5753901550293,stop,-113.34171562134992,1.1695845,1.1140554621704102,3
MMM,Industrials,pullback20,1740776400000,1741012200000,155.57774999999998,15,148.922998046875,167.5139892578125,1741122000000,148.84853654785155,stop,-103.22139893133532,1.166833125,1.1163640241088868,2
V,Financials,pullback20,1740430800000,1740493800000,351.54568011474606,6,339.75099182128906,370.0779724121094,1741381200000,339.58111632537845,stop,-73.86076312552606,1.0546370403442382,1.0187433489761355,9
DRI,Consumer Discretionary,pullback20,1740517200000,1740580200000,198.3291107254028,11,189.25400390625,214.56199951171874,1741381200000,189.1593769042969,stop,-102.99825871412848,1.0908101089897155,1.040376572973633,8
CNP,Utilities,pullback20,1739480400000,1739543400000,33.61679847335815,74,32.227000045776364,35.83600082397461,1741699800000,34.87255438995361,SPY below SMA200,90.3918317721216,1.2438215435142514,1.2902845124282838,16
AEE,Utilities,pullback20,1740171600000,1740407400000,98.84940305328368,24,95.02799835205079,105.56400604248047,1741699800000,98.33080725479127,SPY below SMA200,-14.81246168751481,1.1861928366394041,1.1799696870574954,11
TTWO,Communication Services,pullback20,1741122000000,1741185000000,208.20405610656738,8,195.52000732421874,234.60999450683593,1741699800000,201.93897328948975,SPY below SMA200,-51.76123465420524,0.8328162244262696,0.807755893157959,4
ABT,Health Care,pullback20,1741381200000,1741613400000,136.49820767211912,16,132.1350067138672,147.14998474121094,1741699800000,136.99146755981445,SPY below SMA200,5.7042408012698225,1.091985661376953,1.0959317404785156,1
T,Communication Services,pullback20,1741381200000,1741613400000,27.123555610656737,84,25.983001136779784,29.394000244140624,1741699800000,26.456764313697818,SPY below SMA200,-58.26084238137214,1.139189335647583,1.1111841011753083,1
GE,Industrials,pullback20,1742846400000,1742909400000,210.87538927459715,9,198.70799560546874,233.27399597167968,1743082200000,206.2568206100464,SPY below SMA200,-43.444212925437775,0.9489392517356873,0.9281556927452087,2
BRO,Financials,pullback20,1742846400000,1742909400000,121.04049335861205,18,116.58700180053711,129.76600646972656,1743082200000,122.19887213516236,SPY below SMA200,18.661663688461566,1.0893644402275087,1.0997898492164613,2
AJG,Financials,pullback20,1742846400000,1742909400000,338.3490826721191,6,323.6800170898438,365.65000610351564,1743082200000,338.33075,SPY below SMA200,-2.140035530730792,1.0150472480163573,1.01499225,2
RSG,Industrials,pullback20,1742846400000,1742909400000,236.93841732788084,9,227.88300628662108,252.20400390625,1743082200000,239.03041889953616,SPY below SMA200,16.686154381874474,1.0662228779754637,1.0756368850479128,2
VTR,Real Estate,pullback20,1742846400000,1742909400000,67.94395866394042,33,65.23299789428711,74.16400146484375,1743082200000,68.03596469497681,SPY below SMA200,0.7925302887787626,1.121075317955017,1.1225934174671175,2
GILD,Health Care,pullback20,1747080000000,1747143000000,102.61127755737304,17,96.32700042724609,118.80599822998047,1747229400000,100.8795353050232,SMA50 exit,-31.169290199277757,0.872195859237671,0.8574760500926972,1
AIG,Financials,pullback20,1747080000000,1747143000000,83.69182652664185,27,79.79700164794922,90.81600036621094,1747315800000,82.09892938995361,SMA50 exit,-45.246397895456425,1.129839658109665,1.1083355467643736,2
TJX,Consumer Discretionary,pullback20,1747080000000,1747143000000,131.74583267211912,17,126.56700439453125,141.33600769042968,1748030400000,126.50372089233399,stop,-91.31102146164513,1.1198395777130123,1.075281627584839,9
PGR,Financials,pullback20,1747166400000,1747229400000,283.8718759918213,7,269.7419967651367,308.28599548339844,1749499200000,269.60712576675417,stop,-101.79042808162494,0.9935515659713746,0.9436249401836396,18
EW,Health Care,pullback20,1747080000000,1747143000000,74.91743725204468,29,71.14600219726563,82.10800476074219,1750253400000,72.74360877990723,SMA50 exit,-65.18211085944918,1.0863028401546477,1.054782327308655,25
NEM,Materials,pullback20,1749499200000,1749562200000,53.43670484733581,34,50.26200065612793,59.31599502563476,1750708800000,59.28633702812195,2R target,196.97120243484588,0.9084239824047088,1.0078677294780731,9
WRB,Financials,pullback20,1748030400000,1748352600000,73.3266459159851,30,70.63600234985351,77.96800079345704,1750944600000,72.00398091506959,SMA50 exit,-41.859909429931015,1.0998996887397763,1.080059713726044,21
FAST,Industrials,pullback20,1747252800000,1747315800000,40.28513188934326,56,38.43300094604492,43.89900131225586,1752177600000,43.877051811599735,2R target,198.79097450273608,1.1279836929016114,1.2285574507247925,38
TDG,Industrials,pullback20,1747080000000,1747143000000,1421.5403710327148,1,1338.6210083007813,1574.29814453125,1752523200000,1573.5109954589846,2R target,150.47309874302388,0.7107701855163574,0.7867554977294923,42
IDXX,Health Care,pullback20,1752177600000,1752240600000,539.1894429016113,4,521.9570251464844,579.3560302734375,1752672600000,516.7415,stop gap,-91.90363349224853,1.0783788858032226,1.033483,3
MOS,Materials,pullback20,1750190400000,1750253400000,36.368173473358155,54,34.3370002746582,39.805998992919925,1752845400000,35.65216316986084,SMA50 exit,-40.609105478221835,0.9819406837806702,0.9626084055862427,20
NFLX,Communication Services,pullback20,1750708800000,1750771800000,126.11802780532837,18,120.5361946105957,134.989599609375,1752868800000,120.4759265132904,stop,-103.77716884555092,1.1350622502479553,1.0842833386196138,18
JCI,Industrials,pullback20,1752523200000,1752586200000,106.60327805328369,21,102.69900360107422,113.38199920654297,1753819200000,102.6476540992737,stop,-85.26523782181172,1.1193344195594788,1.0778003680423738,11
LITE,Information Technology,pullback20,1752609600000,1752672600000,98.14904847335815,16,91.2167984008789,111.9864013671875,1753819200000,111.93040816650391,2R target,218.82111943721324,0.7851923877868652,0.8954432653320313,10
DIS,Communication Services,pullback20,1752782400000,1752845400000,122.03098622131347,19,118.7089973449707,129.21200256347657,1753992000000,118.64964284629822,stop,-66.53199010143203,1.159294369102478,1.1271716070398332,10
BKNG,Consumer Discretionary,pullback20,1750881600000,1750944600000,220.93681395721435,10,211.7699996948242,234.7020050048828,1754055000000,219.06921308898927,SMA50 exit,-20.87603881748184,1.1046840697860718,1.0953460654449463,25
JBL,Information Technology,pullback20,1753819200000,1753882200000,230.11499999999998,9,218.69900360107422,253.74200744628905,1754055000000,218.54066889953614,stop gap,-106.18793041422245,1.0355174999999999,0.9834330100479126,2
FLEX,Information Technology,pullback20,1753819200000,1753882200000,51.91594438934326,37,48.91099967956543,57.577998352050784,1754055000000,48.675650762557986,stop gap,-121.7518087013653,0.9604449712028503,0.9004995391073228,2
WMB,Energy,pullback20,1753992000000,1754055000000,59.70984030532836,37,57.48800086975098,64.8740005493164,1754424000000,57.45925686931611,stop,-85.43921543018439,1.1046320456485748,1.0629962520823482,3
ES,Utilities,pullback20,1753992000000,1754055000000,66.61329183197022,33,63.966996383666995,70.36600265502929,1755610200000,64.56769847488404,SMA50 exit,-69.6690671239069,1.0991193152275087,1.0653670248355867,12
ORCL,Information Technology,pullback20,1755547200000,1755610200000,249.37462499999998,7,234.5830047607422,278.04401245117185,1755633600000,234.46571325836183,stop,-106.05582337537132,0.8728111875,0.8206299964042665,1
FERG,Industrials,pullback20,1752868800000,1753104600000,223.0314581680298,10,215.50298919677735,237.36400146484374,1755892800000,237.24531946411133,2R target,139.83722907265474,1.115157290840149,1.1862265973205568,25
XYL,Industrials,pullback20,1753992000000,1754055000000,143.76184744262696,15,139.6869918823242,154.48600158691406,1756843200000,139.61714838638306,stop,-64.29582831237599,1.078213855819702,1.047128612897873,22
ALL,Financials,pullback20,1753992000000,1754055000000,202.101,11,195.19400329589843,219.36199340820312,1757424600000,200.45971755981446,SMA50 exit,-20.26819078861986,1.1115555,1.1025284465789795,26
HAS,Consumer Discretionary,pullback20,1754424000000,1754487000000,77.35865969467163,27,73.3760009765625,84.15800170898437,1757597400000,77.67114408493042,SMA50 exit,6.344176185962659,1.0443419058780672,1.0485604451465607,25
IDXX,Health Care,pullback20,1757361600000,1757424600000,653.1564320983887,3,628.6430053710938,701.2040405273438,1757707200000,628.3286838684082,stop,-76.40547236389153,0.979734648147583,0.9424930258026124,4
ORCL,Information Technology,pullback20,1757534400000,1757597400000,330.5051663360596,3,302.7769805908203,379.4359985351563,1757707200000,302.6255921005249,stop,-84.58841884425891,0.49575774950408935,0.45393838815078735,2
LVS,Consumer Discretionary,pullback20,1755633600000,1755696600000,53.19658316802978,41,51.23799781799316,58.32399978637695,1758115800000,52.12392652511597,SMA50 exit,-46.13799280817583,1.0905299549446106,1.0685404937648773,19
CAT,Industrials,pullback20,1757707200000,1757943000000,434.0469015655517,4,414.2679901123047,466.02398681640625,1758225600000,465.79097482299807,2R target,125.17661727700833,0.8680938031311034,0.9315819496459962,4
IDXX,Health Care,pullback20,1758052800000,1758115800000,644.9123218688965,3,621.2210144042969,694.5080444335938,1758807000000,620.6195276794434,stop gap,-74.77668034268166,0.9673684828033448,0.9309292915191653,6
INCY,Health Care,pullback20,1756843200000,1756906200000,85.96295816802979,26,82.19900436401367,93.54200134277343,1758830400000,82.15790486183167,stop,-101.11695718053927,1.1175184561843872,1.0680527632038117,17
IVZ,Financials,pullback20,1755892800000,1756128600000,21.570779465675354,104,20.52599925994873,23.59799919128418,1759435200000,23.58620019168854,2R target,207.25559256318843,1.1216805322151184,1.2264824099678042,28
NOC,Industrials,pullback20,1758744000000,1758807000000,590.295,3,568.3420227050781,622.1260131835937,1759843800000,621.814950177002,target gap,92.74168560574046,0.8854424999999999,0.932722425265503,8
WYNN,Consumer Discretionary,pullback20,1758225600000,1758288600000,130.065,12,121.72499237060546,142.58999328613282,1759953600000,121.66412987442017,stop,-102.32081628620446,0.78039,0.729984779246521,14
GOOG,Communication Services,pullback20,1759780800000,1759843800000,249.05445767211913,8,240.33049468994142,273.868994140625,1760040000000,240.21032944259645,stop,-72.71008498464032,0.9962178306884766,0.9608413177703858,3
CHRW,Industrials,pullback20,1758830400000,1758893400000,134.08701427459715,16,128.425,144.66998901367188,1760126400000,128.36078750000001,stop,-93.71921080775097,1.0726961141967772,1.0268863000000001,11
BNY,Financials,pullback20,1757707200000,1757943000000,107.06350713729857,20,102.79600296020507,113.84800415039062,1760362200000,105.49722805023194,SMA50 exit,-33.45118909320796,1.0706350713729857,1.0549722805023194,20
ANET,Information Technology,pullback20,1760040000000,1760103000000,159.93993061065672,7,145.75409698486328,183.18179321289062,1760385600000,145.68121993637087,stop,-100.88064874691555,0.5597897571372985,0.5098842697772981,2
DGX,Health Care,pullback20,1760126400000,1760362200000,182.8013617172241,11,177.51200256347656,197.18601684570314,1761076800000,197.08742383728028,2R target,155.05729500006828,1.0054074894447325,1.0839808311050416,7
FIX,Industrials,pullback20,1759953600000,1760016600000,845.042305114746,1,787.9139831542968,958.0320190429687,1761163200000,787.5200261627198,stop,-58.33856011766496,0.422521152557373,0.3937600130813599,10
D,Utilities,pullback20,1760126400000,1760362200000,60.79037832069397,35,58.96300201416015,64.98399963378907,1761744600000,59.490240457534796,SMA50 exit,-47.60973603919002,1.0638316206121445,1.041079208006859,12
TER,Information Technology,pullback20,1761076800000,1761139800000,141.6007637786865,11,132.3439971923828,165.30201110839843,1761744600000,165.21936010284423,target gap,258.1170488843866,0.7788042007827759,0.9087064805656433,5
P,Information Technology,pullback20,1759435200000,1759498200000,88.62429183197021,19,83.15760040283203,98.43479919433594,1761940800000,98.38558179473877,2R target,183.68791549314886,0.841930772403717,0.9346630270500184,21
TJX,Consumer Discretionary,pullback20,1761681600000,1761744600000,143.64179232788086,15,139.60599517822266,152.8780059814453,1762180200000,140.3098148803711,SMA50 exit,-52.10929876670825,1.0773134424591064,1.0523236116027834,3
INCY,Health Care,pullback20,1761163200000,1761226200000,87.69382652664184,23,83.2979965209961,97.58399963378906,1762203600000,97.53520763397218,2R target,224.22163157575065,1.0084790050563812,1.12165488779068,8
EXPE,Consumer Discretionary,pullback20,1761681600000,1761744600000,229.15451328277587,5,208.55500335693358,258.7900024414063,1762266600000,213.58315744018554,SMA50 exit,-78.96362338975901,0.5728862832069397,0.5339578936004639,4
ECHO,Communication Services,pullback20,1760385600000,1760448600000,74.03699999999999,22,69.32399673461914,85.902001953125,1762439400000,72.36380152511597,SMA50 exit,-38.420775264224666,0.814407,0.7960018167762758,17
CRH,Materials,pullback20,1761940800000,1762180200000,119.29961786270141,18,114.03199768066406,129.23600006103516,1762439400000,113.15339408493043,stop gap,-112.72410510740642,1.0736965607643125,1.0183805467643738,3
VTRS,Health Care,pullback20,1762203600000,1762266600000,10.445219580173491,212,10.087999820709229,11.413999557495117,1762462800000,10.082955820798874,stop,-78.97590357992186,1.10719327549839,1.0687933170046806,3
ES,Utilities,pullback20,1762203600000,1762266600000,74.94745866394042,29,71.625,79.83000183105469,1762462800000,71.58918750000001,stop,-99.51464512364919,1.086738150627136,1.0380432187500002,3
APTV,Consumer Discretionary,pullback20,1762376400000,1762439400000,83.15155561065673,26,79.0530014038086,92.7239990234375,1762525800000,81.92901622009278,SMA50 exit,-33.9320715884625,1.0809702229385376,1.065077210861206,1
P,Information Technology,pullback20,1762376400000,1762439400000,97.64879847335816,14,90.0222038269043,110.98559875488282,1762549200000,89.97719272499086,stop,-108.71586241553062,0.6835415893135071,0.629840349074936,2
BIIB,Health Care,pullback20,1762462800000,1762525800000,156.7783469467163,11,147.42400665283202,175.37200317382812,1763758800000,175.2843171722412,2R target,201.73932782811954,0.8622809082069397,0.9640637444473266,11
A,Health Care,pullback20,1761940800000,1762180200000,145.14254232788085,15,139.7469970703125,159.58600769042968,1764104400000,159.50621468658449,2R target,213.1702197029461,1.0885690674591064,1.1962966101493837,17
SRE,Utilities,pullback20,1762462800000,1762525800000,93.11653469467163,23,89.3089973449707,99.72200164794921,1764772200000,91.03446183013916,SMA50 exit,-50.005412344281986,1.0708401489887238,1.0468963110466005,17
WBD,Communication Services,pullback20,1764104400000,1764167400000,23.18158507633209,58,21.297999382019043,26.283998489379883,1765204200000,26.270856490135195,target gap,177.74362119515249,0.6722659672136307,0.7618548382139206,7
CMI,Industrials,pullback20,1762462800000,1762525800000,463.0313877868652,3,435.53598937988284,517.3279846191406,1765400400000,517.0693206268311,2R target,160.64364745727713,0.6945470816802978,0.7756039809402466,23
WAT,Health Care,pullback20,1765400400000,1765463400000,396.0979438934326,5,376.0450134277344,435.3699951171875,1765918800000,375.85699092102055,stop,-103.13465219909644,0.9902448597335816,0.9396424773025513,4
AAPL,Information Technology,pullback20,1763758800000,1763994600000,271.0354438934326,8,260.0769897460938,294.3159912109375,1767364200000,272.1238797607422,SMA50 exit,6.5348496438602055,1.0841417755737304,1.088495519042969,26
LVS,Consumer Discretionary,pullback20,1765918800000,1765981800000,67.35365969467162,32,63.96900100708008,74.0219970703125,1767709800000,64.23786164474488,SMA50 exit,-101.8110019390863,1.077658555114746,1.0278057863159182,12
ILMN,Health Care,pullback20,1764968400000,1765204200000,129.33463927459715,14,121.26500701904297,144.35000610351562,1767733200000,144.27783110046389,2R target,207.28939826950884,0.90534247492218,1.0099448177032473,20
CAH,Health Care,pullback20,1767733200000,1767796200000,208.19404133605957,11,202.74199981689452,219.95598754882812,1767906000000,202.6406288169861,stop,-63.34712839564998,1.1450672273483276,1.1145234584934236,2
CAT,Industrials,pullback20,1764709200000,1764772200000,581.6907244262695,3,548.4759765625,650.457958984375,1768510800000,650.1327300048828,2R target,203.47828155419302,0.8725360866394043,0.9751990950073242,30
EXPE,Consumer Discretionary,pullback20,1768510800000,1768573800000,294.1770137786865,8,280.24400329589844,322.35198974609375,1768919400000,276.60162023925784,stop gap,-142.88626285150104,1.176708055114746,1.1064064809570313,1
JNJ,Health Care,pullback20,1767214800000,1767364200000,206.92341732788086,10,200.20799865722657,220.43399353027343,1769115600000,220.3237765335083,2R target,131.86735608696745,1.0346170866394044,1.1016188826675417,14
PLD,Real Estate,pullback20,1762549200000,1762785000000,125.49271530532836,17,120.24199600219727,136.31600341796874,1769178600000,126.8665353050232,SMA50 exit,21.20988636462438,1.0666880800952911,1.0783655500926972,50
JKHY,Financials,pullback20,1767906000000,1767969000000,187.843875,12,180.59099578857422,202.06800842285156,1769461200000,180.50070029067993,stop,-90.32816396358488,1.12706325,1.0830042017440797,11
HSIC,Health Care,pullback20,1768597200000,1768919400000,79.72984744262695,29,76.56800384521485,86.80400238037109,1769547600000,76.52971984329224,stop,-95.06946410635231,1.1560827879180908,1.1096809377277375,6
LLY,Health Care,pullback20,1769115600000,1769178600000,1084.2718454589842,1,1026.5060424804688,1209.1279296875,1769610600000,1028.5954303588867,SMA50 exit,-56.73284873800647,0.5421359227294921,0.5142977151794433,3
REGN,Health Care,pullback20,1769547600000,1769610600000,765.5325994262695,2,731.4510070800782,850.8479858398438,1769697000000,755.3521154785157,SMA50 exit,-21.88185261041244,0.7655325994262695,0.7553521154785157,1
DG,Consumer Staples,pullback20,1769461200000,1769524200000,151.06550049591064,12,142.04100494384767,166.90799560546876,1769720400000,141.96998444137574,stop,-110.90440556404249,0.9063930029754638,0.8518199066482545,3
FDX,Industrials,pullback20,1769115600000,1769178600000,248.91568592834471,9,239.5721176147461,269.79210510253904,1770066000000,269.6572090499878,2R target,184.34013006738513,1.1201205866775512,1.213457440724945,7
JBHT,Industrials,pullback20,1767646800000,1767709800000,202.54122244262695,11,194.06200561523437,217.93600158691407,1770152400000,217.82703358612062,2R target,165.8318971702723,1.1139767234344482,1.1980486847236635,20
GS,Financials,pullback20,1769634000000,1769697000000,937.7686377868652,2,889.9419799804688,1030.5460327148437,1770325200000,889.4970089904785,stop,-98.37052323955055,0.9377686377868651,0.8894970089904786,6
EXPD,Industrials,pullback20,1770066000000,1770129000000,163.97194438934326,14,157.44900207519532,175.75200500488282,1770930000000,157.37027757415774,stop,-94.67273096634185,1.1478036107254028,1.1015919430191043,8
KEY,Financials,pullback20,1769720400000,1769783400000,21.50074477100372,104,20.642999267578126,23.603998947143555,1771943400000,21.009490457534792,SMA50 exit,-53.300980832652584,1.1180387280921935,1.0924935037918093,16
CAH,Health Care,pullback20,1769547600000,1769610600000,212.72630511474608,10,205.60699768066405,230.9059844970703,1772461800000,230.7905315048218,target gap,178.4246797176592,1.0636315255737305,1.1539526575241088,22
ROST,Consumer Discretionary,pullback20,1770930000000,1770993000000,194.6272637786865,11,187.68900604248046,209.17200622558593,1772634600000,209.06742022247315,target gap,156.6214001196466,1.0704499507827758,1.1498708112236022,12
SLB,Energy,pullback20,1771880400000,1771943400000,51.49573622131347,32,47.99100189208984,57.7380012512207,1772658000000,47.9670063911438,stop,-114.51075844722887,0.8239317795410156,0.7674721022583008,7
FDX,Industrials,pullback20,1772658000000,1772721000000,308.5022880706787,7,294.5850036621094,339.3311828613281,1772807400000,293.94642860412597,stop gap,-103.99958677423075,1.0797580082473752,1.0288125001144408,1
HON,Industrials,pullback20,1772226000000,1772461800000,254.66318714904784,9,246.2611511230469,273.88568725585935,1772830800000,246.13802054748538,stop,-78.98010484869656,1.1459843421707154,1.1076210924636842,5
DG,Consumer Staples,pullback20,1770152400000,1770215400000,149.41466633605955,11,139.2179962158203,165.68398742675782,1773063000000,144.677625,SMA50 exit,-53.72496229900335,0.8217806648483276,0.7957269375000001,22
LMT,Industrials,pullback20,1772830800000,1773063000000,675.9178070983886,2,635.8680297851563,743.5739990234375,1773777600000,635.5500957702637,stop,-82.0468905591184,0.6759178070983887,0.6355500957702638,7
AMGN,Health Care,pullback20,1770325200000,1770388200000,370.17498522949217,5,348.5489837646484,406.3019958496094,1773927000000,353.12333779907226,SMA50 exit,-87.06648295967094,0.9254374630737304,0.8828083444976806,28
WMT,Consumer Staples,pullback20,1772571600000,1772634600000,127.17355561065673,17,120.60100326538085,142.52800445556642,1773927000000,122.33880152511597,SMA50 exit,-84.31167448984709,1.0809752226905824,1.0398798129634856,11
RTX,Industrials,pullback20,1772830800000,1773063000000,211.86587450408933,8,198.74199829101562,231.79598693847657,1773950400000,198.64262729187013,stop,-107.42801170493749,0.8474634980163573,0.7945705091674805,9
CVX,Energy,pullback20,1772744400000,1772807400000,190.9754448852539,11,182.72698974609375,204.24600219726562,1774013400000,201.29929389953614,SPY below SMA200,111.40482809378835,1.0503649468688965,1.1071461164474488,10
BG,Consumer Staples,pullback20,1773777600000,1773840600000,125.75284744262694,13,117.94900054931641,141.98199615478515,1774013400000,122.85853816986085,SPY below SMA200,-39.24199455244039,0.8173935083770751,0.7985804981040956,2
HAL,Energy,pullback20,1773864000000,1773927000000,36.30814591598511,42,33.78800239562988,41.08399887084961,1774013400000,37.22138167762756,SPY below SMA200,36.81178190951721,0.7624710642356872,0.7816490152301787,1
JNJ,Health Care,pullback20,1775678400000,1775741400000,241.42065305328367,9,233.04800415039062,257.8040008544922,1776087000000,237.59115171051027,SMA50 exit,-36.62106520639765,1.0863929387397766,1.0691601826972963,2
EIX,Utilities,pullback20,1775678400000,1775741400000,74.22709744262696,29,71.20099716186523,80.64800109863282,1776283200000,71.1653966632843,stop,-90.8975137654728,1.076292912918091,1.0318982516176223,5
DE,Industrials,pullback20,1775678400000,1775741400000,607.9938474426269,3,577.20400390625,673.5520141601562,1776283200000,576.9154019042969,stop,-95.01270048901044,0.9119907711639405,0.8653731028564454,5
BG,Consumer Staples,pullback20,1775678400000,1775741400000,127.29361835861205,11,118.06600418090821,145.3179962158203,1776346200000,120.1199103050232,SMA50 exit,-80.27156299712739,0.7001149009723663,0.6606595066776276,5
PNW,Utilities,pullback20,1776283200000,1776346200000,102.62128469467163,21,99.23500289916993,109.9300033569336,1778074200000,101.41926622009278,SMA50 exit,-27.384813750760873,1.0775234892940522,1.0649022953109744,14
NI,Utilities,pullback20,1776283200000,1776346200000,47.313645915985106,45,45.58899917602539,50.93199844360352,1778247000000,47.21638167762757,SMA50 exit,-6.503816346945543,1.064557033109665,1.0623685877466202,16
KEYS,Information Technology,pullback20,1775678400000,1775741400000,318.159,4,293.4712829589844,368.0473937988281,1778529600000,367.86337010192875,2R target,197.4454356675112,0.636318,0.7357267402038575,23
ROST,Consumer Discretionary,pullback20,1778011200000,1778074200000,228.20404133605956,9,219.28499755859374,243.68999938964845,1778529600000,219.17535505981445,stop,-83.27138376998742,1.026918186012268,0.986289097769165,4
TGT,Consumer Staples,pullback20,1776283200000,1776346200000,123.50172244262694,15,116.59700393676758,135.41600036621094,1778592600000,120.93950000000001,SMA50 exit,-40.26664580772369,0.9262629183197021,0.9070462500000002,18
SBAC,Real Estate,pullback20,1778184000000,1778247000000,217.36862450408935,10,207.3429916381836,241.17400207519532,1778702400000,207.23932014236453,stop,-103.41608334048047,1.0868431225204467,1.0361966007118226,4
KIM,Real Estate,pullback20,1775851200000,1776087000000,23.101545152664183,95,22.31200008392334,24.886000061035155,1778765400000,23.148419847488405,SMA50 exit,2.2562226707938438,1.0973233947515486,1.0995499427556992,23
AMZN,Consumer Discretionary,pullback20,1778702400000,1778765400000,269.2845688934326,7,256.1880081176758,298.0139984130859,1779220800000,256.05991411361697,stop,-94.41128914923414,0.9424959911270141,0.8962096993976594,4
ALL,Financials,pullback20,1779220800000,1779283800000,224.85237549591062,9,214.27200164794922,245.1960021972656,1779393600000,214.16486564712525,stop,-98.16316622421198,1.0118356897315979,0.9637418954120637,2
VLO,Energy,pullback20,1778529600000,1778592600000,250.22505610656737,5,230.23500213623046,283.9200103759766,1779456600000,241.67910305023196,SMA50 exit,-43.959525679569026,0.6255626402664184,0.6041977576255799,8
FANG,Energy,pullback20,1778529600000,1778592600000,198.15902755737304,6,182.76699676513672,222.91598815917968,1779888600000,191.86402671051027,SMA50 exit,-38.94007424398023,0.5944770826721191,0.5755920801315308,10
NUE,Materials,pullback20,1779393600000,1779456600000,229.21455610656736,7,215.1250015258789,249.07000427246095,1779998400000,248.94546927032474,2R target,136.44283205748252,0.8022509463729858,0.8713091424461366,4
LIN,Materials,pullback20,1778529600000,1778592600000,504.4420974426269,4,484.6419982910156,543.9159851074219,1780320600000,495.90191889953616,SMA50 exit,-36.16140220504732,1.0088841948852538,0.9918038377990723,13
GOOGL,Communication Services,pullback20,1779825600000,1779888600000,386.8633484344482,5,367.4599914550781,431.72003173828125,1780407000000,366.4067013397217,stop gap,-104.16641059806803,0.9671583710861206,0.9160167533493042,4
AMZN,Consumer Discretionary,pullback20,1779393600000,1779456600000,268.7943336639404,6,254.03799896240236,297.30397644042966,1780516800000,253.91097996292118,stop,-90.86823814699588,0.8063830009918211,0.7617329398887636,8
AVGO,Information Technology,pullback20,1780084800000,1780320600000,450.31504133605955,2,413.75298767089845,512.8039916992187,1780579800000,408.78549523925784,stop gap,-83.91819273017873,0.45031504133605954,0.40878549523925783,3
CAT,Industrials,pullback20,1780516800000,1780579800000,914.4469852294922,2,868.275,1041.9899780273438,1781121600000,867.8408625000001,stop,-94.99453330671366,0.9144469852294922,0.8678408625000001,5
SLB,Energy,pullback20,1780516800000,1780579800000,57.018496679306025,30,53.75999870300293,63.029998016357425,1781553600000,53.73311870365143,stop,-100.2226135003823,0.8552774501895903,0.8059967805547715,8
CASY,Consumer Staples,pullback20,1781121600000,1781184600000,919.6495974426269,1,850.5689758300781,1045.6619750976563,1781726400000,850.1436913421632,stop,-70.39080274485619,0.4598247987213135,0.4250718456710816,5
EBAY,Consumer Discretionary,pullback20,1778702400000,1778765400000,112.95645152664184,12,104.83300399780273,129.36399841308594,1782221400000,105.03745133972168,SMA50 exit,-96.33596566024008,0.677738709159851,0.6302247080383302,26
SPY,ETF / index,pullback20,1781553600000,1781616600000,754.9272627868652,2,736.3179992675781,791.854052734375,1782221400000,733.4430925598145,stop gap,-44.45671080944796,0.7549272627868652,0.7334430925598145,4
ELV,Health Care,pullback20,1780344000000,1780407000000,401.2005,5,383.46099853515625,441.0580139160156,1782331200000,383.2692680358887,stop,-91.61733424064624,1.0030012499999998,0.9581731700897217,16
WST,Health Care,pullback20,1779998400000,1780061400000,324.13198622131347,4,302.97998046875,359.44000244140625,1782849600000,359.26028244018556,2R target,139.14640033816536,0.6482639724426269,0.7185205648803712,22
BNY,Financials,pullback20,1781726400000,1781789400000,147.73383366394043,11,139.45000457763672,159.3100128173828,1784145600000,159.23035781097414,2R target,124.77346256425878,0.8125360851516724,0.8757669679603578,18
NTRS,Financials,pullback20,1782158400000,1782221400000,174.99745866394042,11,167.547998046875,191.58399658203126,1784232000000,191.48820458374027,2R target,179.3825339699361,0.9624860226516724,1.0531851252105715,17
URI,Industrials,pullback20,1782331200000,1782394200000,1095.717628967285,1,1019.8639587402344,1211.4319946289063,1784577600000,1019.3540267608643,stop,-77.42113803428482,0.5478588144836425,0.5096770133804321,17
BEN,Financials,pullback20,1784145600000,1784208600000,33.33665969467163,58,31.646001434326173,37.59800033569336,1784640600000,32.39379484748841,SMA50 exit,-56.59234431834959,0.9667631311454774,0.9394200505771638,3
FFIV,Information Technology,pullback20,1782849600000,1782912600000,413.6167086639404,3,389.0939971923828,469.6919799804688,1784836800000,388.8994501937866,stop,-75.35554964874801,0.6204250629959106,0.5833491752906799,16
ESS,Real Estate,pullback20,1784577600000,1784640600000,294.147,6,282.05498046875,317.3799987792969,1785441600000,281.9139529785156,stop,-75.12646498784174,0.882441,0.8457418589355469,8
MNST,Consumer Staples,pullback20,1785441600000,1785504600000,48.72435076332092,41,46.65150032043457,53.172001647949216,1785787200000,46.62817457027435,stop,-87.89795068424795,0.9988491906480789,0.9558775786906242,2
FRT,Real Estate,pullback20,1782158400000,1782221400000,122.43118774795532,16,117.83400268554688,129.49199829101562,1785936600000,123.08842652511598,SMA50 exit,8.551663520385944,0.9794495019836426,0.9847074122009278,30
DVA,Health Care,pullback20,1784232000000,1784295000000,234.45716633605954,7,221.03499755859374,259.9599884033203,1785936600000,205.147375,stop gap,-206.70715524709294,0.8206000821762084,0.7180158125,13
AIZ,Financials,pullback20,1785787200000,1785850200000,280.8103484344482,6,272.5200134277344,302.13001708984376,1785960000000,301.97895208129887,2R target,125.26325397955678,0.8424310453033447,0.9059368562438966,2
AIZ,Financials,pullback20,1785960000000,1786023000000,301.1004872131347,6,290.06300354003906,324.5840148925781,1786132800000,289.91797203826906,stop,-68.86814642694823,0.9033014616394042,0.8697539161148072,2
HRL,Consumer Staples,pullback20,1785873600000,1785936600000,25.442715305328367,73,24.14899959564209,27.72200126647949,1786455000000,24.587700381278992,SMA50 exit,-64.24219962816551,0.9286591086444854,0.8974510639166833,4
GEN,Information Technology,pullback20,1786132800000,1786368600000,28.814399236679076,63,27.3290002822876,32.85199966430664,1787232600000,27.30633969497681,stop gap,-96.77555440358995,0.907653575955391,0.8601497003917695,8
ILMN,Health Care,pullback20,1784836800000,1784899800000,198.099,6,182.38400268554688,225.81199645996094,1787688000000,225.69909046173098,2R target,164.32914849900072,0.5942970000000001,0.6770972713851929,23
PKG,Materials,pullback20,1787169600000,1787232600000,250.19504232788086,7,239.98500213623046,278.7600067138672,1787947200000,239.86500963516235,stop,-74.02543903090019,0.875682648147583,0.8395275337230682,7
EXPE,Consumer Discretionary,pullback20,1787947200000,1788183000000,325.40261022949215,4,303.9090148925781,380.5019775390625,1788292800000,303.75706038513187,stop,-87.8405187186704,0.6508052204589844,0.6075141207702638,2
WELL,Real Estate,pullback20,1788292800000,1788355800000,240.82034694671628,7,231.14300537109375,258.97398376464844,1788874200000,234.16285877990725,SMA50 exit,-48.2648583877064,0.8428712143135071,0.8195700057296754,3
ALL,Financials,pullback20,1784577600000,1784640600000,251.91588828277585,8,240.35998992919923,280.4700073242187,1788960600000,251.88398950958253,SMA50 exit,-2.2703896967159864,1.0076635531311033,1.00753595803833,35
WELL,Real Estate,pullback20,1788897600000,1788960600000,237.0984857254028,7,227.74500427246093,256.25999145507814,1789047000000,238.2308311004639,SMA50 exit,6.2627650165370135,0.8298447000389099,0.8338079088516236,1
HSIC,Health Care,pullback20,1787688000000,1787751000000,90.01498622131348,21,85.54600143432617,97.85800170898438,1789133400000,88.49573091506959,SMA50 exit,-33.77872396105375,0.9451573553237915,0.9292051746082307,11
BNY,Financials,pullback20,1786392000000,1786455000000,159.57975,12,152.63499145507814,173.0199951171875,1789479000000,156.23184255981445,SMA50 exit,-42.06975883758533,0.9574785,0.9373910553588867,24
STT,Financials,pullback20,1788984000000,1789047000000,191.52570767211913,9,183.94300537109376,207.78398742675782,1789502400000,183.85103386840822,stop,-70.7612595703305,0.861865684524536,0.827329652407837,4
AMP,Financials,pullback20,1789416000000,1789479000000,556.1279005737305,3,535.3759765625,604.8679809570312,1789588800000,535.1082885742188,stop,-64.69569028225689,0.8341918508605957,0.8026624328613282,2
V,Financials,pullback20,1789502400000,1789565400000,375.14747145080565,5,363.9619903564453,398.9360046386719,1790107200000,363.7800093612671,stop,-58.68462914972292,0.9378686786270142,0.9094500234031677,5
EXPD,Industrials,pullback20,1788552000000,1788874200000,188.3741387786865,10,181.7790054321289,202.8419982910156,1790343000000,183.71809255981447,SMA50 exit,-48.42092334541286,0.9418706938934326,0.9185904627990724,13
ARE,Real Estate,pullback20,1789588800000,1789651800000,53.72685076332092,22,49.672000885009766,61.215999603271484,1790343000000,50.27484923744202,SMA50 exit,-77.08805226934416,0.5909953583965302,0.5530233416118622,6
WAT,Health Care,pullback20,1785873600000,1785936600000,399.05941534423823,3,370.4889862060547,447.2619873046875,1790798400000,447.0383563110352,2R target,142.66767624290804,0.5985891230163574,0.6705575344665529,40
IFF,Materials,pullback20,1790280000000,1790343000000,86.37316683197021,21,82.60399780273437,92.34199981689453,1790861400000,82.9585,SMA50 exit,-73.48598597311008,0.9069182517356873,0.87106425,4
