date,at,phase,equity,cash,exposure,positions,maxSectorPositions
2017-10-02,1506951000000,beforeFirstOpen,10000,10000,0,,
2017-10-02,1506974400000,,10000,10000,0,0,0
2017-10-03,1507060800000,,10014.261972887867,312.47423027312084,9701.787742614746,5,2
2017-10-04,1507147200000,,10081.66509483611,312.47423027312084,9769.190864562988,5,2
2017-10-05,1507233600000,,10092.633196337574,312.47423027312084,9780.158966064453,5,2
2017-10-06,1507320000000,,10105.694200976246,312.47423027312084,9793.219970703125,5,2
2017-10-09,1507579200000,,10086.997553332203,312.47423027312084,9774.523323059082,5,2
2017-10-10,1507665600000,,10102.544123156422,312.47423027312084,9790.0698928833,5,2
2017-10-11,1507752000000,,10163.330873949879,312.47423027312084,9850.856643676758,5,2
2017-10-12,1507838400000,,10233.967401965016,312.47423027312084,9921.493171691895,5,2
2017-10-13,1507924800000,,10228.157618029469,312.47423027312084,9915.683387756348,5,2
2017-10-16,1508184000000,,10221.863794907355,2363.303888901495,7858.559906005859,4,2
2017-10-17,1508270400000,,10203.994534932452,318.9811148274712,9885.01342010498,5,2
2017-10-18,1508356800000,,10193.814610921221,318.9811148274712,9874.83349609375,5,2
2017-10-19,1508443200000,,10233.032190904472,2309.858759507988,7923.173431396484,4,2
2017-10-20,1508529600000,,10346.6760158525,2295.335851667929,8051.34016418457,4,2
2017-10-23,1508788800000,,10316.639903822237,396.75980738669114,9919.880096435547,5,2
2017-10-24,1508875200000,,10419.25982264548,396.75980738669114,10022.500015258789,5,2
2017-10-25,1508961600000,,10312.585303304362,2245.305258748698,8067.280044555664,4,1
2017-10-26,1509048000000,,10316.105816584295,2193.1657531077335,8122.9400634765625,4,1
2017-10-27,1509134400000,,10348.083058806176,179.05312106203542,10169.02993774414,5,1
2017-10-30,1509393600000,,10468.069942150505,2270.6400181392755,8197.42992401123,4,1
2017-10-31,1509480000000,,10549.578884154827,177.6486397090257,10371.9302444458,5,2
2017-11-01,1509566400000,,10513.870505077706,2304.1705310176467,8209.699974060059,4,1
2017-11-02,1509652800000,,10464.422601069899,2187.2525952715578,8277.17000579834,4,1
2017-11-03,1509739200000,,10447.835779749443,128.7956872811783,10319.040092468262,5,2
2017-11-06,1510002000000,,10443.515757166435,128.7956872811783,10314.720069885254,5,2
2017-11-07,1510088400000,,10279.078274567562,2094.7482117013524,8184.330062866211,4,1
2017-11-08,1510174800000,,10484.416442847514,164.93657300498467,10319.47986984253,5,2
2017-11-09,1510261200000,,10332.702429848876,2096.5436316311025,8236.158798217773,4,2
2017-11-10,1510347600000,,10391.08960214078,91.63020196377852,10299.459400177002,5,2
2017-11-13,1510606800000,,10407.00096002042,91.63020196377852,10315.37075805664,5,2
2017-11-14,1510693200000,,10401.968657163974,91.63020196377852,10310.338455200195,5,2
2017-11-15,1510779600000,,10339.950598802981,2079.860564318119,8260.090034484863,4,2
2017-11-16,1510866000000,,10441.75408122437,11.874206041263733,10429.879875183105,5,2
2017-11-17,1510952400000,,10497.340790956481,115.46081563757207,10381.879975318909,5,2
2017-11-20,1511211600000,,10594.02339479254,115.46081563757207,10478.562579154968,5,2
2017-11-21,1511298000000,,10665.600945680602,115.46081563757207,10550.14013004303,5,2
2017-11-22,1511384400000,,10687.689458873534,291.0845022466424,10396.604956626892,5,2
2017-11-24,1511557200000,,10709.752268817687,291.0845022466424,10418.667766571045,5,2
2017-11-27,1511816400000,,10695.732018497252,291.0845022466424,10404.64751625061,5,2
2017-11-28,1511902800000,,10800.132016208434,291.0845022466424,10509.047513961792,5,2
2017-11-29,1511989200000,,10836.355393421418,2440.8453655359813,8395.510027885437,4,2
2017-11-30,1512075600000,,10938.85418169399,342.9990457763265,10595.855135917664,5,2
2017-12-01,1512162000000,,10916.66904775997,342.9990457763265,10573.670001983643,5,2
2017-12-04,1512421200000,,10903.91095984495,4644.661120062236,6259.249839782715,3,1
2017-12-05,1512507600000,,10917.65819538568,451.2708796355587,10466.387315750122,5,2
2017-12-06,1512594000000,,10912.518370518432,451.2708796355587,10461.247490882874,5,2
2017-12-07,1512680400000,,10994.67084206079,451.2708796355587,10543.399962425232,5,2
2017-12-08,1512766800000,,11086.525735745177,451.2708796355587,10635.25485610962,5,2
2017-12-11,1513026000000,,11077.113237271056,451.2708796355587,10625.842357635498,5,2
2017-12-12,1513112400000,,11096.600817570434,451.2708796355587,10645.329937934875,5,2
2017-12-13,1513198800000,,11130.008218655334,451.2708796355587,10678.737339019775,5,2
2017-12-14,1513285200000,,11070.658423313842,451.2708796355587,10619.387543678284,5,2
2017-12-15,1513371600000,,11156.720246856425,2652.5400424649447,8504.18020439148,4,2
2017-12-18,1513630800000,,11241.16803835315,414.65315817279134,10826.514880180359,5,2
2017-12-19,1513717200000,,11185.977993950073,414.65315817279134,10771.324835777283,5,2
2017-12-20,1513803600000,,11210.188070282165,414.65315817279134,10795.534912109375,5,2
2017-12-21,1513890000000,,11254.015521034424,414.65315817279134,10839.362362861633,5,2
2017-12-22,1513976400000,,11215.903251632873,414.65315817279134,10801.250093460083,5,2
2017-12-26,1514322000000,,11225.053225502197,414.65315817279134,10810.400067329407,5,2
2017-12-27,1514408400000,,11269.660536750976,414.65315817279134,10855.007378578186,5,2
2017-12-28,1514494800000,,11339.394964966657,481.63982180106814,10857.755143165588,5,2
2017-12-29,1514581200000,,11252.197223458174,481.63982180106814,10770.557401657104,5,2
2018-01-02,1514926800000,,11273.484725746992,481.63982180106814,10791.844903945923,5,2
2018-01-03,1515013200000,,11416.81498888481,481.63982180106814,10935.17516708374,5,2
2018-01-04,1515099600000,,11388.209938374304,2638.4074395568614,8749.802498817444,4,2
2018-01-05,1515186000000,,11477.305905100384,360.09080671934134,11117.215098381042,5,2
2018-01-08,1515445200000,,11534.740606066265,360.09080671934134,11174.649799346924,5,2
2018-01-09,1515531600000,,11616.243786601013,2660.5436218060927,8955.700164794922,4,2
2018-01-10,1515618000000,,11426.070784164353,346.10085160820245,11079.969932556152,5,2
2018-01-11,1515704400000,,11608.8208566436,346.10085160820245,11262.7200050354,5,2
2018-01-12,1515790800000,,11653.760656906052,346.10085160820245,11307.659805297852,5,2
2018-01-16,1516136400000,,11478.190767837448,346.10085160820245,11132.089916229248,5,2
2018-01-17,1516222800000,,11615.750937057419,346.10085160820245,11269.650085449219,5,2
2018-01-18,1516309200000,,11546.04767749189,2445.7277617204068,9100.319915771484,4,2
2018-01-19,1516395600000,,11695.899161263329,295.7794369896483,11400.119724273682,5,2
2018-01-22,1516654800000,,11793.789278908593,295.7794369896483,11498.009841918945,5,2
2018-01-23,1516741200000,,11808.359461708886,295.7794369896483,11512.580024719238,5,2
2018-01-24,1516827600000,,11753.159388466698,295.7794369896483,11457.37995147705,5,2
2018-01-25,1516914000000,,11640.659235878808,295.7794369896483,11344.87979888916,5,2
2018-01-26,1517000400000,,11761.168151460362,239.78816946573443,11521.379981994629,5,2
2018-01-29,1517259600000,,11636.758315644933,239.78816946573443,11396.9701461792,5,2
2018-01-30,1517346000000,,11520.295080667911,168.01512003558764,11352.279960632324,5,2
2018-01-31,1517432400000,,11473.92510462421,168.01512003558764,11305.909984588623,5,2
2018-02-01,1517518800000,,11553.2750077309,168.01512003558764,11385.259887695312,5,2
2018-02-02,1517605200000,,11441.444394291306,2647.124280155563,8794.320114135742,4,2
2018-02-05,1517864400000,,11237.413459390746,9069.933356851683,2167.4801025390625,1,1
2018-02-06,1517950800000,,11186.295508908232,11186.295508908232,0,0,0
2018-02-07,1518037200000,,11187.703183039783,1757.0512684432251,9430.651914596558,5,2
2018-02-08,1518123600000,,10841.805470055007,3243.3555837329864,7598.4498863220215,4,2
2018-02-09,1518210000000,,10946.876774247146,5341.480852539991,5605.395921707153,3,1
2018-02-12,1518469200000,,11059.50950715567,1558.7943315270081,9500.715175628662,5,1
2018-02-13,1518555600000,,11146.792307830108,1558.7943315270081,9587.9979763031,5,1
2018-02-14,1518642000000,,11245.802874541534,1558.7943315270081,9687.008543014526,5,1
2018-02-15,1518728400000,,11438.0730123284,1558.7943315270081,9879.278680801392,5,1
2018-02-16,1518814800000,,11344.847811675323,1558.7943315270081,9786.053480148315,5,1
2018-02-20,1519160400000,,11333.165204024566,1558.7943315270081,9774.370872497559,5,1
2018-02-21,1519246800000,,11317.748278594268,1558.7943315270081,9758.95394706726,5,1
2018-02-22,1519333200000,,11320.317784285797,1558.7943315270081,9761.523452758789,5,1
2018-02-23,1519419600000,,11464.919123626007,1558.7943315270081,9906.124792098999,5,1
2018-02-26,1519678800000,,11587.329001403106,1558.7943315270081,10028.534669876099,5,1
2018-02-27,1519765200000,,11529.497818923248,1558.7943315270081,9970.70348739624,5,1
2018-02-28,1519851600000,,11526.355668044342,1558.7943315270081,9967.561336517334,5,1
2018-03-01,1519938000000,,11343.765049910797,1558.7943315270081,9784.970718383789,5,1
2018-03-02,1520024400000,,11471.014983153595,1558.7943315270081,9912.220651626587,5,1
2018-03-05,1520283600000,,11582.960141058153,3825.5434006406717,7757.4167404174805,4,1
2018-03-06,1520370000000,,11593.440061414425,1820.700017774289,9772.740043640137,5,2
2018-03-07,1520456400000,,11585.086648786251,1820.700017774289,9764.386631011963,5,2
2018-03-08,1520542800000,,11642.236680829708,1820.700017774289,9821.53666305542,5,2
2018-03-09,1520629200000,,11746.959599880109,4047.5295614279603,7699.430038452148,4,2
2018-03-12,1520884800000,,11707.184236606347,3716.1142674291004,7991.069969177246,4,2
2018-03-13,1520971200000,,11649.684637654402,4461.241325009445,7188.4433126449585,4,1
2018-03-14,1521057600000,,11619.974816939186,1412.6392857044443,10207.335531234741,5,2
2018-03-15,1521144000000,,11555.999722620796,1412.6392857044443,10143.360436916351,5,2
2018-03-16,1521230400000,,11558.577669770333,1376.3718658991766,10182.205803871155,5,2
2018-03-19,1521489600000,,11484.84692302427,1376.3718658991766,10108.475057125092,5,2
2018-03-20,1521576000000,,11534.320270211312,1376.3718658991766,10157.948404312134,5,2
2018-03-21,1521662400000,,11514.073831708047,1376.3718658991766,10137.701965808868,5,2
2018-03-22,1521748800000,,11383.30171853432,1082.618037523118,10300.6836810112,5,2
2018-03-23,1521835200000,,11294.783950055924,4804.714072431413,6490.069877624512,3,1
2018-03-26,1522094400000,,11354.978784626803,11354.978784626803,0,0,0
2018-03-27,1522180800000,,11101.876864393675,2984.0835103592503,8117.793354034424,4,2
2018-03-28,1522267200000,,10999.642264229857,851.0722149439671,10148.570049285889,5,2
2018-03-29,1522353600000,,11095.866082541563,872.0925725623142,10223.773509979248,5,2
2018-04-02,1522699200000,,10894.327186488352,5110.4372176162815,5783.88996887207,3,1
2018-04-03,1522785600000,,10921.501918662485,10921.501918662485,0,0,0
2018-04-04,1522872000000,,11029.469434260522,285.9343085280984,10743.535125732422,5,2
2018-04-05,1522958400000,,11101.504193782006,285.9343085280984,10815.569885253906,5,2
2018-04-06,1523044800000,,10899.476760998623,2371.146621838467,8528.330139160156,4,2
2018-04-09,1523304000000,,10831.180898888873,188.74584792451697,10642.435050964355,5,2
2018-04-10,1523390400000,,11013.790880425739,188.74584792451697,10825.04503250122,5,2
2018-04-11,1523476800000,,10944.940839989948,188.74584792451697,10756.19499206543,5,2
2018-04-12,1523563200000,,11011.950720055866,188.74584792451697,10823.204872131348,5,2
2018-04-13,1523649600000,,10936.085726006793,188.74584792451697,10747.339878082275,5,2
2018-04-16,1523908800000,,11073.195810540485,188.74584792451697,10884.449962615967,5,2
2018-04-17,1523995200000,,11053.280508263873,188.74584792451697,10864.534660339355,5,2
2018-04-18,1524081600000,,11023.806032403278,188.74584792451697,10835.06018447876,5,2
2018-04-19,1524168000000,,11137.466085656451,188.74584792451697,10948.720237731934,5,2
2018-04-20,1524254400000,,11060.566034539508,188.74584792451697,10871.82018661499,5,2
2018-04-23,1524513600000,,11047.920969231891,188.74584792451697,10859.175121307373,5,2
2018-04-24,1524600000000,,10940.49076674776,188.74584792451697,10751.744918823242,5,2
2018-04-25,1524686400000,,11020.970937951373,188.74584792451697,10832.225090026855,5,2
2018-04-26,1524772800000,,11099.16603301363,188.74584792451697,10910.420185089111,5,2
2018-04-27,1524859200000,,11062.250719746808,160.5382487385043,10901.7124710083,5,1
2018-04-30,1525118400000,,10980.098229130963,160.5382487385043,10819.559980392456,5,1
2018-05-01,1525204800000,,10928.790674885968,160.5382487385043,10768.252426147461,5,1
2018-05-02,1525291200000,,10964.280619343976,160.5382487385043,10803.742370605469,5,1
2018-05-03,1525377600000,,11189.778751339662,4682.158832516419,6507.619918823242,3,1
2018-05-04,1525464000000,,11397.122524816989,197.62760980844132,11199.494915008545,5,1
2018-05-07,1525723200000,,11515.662434179781,197.62760980844132,11318.034824371338,5,1
2018-05-08,1525809600000,,11508.79336448929,138.34329124710166,11370.450073242188,5,1
2018-05-09,1525896000000,,11706.022356949477,342.5824727636864,11363.439884185791,5,1
2018-05-10,1525982400000,,11767.552424393325,342.5824727636864,11424.969951629639,5,1
2018-05-11,1526068800000,,11871.23685074037,2762.336803438124,9108.900047302246,4,1
2018-05-14,1526328000000,,11861.187252412114,391.00724447754146,11470.18000793457,5,1
2018-05-15,1526414400000,,11835.53732718018,391.00724447754146,11444.530082702637,5,1
2018-05-16,1526500800000,,11865.197155366215,391.00724447754146,11474.189910888672,5,1
2018-05-17,1526587200000,,11874.057171235356,391.00724447754146,11483.049926757812,5,1
2018-05-18,1526673600000,,11909.597423920903,391.00724447754146,11518.59017944336,5,1
2018-05-21,1526932800000,,11960.578571146038,2772.0683935337315,9188.510177612305,4,1
2018-05-22,1527019200000,,11908.295197846699,727.1450284741381,11181.150169372559,5,1
2018-05-23,1527105600000,,11937.265023591328,727.1450284741381,11210.119995117188,5,1
2018-05-24,1527192000000,,11929.645005585957,727.1450284741381,11202.499977111816,5,1
2018-05-25,1527278400000,,11859.680931182873,2653.8008805236914,9205.88005065918,4,1
2018-05-29,1527624000000,,11787.039968327499,301.1500147142151,11485.889953613281,5,1
2018-05-30,1527710400000,,11897.180002049423,301.1500147142151,11596.029987335205,5,1
2018-05-31,1527796800000,,12039.924470816726,419.30465880500697,11620.619812011719,5,1
2018-06-01,1527883200000,,12247.976451852133,2867.2665500424405,9380.709901809692,4,1
2018-06-04,1528142400000,,12385.41470379279,411.03456921027146,11974.38013458252,5,1
2018-06-05,1528228800000,,12466.167241520146,411.03456921027146,12055.132672309875,5,1
2018-06-06,1528315200000,,12444.087045139531,411.03456921027146,12033.05247592926,5,1
2018-06-07,1528401600000,,12261.445339360364,2755.225264706738,9506.220074653625,4,1
2018-06-08,1528488000000,,12265.495465151134,513.6252373374141,11751.87022781372,5,2
2018-06-11,1528747200000,,12365.226285114022,3085.54633439991,9279.679950714111,4,2
2018-06-12,1528833600000,,12350.847177920685,644.5071186402893,11706.340059280396,5,2
2018-06-13,1528920000000,,12367.827196536407,644.5071186402893,11723.320077896118,5,2
2018-06-14,1529006400000,,12314.216454834954,3173.1565946054607,9141.059860229492,4,2
2018-06-15,1529092800000,,12208.123166483789,2838.9332479657223,9369.189918518066,4,2
2018-06-18,1529352000000,,12362.532783476883,1227.3228072805932,11135.209976196289,5,2
2018-06-19,1529438400000,,12276.752883879715,1227.3228072805932,11049.430076599121,5,2
2018-06-20,1529524800000,,12416.322776763016,1227.3228072805932,11188.999969482422,5,2
2018-06-21,1529611200000,,12322.77281185823,1227.3228072805932,11095.450004577637,5,2
2018-06-22,1529697600000,,12375.793006865555,1227.3228072805932,11148.470199584961,5,2
2018-06-25,1529956800000,,12072.472816435868,1227.3228072805932,10845.150009155273,5,2
2018-06-26,1530043200000,,12124.533761944132,960.7337245600993,11163.800037384033,5,2
2018-06-27,1530129600000,,11992.627514374006,3343.9776120302568,8648.64990234375,4,2
2018-06-28,1530216000000,,12100.529701127236,1649.179504288859,10451.350196838379,5,1
2018-06-29,1530302400000,,12034.683452500527,1649.179504288859,10385.50394821167,5,1
2018-07-02,1530561600000,,11989.444548274756,3952.064623500588,8037.37992477417,4,1
2018-07-03,1530648000000,,12017.939952534214,1805.8800007519899,10212.059951782227,5,1
2018-07-05,1530820800000,,12100.210025471226,1805.8800007519899,10294.330024719238,5,1
2018-07-06,1530907200000,,12240.369975727574,1805.8800007519899,10434.489974975586,5,1
2018-07-09,1531166400000,,12309.390053639116,1994.2467049452653,10315.143348693848,5,2
2018-07-10,1531252800000,,12416.866761097612,1994.2467049452653,10422.620056152344,5,2
2018-07-11,1531339200000,,12416.027073793619,4578.687043123453,7837.340030670166,4,1
2018-07-12,1531425600000,,12456.587219464927,2553.147091138513,9903.440128326416,5,2
2018-07-13,1531512000000,,12444.891296613367,2553.147091138513,9891.744205474854,5,2
2018-07-16,1531771200000,,12438.740822065025,2553.147091138513,9885.593730926514,5,2
2018-07-17,1531857600000,,12484.653240430504,2553.147091138513,9931.506149291992,5,2
2018-07-18,1531944000000,,12472.319057691246,2553.147091138513,9919.171966552734,5,2
2018-07-19,1532030400000,,12554.11888526693,2553.147091138513,10000.971794128418,5,2
2018-07-20,1532116800000,,12538.531442317984,4393.355538997672,8145.1759033203125,4,2
2018-07-23,1532376000000,,12551.564776882247,1925.0690035668172,10626.49577331543,5,2
2018-07-24,1532462400000,,12490.73125027092,1925.0690035668172,10565.662246704102,5,2
2018-07-25,1532548800000,,12521.921077236251,1925.0690035668172,10596.852073669434,5,2
2018-07-26,1532635200000,,12540.62672359554,1783.5279153069637,10757.098808288574,5,2
2018-07-27,1532721600000,,12459.05763113192,3404.0402895181514,9055.01734161377,4,2
2018-07-30,1532980800000,,12438.800662384325,909.2474092104967,11529.553253173828,5,2
2018-07-31,1533067200000,,12444.193898959815,852.2798517186034,11591.914047241211,5,2
2018-08-01,1533153600000,,12304.073602590774,3269.410997305131,9034.662605285645,4,1
2018-08-02,1533240000000,,12421.823529376114,916.3397189513103,11505.483810424805,5,2
2018-08-03,1533326400000,,12391.441341583799,1884.0902215886813,10507.351119995117,5,2
2018-08-06,1533585600000,,12465.390789215635,1884.0902215886813,10581.300567626953,5,2
2018-08-07,1533672000000,,12451.555690949033,1884.0902215886813,10567.465469360352,5,2
2018-08-08,1533758400000,,12461.57966250665,1884.0902215886813,10577.489440917969,5,2
2018-08-09,1533844800000,,12514.55679787824,994.9411667747263,11519.615631103516,5,2
2018-08-10,1533931200000,,12526.86848916242,994.9411667747263,11531.927322387695,5,2
2018-08-13,1534190400000,,12515.489201442693,994.9411667747263,11520.548034667969,5,2
2018-08-14,1534276800000,,12600.096060079122,3645.8281462607647,8954.26791381836,4,2
2018-08-15,1534363200000,,12492.67326618965,1210.6347377472684,11282.038528442383,5,2
2018-08-16,1534449600000,,12611.137722029136,148.1518058914412,12462.985916137695,5,2
2018-08-17,1534536000000,,12612.80108262484,148.1518058914412,12464.649276733398,5,2
2018-08-20,1534795200000,,12789.439800276206,148.1518058914412,12641.287994384766,5,2
2018-08-21,1534881600000,,12782.761514217887,2774.477487118278,10008.28402709961,4,2
2018-08-22,1534968000000,,12770.636967031669,835.2596934720989,11935.37727355957,5,2
2018-08-23,1535054400000,,12809.741398184013,835.2596934720989,11974.481704711914,5,2
2018-08-24,1535140800000,,12869.429645864677,835.2596934720989,12034.169952392578,5,2
2018-08-27,1535400000000,,12878.895496694755,835.2596934720989,12043.635803222656,5,2
2018-08-28,1535486400000,,12971.014454214286,835.2596934720989,12135.754760742188,5,2
2018-08-29,1535572800000,,13051.850504261161,3387.873133045341,9663.97737121582,4,1
2018-08-30,1535659200000,,13082.44964530338,787.3645928131464,12295.085052490234,5,2
2018-08-31,1535745600000,,13141.07636191715,787.3645928131464,12353.711769104004,5,2
2018-09-04,1536091200000,,13223.917395852697,787.3645928131464,12436.55280303955,5,2
2018-09-05,1536177600000,,13267.134330056799,787.3645928131464,12479.769737243652,5,2
2018-09-06,1536264000000,,13361.178935984117,3409.560543039782,9951.618392944336,4,2
2018-09-07,1536350400000,,13432.257585978778,978.301149821551,12453.956436157227,5,2
2018-09-10,1536609600000,,13393.022722829928,6107.230684866061,7285.792037963867,3,1
2018-09-11,1536696000000,,13361.502854516439,827.4008037351887,12534.10205078125,5,2
2018-09-12,1536782400000,,13379.906029870443,827.4008037351887,12552.505226135254,5,2
2018-09-13,1536868800000,,13447.82338826888,827.4008037351887,12620.422584533691,5,2
2018-09-14,1536955200000,,13475.778832604818,827.4008037351887,12648.378028869629,5,2
2018-09-17,1537214400000,,13451.71485258443,3463.9702541957577,9987.744598388672,4,2
2018-09-18,1537300800000,,13449.04074526372,786.8951611572747,12662.145584106445,5,2
2018-09-19,1537387200000,,13227.448585410872,5923.745643516339,7303.702941894531,3,1
2018-09-20,1537473600000,,13261.484571055415,3496.180646494869,9765.303924560547,4,1
2018-09-21,1537560000000,,13293.11403807645,837.7741485500846,12455.339889526367,5,2
2018-09-24,1537819200000,,13235.466352461077,3027.8865184767023,10207.579833984375,4,2
2018-09-25,1537905600000,,13286.489174604292,1172.7828452585882,12113.706329345703,5,2
2018-09-26,1537992000000,,13277.98752160695,3708.3414682927414,9569.646053314209,4,2
2018-09-27,1538078400000,,13369.173696236128,1059.774953560347,12309.398742675781,5,2
2018-09-28,1538164800000,,13400.367957787032,1059.774953560347,12340.593004226685,5,2
2018-10-01,1538424000000,,13429.485168175215,1059.774953560347,12369.710214614868,5,2
2018-10-02,1538510400000,,13380.632116035933,1059.774953560347,12320.857162475586,5,2
2018-10-03,1538596800000,,13406.62102861833,1059.774953560347,12346.846075057983,5,2
2018-10-04,1538683200000,,13397.242858218075,1178.1879933346513,12219.054864883423,5,2
2018-10-05,1538769600000,,13328.286841677547,1178.1879933346513,12150.098848342896,5,2
2018-10-08,1539028800000,,13246.692520895038,2901.214804449116,10345.477716445923,4,1
2018-10-09,1539115200000,,13209.271434388764,245.11482389987123,12964.156610488892,5,2
2018-10-10,1539201600000,,12859.77226739598,7727.282246644025,5132.490020751953,2,2
2018-10-11,1539288000000,,12819.76104435857,12819.76104435857,0,0,0
2018-10-12,1539374400000,,12819.76104435857,12819.76104435857,0,0,0
2018-10-15,1539633600000,,12819.76104435857,12819.76104435857,0,0,0
2018-10-16,1539720000000,,12819.76104435857,12819.76104435857,0,0,0
2018-10-17,1539806400000,,12695.515960679862,2790.405845628592,9905.11011505127,4,1
2018-10-18,1539892800000,,12622.238647448668,2764.428573596129,9857.810073852539,4,1
2018-10-19,1539979200000,,12660.585090566019,12660.585090566019,0,0,0
2018-10-22,1540238400000,,12660.585090566019,12660.585090566019,0,0,0
2018-10-23,1540324800000,,12660.585090566019,12660.585090566019,0,0,0
2018-10-24,1540411200000,,12660.585090566019,12660.585090566019,0,0,0
2018-10-25,1540497600000,,12660.585090566019,12660.585090566019,0,0,0
2018-10-26,1540584000000,,12660.585090566019,12660.585090566019,0,0,0
2018-10-29,1540843200000,,12660.585090566019,12660.585090566019,0,0,0
2018-10-30,1540929600000,,12660.585090566019,12660.585090566019,0,0,0
2018-10-31,1541016000000,,12660.585090566019,12660.585090566019,0,0,0
2018-11-01,1541102400000,,12660.585090566019,12660.585090566019,0,0,0
2018-11-02,1541188800000,,12660.585090566019,12660.585090566019,0,0,0
2018-11-05,1541451600000,,12660.585090566019,12660.585090566019,0,0,0
2018-11-06,1541538000000,,12660.585090566019,12660.585090566019,0,0,0
2018-11-07,1541624400000,,12660.585090566019,12660.585090566019,0,0,0
2018-11-08,1541710800000,,12530.344225605753,460.72434111478833,12069.619884490967,5,1
2018-11-09,1541797200000,,12352.466560306419,655.5866240881574,11696.879936218262,5,1
2018-11-12,1542056400000,,12140.976764621604,655.5866240881574,11485.390140533447,5,1
2018-11-13,1542142800000,,12142.321439678111,12142.321439678111,0,0,0
2018-11-14,1542229200000,,12142.321439678111,12142.321439678111,0,0,0
2018-11-15,1542315600000,,12142.321439678111,12142.321439678111,0,0,0
2018-11-16,1542402000000,,12142.321439678111,12142.321439678111,0,0,0
2018-11-19,1542661200000,,12142.321439678111,12142.321439678111,0,0,0
2018-11-20,1542747600000,,12142.321439678111,12142.321439678111,0,0,0
2018-11-21,1542834000000,,12142.321439678111,12142.321439678111,0,0,0
2018-11-23,1543006800000,,12142.321439678111,12142.321439678111,0,0,0
2018-11-26,1543266000000,,12142.321439678111,12142.321439678111,0,0,0
2018-11-27,1543352400000,,12142.321439678111,12142.321439678111,0,0,0
2018-11-28,1543438800000,,12142.321439678111,12142.321439678111,0,0,0
2018-11-29,1543525200000,,12142.321439678111,12142.321439678111,0,0,0
2018-11-30,1543611600000,,12142.321439678111,12142.321439678111,0,0,0
2018-12-03,1543870800000,,12142.321439678111,12142.321439678111,0,0,0
2018-12-04,1543957200000,,12073.018170283278,140.04817383094678,11932.969996452332,5,2
2018-12-06,1544130000000,,12030.278707938047,12030.278707938047,0,0,0
2018-12-07,1544216400000,,12030.278707938047,12030.278707938047,0,0,0
2018-12-10,1544475600000,,12030.278707938047,12030.278707938047,0,0,0
2018-12-11,1544562000000,,12030.278707938047,12030.278707938047,0,0,0
2018-12-12,1544648400000,,12030.278707938047,12030.278707938047,0,0,0
2018-12-13,1544734800000,,12030.278707938047,12030.278707938047,0,0,0
2018-12-14,1544821200000,,12030.278707938047,12030.278707938047,0,0,0
2018-12-17,1545080400000,,12030.278707938047,12030.278707938047,0,0,0
2018-12-18,1545166800000,,12030.278707938047,12030.278707938047,0,0,0
2018-12-19,1545253200000,,12030.278707938047,12030.278707938047,0,0,0
2018-12-20,1545339600000,,12030.278707938047,12030.278707938047,0,0,0
2018-12-21,1545426000000,,12030.278707938047,12030.278707938047,0,0,0
2018-12-24,1545685200000,,12030.278707938047,12030.278707938047,0,0,0
2018-12-26,1545858000000,,12030.278707938047,12030.278707938047,0,0,0
2018-12-27,1545944400000,,12030.278707938047,12030.278707938047,0,0,0
2018-12-28,1546030800000,,12030.278707938047,12030.278707938047,0,0,0
2018-12-31,1546290000000,,12030.278707938047,12030.278707938047,0,0,0
2019-01-02,1546462800000,,12030.278707938047,12030.278707938047,0,0,0
2019-01-03,1546549200000,,12030.278707938047,12030.278707938047,0,0,0
2019-01-04,1546635600000,,12030.278707938047,12030.278707938047,0,0,0
2019-01-07,1546894800000,,12030.278707938047,12030.278707938047,0,0,0
2019-01-08,1546981200000,,12030.278707938047,12030.278707938047,0,0,0
2019-01-09,1547067600000,,12030.278707938047,12030.278707938047,0,0,0
2019-01-10,1547154000000,,12030.278707938047,12030.278707938047,0,0,0
2019-01-11,1547240400000,,12030.278707938047,12030.278707938047,0,0,0
2019-01-14,1547499600000,,12030.278707938047,12030.278707938047,0,0,0
2019-01-15,1547586000000,,12030.278707938047,12030.278707938047,0,0,0
2019-01-16,1547672400000,,12030.278707938047,12030.278707938047,0,0,0
2019-01-17,1547758800000,,12030.278707938047,12030.278707938047,0,0,0
2019-01-18,1547845200000,,12030.278707938047,12030.278707938047,0,0,0
2019-01-22,1548190800000,,12030.278707938047,12030.278707938047,0,0,0
2019-01-23,1548277200000,,12030.278707938047,12030.278707938047,0,0,0
2019-01-24,1548363600000,,12030.278707938047,12030.278707938047,0,0,0
2019-01-25,1548450000000,,12030.278707938047,12030.278707938047,0,0,0
2019-01-28,1548709200000,,12030.278707938047,12030.278707938047,0,0,0
2019-01-29,1548795600000,,12030.278707938047,12030.278707938047,0,0,0
2019-01-30,1548882000000,,12030.278707938047,12030.278707938047,0,0,0
2019-01-31,1548968400000,,12030.278707938047,12030.278707938047,0,0,0
2019-02-01,1549054800000,,12030.278707938047,12030.278707938047,0,0,0
2019-02-04,1549314000000,,12030.278707938047,12030.278707938047,0,0,0
2019-02-05,1549400400000,,12030.278707938047,12030.278707938047,0,0,0
2019-02-06,1549486800000,,12030.278707938047,12030.278707938047,0,0,0
2019-02-07,1549573200000,,12030.278707938047,12030.278707938047,0,0,0
2019-02-08,1549659600000,,12030.278707938047,12030.278707938047,0,0,0
2019-02-11,1549918800000,,12030.278707938047,12030.278707938047,0,0,0
2019-02-12,1550005200000,,12030.278707938047,12030.278707938047,0,0,0
2019-02-13,1550091600000,,11980.37032379414,523.2202764918943,11457.150047302246,5,2
2019-02-14,1550178000000,,11993.650410311475,523.2202764918943,11470.43013381958,5,2
2019-02-15,1550264400000,,12065.957415965528,2730.4074319872566,9335.549983978271,4,2
2019-02-19,1550610000000,,11996.332431407149,413.8825603439159,11582.449871063232,5,2
2019-02-20,1550696400000,,11944.49282416838,413.8825603439159,11530.610263824463,5,2
2019-02-21,1550782800000,,11920.91752745381,397.617562549025,11523.299964904785,5,2
2019-02-22,1550869200000,,11996.487420337111,397.617562549025,11598.869857788086,5,2
2019-02-25,1551128400000,,11948.167596118361,397.617562549025,11550.550033569336,5,2
2019-02-26,1551214800000,,12008.91745878926,397.617562549025,11611.299896240234,5,2
2019-02-27,1551301200000,,12064.927392260939,397.617562549025,11667.309829711914,5,2
2019-02-28,1551387600000,,12083.09763457051,397.617562549025,11685.480072021484,5,2
2019-03-01,1551474000000,,12204.56759764424,397.617562549025,11806.950035095215,5,2
2019-03-04,1551733200000,,12034.296837586504,2879.386849183184,9154.90998840332,4,1
2019-03-05,1551819600000,,12089.323855879458,544.4637713457664,11544.860084533691,5,1
2019-03-06,1551906000000,,12034.313678267154,544.4637713457664,11489.849906921387,5,1
2019-03-07,1551992400000,,11931.246019783772,2752.6959633262513,9178.55005645752,4,1
2019-03-08,1552078800000,,11877.759872839608,394.6797565676343,11483.080116271973,5,1
2019-03-11,1552334400000,,11883.232493167638,11883.232493167638,0,0,0
2019-03-12,1552420800000,,11975.263901220163,570.4224552973151,11404.841445922852,5,1
2019-03-13,1552507200000,,12058.521179662546,570.4224552973151,11488.098724365234,5,1
2019-03-14,1552593600000,,12149.670059667429,570.4224552973151,11579.247604370117,5,1
2019-03-15,1552680000000,,12191.382477269968,570.4224552973151,11620.960021972656,5,1
2019-03-18,1552939200000,,12326.594498143992,570.4224552973151,11756.17204284668,5,1
2019-03-19,1553025600000,,12363.232399808856,5518.882653104754,6844.349746704102,3,1
2019-03-20,1553112000000,,12320.576577063039,623.8564156250509,11696.720161437988,5,2
2019-03-21,1553198400000,,12521.070390730725,3052.1102657612423,9468.960124969482,4,2
2019-03-22,1553284800000,,12272.004256108321,2960.7541874437693,9311.25006866455,4,2
2019-03-25,1553544000000,,12312.124727859664,529.2746073152302,11782.850120544434,5,2
2019-03-26,1553630400000,,12397.114708557296,529.2746073152302,11867.840101242065,5,2
2019-03-27,1553716800000,,12375.314568176436,529.2746073152302,11846.039960861206,5,2
2019-03-28,1553803200000,,12398.944521560836,529.2746073152302,11869.669914245605,5,2
2019-03-29,1553889600000,,12515.230611058134,2795.4207527359886,9719.809858322144,4,2
2019-04-01,1554148800000,,12622.028503548856,2692.45865834927,9929.569845199585,4,2
2019-04-02,1554235200000,,12645.904766325659,188.75691247433906,12457.147853851318,5,2
2019-04-03,1554321600000,,12713.142814879126,188.75691247433906,12524.385902404785,5,2
2019-04-04,1554408000000,,12635.20295167417,188.75691247433906,12446.44603919983,5,2
2019-04-05,1554494400000,,12654.332742933935,188.75691247433906,12465.575830459595,5,2
2019-04-08,1554753600000,,12682.08694863767,188.75691247433906,12493.33003616333,5,2
2019-04-09,1554840000000,,12592.938949827856,188.75691247433906,12404.182037353516,5,2
2019-04-10,1554926400000,,12670.451156859106,188.75691247433906,12481.694244384766,5,2
2019-04-11,1555012800000,,12609.203003172583,188.75691247433906,12420.446090698242,5,2
2019-04-12,1555099200000,,12665.051152699652,2704.5053439075377,9960.545808792114,4,2
2019-04-15,1555358400000,,12653.54470149299,174.06666079780052,12479.47804069519,5,2
2019-04-16,1555444800000,,12503.720843231882,174.06666079780052,12329.654182434082,5,2
2019-04-17,1555531200000,,12364.583528556015,4913.563554801132,7451.019973754883,3,2
2019-04-18,1555617600000,,12381.513862331605,46.42998476812636,12335.083877563477,5,2
2019-04-22,1555963200000,,12350.299787243104,46.42998476812636,12303.869802474976,5,2
2019-04-23,1556049600000,,12418.040630254154,71.02473250330013,12347.015897750854,5,2
2019-04-24,1556136000000,,12357.65877333582,71.02473250330013,12286.63404083252,5,2
2019-04-25,1556222400000,,12240.891100125205,4788.581106381309,7452.3099937438965,3,2
2019-04-26,1556308800000,,12326.062373648261,200.47635985431634,12125.586013793945,5,2
2019-04-29,1556568000000,,12262.226338873481,200.47635985431634,12061.749979019165,5,2
2019-04-30,1556654400000,,12319.046420584296,200.47635985431634,12118.57006072998,5,2
2019-05-01,1556740800000,,12396.935288971796,2689.8151775063416,9707.120111465454,4,2
2019-05-02,1556827200000,,12355.716567591884,2652.456498698452,9703.260068893433,4,2
2019-05-03,1556913600000,,12490.973821118458,255.7816824465831,12235.192138671875,5,2
2019-05-06,1557172800000,,12493.085868313892,255.7816824465831,12237.30418586731,5,2
2019-05-07,1557259200000,,12306.683537915333,255.7816824465831,12050.90185546875,5,2
2019-05-08,1557345600000,,12289.065562680347,255.7816824465831,12033.283880233765,5,2
2019-05-09,1557432000000,,12325.281537488087,255.7816824465831,12069.499855041504,5,2
2019-05-10,1557518400000,,12363.791389937724,2586.3253159478527,9777.466073989868,4,2
2019-05-13,1557777600000,,12259.216177807031,207.28808866518375,12051.928089141846,5,2
2019-05-14,1557864000000,,12352.044144497095,207.28808866518375,12144.75605583191,5,2
2019-05-15,1557950400000,,12469.046120510278,207.28808866518375,12261.758031845093,5,2
2019-05-16,1558036800000,,12603.641943500807,2892.2419400675763,9711.400003433228,4,1
2019-05-17,1558123200000,,12646.620072753552,408.4800104213973,12238.140062332153,5,1
2019-05-20,1558382400000,,12566.683688333931,456.14360349506114,12110.540084838867,5,1
2019-05-21,1558468800000,,12668.153437784615,456.14360349506114,12212.00983428955,5,1
2019-05-22,1558555200000,,12727.283671549263,456.14360349506114,12271.1400680542,5,1
2019-05-23,1558641600000,,12670.583880594673,456.14360349506114,12214.44027709961,5,1
2019-05-24,1558728000000,,12633.205758098404,2962.2955102956666,9670.910247802734,4,1
2019-05-28,1559073600000,,12537.372664690902,448.5880672940493,12088.78459739685,5,2
2019-05-29,1559160000000,,12481.693614245345,448.5880672940493,12033.105546951294,5,2
2019-05-30,1559246400000,,12538.208098650863,448.5880672940493,12089.620031356812,5,2
2019-05-31,1559332800000,,12533.715875105996,500.1216558982328,12033.594219207764,5,1
2019-06-03,1559592000000,,12548.968052269784,12548.968052269784,0,0,0
2019-06-04,1559678400000,,12548.968052269784,12548.968052269784,0,0,0
2019-06-05,1559764800000,,12619.25527600981,353.5863841030691,12265.668891906738,5,2
2019-06-06,1559851200000,,12733.553921029341,353.5863841030691,12379.96753692627,5,2
2019-06-07,1559937600000,,12787.355327889692,353.5863841030691,12433.768943786621,5,2
2019-06-10,1560196800000,,12734.828449532759,353.5863841030691,12381.242065429688,5,2
2019-06-11,1560283200000,,12605.468281075728,353.5863841030691,12251.881896972656,5,2
2019-06-12,1560369600000,,12611.237568185103,353.5863841030691,12257.651184082031,5,2
2019-06-13,1560456000000,,12765.965359017622,353.5863841030691,12412.37897491455,5,2
2019-06-14,1560542400000,,12749.004986092817,353.5863841030691,12395.418601989746,5,2
2019-06-17,1560801600000,,12666.53228406645,353.5863841030691,12312.945899963379,5,2
2019-06-18,1560888000000,,12758.061336800825,353.5863841030691,12404.474952697754,5,2
2019-06-19,1560974400000,,12833.63970594145,353.5863841030691,12480.053321838379,5,2
2019-06-20,1561060800000,,12984.327884957564,353.5863841030691,12630.741500854492,5,2
2019-06-21,1561147200000,,12926.367978125374,3044.268048315801,9882.09992980957,4,1
2019-06-24,1561406400000,,12894.490396958314,469.7203688439931,12424.770028114319,5,1
2019-06-25,1561492800000,,12887.98284671875,469.7203688439931,12418.262477874756,5,1
2019-06-26,1561579200000,,12857.820106011353,469.7203688439931,12388.099737167358,5,1
2019-06-27,1561665600000,,12895.702857476197,469.7203688439931,12425.982488632202,5,1
2019-06-28,1561752000000,,12968.69777439209,469.7203688439931,12498.977405548096,5,1
2019-07-01,1562011200000,,13105.34265468689,469.7203688439931,12635.622285842896,5,1
2019-07-02,1562097600000,,13121.46352655448,2995.0809639171516,10126.38256263733,4,1
2019-07-03,1562184000000,,13309.688502243354,453.341055801704,12856.34744644165,5,2
2019-07-05,1562356800000,,13313.320895126655,453.341055801704,12859.979839324951,5,2
2019-07-08,1562616000000,,13277.191138199165,453.341055801704,12823.850082397461,5,2
2019-07-09,1562702400000,,13269.951069763496,453.341055801704,12816.610013961792,5,2
2019-07-10,1562788800000,,13311.803445508742,3034.5860230233898,10277.217422485352,4,2
2019-07-11,1562875200000,,13287.753368874899,439.8132939542452,12847.940074920654,5,2
2019-07-12,1562961600000,,13391.973419686667,439.8132939542452,12952.160125732422,5,2
2019-07-15,1563220800000,,13404.868292352072,439.8132939542452,12965.054998397827,5,2
2019-07-16,1563307200000,,13413.960814019552,439.8132939542452,12974.147520065308,5,2
2019-07-17,1563393600000,,13272.198259850851,439.8132939542452,12832.384965896606,5,2
2019-07-18,1563480000000,,13250.355759164206,439.8132939542452,12810.542465209961,5,2
2019-07-19,1563566400000,,13105.618108292929,439.8132939542452,12665.804814338684,5,2
2019-07-22,1563825600000,,13126.588762122647,426.0487917246983,12700.53997039795,5,2
2019-07-23,1563912000000,,13247.798791724697,426.0487917246983,12821.75,5,2
2019-07-24,1563998400000,,13328.808778602139,426.0487917246983,12902.759986877441,5,2
2019-07-25,1564084800000,,13338.5192125621,426.0487917246983,12912.470420837402,5,2
2019-07-26,1564171200000,,13453.418756324307,426.0487917246983,13027.36996459961,5,2
2019-07-29,1564430400000,,13412.311567392517,3019.3316250707403,10392.979942321777,4,2
2019-07-30,1564516800000,,13417.609815516771,465.8200053361061,12951.789810180664,5,2
2019-07-31,1564603200000,,13332.710027613939,465.8200053361061,12866.890022277832,5,2
2019-08-01,1564689600000,,13033.229330500522,273.3894028271816,12759.83992767334,5,2
2019-08-02,1564776000000,,13010.599607905307,273.3894028271816,12737.210205078125,5,2
2019-08-05,1565035200000,,12747.116207051136,2768.8059958694953,9978.31021118164,4,2
2019-08-06,1565121600000,,12891.3592740573,2714.139227060228,10177.22004699707,4,2
2019-08-07,1565208000000,,12997.729864110057,313.03982352167714,12684.690040588379,5,2
2019-08-08,1565294400000,,13223.439916600291,313.03982352167714,12910.400093078613,5,2
2019-08-09,1565380800000,,13302.569845189159,313.03982352167714,12989.53002166748,5,2
2019-08-12,1565640000000,,13214.279760350291,313.03982352167714,12901.239936828613,5,2
2019-08-13,1565726400000,,13257.04987906367,313.03982352167714,12944.010055541992,5,2
2019-08-14,1565812800000,,12971.13989066035,313.03982352167714,12658.100067138672,5,2
2019-08-15,1565899200000,,13176.529897679393,313.03982352167714,12863.490074157715,5,2
2019-08-16,1565985600000,,13226.399778355662,313.03982352167714,12913.359954833984,5,2
2019-08-19,1566244800000,,13311.279684056346,313.03982352167714,12998.239860534668,5,2
2019-08-20,1566331200000,,13314.479467381541,313.03982352167714,13001.439643859863,5,2
2019-08-21,1566417600000,,13454.447708351703,2991.1775820089297,10463.270126342773,4,1
2019-08-22,1566504000000,,13551.071248455322,3012.4812444880363,10538.590003967285,4,1
2019-08-23,1566590400000,,13390.750576258622,340.00591683479615,13050.744659423828,5,2
2019-08-26,1566849600000,,13500.285877467119,340.00591683479615,13160.279960632324,5,2
2019-08-27,1566936000000,,13479.23600030037,340.00591683479615,13139.230083465576,5,2
2019-08-28,1567022400000,,13507.345722437822,340.00591683479615,13167.339805603027,5,2
2019-08-29,1567108800000,,13416.497008872511,3237.107070518019,10179.389938354492,4,2
2019-08-30,1567195200000,,13363.369791787933,647.9197872102955,12715.450004577637,5,2
2019-09-03,1567540800000,,13457.259039316505,5870.758985910745,7586.500053405762,3,1
2019-09-04,1567627200000,,13406.53537216441,565.7154945398975,12840.819877624512,5,2
2019-09-05,1567713600000,,13292.87684624492,5625.456970146288,7667.419876098633,3,2
2019-09-06,1567800000000,,13322.829746543212,644.829975425047,12677.999771118164,5,2
2019-09-09,1568059200000,,13203.420353232665,644.829975425047,12558.590377807617,5,2
2019-09-10,1568145600000,,13203.701598518925,5584.471602791384,7619.229995727539,3,2
2019-09-11,1568232000000,,13249.232498924037,531.2623603742313,12717.970138549805,5,2
2019-09-12,1568318400000,,13164.432305137416,531.2623603742313,12633.169944763184,5,2
2019-09-13,1568404800000,,13173.182457725306,531.2623603742313,12641.920097351074,5,2
2019-09-16,1568664000000,,13172.672669212123,531.2623603742313,12641.41030883789,5,2
2019-09-17,1568750400000,,13166.376061974775,502.1660094845379,12664.210052490234,5,2
2019-09-18,1568836800000,,13147.2663741696,502.1660094845379,12645.100364685059,5,2
2019-09-19,1568923200000,,12997.495759545576,502.1660094845379,12495.329750061035,5,2
2019-09-20,1569009600000,,12963.465890465986,502.1660094845379,12461.299880981445,5,2
2019-09-23,1569268800000,,12988.915849267256,502.1660094845379,12486.749839782715,5,2
2019-09-24,1569355200000,,12877.766107140791,502.1660094845379,12375.60009765625,5,2
2019-09-25,1569441600000,,12982.543291813494,288.3730876508939,12694.170204162598,5,2
2019-09-26,1569528000000,,13063.543162113787,288.3730876508939,12775.17007446289,5,2
2019-09-27,1569614400000,,12865.483004337908,288.3730876508939,12577.109916687012,5,2
2019-09-30,1569873600000,,12922.892847782732,288.3730876508939,12634.519760131836,5,2
2019-10-01,1569960000000,,12691.593233830095,288.3730876508939,12403.2201461792,5,2
2019-10-02,1570046400000,,12510.979054721683,2513.879002841802,9997.100051879883,4,1
2019-10-03,1570132800000,,12433.48464646593,5132.444775250109,7301.03987121582,3,2
2019-10-04,1570219200000,,12613.444542912875,876.1956873220552,11737.24885559082,5,2
2019-10-07,1570478400000,,12566.910477666293,876.1956873220552,11690.714790344238,5,2
2019-10-08,1570564800000,,12410.563611058627,876.1956873220552,11534.367923736572,5,2
2019-10-09,1570651200000,,12520.627660779392,876.1956873220552,11644.431973457336,5,2
2019-10-10,1570737600000,,12535.105875996982,876.1956873220552,11658.910188674927,5,2
2019-10-11,1570824000000,,12505.72903827552,3344.641304053109,9161.087734222412,4,2
2019-10-14,1571083200000,,12462.72247369797,864.23279626877,11598.4896774292,5,2
2019-10-15,1571169600000,,12559.85680635483,864.23279626877,11695.62401008606,5,2
2019-10-16,1571256000000,,12458.538636761019,864.23279626877,11594.305840492249,5,2
2019-10-17,1571342400000,,12510.651789264986,864.23279626877,11646.418992996216,5,2
2019-10-18,1571428800000,,12471.31366975815,864.23279626877,11607.08087348938,5,2
2019-10-21,1571688000000,,12635.602793293307,864.23279626877,11771.369997024536,5,2
2019-10-22,1571774400000,,12584.448969033945,3467.9710065400486,9116.477962493896,4,2
2019-10-23,1571860800000,,12663.588311191694,3220.3602895699914,9443.228021621704,4,2
2019-10-24,1571947200000,,12867.585818422793,702.8848163018224,12164.701002120972,5,2
2019-10-25,1572033600000,,12839.850794924258,702.8848163018224,12136.965978622437,5,2
2019-10-28,1572292800000,,12757.943031028586,3102.597917274316,9655.345113754272,4,2
2019-10-29,1572379200000,,12658.567927144315,389.31643369033463,12269.25149345398,5,2
2019-10-30,1572465600000,,12768.877508900907,389.31643369033463,12379.561075210571,5,2
2019-10-31,1572552000000,,12758.013268254545,389.31643369033463,12368.696834564209,5,2
2019-11-01,1572638400000,,12816.534615300443,389.31643369033463,12427.218181610107,5,2
2019-11-04,1572901200000,,12627.342526113323,7581.211729680827,5046.130796432495,2,1
2019-11-05,1572987600000,,12485.156519186328,721.346901190112,11763.809617996216,5,2
2019-11-06,1573074000000,,12460.251278044767,619.4634362478923,11840.787841796875,5,2
2019-11-07,1573160400000,,12485.893644144737,542.9031999613899,11942.99044418335,5,2
2019-11-08,1573246800000,,12547.148473551475,542.9031999613899,12004.245273590088,5,2
2019-11-11,1573506000000,,12450.084707071983,542.9031999613899,11907.181507110596,5,2
2019-11-12,1573592400000,,12388.786418726646,542.9031999613899,11845.883218765259,5,2
2019-11-13,1573678800000,,12442.191025568496,2264.7251537575844,10177.465871810913,4,2
2019-11-14,1573765200000,,12499.932430088942,2575.979169667189,9923.953260421753,4,2
2019-11-15,1573851600000,,12614.774818956914,156.0409875512737,12458.73383140564,5,2
2019-11-18,1574110800000,,12621.666920244756,156.0409875512737,12465.625932693481,5,2
2019-11-19,1574197200000,,12532.470032274785,156.0409875512737,12376.42904472351,5,2
2019-11-20,1574283600000,,12559.192628500705,94.33260118747194,12464.860027313232,5,2
2019-11-21,1574370000000,,12505.732461569552,94.33260118747194,12411.39986038208,5,2
2019-11-22,1574456400000,,12533.556964971405,2468.0370522516764,10065.519912719727,4,2
2019-11-25,1574715600000,,12631.965821943188,44.91584559430976,12587.049976348877,5,2
2019-11-26,1574802000000,,12657.955838880443,44.91584559430976,12613.039993286133,5,2
2019-11-27,1574888400000,,12728.21595927229,44.91584559430976,12683.300113677979,5,2
2019-11-29,1575061200000,,12634.005754194164,44.91584559430976,12589.089908599854,5,2
2019-12-02,1575320400000,,12555.685788831615,44.91584559430976,12510.769943237305,5,2
2019-12-03,1575406800000,,12464.615949354076,44.91584559430976,12419.700103759766,5,2
2019-12-04,1575493200000,,12554.779710184604,2726.9997762551584,9827.779933929443,4,1
2019-12-05,1575579600000,,12541.272283902272,247.54225765715182,12293.730026245117,5,1
2019-12-06,1575666000000,,12680.092295041188,247.54225765715182,12432.550037384033,5,1
2019-12-09,1575925200000,,12642.10207211028,247.54225765715182,12394.559814453125,5,1
2019-12-10,1576011600000,,12611.672251095875,247.54225765715182,12364.12999343872,5,1
2019-12-11,1576098000000,,12695.81233822356,247.54225765715182,12448.270080566406,5,1
2019-12-12,1576184400000,,12869.568094387336,2877.5182896998335,9992.0498046875,4,1
2019-12-13,1576270800000,,12872.663194787481,308.6793366789584,12563.98385810852,5,2
2019-12-16,1576530000000,,12983.2433873534,308.6793366789584,12674.564050674438,5,2
2019-12-17,1576616400000,,12930.859283578375,308.6793366789584,12622.179946899414,5,2
2019-12-18,1576702800000,,12984.549394738653,308.6793366789584,12675.870058059692,5,2
2019-12-19,1576789200000,,12952.417402398565,308.6793366789584,12643.738065719604,5,2
2019-12-20,1576875600000,,12954.601427209356,308.6793366789584,12645.922090530396,5,2
2019-12-23,1577134800000,,12986.611038339117,308.6793366789584,12677.931701660156,5,2
2019-12-24,1577221200000,,12925.407276284674,308.6793366789584,12616.727939605713,5,2
2019-12-26,1577394000000,,12966.733461511114,308.6793366789584,12658.054124832153,5,2
2019-12-27,1577480400000,,12939.339357507208,308.6793366789584,12630.660020828247,5,2
2019-12-30,1577739600000,,12893.389427316168,308.6793366789584,12584.710090637207,5,2
2019-12-31,1577826000000,,12916.450543426507,115.09456541441978,12801.355978012085,5,2
2020-01-02,1577998800000,,13092.742510818474,115.09456541441978,12977.647945404053,5,2
2020-01-03,1578085200000,,12808.27877021145,2458.0577733547575,10350.22099685669,4,2
2020-01-06,1578344400000,,12900.59084391909,2863.2282531292926,10037.362590789795,4,2
2020-01-07,1578430800000,,12947.081414561084,522.9837773845702,12424.097637176514,5,2
2020-01-08,1578517200000,,13054.42298946399,3096.1006742479253,9958.322315216064,4,2
2020-01-09,1578603600000,,13092.456774806595,647.9543133731836,12444.50246143341,5,2
2020-01-10,1578690000000,,13028.879364108658,647.9543133731836,12380.925050735474,5,2
2020-01-13,1578949200000,,13035.640470344577,2930.1904571838713,10105.450013160706,4,2
2020-01-14,1579035600000,,12932.489432399789,582.6145611458219,12349.874871253967,5,2
2020-01-15,1579122000000,,12847.99467129631,2804.409798096847,10043.584873199463,4,2
2020-01-16,1579208400000,,12833.003557187236,328.77609251133345,12504.227464675903,5,2
2020-01-17,1579294800000,,12758.748669182463,2718.8963351599414,10039.852334022522,4,2
2020-01-21,1579640400000,,12684.31813908928,2530.8133020531473,10153.504837036133,4,2
2020-01-22,1579726800000,,12653.30492018635,73.2475700276591,12580.057350158691,5,2
2020-01-23,1579813200000,,12669.687610616038,73.2475700276591,12596.440040588379,5,2
2020-01-24,1579899600000,,12499.877623175546,2488.582487677498,10011.295135498047,4,2
2020-01-27,1580158800000,,12438.596281140779,2286.178766339756,10152.417514801025,4,1
2020-01-28,1580245200000,,12603.520713459544,91.38567317634215,12512.135040283203,5,2
2020-01-29,1580331600000,,12703.065607278226,2756.9005949186067,9946.16501235962,4,2
2020-01-30,1580418000000,,12578.514857209302,2856.9662350779545,9721.548622131348,4,2
2020-01-31,1580504400000,,12552.114491053384,3222.837708063881,9329.276782989502,4,1
2020-02-03,1580763600000,,12542.869110147558,1352.9092331333975,11189.95987701416,5,2
2020-02-04,1580850000000,,12597.688781778417,1352.9092331333975,11244.77954864502,5,2
2020-02-05,1580936400000,,12707.373609582983,1352.9092331333975,11354.464376449585,5,2
2020-02-06,1581022800000,,12694.57851032456,1352.9092331333975,11341.669277191162,5,2
2020-02-07,1581109200000,,12688.149852792822,1352.9092331333975,11335.240619659424,5,2
2020-02-10,1581368400000,,12815.720583002172,1352.9092331333975,11462.811349868774,5,2
2020-02-11,1581454800000,,12859.813858072363,1352.9092331333975,11506.904624938965,5,2
2020-02-12,1581541200000,,12888.261806528173,1352.9092331333975,11535.352573394775,5,2
2020-02-13,1581627600000,,12883.631547967992,1352.9092331333975,11530.722314834595,5,2
2020-02-14,1581714000000,,13064.403338836993,975.7474340670951,12088.655904769897,5,2
2020-02-18,1582059600000,,13028.31758825716,975.7474340670951,12052.570154190063,5,2
2020-02-19,1582146000000,,13018.485406326618,975.7474340670951,12042.737972259521,5,2
2020-02-20,1582232400000,,13012.859685348834,975.7474340670951,12037.112251281738,5,2
2020-02-21,1582318800000,,12993.69546263155,975.7474340670951,12017.948028564453,5,2
2020-02-24,1582578000000,,12688.027187437341,530.8672581618271,12157.159929275513,5,2
2020-02-25,1582664400000,,12640.917429169509,8030.357340058181,4610.560089111328,2,1
2020-02-26,1582750800000,,12541.430722008376,7912.860813866286,4628.56990814209,2,1
2020-02-27,1582837200000,,12177.115277673358,7643.425259973163,4533.690017700195,2,1
2020-02-28,1582923600000,,12092.333029166439,12092.333029166439,0,0,0
2020-03-02,1583182800000,,12092.333029166439,12092.333029166439,0,0,0
2020-03-03,1583269200000,,11979.700955084176,2721.02689807734,9258.674057006836,5,1
2020-03-04,1583355600000,,12106.256435834966,12106.256435834966,0,0,0
2020-03-05,1583442000000,,11974.625816903026,2334.081688485057,9640.544128417969,5,2
2020-03-06,1583528400000,,11800.258508004881,11800.258508004881,0,0,0
2020-03-09,1583784000000,,11800.258508004881,11800.258508004881,0,0,0
2020-03-10,1583870400000,,11800.258508004881,11800.258508004881,0,0,0
2020-03-11,1583956800000,,11800.258508004881,11800.258508004881,0,0,0
2020-03-12,1584043200000,,11800.258508004881,11800.258508004881,0,0,0
2020-03-13,1584129600000,,11800.258508004881,11800.258508004881,0,0,0
2020-03-16,1584388800000,,11800.258508004881,11800.258508004881,0,0,0
2020-03-17,1584475200000,,11800.258508004881,11800.258508004881,0,0,0
2020-03-18,1584561600000,,11800.258508004881,11800.258508004881,0,0,0
2020-03-19,1584648000000,,11800.258508004881,11800.258508004881,0,0,0
2020-03-20,1584734400000,,11800.258508004881,11800.258508004881,0,0,0
2020-03-23,1584993600000,,11800.258508004881,11800.258508004881,0,0,0
2020-03-24,1585080000000,,11800.258508004881,11800.258508004881,0,0,0
2020-03-25,1585166400000,,11800.258508004881,11800.258508004881,0,0,0
2020-03-26,1585252800000,,11800.258508004881,11800.258508004881,0,0,0
2020-03-27,1585339200000,,11800.258508004881,11800.258508004881,0,0,0
2020-03-30,1585598400000,,11800.258508004881,11800.258508004881,0,0,0
2020-03-31,1585684800000,,11800.258508004881,11800.258508004881,0,0,0
2020-04-01,1585771200000,,11800.258508004881,11800.258508004881,0,0,0
2020-04-02,1585857600000,,11800.258508004881,11800.258508004881,0,0,0
2020-04-03,1585944000000,,11800.258508004881,11800.258508004881,0,0,0
2020-04-06,1586203200000,,11800.258508004881,11800.258508004881,0,0,0
2020-04-07,1586289600000,,11800.258508004881,11800.258508004881,0,0,0
2020-04-08,1586376000000,,11800.258508004881,11800.258508004881,0,0,0
2020-04-09,1586462400000,,11800.258508004881,11800.258508004881,0,0,0
2020-04-13,1586808000000,,11800.258508004881,11800.258508004881,0,0,0
2020-04-14,1586894400000,,11800.258508004881,11800.258508004881,0,0,0
2020-04-15,1586980800000,,11800.258508004881,11800.258508004881,0,0,0
2020-04-16,1587067200000,,11800.258508004881,11800.258508004881,0,0,0
2020-04-17,1587153600000,,11800.258508004881,11800.258508004881,0,0,0
2020-04-20,1587412800000,,11800.258508004881,11800.258508004881,0,0,0
2020-04-21,1587499200000,,11800.258508004881,11800.258508004881,0,0,0
2020-04-22,1587585600000,,11800.258508004881,11800.258508004881,0,0,0
2020-04-23,1587672000000,,11800.258508004881,11800.258508004881,0,0,0
2020-04-24,1587758400000,,11800.258508004881,11800.258508004881,0,0,0
2020-04-27,1588017600000,,11800.258508004881,11800.258508004881,0,0,0
2020-04-28,1588104000000,,11800.258508004881,11800.258508004881,0,0,0
2020-04-29,1588190400000,,11800.258508004881,11800.258508004881,0,0,0
2020-04-30,1588276800000,,11800.258508004881,11800.258508004881,0,0,0
2020-05-01,1588363200000,,11800.258508004881,11800.258508004881,0,0,0
2020-05-04,1588622400000,,11800.258508004881,11800.258508004881,0,0,0
2020-05-05,1588708800000,,11800.258508004881,11800.258508004881,0,0,0
2020-05-06,1588795200000,,11800.258508004881,11800.258508004881,0,0,0
2020-05-07,1588881600000,,11800.258508004881,11800.258508004881,0,0,0
2020-05-08,1588968000000,,11800.258508004881,11800.258508004881,0,0,0
2020-05-11,1589227200000,,11800.258508004881,11800.258508004881,0,0,0
2020-05-12,1589313600000,,11800.258508004881,11800.258508004881,0,0,0
2020-05-13,1589400000000,,11800.258508004881,11800.258508004881,0,0,0
2020-05-14,1589486400000,,11800.258508004881,11800.258508004881,0,0,0
2020-05-15,1589572800000,,11800.258508004881,11800.258508004881,0,0,0
2020-05-18,1589832000000,,11800.258508004881,11800.258508004881,0,0,0
2020-05-19,1589918400000,,11800.258508004881,11800.258508004881,0,0,0
2020-05-20,1590004800000,,11800.258508004881,11800.258508004881,0,0,0
2020-05-21,1590091200000,,11800.258508004881,11800.258508004881,0,0,0
2020-05-22,1590177600000,,11800.258508004881,11800.258508004881,0,0,0
2020-05-26,1590523200000,,11800.258508004881,11800.258508004881,0,0,0
2020-05-27,1590609600000,,11800.258508004881,11800.258508004881,0,0,0
2020-05-28,1590696000000,,11803.59897909734,2913.9689208087652,8889.630058288574,5,2
2020-05-29,1590782400000,,12039.068835359547,2913.9689208087652,9125.099914550781,5,2
2020-06-01,1591041600000,,12050.598971467945,2913.9689208087652,9136.63005065918,5,2
2020-06-02,1591128000000,,12024.008837800953,2913.9689208087652,9110.039916992188,5,2
2020-06-03,1591214400000,,11824.249056917164,2913.9689208087652,8910.280136108398,5,2
2020-06-04,1591300800000,,11718.708888154957,2913.9689208087652,8804.739967346191,5,2
2020-06-05,1591387200000,,11733.349078279469,2913.9689208087652,8819.380157470703,5,2
2020-06-08,1591646400000,,11815.979006868336,2913.9689208087652,8902.01008605957,5,2
2020-06-09,1591732800000,,11898.673767693943,1970.2597814878886,9928.413986206055,5,2
2020-06-10,1591819200000,,12043.454666741794,1970.2597814878886,10073.194885253906,5,2
2020-06-11,1591905600000,,11757.82386840195,1970.2597814878886,9787.564086914062,5,2
2020-06-12,1591992000000,,11875.006567251019,11875.006567251019,0,0,0
2020-06-15,1592251200000,,12021.932125034245,5632.738796176824,6389.193328857422,3,1
2020-06-16,1592337600000,,12069.685946425598,2623.7019624320674,9445.98398399353,5,1
2020-06-17,1592424000000,,12159.596676787536,2623.7019624320674,9535.894714355469,5,1
2020-06-18,1592510400000,,12182.14389511029,2623.7019624320674,9558.441932678223,5,1
2020-06-19,1592596800000,,12244.374798735778,2623.7019624320674,9620.672836303711,5,1
2020-06-22,1592856000000,,12293.554423293273,2623.7019624320674,9669.852460861206,5,1
2020-06-23,1592942400000,,12242.562121352355,2623.7019624320674,9618.860158920288,5,1
2020-06-24,1593028800000,,12151.931633910339,2623.7019624320674,9528.229671478271,5,1
2020-06-25,1593115200000,,12240.669957122009,2623.7019624320674,9616.967994689941,5,1
2020-06-26,1593201600000,,12145.610686263244,2623.7019624320674,9521.908723831177,5,1
2020-06-29,1593460800000,,12186.5759498958,12186.5759498958,0,0,0
2020-06-30,1593547200000,,12296.691725666069,1981.0582722969289,10315.63345336914,5,2
2020-07-01,1593633600000,,12351.742011005425,1981.0582722969289,10370.683738708496,5,2
2020-07-02,1593720000000,,12386.770331317925,1981.0582722969289,10405.712059020996,5,2
2020-07-06,1594065600000,,12546.587420398735,1981.0582722969289,10565.529148101807,5,2
2020-07-07,1594152000000,,12463.474223072075,1981.0582722969289,10482.415950775146,5,2
2020-07-08,1594238400000,,12535.934992725395,1981.0582722969289,10554.876720428467,5,2
2020-07-09,1594324800000,,12535.648966724419,1981.0582722969289,10554.59069442749,5,2
2020-07-10,1594411200000,,12529.738497669243,1981.0582722969289,10548.680225372314,5,2
2020-07-13,1594670400000,,12396.797617847466,1981.0582722969289,10415.739345550537,5,2
2020-07-14,1594756800000,,12565.953337604546,1981.0582722969289,10584.895065307617,5,2
2020-07-15,1594843200000,,12696.712279254936,1981.0582722969289,10715.654006958008,5,2
2020-07-16,1594929600000,,12712.135905200981,1981.0582722969289,10731.077632904053,5,2
2020-07-17,1595016000000,,12852.325671131157,1981.0582722969289,10871.267398834229,5,2
2020-07-20,1595275200000,,12988.436258582215,4168.748850134949,8819.687408447266,4,2
2020-07-21,1595361600000,,12967.26991553382,2558.395884466926,10408.874031066895,5,2
2020-07-22,1595448000000,,13101.095136044158,6967.665288326874,6133.429847717285,3,1
2020-07-23,1595534400000,,12977.528288670726,2367.2299640857655,10610.298324584961,5,2
2020-07-24,1595620800000,,12919.620728404529,4120.739083201892,8798.881645202637,4,2
2020-07-27,1595880000000,,13154.467169923677,2420.486569566621,10733.980600357056,5,2
2020-07-28,1595966400000,,12980.15293614377,2420.486569566621,10559.666366577148,5,2
2020-07-29,1596052800000,,13276.106217546358,2420.486569566621,10855.619647979736,5,2
2020-07-30,1596139200000,,13394.862210435762,2420.486569566621,10974.37564086914,5,2
2020-07-31,1596225600000,,13375.605141801729,2420.486569566621,10955.118572235107,5,2
2020-08-03,1596484800000,,13472.254769487276,2420.486569566621,11051.768199920654,5,2
2020-08-04,1596571200000,,13532.67126767148,2420.486569566621,11112.184698104858,5,2
2020-08-05,1596657600000,,13676.867536414555,7054.71886812537,6622.148668289185,3,2
2020-08-06,1596744000000,,13749.483323243803,2679.567065385527,11069.916257858276,5,2
2020-08-07,1596830400000,,13864.102349427885,2679.567065385527,11184.535284042358,5,2
2020-08-10,1597089600000,,14024.473733094877,2679.567065385527,11344.90666770935,5,2
2020-08-11,1597176000000,,13968.48733058328,2679.567065385527,11288.920265197754,5,2
2020-08-12,1597262400000,,14042.215369371123,2679.567065385527,11362.648303985596,5,2
2020-08-13,1597348800000,,13986.560899795862,4609.079324783655,9377.481575012207,4,2
2020-08-14,1597435200000,,13975.739504905603,2741.1527396162965,11234.586765289307,5,2
2020-08-17,1597694400000,,14027.06431434473,5687.554266432134,8339.510047912598,4,1
2020-08-18,1597780800000,,13982.487506272108,3836.104136826307,10146.3833694458,5,1
2020-08-19,1597867200000,,13976.740989090711,3836.104136826307,10140.636852264404,5,1
2020-08-20,1597953600000,,13862.730857254774,3836.104136826307,10026.626720428467,5,1
2020-08-21,1598040000000,,13793.25745332411,3836.104136826307,9957.153316497803,5,1
2020-08-24,1598299200000,,13898.10411775282,3836.104136826307,10061.999980926514,5,1
2020-08-25,1598385600000,,13876.946421704435,5581.389578900478,8295.556842803955,4,1
2020-08-26,1598472000000,,13941.64917906825,2848.959184256237,11092.689994812012,5,1
2020-08-27,1598558400000,,13894.348768034164,4564.921987333478,9329.426780700684,4,1
2020-08-28,1598644800000,,14003.828962070073,1946.7257668796433,12057.10319519043,5,2
2020-08-31,1598904000000,,14038.055574161137,1946.7257668796433,12091.329807281494,5,2
2020-09-01,1598990400000,,14141.741742437382,3110.284924810431,11031.456817626953,4,2
2020-09-02,1599076800000,,14419.683612297387,3072.5869898303463,11347.096622467041,4,1
2020-09-03,1599163200000,,13766.18577112678,5672.552683968576,8093.633087158203,3,1
2020-09-04,1599249600000,,13722.481159216768,8295.407932288057,5427.073226928711,2,1
2020-09-08,1599595200000,,13418.778197310472,209.47827055265952,13209.299926757812,5,2
2020-09-09,1599681600000,,13713.438192690803,297.2111953153121,13416.226997375488,5,2
2020-09-10,1599768000000,,13597.671255434943,297.2111953153121,13300.460060119629,5,2
2020-09-11,1599854400000,,13727.781141604377,297.2111953153121,13430.569946289062,5,2
2020-09-14,1600113600000,,13832.364454592658,297.2111953153121,13535.153259277344,5,2
2020-09-15,1600200000000,,13913.651205386115,297.2111953153121,13616.4400100708,5,2
2020-09-16,1600286400000,,13819.844450320197,297.2111953153121,13522.633255004883,5,2
2020-09-17,1600372800000,,13722.908370492196,260.1383357021573,13462.770034790039,5,2
2020-09-18,1600459200000,,13578.538665292,260.1383357021573,13318.400329589844,5,2
2020-09-21,1600718400000,,13426.227795235316,571.5777479330686,12854.650047302246,5,2
2020-09-22,1600804800000,,13598.397945992152,571.5777479330686,13026.820198059082,5,2
2020-09-23,1600891200000,,13530.59785202781,1589.1979802016378,11941.399871826172,5,2
2020-09-24,1600977600000,,13550.608687297341,3723.062514201638,9827.546173095703,4,2
2020-09-25,1601064000000,,13753.439613501292,1631.8128053347882,12121.626808166504,5,2
2020-09-28,1601323200000,,13880.686638037427,1631.8128053347882,12248.873832702637,5,2
2020-09-29,1601409600000,,13871.829528967603,1631.8128053347882,12240.016723632812,5,2
2020-09-30,1601496000000,,13856.800354162915,1631.8128053347882,12224.987548828125,5,2
2020-10-01,1601582400000,,13893.105796972974,1631.8128053347882,12261.292991638184,5,2
2020-10-02,1601668800000,,14007.378601233228,1631.8128053347882,12375.565795898438,5,2
2020-10-05,1601928000000,,14154.918133893287,4531.23114506272,9623.686988830566,4,2
2020-10-06,1602014400000,,14109.616511663204,5243.494397481685,8866.122114181519,4,2
2020-10-07,1602100800000,,14319.91966168513,3197.8001510344957,11122.119510650635,5,2
2020-10-08,1602187200000,,14446.43602482905,3197.8001510344957,11248.635873794556,5,2
2020-10-09,1602273600000,,14430.389407321116,3197.8001510344957,11232.589256286621,5,2
2020-10-12,1602532800000,,14539.017074750871,6189.695926832171,8349.321147918701,4,1
2020-10-13,1602619200000,,14449.901524867777,3333.561995830302,11116.339529037476,5,2
2020-10-14,1602705600000,,14369.84097311211,5333.071035596852,9036.769937515259,4,2
2020-10-15,1602792000000,,14467.308129067169,5825.038094277131,8642.270034790039,4,1
2020-10-16,1602878400000,,14429.711650180689,3106.421582507958,11323.29006767273,5,1
2020-10-19,1603137600000,,14281.751504230371,3106.421582507958,11175.329921722412,5,1
2020-10-20,1603224000000,,14410.901440947002,6100.311383573955,8310.590057373047,4,1
2020-10-21,1603310400000,,14329.913461141488,2653.073495321178,11676.839965820312,5,2
2020-10-22,1603396800000,,14310.463731222055,2653.073495321178,11657.390235900879,5,2
2020-10-23,1603483200000,,14325.863465719125,2653.073495321178,11672.78997039795,5,2
2020-10-26,1603742400000,,14044.470411354207,5159.210535102987,8885.25987625122,4,2
2020-10-27,1603828800000,,14098.118305289767,2742.90828331711,11355.210021972656,5,2
2020-10-28,1603915200000,,13688.65921354909,7550.489253527118,6138.169960021973,3,2
2020-10-29,1604001600000,,13573.689680151943,8979.899641089443,4593.7900390625,3,2
2020-10-30,1604088000000,,13387.589442975011,6097.929584271397,7289.659858703613,4,2
2020-11-02,1604350800000,,13424.199912407192,4747.380065300259,8676.819847106934,5,2
2020-11-03,1604437200000,,13705.829963066371,4747.380065300259,8958.449897766113,5,2
2020-11-04,1604523600000,,13567.089583056895,5982.179426806895,7584.91015625,4,2
2020-11-05,1604610000000,,13826.047132980812,3277.8971924900866,10548.149940490723,5,2
2020-11-06,1604696400000,,13954.48279322176,7731.042691598224,6223.440101623535,3,2
2020-11-09,1604955600000,,13881.093541178283,4738.410534891662,9142.683006286621,5,2
2020-11-10,1605042000000,,13887.183297361309,8495.833245481426,5391.350051879883,3,2
2020-11-11,1605128400000,,13850.089132169156,4168.50910363522,9681.580028533936,5,2
2020-11-12,1605214800000,,13765.039117673306,4168.50910363522,9596.530014038086,5,2
2020-11-13,1605301200000,,13820.739190915494,4168.50910363522,9652.230087280273,5,2
2020-11-16,1605560400000,,13839.769086697965,4168.50910363522,9671.259983062744,5,2
2020-11-17,1605646800000,,13812.838941434293,4168.50910363522,9644.329837799072,5,2
2020-11-18,1605733200000,,13746.43908486691,4168.50910363522,9577.92998123169,5,2
2020-11-19,1605819600000,,13802.678979733853,4168.50910363522,9634.169876098633,5,2
2020-11-20,1605906000000,,13833.21898974541,4384.249003783496,9448.969985961914,5,2
2020-11-23,1606165200000,,13818.289069548877,4384.249003783496,9434.04006576538,5,2
2020-11-24,1606251600000,,13831.979041472705,4384.249003783496,9447.730037689209,5,2
2020-11-25,1606338000000,,13774.129054442676,4384.249003783496,9389.88005065918,5,2
2020-11-27,1606510800000,,13869.12886752251,4384.249003783496,9484.879863739014,5,2
2020-11-30,1606770000000,,13852.73898257378,4384.249003783496,9468.489978790283,5,2
2020-12-01,1606856400000,,13875.699077025683,4384.249003783496,9491.450073242188,5,2
2020-12-02,1606942800000,,13753.409163848193,4384.249003783496,9369.160160064697,5,2
2020-12-03,1607029200000,,13748.589011565478,4384.249003783496,9364.340007781982,5,2
2020-12-04,1607115600000,,13892.65467637778,3888.604589402683,10004.050086975098,5,2
2020-12-07,1607374800000,,13892.334730088718,3888.604589402683,10003.730140686035,5,2
2020-12-08,1607461200000,,13926.684652268894,3888.604589402683,10038.080062866211,5,2
2020-12-09,1607547600000,,13893.858250581095,3103.0782556164963,10790.7799949646,5,2
2020-12-10,1607634000000,,13924.04843612797,3103.0782556164963,10820.970180511475,5,2
2020-12-11,1607720400000,,13839.675354682093,2262.235306464319,11577.440048217773,5,2
2020-12-14,1607979600000,,13728.265259467249,2262.235306464319,11466.02995300293,5,2
2020-12-15,1608066000000,,13900.855148993616,2262.235306464319,11638.619842529297,5,2
2020-12-16,1608152400000,,13758.867487902833,4558.5672864868175,9200.300201416016,4,2
2020-12-17,1608238800000,,13802.821659424735,1970.9816020516882,11831.840057373047,5,2
2020-12-18,1608325200000,,13880.70154986663,1970.9816020516882,11909.719947814941,5,2
2020-12-21,1608584400000,,13860.481708863212,1970.9816020516882,11889.500106811523,5,2
2020-12-22,1608670800000,,13857.581394532157,1970.9816020516882,11886.599792480469,5,2
2020-12-23,1608757200000,,14026.481464722587,1970.9816020516882,12055.499862670898,5,2
2020-12-24,1608843600000,,13999.061687806083,1970.9816020516882,12028.080085754395,5,2
2020-12-28,1609189200000,,13969.981594422294,1970.9816020516882,11998.999992370605,5,2
2020-12-29,1609275600000,,13919.981708863212,1970.9816020516882,11949.000106811523,5,2
2020-12-30,1609362000000,,13968.861431458427,1970.9816020516882,11997.879829406738,5,2
2020-12-31,1609448400000,,14066.041431763602,1970.9816020516882,12095.059829711914,5,2
2021-01-04,1609794000000,,13727.323874712212,4092.9839928152405,9634.339881896973,4,2
2021-01-05,1609880400000,,13825.14345540069,1590.4833678152404,12234.66008758545,5,2
2021-01-06,1609966800000,,14399.581487624182,4430.341497389807,9969.239990234375,4,2
2021-01-07,1610053200000,,14472.110171994937,1706.7900158975244,12765.320156097412,5,2
2021-01-08,1610139600000,,14458.290088376772,1706.7900158975244,12751.500072479248,5,2
2021-01-11,1610398800000,,14500.559974393618,1706.7900158975244,12793.769958496094,5,2
2021-01-12,1610485200000,,14612.864769733926,4390.10459593632,10222.760173797607,4,2
2021-01-13,1610571600000,,14538.608758396036,2202.9190496863202,12335.689708709717,5,2
2021-01-14,1610658000000,,14642.179280704386,2202.9190496863202,12439.260231018066,5,2
2021-01-15,1610744400000,,14482.619330829508,2202.9190496863202,12279.700281143188,5,2
2021-01-19,1611090000000,,14563.858483688626,4390.218341247832,10173.640142440796,4,2
2021-01-20,1611176400000,,14598.541425569665,1560.9211786824594,13037.620246887207,5,2
2021-01-21,1611262800000,,14574.071142061364,1560.9211786824594,13013.149963378906,5,2
2021-01-22,1611349200000,,14404.801204546106,1560.9211786824594,12843.880025863647,5,2
2021-01-25,1611608400000,,14270.253174778023,3602.6130914650366,10667.640083312988,4,2
2021-01-26,1611694800000,,14111.23075429746,768.2308992559592,13342.999855041504,5,2
2021-01-27,1611781200000,,14028.01581914837,6209.565784053154,7818.450035095215,3,1
2021-01-28,1611867600000,,13790.175962816986,2259.504184138089,11530.671778678894,5,2
2021-01-29,1611954000000,,13628.71732918005,4413.960571443842,9214.756757736206,4,2
2021-02-01,1612213200000,,13691.700774259465,1872.3625345896653,11819.3382396698,5,2
2021-02-02,1612299600000,,13767.805054731267,1872.3625345896653,11895.442520141602,5,2
2021-02-03,1612386000000,,13777.374993390935,1872.3625345896653,11905.01245880127,5,2
2021-02-04,1612472400000,,13824.362767286199,1872.3625345896653,11952.000232696533,5,2
2021-02-05,1612558800000,,14143.003509661343,2232.276645800258,11910.726863861084,5,2
2021-02-08,1612818000000,,14418.714359423306,2232.276645800258,12186.437713623047,5,2
2021-02-09,1612904400000,,14439.234893938687,2232.276645800258,12206.958248138428,5,2
2021-02-10,1612990800000,,14466.01321043649,2232.276645800258,12233.73656463623,5,2
2021-02-11,1613077200000,,14568.740799090054,2232.276645800258,12336.464153289795,5,2
2021-02-12,1613163600000,,14656.425373217251,2232.276645800258,12424.148727416992,5,2
2021-02-16,1613509200000,,14492.00070967355,2232.276645800258,12259.724063873291,5,2
2021-02-17,1613595600000,,14497.181017374973,4825.331083750703,9671.849933624268,4,2
2021-02-18,1613682000000,,14371.482774002328,3607.2129146883613,10764.269859313965,4,2
2021-02-19,1613768400000,,14601.203647038034,3818.433703800729,10782.769943237305,4,2
2021-02-22,1614027600000,,14538.583019335856,1215.9130898314597,13322.669929504395,5,2
2021-02-23,1614114000000,,14477.37259851582,4057.662816869094,10419.709781646729,4,2
2021-02-24,1614200400000,,14692.107344691667,4169.897395198259,10522.209949493408,4,1
2021-02-25,1614286800000,,14467.456535705245,4937.916500457443,9529.540035247803,4,1
2021-02-26,1614373200000,,14478.152939928697,2084.4296542536467,12393.723285675049,5,1
2021-03-01,1614632400000,,14913.72965349071,2084.4296542536467,12829.29999923706,5,1
2021-03-02,1614718800000,,14705.300007952379,2084.4296542536467,12620.87035369873,5,1
2021-03-03,1614805200000,,14591.711857927965,2084.4296542536467,12507.282203674316,5,1
2021-03-04,1614891600000,,14365.074211796138,6263.713097294185,8101.361114501953,3,1
2021-03-05,1614978000000,,14631.190917495902,1847.4800753633303,12783.710842132568,5,2
2021-03-08,1615237200000,,14843.373157028373,1847.4800753633303,12995.893081665039,5,2
2021-03-09,1615323600000,,14903.39144029835,4361.893782522468,10541.497657775879,4,1
2021-03-10,1615410000000,,15023.137841956788,2640.81897141235,12382.318870544434,5,2
2021-03-11,1615496400000,,15045.515996782733,5344.928838579608,9700.587158203125,4,1
2021-03-12,1615582800000,,15132.738407925262,2359.745987728729,12772.992420196533,5,2
2021-03-15,1615838400000,,15063.057758530204,2956.9638635717074,12106.093894958496,5,2
2021-03-16,1615924800000,,14859.616787155692,2956.9638635717074,11902.652923583984,5,2
2021-03-17,1616011200000,,14814.018095031257,4909.350099578375,9904.66799545288,4,2
2021-03-18,1616097600000,,14748.857282366309,5060.212423052343,9688.644859313965,4,2
2021-03-19,1616184000000,,14724.555768769162,2351.5058381966533,12373.04993057251,5,2
2021-03-22,1616443200000,,14771.590734284298,2351.5058381966533,12420.084896087646,5,2
2021-03-23,1616529600000,,14596.455625336544,2351.5058381966533,12244.949787139893,5,2
2021-03-24,1616616000000,,14588.170789521115,2351.5058381966533,12236.664951324463,5,2
2021-03-25,1616702400000,,14680.90348584793,3923.6034675373844,10757.300018310547,4,2
2021-03-26,1616788800000,,14791.70250092779,2001.0523964050867,12790.650104522705,5,2
2021-03-29,1617048000000,,14692.982543576105,2001.0523964050867,12691.93014717102,5,2
2021-03-30,1617134400000,,14826.55224953924,2001.0523964050867,12825.499853134155,5,2
2021-03-31,1617220800000,,14721.602162945612,2001.0523964050867,12720.549766540527,5,2
2021-04-01,1617307200000,,14959.532500851496,2001.0523964050867,12958.480104446411,5,2
2021-04-05,1617652800000,,15068.88243829046,2001.0523964050867,13067.830041885376,5,2
2021-04-06,1617739200000,,15182.07229577337,2001.0523964050867,13181.019899368286,5,2
2021-04-07,1617825600000,,15118.312354672296,2001.0523964050867,13117.259958267212,5,2
2021-04-08,1617912000000,,15205.56258736883,2001.0523964050867,13204.510190963745,5,2
2021-04-09,1617998400000,,15287.282598126276,2001.0523964050867,13286.230201721191,5,2
2021-04-12,1618257600000,,15339.242305386408,2001.0523964050867,13338.189908981323,5,2
2021-04-13,1618344000000,,15294.421354758324,5251.311521994652,10043.109832763672,4,2
2021-04-14,1618430400000,,15263.237953353804,2235.728214431685,13027.50973892212,5,2
2021-04-15,1618516800000,,15437.828254867476,2235.728214431685,13202.100040435791,5,2
2021-04-16,1618603200000,,15467.048401046675,2235.728214431685,13231.32018661499,5,2
2021-04-19,1618862400000,,15462.22808282463,2235.728214431685,13226.499868392944,5,2
2021-04-20,1618948800000,,15468.548387695235,2235.728214431685,13232.82017326355,5,2
2021-04-21,1619035200000,,15678.628135848921,2235.728214431685,13442.899921417236,5,2
2021-04-22,1619121600000,,15607.608265090865,2235.728214431685,13371.88005065918,5,2
2021-04-23,1619208000000,,15688.081502539275,5270.131658178923,10417.949844360352,4,2
2021-04-26,1619467200000,,15674.690330893976,2136.5105022501784,13538.179828643799,5,2
2021-04-27,1619553600000,,15668.82061424969,2136.5105022501784,13532.310111999512,5,2
2021-04-28,1619640000000,,15612.720215232355,2136.5105022501784,13476.209712982178,5,2
2021-04-29,1619726400000,,15753.400907905085,2136.5105022501784,13616.890405654907,5,2
2021-04-30,1619812800000,,15592.060562522394,2136.5105022501784,13455.550060272217,5,2
2021-05-03,1620072000000,,15731.200642771792,5425.880677409243,10305.319965362549,4,1
2021-05-04,1620158400000,,15669.114760216848,5301.953987893241,10367.160772323608,4,1
2021-05-05,1620244800000,,15615.146160645438,1143.2363782357697,14471.909782409668,5,2
2021-05-06,1620331200000,,15784.308572803908,224.4541416515649,15559.854431152344,5,2
2021-05-07,1620417600000,,15910.595602070265,224.4541416515649,15686.141460418701,5,2
2021-05-10,1620676800000,,15986.882694638627,6690.112549222369,9296.77014541626,3,1
2021-05-11,1620763200000,,15585.4189500152,525.2523049651536,15060.166645050049,5,1
2021-05-12,1620849600000,,15371.300792620195,9350.870643541826,6020.430149078369,2,1
2021-05-13,1620936000000,,15471.806053636987,1937.216127870996,13534.589925765991,5,1
2021-05-14,1621022400000,,15644.34625482412,1937.216127870996,13707.130126953125,5,1
2021-05-17,1621281600000,,15683.716234682519,1937.216127870996,13746.500106811523,5,1
2021-05-18,1621368000000,,15613.956039904077,1937.216127870996,13676.739912033081,5,1
2021-05-19,1621454400000,,15403.799263152625,4869.829214248205,10533.970048904419,4,1
2021-05-20,1621540800000,,15529.54362806961,1831.8936227290324,13697.650005340576,5,1
2021-05-21,1621627200000,,15543.63366827652,1831.8936227290324,13711.740045547485,5,1
2021-05-24,1621886400000,,15630.650215028207,4603.589969514288,11027.060245513916,4,1
2021-05-25,1621972800000,,15492.950057208473,1561.189864337378,13931.760192871094,5,1
2021-05-26,1622059200000,,15528.429610431129,1561.189864337378,13967.23974609375,5,1
2021-05-27,1622145600000,,15584.829993426734,1561.189864337378,14023.640129089355,5,1
2021-05-28,1622232000000,,15648.039782702857,1561.189864337378,14086.849918365479,5,1
2021-06-01,1622577600000,,15671.229705035621,1561.189864337378,14110.039840698242,5,1
2021-06-02,1622664000000,,15735.329672992164,1561.189864337378,14174.139808654785,5,1
2021-06-03,1622750400000,,15777.650038897926,1561.189864337378,14216.460174560547,5,1
2021-06-04,1622836800000,,15734.889823138648,1561.189864337378,14173.69995880127,5,1
2021-06-07,1623096000000,,15701.159953296119,1561.189864337378,14139.97008895874,5,1
2021-06-08,1623182400000,,15662.959571063453,1561.189864337378,14101.769706726074,5,1
2021-06-09,1623268800000,,15627.280582745401,4794.330536206096,10832.950046539307,4,1
2021-06-10,1623355200000,,15587.638849573155,4704.138887720128,10883.499961853027,4,1
2021-06-11,1623441600000,,15608.004255884012,536.014074914774,15071.990180969238,5,2
2021-06-14,1623700800000,,15604.664324395975,536.014074914774,15068.650249481201,5,2
2021-06-15,1623787200000,,15677.264185540995,536.014074914774,15141.25011062622,5,2
2021-06-16,1623873600000,,15608.074129693827,536.014074914774,15072.060054779053,5,2
2021-06-17,1623960000000,,15529.654093377909,536.014074914774,14993.640018463135,5,2
2021-06-18,1624046400000,,15262.619479971585,3510.8692167574745,11751.750263214111,4,2
2021-06-21,1624305600000,,15465.205380494965,893.3988161639109,14571.806564331055,5,2
2021-06-22,1624392000000,,15534.047868959782,393.8402349876146,15140.207633972168,5,2
2021-06-23,1624478400000,,15477.350107424138,393.8402349876146,15083.509872436523,5,2
2021-06-24,1624564800000,,15478.392606966374,393.8402349876146,15084.55237197876,5,2
2021-06-25,1624651200000,,15653.830065004704,393.8402349876146,15259.98983001709,5,2
2021-06-28,1624910400000,,15527.257543794987,393.8402349876146,15133.417308807373,5,2
2021-06-29,1624996800000,,15442.257103358155,3582.4245380505395,11859.832565307617,4,1
2021-06-30,1625083200000,,15382.767878144168,550.9453874520309,14831.822490692139,5,2
2021-07-01,1625169600000,,15548.860361664676,550.9453874520309,14997.914974212646,5,2
2021-07-02,1625256000000,,15685.977286353424,3744.917078986478,11941.060207366943,4,2
2021-07-06,1625601600000,,15778.792300485302,655.229777597116,15123.562522888184,5,2
2021-07-07,1625688000000,,15926.215668831168,823.8754283526519,15102.340240478516,5,2
2021-07-08,1625774400000,,15778.3152324298,823.8754283526519,14954.439804077148,5,2
2021-07-09,1625860800000,,16007.005211983023,823.8754283526519,15183.129783630371,5,2
2021-07-12,1626120000000,,16055.952531333378,4086.0127501444126,11969.939781188965,4,1
2021-07-13,1626206400000,,15924.415717455291,916.5056374992369,15007.910079956055,5,2
2021-07-14,1626292800000,,15834.275771471404,916.5056374992369,14917.770133972168,5,2
2021-07-15,1626379200000,,15980.31587156906,916.5056374992369,15063.810234069824,5,2
2021-07-16,1626465600000,,15963.60552153244,916.5056374992369,15047.099884033203,5,2
2021-07-19,1626724800000,,15657.001472498818,3469.6715393323148,12187.329933166504,4,1
2021-07-20,1626811200000,,15958.355773446085,411.6157755823151,15546.73999786377,5,2
2021-07-21,1626897600000,,15981.285134447975,3617.76512254612,12363.520011901855,4,2
2021-07-22,1626984000000,,16170.003061610594,3910.352960902587,12259.650100708008,4,2
2021-07-23,1627070400000,,16296.432219938537,1197.6923822920526,15098.739837646484,5,2
2021-07-26,1627329600000,,16310.96244759967,1197.6923822920526,15113.270065307617,5,2
2021-07-27,1627416000000,,16248.902144865295,1197.6923822920526,15051.209762573242,5,2
2021-07-28,1627502400000,,16238.212142423889,1197.6923822920526,15040.519760131836,5,2
2021-07-29,1627588800000,,16273.512435392639,1197.6923822920526,15075.820053100586,5,2
2021-07-30,1627675200000,,16267.662230924865,1197.6923822920526,15069.969848632812,5,2
2021-08-02,1627934400000,,16298.052581266662,1197.6923822920526,15100.36019897461,5,2
2021-08-03,1628020800000,,16453.09505021613,4474.105426192693,11978.989624023438,4,1
2021-08-04,1628107200000,,16450.22246182593,1358.6424447360887,15091.580017089844,5,2
2021-08-05,1628193600000,,16494.522571689213,1358.6424447360887,15135.880126953125,5,2
2021-08-06,1628280000000,,16423.30253995093,1358.6424447360887,15064.660095214844,5,2
2021-08-09,1628539200000,,16433.19206631812,1358.6424447360887,15074.549621582031,5,2
2021-08-10,1628625600000,,16321.452381259525,1358.6424447360887,14962.809936523438,5,2
2021-08-11,1628712000000,,16316.321076795091,3938.1910108771226,12378.130065917969,4,2
2021-08-12,1628798400000,,16488.54427162233,1182.9945279699873,15305.549743652344,5,2
2021-08-13,1628884800000,,16536.93456092897,1182.9945279699873,15353.940032958984,5,2
2021-08-16,1629144000000,,16585.844595108658,1182.9945279699873,15402.850067138672,5,2
2021-08-17,1629230400000,,16573.904653702408,1182.9945279699873,15390.910125732422,5,2
2021-08-18,1629316800000,,16457.714559708267,1182.9945279699873,15274.720031738281,5,2
2021-08-19,1629403200000,,16648.220644886467,7679.900851185295,8968.319793701172,3,1
2021-08-20,1629489600000,,16824.783529511024,1215.1129667668833,15609.67056274414,5,2
2021-08-23,1629748800000,,16910.76308273368,1215.1129667668833,15695.650115966797,5,2
2021-08-24,1629835200000,,16905.888448944617,1215.1129667668833,15690.775482177734,5,2
2021-08-25,1629921600000,,16892.152944794227,1215.1129667668833,15677.039978027344,5,2
2021-08-26,1630008000000,,16844.075948944617,1215.1129667668833,15628.962982177734,5,2
2021-08-27,1630094400000,,17009.68702340307,4520.625103237053,12489.061920166016,4,1
2021-08-30,1630353600000,,17197.222518832757,1362.4693144870535,15834.753204345703,5,1
2021-08-31,1630440000000,,16984.540115268304,1362.4693144870535,15622.07080078125,5,1
2021-09-01,1630526400000,,17126.417892367914,1362.4693144870535,15763.94857788086,5,1
2021-09-02,1630612800000,,17168.160192407697,495.4024409428489,16672.757751464844,5,1
2021-09-03,1630699200000,,17236.14691904391,3875.859229834924,13360.287689208984,4,1
2021-09-07,1631044800000,,17177.771640470986,452.2382847580966,16725.53335571289,5,2
2021-09-08,1631131200000,,17279.87005966044,452.2382847580966,16827.631774902344,5,2
2021-09-09,1631217600000,,17060.610324553018,452.2382847580966,16608.372039794922,5,2
2021-09-10,1631304000000,,17002.73105209208,452.2382847580966,16550.492767333984,5,2
2021-09-13,1631563200000,,16669.550979216598,6993.10658224394,9676.444396972656,3,1
2021-09-14,1631649600000,,16704.257600299854,363.8359446449467,16340.421655654907,5,1
2021-09-15,1631736000000,,16773.53291272356,363.8359446449467,16409.696968078613,5,1
2021-09-16,1631822400000,,16847.51747082903,363.8359446449467,16483.681526184082,5,1
2021-09-17,1631908800000,,16657.46131848528,363.8359446449467,16293.625373840332,5,1
2021-09-20,1632168000000,,16385.25503533228,3550.1492308889224,12835.10580444336,4,1
2021-09-21,1632254400000,,16365.787016753333,406.40787017740513,15959.379146575928,5,1
2021-09-22,1632340800000,,16678.223456267493,406.40787017740513,16271.815586090088,5,1
2021-09-23,1632427200000,,16784.115958098548,406.40787017740513,16377.708087921143,5,1
2021-09-24,1632513600000,,16732.1799191276,406.40787017740513,16325.772048950195,5,1
2021-09-27,1632772800000,,16413.83738664605,242.77744249321677,16171.059944152832,5,1
2021-09-28,1632859200000,,15925.562253551248,6439.24351652122,9486.31873703003,3,1
2021-09-29,1632945600000,,16166.897844159601,6573.9679659247395,9592.929878234863,3,1
2021-09-30,1633032000000,,15986.460502405038,221.72039391505086,15764.74010848999,5,1
2021-10-01,1633118400000,,16116.345245141854,221.72039391505086,15894.624851226807,5,1
2021-10-04,1633377600000,,15957.835556189932,3219.2605516122944,12738.575004577637,4,1
2021-10-05,1633464000000,,16236.501750818083,233.43703066427406,16003.064720153809,5,1
2021-10-06,1633550400000,,16092.800100582326,3288.110132473195,12804.68996810913,4,1
2021-10-07,1633636800000,,16143.126909430204,804.1269971682409,15338.999912261963,5,2
2021-10-08,1633723200000,,16130.617109472929,804.1269971682409,15326.490112304688,5,2
2021-10-11,1633982400000,,16180.456907446562,804.1269971682409,15376.32991027832,5,2
2021-10-12,1634068800000,,16206.646856482206,804.1269971682409,15402.519859313965,5,2
2021-10-13,1634155200000,,16134.976736242948,804.1269971682409,15330.849739074707,5,2
2021-10-14,1634241600000,,16347.277109320341,804.1269971682409,15543.1501121521,5,2
2021-10-15,1634328000000,,16403.34722727078,804.1269971682409,15599.220230102539,5,2
2021-10-18,1634587200000,,16418.77711313504,804.1269971682409,15614.650115966797,5,2
2021-10-19,1634673600000,,16491.346861059843,804.1269971682409,15687.219863891602,5,2
2021-10-20,1634760000000,,16624.776991064726,804.1269971682409,15820.649993896484,5,2
2021-10-21,1634846400000,,16580.446916754423,804.1269971682409,15776.319919586182,5,2
2021-10-22,1634932800000,,16747.076814825712,804.1269971682409,15942.94981765747,5,2
2021-10-25,1635192000000,,16721.71115019975,4117.770888358929,12603.94026184082,4,2
2021-10-26,1635278400000,,16530.980691830475,1452.3342360657043,15078.64645576477,5,2
2021-10-27,1635364800000,,16431.75901786502,1452.3342360657043,14979.424781799316,5,2
2021-10-28,1635451200000,,16446.84719388303,609.6971618395719,15837.150032043457,5,2
2021-10-29,1635537600000,,16451.702515327655,4799.142273628437,11652.560241699219,4,1
2021-11-01,1635796800000,,16534.424277923456,1638.634181640497,14895.790096282959,5,1
2021-11-02,1635883200000,,16633.07410397326,1638.634181640497,14994.439922332764,5,1
2021-11-03,1635969600000,,16669.6043201903,1638.634181640497,15030.970138549805,5,1
2021-11-04,1636056000000,,16682.03967394035,5034.659630910566,11647.380043029785,4,1
2021-11-05,1636142400000,,16716.814696601912,1938.2786553421479,14778.536041259766,5,2
2021-11-08,1636405200000,,16879.396434120223,1938.2786553421479,14941.117778778076,5,2
2021-11-09,1636491600000,,16886.980471900984,1938.2786553421479,14948.701816558838,5,2
2021-11-10,1636578000000,,16582.841128430995,5007.670992932948,11575.170135498047,4,1
2021-11-11,1636664400000,,16716.903836573198,1687.8135388742212,15029.090297698975,5,2
2021-11-12,1636750800000,,16726.853772486284,1687.8135388742212,15039.04023361206,5,2
2021-11-15,1637010000000,,16804.263518656328,1687.8135388742212,15116.449979782104,5,2
2021-11-16,1637096400000,,16884.52342161043,1687.8135388742212,15196.709882736206,5,2
2021-11-17,1637182800000,,16755.324880945835,1524.8250335337216,15230.49984741211,5,1
2021-11-18,1637269200000,,16965.095127451572,1524.8250335337216,15440.270093917847,5,1
2021-11-19,1637355600000,,16882.158524240942,5029.92841216514,11852.230112075806,4,1
2021-11-22,1637614800000,,16888.24910349196,2018.5792922431806,14869.66981124878,5,1
2021-11-23,1637701200000,,17058.119140570816,2018.5792922431806,15039.539848327637,5,1
2021-11-24,1637787600000,,17648.51891231579,5513.469139099542,12135.049773216248,4,1
2021-11-26,1637960400000,,17174.35747854982,5403.97730391298,11770.38017463684,4,1
2021-11-29,1638219600000,,17511.58392380937,1967.943728916484,15543.640194892883,5,2
2021-11-30,1638306000000,,17097.673782818158,1967.943728916484,15129.730053901672,5,2
2021-12-01,1638392400000,,16939.593783848126,1967.943728916484,14971.65005493164,5,2
2021-12-02,1638478800000,,17187.54609654347,4810.386226395765,12377.159870147705,4,2
2021-12-03,1638565200000,,17120.22899335022,1675.6163682281513,15444.61262512207,5,2
2021-12-06,1638824400000,,17234.16594912482,5008.440954465395,12225.724994659424,4,1
2021-12-07,1638910800000,,17685.53498938109,2563.5378542187354,15121.997135162354,5,1
2021-12-08,1638997200000,,17729.090394044175,2563.5378542187354,15165.55253982544,5,1
2021-12-09,1639083600000,,17384.210145020737,2563.5378542187354,14820.672290802002,5,1
2021-12-10,1639170000000,,17474.24032881285,2563.5378542187354,14910.702474594116,5,1
2021-12-13,1639429200000,,17204.083094620957,2563.5378542187354,14640.545240402222,5,1
2021-12-14,1639515600000,,17137.361931116502,1446.291937143722,15691.069993972778,5,1
2021-12-15,1639602000000,,17398.26480892412,1446.291937143722,15951.972871780396,5,1
2021-12-16,1639688400000,,17324.379438669603,1446.291937143722,15878.087501525879,5,1
2021-12-17,1639774800000,,17132.12713840715,1446.291937143722,15685.835201263428,5,1
2021-12-20,1640034000000,,16878.19935551165,4728.996796994195,12149.202558517456,4,1
2021-12-21,1640120400000,,17177.014896399392,1349.6201210087638,15827.394775390625,5,2
2021-12-22,1640206800000,,17428.880421254682,4948.790251348066,12480.090169906616,4,2
2021-12-23,1640293200000,,17536.189538914674,1945.909555394163,15590.279983520508,5,2
2021-12-27,1640638800000,,17735.789743382447,1945.909555394163,15789.880187988281,5,2
2021-12-28,1640725200000,,17896.12891791685,4838.559154733255,13057.569763183594,4,1
2021-12-29,1640811600000,,17972.604182655497,1290.5137686082553,16682.09041404724,5,2
2021-12-30,1640898000000,,17838.123658592387,1290.5137686082553,16547.60988998413,5,2
2021-12-31,1640984400000,,17861.99879592149,1290.5137686082553,16571.485027313232,5,2
2022-01-03,1641243600000,,17704.453763420268,1290.5137686082553,16413.93999481201,5,2
2022-01-04,1641330000000,,17780.9682287523,1290.5137686082553,16490.454460144043,5,2
2022-01-05,1641416400000,,17429.06359618394,1290.5137686082553,16138.549827575684,5,2
2022-01-06,1641502800000,,17543.409420361524,1157.2140506410642,16386.19536972046,5,2
2022-01-07,1641589200000,,17419.62686382771,1157.2140506410642,16262.412813186646,5,2
2022-01-10,1641848400000,,17162.44012437235,1106.2974470652234,16056.142677307129,5,2
2022-01-11,1641934800000,,17118.68889133622,1008.1787366120993,16110.510154724121,5,2
2022-01-12,1642021200000,,17206.78864185502,1008.1787366120993,16198.60990524292,5,2
2022-01-13,1642107600000,,17106.248869821327,1008.1787366120993,16098.070133209229,5,2
2022-01-14,1642194000000,,16978.56462493265,7061.634624627473,9916.930000305176,3,1
2022-01-18,1642539600000,,17043.167744176244,449.7877583669183,16593.379985809326,5,2
2022-01-19,1642626000000,,16875.337677495336,449.7877583669183,16425.549919128418,5,2
2022-01-20,1642712400000,,16775.922989573337,68.99190207944002,16706.931087493896,5,2
2022-01-21,1642798800000,,16789.800682749606,68.99190207944002,16720.808780670166,5,2
2022-01-24,1643058000000,,16809.94548432085,16809.94548432085,0,0,0
2022-01-25,1643144400000,,16809.94548432085,16809.94548432085,0,0,0
2022-01-26,1643230800000,,16809.94548432085,16809.94548432085,0,0,0
2022-01-27,1643317200000,,16809.94548432085,16809.94548432085,0,0,0
2022-01-28,1643403600000,,16809.94548432085,16809.94548432085,0,0,0
2022-01-31,1643662800000,,16809.94548432085,16809.94548432085,0,0,0
2022-02-01,1643749200000,,16791.792170855915,384.29214796773203,16407.500022888184,5,2
2022-02-02,1643835600000,,17033.242377612507,384.29214796773203,16648.950229644775,5,2
2022-02-03,1643922000000,,16943.29207930318,384.29214796773203,16558.99993133545,5,2
2022-02-04,1644008400000,,16865.412402484333,384.29214796773203,16481.1202545166,5,2
2022-02-07,1644267600000,,16943.291896197712,384.29214796773203,16558.99974822998,5,2
2022-02-08,1644354000000,,16984.78222975484,384.29214796773203,16600.49008178711,5,2
2022-02-09,1644440400000,,17092.222216937458,384.29214796773203,16707.930068969727,5,2
2022-02-10,1644526800000,,16717.12224135152,384.29214796773203,16332.830093383789,5,2
2022-02-11,1644613200000,,16720.002101275837,384.29214796773203,16335.709953308105,5,2
2022-02-14,1644872400000,,16709.085237698204,16709.085237698204,0,0,0
2022-02-15,1644958800000,,16709.085237698204,16709.085237698204,0,0,0
2022-02-16,1645045200000,,16744.07699961339,1029.6372413126078,15714.439758300781,5,2
2022-02-17,1645131600000,,16488.38471128693,636.7348451828047,15851.649866104126,5,2
2022-02-18,1645218000000,,16443.456019741316,16443.456019741316,0,0,0
2022-02-22,1645563600000,,16443.456019741316,16443.456019741316,0,0,0
2022-02-23,1645650000000,,16443.456019741316,16443.456019741316,0,0,0
2022-02-24,1645736400000,,16443.456019741316,16443.456019741316,0,0,0
2022-02-25,1645822800000,,16443.456019741316,16443.456019741316,0,0,0
2022-02-28,1646082000000,,16443.456019741316,16443.456019741316,0,0,0
2022-03-01,1646168400000,,16443.456019741316,16443.456019741316,0,0,0
2022-03-02,1646254800000,,16443.456019741316,16443.456019741316,0,0,0
2022-03-03,1646341200000,,16443.456019741316,16443.456019741316,0,0,0
2022-03-04,1646427600000,,16443.456019741316,16443.456019741316,0,0,0
2022-03-07,1646686800000,,16443.456019741316,16443.456019741316,0,0,0
2022-03-08,1646773200000,,16443.456019741316,16443.456019741316,0,0,0
2022-03-09,1646859600000,,16443.456019741316,16443.456019741316,0,0,0
2022-03-10,1646946000000,,16443.456019741316,16443.456019741316,0,0,0
2022-03-11,1647032400000,,16443.456019741316,16443.456019741316,0,0,0
2022-03-14,1647288000000,,16443.456019741316,16443.456019741316,0,0,0
2022-03-15,1647374400000,,16443.456019741316,16443.456019741316,0,0,0
2022-03-16,1647460800000,,16443.456019741316,16443.456019741316,0,0,0
2022-03-17,1647547200000,,16443.456019741316,16443.456019741316,0,0,0
2022-03-18,1647633600000,,16443.456019741316,16443.456019741316,0,0,0
2022-03-21,1647892800000,,16443.456019741316,16443.456019741316,0,0,0
2022-03-22,1647979200000,,16443.456019741316,16443.456019741316,0,0,0
2022-03-23,1648065600000,,16378.575611386907,3153.035373960146,13225.540237426758,5,2
2022-03-24,1648152000000,,16354.683742067218,16354.683742067218,0,0,0
2022-03-25,1648238400000,,16600.499089557397,3220.4192593877183,13380.079830169678,5,2
2022-03-28,1648497600000,,16477.949231464136,3220.4192593877183,13257.529972076416,5,2
2022-03-29,1648584000000,,16556.059346515405,3220.4192593877183,13335.640087127686,5,2
2022-03-30,1648670400000,,16699.739343005884,3220.4192593877183,13479.320083618164,5,2
2022-03-31,1648756800000,,16696.839777192225,6717.269895753017,9979.569881439209,4,2
2022-04-01,1648843200000,,16826.226936980434,4472.526835128017,12353.700101852417,5,2
2022-04-04,1649102400000,,16786.466627761074,4472.526835128017,12313.939792633057,5,2
2022-04-05,1649188800000,,16795.436951323696,4472.526835128017,12322.910116195679,5,2
2022-04-06,1649275200000,,16955.78665225143,4472.526835128017,12483.259817123413,5,2
2022-04-07,1649361600000,,16946.75330686504,16946.75330686504,0,0,0
2022-04-08,1649448000000,,17039.982728503182,2495.48287346168,14544.499855041504,5,2
2022-04-11,1649707200000,,16947.230393426074,16947.230393426074,0,0,0
2022-04-12,1649793600000,,16947.230393426074,16947.230393426074,0,0,0
2022-04-13,1649880000000,,16947.230393426074,16947.230393426074,0,0,0
2022-04-14,1649966400000,,16947.230393426074,16947.230393426074,0,0,0
2022-04-18,1650312000000,,16947.230393426074,16947.230393426074,0,0,0
2022-04-19,1650398400000,,16947.230393426074,16947.230393426074,0,0,0
2022-04-20,1650484800000,,16947.230393426074,16947.230393426074,0,0,0
2022-04-21,1650571200000,,16947.230393426074,16947.230393426074,0,0,0
2022-04-22,1650657600000,,16947.230393426074,16947.230393426074,0,0,0
2022-04-25,1650916800000,,16947.230393426074,16947.230393426074,0,0,0
2022-04-26,1651003200000,,16947.230393426074,16947.230393426074,0,0,0
2022-04-27,1651089600000,,16947.230393426074,16947.230393426074,0,0,0
2022-04-28,1651176000000,,16947.230393426074,16947.230393426074,0,0,0
2022-04-29,1651262400000,,16947.230393426074,16947.230393426074,0,0,0
2022-05-02,1651521600000,,16947.230393426074,16947.230393426074,0,0,0
2022-05-03,1651608000000,,16947.230393426074,16947.230393426074,0,0,0
2022-05-04,1651694400000,,16947.230393426074,16947.230393426074,0,0,0
2022-05-05,1651780800000,,16947.230393426074,16947.230393426074,0,0,0
2022-05-06,1651867200000,,16947.230393426074,16947.230393426074,0,0,0
2022-05-09,1652126400000,,16947.230393426074,16947.230393426074,0,0,0
2022-05-10,1652212800000,,16947.230393426074,16947.230393426074,0,0,0
2022-05-11,1652299200000,,16947.230393426074,16947.230393426074,0,0,0
2022-05-12,1652385600000,,16947.230393426074,16947.230393426074,0,0,0
2022-05-13,1652472000000,,16947.230393426074,16947.230393426074,0,0,0
2022-05-16,1652731200000,,16947.230393426074,16947.230393426074,0,0,0
2022-05-17,1652817600000,,16947.230393426074,16947.230393426074,0,0,0
2022-05-18,1652904000000,,16947.230393426074,16947.230393426074,0,0,0
2022-05-19,1652990400000,,16947.230393426074,16947.230393426074,0,0,0
2022-05-20,1653076800000,,16947.230393426074,16947.230393426074,0,0,0
2022-05-23,1653336000000,,16947.230393426074,16947.230393426074,0,0,0
2022-05-24,1653422400000,,16947.230393426074,16947.230393426074,0,0,0
2022-05-25,1653508800000,,16947.230393426074,16947.230393426074,0,0,0
2022-05-26,1653595200000,,16947.230393426074,16947.230393426074,0,0,0
2022-05-27,1653681600000,,16947.230393426074,16947.230393426074,0,0,0
2022-05-31,1654027200000,,16947.230393426074,16947.230393426074,0,0,0
2022-06-01,1654113600000,,16947.230393426074,16947.230393426074,0,0,0
2022-06-02,1654200000000,,16947.230393426074,16947.230393426074,0,0,0
2022-06-03,1654286400000,,16947.230393426074,16947.230393426074,0,0,0
2022-06-06,1654545600000,,16947.230393426074,16947.230393426074,0,0,0
2022-06-07,1654632000000,,16947.230393426074,16947.230393426074,0,0,0
2022-06-08,1654718400000,,16947.230393426074,16947.230393426074,0,0,0
2022-06-09,1654804800000,,16947.230393426074,16947.230393426074,0,0,0
2022-06-10,1654891200000,,16947.230393426074,16947.230393426074,0,0,0
2022-06-13,1655150400000,,16947.230393426074,16947.230393426074,0,0,0
2022-06-14,1655236800000,,16947.230393426074,16947.230393426074,0,0,0
2022-06-15,1655323200000,,16947.230393426074,16947.230393426074,0,0,0
2022-06-16,1655409600000,,16947.230393426074,16947.230393426074,0,0,0
2022-06-17,1655496000000,,16947.230393426074,16947.230393426074,0,0,0
2022-06-21,1655841600000,,16947.230393426074,16947.230393426074,0,0,0
2022-06-22,1655928000000,,16947.230393426074,16947.230393426074,0,0,0
2022-06-23,1656014400000,,16947.230393426074,16947.230393426074,0,0,0
2022-06-24,1656100800000,,16947.230393426074,16947.230393426074,0,0,0
2022-06-27,1656360000000,,16947.230393426074,16947.230393426074,0,0,0
2022-06-28,1656446400000,,16947.230393426074,16947.230393426074,0,0,0
2022-06-29,1656532800000,,16947.230393426074,16947.230393426074,0,0,0
2022-06-30,1656619200000,,16947.230393426074,16947.230393426074,0,0,0
2022-07-01,1656705600000,,16947.230393426074,16947.230393426074,0,0,0
2022-07-05,1657051200000,,16947.230393426074,16947.230393426074,0,0,0
2022-07-06,1657137600000,,16947.230393426074,16947.230393426074,0,0,0
2022-07-07,1657224000000,,16947.230393426074,16947.230393426074,0,0,0
2022-07-08,1657310400000,,16947.230393426074,16947.230393426074,0,0,0
2022-07-11,1657569600000,,16947.230393426074,16947.230393426074,0,0,0
2022-07-12,1657656000000,,16947.230393426074,16947.230393426074,0,0,0
2022-07-13,1657742400000,,16947.230393426074,16947.230393426074,0,0,0
2022-07-14,1657828800000,,16947.230393426074,16947.230393426074,0,0,0
2022-07-15,1657915200000,,16947.230393426074,16947.230393426074,0,0,0
2022-07-18,1658174400000,,16947.230393426074,16947.230393426074,0,0,0
2022-07-19,1658260800000,,16947.230393426074,16947.230393426074,0,0,0
2022-07-20,1658347200000,,16947.230393426074,16947.230393426074,0,0,0
2022-07-21,1658433600000,,16947.230393426074,16947.230393426074,0,0,0
2022-07-22,1658520000000,,16947.230393426074,16947.230393426074,0,0,0
2022-07-25,1658779200000,,16947.230393426074,16947.230393426074,0,0,0
2022-07-26,1658865600000,,16947.230393426074,16947.230393426074,0,0,0
2022-07-27,1658952000000,,16947.230393426074,16947.230393426074,0,0,0
2022-07-28,1659038400000,,16947.230393426074,16947.230393426074,0,0,0
2022-07-29,1659124800000,,16947.230393426074,16947.230393426074,0,0,0
2022-08-01,1659384000000,,16947.230393426074,16947.230393426074,0,0,0
2022-08-02,1659470400000,,16947.230393426074,16947.230393426074,0,0,0
2022-08-03,1659556800000,,16947.230393426074,16947.230393426074,0,0,0
2022-08-04,1659643200000,,16947.230393426074,16947.230393426074,0,0,0
2022-08-05,1659729600000,,16947.230393426074,16947.230393426074,0,0,0
2022-08-08,1659988800000,,16947.230393426074,16947.230393426074,0,0,0
2022-08-09,1660075200000,,16947.230393426074,16947.230393426074,0,0,0
2022-08-10,1660161600000,,16947.230393426074,16947.230393426074,0,0,0
2022-08-11,1660248000000,,16947.230393426074,16947.230393426074,0,0,0
2022-08-12,1660334400000,,16947.230393426074,16947.230393426074,0,0,0
2022-08-15,1660593600000,,16947.230393426074,16947.230393426074,0,0,0
2022-08-16,1660680000000,,16947.230393426074,16947.230393426074,0,0,0
2022-08-17,1660766400000,,16947.230393426074,16947.230393426074,0,0,0
2022-08-18,1660852800000,,16947.230393426074,16947.230393426074,0,0,0
2022-08-19,1660939200000,,16947.230393426074,16947.230393426074,0,0,0
2022-08-22,1661198400000,,16947.230393426074,16947.230393426074,0,0,0
2022-08-23,1661284800000,,16947.230393426074,16947.230393426074,0,0,0
2022-08-24,1661371200000,,16947.230393426074,16947.230393426074,0,0,0
2022-08-25,1661457600000,,16947.230393426074,16947.230393426074,0,0,0
2022-08-26,1661544000000,,16947.230393426074,16947.230393426074,0,0,0
2022-08-29,1661803200000,,16947.230393426074,16947.230393426074,0,0,0
2022-08-30,1661889600000,,16947.230393426074,16947.230393426074,0,0,0
2022-08-31,1661976000000,,16947.230393426074,16947.230393426074,0,0,0
2022-09-01,1662062400000,,16947.230393426074,16947.230393426074,0,0,0
2022-09-02,1662148800000,,16947.230393426074,16947.230393426074,0,0,0
2022-09-06,1662494400000,,16947.230393426074,16947.230393426074,0,0,0
2022-09-07,1662580800000,,16947.230393426074,16947.230393426074,0,0,0
2022-09-08,1662667200000,,16947.230393426074,16947.230393426074,0,0,0
2022-09-09,1662753600000,,16947.230393426074,16947.230393426074,0,0,0
2022-09-12,1663012800000,,16947.230393426074,16947.230393426074,0,0,0
2022-09-13,1663099200000,,16947.230393426074,16947.230393426074,0,0,0
2022-09-14,1663185600000,,16947.230393426074,16947.230393426074,0,0,0
2022-09-15,1663272000000,,16947.230393426074,16947.230393426074,0,0,0
2022-09-16,1663358400000,,16947.230393426074,16947.230393426074,0,0,0
2022-09-19,1663617600000,,16947.230393426074,16947.230393426074,0,0,0
2022-09-20,1663704000000,,16947.230393426074,16947.230393426074,0,0,0
2022-09-21,1663790400000,,16947.230393426074,16947.230393426074,0,0,0
2022-09-22,1663876800000,,16947.230393426074,16947.230393426074,0,0,0
2022-09-23,1663963200000,,16947.230393426074,16947.230393426074,0,0,0
2022-09-26,1664222400000,,16947.230393426074,16947.230393426074,0,0,0
2022-09-27,1664308800000,,16947.230393426074,16947.230393426074,0,0,0
2022-09-28,1664395200000,,16947.230393426074,16947.230393426074,0,0,0
2022-09-29,1664481600000,,16947.230393426074,16947.230393426074,0,0,0
2022-09-30,1664568000000,,16947.230393426074,16947.230393426074,0,0,0
2022-10-03,1664827200000,,16947.230393426074,16947.230393426074,0,0,0
2022-10-04,1664913600000,,16947.230393426074,16947.230393426074,0,0,0
2022-10-05,1665000000000,,16947.230393426074,16947.230393426074,0,0,0
2022-10-06,1665086400000,,16947.230393426074,16947.230393426074,0,0,0
2022-10-07,1665172800000,,16947.230393426074,16947.230393426074,0,0,0
2022-10-10,1665432000000,,16947.230393426074,16947.230393426074,0,0,0
2022-10-11,1665518400000,,16947.230393426074,16947.230393426074,0,0,0
2022-10-12,1665604800000,,16947.230393426074,16947.230393426074,0,0,0
2022-10-13,1665691200000,,16947.230393426074,16947.230393426074,0,0,0
2022-10-14,1665777600000,,16947.230393426074,16947.230393426074,0,0,0
2022-10-17,1666036800000,,16947.230393426074,16947.230393426074,0,0,0
2022-10-18,1666123200000,,16947.230393426074,16947.230393426074,0,0,0
2022-10-19,1666209600000,,16947.230393426074,16947.230393426074,0,0,0
2022-10-20,1666296000000,,16947.230393426074,16947.230393426074,0,0,0
2022-10-21,1666382400000,,16947.230393426074,16947.230393426074,0,0,0
2022-10-24,1666641600000,,16947.230393426074,16947.230393426074,0,0,0
2022-10-25,1666728000000,,16947.230393426074,16947.230393426074,0,0,0
2022-10-26,1666814400000,,16947.230393426074,16947.230393426074,0,0,0
2022-10-27,1666900800000,,16947.230393426074,16947.230393426074,0,0,0
2022-10-28,1666987200000,,16947.230393426074,16947.230393426074,0,0,0
2022-10-31,1667246400000,,16947.230393426074,16947.230393426074,0,0,0
2022-11-01,1667332800000,,16947.230393426074,16947.230393426074,0,0,0
2022-11-02,1667419200000,,16947.230393426074,16947.230393426074,0,0,0
2022-11-03,1667505600000,,16947.230393426074,16947.230393426074,0,0,0
2022-11-04,1667592000000,,16947.230393426074,16947.230393426074,0,0,0
2022-11-07,1667854800000,,16947.230393426074,16947.230393426074,0,0,0
2022-11-08,1667941200000,,16947.230393426074,16947.230393426074,0,0,0
2022-11-09,1668027600000,,16947.230393426074,16947.230393426074,0,0,0
2022-11-10,1668114000000,,16947.230393426074,16947.230393426074,0,0,0
2022-11-11,1668200400000,,16947.230393426074,16947.230393426074,0,0,0
2022-11-14,1668459600000,,16947.230393426074,16947.230393426074,0,0,0
2022-11-15,1668546000000,,16947.230393426074,16947.230393426074,0,0,0
2022-11-16,1668632400000,,16947.230393426074,16947.230393426074,0,0,0
2022-11-17,1668718800000,,16947.230393426074,16947.230393426074,0,0,0
2022-11-18,1668805200000,,16947.230393426074,16947.230393426074,0,0,0
2022-11-21,1669064400000,,16947.230393426074,16947.230393426074,0,0,0
2022-11-22,1669150800000,,16947.230393426074,16947.230393426074,0,0,0
2022-11-23,1669237200000,,16947.230393426074,16947.230393426074,0,0,0
2022-11-25,1669410000000,,16947.230393426074,16947.230393426074,0,0,0
2022-11-28,1669669200000,,16947.230393426074,16947.230393426074,0,0,0
2022-11-29,1669755600000,,16947.230393426074,16947.230393426074,0,0,0
2022-11-30,1669842000000,,16947.230393426074,16947.230393426074,0,0,0
2022-12-01,1669928400000,,16871.392456666093,3008.7225872431823,13862.669869422913,5,2
2022-12-02,1670014800000,,16919.432613030534,3008.7225872431823,13910.710025787354,5,2
2022-12-05,1670274000000,,16635.682586327654,3008.7225872431823,13626.959999084473,5,2
2022-12-06,1670360400000,,16619.631273517465,16619.631273517465,0,0,0
2022-12-07,1670446800000,,16619.631273517465,16619.631273517465,0,0,0
2022-12-08,1670533200000,,16619.631273517465,16619.631273517465,0,0,0
2022-12-09,1670619600000,,16619.631273517465,16619.631273517465,0,0,0
2022-12-12,1670878800000,,16619.631273517465,16619.631273517465,0,0,0
2022-12-13,1670965200000,,16619.631273517465,16619.631273517465,0,0,0
2022-12-14,1671051600000,,16619.631273517465,16619.631273517465,0,0,0
2022-12-15,1671138000000,,16619.631273517465,16619.631273517465,0,0,0
2022-12-16,1671224400000,,16619.631273517465,16619.631273517465,0,0,0
2022-12-19,1671483600000,,16619.631273517465,16619.631273517465,0,0,0
2022-12-20,1671570000000,,16619.631273517465,16619.631273517465,0,0,0
2022-12-21,1671656400000,,16619.631273517465,16619.631273517465,0,0,0
2022-12-22,1671742800000,,16619.631273517465,16619.631273517465,0,0,0
2022-12-23,1671829200000,,16619.631273517465,16619.631273517465,0,0,0
2022-12-27,1672174800000,,16619.631273517465,16619.631273517465,0,0,0
2022-12-28,1672261200000,,16619.631273517465,16619.631273517465,0,0,0
2022-12-29,1672347600000,,16619.631273517465,16619.631273517465,0,0,0
2022-12-30,1672434000000,,16619.631273517465,16619.631273517465,0,0,0
2023-01-03,1672779600000,,16619.631273517465,16619.631273517465,0,0,0
2023-01-04,1672866000000,,16619.631273517465,16619.631273517465,0,0,0
2023-01-05,1672952400000,,16619.631273517465,16619.631273517465,0,0,0
2023-01-06,1673038800000,,16619.631273517465,16619.631273517465,0,0,0
2023-01-09,1673298000000,,16619.631273517465,16619.631273517465,0,0,0
2023-01-10,1673384400000,,16619.631273517465,16619.631273517465,0,0,0
2023-01-11,1673470800000,,16619.631273517465,16619.631273517465,0,0,0
2023-01-12,1673557200000,,16619.631273517465,16619.631273517465,0,0,0
2023-01-13,1673643600000,,16619.631273517465,16619.631273517465,0,0,0
2023-01-17,1673989200000,,16549.26481217287,1211.5846669091998,15337.680145263672,5,2
2023-01-18,1674075600000,,16370.400944514451,1353.3509605361792,15017.049983978271,5,2
2023-01-19,1674162000000,,16288.984222904257,16288.984222904257,0,0,0
2023-01-20,1674248400000,,16288.984222904257,16288.984222904257,0,0,0
2023-01-23,1674507600000,,16288.984222904257,16288.984222904257,0,0,0
2023-01-24,1674594000000,,16392.16259067778,748.4404074502404,15643.722183227539,5,2
2023-01-25,1674680400000,,16421.185440714402,748.4404074502404,15672.74503326416,5,2
2023-01-26,1674766800000,,16868.782662088914,748.4404074502404,16120.342254638672,5,2
2023-01-27,1674853200000,,16759.54246039706,936.3423566372967,15823.200103759766,5,1
2023-01-30,1675112400000,,16672.269934609707,936.3423566372967,15735.927577972412,5,1
2023-01-31,1675198800000,,16695.03979773837,936.3423566372967,15758.697441101074,5,1
2023-02-01,1675285200000,,16643.90232674694,4074.8674604139305,12569.034866333008,4,1
2023-02-02,1675371600000,,16104.805254655828,7113.8078715381525,8990.997383117676,3,1
2023-02-03,1675458000000,,15943.989693788191,1247.8833896194906,14696.106304168701,5,1
2023-02-06,1675717200000,,15798.436436799666,1247.8833896194906,14550.553047180176,5,1
2023-02-07,1675803600000,,15984.097968221573,1180.7922583827049,14803.305709838867,5,1
2023-02-08,1675890000000,,15924.094935537247,1180.7922583827049,14743.302677154541,5,1
2023-02-09,1675976400000,,15693.95203638712,4125.848970896395,11568.103065490723,4,1
2023-02-10,1676062800000,,15552.849806377599,1063.1019960138274,14489.74781036377,5,1
2023-02-13,1676322000000,,15753.405235412281,447.00536358610907,15306.399871826172,5,1
2023-02-14,1676408400000,,15782.055183532399,447.00536358610907,15335.049819946289,5,1
2023-02-15,1676494800000,,15708.932228210133,447.00536358610907,15261.926864624023,5,1
2023-02-16,1676581200000,,15560.215232970875,447.00536358610907,15113.209869384766,5,1
2023-02-17,1676667600000,,15546.362098815602,447.00536358610907,15099.356735229492,5,1
2023-02-21,1677013200000,,15249.325969039957,6348.845881759684,8900.480087280273,3,1
2023-02-22,1677099600000,,15242.200316736722,354.09556133511023,14888.104755401611,5,2
2023-02-23,1677186000000,,15266.655608484769,354.09556133511023,14912.560047149658,5,2
2023-02-24,1677272400000,,15016.737004903887,25.252046255204732,14991.484958648682,5,1
2023-02-27,1677531600000,,15060.273228604434,538.796624142763,14521.47660446167,5,1
2023-02-28,1677618000000,,14716.631480333514,911.7915793630541,13804.839900970459,5,2
2023-03-01,1677704400000,,14716.558783647723,911.7915793630541,13804.767204284668,5,2
2023-03-02,1677790800000,,14754.259065689932,3713.9871769570223,11040.27188873291,4,2
2023-03-03,1677877200000,,14880.923182006445,1444.3192467647464,13436.6039352417,5,2
2023-03-06,1678136400000,,14785.147192473974,1444.3192467647464,13340.827945709229,5,2
2023-03-07,1678222800000,,14689.01326989707,1444.3192467647464,13244.694023132324,5,2
2023-03-08,1678309200000,,14672.664324279394,1444.3192467647464,13228.345077514648,5,2
2023-03-09,1678395600000,,14332.783621250466,4452.179243503882,9880.604377746582,4,2
2023-03-10,1678482000000,,14319.114191443085,14319.114191443085,0,0,0
2023-03-13,1678737600000,,14319.114191443085,14319.114191443085,0,0,0
2023-03-14,1678824000000,,14319.114191443085,14319.114191443085,0,0,0
2023-03-15,1678910400000,,14319.114191443085,14319.114191443085,0,0,0
2023-03-16,1678996800000,,14319.114191443085,14319.114191443085,0,0,0
2023-03-17,1679083200000,,14164.892314432545,3634.5935091957285,10530.298805236816,5,2
2023-03-20,1679342400000,,14178.654869170166,14178.654869170166,0,0,0
2023-03-21,1679428800000,,14194.162532860322,2637.877636009737,11556.284896850586,5,2
2023-03-22,1679515200000,,14018.162475639863,2637.877636009737,11380.284839630127,5,2
2023-03-23,1679601600000,,14089.327831670464,14089.327831670464,0,0,0
2023-03-24,1679688000000,,14110.556997689022,1739.0468811118744,12371.510116577148,5,2
2023-03-27,1679947200000,,14198.240923918052,2078.0908613570164,12120.150062561035,5,2
2023-03-28,1680033600000,,14304.166136825777,7000.906096542574,7303.260040283203,3,2
2023-03-29,1680120000000,,14356.041517702837,2682.941404787799,11673.100112915039,5,2
2023-03-30,1680206400000,,14445.71124121358,2682.941404787799,11762.769836425781,5,2
2023-03-31,1680292800000,,14687.401564089556,2682.941404787799,12004.460159301758,5,2
2023-04-03,1680552000000,,14699.441313235064,2682.941404787799,12016.499908447266,5,2
2023-04-04,1680638400000,,14426.551344362993,2682.941404787799,11743.609939575195,5,2
2023-04-05,1680724800000,,14165.171937120738,2910.692152155223,11254.479784965515,5,1
2023-04-06,1680811200000,,14005.689941103701,2175.979827578311,11829.71011352539,5,1
2023-04-10,1681156800000,,14193.08196608293,2931.191722552655,11261.890243530273,5,1
2023-04-11,1681243200000,,14271.24163405168,2931.191722552655,11340.049911499023,5,1
2023-04-12,1681329600000,,14159.051555316328,2931.191722552655,11227.859832763672,5,1
2023-04-13,1681416000000,,14305.941524188398,2931.191722552655,11374.749801635742,5,1
2023-04-14,1681502400000,,14275.041652362226,2931.191722552655,11343.84992980957,5,1
2023-04-17,1681761600000,,14304.53199354875,2931.191722552655,11373.340270996094,5,1
2023-04-18,1681848000000,,14328.281795184492,2931.191722552655,11397.090072631836,5,1
2023-04-19,1681934400000,,14305.241603534101,2931.191722552655,11374.049880981445,5,1
2023-04-20,1682020800000,,14153.37290215355,1819.8026964650703,12333.570205688477,5,2
2023-04-21,1682107200000,,14156.202751396713,1819.8026964650703,12336.40005493164,5,2
2023-04-24,1682366400000,,14187.542549370346,1819.8026964650703,12367.739852905273,5,2
2023-04-25,1682452800000,,13965.359395827183,4413.099508131871,9552.259887695312,4,2
2023-04-26,1682539200000,,13903.75072540459,1812.5507742327159,12091.199951171875,5,2
2023-04-27,1682625600000,,13747.36891619636,4316.668873471748,9430.70004272461,4,2
2023-04-28,1682712000000,,13610.76421419189,3472.9842459301703,10137.779968261719,4,2
2023-05-01,1682971200000,,13738.026178656177,355.1196997743409,13382.906478881836,5,2
2023-05-02,1683057600000,,13822.464868841724,355.1196997743409,13467.345169067383,5,2
2023-05-03,1683144000000,,13676.50805121477,355.1196997743409,13321.38835144043,5,2
2023-05-04,1683230400000,,13639.358469305591,355.1196997743409,13284.23876953125,5,2
2023-05-05,1683316800000,,13748.978267015842,309.58700114670137,13439.39126586914,5,2
2023-05-08,1683576000000,,13691.63762980881,309.58700114670137,13382.05062866211,5,2
2023-05-09,1683662400000,,13651.643275560764,309.58700114670137,13342.056274414062,5,2
2023-05-10,1683748800000,,13728.944030942966,597.2854616070294,13131.658569335938,5,2
2023-05-11,1683835200000,,13703.951370420506,597.2854616070294,13106.665908813477,5,2
2023-05-12,1683921600000,,13727.855400266697,597.2854616070294,13130.569938659668,5,2
2023-05-15,1684180800000,,13564.786667051365,597.2854616070294,12967.501205444336,5,2
2023-05-16,1684267200000,,13484.617248716404,597.2854616070294,12887.331787109375,5,2
2023-05-17,1684353600000,,13504.986931028416,597.2854616070294,12907.701469421387,5,2
2023-05-18,1684440000000,,13572.654922037138,433.3613887119418,13139.293533325195,5,2
2023-05-19,1684526400000,,13649.504207219572,36.594188298672634,13612.910018920898,5,1
2023-05-22,1684785600000,,13489.569853221132,5415.095823680116,8074.474029541016,3,1
2023-05-23,1684872000000,,13233.500219345397,5251.879590988463,7981.620628356934,3,2
2023-05-24,1684958400000,,13337.010386272263,2858.0996654470673,10478.910720825195,4,2
2023-05-25,1685044800000,,13283.902656755077,193.77729054414021,13090.125366210938,5,2
2023-05-26,1685131200000,,13215.968866320372,2598.2223605830673,10617.746505737305,4,2
2023-05-30,1685476800000,,13264.165766833437,9.874865649356252,13254.290901184082,5,2
2023-05-31,1685563200000,,13151.481489741805,3207.2174363970807,9944.264053344727,4,2
2023-06-01,1685649600000,,13099.277537275671,1583.7952698959125,11515.48226737976,5,2
2023-06-02,1685736000000,,13136.056784279885,1584.4972540217063,11551.559530258179,5,2
2023-06-05,1685995200000,,13155.54596389109,1584.4972540217063,11571.048709869385,5,2
2023-06-06,1686081600000,,13086.10083669993,709.7797536310827,12376.321083068848,5,2
2023-06-07,1686168000000,,12846.445610903955,3245.5056694977047,9600.93994140625,4,2
2023-06-08,1686254400000,,12991.700803544358,711.7929132245331,12279.907890319824,5,2
2023-06-09,1686340800000,,13048.500501420334,711.7929132245331,12336.7075881958,5,2
2023-06-12,1686600000000,,13161.535070343916,1186.7529124459693,11974.78215789795,5,2
2023-06-13,1686686400000,,13172.617406769697,1186.7529124459693,11985.86449432373,5,2
2023-06-14,1686772800000,,13288.354127808516,1186.7529124459693,12101.601215362549,5,2
2023-06-15,1686859200000,,13483.30270871881,3805.3321238494236,9677.970584869385,4,2
2023-06-16,1686945600000,,13397.856798158447,1086.2202815874002,12311.636516571045,5,2
2023-06-20,1687291200000,,13363.222860322754,1086.2202815874002,12277.002578735352,5,2
2023-06-21,1687377600000,,13340.784512759441,3672.577954531901,9668.206558227539,4,1
2023-06-22,1687464000000,,13386.419233461407,1021.60890402415,12364.810329437256,5,1
2023-06-23,1687550400000,,13298.515897890118,1021.60890402415,12276.906993865967,5,1
2023-06-26,1687809600000,,13298.944780488995,1021.60890402415,12277.335876464844,5,1
2023-06-27,1687896000000,,13511.54171957591,1021.60890402415,12489.932815551758,5,1
2023-06-28,1687982400000,,13529.805467744854,1021.60890402415,12508.196563720703,5,1
2023-06-29,1688068800000,,13575.997625490216,1021.60890402415,12554.388721466064,5,1
2023-06-30,1688155200000,,13698.622934480694,1021.60890402415,12677.014030456543,5,1
2023-07-03,1688414400000,,13590.43050207713,1021.60890402415,12568.821598052979,5,1
2023-07-05,1688587200000,,13629.736345430401,1021.60890402415,12608.12744140625,5,1
2023-07-06,1688673600000,,13564.857095857647,1021.60890402415,12543.248191833496,5,1
2023-07-07,1688760000000,,13456.21650900462,1021.60890402415,12434.607604980469,5,1
2023-07-10,1689019200000,,13569.946050783185,1021.60890402415,12548.337146759033,5,1
2023-07-11,1689105600000,,13459.006197114972,1021.60890402415,12437.39729309082,5,1
2023-07-12,1689192000000,,13480.371571952495,1519.8711218182166,11960.500450134277,5,2
2023-07-13,1689278400000,,13633.236104423198,1519.8711218182166,12113.36498260498,5,2
2023-07-14,1689364800000,,13535.429830009136,1519.8711218182166,12015.558708190918,5,2
2023-07-17,1689624000000,,13650.273271018657,1519.8711218182166,12130.40214920044,5,2
2023-07-18,1689710400000,,13718.060803825054,1519.8711218182166,12198.189682006836,5,2
2023-07-19,1689796800000,,13649.844930106792,1519.8711218182166,12129.973808288574,5,2
2023-07-20,1689883200000,,13589.591489249859,1519.8711218182166,12069.72036743164,5,2
2023-07-21,1689969600000,,13636.809528765603,4245.6195186948025,9391.1900100708,4,2
2023-07-24,1690228800000,,13645.944871572134,1688.8146759544575,11957.130195617676,5,2
2023-07-25,1690315200000,,13694.874742177602,1688.8146759544575,12006.060066223145,5,2
2023-07-26,1690401600000,,13675.244691518423,1688.8146759544575,11986.430015563965,5,2
2023-07-27,1690488000000,,13606.761890734655,3988.0417445554567,9618.7201461792,4,1
2023-07-28,1690574400000,,13664.818632575849,1997.2404541700885,11667.578178405762,5,2
2023-07-31,1690833600000,,13627.24234625993,1997.2404541700885,11630.001892089844,5,2
2023-08-01,1690920000000,,13643.040426704267,1997.2404541700885,11645.79997253418,5,2
2023-08-02,1691006400000,,13422.424353095868,1997.2404541700885,11425.183898925781,5,2
2023-08-03,1691092800000,,13316.128510797083,4601.220628106655,8714.90788269043,4,2
2023-08-04,1691179200000,,13268.33684327315,2167.8290689201235,11100.507774353027,5,2
2023-08-07,1691438400000,,13481.026967784868,2167.8290689201235,11313.197898864746,5,2
2023-08-08,1691524800000,,13248.60912110518,2167.8290689201235,11080.780052185059,5,2
2023-08-09,1691611200000,,13112.067059381405,4468.107060296934,8643.959999084473,4,2
2023-08-10,1691697600000,,13051.134096882053,833.4920909616435,12217.64200592041,5,2
2023-08-11,1691784000000,,13003.634422602572,2688.704574885288,10314.929847717285,4,1
2023-08-14,1692043200000,,13025.798954738802,181.1989486352877,12844.600006103516,5,2
2023-08-15,1692129600000,,12928.998974575228,181.1989486352877,12747.800025939941,5,2
2023-08-16,1692216000000,,12809.169071926302,181.1989486352877,12627.970123291016,5,2
2023-08-17,1692302400000,,12646.6332012677,2605.0134121441647,10041.619789123535,4,1
2023-08-18,1692388800000,,12633.651455260846,2667.2114223018593,9966.440032958984,4,2
2023-08-21,1692648000000,,12619.170212510162,294.2403304606005,12324.92988204956,5,2
2023-08-22,1692734400000,,12659.03056788736,294.2403304606005,12364.790237426758,5,2
2023-08-23,1692820800000,,12801.79044413858,294.2403304606005,12507.550113677979,5,2
2023-08-24,1692907200000,,12746.26050639444,294.2403304606005,12452.020175933838,5,2
2023-08-25,1692993600000,,12788.33041453653,294.2403304606005,12494.090084075928,5,2
2023-08-28,1693252800000,,12894.547330680856,2919.4472902450625,9975.100040435791,4,2
2023-08-29,1693339200000,,13100.386783051461,757.2867502450626,12343.100032806396,5,2
2023-08-30,1693425600000,,13095.08690969941,757.2867502450626,12337.800159454346,5,2
2023-08-31,1693512000000,,13107.486525940865,757.2867502450626,12350.1997756958,5,2
2023-09-01,1693598400000,,13148.829448040553,3372.6793549619388,9776.150093078613,4,1
2023-09-05,1693944000000,,13089.79399383259,3080.7038449068095,10009.090148925781,4,1
2023-09-06,1694030400000,,13053.330334711962,585.1602755078611,12468.170059204102,5,2
2023-09-07,1694116800000,,13188.94046502202,585.1602755078611,12603.78018951416,5,2
2023-09-08,1694203200000,,13243.050053645067,585.1602755078611,12657.889778137207,5,2
2023-09-11,1694462400000,,13293.90035729497,585.1602755078611,12708.74008178711,5,2
2023-09-12,1694548800000,,13356.260228205614,585.1602755078611,12771.099952697754,5,2
2023-09-13,1694635200000,,13305.030400324755,585.1602755078611,12719.870124816895,5,2
2023-09-14,1694721600000,,13375.01013665288,585.1602755078611,12789.84986114502,5,2
2023-09-15,1694808000000,,13244.910336543016,585.1602755078611,12659.750061035156,5,2
2023-09-18,1695067200000,,13401.655518895652,696.205735570456,12705.449783325195,5,2
2023-09-19,1695153600000,,13055.319026609333,2777.6690861186103,10277.649940490723,4,2
2023-09-20,1695240000000,,13106.695076602437,481.69490112636186,12625.000175476074,5,2
2023-09-21,1695326400000,,12947.005829682257,2693.2658013009104,10253.740028381348,4,2
2023-09-22,1695412800000,,12888.127709871951,14.268411165900034,12873.859298706055,5,2
2023-09-25,1695672000000,,12933.347291475955,14.268411165900034,12919.078880310059,5,2
2023-09-26,1695758400000,,12670.596520955985,30.106210287043268,12640.490310668945,5,2
2023-09-27,1695844800000,,12803.4481922806,319.47847334749486,12483.969718933105,5,2
2023-09-28,1695931200000,,12841.335247408986,755.9452556487342,12085.389991760254,5,2
2023-09-29,1696017600000,,12656.18528403008,755.9452556487342,11900.240028381348,5,2
2023-10-02,1696276800000,,12492.33266019811,3248.982455730339,9243.350204467773,4,2
2023-10-03,1696363200000,,12263.41567038809,3590.1554737023007,8673.260196685791,4,1
2023-10-04,1696449600000,,12370.183014674392,3647.0330436660906,8723.1499710083,4,1
2023-10-05,1696536000000,,12316.486683599669,1248.9267127439566,11067.559970855713,5,1
2023-10-06,1696622400000,,12455.096729986388,1248.9267127439566,11206.170017242432,5,1
2023-10-09,1696881600000,,12555.646973364073,1248.9267127439566,11306.720260620117,5,1
2023-10-10,1696968000000,,12600.456894628722,1248.9267127439566,11351.530181884766,5,1
2023-10-11,1697054400000,,12768.6166617796,1248.9267127439566,11519.689949035645,5,1
2023-10-12,1697140800000,,12744.180355253011,3813.430191221028,8930.750164031982,4,1
2023-10-13,1697227200000,,12530.279618859242,2136.198674797963,10394.08094406128,5,1
2023-10-16,1697486400000,,12701.103987507428,3969.9994419141653,8731.104545593262,4,1
2023-10-17,1697572800000,,12830.789606667964,1527.2084451689416,11303.581161499023,5,2
2023-10-18,1697659200000,,12714.4851480498,1527.2084451689416,11187.27670288086,5,2
2023-10-19,1697745600000,,12570.872805215327,1527.2084451689416,11043.664360046387,5,2
2023-10-20,1697832000000,,12336.37281972184,936.8518312574847,11399.520988464355,5,2
2023-10-23,1698091200000,,12276.606631458482,12276.606631458482,0,0,0
2023-10-24,1698177600000,,12276.606631458482,12276.606631458482,0,0,0
2023-10-25,1698264000000,,12158.399585437357,1291.1396214480997,10867.259963989258,5,2
2023-10-26,1698350400000,,12206.366090183448,12206.366090183448,0,0,0
2023-10-27,1698436800000,,12206.366090183448,12206.366090183448,0,0,0
2023-10-30,1698696000000,,12206.366090183448,12206.366090183448,0,0,0
2023-10-31,1698782400000,,12206.366090183448,12206.366090183448,0,0,0
2023-11-01,1698868800000,,12206.366090183448,12206.366090183448,0,0,0
2023-11-02,1698955200000,,12206.366090183448,12206.366090183448,0,0,0
2023-11-03,1699041600000,,12264.850281085308,1279.8101619141657,10985.040119171143,5,2
2023-11-06,1699304400000,,12281.683449125405,1827.6082919598773,10454.075157165527,5,2
2023-11-07,1699390800000,,12306.058155393715,1827.6082919598773,10478.449863433838,5,2
2023-11-08,1699477200000,,12459.01566729557,1827.6082919598773,10631.407375335693,5,2
2023-11-09,1699563600000,,12255.848301267739,1827.6082919598773,10428.240009307861,5,2
2023-11-10,1699650000000,,12384.045616483803,1827.6082919598773,10556.437324523926,5,2
2023-11-13,1699909200000,,12494.788502073403,1827.6082919598773,10667.180210113525,5,2
2023-11-14,1699995600000,,12574.089067391136,3751.388818672875,8822.700248718262,4,1
2023-11-15,1700082000000,,12547.194382487804,6260.1444404712,6287.049942016602,3,1
2023-11-16,1700168400000,,12652.376933590396,1429.3321108975229,11223.044822692871,5,1
2023-11-17,1700254800000,,12745.744131134188,4013.3141842347736,8732.429946899414,4,1
2023-11-20,1700514000000,,12865.115702283587,1563.2858530404228,11301.829849243164,5,1
2023-11-21,1700600400000,,12885.93596900722,1563.2858530404228,11322.650115966797,5,1
2023-11-22,1700686800000,,12893.765818250384,1563.2858530404228,11330.479965209961,5,1
2023-11-24,1700859600000,,12896.685740125384,1563.2858530404228,11333.399887084961,5,1
2023-11-27,1701118800000,,12916.835993421282,1563.2858530404228,11353.55014038086,5,1
2023-11-28,1701205200000,,12861.266001355852,1563.2858530404228,11297.98014831543,5,1
2023-11-29,1701291600000,,12549.737249770767,1318.0574249416659,11231.679824829102,5,1
2023-11-30,1701378000000,,12692.040348140945,3513.5402260706333,9178.500122070312,4,1
2023-12-01,1701464400000,,12828.77861103819,1000.1787575225644,11828.599853515625,5,1
2023-12-04,1701723600000,,12938.058487747174,1000.1787575225644,11937.87973022461,5,1
2023-12-05,1701810000000,,12893.128632400494,1000.1787575225644,11892.94987487793,5,1
2023-12-06,1701896400000,,12843.908737991314,1000.1787575225644,11843.72998046875,5,1
2023-12-07,1701982800000,,12801.718643997174,1000.1787575225644,11801.53988647461,5,1
2023-12-08,1702069200000,,12828.818665359478,1000.1787575225644,11828.639907836914,5,1
2023-12-11,1702328400000,,12941.918686721783,1000.1787575225644,11941.739929199219,5,1
2023-12-12,1702414800000,,13047.809831659437,2927.609865228772,10120.199966430664,4,1
2023-12-13,1702501200000,,13155.598049095952,3180.9679984367726,9974.63005065918,4,2
2023-12-14,1702587600000,,12857.309723662736,2984.4376991266017,9872.872024536133,4,1
2023-12-15,1702674000000,,12863.043423842588,3344.3794147483513,9518.664009094238,4,1
2023-12-18,1702933200000,,12996.269930559278,815.2521464406273,12181.017784118652,5,1
2023-12-19,1703019600000,,13091.680094438672,815.2521464406273,12276.427947998047,5,1
2023-12-20,1703106000000,,12931.280131059766,815.2521464406273,12116.02798461914,5,1
2023-12-21,1703192400000,,13062.446192461133,815.2521464406273,12247.194046020508,5,1
2023-12-22,1703278800000,,13059.066065508008,815.2521464406273,12243.813919067383,5,1
2023-12-26,1703624400000,,13172.178057390332,815.2521464406273,12356.925910949707,5,1
2023-12-27,1703710800000,,13215.768221574903,815.2521464406273,12400.516075134277,5,1
2023-12-28,1703797200000,,13256.246172624707,815.2521464406273,12440.994026184082,5,1
2023-12-29,1703883600000,,13228.15008367013,3309.4280225129055,9918.722061157227,4,1
2024-01-02,1704229200000,,12945.397193523357,2654.5623279532892,10290.834865570068,4,2
2024-01-03,1704315600000,,12879.547562949096,202.75232445422444,12676.795238494873,5,2
2024-01-04,1704402000000,,12953.6141667178,2733.9662098696576,10219.647956848145,4,1
2024-01-05,1704488400000,,12987.072372946915,154.3885197975028,12832.683853149414,5,2
2024-01-08,1704747600000,,13069.200485739884,154.3885197975028,12914.811965942383,5,2
2024-01-09,1704834000000,,13026.434311423478,154.3885197975028,12872.045791625977,5,2
2024-01-10,1704920400000,,12992.380707297501,154.3885197975028,12837.9921875,5,2
2024-01-11,1705006800000,,13035.950500998673,154.3885197975028,12881.561981201172,5,2
2024-01-12,1705093200000,,13051.68257955092,154.3885197975028,12897.294059753418,5,2
2024-01-16,1705438800000,,12895.346919473228,2610.130916055262,10285.216003417969,4,1
2024-01-17,1705525200000,,12949.743901777027,2712.1017737863035,10237.642127990723,4,1
2024-01-18,1705611600000,,13021.878765001708,747.4627608208011,12274.416004180908,5,2
2024-01-19,1705698000000,,13040.73286427539,747.4627608208011,12293.27010345459,5,2
2024-01-22,1705957200000,,13091.036613359862,747.4627608208011,12343.573852539062,5,2
2024-01-23,1706043600000,,13089.610992327147,747.4627608208011,12342.148231506348,5,2
2024-01-24,1706130000000,,13246.912980340514,3557.1931736693714,9689.719806671143,4,1
2024-01-25,1706216400000,,13210.83521250434,1040.2181547040473,12170.617057800293,5,2
2024-01-26,1706302800000,,13280.003158366157,1040.2181547040473,12239.78500366211,5,2
2024-01-29,1706562000000,,13424.661124979926,1040.2181547040473,12384.442970275879,5,2
2024-01-30,1706648400000,,13560.276244914008,1040.2181547040473,12520.058090209961,5,2
2024-01-31,1706734800000,,13410.001984047607,3706.5018696066895,9703.500114440918,4,2
2024-02-01,1706821200000,,13500.785179598275,1037.765102846567,12463.020076751709,5,2
2024-02-02,1706907600000,,13439.665119631234,1037.765102846567,12401.900016784668,5,2
2024-02-05,1707166800000,,13328.62761611333,1088.0276405273928,12240.599975585938,5,2
2024-02-06,1707253200000,,13264.697707360889,1088.0276405273928,12176.670066833496,5,2
2024-02-07,1707339600000,,13304.244879224265,3759.184935071433,9545.059944152832,4,2
2024-02-08,1707426000000,,13358.614311428071,1619.2541658592236,11739.360145568848,5,2
2024-02-09,1707512400000,,13435.019336910249,1619.2541658592236,11815.765171051025,5,2
2024-02-12,1707771600000,,13436.531662197114,1619.2541658592236,11817.27749633789,5,2
2024-02-13,1707858000000,,13131.032382832977,5832.252471791717,7298.77991104126,3,2
2024-02-14,1707944400000,,13384.143482777721,1227.491173359996,12156.652309417725,5,2
2024-02-15,1708030800000,,13674.236168477184,1227.491173359996,12446.744995117188,5,2
2024-02-16,1708117200000,,13713.201072308666,1227.491173359996,12485.70989894867,5,2
2024-02-20,1708462800000,,13716.92815648968,3920.9557748978823,9795.972381591797,4,2
2024-02-21,1708549200000,,13406.839611382657,646.7994883968158,12760.04012298584,5,2
2024-02-22,1708635600000,,13553.49759643897,2994.977538760747,10558.520057678223,4,2
2024-02-23,1708722000000,,13604.28243646401,658.1625557877396,12946.11988067627,5,2
2024-02-26,1708981200000,,13532.77241906899,658.1625557877396,12874.60986328125,5,2
2024-02-27,1709067600000,,13615.752452943501,658.1625557877396,12957.589897155762,5,2
2024-02-28,1709154000000,,13648.34245309609,658.1625557877396,12990.17989730835,5,2
2024-02-29,1709240400000,,13671.152679536519,658.1625557877396,13012.99012374878,5,2
2024-03-01,1709326800000,,13761.452648256001,658.1625557877396,13103.290092468262,5,2
2024-03-04,1709586000000,,13802.343658925007,3364.8534855851626,10437.490173339844,4,2
2024-03-05,1709672400000,,13713.683171838275,672.4832015929142,13041.199970245361,5,2
2024-03-06,1709758800000,,13772.433343499652,672.4832015929142,13099.950141906738,5,2
2024-03-07,1709845200000,,13851.98105389925,3510.2712150320626,10341.709838867188,4,2
2024-03-08,1709931600000,,13822.32721832379,750.2639248667588,13072.063293457031,5,2
2024-03-11,1710187200000,,13768.344361573301,750.2639248667588,13018.080436706543,5,2
2024-03-12,1710273600000,,13933.35171630963,750.2639248667588,13183.087791442871,5,2
2024-03-13,1710360000000,,13926.412598877989,750.2639248667588,13176.14867401123,5,2
2024-03-14,1710446400000,,13909.342149048887,750.2639248667588,13159.078224182129,5,2
2024-03-15,1710532800000,,13897.62815216168,750.2639248667588,13147.364227294922,5,2
2024-03-18,1710792000000,,13875.195992737852,750.2639248667588,13124.932067871094,5,2
2024-03-19,1710878400000,,13914.292351990782,750.2639248667588,13164.028427124023,5,2
2024-03-20,1710964800000,,14041.486414857038,3440.138117737895,10601.34829711914,4,2
2024-03-21,1711051200000,,14085.435289786796,630.0652374491478,13455.370052337646,5,2
2024-03-22,1711137600000,,13994.20739595745,630.0652374491478,13364.1421585083,5,2
2024-03-25,1711396800000,,13973.047954963187,630.0652374491478,13342.982717514038,5,2
2024-03-26,1711483200000,,14073.549676018265,3496.060957985427,10577.488718032837,4,1
2024-03-27,1711569600000,,14200.407045538625,702.3994027926501,13498.007642745972,5,2
2024-03-28,1711656000000,,14208.166750128468,702.3994027926501,13505.767347335815,5,2
2024-04-01,1712001600000,,14021.05654924651,702.3994027926501,13318.657146453857,5,2
2024-04-02,1712088000000,,13956.638386257257,3380.135696895683,10576.502689361572,4,1
2024-04-03,1712174400000,,14044.578909060574,4180.810831210232,9863.768077850342,4,1
2024-04-04,1712260800000,,13876.762211858197,1391.900048314496,12484.862163543701,5,2
2024-04-05,1712347200000,,14092.300442754193,1391.900048314496,12700.400394439697,5,2
2024-04-08,1712606400000,,14001.172062932415,1391.900048314496,12609.27201461792,5,2
2024-04-09,1712692800000,,13878.716867628265,4002.1508237745056,9876.56604385376,4,2
2024-04-10,1712779200000,,13853.56434051738,3978.7221774314426,9874.842163085938,4,2
2024-04-11,1712865600000,,13848.564059384527,894.5722838718316,12953.991775512695,5,2
2024-04-12,1712952000000,,13684.779460080328,894.5722838718316,12790.207176208496,5,2
2024-04-15,1713211200000,,13509.691831648874,3569.6717358236774,9940.020095825195,4,2
2024-04-16,1713297600000,,13570.480996481136,3526.0430768644374,10044.4379196167,4,2
2024-04-17,1713384000000,,13528.560258209534,805.2843335269172,12723.275924682617,5,2
2024-04-18,1713470400000,,13569.688302337952,805.2843335269172,12764.403968811035,5,2
2024-04-19,1713556800000,,13409.551469666698,722.8815630504878,12686.669906616211,5,2
2024-04-22,1713816000000,,13516.478644505882,53.458754674339616,13463.019889831543,5,2
2024-04-23,1713902400000,,13564.508994237327,53.458754674339616,13511.050239562988,5,2
2024-04-24,1713988800000,,13533.848998204612,53.458754674339616,13480.390243530273,5,2
2024-04-25,1714075200000,,13511.51895059719,53.458754674339616,13458.060195922852,5,2
2024-04-26,1714161600000,,13373.358496800804,53.458754674339616,13319.899742126465,5,2
2024-04-29,1714420800000,,13420.628600255393,53.458754674339616,13367.169845581055,5,2
2024-04-30,1714507200000,,13297.958632604026,53.458754674339616,13244.499877929688,5,2
2024-05-01,1714593600000,,13224.209003750564,5203.398907009841,8020.810096740723,3,2
2024-05-02,1714680000000,,13187.011008451314,96.15733260902925,13090.853675842285,5,2
2024-05-03,1714766400000,,13234.420485685201,96.15733260902925,13138.263153076172,5,2
2024-05-06,1715025600000,,13399.057883451314,96.15733260902925,13302.900550842285,5,2
2024-05-07,1715112000000,,13415.088745566956,280.0087055889294,13135.080039978027,5,2
2024-05-08,1715198400000,,13359.060629819094,2737.1656713229995,10621.894958496094,4,1
2024-05-09,1715284800000,,13465.48330882693,1140.1998768200929,12325.283432006836,5,1
2024-05-10,1715371200000,,13504.627832447535,1140.1998768200929,12364.427955627441,5,1
2024-05-13,1715630400000,,13427.959970509059,1140.1998768200929,12287.760093688965,5,1
2024-05-14,1715716800000,,13393.482049976832,1140.1998768200929,12253.282173156738,5,1
2024-05-15,1715803200000,,13411.468122635286,1075.1856443027668,12336.28247833252,5,1
2024-05-16,1715889600000,,13332.72050300638,1075.1856443027668,12257.534858703613,5,1
2024-05-17,1715976000000,,13484.490156796073,1120.1639238859175,12364.326232910156,5,1
2024-05-20,1716235200000,,13485.294981625175,1120.1639238859175,12365.131057739258,5,1
2024-05-21,1716321600000,,13505.291350033378,1120.1639238859175,12385.127426147461,5,1
2024-05-22,1716408000000,,13148.492117550468,1120.1639238859175,12028.32819366455,5,1
2024-05-23,1716494400000,,13108.838104893097,3706.8353506816707,9402.002754211426,4,1
2024-05-24,1716580800000,,13327.853824812208,1216.8972513258777,12110.956573486328,5,2
2024-05-28,1716926400000,,13410.331887803692,3050.7559829574993,10359.575904846191,4,2
2024-05-29,1717012800000,,13246.732651337796,411.71883450429686,12835.013816833496,5,2
2024-05-30,1717099200000,,13369.552025422268,411.71883450429686,12957.833190917969,5,2
2024-05-31,1717185600000,,13506.101574525052,411.71883450429686,13094.382740020752,5,2
2024-06-03,1717444800000,,13318.938969239407,411.71883450429686,12907.220134735107,5,2
2024-06-04,1717531200000,,13332.61855374258,411.71883450429686,12920.899719238281,5,2
2024-06-05,1717617600000,,13424.955437287503,411.71883450429686,13013.236602783203,5,2
2024-06-06,1717704000000,,13367.724175080471,411.71883450429686,12956.005340576172,5,2
2024-06-07,1717790400000,,13323.182858094387,411.71883450429686,12911.464023590088,5,2
2024-06-10,1718049600000,,13415.763329133206,411.71883450429686,13004.044494628906,5,2
2024-06-11,1718136000000,,13375.579571351223,411.71883450429686,12963.860736846924,5,2
2024-06-12,1718222400000,,13476.390926942044,411.71883450429686,13064.672092437744,5,2
2024-06-13,1718308800000,,13349.363058813173,2781.192461736757,10568.170597076416,4,2
2024-06-14,1718395200000,,13245.272173339312,162.58368914741686,13082.688484191895,5,2
2024-06-17,1718654400000,,13422.091703826372,162.58368914741686,13259.508014678955,5,2
2024-06-18,1718740800000,,13549.43749857882,2985.1250252817017,10564.31247329712,4,2
2024-06-20,1718913600000,,13334.872986373071,574.3960347739503,12760.476951599121,5,2
2024-06-21,1719000000000,,13340.213673171167,574.3960347739503,12765.817638397217,5,2
2024-06-24,1719259200000,,13401.00939994729,574.3960347739503,12826.61336517334,5,2
2024-06-25,1719345600000,,13439.653435286646,574.3960347739503,12865.257400512695,5,2
2024-06-26,1719432000000,,13272.78896248448,3084.0571738492263,10188.731788635254,4,1
2024-06-27,1719518400000,,13268.926031268615,508.35333458282366,12760.572696685791,5,1
2024-06-28,1719604800000,,13326.019922412414,508.35333458282366,12817.66658782959,5,1
2024-07-01,1719864000000,,13230.185671008605,508.35333458282366,12721.832336425781,5,1
2024-07-02,1719950400000,,13303.75008980133,508.35333458282366,12795.396755218506,5,1
2024-07-03,1720036800000,,13366.492269943117,441.45065541064605,12925.04161453247,5,1
2024-07-05,1720209600000,,13432.576242874025,441.45065541064605,12991.125587463379,5,1
2024-07-08,1720468800000,,13419.920613957373,264.2105957994131,13155.710018157959,5,2
2024-07-09,1720555200000,,13456.230558110205,264.2105957994131,13192.019962310791,5,2
2024-07-10,1720641600000,,13558.91083688828,264.2105957994131,13294.700241088867,5,2
2024-07-11,1720728000000,,13408.71069879624,264.2105957994131,13144.500102996826,5,2
2024-07-12,1720814400000,,13394.470540715185,264.2105957994131,13130.259944915771,5,2
2024-07-15,1721073600000,,13520.641292211445,1239.3012424677922,12281.340049743652,5,2
2024-07-16,1721160000000,,13652.441184636982,1239.3012424677922,12413.13994216919,5,2
2024-07-17,1721246400000,,13530.501390096577,1239.3012424677922,12291.200147628784,5,2
2024-07-18,1721332800000,,13380.536921302319,3729.8568828501698,9650.680038452148,4,1
2024-07-19,1721419200000,,13229.784106988536,2876.534229058849,10353.249877929688,5,2
2024-07-22,1721678400000,,13424.824212808238,2876.534229058849,10548.28998374939,5,2
2024-07-23,1721764800000,,13416.924327630626,2876.534229058849,10540.390098571777,5,2
2024-07-24,1721851200000,,13184.593942422496,2876.534229058849,10308.059713363647,5,2
2024-07-25,1721937600000,,12809.25909240351,3035.969232631781,9773.289859771729,4,2
2024-07-26,1722024000000,,12889.969249809852,1454.9693737875123,11434.999876022339,5,2
2024-07-29,1722283200000,,12811.129249657264,1454.9693737875123,11356.159875869751,5,2
2024-07-30,1722369600000,,12842.788923474962,4255.228948804552,8587.55997467041,4,2
2024-07-31,1722456000000,,12893.026886519143,1751.3269906603791,11141.699895858765,5,2
2024-08-01,1722542400000,,12947.14703613157,1751.3269906603791,11195.820045471191,5,2
2024-08-02,1722628800000,,12826.99404392581,4328.453940013456,8498.540103912354,4,2
2024-08-05,1722888000000,,12463.979060412687,3580.6190369141523,8883.360023498535,4,1
2024-08-06,1722974400000,,12674.749274493497,3580.6190369141523,9094.130237579346,4,1
2024-08-07,1723060800000,,12702.310102545518,1109.8100605838476,11592.50004196167,5,2
2024-08-08,1723147200000,,12816.59005173375,1109.8100605838476,11706.779991149902,5,2
2024-08-09,1723233600000,,12837.785313278251,2849.53511872869,9988.25019454956,4,2
2024-08-12,1723492800000,,12756.87542434362,598.0653657498692,12158.81005859375,5,2
2024-08-13,1723579200000,,12848.30522246984,598.0653657498692,12250.23985671997,5,2
2024-08-14,1723665600000,,12908.585347134147,598.0653657498692,12310.519981384277,5,2
2024-08-15,1723752000000,,12851.31556029943,598.0653657498692,12253.25019454956,5,2
2024-08-16,1723838400000,,12932.465451199088,598.0653657498692,12334.400085449219,5,2
2024-08-19,1724097600000,,12991.38525863317,598.0653657498692,12393.3198928833,5,2
2024-08-20,1724184000000,,13041.63531585363,598.0653657498692,12443.56995010376,5,2
2024-08-21,1724270400000,,13064.215439754997,598.0653657498692,12466.150074005127,5,2
2024-08-22,1724356800000,,13118.39552779821,598.0653657498692,12520.33016204834,5,2
2024-08-23,1724443200000,,13230.875245052848,598.0653657498692,12632.809879302979,5,2
2024-08-26,1724702400000,,13281.885453182731,598.0653657498692,12683.820087432861,5,2
2024-08-27,1724788800000,,13327.245308834586,598.0653657498692,12729.179943084717,5,2
2024-08-28,1724875200000,,13373.135308224235,598.0653657498692,12775.069942474365,5,2
2024-08-29,1724961600000,,13308.215523678336,598.0653657498692,12710.150157928467,5,2
2024-08-30,1725048000000,,13394.275052029167,598.0653657498692,12796.209686279297,5,2
2024-09-03,1725393600000,,13447.494820537064,3200.6447686571814,10246.850051879883,4,2
2024-09-04,1725480000000,,13497.551525840176,3372.8616683572645,10124.68985748291,4,2
2024-09-05,1725566400000,,13345.539076801417,1628.91908168423,11716.619995117188,5,2
2024-09-06,1725652800000,,13268.299113269923,1628.91908168423,11639.380031585693,5,2
2024-09-09,1725912000000,,13342.829188343165,1628.91908168423,11713.910106658936,5,2
2024-09-10,1725998400000,,13367.679015155909,1628.91908168423,11738.75993347168,5,2
2024-09-11,1726084800000,,13305.03894710171,1628.91908168423,11676.11986541748,5,2
2024-09-12,1726171200000,,13315.368108819228,4120.8783283932025,9194.489780426025,4,1
2024-09-13,1726257600000,,13342.009637034073,1850.6097613932025,11491.39987564087,5,1
2024-09-16,1726516800000,,13375.47953525795,1850.6097613932025,11524.869773864746,5,1
2024-09-17,1726603200000,,13359.429616129531,1850.6097613932025,11508.819854736328,5,1
2024-09-18,1726689600000,,13324.639706766739,1850.6097613932025,11474.029945373535,5,1
2024-09-19,1726776000000,,13333.479739055769,1162.5998142815997,12170.87992477417,5,2
2024-09-20,1726862400000,,13358.336230147801,1003.4962261805176,12354.840003967285,5,2
2024-09-23,1727121600000,,13411.616297591649,1003.4962261805176,12408.120071411133,5,2
2024-09-24,1727208000000,,13414.802803545119,3160.6228413869153,10254.179962158203,4,2
2024-09-25,1727294400000,,13348.246854223333,552.7769216671795,12795.469932556152,5,2
2024-09-26,1727380800000,,13326.186955846868,552.7769216671795,12773.410034179688,5,2
2024-09-27,1727467200000,,13234.5090366158,3057.3793750557415,10177.129661560059,4,2
2024-09-30,1727726400000,,13233.534161609849,470.08392815037496,12763.450233459473,5,2
2024-10-01,1727812800000,,13432.471063491408,5612.7712496486365,7819.699813842773,3,1
2024-10-02,1727899200000,,13362.87214354084,309.87219694660325,13052.999946594238,5,1
2024-10-03,1727985600000,,13301.450647326565,2823.7505435667986,10477.700103759766,4,1
2024-10-04,1728072000000,,13273.922512690138,2934.512272516798,10339.41024017334,4,2
2024-10-07,1728331200000,,13154.175142131666,765.7851122244397,12388.390029907227,5,2
2024-10-08,1728417600000,,13189.675073467115,765.7851122244397,12423.889961242676,5,2
2024-10-09,1728504000000,,13354.024980388502,765.7851122244397,12588.239868164062,5,2
2024-10-10,1728590400000,,13369.595125041822,765.7851122244397,12603.810012817383,5,2
2024-10-11,1728676800000,,13467.705118022779,765.7851122244397,12701.92000579834,5,2
2024-10-14,1728936000000,,13561.131197626908,918.7012354687063,12642.429962158203,5,2
2024-10-15,1729022400000,,13568.31142681392,918.7012354687063,12649.610191345215,5,2
2024-10-16,1729108800000,,13631.144160367423,2990.344004727776,10640.800155639648,4,2
2024-10-17,1729195200000,,13609.202752390942,392.1577542219966,13217.044998168945,5,2
2024-10-18,1729281600000,,13627.527604380688,392.1577542219966,13235.369850158691,5,2
2024-10-21,1729540800000,,13615.262015288137,3091.832190459036,10523.429824829102,4,2
2024-10-22,1729627200000,,13607.546277270463,3621.7564442016155,9985.789833068848,4,2
2024-10-23,1729713600000,,13644.322450036272,1100.797440881,12543.525009155273,5,2
2024-10-24,1729800000000,,13466.932450646624,1100.797440881,12366.135009765625,5,2
2024-10-25,1729886400000,,13421.14441329924,3617.4745372006078,9803.669876098633,4,2
2024-10-28,1730145600000,,13491.794493240182,1225.6044526518035,12266.190040588379,5,2
2024-10-29,1730232000000,,13179.23053931101,3613.1106433759505,9566.119895935059,4,2
2024-10-30,1730318400000,,13121.35738262402,1007.8071888373993,12113.550193786621,5,2
2024-10-31,1730404800000,,13025.024491860318,3287.4546066064117,9737.569885253906,4,1
2024-11-01,1730491200000,,12931.28045885771,3172.230379512006,9759.050079345703,4,2
2024-11-04,1730754000000,,12932.056321867949,606.3264939870883,12325.72982788086,5,2
2024-11-05,1730840400000,,13085.48646713162,606.3264939870883,12479.159973144531,5,2
2024-11-06,1730926800000,,13337.016236538326,8574.226365322505,4762.78987121582,2,1
2024-11-07,1731013200000,,13384.39763843018,3418.3378239770577,9966.059814453125,4,2
2024-11-08,1731099600000,,13557.13800717905,1677.2380438001476,11879.899963378906,5,2
2024-11-11,1731358800000,,13586.8181829603,1677.2380438001476,11909.580139160156,5,2
2024-11-12,1731445200000,,13541.518088355808,1677.2380438001476,11864.280044555664,5,2
2024-11-13,1731531600000,,13528.138068214206,1677.2380438001476,11850.900024414062,5,2
2024-11-14,1731618000000,,13423.035660813806,3290.4555979475963,10132.580062866211,4,2
2024-11-15,1731704400000,,13391.467850109217,620.6377605401267,12770.830089569092,5,2
2024-11-18,1731963600000,,13477.907844921228,620.6377605401267,12857.270084381104,5,2
2024-11-19,1732050000000,,13560.127632518885,620.6377605401267,12939.48987197876,5,2
2024-11-20,1732136400000,,13636.417877575037,620.6377605401267,13015.780117034912,5,2
2024-11-21,1732222800000,,13777.697639679576,6188.837528443002,7588.860111236572,3,2
2024-11-22,1732309200000,,13934.378764013074,866.3388584649788,13068.039905548096,5,2
2024-11-25,1732568400000,,13952.688864568494,866.3388584649788,13086.350006103516,5,2
2024-11-26,1732654800000,,14051.258856633924,866.3388584649788,13184.919998168945,5,2
2024-11-27,1732741200000,,13956.25855527284,866.3388584649788,13089.919696807861,5,2
2024-11-29,1732914000000,,13947.678698400281,866.3388584649788,13081.339839935303,5,2
2024-12-02,1733173200000,,13799.488737920545,866.3388584649788,12933.149879455566,5,2
2024-12-03,1733259600000,,13793.35873685243,866.3388584649788,12927.019878387451,5,2
2024-12-04,1733346000000,,13923.648917058728,866.3388584649788,13057.31005859375,5,2
2024-12-05,1733432400000,,13805.112397803096,1125.070283545284,12680.042114257812,5,2
2024-12-06,1733518800000,,13769.414476050166,1125.070283545284,12644.344192504883,5,2
2024-12-09,1733778000000,,13581.872445715693,1125.070283545284,12456.80216217041,5,2
2024-12-10,1733864400000,,13489.327916618946,3317.3878684011725,10171.940048217773,4,1
2024-12-11,1733950800000,,13575.447274013966,674.7472084011729,12900.700065612793,5,2
2024-12-12,1734037200000,,13607.375250317747,3664.525244214232,9942.850006103516,4,2
2024-12-13,1734123600000,,13401.421580197279,3572.381785275404,9829.039794921875,4,2
2024-12-16,1734382800000,,13403.433895026381,1342.6537284004048,12060.780166625977,5,2
2024-12-17,1734469200000,,13259.111127675566,3519.8509348044727,9739.260192871094,4,2
2024-12-18,1734555600000,,12855.48243944491,12855.48243944491,0,0,0
2024-12-19,1734642000000,,12853.013602283236,10484.813529041048,2368.2000732421875,1,1
2024-12-20,1734728400000,,13001.42616378528,1090.6362162755117,11910.789947509766,5,2
2024-12-23,1734987600000,,12903.345994107545,1090.6362162755117,11812.709777832031,5,2
2024-12-24,1735074000000,,13006.147814225793,1557.5377830978634,11448.61003112793,5,2
2024-12-26,1735246800000,,13009.837809037805,1557.5377830978634,11452.300025939941,5,2
2024-12-27,1735333200000,,12855.477808427453,1557.5377830978634,11297.94002532959,5,2
2024-12-30,1735592400000,,12721.647638749719,1557.5377830978634,11164.109855651855,5,2
2024-12-31,1735678800000,,12661.287683915734,1557.5377830978634,11103.749900817871,5,2
2025-01-02,1735851600000,,12659.107721757531,1557.5377830978634,11101.569938659668,5,2
2025-01-03,1735938000000,,12654.050883460897,3125.3408614882414,9528.710021972656,4,2
2025-01-06,1736197200000,,12573.540095104723,3116.210108532457,9457.329986572266,4,1
2025-01-07,1736283600000,,12415.969579053271,3801.519330335009,8614.450248718262,4,1
2025-01-08,1736370000000,,12472.376425159513,3772.016271961271,8700.360153198242,4,1
2025-01-10,1736542800000,,12439.0393379736,1323.1693581152017,11115.869979858398,5,1
2025-01-13,1736802000000,,12328.233484623172,1679.5936607095969,10648.639823913574,5,2
2025-01-14,1736888400000,,12416.563646671511,1679.5936607095969,10736.969985961914,5,2
2025-01-15,1736974800000,,12433.533518192507,1679.5936607095969,10753.93985748291,5,2
2025-01-16,1737061200000,,12604.13366925452,1679.5936607095969,10924.540008544922,5,2
2025-01-17,1737147600000,,12699.856177468935,4311.1361686188375,8388.720008850098,4,2
2025-01-21,1737493200000,,12936.411527920885,2635.341696072741,10301.069831848145,5,2
2025-01-22,1737579600000,,13004.109577100471,2506.1196173836747,10497.989959716797,5,2
2025-01-23,1737666000000,,13140.590070370046,1799.8199516566683,11340.770118713379,5,2
2025-01-24,1737752400000,,13113.140180233328,1799.8199516566683,11313.32022857666,5,2
2025-01-27,1738011600000,,12756.59849591153,1562.2786793221749,11194.319816589355,5,2
2025-01-28,1738098000000,,12824.338783692292,1562.2786793221749,11262.060104370117,5,2
2025-01-29,1738184400000,,12927.058418702058,1562.2786793221749,11364.779739379883,5,2
2025-01-30,1738270800000,,13032.968536805085,1562.2786793221749,11470.68985748291,5,2
2025-01-31,1738357200000,,12596.031026869065,3689.10124781633,8906.929779052734,4,1
2025-02-03,1738616400000,,12557.968458452022,1314.4884703538783,11243.479988098145,5,1
2025-02-04,1738702800000,,12778.00268053076,1519.4526927377915,11258.549987792969,5,1
2025-02-05,1738789200000,,12753.362787952636,1519.4526927377915,11233.910095214844,5,1
2025-02-06,1738875600000,,12598.910530158224,3773.970497199239,8824.940032958984,4,1
2025-02-07,1738962000000,,12498.356994834223,1298.596969809808,11199.760025024414,5,1
2025-02-10,1739221200000,,12553.95713826684,1298.596969809808,11255.360168457031,5,1
2025-02-11,1739307600000,,12489.836899009028,1298.596969809808,11191.239929199219,5,1
2025-02-12,1739394000000,,12425.546753135004,1298.596969809808,11126.949783325195,5,1
2025-02-13,1739480400000,,12404.466348002104,3433.326501200346,8971.139846801758,4,1
2025-02-14,1739566800000,,12563.679666786044,944.4395926283287,11619.240074157715,5,1
2025-02-18,1739912400000,,12645.78957584366,944.4395926283287,11701.349983215332,5,1
2025-02-19,1739998800000,,12641.049646644442,944.4395926283287,11696.610054016113,5,1
2025-02-20,1740085200000,,12435.909586219637,944.4395926283287,11491.469993591309,5,1
2025-02-21,1740171600000,,12126.699632911532,944.4395926283287,11182.260040283203,5,1
2025-02-24,1740430800000,,12087.905216804444,3080.2250944289563,9007.680122375488,4,2
2025-02-25,1740517200000,,11909.928181174688,4879.26802492469,7030.66015625,3,2
2025-02-26,1740603600000,,11850.438505109707,356.218412336269,11494.220092773438,5,2
2025-02-27,1740690000000,,11855.13855546371,356.218412336269,11498.920143127441,5,2
2025-02-28,1740776400000,,11946.095324244705,2583.2152812149193,9362.880043029785,4,2
2025-03-03,1741035600000,,11921.872188324294,248.3821980899197,11673.489990234375,5,2
2025-03-04,1741122000000,,11606.353860005753,2479.9938822835843,9126.359977722168,4,2
2025-03-05,1741208400000,,11661.658591571853,813.528617206619,10848.129974365234,5,2
2025-03-06,1741294800000,,11459.818671527908,813.528617206619,10646.290054321289,5,2
2025-03-07,1741381200000,,11465.749143735475,4929.709341184205,6536.0398025512695,3,2
2025-03-10,1741636800000,,11499.668203571215,465.12817213810877,11034.540031433105,5,2
2025-03-11,1741723200000,,11429.894914798935,11429.894914798935,0,0,0
2025-03-12,1741809600000,,11429.894914798935,11429.894914798935,0,0,0
2025-03-13,1741896000000,,11429.894914798935,11429.894914798935,0,0,0
2025-03-14,1741982400000,,11429.894914798935,11429.894914798935,0,0,0
2025-03-17,1742241600000,,11429.894914798935,11429.894914798935,0,0,0
2025-03-18,1742328000000,,11429.894914798935,11429.894914798935,0,0,0
2025-03-19,1742414400000,,11429.894914798935,11429.894914798935,0,0,0
2025-03-20,1742500800000,,11429.894914798935,11429.894914798935,0,0,0
2025-03-21,1742587200000,,11429.894914798935,11429.894914798935,0,0,0
2025-03-24,1742846400000,,11429.894914798935,11429.894914798935,0,0,0
2025-03-25,1742932800000,,11433.605787849308,943.355993842958,10490.249794006348,5,2
2025-03-26,1743019200000,,11411.615965461613,943.355993842958,10468.259971618652,5,2
2025-03-27,1743105600000,,11420.451014701881,11420.451014701881,0,0,0
2025-03-28,1743192000000,,11420.451014701881,11420.451014701881,0,0,0
2025-03-31,1743451200000,,11420.451014701881,11420.451014701881,0,0,0
2025-04-01,1743537600000,,11420.451014701881,11420.451014701881,0,0,0
2025-04-02,1743624000000,,11420.451014701881,11420.451014701881,0,0,0
2025-04-03,1743710400000,,11420.451014701881,11420.451014701881,0,0,0
2025-04-04,1743796800000,,11420.451014701881,11420.451014701881,0,0,0
2025-04-07,1744056000000,,11420.451014701881,11420.451014701881,0,0,0
2025-04-08,1744142400000,,11420.451014701881,11420.451014701881,0,0,0
2025-04-09,1744228800000,,11420.451014701881,11420.451014701881,0,0,0
2025-04-10,1744315200000,,11420.451014701881,11420.451014701881,0,0,0
2025-04-11,1744401600000,,11420.451014701881,11420.451014701881,0,0,0
2025-04-14,1744660800000,,11420.451014701881,11420.451014701881,0,0,0
2025-04-15,1744747200000,,11420.451014701881,11420.451014701881,0,0,0
2025-04-16,1744833600000,,11420.451014701881,11420.451014701881,0,0,0
2025-04-17,1744920000000,,11420.451014701881,11420.451014701881,0,0,0
2025-04-21,1745265600000,,11420.451014701881,11420.451014701881,0,0,0
2025-04-22,1745352000000,,11420.451014701881,11420.451014701881,0,0,0
2025-04-23,1745438400000,,11420.451014701881,11420.451014701881,0,0,0
2025-04-24,1745524800000,,11420.451014701881,11420.451014701881,0,0,0
2025-04-25,1745611200000,,11420.451014701881,11420.451014701881,0,0,0
2025-04-28,1745870400000,,11420.451014701881,11420.451014701881,0,0,0
2025-04-29,1745956800000,,11420.451014701881,11420.451014701881,0,0,0
2025-04-30,1746043200000,,11420.451014701881,11420.451014701881,0,0,0
2025-05-01,1746129600000,,11420.451014701881,11420.451014701881,0,0,0
2025-05-02,1746216000000,,11420.451014701881,11420.451014701881,0,0,0
2025-05-05,1746475200000,,11420.451014701881,11420.451014701881,0,0,0
2025-05-06,1746561600000,,11420.451014701881,11420.451014701881,0,0,0
2025-05-07,1746648000000,,11420.451014701881,11420.451014701881,0,0,0
2025-05-08,1746734400000,,11420.451014701881,11420.451014701881,0,0,0
2025-05-09,1746820800000,,11420.451014701881,11420.451014701881,0,0,0
2025-05-12,1747080000000,,11420.451014701881,11420.451014701881,0,0,0
2025-05-13,1747166400000,,11389.50590415897,1577.6358251184433,9811.870079040527,5,2
2025-05-14,1747252800000,,11310.043784665922,1303.6337657450247,10006.410018920898,5,2
2025-05-15,1747339200000,,11419.610835932544,1262.1011542308834,10157.50968170166,5,2
2025-05-16,1747425600000,,11541.101093195728,1262.1011542308834,10278.999938964844,5,2
2025-05-19,1747684800000,,11606.931194208912,1262.1011542308834,10344.830039978027,5,2
2025-05-20,1747771200000,,11535.72101201897,1262.1011542308834,10273.619857788086,5,2
2025-05-21,1747857600000,,11352.371044062427,1262.1011542308834,10090.269889831543,5,2
2025-05-22,1747944000000,,11259.181270502857,1262.1011542308834,9997.080116271973,5,2
2025-05-23,1748030400000,,11235.299065822292,3411.589127772976,7823.709938049316,4,2
2025-05-27,1748376000000,,11383.919770038277,1210.6898506046837,10173.229919433594,5,2
2025-05-28,1748462400000,,11354.580063617379,1210.6898506046837,10143.890213012695,5,2
2025-05-29,1748548800000,,11392.639931476266,1210.6898506046837,10181.950080871582,5,2
2025-05-30,1748635200000,,11497.74997023359,1210.6898506046837,10287.060119628906,5,2
2025-06-02,1748894400000,,11496.599694049508,1210.6898506046837,10285.909843444824,5,2
2025-06-03,1748980800000,,11480.709824359566,1210.6898506046837,10270.019973754883,5,2
2025-06-04,1749067200000,,11402.709938800484,1210.6898506046837,10192.0200881958,5,2
2025-06-05,1749153600000,,11403.049919879586,1210.6898506046837,10192.360069274902,5,2
2025-06-06,1749240000000,,11461.859932696969,1210.6898506046837,10251.170082092285,5,2
2025-06-09,1749499200000,,11312.976178053264,3096.996106031779,8215.980072021484,4,2
2025-06-10,1749585600000,,11243.840051407435,1279.239717239957,9964.60033416748,5,2
2025-06-11,1749672000000,,11270.129861588099,1279.239717239957,9990.890144348145,5,2
2025-06-12,1749758400000,,11431.029664749723,1279.239717239957,10151.789947509766,5,2
2025-06-13,1749844800000,,11427.019723648646,1279.239717239957,10147.780006408691,5,2
2025-06-16,1750104000000,,11411.539872879603,1279.239717239957,10132.300155639648,5,2
2025-06-17,1750190400000,,11332.629579300501,1279.239717239957,10053.389862060547,5,2
2025-06-18,1750276800000,,11292.806187901046,1422.886281284837,9869.919906616211,5,2
2025-06-20,1750449600000,,11312.646138462569,1422.886281284837,9889.759857177734,5,2
2025-06-23,1750708800000,,11384.85387800467,3437.613872511505,7947.240005493164,4,2
2025-06-24,1750795200000,,11384.642197338588,1166.354309765347,10218.287887573242,5,2
2025-06-25,1750881600000,,11291.14442512179,1166.354309765347,10124.790115356445,5,2
2025-06-26,1750968000000,,11389.706910380333,1114.920853861779,10274.786056518555,5,2
2025-06-27,1751054400000,,11529.998811015099,1114.920853861779,10415.07795715332,5,2
2025-06-30,1751313600000,,11683.6106960859,1114.920853861779,10568.689842224121,5,2
2025-07-01,1751400000000,,11634.782914408654,1114.920853861779,10519.862060546875,5,2
2025-07-02,1751486400000,,11651.842873820275,1114.920853861779,10536.922019958496,5,2
2025-07-03,1751572800000,,11687.404931315392,1114.920853861779,10572.484077453613,5,2
2025-07-07,1751918400000,,11700.41488004586,1114.920853861779,10585.494026184082,5,2
2025-07-08,1752004800000,,11639.690911540001,1114.920853861779,10524.770057678223,5,2
2025-07-09,1752091200000,,11673.160950907677,1114.920853861779,10558.240097045898,5,2
2025-07-10,1752177600000,,11589.56314115898,3570.80719786064,8018.75594329834,4,1
2025-07-11,1752264000000,,11585.829194035872,1412.9710473683913,10172.85814666748,5,1
2025-07-14,1752523200000,,11636.001187903377,2985.6952873296464,8650.30590057373,4,1
2025-07-15,1752609600000,,11556.264970541615,745.9071137911296,10810.357856750488,5,1
2025-07-16,1752696000000,,11519.519539233419,1240.6696628296122,10278.849876403809,5,1
2025-07-17,1752782400000,,11642.521660205099,1240.6696628296122,10401.851997375488,5,1
2025-07-18,1752868800000,,11524.478165582728,3012.6582269230607,8511.819938659668,4,1
2025-07-21,1753128000000,,11482.958231909442,781.2284879519225,10701.72974395752,5,2
2025-07-22,1753214400000,,11490.460436804462,781.2284879519225,10709.231948852539,5,2
2025-07-23,1753300800000,,11635.626490576435,781.2284879519225,10854.398002624512,5,2
2025-07-24,1753387200000,,11551.198359472919,781.2284879519225,10769.969871520996,5,2
2025-07-25,1753473600000,,11601.416621191669,781.2284879519225,10820.188133239746,5,2
2025-07-28,1753732800000,,11661.098391516376,781.2284879519225,10879.869903564453,5,2
2025-07-29,1753819200000,,11509.940631184545,4725.742511067358,6784.1981201171875,3,1
2025-07-30,1753905600000,,11430.315640003932,731.8216061904543,10698.494033813477,5,2
2025-07-31,1753992000000,,11273.681603893794,2985.0376486630803,8288.643955230713,4,2
2025-08-01,1754078400000,,11093.990638884474,149.18064514057687,10944.809993743896,5,2
2025-08-04,1754337600000,,11217.960533293653,149.18064514057687,11068.779888153076,5,2
2025-08-05,1754424000000,,11124.950141761687,2274.1101530531905,8850.839988708496,4,2
2025-08-06,1754510400000,,11106.331897157292,184.3819993911784,10921.949897766113,5,2
2025-08-07,1754596800000,,11103.321849244694,184.3819993911784,10918.939849853516,5,2
2025-08-08,1754683200000,,11072.981944459538,184.3819993911784,10888.59994506836,5,2
2025-08-11,1754942400000,,11087.291949647526,184.3819993911784,10902.909950256348,5,2
2025-08-12,1755028800000,,11158.701770204167,184.3819993911784,10974.319770812988,5,2
2025-08-13,1755115200000,,11289.38205279694,184.3819993911784,11105.000053405762,5,2
2025-08-14,1755201600000,,11224.562106507878,184.3819993911784,11040.1801071167,5,2
2025-08-15,1755288000000,,11236.981837648014,184.3819993911784,11052.599838256836,5,2
2025-08-18,1755547200000,,11216.81214465485,184.3819993911784,11032.430145263672,5,2
2025-08-19,1755633600000,,11134.775071064489,2207.994858662145,8926.780212402344,4,2
2025-08-20,1755720000000,,11159.464387232285,25.844418817979204,11133.619968414307,5,2
2025-08-21,1755806400000,,11029.774476343613,25.844418817979204,11003.930057525635,5,2
2025-08-22,1755892800000,,11280.931443777055,2397.111386861772,8883.820056915283,4,2
2025-08-25,1756152000000,,11257.678705986234,152.62864189932043,11105.050064086914,5,2
2025-08-26,1756238400000,,11325.418440635893,152.62864189932043,11172.789798736572,5,2
2025-08-27,1756324800000,,11383.85842781851,152.62864189932043,11231.22978591919,5,2
2025-08-28,1756411200000,,11417.688364799711,152.62864189932043,11265.05972290039,5,2
2025-08-29,1756497600000,,11344.958502586576,152.62864189932043,11192.329860687256,5,2
2025-09-02,1756843200000,,11224.838590308975,2245.8387390821686,8978.999851226807,4,2
2025-09-03,1756929600000,,11181.6943676139,9.684308257209977,11172.01005935669,5,2
2025-09-04,1757016000000,,11236.904362883675,9.684308257209977,11227.220054626465,5,2
2025-09-05,1757102400000,,11120.52437707435,9.684308257209977,11110.840068817139,5,2
2025-09-08,1757361600000,,11098.124234404671,9.684308257209977,11088.439926147461,5,2
2025-09-09,1757448000000,,11094.789465023323,253.1896420252765,10841.599822998047,5,2
2025-09-10,1757534400000,,11045.499761654182,253.1896420252765,10792.310119628906,5,2
2025-09-11,1757620800000,,11045.040426114105,1357.250715115569,9687.789710998535,5,2
2025-09-12,1757707200000,,10835.537103673843,4148.717111608415,6686.81999206543,3,1
2025-09-15,1757966400000,,10803.170613126369,269.320633725732,10533.849979400635,5,2
2025-09-16,1758052800000,,10747.86074908218,269.320633725732,10478.540115356445,5,2
2025-09-17,1758139200000,,10845.528847380237,469.62874667222945,10375.900100708008,5,2
2025-09-18,1758225600000,,11060.390986499928,2331.8610640145757,8728.529922485352,4,2
2025-09-19,1758312000000,,11055.960570865162,770.3006740145759,10285.659896850586,5,2
2025-09-22,1758571200000,,10954.660674624927,770.3006740145759,10184.360000610352,5,2
2025-09-23,1758657600000,,10949.520843081958,770.3006740145759,10179.220169067383,5,2
2025-09-24,1758744000000,,10819.930739932544,770.3006740145759,10049.630065917969,5,2
2025-09-25,1758830400000,,10768.9254736519,2994.4953589058064,7774.430114746094,4,2
2025-09-26,1758916800000,,10841.670372752547,848.0304343980551,9993.639938354492,5,2
2025-09-29,1759176000000,,10916.080239085555,848.0304343980551,10068.0498046875,5,2
2025-09-30,1759262400000,,10898.590447215438,848.0304343980551,10050.560012817383,5,2
2025-10-01,1759348800000,,10909.17047956407,848.0304343980551,10061.140045166016,5,2
2025-10-02,1759435200000,,10998.798770702992,3299.768771923695,7699.029998779297,4,2
2025-10-03,1759521600000,,10876.725094012314,1615.0652963438574,9261.659797668457,5,2
2025-10-06,1759780800000,,10960.335361651474,1615.0652963438574,9345.270065307617,5,2
2025-10-07,1759867200000,,10887.445555923108,1486.1455452419564,9401.300010681152,5,1
2025-10-08,1759953600000,,10943.565096372744,2945.3851189557518,7998.179977416992,4,1
2025-10-09,1760040000000,,10832.922047543772,4020.642086911449,6812.279960632324,4,2
2025-10-10,1760126400000,,10636.84861712415,4953.248496579715,5683.600120544434,4,2
2025-10-13,1760385600000,,10702.389240318716,3940.84928136486,6761.539958953857,4,1
2025-10-14,1760472000000,,10744.20096545983,2311.22087436486,8432.98009109497,5,1
2025-10-15,1760558400000,,10774.05088001061,2311.22087436486,8462.830005645752,5,1
2025-10-16,1760644800000,,10664.460952337271,2311.22087436486,8353.240077972412,5,1
2025-10-17,1760731200000,,10681.56077152062,2311.22087436486,8370.339897155762,5,1
2025-10-20,1760990400000,,10753.3409343319,2311.22087436486,8442.120059967041,5,1
2025-10-21,1761076800000,,10787.18844145551,4478.098555743838,6309.08988571167,4,1
2025-10-22,1761163200000,,10643.73773209394,3706.8376161271417,6936.900115966797,4,2
2025-10-23,1761249600000,,10847.870928645065,1688.871127009323,9158.999801635742,5,2
2025-10-24,1761336000000,,10925.141211390426,1688.871127009323,9236.270084381104,5,2
2025-10-27,1761595200000,,11030.721152186325,1688.871127009323,9341.850025177002,5,2
2025-10-28,1761681600000,,10928.761175990036,1688.871127009323,9239.890048980713,5,2
2025-10-29,1761768000000,,11056.393178797154,2284.4430674079963,8771.95011138916,5,2
2025-10-30,1761854400000,,11103.423009729771,2284.4430674079963,8818.979942321777,5,2
2025-10-31,1761940800000,,11152.114586959986,4152.834458480983,6999.280128479004,4,2
2025-11-03,1762203600000,,11209.664084256932,4171.923956693456,7037.740127563477,4,1
2025-11-04,1762290000000,,11133.429040775754,849.249002323605,10284.180038452148,5,2
2025-11-05,1762376400000,,11117.28913293884,849.249002323605,10268.040130615234,5,2
2025-11-06,1762462800000,,10807.187437153707,5156.977445698629,5650.209991455078,3,1
2025-11-07,1762549200000,,10774.443741182678,3287.1537021201784,7487.2900390625,4,2
2025-11-10,1762808400000,,10780.910873685927,1152.7108538495008,9628.200019836426,5,2
2025-11-11,1762894800000,,10874.810837064833,1152.7108538495008,9722.099983215332,5,2
2025-11-12,1762981200000,,10889.350807462783,1152.7108538495008,9736.639953613281,5,2
2025-11-13,1763067600000,,10799.620796476454,1152.7108538495008,9646.909942626953,5,2
2025-11-14,1763154000000,,10790.000984464736,1152.7108538495008,9637.290130615234,5,2
2025-11-17,1763413200000,,10720.370743070693,1152.7108538495008,9567.659889221191,5,2
2025-11-18,1763499600000,,10773.600876127333,1152.7108538495008,9620.890022277832,5,2
2025-11-19,1763586000000,,10759.980659757704,1152.7108538495008,9607.269805908203,5,2
2025-11-20,1763672400000,,10753.530769620986,1152.7108538495008,9600.819915771484,5,2
2025-11-21,1763758800000,,11032.084323860548,3079.874278999707,7952.21004486084,4,1
2025-11-24,1764018000000,,11188.306802751478,910.5065860766722,10277.800216674805,5,1
2025-11-25,1764104400000,,11294.92354455533,3301.90350976529,7993.020034790039,4,1
2025-11-26,1764190800000,,11389.359202406704,1956.699309370815,9432.659893035889,5,1
2025-11-28,1764363600000,,11437.009398482143,1956.699309370815,9480.310089111328,5,1
2025-12-01,1764622800000,,11390.719264052212,1956.699309370815,9434.019954681396,5,1
2025-12-02,1764709200000,,11457.119174025356,1956.699309370815,9500.419864654541,5,1
2025-12-03,1764795600000,,11495.890264142014,2303.5003257875214,9192.389938354492,5,2
2025-12-04,1764882000000,,11481.150395977951,2303.5003257875214,9177.65007019043,5,2
2025-12-05,1764968400000,,11563.50029908464,2303.5003257875214,9259.99997329712,5,2
2025-12-08,1765227600000,,11485.467977738532,2014.857855057867,9470.610122680664,5,2
2025-12-09,1765314000000,,11532.327779984626,2014.857855057867,9517.469924926758,5,2
2025-12-10,1765400400000,,11735.39029535488,3565.29021295742,8170.100082397461,4,1
2025-12-11,1765486800000,,11775.610144870758,1583.8102486305233,10191.799896240234,5,2
2025-12-12,1765573200000,,11631.610022800445,1583.8102486305233,10047.799774169922,5,2
2025-12-15,1765832400000,,11583.170264499664,1583.8102486305233,9999.36001586914,5,2
2025-12-16,1765918800000,,11437.035397794456,3462.155560758323,7974.879837036133,4,1
2025-12-17,1766005200000,,11284.86082859481,1305.7607919737166,9979.100036621094,5,1
2025-12-18,1766091600000,,11320.850818829185,1305.7607919737166,10015.090026855469,5,1
2025-12-19,1766178000000,,11416.010753826744,1305.7607919737166,10110.249961853027,5,1
2025-12-22,1766437200000,,11457.300861553795,1305.7607919737166,10151.540069580078,5,1
2025-12-23,1766523600000,,11429.050502972252,1305.7607919737166,10123.289710998535,5,1
2025-12-24,1766610000000,,11459.470722393638,1305.7607919737166,10153.709930419922,5,1
2025-12-26,1766782800000,,11437.730716900474,1305.7607919737166,10131.969924926758,5,1
2025-12-29,1767042000000,,11399.030674175865,1305.7607919737166,10093.269882202148,5,1
2025-12-30,1767128400000,,11357.44058628524,1305.7607919737166,10051.679794311523,5,1
2025-12-31,1767214800000,,11288.59065647567,1305.7607919737166,9982.829864501953,5,1
2026-01-02,1767387600000,,11441.59463267614,1411.394544175163,10030.200088500977,5,2
2026-01-05,1767646800000,,11554.624494126336,1411.394544175163,10143.229949951172,5,2
2026-01-06,1767733200000,,11600.720502028375,3255.7905780171436,8344.92992401123,4,2
2026-01-07,1767819600000,,11507.381302980348,964.5110560931403,10542.870246887207,5,2
2026-01-08,1767906000000,,11516.583433752354,3192.443449621494,8324.13998413086,4,2
2026-01-09,1767992400000,,11579.01987294376,937.1898863714941,10641.829986572266,5,2
2026-01-12,1768251600000,,11670.589987079502,937.1898863714941,10733.400100708008,5,2
2026-01-13,1768338000000,,11715.28987721622,937.1898863714941,10778.099990844727,5,2
2026-01-14,1768424400000,,11861.620077411533,937.1898863714941,10924.430191040039,5,2
2026-01-15,1768510800000,,11905.782997530394,2886.612877291135,9019.170120239258,4,1
2026-01-16,1768597200000,,11796.090234177427,532.0200590065283,11264.070175170898,5,1
2026-01-20,1768942800000,,11571.145152043562,430.4049558155343,11140.740196228027,5,2
2026-01-21,1769029200000,,11689.685015629988,430.4049558155343,11259.280059814453,5,2
2026-01-22,1769115600000,,11643.991022922248,2632.54110226795,9011.449920654297,4,1
2026-01-23,1769202000000,,11467.165129878098,1462.0185615797586,10005.14656829834,5,2
2026-01-26,1769461200000,,11404.096075734338,3626.9439608661737,7777.152114868164,4,2
2026-01-27,1769547600000,,11340.35122957455,4031.5037564300183,7308.847473144531,4,2
2026-01-28,1769634000000,,11283.637161228022,1399.4274749487254,9884.209686279297,5,2
2026-01-29,1769720400000,,11305.740862416864,2735.6893029686216,8570.051559448242,4,2
2026-01-30,1769806800000,,11323.140414501455,498.49380805614237,10824.646606445312,5,2
2026-02-02,1770066000000,,11622.965266855346,2924.1952320653077,8698.770034790039,4,2
2026-02-03,1770152400000,,11674.759541194115,3022.3395277663794,8652.420013427734,4,2
2026-02-04,1770238800000,,11579.286388718352,1377.956417404876,10201.329971313477,5,2
2026-02-05,1770325200000,,11675.480860251842,3156.0609383768424,8519.419921875,4,1
2026-02-06,1770411600000,,11826.610428281932,1304.2605747663079,10522.349853515625,5,2
2026-02-09,1770670800000,,11746.030518003612,1304.2605747663079,10441.769943237305,5,2
2026-02-10,1770757200000,,11588.660736509471,1304.2605747663079,10284.400161743164,5,2
2026-02-11,1770843600000,,11609.04063458076,1304.2605747663079,10304.780059814453,5,2
2026-02-12,1770930000000,,11385.142902430833,3506.342868861497,7878.800033569336,4,2
2026-02-13,1771016400000,,11529.202427623482,1364.3725173451626,10164.82991027832,5,2
2026-02-17,1771362000000,,11569.522511241646,1364.3725173451626,10205.149993896484,5,2
2026-02-18,1771448400000,,11671.082783458443,1364.3725173451626,10306.710266113281,5,2
2026-02-19,1771534800000,,11609.502537486764,1364.3725173451626,10245.130020141602,5,2
2026-02-20,1771621200000,,11664.312580821725,1364.3725173451626,10299.940063476562,5,2
2026-02-23,1771880400000,,11597.402607677193,1364.3725173451626,10233.030090332031,5,2
2026-02-24,1771966800000,,11632.439586950135,1899.579540563417,9732.860046386719,5,2
2026-02-25,1772053200000,,11655.669308019471,1899.579540563417,9756.089767456055,5,2
2026-02-26,1772139600000,,11647.709575963807,1899.579540563417,9748.13003540039,5,2
2026-02-27,1772226000000,,11756.239574743104,1899.579540563417,9856.660034179688,5,2
2026-03-02,1772485200000,,11727.703462664063,1913.2162342705092,9814.487228393555,5,1
2026-03-03,1772571600000,,11511.934251848634,1913.2162342705092,9598.718017578125,5,1
2026-03-04,1772658000000,,11641.361806017761,3582.9532977169793,8058.408508300781,4,2
2026-03-05,1772744400000,,11324.647485982538,1422.3575232139815,9902.289962768555,5,2
2026-03-06,1772830800000,,11242.308061869358,3591.3080160929917,7651.000045776367,4,2
2026-03-09,1773086400000,,11210.290157972448,2133.680172620885,9076.609985351562,5,2
2026-03-10,1773172800000,,11145.500050245397,2133.680172620885,9011.819877624512,5,2
2026-03-11,1773259200000,,11187.920033155553,2133.680172620885,9054.239860534668,5,2
2026-03-12,1773345600000,,11199.890240369908,2133.680172620885,9066.210067749023,5,2
2026-03-13,1773432000000,,11208.750187574498,2133.680172620885,9075.070014953613,5,2
2026-03-16,1773691200000,,11210.880100904576,2133.680172620885,9077.199928283691,5,2
2026-03-17,1773777600000,,11140.464897683807,3404.144814065642,7736.320083618164,4,1
2026-03-18,1773864000000,,11033.180487116104,1768.5404038031147,9264.640083312988,5,2
2026-03-19,1773950400000,,11028.055930432878,5674.63587885817,5353.420051574707,3,2
2026-03-20,1774036800000,,11046.699762791835,11046.699762791835,0,0,0
2026-03-23,1774296000000,,11046.699762791835,11046.699762791835,0,0,0
2026-03-24,1774382400000,,11046.699762791835,11046.699762791835,0,0,0
2026-03-25,1774468800000,,11046.699762791835,11046.699762791835,0,0,0
2026-03-26,1774555200000,,11046.699762791835,11046.699762791835,0,0,0
2026-03-27,1774641600000,,11046.699762791835,11046.699762791835,0,0,0
2026-03-30,1774900800000,,11046.699762791835,11046.699762791835,0,0,0
2026-03-31,1774987200000,,11046.699762791835,11046.699762791835,0,0,0
2026-04-01,1775073600000,,11046.699762791835,11046.699762791835,0,0,0
2026-04-02,1775160000000,,11046.699762791835,11046.699762791835,0,0,0
2026-04-06,1775505600000,,11046.699762791835,11046.699762791835,0,0,0
2026-04-07,1775592000000,,11046.699762791835,11046.699762791835,0,0,0
2026-04-08,1775678400000,,11046.699762791835,11046.699762791835,0,0,0
2026-04-09,1775764800000,,11088.959574551764,2220.0696056796937,8868.88996887207,5,1
2026-04-10,1775851200000,,11036.929652066412,2220.0696056796937,8816.860046386719,5,1
2026-04-13,1776110400000,,10956.946628261074,2161.57669799374,8795.369930267334,5,1
2026-04-14,1776196800000,,10957.896733928188,2161.57669799374,8796.320035934448,5,1
2026-04-15,1776283200000,,10805.822092099854,5954.222135587402,4851.599956512451,3,1
2026-04-16,1776369600000,,10904.835301779864,1135.125264548418,9769.710037231445,5,2
2026-04-17,1776456000000,,11046.925326727984,1135.125264548418,9911.800062179565,5,2
2026-04-20,1776715200000,,11026.135043524859,1135.125264548418,9891.00977897644,5,2
2026-04-21,1776801600000,,10956.805442237017,1135.125264548418,9821.680177688599,5,2
2026-04-22,1776888000000,,10914.20532741463,1135.125264548418,9779.080062866211,5,2
2026-04-23,1776974400000,,11084.095223807451,1135.125264548418,9948.969959259033,5,2
2026-04-24,1777060800000,,11020.265338324663,1135.125264548418,9885.140073776245,5,2
2026-04-27,1777320000000,,11032.38534870064,1135.125264548418,9897.260084152222,5,2
2026-04-28,1777406400000,,10980.445191763994,1135.125264548418,9845.319927215576,5,2
2026-04-29,1777492800000,,10943.985188864825,1135.125264548418,9808.859924316406,5,2
2026-04-30,1777579200000,,11077.535191916582,1135.125264548418,9942.409927368164,5,2
2026-05-01,1777665600000,,11037.155291937945,1135.125264548418,9902.030027389526,5,2
2026-05-04,1777924800000,,10981.745360755083,1135.125264548418,9846.620096206665,5,2
2026-05-05,1778011200000,,11023.29543437874,1135.125264548418,9888.170169830322,5,2
2026-05-06,1778097600000,,11087.711554937456,1209.0016626645065,9878.70989227295,5,1
2026-05-07,1778184000000,,10889.011659078691,1209.0016626645065,9680.009996414185,5,1
2026-05-08,1778270400000,,10922.44324880771,1157.9033814065865,9764.539867401123,5,2
2026-05-11,1778529600000,,10779.062957972788,4600.2130415146585,6178.84991645813,3,2
2026-05-12,1778616000000,,10766.651588757115,1953.3217356992527,8813.329853057861,5,2
2026-05-13,1778702400000,,10697.418839475433,4024.678740522186,6672.740098953247,4,2
2026-05-14,1778788800000,,10682.019387716226,2980.5894408168115,7701.429946899414,5,2
2026-05-15,1778875200000,,10722.629464620522,2980.5894408168115,7742.040023803711,5,2
2026-05-18,1779134400000,,10777.529199117593,2980.5894408168115,7796.939758300781,5,2
2026-05-19,1779220800000,,10726.992634795544,4772.112629912733,5954.8800048828125,4,2
2026-05-20,1779307200000,,10694.119417201211,2747.4294147598057,7946.690002441406,5,2
2026-05-21,1779393600000,,10548.819458805709,4673.949463688521,5874.8699951171875,4,2
2026-05-22,1779480000000,,10548.364405092967,2662.864252505077,7885.500152587891,5,2
2026-05-26,1779825600000,,10551.014139590037,2662.864252505077,7888.149887084961,5,2
2026-05-27,1779912000000,,10534.528885964992,1878.1889201446797,8656.339965820312,5,2
2026-05-28,1779998400000,,10568.065931294897,3619.9358958945068,6948.130035400391,4,2
2026-05-29,1780084800000,,10441.539716333686,2322.75968703681,8118.780029296875,5,2
2026-06-01,1780344000000,,10363.045130566123,3404.2951610837003,6958.749969482422,5,2
2026-06-02,1780430400000,,10231.057113157865,3228.407149778959,7002.649963378906,5,2
2026-06-03,1780516800000,,10237.001250229878,4751.111296616597,5485.889953613281,4,2
2026-06-04,1780603200000,,10274.594876724239,2027.0549063262902,8247.53997039795,5,2
2026-06-05,1780689600000,,10129.56490846252,2027.0549063262902,8102.5100021362305,5,2
2026-06-08,1780948800000,,10225.864911514278,2027.0549063262902,8198.810005187988,5,2
2026-06-09,1781035200000,,10296.664906936641,2027.0549063262902,8269.610000610352,5,2
2026-06-10,1781121600000,,10050.568825559003,3761.86879046379,6288.700035095215,4,2
2026-06-11,1781208000000,,10070.619353574002,2841.7593682224415,7228.8599853515625,5,2
2026-06-12,1781294400000,,10061.249465268338,2841.7593682224415,7219.490097045898,5,2
2026-06-15,1781553600000,,9970.666994807289,4452.946932551429,5517.720062255859,4,2
2026-06-16,1781640000000,,9927.437424783271,2942.3374797149118,6985.099945068359,5,2
2026-06-17,1781726400000,,9819.36606625242,3792.0560992114038,6027.309967041016,4,2
2026-06-18,1781812800000,,9792.761450195954,2166.1713928229074,7626.590057373047,5,2
2026-06-22,1782158400000,,9818.011480713532,2166.1713928229074,7651.840087890625,5,2
2026-06-23,1782244800000,,9865.32030114013,1006.330341423333,8858.989959716797,5,2
2026-06-24,1782331200000,,9769.668459604563,2921.7185084326866,6847.949951171875,4,2
2026-06-25,1782417600000,,9879.403002340372,1825.453020650918,8053.949981689453,5,2
2026-06-26,1782504000000,,9843.523027975138,1825.453020650918,8018.070007324219,5,2
2026-06-29,1782763200000,,9879.37307985502,1825.453020650918,8053.920059204102,5,2
2026-06-30,1782849600000,,9872.65564998838,3261.77562984678,6610.880020141602,4,2
2026-07-01,1782936000000,,9868.985239314423,2020.3050787919626,7848.680160522461,5,2
2026-07-02,1783022400000,,9844.67507390915,2020.3050787919626,7824.3699951171875,5,2
2026-07-06,1783368000000,,9948.135156916962,2020.3050787919626,7927.830078125,5,2
2026-07-07,1783454400000,,9958.71509771286,2020.3050787919626,7938.410018920898,5,2
2026-07-08,1783540800000,,9906.755090998993,2020.3050787919626,7886.450012207031,5,2
2026-07-09,1783627200000,,10017.93514470993,2020.3050787919626,7997.630065917969,5,2
2026-07-10,1783713600000,,10032.235224055634,2020.3050787919626,8011.930145263672,5,2
2026-07-13,1783972800000,,10007.115076350556,2020.3050787919626,7986.809997558594,5,2
2026-07-14,1784059200000,,10086.215067195282,2020.3050787919626,8065.90998840332,5,2
2026-07-15,1784145600000,,10140.923300234952,3770.9632477447176,6369.960052490234,4,1
2026-07-16,1784232000000,,10162.737360860738,3941.78728761855,6220.9500732421875,4,1
2026-07-17,1784318400000,,10139.926519216671,2299.7665231839574,7840.159996032715,5,1
2026-07-20,1784577600000,,10071.85087079521,3318.610872931441,6753.2399978637695,4,1
2026-07-21,1784664000000,,10089.01234932337,1414.4123432198535,8674.600006103516,5,2
2026-07-22,1784750400000,,10014.6624195138,1414.4123432198535,8600.250076293945,5,2
2026-07-23,1784836800000,,10013.0575112519,2580.5273446259225,7432.530166625977,4,2
2026-07-24,1784923200000,,10061.75903053608,1391.3390476259224,8670.419982910156,5,2
2026-07-27,1785182400000,,10050.64886207905,1391.3390476259224,8659.309814453125,5,2
2026-07-28,1785268800000,,10189.839154437448,1391.3390476259224,8798.500106811523,5,2
2026-07-29,1785355200000,,10235.37916298237,1391.3390476259224,8844.040115356445,5,2
2026-07-30,1785441600000,,10093.016986406636,3081.977023638081,7011.039962768555,4,2
2026-07-31,1785528000000,,10068.379581817047,1083.279793151275,8985.099788665771,5,2
2026-08-03,1785787200000,,9898.63900947727,2994.079072953833,6904.5599365234375,4,2
2026-08-04,1785873600000,,9875.824517732504,1308.3745513018405,8567.449966430664,5,2
2026-08-05,1785960000000,,9824.7922495467,3467.062341557198,6357.729907989502,4,2
2026-08-06,1786046400000,,9831.826018092384,1659.5561168167505,8172.269901275635,5,2
2026-08-07,1786132800000,,9708.99422488489,3398.1941951302497,6310.800029754639,4,2
2026-08-10,1786392000000,,9773.759537196003,1581.9793896435124,8191.78014755249,5,2
2026-08-11,1786478400000,,9711.419756141113,1460.0695879129626,8251.35016822815,5,2
2026-08-12,1786564800000,,9672.179435935424,1460.0695879129626,8212.109848022461,5,2
2026-08-13,1786651200000,,9750.18968221228,1460.0695879129626,8290.120094299316,5,2
2026-08-14,1786737600000,,9686.31969090979,1460.0695879129626,8226.250102996826,5,2
2026-08-17,1786996800000,,9604.999645438598,1460.0695879129626,8144.930057525635,5,2
2026-08-18,1787083200000,,9591.239372458862,1460.0695879129626,8131.169784545898,5,2
2026-08-19,1787169600000,,9667.64949056189,1460.0695879129626,8207.579902648926,5,2
2026-08-20,1787256000000,,9590.897895453187,1427.2678600527966,8163.630035400391,5,2
2026-08-21,1787342400000,,9677.817893622132,1427.2678600527966,8250.550033569336,5,2
2026-08-24,1787601600000,,9768.197913763734,1427.2678600527966,8340.930053710938,5,2
2026-08-25,1787688000000,,9774.645153574258,2780.785305551797,6993.859848022461,4,2
2026-08-26,1787774400000,,9808.215371325747,889.5254375488903,8918.689933776855,5,2
2026-08-27,1787860800000,,9762.855485156313,889.5254375488903,8873.330047607422,5,2
2026-08-28,1787947200000,,9726.370806868043,2567.740977461304,7158.629829406738,4,2
2026-08-31,1788206400000,,9661.40967822229,1265.4797313228762,8395.929946899414,5,2
2026-09-01,1788292800000,,9545.420272280231,2479.9004587426334,7065.519813537598,4,2
2026-09-02,1788379200000,,9617.43504720697,793.3151589013057,8824.119888305664,5,2
2026-09-03,1788465600000,,9706.735034999938,793.3151589013057,8913.419876098633,5,2
2026-09-04,1788552000000,,9615.295124111266,793.3151589013057,8821.979965209961,5,2
2026-09-08,1788897600000,,9463.222559769676,546.9523418741687,8916.270217895508,5,2
2026-09-09,1788984000000,,9446.817362468839,900.4974772149321,8546.319885253906,5,2
2026-09-10,1789070400000,,9446.886417070653,842.686252275731,8604.200164794922,5,2
2026-09-11,1789156800000,,9557.16292026572,1404.7729361348602,8152.389984130859,5,2
2026-09-14,1789416000000,,9484.61311557822,1404.7729361348602,8079.840179443359,5,2
2026-09-15,1789502400000,,9479.871813072083,3263.231737388489,6216.640075683594,4,2
2026-09-16,1789588800000,,9336.14869155227,2991.0787147456285,6345.069976806641,4,2
2026-09-17,1789675200000,,9424.787003509698,1808.4970025941716,7616.290000915527,5,2
2026-09-18,1789761600000,,9328.937134735284,1808.4970025941716,7520.440132141113,5,2
2026-09-21,1790020800000,,9374.38707064837,1808.4970025941716,7565.890068054199,5,2
2026-09-22,1790107200000,,9313.957463268705,3626.487599377104,5687.469863891602,4,2
2026-09-23,1790193600000,,9279.385221494536,2173.075315488676,7106.309906005859,5,2
2026-09-24,1790280000000,,9246.635274900298,2173.075315488676,7073.559959411621,5,2
2026-09-25,1790366400000,,9258.61366998029,2164.953605283025,7093.660064697266,5,2
2026-09-28,1790625600000,,9304.93364678693,2164.953605283025,7139.980041503906,5,2
2026-09-29,1790712000000,,9296.973594296696,2164.953605283025,7132.019989013672,5,2
2026-09-30,1790798400000,,9258.798163983909,3505.398116681664,5753.400047302246,4,1
2026-10-01,1790884800000,,9301.128342291038,1816.7281958066635,7484.400146484375,5,2
2026-10-02,1790971200000,,9302.678009649437,1816.7281958066635,7485.949813842773,5,2
