symbol,sector,pattern,signalAt,entryAt,entry,qty,stop,target,exitAt,exit,exitReason,net,entryFee,exitFee,bars
XYL,Industrials,pullback20,1506974400000,1507037400000,63.45338938903808,31,61.86899909973145,66.22200088500976,1508184000000,66.15577888412476,2R target,79.75619013121894,1.9670550710601806,2.0508291454078678,10
PWR,Industrials,pullback20,1508184000000,1508247000000,37.85781969451904,53,36.90500030517578,39.70999984741211,1508443200000,36.86809530487061,stop,-56.41586614633443,2.006464443809509,1.9540090511581423,3
ISRG,Health Care,pullback20,1506974400000,1507037400000,118.41051329040526,16,114.60088272094727,124.29155883789062,1508529600000,124.16726727905272,2R target,88.22681932924803,1.8945682126464842,1.9866762764648436,14
ALGN,Health Care,pullback20,1506974400000,1507037400000,187.93774999999997,10,179.75899963378907,202.14200439453126,1508765400000,201.9398623901367,target gap,136.12234777746608,1.8793774999999997,2.0193986239013673,14
SNPS,Information Technology,pullback20,1506974400000,1507037400000,81.35126663970946,24,79.1979995727539,85.14400177001953,1508938200000,85.05885776824951,target gap,84.98834409917006,1.952430399353027,2.041412586437988,16
BA,Industrials,pullback20,1508529600000,1508765400000,265.3951348876953,7,257.7499969482422,278.7500061035156,1508961600000,257.49224695129396,stop,-58.98042722768222,1.857765944213867,1.8024457286590578,3
CVX,Energy,pullback20,1508529600000,1508765400000,118.83872122192382,17,116.13399887084961,123.6520004272461,1509111000000,116.01386725616454,stop gap,-52.015011422035165,2.020258260772705,1.9722357433547972,4
FTV,Industrials,pullback20,1508875200000,1508938200000,46.04903571701049,44,45.23324699401856,48.22366485595703,1509134400000,45.18801374702454,stop,-41.899396855799274,2.026157571548462,1.9882726048690798,3
EL,Consumer Staples,pullback20,1508961600000,1509024600000,111.27116366577147,18,108.49600219726562,116.36800384521484,1509543000000,116.25163584136963,target gap,85.55308876963845,2.0028809459838866,2.0925294451446534,4
LHX,Industrials,pullback20,1509134400000,1509370200000,136.83669694519043,15,133.98299713134764,141.6240020751953,1509566400000,141.48237807312012,2R target,65.51043079367071,2.0525504541778563,2.1222356710968016,3
LYV,Communication Services,pullback20,1508443200000,1508506200000,43.33329091644286,47,41.65799751281738,45.98400039672852,1509652800000,41.61633951530457,stop,-84.68934848379205,2.036664673072815,1.9559679572193147,10
GNRC,Industrials,pullback20,1509652800000,1509715800000,51.46140984725952,40,49.19799880981445,55.50400009155273,1510088400000,49.148800811004634,stop,-96.52876987652591,2.058456393890381,1.9659520324401853,3
TTWO,Communication Services,pullback20,1509048000000,1509111000000,106.00590152740477,19,101.32199935913086,113.64600219726563,1510151400000,113.53235619506836,target gap,138.83141178888113,2.0141121290206905,2.157114767706299,8
ALB,Materials,pullback20,1510088400000,1510151400000,143.67352877807616,14,138.1100082397461,153.1699981689453,1510261200000,137.97189823150634,stop,-83.7658636301116,2.011429402893066,1.931606575241089,2
MCHP,Information Technology,pullback20,1506974400000,1507037400000,45.32027652740478,44,43.60300140380859,48.61900177001953,1510756200000,45.18476954269409,SMA50 exit,-9.944529354354604,1.9940921672058103,1.98812985987854,31
MU,Information Technology,pullback20,1509480000000,1509543000000,44.83479091644286,33,41.8410026550293,49.247998809814455,1511298000000,49.19875081100464,2R target,140.90756964353298,1.4795481002426145,1.6235587767631532,15
DLTR,Consumer Staples,pullback20,1510088400000,1510151400000,93.41331969451903,21,90.23800277709961,100.38400268554688,1511298000000,100.28361868286133,2R target,140.20864304926332,1.9616797135848998,2.105955992340088,10
HLT,Consumer Discretionary,pullback20,1510693200000,1510756200000,72.60252877807616,28,70.9380012512207,76.85400848388672,1511989200000,76.77715447540282,2R target,112.7068883940491,2.032870805786133,2.1497603253112794,10
AMAT,Information Technology,pullback20,1511298000000,1511361000000,58.99893862533569,31,55.814999389648435,64.76999893188477,1511989200000,55.75918439025879,stop,-103.98988310086737,1.8289670973854064,1.7285347160980225,5
AMP,Financials,pullback20,1511989200000,1512052200000,164.47430755615233,12,158.58400268554686,173.5119873046875,1512162000000,158.4254186828613,stop,-76.4614631943604,1.973691690673828,1.901105024194336,2
PAYX,Industrials,pullback20,1510261200000,1510324200000,64.6746106109619,31,63.184003067016604,67.9120002746582,1512421200000,67.84408827438354,2R target,94.14572790062486,2.004912928939819,2.10316673650589,16
MSFT,Information Technology,pullback20,1512162000000,1512397800000,84.50441816711425,25,82.25800552368165,88.26399536132813,1512421200000,82.17574751815796,stop,-62.38377036603906,2.1126104541778563,2.054393687953949,1
EL,Consumer Staples,pullback20,1509566400000,1509629400000,121.79166816711424,17,118.37200164794922,129.61600494384766,1513371600000,129.48638893890381,2R target,126.5385261496205,2.0704583588409418,2.201268611961365,31
PEG,Utilities,pullback20,1513371600000,1513607400000,52.44238938903808,40,51.09399948120117,54.711998748779294,1513803600000,51.04290548171997,stop,-60.1187680875546,2.097695575561523,2.0417162192687988,3
OXY,Energy,pullback20,1511989200000,1512052200000,70.10002877807617,30,67.9280014038086,73.84400177001953,1514322000000,73.77015776824952,2R target,105.78776410881082,2.103000863342285,2.213104733047486,18
LEN,Consumer Discretionary,pullback20,1513803600000,1513866600000,60.80614869308471,35,58.458855056762694,64.76669998168946,1515013200000,64.70193328170777,2R target,131.9596777326893,2.1282152042579647,2.264567664859772,8
CPAY,Financials,pullback20,1512421200000,1512484200000,184.1739954986572,11,177.26700897216796,196.26600036621093,1515099600000,196.0697343658447,2R target,126.67044651055302,2.0259139504852293,2.1567670780242922,21
AMZN,Consumer Discretionary,pullback20,1514322000000,1514385000000,59.05449415588378,36,56.90220184326172,62.70960006713867,1515508200000,62.646890467071536,target gap,124.9450173563328,2.125961789611816,2.255288056814575,8
IBKR,Financials,pullback20,1512421200000,1512484200000,14.744729541778563,142,14.258749961853027,15.664999961853027,1515531600000,15.649334961891174,2R target,124.13801249646971,2.0937515949325562,2.222205564588547,24
BF-B,Consumer Staples,pullback20,1515445200000,1515508200000,54.70264680862426,40,53.423201370239255,57.793600463867186,1515704400000,53.36977816886902,stop,-57.637642589309344,2.1881058723449707,2.134791126754761,3
FSLR,Information Technology,pullback20,1515704400000,1515767400000,75.63555755615234,28,71.88999786376954,85.02999420166016,1516136400000,71.81810786590577,stop,-111.01729395872135,2.1177956115722654,2.010907020245362,2
SWK,Industrials,pullback20,1511298000000,1511361000000,166.35619244384765,12,161.41300354003906,175.14400939941407,1516309200000,174.96886539001466,2R target,99.25617465999777,1.996274309326172,2.099626384680176,38
ABBV,Health Care,pullback20,1516136400000,1516199400000,103.103,21,99.16399688720703,109.14199981689453,1516977000000,109.03285781707763,target gap,120.07216114447164,2.165163,2.28969001415863,7
IBKR,Financials,pullback20,1515531600000,1515594600000,15.638122920036315,142,15.09499979019165,16.76750087738037,1517605200000,16.75073337650299,2R target,153.3914672241592,2.220613454645157,2.3786041394634245,17
QCOM,Information Technology,pullback20,1515013200000,1515076200000,66.24618030548095,33,64.21200218200684,69.39600296020508,1517841000000,66.23370304870606,SMA50 exit,-4.78358562425942,2.1861239500808716,2.1857122006073,21
CPRT,Industrials,pullback20,1515099600000,1515162600000,10.953442614555359,200,10.63075065612793,11.543499946594238,1517841000000,10.744245114326477,SMA50 exit,-46.179037591552756,2.1906885229110715,2.1488490228652957,20
LII,Industrials,pullback20,1516309200000,1516372200000,214.99477877807615,10,207.28700408935546,227.39600830078126,1517864400000,207.0797170852661,stop,-83.37136188673384,2.1499477877807616,2.070797170852661,12
AKAM,Information Technology,pullback20,1516914000000,1516977000000,67.16709847259521,33,64.72100067138672,71.16800689697266,1517864400000,64.65627967071534,stop,-87.20719194076524,2.216514249595642,2.1336572291336062,7
HII,Industrials,pullback20,1517605200000,1517841000000,241.91166816711424,9,233.13300170898438,265.04400939941405,1517864400000,232.8998687072754,stop,-85.37949897041906,2.177205013504028,2.0960988183654785,1
AMZN,Consumer Discretionary,pullback20,1517950800000,1518013800000,72.52244694519042,21,67.6268970489502,81.17220077514648,1518123600000,67.55927015190125,stop,-107.16842871811168,1.5229713858489988,1.418744673189926,2
GDDY,Information Technology,pullback20,1517950800000,1518013800000,53.45340152740478,41,51.224999237060544,57.900003814697264,1518210000000,51.17377423782348,stop,-97.75443307920762,2.191589462623596,2.0981247437507626,3
FTNT,Information Technology,pullback20,1517950800000,1518013800000,9.345336442947387,211,8.851599597930909,10.22079963684082,1520283600000,10.210578837203979,2R target,178.43984706402898,1.9718659894618986,2.15443213465004,18
CME,Financials,pullback20,1518210000000,1518445800000,157.48733183288573,12,149.54200744628906,171.46600341796875,1520629200000,171.29453741455077,2R target,161.7410845490113,1.8898479819946288,2.0555344489746092,19
EW,Health Care,pullback20,1518210000000,1518445800000,42.325616157531734,40,39.749667739868165,46.77066497802734,1520884800000,46.723894313049314,2R target,172.36914580187997,1.6930246463012693,1.8689557725219725,20
TPR,Consumer Discretionary,pullback20,1517950800000,1518013800000,48.97893030548095,44,46.833001708984376,53.39399795532226,1520971200000,53.34060395736694,2R target,187.4115811754181,2.155072933441162,2.3469865741241454,24
BA,Industrials,pullback20,1517950800000,1518013800000,340.8605090026855,4,318.1649993896484,386.40001220703124,1521034200000,339.45021853637695,SMA50 exit,-8.362404775390402,1.363442036010742,1.3578008741455079,24
GILD,Health Care,pullback20,1520971200000,1521034200000,82.13205305480956,27,78.17300109863281,88.81400146484376,1521207000000,79.84007817077637,SMA50 exit,-66.25656941198709,2.217565432479858,2.155682110610962,2
EBAY,Consumer Discretionary,pullback20,1520283600000,1520346600000,43.583540916442864,43,41.11599922180176,47.33799743652344,1521725400000,41.19876167678833,SMA50 exit,-106.19114631665393,1.8740922594070433,1.7715467521018982,12
NVDA,Information Technology,pullback20,1520884800000,1520947800000,6.293537292003631,251,5.854299926757813,7.023400020599365,1521835200000,5.848445626831055,stop,-114.76564567094394,1.5796778602929114,1.467959852334595,9
HCA,Health Care,pullback20,1521144000000,1521207000000,103.26316366577147,21,99.37000198364258,110.71000061035156,1521835200000,99.27063198165894,stop,-88.09637507495927,2.168526436981201,2.084683271614838,6
KDP,Consumer Staples,pullback20,1520629200000,1520861400000,118.26815152740477,19,115.25599594116211,123.33799896240234,1522071000000,118.15172664642334,SPY below SMA200,-6.704050423949843,2.2470948790206906,2.2448828062820434,10
TYL,Information Technology,pullback20,1520971200000,1521034200000,210.67046672058103,9,199.8219985961914,228.79598999023438,1522071000000,210.31946878051758,SPY below SMA200,-6.947890880080943,1.8960342004852293,1.8928752190246583,8
FANG,Energy,pullback20,1521662400000,1521725400000,128.7586348876953,17,122.56399307250976,145.41199188232423,1522071000000,129.54032817077638,SPY below SMA200,8.897703440384149,2.1888967930908203,2.2021855789031983,2
NFLX,Communication Services,pullback20,1522094400000,1522157400000,32.28124954986572,44,29.886599731445312,36.331800079345705,1522180800000,29.856713131713867,stop,-109.41367275667102,1.4203749801940917,1.3136953777954101,1
NKE,Consumer Discretionary,pullback20,1522180800000,1522243800000,66.6565863342285,30,63.31699676513672,71.8760009765625,1522330200000,65.63429695129395,SMA50 exit,-34.637407986602454,1.9996975900268554,1.9690289085388186,1
PTC,Information Technology,pullback20,1522094400000,1522157400000,80.24016366577148,26,76.34499740600586,86.86000061035156,1522699200000,76.26865240859985,stop,-107.32852190439597,2.086244255310058,1.982984962623596,4
EW,Health Care,pullback20,1522094400000,1522157400000,47.15377323150634,44,44.78566474914551,50.708665466308595,1522699200000,44.74087908439637,stop,-110.21070717473856,2.074766022186279,1.96859867971344,4
STX,Information Technology,pullback20,1522094400000,1522157400000,58.83877877807617,27,54.98299942016602,64.42400436401367,1522762200000,57.91203121948242,SPY below SMA200,-28.17445595196523,1.5886470270080566,1.5636248429260253,4
DPZ,Consumer Discretionary,pullback20,1522094400000,1522157400000,232.23199999999997,9,221.4669952392578,250.906005859375,1522762200000,231.67809365844727,SPY below SMA200,-9.16034791690036,2.0900879999999997,2.0851028429260254,4
EG,Financials,pullback20,1522267200000,1522330200000,259.90964389038083,8,247.51498565673828,279.9599884033203,1522762200000,255.81393731689454,SPY below SMA200,-36.89144123754857,2.079277151123047,2.0465114985351565,2
VST,Utilities,pullback20,1522785600000,1522848600000,20.60057992362976,103,19.691500854492187,22.95700035095215,1523044800000,19.671809353637695,stop,-99.81142480474118,2.1218597321338653,2.026196363424683,3
GWW,Industrials,pullback20,1522785600000,1522848600000,282.0017212219238,7,268.7259979248047,314.1579895019531,1524835800000,276.5631563415527,SMA50 exit,-41.97990830554186,1.9740120485534665,1.935942094390869,17
TKO,Communication Services,pullback20,1523044800000,1523280600000,37.627590152740474,56,35.83699951171875,40.88600234985351,1525377600000,40.84511634750366,2R target,175.78699534272488,2.1071450485534666,2.287326515460205,19
DXCM,Health Care,pullback20,1524772800000,1524835800000,18.7061875,99,17.672999382019043,20.521499633789062,1525377600000,20.50097813415527,2R target,173.80276338359067,1.8519125625,2.029596835281372,5
TJX,Consumer Discretionary,pullback20,1522785600000,1522848600000,40.90086061096191,52,39.67450103759766,44.146000671386716,1525786200000,40.944015609741214,SMA50 exit,-2.0118736269525663,2.1268447517700193,2.129088811706543,24
AXON,Industrials,pullback20,1522785600000,1522848600000,41.951909847259515,50,39.93700180053711,47.3260009765625,1525872600000,47.278674975585936,target gap,261.8767271751788,2.097595492362976,2.363933748779297,25
NRG,Utilities,pullback20,1525377600000,1525440600000,32.48245076370239,67,30.972998428344727,35.10399856567383,1526068800000,35.06889456710815,2R target,168.7657946910219,2.17632420116806,2.3496159359962463,6
LULU,Consumer Discretionary,pullback20,1525723200000,1525786200000,96.92683183288572,23,93.94099731445313,103.62799987792968,1526932800000,103.52437187805175,2R target,147.13304335346706,2.229317132156372,2.3810605531951903,10
BKR,Energy,pullback20,1526932800000,1526995800000,36.51647954177856,53,34.43899917602539,39.99200439453125,1527278400000,34.404560176849365,stop,-115.6905414463345,1.9353734157142635,1.8234416893730163,4
KEYS,Information Technology,pullback20,1526068800000,1526304600000,53.893840152740474,42,51.74379920959473,57.43239974975586,1527773400000,57.3749673500061,target gap,141.53405237004108,2.2635412864151,2.4097486287002563,12
KDP,Consumer Staples,pullback20,1522785600000,1522848600000,118.25813938903808,18,116.24400024414062,122.0820068359375,1527859800000,119.82006243896484,SMA50 exit,23.829207265777654,2.1286465090026856,2.1567611239013673,41
DXCM,Health Care,pullback20,1525377600000,1525440600000,20.770749999999996,105,19.869499588012694,23.11849899291992,1527883200000,23.095380493927003,2R target,239.4802581604734,2.1809287499999996,2.425014951862335,20
DXCM,Health Care,pullback20,1527883200000,1528119000000,22.95543334007263,104,21.9302490234375,25.28949966430664,1528401600000,21.908318774414063,stop,-113.56574504839764,2.3873650673675537,2.278465152539063,4
CMG,Consumer Discretionary,pullback20,1527710400000,1527773400000,8.750341636657714,268,8.417399597167968,9.361799812316894,1528747200000,9.352438012504578,2R target,156.51028378098414,2.3450915586242673,2.506453387351227,8
AES,Utilities,pullback20,1527278400000,1527600600000,12.38236988544464,185,11.953999710083007,13.322000122070312,1529006400000,13.308678121948242,2R target,166.61417987179888,2.2907384288072583,2.462105452560425,13
COP,Energy,pullback20,1528401600000,1528464600000,70.04998336029053,30,66.31000442504883,75.82000122070312,1529092800000,66.24369442062378,stop,-118.27747852342972,2.101499500808716,1.9873108326187134,6
OXY,Energy,pullback20,1527796800000,1527859800000,84.73465152740478,24,80.27199859619141,92.05599365234374,1530019800000,81.58832817077636,SMA50 exit,-79.5035120718383,2.0336316366577147,1.9581198760986327,17
STE,Health Care,pullback20,1529006400000,1529069400000,106.6965863342285,22,103.72299652099609,112.44399871826172,1530129600000,103.61927352447509,stop,-72.32783073146646,2.347324899353027,2.279624017538452,9
BR,Industrials,pullback20,1525809600000,1525872600000,112.7125984725952,20,108.26899719238281,120.06199645996094,1530192600000,113.21667182922363,SMA50 exit,5.562881726532115,2.254251969451904,2.2643334365844727,35
TSCO,Consumer Discretionary,pullback20,1530129600000,1530192600000,15.607592007637022,148,15.066599559783935,16.5827995300293,1530561600000,15.05153296022415,stop,-86.8342895123484,2.3099236171302793,2.2276268781131745,3
CNC,Health Care,pullback20,1528747200000,1528810200000,61.02596515274047,39,59.03800163269043,64.83400039672851,1531143000000,64.76916639633178,target gap,141.07883836964746,2.3800126409568785,2.5259974894569397,18
TPL,Energy,pullback20,1530907200000,1531143000000,80.07999999999998,29,76.87455673217774,86.23422393798828,1531339200000,86.14798971405028,2R target,171.1510900057512,2.32232,2.4982917017074584,3
AXON,Industrials,pullback20,1529092800000,1529328600000,64.46440152740477,24,59.75900154113769,73.68200149536133,1532116800000,73.60831949386598,2R target,216.14028589055837,1.5471456366577145,1.7665996678527836,24
HRL,Consumer Staples,pullback20,1529956800000,1530019800000,36.73670076370239,64,35.236999130249025,39.44599990844726,1532611800000,36.38357817077637,SMA50 exit,-27.279543799071934,2.351148848876953,2.3285490029296874,21
CMG,Consumer Discretionary,pullback20,1531339200000,1531402200000,9.206997482299803,207,8.651440334320068,10.127920722961425,1532698200000,9.46732316493988,SMA50 exit,50.02183193251747,1.9058484788360592,1.9597358951425554,11
LULU,Consumer Discretionary,pullback20,1530561600000,1530624600000,126.2461227493286,16,119.51600570678711,137.40799865722656,1532721600000,119.39648970108033,stop,-113.52441057117902,2.019937963989258,1.9103438352172852,18
ADP,Industrials,pullback20,1532116800000,1532352600000,137.1269954986572,17,133.3280044555664,145.33399658203126,1533043800000,135.0148439025879,SMA50 exit,-40.53298840299944,2.331158923477173,2.2952523463439944,6
OKE,Energy,pullback20,1532635200000,1532698200000,71.20112725067138,34,69.13000259399413,75.60999755859375,1533153600000,69.06087259140014,stop,-77.53756640985243,2.420838326522827,2.3480696681076045,4
LOW,Consumer Discretionary,pullback20,1532980800000,1533043800000,99.48938938903808,24,96.24399871826172,105.35199890136718,1533303000000,97.73217182922363,SMA50 exit,-46.90653890478508,2.387745345336914,2.3455721239013676,3
DVN,Energy,pullback20,1530129600000,1530192600000,43.64359847259521,34,40.382001113891604,49.64600143432617,1533821400000,42.78717182922363,SMA50 exit,-32.05715206489547,1.483882348068237,1.4547638421936036,29
ELV,Health Care,pullback20,1532721600000,1532957400000,249.47922572326658,9,241.54300079345703,265.35398559570314,1534276800000,265.0886316101074,2R target,135.85354226556726,2.245313031509399,2.3857976844909667,12
ALGN,Health Care,pullback20,1533240000000,1533303000000,368.8885090026855,4,343.3780151367188,417.00401000976564,1534426200000,352.647,SMA50 exit,-67.85217804675283,1.475554036010742,1.410588,9
LULU,Consumer Discretionary,pullback20,1533758400000,1533821400000,127.86773786163329,18,121.58700103759766,138.36599884033203,1534881600000,138.2276328414917,2R target,181.68839296479513,2.301619281509399,2.4880973911468507,9
VRSN,Information Technology,pullback20,1533153600000,1533216600000,147.06691816711424,16,142.24099731445312,159.697998046875,1535572800000,159.53830004882812,2R target,194.63642661596703,2.3530706906738277,2.55261280078125,20
DRI,Consumer Discretionary,pullback20,1534276800000,1534339800000,110.69058183288573,21,107.08500289916992,119.31000518798828,1536264000000,119.1906951828003,2R target,173.67487353087657,2.3245022184906,2.503004598838806,16
MKC,Consumer Staples,pullback20,1535572800000,1535635800000,61.916854541778555,40,60.443001174926756,65.45900268554688,1536609600000,65.39354368286133,2R target,133.9751497143256,2.4766741816711426,2.6157417473144533,7
ELV,Health Care,pullback20,1536264000000,1536327000000,270.1398651123047,9,264.9760223388672,282.71799926757814,1536609600000,264.7110463165283,stop,-53.67302736484666,2.431258786010742,2.382399416848755,2
CHD,Consumer Staples,pullback20,1534363200000,1534426200000,56.20615152740478,43,54.099002075195315,59.98199996948242,1537214400000,59.92201796951294,2R target,154.78874572228364,2.4168645156784057,2.5766467726890565,22
DTE,Utilities,pullback20,1536609600000,1536672600000,96.73493633270263,26,94.26723175048828,100.99744262695313,1537387200000,94.17296451873779,stop,-71.57487258522343,2.5151083446502684,2.4484970774871826,7
ES,Utilities,pullback20,1536609600000,1536672600000,63.52345908355712,40,61.827998352050784,66.24400100708007,1537387200000,61.76617035369873,stop,-75.30313437182576,2.540938363342285,2.4706468141479494,7
WELL,Real Estate,pullback20,1537214400000,1537277400000,66.92686061096191,38,65.05399703979492,70.3219985961914,1537473600000,64.98894304275512,stop,-78.65366813069909,2.5432207032165524,2.4695798356246947,3
TKO,Communication Services,pullback20,1534881600000,1534944600000,80.80072122192382,23,75.70699462890624,91.34600524902343,1537819200000,91.25465924377441,2R target,236.48330075185248,1.858416588104248,2.0988571626068113,23
LLY,Health Care,pullback20,1537473600000,1537536600000,106.33623336029052,24,103.19700241088867,111.81599426269531,1538659800000,111.70417826843261,target gap,123.59770791632087,2.5520696006469725,2.6809002784423828,9
FTNT,Information Technology,pullback20,1537819200000,1537882200000,17.6676496181488,99,16.426201248168944,19.497599792480468,1539028800000,16.409775046920775,stop,-127.90324759341644,1.7490973121967313,1.6245677296451568,10
DELL,Information Technology,pullback20,1532548800000,1532611800000,26.109100366592404,93,25.24417381286621,28.48476638793945,1539091800000,26.71298348236084,SMA50 exit,51.24867596851193,2.4281463340930936,2.484307463859558,52
TMO,Health Care,pullback20,1537387200000,1537450200000,242.08183633422848,10,235.222998046875,252.73399658203124,1539201600000,234.98777504882813,stop,-75.71130896783413,2.420818363342285,2.3498777504882815,15
BALL,Materials,pullback20,1538596800000,1538659800000,45.32527877807617,57,43.956999969482425,48.045999145507814,1539201600000,43.913042969512944,stop,-85.58402542771636,2.5835408903503416,2.5030434492622375,5
J,Industrials,pullback20,1539028800000,1539091800000,63.54727514266967,40,62.04785919189453,67.1745376586914,1539201600000,61.98581133270264,stop,-67.4798758576961,2.541891005706787,2.4794324533081054,2
ORLY,Consumer Discretionary,pullback20,1537387200000,1537450200000,22.93290984725952,111,22.107066917419434,24.367864990234374,1539288000000,22.084959850502013,stop,-99.11943317653476,2.5455529930458067,2.4514305434057233,16
TJX,Consumer Discretionary,pullback20,1539028800000,1539091800000,55.64058408355712,45,53.9509994506836,58.31299743652344,1539288000000,53.89704845123291,stop,-83.38829691865503,2.5038262837600707,2.4253671803054813,3
ORLY,Consumer Discretionary,pullback20,1539720000000,1539783000000,23.141118030548093,106,22.331999397277833,24.789999771118165,1539806400000,22.309667397880556,stop,-92.9515503181723,2.452958511238098,2.3648247441753387,1
TJX,Consumer Discretionary,pullback20,1539720000000,1539783000000,55.81075606918334,44,54.404000473022464,59.56699905395508,1539892800000,54.34959647254944,stop,-69.13807776372775,2.455673267044067,2.3913822447921755,2
BALL,Materials,pullback20,1539720000000,1539783000000,46.14609847259521,53,44.48399772644043,49.331999969482425,1539955800000,46.37357817077637,SPY below SMA200,7.152881141502585,2.4457432190475465,2.4577996430511475,2
HSY,Consumer Staples,pullback20,1539720000000,1539783000000,105.51541366577148,23,102.2890007019043,111.9219985961914,1539955800000,105.37452335357666,SPY below SMA200,-8.090945731925704,2.426854514312744,2.423614037132263,2
WBD,Communication Services,pullback20,1539720000000,1539783000000,33.18315152740478,66,31.424001121520995,36.33200187683106,1539955800000,33.306660152435306,SPY below SMA200,3.763241681145164,2.1900880008087156,2.1982395700607302,2
HCA,Health Care,pullback20,1539806400000,1539869400000,137.317172668457,17,131.45399780273436,146.50200805664062,1539955800000,136.2136560974121,SPY below SMA200,-23.409805796783182,2.3343919353637688,2.315632153656006,1
PCG,Utilities,pullback20,1541624400000,1541687400000,49.00895908355712,48,46.651000595092775,53.09799652099609,1541773800000,44.435519542694095,stop gap,-224.01043293548537,2.352430036010742,2.132904938049317,1
CASY,Consumer Staples,pullback20,1541624400000,1541687400000,132.34221672058104,17,125.92600936889649,145.10800323486328,1542119400000,130.0198439025879,SPY below SMA200,-43.94049293647727,2.2498176842498774,2.2103373463439944,3
PGR,Financials,pullback20,1541624400000,1541687400000,72.8127378616333,33,69.43800277709961,80.48400268554687,1542119400000,71.65827335357666,SPY below SMA200,-42.86487213597085,2.402820349433899,2.3647230206680296,3
TJX,Consumer Discretionary,pullback20,1541624400000,1541687400000,55.935881069183345,37,52.81899719238281,60.62200012207031,1542119400000,54.485460914611814,SPY below SMA200,-57.751135372547104,2.069627599559784,2.0159620538406373,3
VICI,Real Estate,pullback20,1541624400000,1541687400000,22.18215984725952,109,21.163998794555663,24.061999893188478,1542119400000,21.518460914611815,SPY below SMA200,-77.1065513216438,2.4178554233512877,2.3455122396926877,3
BSX,Health Care,pullback20,1541710800000,1541773800000,38.35831969451904,50,36.13299827575683,43.05399932861328,1542119400000,37.07289060974121,SPY below SMA200,-68.04301475410459,1.9179159847259521,1.8536445304870603,2
SBUX,Consumer Discretionary,pullback20,1543870800000,1543933800000,67.53747122192382,34,64.89700164794922,72.70599670410157,1544106600000,66.06386725616456,SPY below SMA200,-54.64498034407008,2.2962740215454103,2.2461714867095948,1
MKC,Consumer Staples,pullback20,1543870800000,1543933800000,75.88580755615233,30,73.1180030822754,81.01399383544921,1544106600000,75.77414847564697,SPY below SMA200,-7.899571096114835,2.27657422668457,2.273224454269409,1
CHD,Consumer Staples,pullback20,1543870800000,1543933800000,66.82676213836669,34,63.70400390625,71.82200317382812,1544106600000,66.35357817077637,SPY below SMA200,-20.616386468581606,2.272109912704467,2.256021657806397,1
AES,Utilities,pullback20,1543870800000,1543933800000,15.625609656333921,146,14.876000308990479,17.048000526428222,1544106600000,15.324660152435303,SPY below SMA200,-48.45736696127855,2.2813390098247526,2.2374003822555544,1
AEE,Utilities,pullback20,1543870800000,1543933800000,70.07,33,67.35800170898438,74.68400573730469,1544106600000,70.26965634155273,SPY below SMA200,1.9574506119691475,2.31231,2.3188986592712406,1
DE,Industrials,pullback20,1550005200000,1550068200000,164.05388938903806,14,157.81399993896486,179.94200744628907,1550264400000,157.6561859390259,stop,-94.07178935476313,2.296754451446533,2.2071866031463627,3
NI,Utilities,pullback20,1550005200000,1550068200000,26.706680305480955,86,25.849000930786133,28.642000198364258,1550759400000,26.103869161605836,SMA50 exit,-56.38346562742969,2.2967745062713623,2.2449327478981016,5
LLY,Health Care,pullback20,1550005200000,1550068200000,119.71959847259521,19,114.24199829101562,129.98599700927736,1551709800000,129.85601101226808,target gap,187.84990167357222,2.2746723709793093,2.4672642092330936,12
VEEV,Health Care,pullback20,1551474000000,1551709800000,121.32119694519042,13,113.1949951171875,134.3300033569336,1551733200000,113.08180012207032,stop,-110.15939766243572,1.5771755602874755,1.470063401586914,1
CASY,Consumer Staples,pullback20,1550264400000,1550586600000,136.2661348876953,16,130.02600479125977,146.5979995727539,1551992400000,129.8959787864685,stop,-106.18109143841538,2.180258158203125,2.078335660583496,13
REGN,Health Care,pullback20,1550005200000,1550068200000,416.3959909973144,5,394.9809936523437,459.05800170898436,1552311000000,403.74584390258786,SPY below SMA200,-67.35144464813224,2.081979954986572,2.0187292195129394,17
RSG,Industrials,pullback20,1550005200000,1550068200000,77.67759847259521,29,75.62500076293945,81.45999755859376,1552311000000,77.85207030487061,SPY below SMA200,0.5493227414401223,2.2526503557052613,2.257710038841248,17
YUM,Consumer Discretionary,pullback20,1550696400000,1550759400000,94.62452877807615,24,91.63100051879883,100.89800262451172,1552311000000,96.74315634155273,SPY below SMA200,46.25423708056681,2.2709886906738275,2.321835752197266,12
AMT,Real Estate,pullback20,1551733200000,1551796200000,179.609422668457,12,174.306005859375,190.45799560546874,1552311000000,182.12768756103515,SPY below SMA200,25.878333388183833,2.155313072021484,2.1855322507324217,4
DLTR,Consumer Staples,pullback20,1551992400000,1552055400000,102.52241816711425,22,99.43100357055664,110.61800384521484,1552311000000,102.08781243896485,SPY below SMA200,-14.062751092620692,2.2554931996765135,2.2459318736572267,1
CMG,Consumer Discretionary,pullback20,1552334400000,1552397400000,12.379167108535766,183,11.91668004989624,13.179439163208007,1553025600000,13.1662597240448,2R target,139.3631355277909,2.265387580862045,2.409425529500198,6
CPAY,Financials,pullback20,1552334400000,1552397400000,231.74150450134275,9,225.0970001220703,242.29600524902344,1553025600000,242.05370924377442,2R target,88.54568575817902,2.0856735405120848,2.17848338319397,6
FICO,Information Technology,pullback20,1552334400000,1552397400000,253.6033561096191,8,244.10199584960938,270.07599182128905,1553198400000,269.8059158294678,2R target,125.43320358327664,2.0288268488769527,2.1584473266357422,8
TECH,Health Care,pullback20,1553025600000,1553088600000,49.58453484725952,47,48.07800369262695,53.146498107910155,1553284800000,48.02992568893432,stop,-77.65451008648547,2.330473137821197,2.2574065073799128,3
TDG,Industrials,pullback20,1552334400000,1552397400000,433.5030773315429,5,418.59898681640624,461.381982421875,1554148800000,460.92060043945315,2R target,132.61549715069629,2.167515386657714,2.3046030021972657,15
INCY,Health Care,pullback20,1552334400000,1552397400000,84.13405305480956,25,79.93099670410156,92.64800109863282,1554471000000,83.53638274383545,SMA50 exit,-19.13351866931886,2.103351326370239,2.088409568595886,18
EBAY,Consumer Discretionary,pullback20,1553025600000,1553088600000,36.79675831985473,63,35.54499778747559,39.52000122070312,1555075800000,36.553410152435305,SMA50 exit,-19.951995161178164,2.318195774150848,2.302864839603424,17
GRMN,Consumer Discretionary,pullback20,1553198400000,1553261400000,84.30422122192383,28,82.10599670410156,89.55799560546875,1555099200000,89.46843760986327,2R target,139.7324244150145,2.360518194213867,2.5051162530761717,16
BALL,Materials,pullback20,1555012800000,1555075800000,58.78872954177856,39,57.19599723815918,61.46800231933594,1555531200000,57.13880124092102,stop,-68.8683774339693,2.2927604521293636,2.2284132483959196,4
ACGL,Financials,pullback20,1555099200000,1555335000000,32.86283183288574,72,32.05699977874756,34.55599861145019,1556026200000,32.20776167678833,SMA50 exit,-51.85013397170999,2.366123891967773,2.31895884072876,5
GIS,Consumer Staples,pullback20,1555531200000,1555594200000,51.64159015274047,45,50.28799934387207,54.67400131225586,1556222400000,50.2377113445282,stop,-67.7591149369292,2.323871556873321,2.260697010503769,5
KEYS,Information Technology,pullback20,1555963200000,1556026200000,90.9408484725952,25,87.36079635620118,97.04839630126953,1556222400000,87.27343555984497,stop,-96.14067991956692,2.2735212118148804,2.1818358889961242,3
HLT,Consumer Discretionary,pullback20,1556222400000,1556285400000,88.02794244384765,26,85.29999542236328,92.29000091552734,1556740800000,92.19771091461182,2R target,103.72811325254844,2.2887265035400386,2.3971404837799075,4
SYF,Financials,pullback20,1554408000000,1554471000000,32.48245076370239,73,31.308298873901368,34.883402252197264,1557518400000,34.848518849945066,2R target,167.80780951391918,2.371218905750274,2.5439418760459898,25
HLT,Consumer Discretionary,pullback20,1556740800000,1556803800000,92.54244694519042,25,89.72599716186524,98.3480010986328,1557518400000,89.63627116470337,stop,-77.20886246492351,2.3135611736297608,2.2409067791175845,7
CSGP,Real Estate,pullback20,1554148800000,1554211800000,48.14809847259521,49,46.079302597045896,51.685400390625,1558036800000,51.633714990234374,2R target,165.90590050464047,2.359256825157165,2.5300520345214847,32
INVH,Real Estate,pullback20,1553284800000,1553520600000,24.074049236297604,96,23.329000854492186,25.40199966430664,1558359000000,25.376597664642333,target gap,120.2973870186037,2.31110872668457,2.436153375805664,39
AWK,Utilities,pullback20,1557518400000,1557754200000,108.13802877807616,21,105.38999633789062,114.02999725341797,1558728000000,113.91596725616455,2R target,116.67357412313709,2.2708986043395996,2.3922353123794555,10
BX,Financials,pullback20,1558123200000,1558359000000,40.57052877807617,60,38.72400054931641,44.5020034790039,1559309400000,38.5314296951294,stop gap,-127.09206248519851,2.43423172668457,2.3118857817077636,8
CHTR,Communication Services,pullback20,1556222400000,1556285400000,368.5581924438476,6,355.9910034179687,388.2980224609375,1559568600000,375.96365634155273,SPY below SMA200,39.96565229351848,2.2113491546630857,2.2557819380493167,25
SO,Utilities,pullback20,1557518400000,1557754200000,53.3532992362976,44,51.99099845886231,56.12799987792969,1559568600000,53.4465,SPY below SMA200,-0.5983575634915561,2.3475451663970945,2.351646,14
MKC,Consumer Staples,pullback20,1558036800000,1558099800000,77.61754091644286,31,75.51349868774415,82.73299713134766,1559568600000,78.13678134155273,SPY below SMA200,11.26806918840813,2.406143768409729,2.422240221588135,10
WRB,Financials,pullback20,1558728000000,1559050200000,27.623151815414424,88,26.91999969482422,28.906666564941407,1559568600000,27.656759983062745,SPY below SMA200,-1.9071134852137348,2.430837359756469,2.4337948785095214,4
SBAC,Real Estate,pullback20,1559246400000,1559309400000,212.49227877807616,11,204.23800354003907,229.35399475097657,1559568600000,217.33245304870604,SPY below SMA200,48.51384492683415,2.3374150665588376,2.3906569835357665,1
HWM,Industrials,pullback20,1559678400000,1559741400000,17.348618671417235,139,16.58742446899414,18.70398864746094,1561147200000,18.68528465881348,2R target,180.78785968517593,2.411457995326996,2.5972545675750736,13
APD,Materials,pullback20,1559678400000,1559741400000,215.11489389038084,11,205.5709976196289,229.8079864501953,1562097600000,229.5781784637451,2R target,154.2045065111115,2.366263832794189,2.525359963101196,20
DIS,Communication Services,pullback20,1559678400000,1559741400000,135.54541366577146,17,130.4570068359375,143.54600830078124,1562788800000,143.40246229248046,2R target,128.82771276276273,2.304272032318115,2.4378418589721678,25
MNST,Consumer Staples,pullback20,1561147200000,1561383000000,15.990975381851195,156,15.256999683380126,17.320999717712404,1563802200000,15.801682614326477,SMA50 exit,-34.48932638125966,2.4945921595687865,2.4650624878349303,19
LDOS,Industrials,pullback20,1559678400000,1559741400000,78.54847122192382,30,75.13099899291993,83.73800201416016,1564430400000,83.654264012146,2R target,148.30770164964338,2.3564541366577147,2.50962792036438,38
BR,Industrials,pullback20,1562097600000,1562160600000,131.00086511230467,19,127.10299453735351,139.06399993896486,1564603200000,126.97589154281616,stop,-81.37605619672897,2.4890164371337886,2.412541939313507,20
AZO,Consumer Discretionary,pullback20,1563566400000,1563802200000,1173.6524604492186,2,1135.072998046875,1246.60400390625,1564603200000,1133.9379250488282,stop,-84.04425157177675,2.3473049208984373,2.2678758500976564,8
IDXX,Health Care,pullback20,1564430400000,1564493400000,283.7234424438476,9,275.91200256347656,302.906005859375,1564666200000,268.24149975585937,stop gap,-144.3051686716915,2.5535109819946284,2.4141734978027345,2
DIS,Communication Services,pullback20,1562788800000,1562851800000,144.15400450134277,17,138.7729934692383,153.07399291992186,1565035200000,138.63422047576904,stop,-98.64372825936427,2.4506180765228267,2.3567817480880735,18
CINF,Financials,pullback20,1564603200000,1564666200000,107.27716816711424,23,104.2020034790039,113.58599853515625,1565035200000,104.0978014755249,stop,-77.98705820833545,2.4673748678436276,2.394249433937073,3
AIG,Financials,pullback20,1559678400000,1559741400000,53.39334015274047,45,51.156002044677734,59.178001403808594,1565098200000,52.787160152435305,SMA50 exit,-32.05622252746537,2.4027003068733213,2.3754222068595885,43
ETR,Utilities,pullback20,1564603200000,1564666200000,52.632581832885734,47,51.403001403808595,55.62400131225586,1566417600000,55.5683773109436,2R target,132.8969423889599,2.47373134614563,2.611713733614349,15
TSN,Consumer Staples,pullback20,1565035200000,1565098200000,84.61452877807616,26,80.32300338745117,90.84399871826172,1566504000000,90.75315471954346,2R target,155.0447147072116,2.1999777482299803,2.35958202270813,13
WSM,Consumer Discretionary,pullback20,1566504000000,1566567000000,33.828793167114256,72,32.15949974060059,38.16100006103515,1567108800000,32.127340240859986,stop,-127.25345229568156,2.4356731080322267,2.3131684973419193,5
PODD,Health Care,pullback20,1565121600000,1565184600000,141.24110610961912,15,134.01100692749023,161.36800079345704,1567540800000,161.20663279266358,2R target,294.9461841621326,2.118616591644287,2.418099491889954,19
CASY,Consumer Staples,pullback20,1567108800000,1567171800000,172.61244244384764,14,165.65399627685548,183.79199829101563,1567540800000,165.48834228057862,stop,-104.47081327190824,2.416574194213867,2.3168367919281008,2
EIX,Utilities,pullback20,1564603200000,1564666200000,74.47440152740478,33,71.24100112915039,81.13800048828125,1567713600000,71.16976012802124,stop,-113.85942351428592,2.4576552504043576,2.3486020842247006,25
NEE,Utilities,pullback20,1567540800000,1567603800000,56.453896583557125,44,54.70999946594238,59.74999923706055,1567713600000,54.65528946647644,stop,-84.02751733775163,2.4839714496765137,2.4048327365249635,2
WST,Health Care,pullback20,1567713600000,1567776600000,150.3902454986572,16,145.30700073242187,159.44601135253907,1568059200000,145.16169373168944,stop,-88.38565929916986,2.4062439279785153,2.322587099707031,2
MSI,Information Technology,pullback20,1565121600000,1565184600000,170.96078327941893,14,165.4539993286133,183.8320068359375,1568122200000,170.4493751220703,SMA50 exit,-11.939456420501612,2.393450965911865,2.3862912517089843,23
SBUX,Consumer Discretionary,pullback20,1566417600000,1566480600000,96.68658633422851,25,91.95999908447266,105.04000091552734,1568145600000,91.86803908538819,stop,-125.17754685649837,2.4171646583557127,2.2967009771347047,13
MLM,Materials,pullback20,1567540800000,1567603800000,263.3030485534668,9,250.6560028076172,281.8080200195312,1568145600000,250.40534680480957,stop,-120.70269129613953,2.369727436981201,2.253648121243286,5
CASY,Consumer Staples,pullback20,1567713600000,1567776600000,170.80063488769528,14,164.11100006103516,182.34800720214844,1568145600000,163.94688906097412,stop,-100.63890690937771,2.3912088884277343,2.2952564468536374,3
EIX,Utilities,pullback20,1568145600000,1568208600000,72.59251663970946,32,70.35800170898438,77.65399932861328,1568727000000,71.48843756103516,SMA50 exit,-39.94112105200153,2.3229605324707028,2.287630001953125,4
DVA,Health Care,pullback20,1568059200000,1568122200000,60.840778778076164,39,58.24299697875976,67.02400054931641,1569355200000,58.184753981781,stop,-108.2269628331458,2.3727903723449706,2.2692054052894592,11
CF,Materials,pullback20,1568145600000,1568208600000,50.830778778076166,42,48.16899871826172,56.00199890136719,1569418200000,48.951,SMA50 exit,-83.14154338787814,2.134892708679199,2.055942,10
UHS,Health Care,pullback20,1568059200000,1568122200000,149.60946672058103,16,143.66800384521486,161.22400512695313,1570023000000,146.0937654876709,SMA50 exit,-60.98247144189392,2.3937514675292966,2.3375002478027347,16
ODFL,Industrials,pullback20,1568145600000,1568208600000,57.450726768493645,35,54.242333984375,63.9153335571289,1570023000000,54.848428424835205,SMA50 exit,-95.01091245981189,2.0107754368972777,1.9196949948692323,15
NOC,Industrials,pullback20,1568664000000,1568727000000,371.8114424438476,6,357.1879943847656,399.9139892578125,1570109400000,361.97765634155274,SMA50 exit,-63.40545120648168,2.2308686546630856,2.1718659380493164,12
ZTS,Health Care,pullback20,1569960000000,1570023000000,124.2441227493286,18,120.5760009765625,134.2080062866211,1570109400000,121.82804695129394,SMA50 exit,-47.91866341923499,2.236394209487915,2.1929048451232913,1
STZ,Consumer Staples,pullback20,1569960000000,1570023000000,208.34813938903807,10,202.4600051879883,223.31000061035155,1570109400000,200.82896878051758,stop gap,-79.28347716690038,2.0834813938903807,2.008289687805176,1
EIX,Utilities,pullback20,1569355200000,1569418200000,75.39531969451903,30,72.67399749755859,80.67199401855468,1570824000000,72.60132350006103,stop,-88.25978512957751,2.261859590835571,2.178039705001831,13
MAA,Real Estate,pullback20,1570046400000,1570109400000,130.52038938903806,17,127.20700073242188,137.17599487304688,1571774400000,137.03881887817383,2R target,106.26479477476548,2.218846619613647,2.3296599209289552,14
TER,Information Technology,pullback20,1570132800000,1570195800000,58.938881069183346,31,55.4819995880127,64.32600173950195,1571860800000,64.26167573776245,2R target,161.1874174649368,1.827105313144684,1.9921119478706357,14
KLAC,Information Technology,pullback20,1570132800000,1570195800000,15.779763938903807,122,14.903300094604493,17.2814001083374,1572292800000,17.264118708229063,2R target,177.05992817473097,1.9251312005462644,2.106222482403946,17
ED,Utilities,pullback20,1571774400000,1571837400000,93.45336061096191,24,91.35500106811523,97.12999420166015,1572292800000,91.26364606704712,stop,-56.986357214227155,2.242880654663086,2.1903275056091305,4
PHM,Consumer Discretionary,pullback20,1571860800000,1571923800000,39.95991816711425,58,38.46600112915039,42.55800323486328,1572901200000,38.42753512802124,stop,-93.4246885585126,2.3176752536926264,2.228797037425232,8
DG,Consumer Staples,pullback20,1572292800000,1572355800000,162.55238938903807,14,157.38299865722655,173.15400085449218,1572901200000,157.22561565856932,stop,-79.05172429722892,2.275733451446533,2.201158619219971,5
VMRK,Real Estate,pullback20,1569355200000,1569418200000,85.6855984725952,27,83.11399993896484,90.18200378417968,1573050600000,84.94496878051758,SMA50 exit,-24.604027001929747,2.3135111587600705,2.2935141570739748,30
VST,Utilities,pullback20,1570824000000,1571059800000,27.25722954177856,83,26.22650032043457,28.81699981689453,1573050600000,26.413560533523558,SMA50 exit,-74.47920326141525,2.2623500519676205,2.1923255242824555,17
BKNG,Consumer Discretionary,pullback20,1572987600000,1573050600000,80.82314352416991,27,78.67691574096679,85.69775848388672,1573137000000,77.61031553649903,stop gap,-91.02405906175174,2.182224875152588,2.095478519485474,1
MPC,Energy,pullback20,1572901200000,1572964200000,68.28822122192382,24,63.8350025177002,76.15000228881836,1573678800000,63.7711675151825,stop,-111.57871429148229,1.6389173093261715,1.53050802036438,7
T,Communication Services,pullback20,1572292800000,1572355800000,29.100068235397334,79,28.16993999481201,30.873111724853516,1574260200000,27.985581985473633,stop gap,-92.55418011142116,2.2989053905963894,2.210860976852417,16
COST,Consumer Staples,pullback20,1572987600000,1573050600000,300.2699712219238,7,291.87499084472654,313.7899963378906,1575469800000,295.74396853637694,SMA50 exit,-35.8541163771362,2.101889798553467,2.0702077797546385,19
BF-B,Consumer Staples,pullback20,1574197200000,1574260200000,66.20613938903809,33,64.45599975585938,69.50799865722657,1575579600000,64.39154375610352,stop,-64.19137943063046,2.1848025998382568,2.124920943951416,11
BMY,Health Care,pullback20,1575406800000,1575469800000,57.88783183288574,36,55.73000068664551,61.789998626708986,1576011600000,61.72820862808228,2R target,133.94738717048062,2.0839619459838863,2.2222155106109622,5
APH,Information Technology,pullback20,1573678800000,1573741800000,12.705192614555358,176,12.317999744415284,13.490249824523925,1576184400000,13.4767595746994,2R target,131.18776140004263,2.236113900161743,2.3719096851470947,20
PHM,Consumer Discretionary,pullback20,1573074000000,1573137000000,38.8488113746643,57,37.00400161743164,42.48200225830078,1576765800000,38.76119923782348,SMA50 exit,-9.417662404838419,2.2143822483558653,2.2093883565559387,29
AES,Utilities,pullback20,1576011600000,1576074600000,19.18917007637024,116,18.662999153137207,20.06399917602539,1577739600000,20.043935176849367,2R target,94.60171144620533,2.225943728858948,2.325096480514526,13
AXON,Industrials,pullback20,1577739600000,1577802600000,73.26319244384764,31,69.92600021362304,80.67800598144531,1578085200000,69.85607421340941,stop,-110.05736240996008,2.271158965759277,2.1655383006156916,3
BIIB,Health Care,pullback20,1575579600000,1575642600000,299.979672668457,5,281.84401245117186,334.4820190429688,1578321000000,289.9497502441406,SMA50 exit,-53.09925923614497,1.4998983633422849,1.449748751220703,19
FTNT,Information Technology,pullback20,1576184400000,1576247400000,20.884864320755003,107,20.09119930267334,22.457598876953124,1578344400000,22.43514127807617,2R target,161.2443938342899,2.2346804823207855,2.4005601167541504,15
STX,Information Technology,pullback20,1572901200000,1572964200000,58.04799168014526,39,55.46400184631348,63.31200180053711,1578407400000,58.4415,SMA50 exit,10.80373429880915,2.263871675525665,2.2792185,42
DPZ,Consumer Discretionary,pullback20,1578085200000,1578321000000,294.294,7,285.5650115966797,312.88001708984376,1578949200000,285.279446585083,stop,-67.1588880305144,2.060058,1.9969561260955813,6
DVA,Health Care,pullback20,1576702800000,1576765800000,73.66358633422851,30,71.15999374389648,78.03000335693359,1579122000000,77.95197335357666,2R target,124.10314378981033,2.209907590026855,2.3385592006072997,18
LITE,Information Technology,pullback20,1578949200000,1579012200000,80.95087274932861,25,76.69029998779297,88.41939544677734,1579122000000,76.61360968780518,stop,-112.37068859901409,2.0237718187332154,1.9153402421951295,2
ROK,Industrials,pullback20,1578344400000,1578407400000,204.70449999999997,11,198.20799560546874,216.3340087890625,1579789800000,199.47032817077636,SMA50 exit,-62.02181323133828,2.2517494999999994,2.19417360987854,11
INTC,Information Technology,pullback20,1579726800000,1579789800000,62.922860610961905,35,60.90699920654297,66.37600021362304,1579876200000,66.30962421340942,target gap,114.01358911681007,2.2023001213836664,2.3208368474693297,1
HLT,Consumer Discretionary,pullback20,1579813200000,1579876200000,111.56144694519041,20,107.6109992980957,117.65799865722656,1579899600000,107.50338829879762,stop,-85.54246963273565,2.2312289389038082,2.1500677659759524,1
MO,Consumer Staples,pullback20,1579122000000,1579185000000,51.381331832885735,43,49.76500015258789,54.21999969482422,1580135400000,49.67028121948242,stop gap,-77.92039573759442,2.2093972688140866,2.1358220924377442,6
UNH,Health Care,pullback20,1578344400000,1578407400000,290.9907122192383,7,282.8699890136719,308.9099853515625,1580158800000,282.58711902465825,stop,-62.84019718076746,2.036934985534668,1.9781098331726077,14
KR,Consumer Staples,pullback20,1578085200000,1578321000000,28.59856969451904,79,27.64900074005127,30.80200080871582,1580331600000,27.62135173931122,stop,-81.64159225469037,2.2592870058670043,2.182086787405586,17
VRT,Industrials,pullback20,1579899600000,1580135400000,11.84182992362976,187,11.451099681854249,12.827800178527832,1580331600000,12.814972378349305,2R target,177.36681700208482,2.214422195718765,2.3963998347513202,3
CNC,Health Care,pullback20,1579122000000,1579185000000,64.74468030548095,34,61.74499702453613,70.06999588012695,1580850000000,61.6832520275116,stop,-108.38711115027982,2.201319130386352,2.0972305689353945,13
DVA,Health Care,pullback20,1580850000000,1580913000000,80.80072122192382,27,77.7609977722168,86.48799896240234,1581454800000,86.40151096343995,2R target,146.70686275193054,2.1816194729919434,2.3328407960128783,5
GE,Industrials,pullback20,1580331600000,1580394600000,64.30974415588378,30,60.79647712707519,71.89116134643555,1582554600000,58.20627327346802,stop gap,-186.77960699535322,1.9292923246765135,1.7461881982040406,16
CRL,Health Care,pullback20,1581454800000,1581517800000,173.50333183288572,13,166.2830078125,187.39400634765624,1582578000000,166.1167248046875,stop,-100.44095210286541,2.2555433138275145,2.1595174224609375,8
DTE,Utilities,pullback20,1582318800000,1582554600000,114.6932988128662,19,112.53616638183594,119.50638732910156,1582664400000,112.42363021545411,stop,-47.43892500236784,2.1791726774444578,2.136048974093628,2
TDY,Information Technology,pullback20,1580158800000,1580221800000,372.4721061096191,5,353.9150024414063,403.40000610351564,1582727400000,357.6719687805176,SMA50 exit,-77.65140701995827,1.8623605305480955,1.788359843902588,20
EIX,Utilities,pullback20,1580331600000,1580394600000,76.87680305480956,29,74.75100250244141,81.43800506591796,1582727400000,74.98493756103515,SMA50 exit,-59.2680897973172,2.229427288589477,2.1745631892700192,18
HPQ,Information Technology,pullback20,1582664400000,1582727400000,23.5235,90,22.395999336242674,25.258002471923827,1582813800000,22.237740228652953,stop gap,-119.83689104181285,2.1171149999999996,2.001396620578766,1
AEE,Utilities,pullback20,1582750800000,1582813800000,85.23515152740478,24,83.08999938964844,89.44999847412109,1582837200000,83.0069093902588,stop,-57.51562075352753,2.0456436366577146,1.9921658253662113,1
ES,Utilities,pullback20,1582750800000,1582813800000,93.50341366577148,22,90.51399993896484,99.35199737548828,1582837200000,90.42348593902588,stop,-71.80480177970863,2.0570751006469723,1.9893166906585693,1
HSY,Consumer Staples,pullback20,1582750800000,1582813800000,157.98783183288572,13,152.98400115966797,169.17201232910156,1582837200000,152.8310171585083,stop,-71.07923580379452,2.053841813827514,1.986803223060608,1
DGX,Health Care,pullback20,1580158800000,1580221800000,109.73962725067138,20,106.64200210571289,115.1259994506836,1582900200000,109.17071878051757,SPY below SMA200,-15.756376323699794,2.194792545013428,2.1834143756103512,22
CME,Financials,pullback20,1582750800000,1582813800000,220.62039389038083,9,210.17799377441406,240.18399047851562,1582900200000,205.95384365844725,stop gap,-135.83812022534158,1.9855835450134276,1.8535845929260255,1
AEE,Utilities,pullback20,1583182800000,1583245800000,84.25416816711424,24,81.16399993896485,90.93199462890625,1583332200000,83.65625786590576,SPY below SMA200,-18.37969745379615,2.022100036010742,2.0077501887817384,1
NEM,Materials,pullback20,1583182800000,1583245800000,47.0970492362976,30,43.81700134277344,52.85600280761719,1583332200000,50.14980076217651,SPY below SMA200,88.6651402764131,1.412911477088928,1.5044940228652954,1
NOW,Information Technology,pullback20,1583182800000,1583245800000,68.94687635040282,20,64.17119750976562,78.29759674072265,1583332200000,67.28065157318115,SPY below SMA200,-36.04904610290511,1.3789375270080564,1.345613031463623,1
MSCI,Financials,pullback20,1583182800000,1583245800000,316.5862590026855,4,293.972998046875,358.6440002441406,1583332200000,314.79487536621093,SPY below SMA200,-9.69105908337384,1.266345036010742,1.2591795014648437,1
CLX,Consumer Staples,pullback20,1583182800000,1583245800000,173.25308183288573,10,163.7969940185547,188.43599548339844,1583332200000,170.7290939025879,SPY below SMA200,-28.679701060333088,1.7325308183288572,1.707290939025879,1
NEM,Materials,pullback20,1583355600000,1583418600000,51.26120908355713,26,47.59199981689453,57.816000366210936,1583505000000,52.1278203048706,SPY below SMA200,19.84377699005127,1.3327914361724853,1.355323327926636,1
AMT,Real Estate,pullback20,1583355600000,1583418600000,248.79855305480953,8,238.32500152587892,278.3300079345703,1583505000000,242.92682817077636,SPY below SMA200,-50.90760212207005,1.9903884244384762,1.943414625366211,1
MSCI,Financials,pullback20,1583355600000,1583418600000,314.5041924438476,5,295.89100341796876,363.62799682617185,1583505000000,290.74896853637694,stop gap,-121.80238534225452,1.5725209622192382,1.4537448426818846,1
NFLX,Communication Services,pullback20,1583355600000,1583418600000,38.13809847259521,39,35.666001892089845,43.80500106811523,1583505000000,36.73323045730591,SPY below SMA200,-57.70983442454895,1.4873858404312132,1.4325959878349304,1
BALL,Materials,pullback20,1583355600000,1583418600000,77.67759847259521,23,73.52799835205079,88.62399597167969,1583505000000,75.14478121948243,SPY below SMA200,-61.769711554511765,1.7865847648696898,1.7283299680480957,1
VRTX,Health Care,pullback20,1590609600000,1590672600000,276.54625900268553,4,256.4920150756836,322.54599914550784,1591709400000,267.01271878051756,SMA50 exit,-40.3083967998047,1.1061850360107421,1.0680508751220703,8
GIS,Consumer Staples,pullback20,1590609600000,1590672600000,61.421360610961905,28,58.055999755859375,66.3479995727539,1591968600000,60.65928121948242,SPY below SMA200,-24.75648093267793,1.7197980971069333,1.698459874145508,11
DG,Consumer Staples,pullback20,1590609600000,1590672600000,186.18599999999998,10,179.04800109863282,203.50398864746094,1591968600000,190.05975,SPY below SMA200,34.97504250000029,1.8618599999999996,1.9005975000000002,11
TTWO,Communication Services,pullback20,1590609600000,1590672600000,134.05391816711423,9,124.31900482177734,154.92200317382813,1591968600000,137.45240634155275,SPY below SMA200,28.142836649368604,1.2064852635040282,1.2370716570739746,11
TMO,Health Care,pullback20,1590609600000,1590672600000,341.2809424438476,4,319.94500732421875,372.1600036621094,1591968600000,342.1774690246582,SPY below SMA200,0.8522726773683242,1.3651237697753904,1.3687098760986327,11
AMZN,Consumer Discretionary,pullback20,1591646400000,1591709400000,126.59847212219236,15,120.9847038269043,136.6396011352539,1591968600000,129.9304405975342,SPY below SMA200,46.13159343933147,1.8989770818328855,1.9489566089630128,3
DHR,Health Care,pullback20,1591992000000,1592227800000,147.74511643981933,13,141.9911346435547,163.83689880371094,1593437400000,153.50768508911133,SPY below SMA200,70.99710602091999,1.9206865137176512,1.9955999061584473,10
EQIX,Real Estate,pullback20,1591992000000,1592227800000,669.959268005371,2,633.2420227050782,763.4359985351563,1593437400000,692.1071878051757,SPY below SMA200,41.57170668798842,1.339918536010742,1.3842143756103515,10
TSCO,Consumer Discretionary,pullback20,1592251200000,1592314200000,24.604579923629757,54,22.798200798034667,27.28560028076172,1593437400000,25.974,SPY below SMA200,71.21744080811712,1.3286473158760068,1.402596,9
NVDA,Information Technology,pullback20,1592251200000,1592314200000,9.234225381851195,124,8.440349960327149,10.640549850463866,1593437400000,9.160580463409424,SPY below SMA200,-11.412925811591853,1.145043947349548,1.1359119774627686,9
SNPS,Information Technology,pullback20,1592251200000,1592314200000,186.95677427673337,6,172.34300384521484,207.46400146484376,1593437400000,190.43937487792968,SPY below SMA200,18.631226712249884,1.1217406456604004,1.1426362492675781,9
CDNS,Information Technology,pullback20,1593460800000,1593523800000,94.54444694519042,17,88.90500030517578,104.27999572753906,1595275200000,104.17571573181152,2R target,160.35332660704975,1.607255598068237,1.770987167440796,14
CMG,Consumer Discretionary,pullback20,1593460800000,1593523800000,21.000979541778563,71,19.63844108581543,23.480119705200195,1595338200000,23.456639585494994,target gap,171.19537214583022,1.491069547466278,1.6654214105701446,14
LOW,Consumer Discretionary,pullback20,1593460800000,1593523800000,134.43430305480956,11,126.1330062866211,148.29400024414062,1595448000000,148.14570624389648,2R target,147.7170549776704,1.4787773336029053,1.6296027686828614,16
MAS,Industrials,pullback20,1593460800000,1593523800000,48.89884847259521,35,46.13900184631348,54.36199951171875,1595448000000,54.30763751220703,2R target,185.69538937694557,1.7114596965408326,1.9007673129272462,16
NOW,Information Technology,pullback20,1595275200000,1595338200000,89.53544514465331,17,83.5839973449707,102.393994140625,1595620800000,83.50041334762572,stop,-105.53715014383769,1.5221025674591062,1.4195070269096373,4
BR,Industrials,pullback20,1593460800000,1593523800000,125.64551663970946,16,119.88499755859375,137.5399948120117,1596657600000,137.4024548171997,2R target,183.9022432965333,2.0103282662353514,2.1984392770751953,26
PYPL,Financials,pullback20,1595275200000,1595338200000,179.42924999999997,8,166.9495056152344,202.5610107421875,1596657600000,202.35844973144532,2R target,180.37929625371126,1.4354339999999999,1.6188675978515625,12
NVDA,Information Technology,pullback20,1595620800000,1595856600000,10.24248246383667,135,9.474149894714355,11.635200119018554,1597348800000,11.623564918899536,2R target,183.4942150368176,1.3827351326179502,1.5691812640514375,14
WSM,Consumer Discretionary,pullback20,1595448000000,1595511000000,42.967924236297605,50,40.90999794006348,48.35000228881836,1597694400000,48.30165228652954,2R target,262.1229236854553,2.1483962118148803,2.415082614326477,18
ALGN,Health Care,pullback20,1597348800000,1597411800000,311.3210197753906,5,291.17200622558596,354.3159912109375,1598385600000,290.8808342193604,stop,-105.21193705012476,1.556605098876953,1.454404171096802,8
TER,Information Technology,pullback20,1597694400000,1597757400000,92.57248336029052,16,85.88400268554688,104.17200469970703,1598558400000,85.79811868286133,stop,-111.24376447155747,1.4811597337646483,1.3727698989257813,8
DECK,Consumer Discretionary,pullback20,1595448000000,1595511000000,34.127427532196045,47,31.923998641967774,39.37200012207031,1598967000000,33.95601167678833,SMA50 exit,-11.25646684698491,1.6039890940132142,1.5959325488090514,28
FCX,Materials,pullback20,1596657600000,1596720600000,14.00398977088928,101,12.916000175476075,16.078000450134276,1598990400000,16.061922449684143,2R target,204.81454342400323,1.4144029668598173,1.6222541674180984,19
ISRG,Health Care,pullback20,1598558400000,1598621400000,238.01777877807615,9,228.65500183105468,252.07999572753906,1599076800000,251.82791573181152,2R target,119.8826213330293,2.1421600090026853,2.266451241586304,4
GLW,Information Technology,pullback20,1598990400000,1599053400000,33.032999999999994,71,31.69999828338623,35.14999885559082,1599163200000,31.668298285102843,stop,-101.48761393594005,2.3453429999999993,2.248449178242302,2
CHD,Consumer Staples,pullback20,1599076800000,1599139800000,98.03794244384764,24,94.96600112915038,104.54800872802734,1599163200000,94.87103512802123,stop,-80.63559104155863,2.352910618652343,2.2769048430725096,1
WST,Health Care,pullback20,1598385600000,1598448600000,273.2429712219238,8,262.5480072021484,298.70400390625,1599249600000,262.28545919494627,stop,-91.94432365915539,2.1859437697753905,2.0982836735595702,8
AMP,Financials,pullback20,1596657600000,1596720600000,155.21505755615232,14,147.87999420166017,172.75000610351563,1599658200000,150.8190312194824,SMA50 exit,-65.82884595623756,2.1730108057861326,2.1114664370727536,23
LLY,Health Care,pullback20,1599249600000,1599571800000,151.1009469451904,15,145.4990020751953,161.7320068359375,1599658200000,150.46937512207032,SMA50 exit,-13.99713217781016,2.266514204177856,2.257040626831055,1
ROL,Industrials,pullback20,1598904000000,1598967000000,36.810107837676995,63,35.580665588378906,39.1186637878418,1600349400000,35.41122005081177,stop gap,-92.67987422948389,2.3190367937736505,2.2309068632011417,11
NEM,Materials,pullback20,1599595200000,1599658200000,66.23616816711424,19,60.64399757385254,76.02199478149414,1600695000000,63.33660152435303,SMA50 exit,-57.55364883660096,1.2584871951751706,1.2033954289627076,8
HCA,Health Care,pullback20,1600286400000,1600349400000,136.41627877807616,16,130.5539978027344,152.92198791503907,1600695000000,125.79407817077637,stop gap,-174.15057542797825,2.1826604604492186,2.012705250732422,2
NKE,Consumer Discretionary,pullback20,1599595200000,1599658200000,113.13301663970947,19,108.23400192260742,121.69199981689454,1600867800000,121.57030781707765,target gap,155.84916920531646,2.1495273161544803,2.309835848524475,10
WST,Health Care,pullback20,1600459200000,1600695000000,275.5552787780761,6,259.6280044555664,313.93402404785155,1600954200000,266.733,SMA50 exit,-56.18740234112512,1.6533316726684566,1.6003980000000002,3
TGT,Consumer Staples,pullback20,1599249600000,1599571800000,146.826672668457,15,140.2249954223633,161.23999633789063,1601928000000,161.07875634155275,2R target,209.16267366128596,2.202400090026855,2.416181345123291,20
UPS,Industrials,pullback20,1599249600000,1599571800000,160.19002877807614,14,153.08500061035156,176.1699951171875,1602532800000,175.99382512207032,2R target,216.54657486131643,2.242660402893066,2.4639135517089845,25
FDX,Industrials,pullback20,1600804800000,1600867800000,197.61078923034665,7,183.02740173339845,222.39000549316407,1602705600000,222.1676154876709,2R target,168.9593349682436,1.3832755246124266,1.5551733084136963,16
ZTS,Health Care,pullback20,1600459200000,1600695000000,159.4993363342285,13,153.8719924926758,174.86600036621093,1603200600000,160.1197187805176,SMA50 exit,3.909924085266406,2.0734913723449706,2.0815563441467284,21
AES,Utilities,pullback20,1600977600000,1601040600000,18.028010229110716,93,16.886999130249023,20.105998992919922,1603200600000,20.085892993927,target gap,187.8385041281719,1.6766049513072967,1.8679880484352112,17
SHW,Materials,pullback20,1602532800000,1602595800000,234.4375419616699,10,224.06666564941406,254.2466583251953,1603200600000,228.93750508117677,SMA50 exit,-59.63411927535974,2.3443754196166986,2.289375050811768,5
GDDY,Information Technology,pullback20,1603137600000,1603200600000,78.26819244384765,20,72.82609558105469,86.81780242919922,1603287000000,78.14178121948243,SMA50 exit,-5.656423960571157,1.565363848876953,1.5628356243896486,1
UPS,Industrials,pullback20,1603224000000,1603287000000,176.60642266845701,11,167.24300384521484,190.1540069580078,1603742400000,167.07576084136963,stop,-108.61778411656934,1.9426706493530272,1.837833369255066,4
WY,Real Estate,pullback20,1601928000000,1601991000000,30.029999999999998,53,27.950999450683593,33.2879997253418,1603805400000,28.341630838394163,SMA50 exit,-92.5772619995441,1.59159,1.5021064344348907,15
FIX,Industrials,pullback20,1603224000000,1603287000000,55.555499999999995,35,52.3919979095459,61.59600143432617,1603805400000,51.838109390258786,stop gap,-133.86744766960135,1.9444424999999999,1.8143338286590573,4
DRI,Consumer Discretionary,pullback20,1602705600000,1602768600000,98.20811061096191,18,92.27000350952149,113.1500030517578,1603915200000,92.17773350601196,stop,-111.9737330832046,1.7677459909973146,1.6591992031082152,10
NKE,Consumer Discretionary,pullback20,1603224000000,1603287000000,128.62849999999997,17,122.28100357055663,140.90800933837892,1603915200000,122.15872256698607,stop,-114.2495991448751,2.1866844999999993,2.0766982836387635,6
XEL,Utilities,pullback20,1603742400000,1603805400000,72.04197122192382,31,69.10300216674804,76.86400299072265,1604001600000,69.0338991645813,stop,-97.62358575959968,2.2333011078796385,2.1400508741020206,3
ABT,Health Care,pullback20,1603742400000,1603805400000,108.99888938903807,21,103.98299865722656,119.03400268554688,1604064600000,104.65524213409424,SMA50 exit,-95.70332911580626,2.2889766771697997,2.1977600848159793,3
VEEV,Health Care,pullback20,1603742400000,1603805400000,301.11080755615234,4,277.29798583984376,336.014013671875,1604088000000,277.02068785400394,stop,-98.67300479023423,1.2044432302246093,1.1080827514160159,4
MLM,Materials,pullback20,1604088000000,1604327400000,270.1098363342285,4,247.20701751708984,304.6359832763672,1604523600000,246.95981049957274,stop,-94.66838192595814,1.0804393453369139,0.987839241998291,3
AXON,Industrials,pullback20,1603915200000,1603978200000,102.9528484725952,13,94.76199874877929,116.4760025024414,1604696400000,116.35952649993897,2R target,171.43575348082592,1.3383870301437377,1.5126738444992065,7
EXR,Real Estate,pullback20,1604523600000,1604586600000,117.57745908355712,18,112.78199768066406,126.48600006103516,1604696400000,112.66921568298339,stop,-92.49282135612476,2.116394263504028,2.028045882293701,2
APTV,Consumer Discretionary,pullback20,1604001600000,1604064600000,98.06797122192381,16,91.8609992980957,111.23800048828124,1604932200000,111.12676248779296,target gap,205.59354451455087,1.569087539550781,1.7780281998046874,6
CMG,Consumer Discretionary,pullback20,1604696400000,1604932200000,26.529703731536863,64,24.82855930328369,29.913079452514648,1605018600000,25.413560176849366,SMA50 exit,-74.75755639013651,1.6979010388183593,1.6264678513183595,1
GM,Consumer Discretionary,pullback20,1604001600000,1604064600000,34.494459083557125,50,32.433999633789064,39.801998901367185,1605042000000,39.76219690246582,2R target,259.67405814613346,1.7247229541778564,1.9881098451232908,8
MRVL,Information Technology,pullback20,1604696400000,1604932200000,45.65561061096191,28,41.688999557495116,52.01200408935547,1605042000000,41.64731055793762,stop,-114.67688327740919,1.2783570971069336,1.1661246956222535,2
PSA,Real Estate,pullback20,1605042000000,1605105000000,235.5853561096191,8,222.2769973754883,257.56598510742185,1605882600000,228.7809845123291,SMA50 exit,-58.149903503295704,1.884682848876953,1.830247876098633,7
GNRC,Industrials,pullback20,1603915200000,1603978200000,219.11889389038083,6,202.01199951171876,247.30600280761718,1607092200000,207.792,SMA50 exit,-70.52282870562726,1.314713363342285,1.246752,25
PODD,Health Care,pullback20,1604696400000,1604932200000,258.8185575561523,4,236.59900970458983,297.83200988769534,1607524200000,245.1146406097412,SMA50 exit,-56.83140057830802,1.0352742302246092,0.9804585624389648,21
ADM,Consumer Staples,pullback20,1605042000000,1605105000000,50.55049999999999,30,47.03800277709961,56.3739990234375,1607697000000,48.881070304870605,SMA50 exit,-53.065837963027754,1.5165149999999998,1.466432109146118,21
TYL,Information Technology,pullback20,1605819600000,1605882600000,414.41399999999993,4,391.7070037841797,459.72600708007815,1608152400000,459.2662810729981,2R target,175.9144031677006,1.6576559999999998,1.8370651242919924,18
AXON,Industrials,pullback20,1607461200000,1607524200000,125.34522122192381,14,118.00699920654297,140.6659942626953,1609794000000,117.88899220733643,stop,-107.79248519223296,1.7548330971069335,1.65044589090271,17
SCHW,Financials,pullback20,1608152400000,1608215400000,51.75170076370239,39,49.09299926757812,56.85400238037109,1609966800000,56.79714837799072,2R target,192.53905184071905,2.018316329784393,2.2150887867416382,13
WAT,Health Care,pullback20,1609794000000,1609857000000,250.24999999999997,8,240.92499542236328,268.59999084472656,1610485200000,268.3313908538818,2R target,140.5024757042238,2.002,2.146651126831055,6
PWR,Industrials,pullback20,1607029200000,1607092200000,69.64958183288573,22,64.95699996948242,78.19600830078124,1611090000000,78.11781229248047,2R target,183.0501874403261,1.532290800323486,1.7185918704345702,30
BKR,Energy,pullback20,1610485200000,1610548200000,23.022999999999996,74,21.513001441955566,26.0939998626709,1611608400000,21.49148844051361,stop,-116.62592754659059,1.7037019999999998,1.5903701445980072,8
CB,Financials,pullback20,1607634000000,1607697000000,152.6224712219238,14,146.95499114990236,167.12999572753907,1611757800000,147.8619845123291,SMA50 exit,-70.85359631460555,2.1367145971069332,2.070067783172607,30
SCHW,Financials,pullback20,1609966800000,1610029800000,57.94788938903808,36,54.93799934387207,62.354000854492185,1611781200000,54.8830613445282,stop,-114.39572382876408,2.086124018005371,1.9757902084030152,14
GRMN,Consumer Discretionary,pullback20,1611090000000,1611153000000,123.01288938903808,19,118.81800231933593,130.4340026855469,1611781200000,118.6991843170166,stop,-86.5529257688231,2.3372448983917233,2.2552845020233154,6
SYK,Health Care,pullback20,1604955600000,1605018600000,232.89266366577147,7,219.24600372314453,264.5580108642578,1611844200000,232.2575154876709,SMA50 exit,-7.702088500778048,1.6302486456604002,1.6258026084136965,53
HPE,Information Technology,pullback20,1611781200000,1611844200000,13.113100381851195,136,12.323499774932861,14.562999534606934,1611954000000,12.311176275157928,stop,-112.51938013563758,1.7833816519317625,1.6743199734214782,2
GE,Industrials,pullback20,1611781200000,1611844200000,56.92584938812255,23,52.36332244873047,65.43172225952148,1612189800000,54.073576915740965,SMA50 exit,-68.15525366976533,1.3092945359268189,1.2436922690620422,2
NWS,Communication Services,pullback20,1611694800000,1611757800000,18.87886061096191,104,17.85499973297119,20.54000053405762,1612535400000,20.51946053352356,target gap,166.52496654738493,1.963401503540039,2.1340238954864503,7
NWSA,Communication Services,pullback20,1611781200000,1611844200000,19.739719312667845,90,18.540999984741212,21.657999801635743,1612535400000,21.636341801834106,target gap,166.9721785246584,1.776574738140106,1.9472707621650696,6
LH,Health Care,pullback20,1611954000000,1612189800000,197.51691493225096,9,186.8350616455078,216.3041198730469,1613595600000,216.08781575317383,2R target,163.41566481213704,1.7776522343902588,1.9447903417785644,12
NRG,Utilities,pullback20,1611954000000,1612189800000,41.711668167114254,34,38.6189998626709,46.991999816894534,1613682000000,38.58038086280823,stop,-109.1936980134223,1.4181967176818846,1.3117329493354797,13
NTAP,Information Technology,pullback20,1611608400000,1611671400000,65.9158484725952,34,62.76400260925293,71.42199935913087,1613768400000,71.35057735977173,2R target,180.11372368570164,2.241138848068237,2.4259196302322388,18
ICE,Financials,pullback20,1613682000000,1613745000000,114.27416366577147,20,108.93400115966797,123.71199951171874,1614090600000,111.18870304870606,SMA50 exit,-66.2184696755977,2.2854832733154296,2.2237740609741214,2
PTC,Information Technology,pullback20,1613768400000,1614004200000,144.58444244384765,14,137.04099731445314,166.10799255371094,1614114000000,136.9039563171387,stop,-111.46764335657919,2.0241821942138674,1.9166553884399418,2
GS,Financials,pullback20,1612472400000,1612535400000,295.29499999999996,5,277.047998046875,327.15400390625,1614200400000,326.8268499023438,2R target,154.54864026220739,1.476475,1.634134249511719,13
HPQ,Information Technology,pullback20,1612472400000,1612535400000,26.025999999999996,84,24.75200023651123,28.346001815795898,1614286800000,28.317655813980103,2R target,187.93422128595466,2.186184,2.378683088374329,14
DIS,Communication Services,pullback20,1614114000000,1614177000000,197.77758183288572,8,185.23099212646486,220.8080047607422,1614891600000,185.0457611343384,stop,-104.91715233211639,1.5822206546630857,1.4803660890747072,7
MU,Information Technology,pullback20,1614200400000,1614263400000,91.61151663970946,19,85.83699798583984,105.88599395751953,1614891600000,85.751160987854,stop,-114.7166482601774,1.74061881615448,1.6292720587692262,6
HCA,Health Care,pullback20,1614891600000,1614954600000,177.9177454986572,10,167.70499420166016,193.61000061035156,1615323600000,193.4163906097412,2R target,151.2731097497559,1.7791774549865722,1.934163906097412,3
IVZ,Financials,pullback20,1614027600000,1614090600000,22.662639389038084,82,21.326999282836915,25.536000061035157,1615496400000,25.510464060974122,2R target,229.57142861585416,1.8583364299011231,2.091858052999878,13
LLY,Health Care,pullback20,1613595600000,1613658600000,205.50530305480956,11,195.66601104736327,228.047998046875,1615815000000,192.8169845123291,stop gap,-143.9530491305236,2.2605583336029054,2.12098682963562,17
AES,Utilities,pullback20,1615582800000,1615815000000,28.408379159927364,57,26.41000118255615,32.52999992370606,1616011200000,26.383591181373596,stop,-118.53605708701893,1.6192776121158599,1.503864697338295,3
MMM,Industrials,pullback20,1614286800000,1614349800000,150.1834807128906,15,144.02342071533204,160.3478271484375,1616097600000,160.18747932128906,2R target,145.40441472546422,2.252752210693359,2.4028121898193358,15
IBKR,Financials,pullback20,1615323600000,1615386600000,20.012492805480957,67,18.298498916625977,22.563000106811522,1616702400000,18.280200417709352,stop,-118.62920042665122,1.340837017967224,1.2247734279865268,12
KKR,Financials,pullback20,1615496400000,1615559400000,48.14809847259521,50,46.077000045776366,52.47599716186524,1618344000000,52.423521164703374,2R target,208.74255362354333,2.4074049236297608,2.6211760582351684,22
AVY,Materials,pullback20,1616097600000,1616160600000,180.58039389038083,11,171.1070068359375,202.49600830078126,1619208000000,202.29351229248047,2R target,234.63268945508455,1.986384332794189,2.225228635217285,25
REG,Real Estate,pullback20,1618344000000,1618407000000,59.12906969451904,41,56.549001693725586,64.5620002746582,1620072000000,64.49743827438354,2R target,215.03442494771954,2.4242918574752808,2.6443949692497255,14
HPE,Information Technology,pullback20,1619208000000,1619443800000,16.406389389038083,152,15.771299839019775,17.717400550842285,1620158400000,15.755528539180755,stop,-103.81946070340302,2.4937711871337886,2.394840337955475,7
NWSA,Communication Services,pullback20,1616702400000,1616765400000,26.336309465408323,57,24.354999351501466,29.919998550415038,1620221400000,25.744230457305907,SMA50 exit,-36.71709423743245,1.5011696395282745,1.4674211360664366,27
WELL,Real Estate,pullback20,1614891600000,1614954600000,70.11004091644287,23,65.46100463867188,78.26800079345703,1620307800000,72.73718756103516,SMA50 exit,57.13888657064061,1.612530941078186,1.6729553139038087,43
J,Industrials,pullback20,1620072000000,1620135000000,111.90116468048095,22,108.45678405761718,119.9186004638672,1620676800000,119.79868186340333,2R target,168.647981400327,2.4618256229705806,2.6355710009948736,5
SNA,Industrials,pullback20,1620158400000,1620221400000,243.1028606109619,10,234.76300201416015,259.5340087890625,1620676800000,259.27447478027347,2R target,156.69236833920334,2.431028606109619,2.592744747802735,4
IFF,Materials,pullback20,1616011200000,1616074200000,137.74761061096189,16,130.8380043029785,151.87400970458984,1620826200000,138.25160939025878,SMA50 exit,3.647992948730757,2.20396176977539,2.2120257502441407,38
WRB,Financials,pullback20,1620158400000,1620221400000,35.87139158630371,69,34.74844474792481,38.156446075439455,1620849600000,34.71369630317688,stop,-84.75134560012525,2.475126019454956,2.395245044919205,6
HPQ,Information Technology,pullback20,1620244800000,1620307800000,34.454418167114255,72,33.13900146484375,37.07199935913086,1620849600000,33.105862463378905,stop,-101.96035087434072,2.4807181080322263,2.3836220973632813,5
LNT,Utilities,pullback20,1620676800000,1620739800000,58.03797954177856,43,56.183000564575195,61.48400115966797,1620849600000,56.12681756401062,stop,-87.08905131957033,2.495633120296478,2.4134531552524567,2
FOX,Communication Services,pullback20,1620763200000,1620826200000,37.447409847259514,66,35.68969917297363,40.79059982299805,1620912600000,36.423539085388185,SMA50 exit,-72.45095291306248,2.471529049919128,2.4039535796356204,1
AZO,Consumer Discretionary,pullback20,1620676800000,1620739800000,1515.4039046630858,1,1467.7739501953124,1623.3120849609375,1621454400000,1466.306176245117,stop,-52.07943849887692,1.5154039046630858,1.466306176245117,7
GEN,Information Technology,pullback20,1620849600000,1620912600000,25.30528068733215,77,23.8100004196167,27.470001220703125,1621886400000,27.442531219482422,2R target,160.50670945874623,1.9485066129245756,2.113074903900147,8
PSA,Real Estate,pullback20,1621454400000,1621517400000,276.17589389038085,8,267.702001953125,294.2160217285156,1623268800000,293.9218057067871,2R target,137.40651293447263,2.2094071511230466,2.351374445654297,14
SNA,Industrials,pullback20,1621886400000,1621949400000,253.53327877807615,9,242.9770080566406,274.1859985351563,1623355200000,242.73403104858397,stop,-101.65963535386956,2.2817995090026852,2.1846062794372556,12
MOS,Materials,pullback20,1620849600000,1620912600000,35.3352992362976,40,32.448000526428224,40.85399894714355,1623418200000,34.805160152435306,SMA50 exit,-24.011181730041116,1.413411969451904,1.3922064060974122,20
EXPD,Industrials,pullback20,1623355200000,1623418200000,125.41529091644286,19,120.65300140380859,135.01400451660157,1624046400000,120.53234840240478,stop,-97.44891291378158,2.3828905274124144,2.2901146196456907,6
NI,Utilities,pullback20,1623355200000,1623418200000,25.785760229110714,96,25.113000106811523,27.023999786376955,1624046400000,25.087887106704713,stop,-71.87968989521441,2.475432981994629,2.4084371622436525,6
CME,Financials,pullback20,1620849600000,1620912600000,214.21399999999997,11,206.3790084838867,229.4520050048828,1624282200000,213.03675,SMA50 exit,-17.64950824999954,2.356354,2.3434042500000003,26
PFE,Health Care,pullback20,1620849600000,1620912600000,39.5395,61,38.08199920654297,42.90599746704102,1624282200000,38.84112106704712,SMA50 exit,-47.382332795215405,2.4119094999999997,2.3693083850898744,26
LEN,Consumer Discretionary,pullback20,1624046400000,1624282200000,95.50683415222167,20,89.98935165405274,105.12294311523438,1624368600000,94.5133327331543,SMA50 exit,-23.670431719054946,1.9101366830444335,1.890266654663086,1
ECHO,Communication Services,pullback20,1624046400000,1624282200000,27.006979541778563,72,25.419999504089354,29.85999984741211,1624910400000,25.394579504585266,stop,-119.86571492925555,1.9445025270080565,1.8284097243301392,6
MA,Financials,pullback20,1624046400000,1624282200000,368.9886151123047,6,355.00201110839845,392.2560180664062,1624973400000,368.64099975585935,SMA50 exit,-6.5114698278808865,2.213931690673828,2.211845998535156,6
CPRT,Industrials,pullback20,1624046400000,1624282200000,32.212180305480956,75,30.91574897766113,34.273501586914065,1625664600000,34.23922808532715,target gap,147.04472785915385,2.4159135229110715,2.5679421063995362,11
EFX,Industrials,pullback20,1624305600000,1624368600000,239.23899999999998,10,230.80999603271485,254.54001159667968,1626465600000,254.285471585083,2R target,145.52947113497942,2.39239,2.54285471585083,18
BLK,Financials,pullback20,1624910400000,1624973400000,881.8109226684569,2,851.9069946289062,932.4059814453125,1626724800000,851.0550876342772,stop,-64.97740208896478,1.763621845336914,1.7021101752685546,14
SBAC,Real Estate,pullback20,1624910400000,1624973400000,321.6713561096191,7,312.53399047851565,343.45200805664064,1627588800000,343.108556048584,2R target,145.40694018764654,2.251699492767334,2.401759892340088,22
LLY,Health Care,pullback20,1626724800000,1626787800000,235.23499999999999,10,225.06800231933593,252.28399353027345,1628020800000,252.03170953674316,2R target,163.09442827206436,2.35235,2.5203170953674316,11
AKAM,Information Technology,pullback20,1626465600000,1626701400000,116.50638938903808,21,113.60399932861328,123.88199768066406,1628083800000,113.43645304870606,stop gap,-69.29746283816506,2.4466341771697997,2.382165514022827,12
IQV,Health Care,pullback20,1623268800000,1623331800000,240.1899469451904,10,230.52000732421874,257.1,1628775000000,244.72503121948242,SMA50 exit,40.50169296127345,2.4018994694519042,2.4472503121948246,44
TGT,Consumer Staples,pullback20,1628020800000,1628083800000,261.46121221923823,9,254.41001892089844,277.7799987792969,1629230400000,254.15560890197753,stop,-70.39098124543727,2.3531509099731442,2.287400480117798,10
PSA,Real Estate,pullback20,1625601600000,1625664600000,308.4081061096191,8,300.24500732421876,323.3299926757812,1629403200000,323.00666268310545,2R target,111.73713443754899,2.467264848876953,2.5840533014648437,32
ADBE,Information Technology,pullback20,1628020800000,1628083800000,623.092440673828,4,601.0380310058594,661.7640258789063,1630094400000,661.1022618530274,2R target,146.90250590668987,2.4923697626953123,2.6444090474121094,18
EXR,Real Estate,pullback20,1627588800000,1627651800000,174.54436511230466,14,167.69500579833985,185.8300048828125,1630440000000,185.6441748779297,2R target,150.35469715888706,2.4436211115722655,2.5990184482910155,23
AXON,Industrials,pullback20,1628712000000,1628775000000,183.71352877807615,10,172.50699615478516,208.9359893798828,1630589400000,181.4383751220703,SMA50 exit,-26.403055599059876,1.8371352877807614,1.814383751220703,15
TYL,Information Technology,pullback20,1630440000000,1630503000000,486.52604855346675,5,470.9610076904297,515.1780212402343,1631280600000,479.76975,SMA50 exit,-38.612971760101146,2.4326302427673334,2.39884875,6
RVTY,Health Care,pullback20,1630526400000,1630589400000,189.28910610961913,13,180.172998046875,203.68398742675782,1631563200000,179.9928250488281,stop,-125.65231889534303,2.4607583794250485,2.339906725634765,7
DDOG,Information Technology,pullback20,1631217600000,1631280600000,141.8817454986572,12,131.68729400634766,159.3253936767578,1631563200000,131.5556067123413,stop,-127.19491366232288,1.7025809459838865,1.5786672805480957,2
MS,Financials,pullback20,1631563200000,1631626200000,104.4543484725952,24,100.96500167846679,111.27000122070312,1632144600000,98.65125,stop gap,-144.14889770562695,2.5069043633422847,2.36763,4
MRVL,Information Technology,pullback20,1631563200000,1631626200000,62.66259847259521,37,59.483000946044925,68.17400131225585,1632168000000,59.42351794509888,stop,-124.36316582481878,2.3185161434860224,2.1986701639686586,5
DXCM,Health Care,pullback20,1629230400000,1629293400000,127.32719694519042,15,119.66975173950195,143.34048919677736,1632340800000,143.19714870758057,2R target,233.99141125106058,1.9099079541778563,2.1479572306137085,25
MSCI,Financials,pullback20,1630094400000,1630330200000,631.631,4,604.4770324707031,679.816015625,1632859200000,603.8725554382323,stop,-115.97579246882351,2.5265239999999998,2.4154902217529295,21
CMG,Consumer Discretionary,pullback20,1629403200000,1629466200000,37.59355575561523,66,36.20429878234863,39.83579864501953,1632922200000,37.102859390258786,SMA50 exit,-37.315923513152846,2.481174679870605,2.44878871975708,27
MPWR,Information Technology,pullback20,1632340800000,1632403800000,508.43792266845696,4,485.3349975585937,553.1199829101563,1632945600000,484.84966256103513,stop,-98.3261907706053,2.033751690673828,1.9393986502441405,5
IT,Information Technology,pullback20,1632168000000,1632231000000,314.3740575561523,7,300.0539947509766,335.2320068359375,1633377600000,299.75394075622563,stop,-106.63971358767338,2.200618402893066,2.0982775852935793,10
NDSN,Industrials,pullback20,1632945600000,1633008600000,244.30405755615232,10,235.2100051879883,258.31000061035155,1633550400000,234.9747951828003,stop,-98.08541226090962,2.4430405755615228,2.349747951828003,5
NFLX,Communication Services,pullback20,1631908800000,1632144600000,58.73767985534667,42,56.37780075073242,64.04940261840821,1633613400000,63.9853532157898,target gap,215.24791374962373,2.4669825539245602,2.6873848350631717,13
TSN,Consumer Staples,pullback20,1632859200000,1632922200000,78.25818030548095,31,75.23800430297851,82.9240005493164,1635192000000,82.84107654876709,2R target,137.07570657938876,2.4260035894699095,2.56807337301178,19
DDOG,Information Technology,pullback20,1633550400000,1633613400000,143.70355755615233,10,132.9134948730469,164.1030029296875,1635192000000,163.9388999267578,2R target,199.27699913122572,1.4370355755615234,1.639388999267578,13
FLEX,Information Technology,pullback20,1635192000000,1635255000000,14.407762089729307,138,13.519969749450684,15.778447532653809,1635427800000,12.813097043037414,stop gap,-223.82025500380294,1.9882711683826444,1.7682073919391632,2
BALL,Materials,pullback20,1635364800000,1635427800000,91.80170908355711,27,87.7699966430664,98.80999755859375,1635514200000,91.38852335357666,SMA50 exit,-16.1021509852749,2.478646145256042,2.4674901305465697,1
AIG,Financials,pullback20,1633377600000,1633440600000,56.336278778076164,39,53.42599983215332,60.60799942016602,1635537600000,60.54739142074585,2R target,159.67492992636386,2.1971148723449705,2.361348265409088,19
CBRE,Real Estate,pullback20,1632945600000,1633008600000,99.25916366577147,24,94.7990005493164,106.23200073242188,1636056000000,106.12576873168946,2R target,159.8692832044928,2.3822199279785155,2.5470184495605475,26
LYV,Communication Services,pullback20,1635537600000,1635773400000,101.9518484725952,23,96.80700378417968,109.83599700927735,1636119000000,109.72616101226807,target gap,173.940594194324,2.3448925148696897,2.5237017032821654,4
NOW,Information Technology,pullback20,1636056000000,1636119000000,140.54039389038084,17,133.58539276123048,153.86719360351563,1636578000000,133.45180736846925,stop,-125.16383829389756,2.3891866961364743,2.2686807252639776,4
PANW,Information Technology,pullback20,1633550400000,1633613400000,81.35126663970946,26,76.9536636352539,89.15767517089844,1637332200000,89.06851749572755,target gap,196.21760786894882,2.1151329326324464,2.3157814548889166,31
VRSK,Industrials,pullback20,1636056000000,1636119000000,217.69747572326656,12,209.74400634765624,230.31200561523437,1637355600000,230.08169360961912,2R target,143.23726460423606,2.612369708679199,2.7609803233154295,11
P,Information Technology,pullback20,1637269200000,1637332200000,28.14812084007263,82,26.667200088500977,31.2356014251709,1637787600000,31.20436582374573,2R target,245.74518475476106,2.3081459088859555,2.55875799754715,4
HLT,Consumer Discretionary,pullback20,1635192000000,1635255000000,143.60346672058103,15,135.5709991455078,155.3679962158203,1637960400000,135.4354281463623,stop,-126.70616203628484,2.1540520008087154,2.031531422195435,23
KEY,Financials,pullback20,1636578000000,1636641000000,23.88386061096191,107,22.948999977111818,25.801998901367188,1637960400000,22.926050977134707,stop,-107.4942913594371,2.5555730853729246,2.453087454553414,11
PCG,Utilities,pullback20,1637355600000,1637591400000,12.392380114555358,181,11.709000301361083,13.721999740600586,1638478800000,11.697291301059723,stop,-130.17130576893635,2.24302080073452,2.11720972549181,8
AZO,Consumer Discretionary,pullback20,1638478800000,1638541800000,1877.3354208984374,1,1794.789013671875,2015.29208984375,1638910800000,2013.2767977539063,2R target,132.05076463681652,1.8773354208984374,2.0132767977539063,3
DVN,Energy,pullback20,1635451200000,1635514200000,40.33029091644287,41,37.40500030517578,46.689999389648435,1639492200000,40.359601524353025,SMA50 exit,-2.1065506657562834,1.6535419275741576,1.654743662498474,31
TSCO,Consumer Discretionary,pullback20,1637960400000,1638196200000,45.813769557952874,57,43.81320037841797,49.38960189819336,1640034000000,43.76938717803955,stop,-121.63603558901096,2.611384864803314,2.494855069148254,16
PAYX,Industrials,pullback20,1639429200000,1639492200000,123.59347122192382,21,119.88200225830079,133.43600006103514,1640206800000,133.3025640609741,2R target,198.49613287911515,2.5954628956604,2.7993538452804563,7
P,Information Technology,pullback20,1637787600000,1637937000000,30.520489770889277,79,28.957400512695312,34.935201263427736,1640725200000,34.900266062164306,2R target,340.834087299916,2.411118691900253,2.75712101891098,22
RVTY,Health Care,pullback20,1637960400000,1638196200000,182.9027212219238,11,172.10899658203124,205.05199584960937,1641393000000,183.14667182922364,SMA50 exit,-1.343086643264415,2.0119299334411616,2.0146133901214602,26
EIX,Utilities,pullback20,1640034000000,1640097000000,67.58751663970946,38,64.83499908447266,71.75,1641479400000,65.06486725616455,SMA50 exit,-100.90146716275002,2.5683256323089596,2.4724649557342526,11
DLTR,Consumer Staples,pullback20,1640725200000,1640788200000,139.42928327941894,18,132.28399047851562,153.3019989013672,1642194000000,132.1517064880371,stop,-135.88484006068745,2.5097270990295413,2.3787307167846676,13
AOS,Industrials,pullback20,1641330000000,1641393000000,85.09501213836668,31,81.50099868774414,91.87799987792968,1642194000000,81.4194976890564,stop,-119.10289773326895,2.6379453762893674,2.524004428360749,8
AZO,Consumer Discretionary,pullback20,1638910800000,1638973800000,2015.7737697753903,1,1938.5949096679688,2193.52001953125,1642689000000,1955.4426243896485,SMA50 exit,-64.30236177990686,2.0157737697753904,1.9554426243896486,29
GWW,Industrials,pullback20,1640206800000,1640269800000,500.4799909973144,5,479.0180145263672,539.4740112304687,1642689000000,497.53196878051756,SMA50 exit,-19.73017088287345,2.502399954986572,2.487659843902588,18
CHD,Consumer Staples,pullback20,1641416400000,1641479400000,102.62251663970946,26,98.74200286865235,110.13599700927735,1643034600000,103.896,SPY below SMA200,27.741085934921625,2.668185432632446,2.7012959999999997,11
ABBV,Health Care,pullback20,1642194000000,1642516200000,135.64550450134277,19,131.48099670410156,144.6479919433594,1643034600000,132.68718731689452,SPY below SMA200,-61.30634764906322,2.577264585525513,2.521056559020996,4
MKC,Consumer Staples,pullback20,1642194000000,1642516200000,95.89580305480956,27,93.35299911499024,102.34399719238282,1643034600000,95.53436725616456,SPY below SMA200,-14.927381161811425,2.589186682479858,2.579427915916443,4
EXC,Utilities,pullback20,1642626000000,1642689000000,40.55406717300414,64,38.937944412231445,43.001426696777344,1643034600000,40.658302310943604,SPY below SMA200,1.4734571811528938,2.5954602990722653,2.6021313479003907,2
SO,Utilities,pullback20,1642626000000,1642689000000,68.49843030548095,37,66.4130012512207,72.16400299072265,1643034600000,67.70222664642334,SPY below SMA200,-34.498959692352045,2.534441921302795,2.5049823859176636,2
VRTX,Health Care,pullback20,1643662800000,1643725800000,242.63238938903805,10,231.66300354003906,265.8240020751953,1644849000000,233.51625,SPY below SMA200,-95.92288028427078,2.4263238938903804,2.3351625000000005,9
MKC,Consumer Staples,pullback20,1643662800000,1643725800000,100.58048336029051,25,95.79699935913087,109.33599395751953,1644849000000,100.85903908538819,SPY below SMA200,1.92790506629991,2.514512084007263,2.521475977134705,9
ATO,Utilities,pullback20,1643662800000,1643725800000,107.38727877807617,24,102.76100158691406,116.13800048828125,1644849000000,106.77311725616455,SPY below SMA200,-19.87972603070046,2.577294690673828,2.5625548141479495,9
AFL,Financials,pullback20,1643662800000,1643725800000,62.69263106918334,41,59.96699905395508,68.5260009765625,1644849000000,65.05488274383545,SPY below SMA200,91.61467059440263,2.570397873836517,2.6672501924972534,9
ED,Utilities,pullback20,1643662800000,1643725800000,86.85676663970946,29,82.9809959411621,93.38799896240235,1644849000000,84.28563274383545,SPY below SMA200,-79.52601256246918,2.5188462325515744,2.444283349571228,9
KR,Consumer Staples,pullback20,1644958800000,1645021800000,46.27622954177856,48,43.7569995880127,51.716000366210935,1645108200000,44.305648475646976,SMA50 exit,-98.93582131915258,2.2212590180053713,2.1266711268310545,1
HPE,Information Technology,pullback20,1644958800000,1645021800000,17.30729091644287,131,16.379699897766113,19.38059768676758,1645194600000,17.222759771347047,SPY below SMA200,-15.597016647653357,2.2672551100540157,2.2561815300464634,2
HPQ,Information Technology,pullback20,1644958800000,1645021800000,37.10706969451904,60,35.10099754333496,41.90800170898437,1645194600000,36.40355862808227,SPY below SMA200,-46.62130168556215,2.2264241816711423,2.1842135176849364,2
AFL,Financials,pullback20,1644958800000,1645021800000,64.29423336029052,39,61.60699806213379,70.46599655151367,1645194600000,62.80712893295288,SPY below SMA200,-62.9540257956045,2.5074751010513303,2.4494780283851623,2
ACGL,Financials,pullback20,1644958800000,1645021800000,47.47743030548095,54,45.27799949645996,52.48400192260742,1645194600000,46.743210914611815,SPY below SMA200,-44.73576173281833,2.5637812364959713,2.524133389389038,2
MO,Consumer Staples,pullback20,1645045200000,1645108200000,50.3502992362976,50,48.674000930786136,54.48199996948242,1645194600000,51.29864847564697,SPY below SMA200,42.33501458187122,2.5175149618148804,2.5649324237823485,1
RTX,Industrials,pullback20,1647979200000,1648042200000,101.26116366577148,19,95.21999969482422,113.69999237060547,1648128600000,101.55834365844727,SPY below SMA200,1.7928492216799277,1.923962109649658,1.929608529510498,1
GD,Industrials,pullback20,1647979200000,1648042200000,238.9386969451904,8,224.12900085449218,265.2320037841797,1648128600000,239.76,SPY below SMA200,2.7408348629151975,1.9115095755615232,1.91808,1
GL,Financials,pullback20,1647979200000,1648042200000,101.08098336029052,22,95.72000045776367,112.72999725341796,1648128600000,99.85004695129395,SPY below SMA200,-31.501083664779394,2.2237816339263916,2.1967010329284666,1
HST,Real Estate,pullback20,1647979200000,1648042200000,18.458440534591674,97,17.217000579833986,21.36599998474121,1648128600000,18.37160939025879,SPY below SMA200,-11.995135843000197,1.7904687318553925,1.7820461108551027,1
MO,Consumer Staples,pullback20,1647979200000,1648042200000,53.51345908355712,39,50.51100234985351,58.907999420166014,1648128600000,52.4475,SPY below SMA200,-45.70488166298661,2.087024904258728,2.0454525,1
EXC,Utilities,pullback20,1648152000000,1648215000000,44.51447122192382,56,42.730001068115236,47.9500015258789,1648756800000,47.90205152435303,2R target,184.5291716622441,2.492810388427734,2.6825148853637693,5
LMT,Industrials,pullback20,1648152000000,1648215000000,450.48002877807613,3,414.29600830078124,520.5980163574219,1649338200000,452.547,SPY below SMA200,3.4918325794374505,1.3514400863342284,1.357641,9
NI,Utilities,pullback20,1648152000000,1648215000000,30.6806496181488,81,29.37400074005127,32.872001266479494,1649338200000,32.397570304870605,SPY below SMA200,133.96123981070176,2.485132619070053,2.6242031946945192,9
LHX,Industrials,pullback20,1648152000000,1648215000000,257.12686511230464,6,238.09800415039064,294.4440063476562,1649338200000,256.1435939025879,SPY below SMA200,-8.979250012389839,1.542761190673828,1.5368615634155274,9
KMI,Energy,pullback20,1648152000000,1648215000000,18.368350381851194,112,17.307999420166016,20.283998870849608,1649338200000,19.070910152435303,SPY below SMA200,74.49349712558015,2.057255242767334,2.135941937072754,9
KR,Consumer Staples,pullback20,1648756800000,1648819800000,57.55749999999999,29,53.41899795532227,65.27200088500976,1649338200000,59.000941371917726,SPY below SMA200,38.47960498582872,1.6691675,1.7110272997856142,4
CVX,Energy,pullback20,1649361600000,1649424600000,167.21705305480955,13,158.38200988769532,184.53599853515624,1649683800000,168.40143731689454,SPY below SMA200,11.033955032272713,2.1738216897125247,2.1892186851196294,1
LMT,Industrials,pullback20,1649361600000,1649424600000,468.18772122192377,4,440.4590118408203,515.6120056152344,1649683800000,463.3262185363769,SPY below SMA200,-23.172066501220556,1.872750884887695,1.8533048741455078,1
XOM,Energy,pullback20,1649361600000,1649424600000,85.25516816711425,23,79.94500427246093,95.26000061035157,1649683800000,85.69421878051757,SPY below SMA200,6.166328208480932,1.9608688678436277,1.9709670319519041,1
HSIC,Health Care,pullback20,1649361600000,1649424600000,89.90981969451903,28,86.0719970703125,96.41599578857422,1649683800000,90.09981243896485,SPY below SMA200,0.27952714474533114,2.517474951446533,2.522794748291016,1
PWR,Industrials,pullback20,1649361600000,1649424600000,133.13299999999998,15,125.18500137329102,146.70999908447266,1649683800000,132.5173439025879,SPY below SMA200,-13.219596619720095,1.9969949999999996,1.9877601585388185,1
DXCM,Health Care,pullback20,1669842000000,1669905000000,116.50638938903808,14,108.15800094604492,132.52399444580078,1670337000000,115.7041796951294,SPY below SMA200,-14.481883681899856,1.631089451446533,1.6198585157318117,3
CAT,Industrials,pullback20,1669842000000,1669905000000,237.13689389038083,9,224.6560043334961,259.9180023193359,1670337000000,232.35740634155275,SPY below SMA200,-47.24083664154018,2.1342320450134276,2.0912166570739745,3
PCG,Utilities,pullback20,1669842000000,1669905000000,15.7156998090744,148,14.890999698638916,17.318000030517577,1670337000000,15.314669923782349,SPY below SMA200,-63.9449177436863,2.325923571743011,2.266571148719788,3
ERIE,Financials,pullback20,1669842000000,1669905000000,285.02473022460936,6,265.3130142211914,316.5440155029297,1670337000000,272.5271878051758,SPY below SMA200,-78.33056602478005,1.7101483813476561,1.635163126831055,3
REGN,Health Care,pullback20,1669842000000,1669905000000,756.9461924438476,2,706.9360046386719,841.22802734375,1670337000000,750.5287492675782,SPY below SMA200,-15.849836235961739,1.5138923848876953,1.5010574985351564,3
GILD,Health Care,pullback20,1673643600000,1673965800000,86.13605305480957,29,82.81299438476563,93.18400115966797,1674052200000,84.93497664642334,SMA50 exit,-39.79227570453638,2.4979455385894775,2.463114322746277,1
FICO,Information Technology,pullback20,1673643600000,1673965800000,616.6260197753905,3,580.4369873046875,692.8859741210938,1674138600000,624.4049992675781,SPY below SMA200,19.61384541943373,1.8498780593261719,1.8732149978027341,2
APD,Materials,pullback20,1673643600000,1673965800000,312.31199999999995,8,300.10498962402346,333.99000244140626,1674138600000,302.28740634155275,SPY below SMA200,-85.11354451831004,2.498496,2.418299250732422,2
AIG,Financials,pullback20,1673643600000,1673965800000,64.12405755615234,39,62.11900291442871,68.9920051574707,1674138600000,61.83810152435303,stop gap,-94.06480944431274,2.5008382446899415,2.4116859594497684,2
MRK,Health Care,pullback20,1673643600000,1673965800000,112.14202877807615,22,108.5629997253418,119.6240005493164,1674138600000,108.33156243896484,stop gap,-88.68067846722383,2.4671246331176753,2.3832943736572267,2
NSC,Industrials,pullback20,1673989200000,1674052200000,257.14690466308593,9,247.23099822998046,275.5180145263672,1674138600000,253.02671878051757,SPY below SMA200,-41.673235554107706,2.3143221419677733,2.277240469024658,1
URI,Industrials,pullback20,1674507600000,1674570600000,391.5411438903808,6,372.0819976806641,431.9260009765625,1674829800000,431.49407497558593,target gap,234.77937519803504,2.349246863342285,2.5889644498535156,3
ROST,Consumer Discretionary,pullback20,1674766800000,1674829800000,120.89076663970945,21,116.35799942016601,129.41399841308595,1675285200000,116.24164142074585,stop,-102.61141016750526,2.538706099433899,2.4410744698356632,4
APD,Materials,pullback20,1674507600000,1674570600000,308.6783651123047,8,297.43799743652346,331.2840087890625,1675348200000,295.0646253662109,stop gap,-113.73986189257818,2.4694269208984374,2.3605170029296874,7
ACGL,Financials,pullback20,1674507600000,1674570600000,63.443381069183346,39,61.204999923706055,66.9800033569336,1675371600000,61.14379492378235,stop,-94.54275953436442,2.4742918616981506,2.3846080020275116,8
CAT,Industrials,pullback20,1674507600000,1674570600000,253.1328848876953,9,242.21199951171874,273.6759918212891,1675371600000,241.96978751220703,stop,-104.9238004309935,2.2781959639892575,2.1777280876098635,8
NKE,Consumer Discretionary,pullback20,1675285200000,1675348200000,130.5804469451904,17,123.99800109863281,140.50399780273438,1675780200000,123.83603908538818,stop gap,-118.98001387915762,2.219867598068237,2.1052126644515994,3
WTW,Financials,pullback20,1675717200000,1675780200000,253.26300450134275,9,245.66699829101563,269.8559906005859,1675976400000,245.4213312927246,stop,-75.06321789970993,2.279367040512085,2.2087919816345214,3
COO,Health Care,pullback20,1674507600000,1674570600000,87.09200225067137,26,82.65200576782226,94.30099945068359,1676298600000,84.01589847564698,SMA50 exit,-84.42750356951849,2.2643920585174557,2.1844133603668214,14
KLAC,Information Technology,pullback20,1675371600000,1675434600000,40.94990939712524,49,38.60909805297852,47.05979995727539,1676298600000,39.58237964630127,SMA50 exit,-70.95503995350239,2.006545560459137,1.9395366026687624,6
DECK,Consumer Discretionary,pullback20,1675976400000,1676039400000,69.60786840820312,34,66.79366455078124,76.81266479492187,1677013200000,66.72687088623046,stop,-102.58929688308118,2.366667525878906,2.2687136101318357,7
DOW,Materials,pullback20,1676062800000,1676298600000,59.879819694519036,39,57.09279899597168,65.2744010925293,1677013200000,57.0357061969757,stop,-115.48013191395827,2.335312968086243,2.2243925416820525,6
BA,Industrials,pullback20,1675285200000,1675348200000,215.36514389038084,9,203.06200103759767,238.1259979248047,1677249000000,199.8,stop gap,-143.82278130844085,1.9382862950134274,1.7982,15
DRI,Consumer Discretionary,pullback20,1677013200000,1677076200000,148.72858183288574,15,142.52399444580078,158.4720001220703,1677508200000,144.855,SMA50 exit,-62.5074812207795,2.2309287274932865,2.172825,3
UHS,Health Care,pullback20,1676062800000,1676298600000,147.37722572326658,15,140.10998992919923,160.9,1677594600000,128.28159365844726,stop gap,-290.5693632630154,2.2106583858489985,1.924223904876709,10
CBRE,Real Estate,pullback20,1677186000000,1677249000000,86.06598336029052,26,82.49999694824218,95.55000152587891,1677790800000,82.41749695129394,stop,-99.24121712201216,2.2377155673675535,2.1428549207336425,5
OMC,Communication Services,pullback20,1675371600000,1675434600000,91.83173786163329,26,88.5550033569336,98.37999877929687,1678395600000,88.46644835357667,stop,-92.18528005106756,2.3876251844024656,2.3001276571929936,24
GE,Industrials,pullback20,1677272400000,1677508200000,67.10614738464355,30,63.538705825805664,72.96249771118164,1678395600000,72.88953521347045,2R target,169.30176438686368,2.0131844215393064,2.1866860564041137,9
CPRT,Industrials,pullback20,1677013200000,1677076200000,34.714680305480954,66,33.0705005645752,37.419000244140626,1678458600000,34.80016408538818,SPY below SMA200,1.0539497440797216,2.291168900161743,2.29681082963562,12
BKNG,Consumer Discretionary,pullback20,1677531600000,1677594600000,100.57407589721679,21,95.80244140625,110.92471923828126,1678458600000,100.25524285125732,SPY below SMA200,-10.912909658866726,2.112055593841552,2.1053600998764037,8
WDAY,Information Technology,pullback20,1677790800000,1677853800000,189.1389469451904,8,177.18299407958983,210.14400634765624,1678458600000,180.65915634155274,SPY below SMA200,-70.79670965539529,1.5131115755615234,1.445273250732422,5
ALGN,Health Care,pullback20,1678996800000,1679059800000,325.4150863342285,4,301.4809875488281,376.2380065917969,1679319000000,319.86981243896486,SPY below SMA200,-24.76223517614725,1.301660345336914,1.2794792497558594,1
GE,Industrials,pullback20,1678996800000,1679059800000,73.3294436264038,25,69.18675079345704,81.82602233886719,1679319000000,72.25807578277588,SPY below SMA200,-30.42388407592762,1.833236090660095,1.806451894569397,1
WST,Health Care,pullback20,1678996800000,1679059800000,336.1858561096191,5,315.777001953125,377.67600708007814,1679319000000,329.69996878051757,SPY below SMA200,-35.758865769958476,1.6809292805480958,1.648499843902588,1
AXON,Industrials,pullback20,1678996800000,1679059800000,215.5753606109619,8,202.55499877929688,245.82998962402343,1679319000000,213.9358439025879,SPY below SMA200,-16.552223303100426,1.724602884887695,1.7114867512207033,1
PHM,Consumer Discretionary,pullback20,1678996800000,1679059800000,56.01595908355712,32,52.83099899291992,62.21799926757812,1679319000000,55.514429695129394,SPY below SMA200,-19.617912870605235,1.792510690673828,1.7764617502441407,1
SWKS,Information Technology,pullback20,1679342400000,1679405400000,116.11599999999999,14,109.09799652099609,127.19399871826172,1679578200000,115.84403908538819,SPY below SMA200,-7.05489335176058,1.6256239999999997,1.6218165471954347,2
CPRT,Industrials,pullback20,1679342400000,1679405400000,35.540506069183344,61,33.92550086975098,37.94399642944336,1679578200000,35.32464060974121,SPY below SMA200,-17.49056697338463,2.167970870220184,2.154803077194214,2
MPWR,Information Technology,pullback20,1679342400000,1679405400000,501.7312409973144,2,455.4879852294922,572.0440185546875,1679578200000,500.0094997558594,SPY below SMA200,-5.446963964416333,1.0034624819946287,1.0000189995117188,2
TKO,Communication Services,pullback20,1679342400000,1679405400000,85.4453606109619,23,81.12600173950196,92.11799926757813,1679578200000,84.39552335357666,SPY below SMA200,-28.05259725104479,1.9652432940521238,1.9410970371322633,2
IDXX,Health Care,pullback20,1679342400000,1679405400000,486.77629855346675,3,455.32201232910154,539.1360046386719,1679578200000,481.12837536621095,SPY below SMA200,-19.84748358352643,1.4603288956604001,1.4433851260986328,2
NKE,Consumer Discretionary,pullback20,1679601600000,1679664600000,120.35023336029052,17,115.11800231933594,132.6739990234375,1679923800000,120.89897664642334,SMA50 exit,5.227399294143783,2.0459539671249387,2.055282602989197,1
ARES,Financials,pullback20,1679601600000,1679664600000,79.20912725067137,24,75.07149963378906,91.0269989013672,1679923800000,80.80910939025878,SMA50 exit,34.55913367071554,1.901019054016113,1.939418625366211,1
MPWR,Information Technology,pullback20,1679601600000,1679664600000,506.0355287780761,3,471.8299896240234,587.8400207519531,1680033600000,471.3581596343994,stop,-106.96428849626766,1.5181065863342282,1.4140744789031983,3
TKO,Communication Services,pullback20,1679688000000,1679923800000,85.25516816711425,25,81.35799865722656,92.13399353027344,1680033600000,92.04185953674317,2R target,165.2348585481267,2.1313792041778563,2.3010464884185793,2
AOS,Industrials,pullback20,1679688000000,1679923800000,67.49743030548095,25,63.39699935913086,73.42599487304688,1680701400000,65.39453908538819,SMA50 exit,-55.89457973709068,1.6874357576370238,1.6348634771347048,7
MSCI,Financials,pullback20,1680033600000,1680096600000,550.0995377807617,2,512.2510162353516,604.1980407714843,1680787800000,533.6758119506836,SMA50 exit,-35.01500235961903,1.1001990755615234,1.0673516239013672,6
WBD,Communication Services,pullback20,1680638400000,1680701400000,15.004989770889281,99,13.942999458312988,17.563999938964844,1680787800000,14.685299809455872,SMA50 exit,-34.588644850361725,1.4854939873180388,1.4538446811361314,1
JBL,Information Technology,pullback20,1679601600000,1679664600000,82.54245908355712,26,78.65200119018554,92.11599578857422,1681133400000,81.76814847564697,SMA50 exit,-24.404151602203267,2.1461039361724854,2.125971860366821,10
ULTA,Consumer Discretionary,pullback20,1680033600000,1680096600000,533.5329999999999,4,510.8439880371094,573.6819580078125,1681133400000,518.2612492675781,SMA50 exit,-65.29417992675738,2.1341319999999997,2.0730449970703124,7
MPC,Energy,pullback20,1680724800000,1680787800000,133.08294694519043,9,122.09900588989258,153.9320083618164,1681997400000,124.93493756103516,SMA50 exit,-75.65424541795349,1.197746522506714,1.1244144380493164,9
CDNS,Information Technology,pullback20,1680811200000,1681133400000,207.4472454986572,10,199.6840042114258,226.19200439453124,1682452800000,199.48432020721435,stop,-83.69856857148716,2.074472454986572,1.9948432020721434,12
PODD,Health Care,pullback20,1681934400000,1681997400000,326.32599999999996,6,313.32801208496096,351.76401977539064,1682625600000,313.014684072876,stop,-83.70393966718116,1.9579559999999998,1.878088104437256,6
ALGN,Health Care,pullback20,1680811200000,1681133400000,319.8995665588379,5,299.63100280761716,370.1580383300781,1682688600000,316.7029690246582,SMA50 exit,-19.166000348815775,1.5994978327941896,1.583514845123291,14
TMUS,Communication Services,pullback20,1680724800000,1680787800000,149.54939389038086,14,144.05999298095702,159.23999938964843,1682712000000,143.91593298797605,stop,-82.97696720996429,2.0936915144653323,2.014823061831665,16
AXON,Industrials,pullback20,1679601600000,1679664600000,213.77355755615233,8,201.0570053100586,245.04599304199218,1682947800000,211.11867182922364,SMA50 exit,-24.63822365051247,1.7101884604492186,1.6889493746337891,25
MSI,Information Technology,pullback20,1682625600000,1682688600000,292.87256655883783,7,286.16900024414065,308.6119812011719,1683293400000,284.8348751220703,stop gap,-60.307792149139175,2.050107965911865,1.9938441258544919,5
DRI,Consumer Discretionary,pullback20,1683230400000,1683293400000,153.47332733154295,13,147.84199981689454,163.07599487304688,1683725400000,150.40943756103516,SMA50 exit,-43.78104296020472,1.9951532553100584,1.9553226882934571,3
WST,Health Care,pullback20,1682712000000,1682947800000,362.041672668457,5,344.4469909667969,394.82598876953125,1684416600000,347.88178097534177,SMA50 exit,-74.3490757337952,1.8102083633422852,1.739408904876709,13
PANW,Information Technology,pullback20,1683662400000,1683725400000,98.66356744384764,17,92.9994987487793,107.76099700927735,1684503000000,95.33956256103515,SMA50 exit,-59.806136217895315,1.6772806465454098,1.6207725635375976,7
HUBB,Industrials,pullback20,1682452800000,1682515800000,260.0548084411621,7,246.59400329589843,285.04200439453126,1684785600000,284.7569623901367,2R target,169.1013952470033,1.8203836590881346,1.993298736730957,19
KMB,Consumer Staples,pullback20,1684353600000,1684416600000,144.39424999999997,14,140.74800720214844,153.05400390625,1684785600000,140.6072591949463,stop,-57.00789239948072,2.0215194999999997,1.968501628729248,3
LIN,Materials,pullback20,1684440000000,1684503000000,369.9395773315429,5,357.8219970703125,388.92601318359374,1684872000000,357.4641750732422,stop,-66.01403005352758,1.8496978866577147,1.7873208753662109,3
EW,Health Care,pullback20,1684785600000,1684848600000,88.60851663970946,23,86.13400421142578,95.21200256347656,1684872000000,86.04787020721434,stop,-62.911964844866986,2.037995882713318,1.97910101476593,1
PANW,Information Technology,pullback20,1684785600000,1684848600000,95.87577877807617,19,90.99850234985351,106.16799621582031,1684935000000,98.01688286590576,SMA50 exit,36.997017097526545,1.8216397967834472,1.8623207744522094,1
LOW,Consumer Discretionary,pullback20,1684872000000,1684935000000,206.95674999999997,9,197.0739959716797,225.80198974609374,1685107800000,201.85793756103516,SMA50 exit,-49.56864413873264,1.8626107499999998,1.8167214380493164,2
KR,Consumer Staples,pullback20,1684958400000,1685021400000,49.33929091644286,41,48.07600059509277,52.5280029296875,1685131200000,48.02792459449768,stop,-57.75807503570121,2.0229109275741575,1.9691449083744046,2
ATO,Utilities,pullback20,1684872000000,1684935000000,116.2160984725952,17,111.90200119018554,125.39600219726563,1685453400000,113.58629695129395,SMA50 exit,-48.61326658432755,1.9756736740341185,1.9309670481719972,3
ORLY,Consumer Discretionary,pullback20,1682712000000,1682947800000,61.24451768493652,33,59.38619880676269,64.68960037231446,1685539800000,59.018921115875244,stop gap,-77.41338025944884,2.0210690836029053,1.947624396823883,21
AAPL,Information Technology,pullback20,1682625600000,1682688600000,168.6584954986572,12,162.96100311279298,179.3080047607422,1685563200000,179.12869675598145,2R target,121.46896878083533,2.0239019459838863,2.1495443610717775,23
DECK,Consumer Discretionary,pullback20,1685476800000,1685539800000,80.91249670410156,20,76.38733139038087,91.7853271484375,1685712600000,78.66791928863525,SMA50 exit,-48.083156629180934,1.618249934082031,1.573358385772705,2
CMG,Consumer Discretionary,pullback20,1685131200000,1685453400000,41.48784608840942,48,40.28989753723145,43.681401062011716,1686168000000,40.24960763969422,stop,-63.35884331727862,1.9914166122436523,1.9319811667053226,7
ORCL,Information Technology,pullback20,1685044800000,1685107800000,104.4543484725952,19,100.83300247192383,111.20399780273438,1686576600000,111.09279380493165,target gap,122.03506561111945,1.9846326209793088,2.110763082293701,10
ISRG,Health Care,pullback20,1685563200000,1685626200000,308.308,6,297.29600524902344,328.927978515625,1686859200000,328.59905053710935,2R target,117.92486091943348,1.849848,1.971594303222656,11
MSFT,Information Technology,pullback20,1686340800000,1686576600000,328.90856655883783,6,315.12701110839845,350.1160034179687,1686922200000,349.7658874145508,target gap,121.07187841043732,1.973451399353027,2.0985953244873046,4
AKAM,Information Technology,pullback20,1686859200000,1686922200000,92.46237274932861,22,89.2739990234375,97.66200103759766,1687377600000,89.18472502441406,stop,-76.10448609914232,2.0341722004852296,1.9620639505371094,3
DELL,Information Technology,pullback20,1686168000000,1686231000000,48.03799168014526,27,44.518999862670896,53.94199981689453,1688155200000,53.88805781707764,2R target,155.19978236074914,1.297025775363922,1.4549775610610962,16
LLY,Health Care,pullback20,1685649600000,1685712600000,440.3999514465332,4,418.31398620605466,472.8419982910156,1689168600000,438.0315312194824,SMA50 exit,-12.987406838867113,1.7615998057861328,1.7521261248779296,26
CMG,Consumer Discretionary,pullback20,1687377600000,1687440600000,41.42138106918335,49,40.27214050292969,43.924522399902344,1689168600000,41.348411224365236,SMA50 exit,-7.631242218471324,2.0296476723899843,2.0260721499938965,13
GE,Industrials,pullback20,1685131200000,1685453400000,82.30089237976074,23,78.43096389770508,89.12369842529297,1689192000000,89.03457472686767,2R target,150.93397824000704,1.8929205247344971,2.0477952187179564,30
CMG,Consumer Discretionary,pullback20,1689192000000,1689255000000,41.745702564239494,50,40.31647872924805,43.92704391479492,1689341400000,41.122235343933106,SMA50 exit,-35.31675791072803,2.0872851282119744,2.0561117671966556,1
AMZN,Consumer Discretionary,pullback20,1689278400000,1689341400000,134.19405755615233,15,128.27300567626952,146.35399780273437,1690378200000,126.38349213409424,stop gap,-121.06714457622505,2.012910863342285,1.8957523820114137,8
VRT,Industrials,pullback20,1690315200000,1690378200000,25.72570076370239,78,24.464100456237794,29.041798400878907,1690983000000,29.012756602478028,target gap,252.1207557499378,2.006604659568786,2.2629950149932863,5
MLM,Materials,pullback20,1689105600000,1689168600000,449.2387985534667,4,434.43101806640624,479.39800415039065,1691092800000,433.99658704833985,stop,-64.50178756291473,1.7969551942138668,1.7359863481933595,17
P,Information Technology,pullback20,1688155200000,1688391000000,36.80677045822143,50,34.829399490356444,40.80120010375977,1691674200000,36.553410152435305,SMA50 exit,-16.336024319839048,1.8403385229110716,1.8276705076217652,27
AVGO,Information Technology,pullback20,1689105600000,1689168600000,88.98890152740478,19,83.81130294799804,96.99239959716797,1691674200000,85.22668446350097,SMA50 exit,-74.79222034799949,1.690789129020691,1.6193070048065186,21
BKR,Energy,pullback20,1691611200000,1691674200000,36.126090152740474,58,34.548000717163085,39.23400039672852,1692388800000,34.51345271644592,stop,-97.63006479149702,2.0953132288589478,2.0017802575538632,7
CEG,Utilities,pullback20,1691092800000,1691155800000,102.02191816711425,19,97.00899963378906,109.4019989013672,1692907200000,109.29259690246583,2R target,134.12792018535802,1.9384164451751709,2.076559341146851,15
VRSK,Industrials,pullback20,1686859200000,1686922200000,226.00577877807615,9,217.4080047607422,238.89401245117188,1693252800000,238.6551184387207,2R target,109.66210887084985,2.0340520090026852,2.1478960659484865,50
CHTR,Communication Services,pullback20,1693252800000,1693315800000,432.43199999999996,4,415.2930053710937,465.4139892578125,1693944000000,414.87771236572263,stop,-73.6063893865722,1.729728,1.6595108494628905,5
ETN,Industrials,pullback20,1690920000000,1690983000000,218.2980818328857,9,211.2570053100586,234.48598937988282,1694116800000,234.25150339050293,2R target,139.50784775154446,1.9646827364959714,2.1082635305145265,26
DPZ,Consumer Discretionary,pullback20,1694116800000,1694179800000,390.7003075561523,5,376.44800720214846,415.15400390625,1695043800000,387.1224997558594,SMA50 exit,-21.778153038024712,1.9535015377807619,1.9356124987792969,6
APP,Communication Services,pullback20,1694808000000,1695043800000,42.532491680145256,42,40.06819953918457,48.32360000610352,1695153600000,40.028131339645384,stop,-108.65068046782584,1.7863646505661008,1.6811815162651063,2
MPC,Energy,pullback20,1692907200000,1692970200000,144.40425450134276,12,136.22100677490235,158.35800476074218,1695326400000,158.19964675598143,2R target,161.91346024057614,1.7328510540161133,1.8983957610717772,19
BKNG,Consumer Discretionary,pullback20,1693944000000,1694007000000,125.05813021850585,17,121.1497573852539,135.05728149414062,1695326400000,121.02860762786865,stop,-72.68535858422077,2.1259882137146,2.0574863296737673,12
LLY,Health Care,pullback20,1695153600000,1695216600000,573.9934028930663,3,553.4460327148438,617.9880004882813,1695326400000,552.8925866821289,stop,-66.68310660153782,1.721980208679199,1.658677760046387,2
CMCSA,Communication Services,pullback20,1695326400000,1695389400000,42.741856872558586,49,41.435799026489256,45.61949462890625,1695735000000,41.18651350021362,stop gap,-80.32431539316909,2.0943509867553707,2.0181391615104673,2
VST,Utilities,pullback20,1695326400000,1695389400000,33.333299236297606,64,31.994001388549805,36.36199951171875,1696276800000,31.962007387161254,stop,-91.94157796862787,2.1333311511230466,2.0455684727783203,7
TPL,Energy,pullback20,1695672000000,1695735000000,206.54189158630368,8,194.17533416748046,231.6260009765625,1696276800000,193.98115883331297,stop,-103.69004642728255,1.6523351326904294,1.551849270666504,5
HAL,Energy,pullback20,1692388800000,1692624600000,39.54950831985473,47,37.51200065612793,43.17600326538086,1696339800000,39.35060939025879,SMA50 exit,-13.05655522338458,1.8588268910331724,1.8494786413421633,30
UNH,Health Care,pullback20,1695326400000,1695389400000,499.49899999999997,4,484.6880157470703,534.0440124511719,1697227200000,533.5099684387206,2R target,131.91183788112784,1.9979959999999999,2.1340398737548827,16
APP,Communication Services,pullback20,1696276800000,1696339800000,40.36031969451904,36,37.68399925231934,47.092000579833986,1697463000000,38.651308628082276,SMA50 exit,-64.36881701133721,1.4529715090026856,1.391447110610962,9
VRT,Industrials,pullback20,1696276800000,1696339800000,37.90786893081665,39,35.37329940795898,44.48340072631836,1697808600000,37.152808628082276,SMA50 exit,-32.374718231437534,1.4784068883018493,1.4489595364952088,13
AKAM,Information Technology,pullback20,1691611200000,1691674200000,103.80369694519042,20,98.95099639892578,111.06800079345703,1698067800000,103.73615634155273,SPY below SMA200,-5.501609138488774,2.0760739389038085,2.0747231268310546,51
ANET,Information Technology,pullback20,1696276800000,1696339800000,46.83178484725951,42,44.54025077819824,51.77699661254883,1698067800000,46.13132417678833,SPY below SMA200,-33.32379873879959,1.9669349635848996,1.9375156154251099,14
COP,Energy,pullback20,1697227200000,1697463000000,125.70558183288573,13,118.56200103759765,137.45599975585938,1698067800000,122.93693756103515,SPY below SMA200,-39.224728286178454,1.6341725638275146,1.598180188293457,5
TRGP,Energy,pullback20,1697227200000,1697463000000,87.96787725067138,19,82.99200210571288,95.67599945068359,1698067800000,85.914,SPY below SMA200,-42.32742343051891,1.6713896677627562,1.632366,5
CF,Materials,pullback20,1697745600000,1697808600000,84.91483183288574,22,80.59700012207031,95.84600067138672,1698067800000,81.67824213409423,SPY below SMA200,-74.87002100068666,1.8681263003234863,1.7969213269500732,1
LLY,Health Care,pullback20,1698177600000,1698240600000,597.5369424438476,2,558.8910095214844,659.507958984375,1698327000000,579.42,SPY below SMA200,-38.587798772582936,1.1950738848876952,1.1588399999999999,1
AMGN,Health Care,pullback20,1698177600000,1698240600000,275.36508633422847,7,264.5610046386719,299.23797607421875,1698327000000,271.2285,SPY below SMA200,-32.78225944393888,1.9275556043395994,1.8985995,1
CBOE,Financials,pullback20,1698177600000,1698240600000,162.09192266845702,12,157.20000152587892,172.410009765625,1698327000000,162.06776573181153,SPY below SMA200,-4.179799500549014,1.9451030720214841,1.9448131887817386,1
STX,Information Technology,pullback20,1698177600000,1698240600000,67.51744694519043,29,64.76899681091308,74.7620018005371,1698327000000,69.4305,SPY below SMA200,51.507048128066906,1.9580059614105223,2.0134844999999997,1
AXON,Industrials,pullback20,1698177600000,1698240600000,212.79258183288573,8,201.83800354003907,236.31399841308593,1698327000000,207.6621251220703,SPY below SMA200,-44.407291342163035,1.702340654663086,1.6612970009765624,1
BR,Industrials,pullback20,1698955200000,1699018200000,179.8096348876953,11,172.3749969482422,191.67999877929688,1699281000000,177.28254670715333,SMA50 exit,-31.725983983504964,1.9779059837646482,1.9501080137786866,1
TRGP,Energy,pullback20,1698955200000,1699018200000,90.2001106109619,22,86.0990005493164,98.55199890136718,1699390800000,86.01290154876709,stop,-95.99528563579986,1.9844024334411619,1.892283834072876,3
APP,Communication Services,pullback20,1699390800000,1699453800000,41.14109847259521,30,37.961198806762695,46.74760055541992,1699563600000,37.92323760795593,stop,-98.90775602159486,1.2342329541778563,1.137697128238678,2
CRWD,Information Technology,pullback20,1698955200000,1699018200000,45.71316704177856,30,42.526950454711915,52.04610137939453,1699995600000,51.99405527801513,2R target,185.49543041750331,1.3713950112533568,1.559821658340454,8
AKAM,Information Technology,pullback20,1698955200000,1699018200000,105.99588938903807,18,101.58899841308593,112.63199310302734,1700082000000,112.51936110992432,2R target,113.48921646697117,1.9079260090026853,2.0253484999786378,9
WSM,Consumer Discretionary,pullback20,1700082000000,1700145000000,80.64556744384765,22,76.44649963378906,89.19199981689454,1700254800000,89.10280781707765,2R target,182.32482395531952,1.7742024837646484,1.9602617719757083,2
JBL,Information Technology,pullback20,1699995600000,1700058600000,132.28214389038084,13,125.1690055847168,145.3020034790039,1701268200000,117.4524296951294,stop gap,-196.03283399488035,1.719667870574951,1.5268815860366822,9
CASY,Consumer Staples,pullback20,1698955200000,1699018200000,272.452172668457,7,259.43199768066404,293.38600463867186,1701354600000,274.435281463623,SMA50 exit,10.053549387237465,1.9071652086791993,1.9210469702453612,18
ACGL,Financials,pullback20,1699563600000,1699626600000,85.1850984725952,18,80.04499893188476,93.91999664306641,1701354600000,82.45746091461181,SMA50 exit,-52.115042112670665,1.5333317725067137,1.4842342964630126,13
AXON,Industrials,pullback20,1699041600000,1699281000000,219.60938938903806,6,205.29000091552734,241.1699981689453,1702414800000,240.92882817077637,2R target,125.153403385071,1.3176563363342284,1.4455729690246584,26
UNH,Health Care,pullback20,1701378000000,1701441000000,550.9704028930663,3,536.7439636230469,585.4219848632813,1702587600000,536.2072196594238,stop,-47.551082568584995,1.6529112086791988,1.6086216589782714,10
WTW,Financials,pullback20,1702414800000,1702477800000,246.41616816711422,8,240.24100646972656,258.9880035400391,1702587600000,240.00076546325684,stop,-55.21455709990202,1.9713293453369138,1.9200061237060548,2
AIZ,Financials,pullback20,1701378000000,1701441000000,167.55738938903806,12,162.09800415039064,179.86400451660157,1702674000000,161.93590614624026,stop,-71.41171845999703,2.010688672668457,1.9432308737548831,11
PH,Industrials,pullback20,1702587600000,1702650600000,453.54308633422846,4,441.4779968261719,483.2740173339844,1703797200000,441.0365188293457,stop,-53.60458844018531,1.8141723453369138,1.7641460753173828,9
NRG,Utilities,pullback20,1701205200000,1701268200000,46.706659847259516,37,44.16299896240234,52.013998413085936,1703883600000,51.96198441467285,2R target,190.7962691566018,1.728146414348602,1.9225934233428954,22
DDOG,Information Technology,pullback20,1702587600000,1702650600000,121.7115863342285,13,114.53600158691407,132.87800140380858,1704229200000,114.42146558532716,stop,-97.84129941067171,1.5822506223449704,1.487479052609253,11
IT,Information Technology,pullback20,1703797200000,1703860200000,451.40096221923824,4,436.6709930419922,483.4679809570313,1704229200000,436.23432204895016,stop,-64.21710181822506,1.805603848876953,1.7449372881958007,2
CMG,Consumer Discretionary,pullback20,1703883600000,1704205800000,45.61456924438476,44,44.4517017364502,48.31419830322265,1704402000000,44.40725003471375,stop,-57.08300527380491,2.0070410467529296,1.9539190015274048,3
ALL,Financials,pullback20,1704229200000,1704292200000,144.22408183288573,13,138.9490005493164,153.53199157714843,1705525200000,153.37845958557128,2R target,115.13807774647218,1.8749130638275144,1.9939199746124265,10
GD,Industrials,pullback20,1702674000000,1702909800000,252.91266366577145,8,247.0050018310547,263.64000549316404,1705588200000,248.79095329284667,SMA50 exit,-36.987311919067196,2.023301309326172,1.9903276263427734,20
FISV,Financials,pullback20,1704229200000,1704292200000,133.14300450134277,15,129.84400024414063,139.5520050048828,1705957200000,139.41245299987793,2R target,89.95339561550902,1.9971450675201416,2.091186794998169,13
ROST,Consumer Discretionary,pullback20,1700254800000,1700490600000,128.94882733154296,15,123.44300994873046,139.57400207519532,1706130000000,139.43442807312013,2R target,153.25826229258766,1.9342324099731443,2.091516421096802,44
NRG,Utilities,pullback20,1705525200000,1705588200000,51.101049236297605,39,49.56800003051758,54.55399856567383,1706562000000,54.499444567108156,2R target,128.41899864327868,1.9929409202156068,2.1254783381172184,8
VST,Utilities,pullback20,1704402000000,1704465000000,38.62859015274047,52,37.02590065002441,41.14820327758789,1706648400000,41.1070550743103,2R target,124.73392236982457,2.0086866879425047,2.137566863864136,17
FITB,Financials,pullback20,1706130000000,1706193000000,35.095061374664304,47,32.99900131225586,38.10199966430664,1706821200000,32.9660023109436,stop,-103.26464598809662,1.6494678846092223,1.5494021086143495,6
DXCM,Health Care,pullback20,1705525200000,1705588200000,126.38626213836669,11,117.97299652099609,140.40399780273438,1707143400000,120.58928908538819,SMA50 exit,-66.48343464622482,1.3902488835220337,1.32648217993927,12
ECL,Materials,pullback20,1706648400000,1706711400000,201.20099999999996,10,195.88700408935546,210.44600830078124,1707166800000,195.69111708526611,stop,-59.067750318191166,2.0120099999999996,1.9569111708526612,4
EFX,Industrials,pullback20,1706562000000,1706625000000,248.7184712219238,8,239.66699676513673,270.9960083007812,1707426000000,239.4273297683716,stop,-78.23429803633996,1.9897477697753905,1.9154186381469729,8
EXPE,Consumer Discretionary,pullback20,1706821200000,1706884200000,150.86071672058102,13,144.18301239013672,166.19398803710936,1707489000000,130.47939060974122,stop gap,-268.6146608362117,1.9611893173675532,1.6962320779266358,5
MCO,Financials,pullback20,1705957200000,1706020200000,390.46007733154295,5,378.5689971923828,409.23203125,1707834600000,378.0515626831055,stop gap,-65.88513144226054,1.9523003866577147,1.8902578134155275,15
DDOG,Information Technology,pullback20,1706907600000,1707143400000,135.27513938903806,9,125.1724983215332,152.58499603271486,1707858000000,125.04732582321166,stop,-94.3932242793478,1.2174762545013424,1.125425932408905,7
BKNG,Consumer Discretionary,pullback20,1707166800000,1707229800000,145.54539389038084,14,139.55408325195313,155.89183349609374,1708635600000,155.73594166259764,2R target,138.44973011329353,2.0376355144653315,2.180303183276367,12
TRMB,Information Technology,pullback20,1707858000000,1707921000000,56.37631969451904,27,53.0119987487793,61.85599975585937,1708635600000,61.794143756103516,2R target,143.09064714961406,1.522160631752014,1.668441881414795,6
WDAY,Information Technology,pullback20,1707426000000,1707489000000,300.29999999999995,6,287.61699829101565,320.7159851074219,1709562600000,278.721,stop gap,-132.9481259999997,1.8017999999999998,1.672326,15
EFX,Industrials,pullback20,1707771600000,1707834600000,254.16391366577145,7,243.47399444580077,280.3920074462891,1710768600000,254.8548906097412,SMA50 exit,1.2737069778597199,1.7791473956604003,1.7839842342681884,23
ISRG,Health Care,pullback20,1708635600000,1708698600000,389.4690665588378,5,374.8299896240234,417.57998046875,1712151000000,383.3862190246582,SMA50 exit,-34.278514098815585,1.9473453327941892,1.916931095123291,27
ABBV,Health Care,pullback20,1709326800000,1709562600000,178.52835610961912,11,172.66000213623047,191.41000671386718,1712260800000,172.48734213409423,stop,-70.31232641145465,1.9638119172058106,1.8973607634750365,23
COR,Health Care,pullback20,1712088000000,1712151000000,243.98374549865719,8,237.53299865722656,254.20399169921876,1712692800000,237.29546565856933,stop,-57.35647240996068,1.9518699639892576,1.8983637252685546,5
ICE,Financials,pullback20,1707426000000,1707489000000,134.64450450134277,14,130.1829948425293,141.9939956665039,1712755800000,133.34651573181154,SMA50 exit,-21.92371705670138,1.8850230630187987,1.8668512202453615,41
ISRG,Health Care,pullback20,1712692800000,1712755800000,387.54716366577145,4,373.0059875488281,426.8679992675781,1713187800000,391.85775,SMA50 exit,14.124725682251157,1.5501886546630859,1.567431,3
TXT,Industrials,pullback20,1712260800000,1712323800000,95.86576663970946,20,93.10400009155273,100.29199981689453,1713211200000,93.01089609146118,stop,-60.87494421958913,1.9173153327941894,1.8602179218292236,7
KKR,Financials,pullback20,1708635600000,1708698600000,96.49640152740477,18,91.13699722290039,105.03599548339844,1713274200000,95.7241796951294,SMA50 exit,-17.35996344296241,1.7369352274932859,1.723035234512329,36
LDOS,Industrials,pullback20,1710532800000,1710768600000,127.34722122192382,15,124.18099822998047,135.397998046875,1713274200000,125.69417969512939,SMA50 exit,-28.59124391567217,1.9102083183288574,1.885412695426941,20
EBAY,Consumer Discretionary,pullback20,1712692800000,1712755800000,52.01195908355712,37,50.13699951171875,55.60599822998047,1713297600000,50.08686251220703,stop,-75.00622953899682,1.9244424860916136,1.85321391295166,5
MTB,Financials,pullback20,1713211200000,1713274200000,140.31016816711426,13,133.79800109863282,155.22400512695313,1713360600000,138.4713906097412,SMA50 exit,-27.528268509948763,1.8240321861724853,1.8001280779266358,1
P,Information Technology,pullback20,1713297600000,1713360600000,53.44338938903808,24,49.65400085449219,60.62200241088867,1713556800000,49.60434685363769,stop,-94.61016651943353,1.2826413453369139,1.1905043244873046,3
BSX,Health Care,pullback20,1713297600000,1713360600000,68.23816816711425,27,66.2810043334961,71.79799957275391,1713965400000,71.72620157318116,target gap,90.39786398081844,1.8424305405120849,1.9366074424758912,5
XOM,Energy,pullback20,1713556800000,1713792600000,119.37926213836668,15,115.97599639892579,127.68799896240235,1714593600000,115.86002040252686,stop,-56.31721527571081,1.7906889320755004,1.7379003060379028,8
TRGP,Energy,pullback20,1713902400000,1713965400000,115.57545908355712,16,111.43000106811523,125.17000427246094,1714593600000,111.31857106704712,stop,-71.74051274656972,1.849207345336914,1.781097137072754,6
SCHW,Financials,pullback20,1713211200000,1713274200000,71.57149999999999,26,68.37100296020508,76.94800415039063,1715088600000,76.87105614624024,target gap,133.92895334244423,1.8608589999999998,1.9986474598022463,15
GDDY,Information Technology,pullback20,1713297600000,1713360600000,123.95383183288573,15,118.57360000610352,132.60279998779296,1715284800000,132.47019718780518,2R target,123.8991198884815,1.8593074774932858,1.9870529578170777,17
NRG,Utilities,pullback20,1714593600000,1714656600000,74.37430305480956,16,68.75400390625,83.47200317382813,1715371200000,83.3885311706543,2R target,141.7034445059085,1.189988848876953,1.334216498730469,7
KR,Consumer Staples,pullback20,1715371200000,1715607000000,55.99593862533569,35,54.21000099182129,59.28000259399414,1715693400000,55.134808628082276,SMA50 exit,-34.02912605773913,1.959857851886749,1.9297183019828796,1
FANG,Energy,pullback20,1715025600000,1715088600000,204.64444244384762,9,194.802001953125,222.96600341796875,1715779800000,196.89290634155273,SMA50 exit,-73.37766105972263,1.8417999819946285,1.7720361570739747,6
PGR,Financials,pullback20,1713297600000,1713360600000,209.28908183288573,9,201.3090026855469,222.43201293945313,1715952600000,209.10068756103516,SMA50 exit,-5.461056371200412,1.8836017364959716,1.8819061880493164,22
EBAY,Consumer Discretionary,pullback20,1715630400000,1715693400000,52.3623113746643,36,49.820001220703126,56.33000259399414,1716298200000,51.07887106704712,SMA50 exit,-49.92773364212023,1.8850432094879148,1.8388393584136962,5
HRL,Consumer Staples,pullback20,1715284800000,1715347800000,35.42538938903808,55,34.26399917602539,37.64199981689453,1716557400000,34.84512106704712,SMA50 exit,-35.779635784587704,1.9483964163970946,1.9164816586875915,10
TSN,Consumer Staples,pullback20,1715889600000,1715952600000,61.000938625335685,32,58.55200004577637,65.68600082397461,1716926400000,58.49344804573059,stop,-84.06351892083723,1.9520300360107419,1.8717903374633789,7
GE,Industrials,pullback20,1716494400000,1716557400000,165.99583183288573,11,158.12299194335938,179.53399963378905,1718308800000,157.964868951416,stop,-91.90415940479424,1.8259541501617431,1.737613558465576,14
TRGP,Energy,pullback20,1715716800000,1715779800000,114.11399999999999,17,110.2240005493164,122.84199981689453,1718740800000,122.71915781707763,2R target,142.26151920742953,1.939938,2.0862256828903196,24
WELL,Real Estate,pullback20,1718308800000,1718371800000,103.9538484725952,18,100.86300125122071,109.88400573730469,1719345600000,100.76213824996948,stop,-61.13567176826905,1.8711692725067135,1.8137184884994506,7
DPZ,Consumer Discretionary,pullback20,1716235200000,1716298200000,517.7472104492186,3,492.5480163574219,563.1440185546875,1719927000000,504.21528121948245,SMA50 exit,-43.66167516421468,1.553241631347656,1.5126458436584473,28
GRMN,Consumer Discretionary,pullback20,1714593600000,1714656600000,164.164,11,156.93599700927734,176.38800048828125,1720013400000,160.80903121948242,SMA50 exit,-40.47935992910754,1.805804,1.7688993434143068,42
WMB,Energy,pullback20,1716926400000,1716989400000,40.6005613746643,46,39.3539981842041,43.301998138427734,1721050200000,43.25869614028931,target gap,118.41667337306247,1.867625823234558,1.9899000224533083,31
BSX,Health Care,pullback20,1719345600000,1719408600000,77.24716816711425,24,75.59700317382813,81.33600006103515,1721332800000,75.5214061706543,stop,-45.084733699145275,1.8539320360107423,1.8125137480957032,16
COST,Consumer Staples,pullback20,1719950400000,1720013400000,855.8549999999999,2,835.0509826660157,907.9779907226563,1721332800000,834.2159316833497,stop,-46.65827849666709,1.7117099999999998,1.6684318633666995,11
TER,Information Technology,pullback20,1718740800000,1718890200000,150.67052427673337,11,142.6110046386719,170.02799072265626,1721914200000,128.31156243896484,stop gap,-249.01738316932654,1.6573757670440672,1.4114271868286132,24
INVH,Real Estate,pullback20,1721332800000,1721395800000,36.156118930816646,52,34.727498626708986,38.304997253417966,1721914200000,33.45651167678833,stop gap,-143.99943400106787,1.8801181844024657,1.7397386071929932,4
STX,Information Technology,pullback20,1721851200000,1721914200000,108.91880755615233,16,104.15400009155273,120.28199615478516,1721937600000,104.04984609146118,stop,-81.31088189342029,1.7427009208984374,1.6647975374633788,1
HWM,Industrials,pullback20,1721937600000,1722000600000,82.89280755615233,18,78.30399551391602,90.41199798583985,1722346200000,90.32158598785401,target gap,130.600152686838,1.492070536010742,1.625788547781372,2
VRSK,Industrials,pullback20,1722283200000,1722346200000,285.28499999999997,6,275.05299682617186,301.2340026855469,1722432600000,274.725,stop gap,-66.72005999999966,1.7117099999999998,1.6483500000000002,1
GDDY,Information Technology,pullback20,1719864000000,1719927000000,141.32117266845702,13,136.08309936523438,152.33380126953125,1722605400000,146.76309365844727,SMA50 exit,66.9998774076235,1.8371752446899414,1.9079202175598147,22
SRE,Utilities,pullback20,1721332800000,1721395800000,78.27819694519042,24,75.20199508666992,82.90599975585937,1722628800000,82.8230937561035,2R target,105.21109248508304,1.87867672668457,1.9877542501464842,11
TRGP,Energy,pullback20,1722369600000,1722432600000,134.7245863342285,13,129.76299591064452,142.89400634765624,1722628800000,129.63323291473387,stop,-69.62424610366662,1.7514196223449703,1.6852320278915405,3
ECHO,Communication Services,pullback20,1720814400000,1721050200000,19.749729541778564,65,18.32599983215332,22.14800148010254,1722864600000,18.121859390258788,stop gap,-108.27321312936786,1.2837324202156066,1.1779208603668212,15
CHRW,Industrials,pullback20,1722542400000,1722605400000,101.65155305480955,17,96.7869987487793,113.05599975585938,1722888000000,96.69021175003051,stop,-87.71461218292596,1.7280764019317625,1.643733599750519,2
GDDY,Information Technology,pullback20,1722974400000,1723037400000,153.56341366577146,9,144.44500427246095,167.17000427246094,1725048000000,167.00283426818848,2R target,118.0696891903475,1.3820707229919431,1.5030255084136963,18
MAA,Real Estate,pullback20,1722628800000,1722864600000,149.14899999999997,11,143.61800842285157,162.8239959716797,1725393600000,162.66117197570802,2R target,145.20397984105568,1.6406389999999997,1.7892728917327883,21
T,Communication Services,pullback20,1721851200000,1721914200000,19.1691496181488,94,18.439999771118163,20.6,1725480000000,20.5794,2R target,128.82717222990675,1.8019000641059872,1.9344636000000002,29
ORLY,Consumer Discretionary,pullback20,1725393600000,1725456600000,76.08734098052977,24,73.22266311645508,80.91666564941406,1726084800000,73.14944045333863,stop,-74.09129540700036,1.8260961835327145,1.755586570880127,6
FICO,Information Technology,pullback20,1725480000000,1725543000000,1743.9421511230466,1,1661.7830200195312,1930.1839599609375,1726752600000,1928.2537760009766,target gap,180.63942895080592,1.7439421511230466,1.9282537760009766,10
CL,Consumer Staples,pullback20,1722628800000,1722864600000,103.09298786163329,17,99.45399780273438,109.5219970703125,1726839000000,102.17771878051758,SMA50 exit,-19.049176391883634,1.752580793647766,1.7370212192687988,33
ABBV,Health Care,pullback20,1725048000000,1725370200000,196.33613938903807,9,190.26100006103516,208.40799255371093,1727357400000,189.90990609741212,stop gap,-61.312314034011585,1.7670252545013427,1.709189154876709,17
MMM,Industrials,pullback20,1726084800000,1726147800000,130.43030305480954,14,125.82099761962891,139.04799194335936,1727380800000,138.908943951416,2R target,114.93022309440335,1.8260242427673337,1.9447252153198242,11
NOC,Industrials,pullback20,1726689600000,1726752600000,523.2527104492187,3,506.70801696777346,551.4739807128906,1727812800000,550.9225067321777,2R target,79.78686319733264,1.5697581313476563,1.652767520196533,9
VTR,Real Estate,pullback20,1727294400000,1727357400000,64.73466816711425,29,62.502997970581056,69.6640022277832,1728048600000,62.06787106704712,stop gap,-81.01438953973741,1.8773053768463133,1.7999682609443668,6
DHI,Consumer Discretionary,pullback20,1727812800000,1727875800000,190.76057733154295,10,184.075,210.01000366210937,1728072000000,183.89092499999998,stop,-72.44303833874508,1.9076057733154295,1.8389092499999997,3
DGX,Health Care,pullback20,1722628800000,1722864600000,150.03988938903808,11,143.14100646972656,163.95799255371094,1728307800000,150.59925,SMA50 exit,2.845936187301828,1.650438783279419,1.65659175,44
IBM,Information Technology,pullback20,1727985600000,1728048600000,223.97374999999997,8,214.51100158691406,239.13800048828125,1729886400000,214.29649058532715,stop,-80.92423724206517,1.7917899999999998,1.7143719246826172,16
AFL,Financials,pullback20,1727380800000,1727443800000,110.13001663970947,17,106.67999801635742,116.85000305175781,1730122200000,109.89,SMA50 exit,-7.820623157935992,1.872210282875061,1.86813,21
TPR,Consumer Discretionary,pullback20,1729886400000,1730122200000,50.89084015274047,32,48.08200263977051,55.305999755859375,1730404800000,48.033920637130734,stop,-94.58701684478754,1.6285068848876951,1.5370854603881836,4
FTNT,Information Technology,pullback20,1728072000000,1728307800000,78.09801663970947,24,74.89600219726563,84.23800201416016,1730903400000,80.12978908538818,SMA50 exit,44.96507135888674,1.8743523993530273,1.9231149380493164,22
PH,Industrials,pullback20,1730404800000,1730467800000,632.2015773315429,2,615.9809936523437,670.2480346679688,1730903400000,669.5777866333008,target gap,72.14885987558603,1.2644031546630858,1.3391555732666016,3
CF,Materials,pullback20,1730840400000,1730903400000,86.23615152740477,21,82.90899810791015,93.86199645996093,1730926800000,82.82608910980224,stop,-75.16161782303453,1.8109591820755002,1.7393478713058472,1
VRT,Industrials,pullback20,1729886400000,1730122200000,113.2030863342285,9,103.6620979309082,129.18579864501953,1731335400000,129.05661284637452,target gap,140.5014013166887,1.0188277770080565,1.1615095156173707,10
PYPL,Financials,pullback20,1726776000000,1726839000000,77.38730755615234,22,73.37170104980468,85.96659698486329,1731358800000,85.88063038787843,2R target,183.2612076632053,1.7025207662353514,1.8893738685333255,37
COHR,Information Technology,pullback20,1731099600000,1731335400000,110.16005305480955,10,101.4079978942871,127.243994140625,1731618000000,101.30658989639282,stop,-90.64929801367933,1.1016005305480956,1.0130658989639283,4
NI,Utilities,pullback20,1730840400000,1730903400000,35.345311374664306,53,34.10299987792969,37.48399887084961,1732222800000,37.44651487197876,2R target,107.5058185665942,1.8733015028572082,1.9846652882148745,12
ORCL,Information Technology,pullback20,1730926800000,1730989800000,181.26108183288574,10,174.53899993896485,194.6420166015625,1732222800000,194.44737458496093,2R target,128.1058429565734,1.8126108183288576,1.9444737458496093,11
TRV,Financials,pullback20,1731358800000,1731421800000,257.50725,7,246.52498474121094,282.0299865722656,1733864400000,246.27845975646974,stop,-82.12803167300707,1.80255075,1.7239492182952882,20
FAST,Industrials,pullback20,1732222800000,1732285800000,41.49645683288574,47,39.71750030517578,44.10500030517578,1733864400000,39.67778280487061,stop,-89.29286857968572,1.95033347114563,1.8648557918289186,12
SBUX,Consumer Discretionary,pullback20,1728072000000,1728307800000,96.28619244384764,19,92.59700317382813,104.5459991455078,1734100200000,97.24265634155273,SMA50 exit,14.495765929474139,1.8294376564331052,1.847610470489502,48
SCHW,Financials,pullback20,1733864400000,1733927400000,82.5825,23,79.38199996948242,88.19599914550781,1734123600000,79.30261796951294,stop,-79.16064441450116,1.8993974999999998,1.8239602132987975,3
WAB,Industrials,pullback20,1732222800000,1732285800000,198.74855305480955,9,191.24000091552733,211.60999450683593,1734555600000,191.04876091461182,stop,-72.80630508750436,1.788736977493286,1.7194388482315064,18
EMR,Industrials,pullback20,1734037200000,1734100200000,131.4913606109619,14,126.77500457763672,139.93000183105468,1734555600000,126.64822957305908,stop,-71.41778879321559,1.8408790485534665,1.7730752140228272,4
RCL,Consumer Discretionary,pullback20,1734123600000,1734359400000,247.74749999999997,6,233.16999359130858,269.1700073242188,1734555600000,232.93682359771728,stop,-91.74816435528247,1.4864849999999998,1.3976209415863037,3
ARES,Financials,pullback20,1731618000000,1731681000000,168.5083363342285,11,160.41360473632812,186.23280334472656,1734618600000,172.4274060974121,SMA50 exit,39.359474228271715,1.8535916996765134,1.8967014670715332,23
CME,Financials,pullback20,1734555600000,1734618600000,237.06683183288573,7,228.31200408935547,254.61599731445312,1736197200000,228.0836920852661,stop,-66.13803190076437,1.6594678228302,1.5965858445968628,11
DIS,Communication Services,pullback20,1733864400000,1733927400000,114.75463938903808,16,109.27200469970703,125.64600067138672,1736370000000,109.16273269500732,stop,-93.0531850578368,1.8360742302246091,1.7466037231201172,19
GDDY,Information Technology,pullback20,1734642000000,1734705000000,200.97077427673338,9,193.76100006103516,221.29800720214843,1736370000000,193.56723906097412,stop,-70.18265906187274,1.8087369684906005,1.742105151548767,12
V,Financials,pullback20,1734642000000,1734705000000,313.88357733154294,5,305.8959991455078,332.8480163574219,1736778600000,304.695,stop gap,-49.03577954437244,1.5694178866577146,1.523475,13
IP,Materials,pullback20,1736370000000,1736519400000,54.80474999999999,33,52.702999877929685,58.63400115966797,1736778600000,53.15678908538818,SMA50 exit,-57.945440972007475,1.8085567499999997,1.75417403981781,1
ETR,Utilities,pullback20,1736370000000,1736519400000,76.52644694519041,23,73.74099731445312,82.31800079345703,1737147600000,82.23568279266357,2R target,127.66089550791186,1.7601082797393794,1.891420704231262,6
UAL,Industrials,pullback20,1736197200000,1736260200000,99.09899999999999,11,91.2469970703125,113.21600494384765,1737556200000,113.1027889389038,target gap,151.70745864961395,1.0900889999999999,1.2441306783279418,9
AXON,Industrials,pullback20,1737493200000,1737556200000,608.5879604492187,2,566.2560180664062,684.2280151367188,1737642600000,608.9804368286133,SMA50 exit,-1.6501840357665323,1.2171759208984374,1.2179608736572265,1
CIEN,Information Technology,pullback20,1737579600000,1737642600000,93.82373336029052,20,89.43599853515624,105.67799835205078,1737988200000,84.51539847564698,stop gap,-189.73348032958958,1.8764746672058104,1.6903079695129395,2
DECK,Consumer Discretionary,pullback20,1734642000000,1734705000000,204.09388938903805,8,193.54099884033204,228.75799865722655,1738357200000,193.34745784149172,stop,-89.15098315821493,1.6327511151123044,1.5467796627319337,27
FOX,Communication Services,pullback20,1737752400000,1737988200000,46.656610610961906,39,45.026197814941405,49.59760208129883,1738679400000,49.54800447921753,target gap,109.01238087345243,1.8196078138275142,1.9323721746894837,6
CF,Materials,pullback20,1738357200000,1738593000000,91.3312378616333,18,86.7990005493164,103.03199615478516,1738875600000,86.71220154876708,stop,-86.34743554097906,1.6439622815093995,1.5608196278778075,4
DAL,Industrials,pullback20,1736542800000,1736778600000,66.37630755615234,24,62.848995971679685,75.1519989013672,1739480400000,62.78614697570801,stop,-89.26375283942865,1.5930313813476562,1.5068675274169923,23
WSM,Consumer Discretionary,pullback20,1736542800000,1736778600000,195.24505305480955,8,184.94800262451173,221.01399841308594,1740407400000,196.35345304870606,SMA50 exit,5.734411902343972,1.5619604244384764,1.5708276243896484,28
C,Financials,pullback20,1738875600000,1738938600000,82.51243030548095,20,78.39400253295898,90.20200042724609,1740430800000,78.31560853042602,stop,-87.15299627781671,1.650248606109619,1.5663121706085203,11
PODD,Health Care,pullback20,1737147600000,1737469800000,279.2990090026855,4,261.06199035644534,305.30601196289064,1740517200000,260.8009283660889,stop,-76.1527222958616,1.117196036010742,1.0432037134643557,25
EQT,Energy,pullback20,1738616400000,1738679400000,51.47141816711425,33,48.89400024414063,58.752000427246095,1740517200000,48.84510624389649,stop,-89.97873877174955,1.6985567995147703,1.6118885060485841,15
SOLV,Health Care,pullback20,1740517200000,1740580200000,83.58349999999999,20,79.61519775390624,91.44959716796875,1740776400000,79.53558255615233,stop,-84.22073052807609,1.6716699999999995,1.5907116511230468,3
MMM,Industrials,pullback20,1740776400000,1741012200000,155.6555,11,148.922998046875,167.5139892578125,1741122000000,148.7740750488281,stop,-79.04439978842778,1.7122104999999999,1.6365148255371091,2
V,Financials,pullback20,1740430800000,1740493800000,351.7213651123046,4,339.75099182128906,370.0779724121094,1741381200000,339.4112408294678,stop,-52.0050275551145,1.4068854604492185,1.357644963317871,9
DRI,Consumer Discretionary,pullback20,1740517200000,1740580200000,198.4282257232666,8,189.25400390625,214.56199951171874,1741381200000,189.06474990234375,stop,-78.00775037238763,1.5874258057861328,1.51251799921875,8
CNP,Utilities,pullback20,1739480400000,1739543400000,33.63359847259521,53,32.227000045776364,35.83600082397461,1741699800000,34.85510939025879,SPY below SMA200,61.11017711943844,1.7825807190475462,1.847320797683716,16
AEE,Utilities,pullback20,1740171600000,1740407400000,98.89880305480956,17,95.02799835205079,105.56400604248047,1741699800000,98.28161725616455,SPY below SMA200,-13.84422572225174,1.6812796519317625,1.6707874933547973,11
TTWO,Communication Services,pullback20,1741122000000,1741185000000,208.3081061096191,6,195.52000732421874,234.60999450683593,1741699800000,201.8379532928467,SPY below SMA200,-41.28179325704927,1.2498486366577146,1.2110277197570802,4
ABT,Health Care,pullback20,1741381200000,1741613400000,136.56642266845702,12,132.1350067138672,147.14998474121094,1741699800000,136.92293756103516,SPY below SMA200,0.9963063881836893,1.6387970720214844,1.643075250732422,1
T,Communication Services,pullback20,1741381200000,1741613400000,27.137110610961912,61,25.983001136779784,29.394000244140624,1741699800000,26.443529314041136,SPY below SMA200,-45.57687814759252,1.6553637472686766,1.6130552881565092,1
GE,Industrials,pullback20,1742846400000,1742909400000,210.98077427673337,6,198.70799560546874,233.27399597167968,1743082200000,206.15364060974122,SPY below SMA200,-31.46560849127177,1.2658846456604,1.2369218436584475,2
BRO,Financials,pullback20,1742846400000,1742909400000,121.10098336029051,13,116.58700180053711,129.76600646972656,1743082200000,122.13774213409424,SPY below SMA200,10.315760628021435,1.5743127836837767,1.587790647743225,2
AJG,Financials,pullback20,1742846400000,1742909400000,338.518172668457,4,323.6800170898438,365.65000610351564,1743082200000,338.1615,SPY below SMA200,-4.133409364501862,1.354072690673828,1.352646,2
RSG,Industrials,pullback20,1742846400000,1742909400000,237.05682733154293,6,227.88300628662108,252.20400390625,1743082200000,238.91084390258789,SPY below SMA200,8.268293398864925,1.4223409639892575,1.4334650634155273,2
VTR,Real Estate,pullback20,1742846400000,1742909400000,67.97791366577148,24,65.23299789428711,74.16400146484375,1743082200000,68.00192969512939,SPY below SMA200,-2.6871315360717936,1.6314699279785154,1.6320463126831055,2
GILD,Health Care,pullback20,1747080000000,1747143000000,102.66255755615234,12,96.32700042724609,118.80599822998047,1747229400000,100.82907030487061,SMA50 exit,-24.443746549712966,1.231950690673828,1.2099488436584476,1
AIG,Financials,pullback20,1747080000000,1747143000000,83.73365152740477,19,79.79700164794922,90.81600036621094,1747315800000,82.05785939025878,SMA50 exit,-34.99008931320942,1.5909393790206907,1.559099328414917,2
TJX,Consumer Discretionary,pullback20,1747080000000,1747143000000,131.81167266845702,12,126.56700439453125,141.33600769042968,1748030400000,126.44043739013672,stop,-67.55384866054672,1.5817400720214843,1.5172852486816408,9
PGR,Financials,pullback20,1747166400000,1747229400000,284.0137409973144,5,269.7419967651367,308.28599548339844,1749499200000,269.47225476837156,stop,-75.47486112354272,1.4200687049865721,1.3473612738418579,18
DRI,Consumer Discretionary,pullback20,1747080000000,1747143000000,204.20399999999998,8,194.79901275634765,221.95199279785157,1750104000000,221.73004080505373,2R target,136.8008541139896,1.633632,1.7738403264404299,24
EW,Health Care,pullback20,1747080000000,1747143000000,74.95487725067137,20,71.14600219726563,82.10800476074219,1750253400000,72.70721878051758,SMA50 exit,-47.90641132369967,1.4990975450134274,1.4541443756103516,25
NEM,Materials,pullback20,1749499200000,1749562200000,53.46340984725951,24,50.26200065612793,59.31599502563476,1750708800000,59.25667903060913,2R target,136.3331782673219,1.2831218363342283,1.4221602967346192,9
WRB,Financials,pullback20,1748030400000,1748352600000,73.36329091644286,22,70.63600234985351,77.96800079345704,1750944600000,71.96796091461182,SMA50 exit,-33.89454758056611,1.6139924001617432,1.58329514012146,21
FAST,Industrials,pullback20,1747252800000,1747315800000,40.30526438903808,40,38.43300094604492,43.89900131225586,1752177600000,43.85510231094361,2R target,138.62710220822186,1.6122105755615233,1.7542040924377442,38
IDXX,Health Care,pullback20,1752177600000,1752240600000,539.4589028930664,3,521.9570251464844,579.3560302734375,1752672600000,516.483,stop gap,-72.0955343878784,1.6183767086791991,1.5494489999999999,3
MOS,Materials,pullback20,1750190400000,1750253400000,36.38634847259521,38,34.3370002746582,39.805998992919925,1752845400000,35.634328170776364,SMA50 exit,-31.313557181564246,1.3826812419586179,1.354104470489502,20
NFLX,Communication Services,pullback20,1750708800000,1750771800000,126.18105530548094,13,120.5361946105957,134.989599609375,1752868800000,120.4156584159851,stop,-78.15591684182489,1.6403537189712523,1.5654035594078064,18
JCI,Industrials,pullback20,1750104000000,1750167000000,104.54444244384764,15,100.79999771118165,111.86999816894532,1753473600000,111.75812817077637,2R target,104.9607473447116,1.5681666366577147,1.6763719225616456,27
LITE,Information Technology,pullback20,1752609600000,1752672600000,98.1980984725952,11,91.2167984008789,111.9864013671875,1753819200000,111.8744149658203,2R target,148.12868377765355,1.0801790831985472,1.2306185646240233,10
DIS,Communication Services,pullback20,1752782400000,1752845400000,122.09197122192381,13,118.7089973449707,129.21200256347657,1753992000000,118.59028834762573,stop,-48.65074674027923,1.5871956258850095,1.5416737485191345,10
BKNG,Consumer Discretionary,pullback20,1750881600000,1750944600000,221.04722715759274,7,211.7699996948242,234.7020050048828,1754055000000,218.95962368774414,SMA50 exit,-17.693272244857575,1.5473305901031493,1.532717365814209,25
JBL,Information Technology,pullback20,1753819200000,1753882200000,230.22999999999996,6,218.69900360107422,253.74200744628905,1754055000000,218.43134390258788,stop gap,-73.48390464788798,1.3813799999999996,1.3105880634155274,2
WMB,Energy,pullback20,1753992000000,1754055000000,59.73968030548095,27,57.48800086975098,64.8740005493164,1754424000000,57.43051286888122,stop,-65.51111600390047,1.6129713682479858,1.550623847459793,3
FERG,Industrials,pullback20,1752868800000,1753104600000,223.14291816711423,7,215.50298919677735,237.36400146484374,1755892800000,237.1266374633789,2R target,94.66414818443921,1.5620004271697996,1.6598864622436522,25
DTE,Utilities,pullback20,1753992000000,1754055000000,139.13899999999998,11,133.7800079345703,147.6699951171875,1756906200000,135.02484365844725,SMA50 exit,-48.27152203732294,1.5305289999999998,1.4852732802429198,22
ALL,Financials,pullback20,1753992000000,1754055000000,202.20199999999997,8,195.19400329589843,219.36199340820312,1757424600000,200.35943756103515,SMA50 exit,-17.960991012206833,1.6176159999999997,1.6028755004882813,26
HAS,Consumer Discretionary,pullback20,1754424000000,1754487000000,77.39731969451904,19,73.3760009765625,84.15800170898437,1757597400000,77.63228908538818,SMA50 exit,1.5188558596954085,1.4705490741958618,1.4750134926223755,25
IDXX,Health Care,pullback20,1757361600000,1757424600000,653.4828471069335,2,628.6430053710938,701.2040405273438,1757707200000,628.0143623657226,stop,-53.49996390136708,1.306965694213867,1.2560287247314452,4
ORCL,Information Technology,pullback20,1757534400000,1757597400000,330.67033633422847,2,302.7769805908203,379.4359985351563,1757707200000,302.4742036102295,stop,-57.658554527886864,0.661340672668457,0.604948407220459,2
FIX,Industrials,pullback20,1753473600000,1753709400000,697.6969999999999,1,642.3799865722656,781.4599975585937,1757966400000,780.6785375610351,2R target,81.50316202347419,0.6976969999999999,0.7806785375610351,35
CAT,Industrials,pullback20,1757707200000,1757943000000,434.26381655883785,3,414.2679901123047,466.02398681640625,1758225600000,465.5579628295898,2R target,91.18297347409066,1.3027914496765136,1.3966738884887695,4
INCY,Health Care,pullback20,1756843200000,1756906200000,86.00591816711425,19,82.19900436401367,93.54200134277343,1758830400000,82.11680535964966,stop,-77.08747508883563,1.6341124451751707,1.5602193018333435,17
IVZ,Financials,pullback20,1755892800000,1756128600000,21.581559465408322,75,20.52599925994873,23.59799919128418,1759435200000,23.574401192092896,2R target,146.07643245203047,1.6186169599056242,1.7680800894069673,28
CHRW,Industrials,pullback20,1758830400000,1758893400000,134.1540242767334,12,128.425,144.66998901367188,1760126400000,128.29657500000002,stop,-73.43879851212132,1.609848291320801,1.5395589000000003,11
BNY,Financials,pullback20,1757707200000,1757943000000,107.11701213836669,15,102.79600296020507,113.84800415039062,1760362200000,105.44445304870605,SMA50 exit,-28.276808322715656,1.6067551820755004,1.5816667957305908,20
WYNN,Consumer Discretionary,pullback20,1757966400000,1758029400000,122.2120863342285,12,116.19099731445313,136.16800079345703,1760362200000,119.04084365844727,SMA50 exit,-40.94994726928687,1.4665450360107422,1.4284901239013672,19
ANET,Information Technology,pullback20,1758225600000,1758288600000,149.04889389038084,6,136.07080078125,167.83840942382812,1760535000000,140.27957817077638,SMA50 exit,-54.35186514999373,0.894293363342285,0.8416774690246582,18
DGX,Health Care,pullback20,1760126400000,1760362200000,182.89271672058103,9,177.51200256347656,197.18601684570314,1761076800000,196.98883082885743,2R target,123.44609304654261,1.6460344504852293,1.7728994774597169,7
CASY,Consumer Staples,pullback20,1760126400000,1760362200000,558.167595336914,3,533.8799987792969,602.249951171875,1761249600000,533.3461187805176,stop,-77.73897081154156,1.674502786010742,1.6000383563415528,9
D,Utilities,pullback20,1760126400000,1760362200000,60.82075831985473,27,58.96300201416015,64.98399963378907,1761744600000,59.460480457305906,SMA50 exit,-39.975095735801666,1.6421604746360778,1.6054329723472596,12
TER,Information Technology,pullback20,1761076800000,1761139800000,141.67152877807615,8,132.3439971923828,165.30201110839843,1761744600000,165.13670909729004,target gap,185.26697665070816,1.1333722302246092,1.3210936727783202,5
P,Information Technology,pullback20,1759435200000,1759498200000,88.66858183288574,14,83.15760040283203,98.43479919433594,1761940800000,98.3363643951416,2R target,132.73088662438974,1.2413601456604004,1.3767091015319826,21
TJX,Consumer Discretionary,pullback20,1761681600000,1761744600000,143.71357733154295,11,139.60599517822266,152.8780059814453,1762180200000,140.23962487792969,SMA50 exit,-41.33696221405011,1.5808493506469725,1.5426358736572265,3
EXPE,Consumer Discretionary,pullback20,1761681600000,1761744600000,229.26903327941892,3,208.55500335693358,258.7900024414063,1762266600000,213.47631243896484,SMA50 exit,-48.7063985585174,0.6878070998382568,0.6404289373168944,4
ECHO,Communication Services,pullback20,1760472000000,1760535000000,76.45637725067138,11,69.52700119018554,86.09600677490235,1762439400000,72.32760152435303,SMA50 exit,-47.05315675602714,0.8410201497573851,0.7956036167678833,16
CRH,Materials,pullback20,1761940800000,1762180200000,119.35923786163329,14,114.03199768066406,129.23600006103516,1762439400000,113.09678908538818,stop gap,-90.92866724468982,1.671029330062866,1.5833550471954345,3
VTRS,Health Care,pullback20,1762203600000,1762266600000,10.450439579963684,158,10.087999820709229,11.413999557495117,1762462800000,10.07791182088852,stop,-62.10286545521048,1.651169453634262,1.592310067700386,3
APTV,Consumer Discretionary,pullback20,1762376400000,1762439400000,83.19311061096191,18,79.0530014038086,92.7239990234375,1762525800000,81.88803121948243,SMA50 exit,-26.462889599578656,1.4974759909973143,1.4739845619506837,1
P,Information Technology,pullback20,1762376400000,1762439400000,97.6975984725952,10,90.0222038269043,110.98559875488282,1762549200000,89.9321816230774,stop,-79.53046629613478,0.976975984725952,0.899321816230774,2
BIIB,Health Care,pullback20,1762462800000,1762525800000,156.8566969451904,8,147.42400665283202,175.37200317382812,1763758800000,175.19663117065429,2R target,144.06304717878427,1.2548535755615233,1.4015730493652343,11
A,Health Care,pullback20,1761940800000,1762180200000,145.21507733154294,11,139.7469970703125,159.58600769042968,1764104400000,159.42642168273926,2R target,152.97373137400237,1.5973658506469723,1.753690638510132,17
SRE,Utilities,pullback20,1762462800000,1762525800000,93.16306969451904,17,89.3089973449707,99.72200164794921,1764772200000,90.98892182922363,SMA50 exit,-40.0910975659256,1.5837721848068236,1.5468116710968018,17
WBD,Communication Services,pullback20,1764104400000,1764167400000,23.193170076370237,43,21.297999382019043,26.283998489379883,1765204200000,26.257714490890503,target gap,129.64902178797925,0.9973063132839202,1.1290817231082917,7
VLO,Energy,pullback20,1761249600000,1761312600000,174.3942212219238,7,162.95000457763672,193.49000549316406,1765809000000,168.13170304870604,SMA50 exit,-46.235308682418705,1.2207595485534666,1.1769219213409423,35
AAPL,Information Technology,pullback20,1763758800000,1763994600000,271.17089389038085,6,260.0769897460938,294.3159912109375,1767364200000,271.9877497558594,SMA50 exit,1.6421833309938243,1.627025363342285,1.6319264985351565,26
ILMN,Health Care,pullback20,1764968400000,1765204200000,129.3992742767334,10,121.26500701904297,144.35000610351562,1767733200000,144.20565609741212,2R target,145.32776890304578,1.2939927427673341,1.4420565609741212,20
CAH,Health Care,pullback20,1767733200000,1767796200000,208.2980863342285,8,202.74199981689452,219.95598754882812,1767906000000,202.5392578170776,stop,-49.35732689041745,1.666384690673828,1.620314062536621,2
CAT,Industrials,pullback20,1764709200000,1764772200000,581.9814244384766,2,548.4759765625,650.457958984375,1768510800000,649.8075010253906,2R target,133.18857532290033,1.1639628488769531,1.2996150020507813,30
MNST,Consumer Staples,pullback20,1765573200000,1765809000000,37.162124999999996,46,35.73599967956543,39.483002471923825,1768510800000,39.4435194694519,2R target,101.42028594919279,1.7094577499999999,1.8144018955947876,22
EXPE,Consumer Discretionary,pullback20,1768510800000,1768573800000,294.3240287780761,6,280.24400329589844,322.35198974609375,1768919400000,276.4632502441406,stop gap,-110.58939487774632,1.7659441726684568,1.6587795014648437,1
JNJ,Health Care,pullback20,1767214800000,1767364200000,207.02682733154293,8,200.20799865722657,220.43399353027343,1769115600000,220.21355953674316,2R target,102.07593454665555,1.6562146186523434,1.7617084762939452,14
PLD,Real Estate,pullback20,1762549200000,1762785000000,125.55543030548094,13,120.24199600219727,136.31600341796874,1769178600000,126.8030703048706,SMA50 exit,12.938659484131037,1.6322205939712522,1.648439913963318,50
GS,Financials,pullback20,1768510800000,1768573800000,973.9729999999998,1,933.5259826660156,1060.5279907226563,1769202000000,932.5924566833496,stop,-43.287108773333586,0.9739729999999999,0.9325924566833497,5
JKHY,Financials,pullback20,1767906000000,1767969000000,187.93774999999997,9,180.59099578857422,202.06800842285156,1769461200000,180.41040479278564,stop,-71.06124025806399,1.6914397499999998,1.6236936431350708,11
HSIC,Health Care,pullback20,1768597200000,1768919400000,79.76969244384765,22,76.56800384521485,86.80400238037109,1769547600000,76.49143584136964,stop,-75.55939007679099,1.7549332337646484,1.682811588510132,6
LLY,Health Care,pullback20,1769115600000,1769178600000,1084.8137104492187,1,1026.5060424804688,1209.1279296875,1769610600000,1028.0808753662109,SMA50 exit,-58.84572966882322,1.0848137104492186,1.028080875366211,3
REGN,Health Care,pullback20,1769547600000,1769610600000,765.9151744384765,2,731.4510070800782,850.8479858398438,1769697000000,754.9742504882812,SMA50 exit,-24.923626750244054,1.531830348876953,1.5099485009765625,1
CTSH,Information Technology,pullback20,1769461200000,1769524200000,85.48540152740478,20,81.90800170898437,93.01399841308594,1769720400000,81.82609370727539,stop,-76.5323863072813,1.7097080305480954,1.6365218741455079,3
FDX,Industrials,pullback20,1769115600000,1769178600000,249.0400815734863,7,239.5721176147461,269.79210510253904,1770066000000,269.5223129974365,2R target,139.74568320565473,1.7432805710144041,1.8866561909820554,7
JBHT,Industrials,pullback20,1769634000000,1769697000000,206.0858848876953,7,195.6979965209961,223.78399963378905,1770238800000,223.56021563415527,2R target,119.31279252156683,1.442601194213867,1.5649215094390871,5
EXPD,Industrials,pullback20,1770066000000,1770129000000,164.05388938903806,10,157.44900207519532,175.75200500488282,1770930000000,157.29155307312013,stop,-70.83681758380092,1.6405388938903807,1.5729155307312013,8
KEY,Financials,pullback20,1769720400000,1769783400000,21.51148977088928,78,20.642999267578126,23.603998947143555,1771943400000,20.99898045730591,SMA50 exit,-43.291543137302256,1.677896202129364,1.6379204756698609,16
CAH,Health Care,pullback20,1769547600000,1769610600000,212.83261511230467,8,205.60699768066405,230.9059844970703,1772461800000,230.67507851257324,target gap,139.19164565314955,1.7026609208984373,1.845400628100586,22
ROST,Consumer Discretionary,pullback20,1770930000000,1770993000000,194.72452877807615,8,187.68900604248046,209.17200622558593,1772634600000,208.96283421936033,target gap,110.67694462629397,1.5577962302246091,1.6717026737548828,12
SLB,Energy,pullback20,1771880400000,1771943400000,51.521471221923825,23,47.99100189208984,57.7380012512207,1772658000000,47.94301089019775,stop,-84.59227071827858,1.184993838104248,1.102689250474548,7
ULTA,Consumer Discretionary,pullback20,1770238800000,1770301800000,679.3186546630859,2,646.6080078125,742.7040283203125,1772744400000,645.9613998046875,stop,-69.36506982573233,1.3586373093261719,1.291922799609375,20
FDX,Industrials,pullback20,1772658000000,1772721000000,308.65646212768553,5,294.5850036621094,339.3311828613281,1772807400000,293.79938186645506,stop gap,-77.29768052612303,1.5432823106384277,1.4689969093322752,1
HON,Industrials,pullback20,1772226000000,1772461800000,254.79045510864256,6,246.2611511230469,273.88568725585935,1772830800000,246.01488997192385,stop,-55.65822289079567,1.5287427306518553,1.4760893398315431,5
DG,Consumer Staples,pullback20,1769202000000,1769437800000,148.89874999999998,8,138.93800201416016,162.8839904785156,1773063000000,144.60525,SMA50 exit,-36.696031999999725,1.1911899999999997,1.1568420000000001,29
LMT,Industrials,pullback20,1772830800000,1773063000000,676.2555971069335,2,635.8680297851563,743.5739990234375,1773777600000,635.2321617553712,stop,-84.66984622084917,1.352511194213867,1.2704643235107425,7
WMT,Consumer Staples,pullback20,1772571600000,1772634600000,127.2371106109619,12,120.60100326538085,142.52800445556642,1773927000000,122.27760152435303,SMA50 exit,-62.508285584930285,1.526845327331543,1.4673312182922364,11
RTX,Industrials,pullback20,1772830800000,1773063000000,211.97175450134276,6,198.74199829101562,231.79598693847657,1773950400000,198.5432562927246,stop,-83.03407931647332,1.2718305270080565,1.1912595377563475,9
CVX,Energy,pullback20,1772744400000,1772807400000,191.07088488769529,8,182.72698974609375,204.24600219726562,1774013400000,201.1985939025879,SPY below SMA200,77.88351628881867,1.5285670791015624,1.6095887512207032,10
DVN,Energy,pullback20,1772744400000,1772807400000,44.97493030548095,25,41.73299980163574,50.09400177001953,1774013400000,48.671281219482424,SPY below SMA200,90.06761756191268,1.124373257637024,1.2167820304870607,10
BG,Consumer Staples,pullback20,1773777600000,1773840600000,125.81569244384764,10,117.94900054931641,141.98199615478515,1774013400000,122.79707817077637,SPY below SMA200,-32.67227043685889,1.2581569244384765,1.2279707817077639,2
JNJ,Health Care,pullback20,1775678400000,1775741400000,241.54130305480953,6,233.04800415039062,257.8040008544922,1776087000000,237.47229670715333,SMA50 exit,-27.28811968450897,1.4492478183288573,1.42483378024292,2
EIX,Utilities,pullback20,1775678400000,1775741400000,74.26419244384765,22,71.20099716186523,80.64800109863282,1776283200000,71.12979616470336,stop,-72.15538589056236,1.6338122337646483,1.564855515623474,5
DE,Industrials,pullback20,1775678400000,1775741400000,608.2976924438476,2,577.20400390625,673.5520141601562,1776283200000,576.6267999023438,stop,-65.71163406769999,1.2165953848876951,1.1532535998046876,5
BG,Consumer Staples,pullback20,1775678400000,1775741400000,127.35723336029051,8,118.06600418090821,145.3179962158203,1776346200000,120.0598203048706,SMA50 exit,-60.35864087268056,1.018857866882324,0.9604785624389648,5
PNW,Utilities,pullback20,1776283200000,1776346200000,102.67256969451903,16,99.23500289916993,109.9300033569336,1778074200000,101.36853121948242,SMA50 exit,-24.129273215209714,1.6427611151123045,1.6218964995117187,14
NI,Utilities,pullback20,1776283200000,1776346200000,47.33729091644287,34,45.58899917602539,50.93199844360352,1778247000000,47.19276167678833,SMA50 exit,-8.128015936424164,1.6094678911590574,1.6045538970108033,16
KEYS,Information Technology,pullback20,1775678400000,1775741400000,318.318,3,293.4712829589844,368.0473937988281,1778529600000,367.6793464050293,2R target,146.02604717587295,0.954954,1.103038039215088,23
ROST,Consumer Discretionary,pullback20,1778011200000,1778074200000,228.3180863342285,7,219.28499755859374,243.68999938964845,1778529600000,219.06571256103516,stop,-67.89830300462023,1.5982266043395994,1.5334599879272461,4
TGT,Consumer Staples,pullback20,1776283200000,1776346200000,123.56344244384765,11,116.59700393676758,135.41600036621094,1778592600000,120.879,SMA50 exit,-32.21773374920641,1.3591978668823241,1.3296690000000002,18
SBAC,Real Estate,pullback20,1778184000000,1778247000000,217.47725450134274,7,207.3429916381836,241.17400207519532,1778702400000,207.13564864654543,stop,-75.36353130561638,1.5223407815093992,1.449949540525818,4
KIM,Real Estate,pullback20,1775851200000,1776087000000,23.113090152740476,72,22.31200008392334,24.886000061035155,1778765400000,23.136839847564698,SMA50 exit,-1.6200169326780076,1.6641424909973144,1.6658524690246581,23
AMZN,Consumer Discretionary,pullback20,1778702400000,1778765400000,269.41914389038084,5,256.1880081176758,298.0139984130859,1779220800000,255.93182010955812,stop,-70.06337372411329,1.3470957194519042,1.2796591005477906,4
ALL,Financials,pullback20,1779220800000,1779283800000,224.9647454986572,7,214.27200164794922,245.1960021972656,1779393600000,214.05772964630128,stop,-79.42226829250619,1.5747532184906003,1.498404107524109,2
VLO,Energy,pullback20,1778529600000,1778592600000,250.3501061096191,3,230.23500213623046,283.9200103759766,1779456600000,241.55820304870605,SMA50 exit,-27.851434110214147,0.7510503183288574,0.7246746091461183,8
FANG,Energy,pullback20,1778529600000,1778592600000,198.25805755615232,5,182.76699676513672,222.91598815917968,1779888600000,191.76804670715333,SMA50 exit,-34.40018476631149,0.9912902877807617,0.9588402335357666,10
LIN,Materials,pullback20,1778529600000,1778592600000,504.6941924438476,3,484.6419982910156,543.9159851074219,1780320600000,495.6538439025879,SMA50 exit,-30.1220897328185,1.5140825773315427,1.4869615317077638,13
AMZN,Consumer Discretionary,pullback20,1779393600000,1779456600000,268.92866366577147,5,254.03799896240236,297.30397644042966,1780516800000,253.78396096343997,stop,-78.33707663480357,1.3446433183288573,1.2689198048171997,8
AVGO,Information Technology,pullback20,1780084800000,1780320600000,450.5400863342285,2,413.75298767089845,512.8039916992187,1780579800000,408.5810002441406,stop gap,-85.63641435333244,0.901080172668457,0.8171620004882812,3
NUE,Materials,pullback20,1779825600000,1779888600000,241.24099999999999,5,228.293994140625,264.28199157714846,1780603200000,264.0177095855713,2R target,111.35725437992878,1.206205,1.3200885479278566,7
CAT,Industrials,pullback20,1780516800000,1780579800000,914.9039802246093,1,868.275,1041.9899780273438,1781121600000,867.4067249999999,stop,-49.279565929833986,0.9149039802246093,0.8674067249999999,5
SLB,Energy,pullback20,1780516800000,1780579800000,57.046991680145254,22,53.75999870300293,63.029998016357425,1781553600000,53.70623870429993,stop,-75.93313653705498,1.2550338169631956,1.1815372514945985,8
CASY,Consumer Staples,pullback20,1781121600000,1781184600000,920.1091924438475,1,850.5689758300781,1045.6619750976563,1781726400000,849.718406854248,stop,-72.16061318889764,0.9201091924438476,0.849718406854248,5
ELV,Health Care,pullback20,1780603200000,1780666200000,411.2408165588378,3,387.7999969482422,452.7200134277344,1781812800000,387.412196951294,stop,-73.88181786316188,1.2337224496765133,1.162236590853882,10
EBAY,Consumer Discretionary,pullback20,1778702400000,1778765400000,113.01290152740478,9,104.83300399780273,129.36399841308594,1782221400000,104.98490634155273,SMA50 exit,-74.21393694348906,1.0171161137466431,0.9448641570739745,26
SPY,ETF / index,pullback20,1781553600000,1781616600000,755.3045377807616,2,736.3179992675781,791.854052734375,1782221400000,733.0761875610351,stop gap,-47.43346189013661,1.5106090755615234,1.4661523751220702,4
WST,Health Care,pullback20,1779393600000,1779456600000,314.93461511230464,4,296.5429992675781,355.30401611328125,1782849600000,354.94871209716797,2R target,157.3768546306154,1.2597384604492186,1.419794848388672,26
TGT,Consumer Staples,pullback20,1781812800000,1782135000000,131.6515242767334,8,122.92500839233398,146.36999969482423,1783431000000,127.46240634155274,SMA50 exit,-35.58585492639158,1.0532121942138672,1.0196992507324218,10
URI,Industrials,pullback20,1783368000000,1783431000000,1093.142098876953,1,1038.7240478515625,1221.5920654296874,1784145600000,1037.685323803711,stop,-57.58760249592261,1.0931420988769531,1.0376853238037111,7
NTRS,Financials,pullback20,1782158400000,1782221400000,175.08491366577147,8,167.547998046875,191.58399658203126,1784232000000,191.39241258544922,2R target,127.52817274741228,1.4006793093261718,1.5311393006835938,17
ROK,Industrials,pullback20,1781812800000,1782135000000,476.4259622192382,2,449.164013671875,523.0419982910156,1784640600000,463.4360939025879,SMA50 exit,-27.859460745544258,0.9528519244384764,0.9268721878051759,20
BEN,Financials,pullback20,1784145600000,1784208600000,33.35331969451904,42,31.646001434326173,37.59800033569336,1784640600000,32.3775898475647,SMA50 exit,-43.741351772849676,1.4008394271697997,1.3598587735977175,3
FFIV,Information Technology,pullback20,1782849600000,1782912600000,413.82341366577145,2,389.0939971923828,469.6919799804688,1784836800000,388.7049031951904,stop,-51.84207757488401,0.8276468273315429,0.7774098063903808,16
CNC,Health Care,pullback20,1782158400000,1782221400000,63.68361893081664,15,58.875999450683594,73.28800201416016,1785268800000,58.81712345123291,stop,-74.83494332948673,0.9552542839622497,0.8822568517684937,25
URI,Industrials,pullback20,1784836800000,1784899800000,1132.931848876953,1,1062.0909606933594,1294.9479614257812,1785355200000,1061.028869732666,stop,-74.09693986289659,1.1329318488769529,1.061028869732666,4
ESS,Real Estate,pullback20,1784577600000,1784640600000,294.294,5,282.05498046875,317.3799987792969,1785441600000,281.77292548828126,stop,-65.48570718603501,1.4714699999999998,1.4088646274414063,8
CVS,Health Care,pullback20,1785268800000,1785331800000,110.10999999999999,12,104.30099639892578,119.41799621582031,1785441600000,104.19669540252686,stop,-73.53133551450787,1.3213199999999998,1.2503603448303222,2
MNST,Consumer Staples,pullback20,1785441600000,1785504600000,48.74870076370239,29,46.65150032043457,53.172001647949216,1785787200000,46.604848820114135,stop,-64.93695930199,1.413712322147369,1.3515406157833099,2
DVA,Health Care,pullback20,1784232000000,1784295000000,234.5743363342285,5,221.03499755859374,259.9599884033203,1785936600000,205.04475,stop gap,-149.84602710281365,1.1728716816711424,1.0252237499999999,13
AIZ,Financials,pullback20,1785787200000,1785850200000,280.9506834411621,5,272.5200134277344,302.13001708984376,1785960000000,301.8278870727539,2R target,101.47212530538962,1.4047534172058105,1.5091394353637697,2
BXP,Real Estate,pullback20,1785355200000,1785418200000,73.75368030548096,15,69.06799774169922,80.77400817871094,1786046400000,68.99892974395752,stop,-73.46254757359313,1.1063052045822144,1.0349839461593628,6
ILMN,Health Care,pullback20,1785441600000,1785504600000,203.48327877807614,5,190.38799743652345,234.493994140625,1786046400000,190.19760943908693,stop,-68.39675113603187,1.0174163938903809,0.9509880471954347,5
AIZ,Financials,pullback20,1785960000000,1786023000000,301.25096221923826,4,290.06300354003906,324.5840148925781,1786132800000,289.77294053649905,stop,-48.2761823419798,1.205003848876953,1.1590917621459962,2
FFIV,Information Technology,pullback20,1786046400000,1786109400000,420.41999999999996,1,381.65502014160154,475.8999816894531,1786368600000,403.4661251220703,SMA50 exit,-17.77776100305172,0.42041999999999996,0.4034661251220703,1
FDX,Industrials,pullback20,1786046400000,1786109400000,315.3750575561523,4,302.18199768066404,343.24598999023436,1786368600000,317.3023751220703,SMA50 exit,5.178560532959234,1.2615002302246092,1.2692095004882813,1
GEN,Information Technology,pullback20,1786132800000,1786368600000,28.828799236297606,44,27.3290002822876,32.85199966430664,1787232600000,27.292679695129394,stop gap,-70.05860488438411,1.2684671663970946,1.2008779065856934,8
MTB,Financials,pullback20,1786132800000,1786368600000,249.64939389038082,5,241.12799682617188,269.0939971923828,1787256000000,240.8868688293457,stop,-46.26530661877423,1.248246969451904,1.2044343441467287,9
AMCR,Materials,pullback20,1787256000000,1787319000000,48.27822954177856,21,45.2320011138916,52.96600189208984,1788528600000,44.955,stop gap,-71.7457181977271,1.0138428203773497,0.944055,10
ALL,Financials,pullback20,1784577600000,1784640600000,252.04178327941892,6,240.35998992919923,280.4700073242187,1788960600000,251.7579845123291,SMA50 exit,-4.725591209289409,1.5122506996765135,1.5105479070739747,35
TRV,Financials,pullback20,1788465600000,1788528600000,372.49211511230465,3,361.3400024414062,400.33998413085936,1788984000000,360.9786624389648,stop,-36.74077035267329,1.1174763453369139,1.0829359873168944,3
WELL,Real Estate,pullback20,1788897600000,1788960600000,237.2169757232666,5,227.74500427246093,256.25999145507814,1789047000000,238.11165609741212,SMA50 exit,2.0967587116242914,1.186084878616333,1.1905582804870605,1
ABNB,Consumer Discretionary,pullback20,1786132800000,1786368600000,178.86869244384764,5,167.31600799560547,199.5780059814453,1789070400000,167.14869198760988,stop,-60.33008920334607,0.8943434622192382,0.8357434599380494,23
STT,Financials,pullback20,1788984000000,1789047000000,191.621422668457,6,183.94300537109376,207.78398742675782,1789502400000,183.75906236572266,stop,-49.426444726611145,1.149728536010742,1.102554374194336,4
AMP,Financials,pullback20,1789502400000,1789565400000,557.3968668823242,2,536.3960266113281,605.22802734375,1789588800000,535.8596305847168,stop,-45.26098559014881,1.1147937337646483,1.0717192611694337,1
GEN,Information Technology,pullback20,1789070400000,1789133400000,30.10006969451904,32,28.142999267578126,33.623999404907224,1790107200000,28.114856268310547,stop,-65.3897072694823,0.9632022302246093,0.8996754005859375,8
TMO,Health Care,pullback20,1787169600000,1787232600000,610.4598255615234,2,579.0329895019531,682.553955078125,1790280000000,681.8714011230469,2R target,140.23848866967782,1.220919651123047,1.3637428022460938,25
EXPD,Industrials,pullback20,1788984000000,1789047000000,189.0488606109619,6,181.03399963378905,202.86199340820312,1790343000000,183.62618756103515,SMA50 exit,-34.772088588592446,1.1342931636657714,1.1017571253662108,11
ARE,Real Estate,pullback20,1789588800000,1789651800000,53.75370076370238,15,49.672000885009766,61.215999603271484,1790343000000,50.249699237823485,SMA50 exit,-54.12007388820636,0.8063055114555359,0.7537454885673522,6
WAT,Health Care,pullback20,1785873600000,1785936600000,399.258845336914,2,370.4889862060547,447.2619873046875,1790798400000,446.81472531738285,2R target,93.41961281962907,0.798517690673828,0.8936294506347657,40
IFF,Materials,pullback20,1790280000000,1790343000000,86.41633183288573,15,82.60399780273437,92.34199981689453,1790861400000,82.917,SMA50 exit,-55.02997747077924,1.2962449774932858,1.2437550000000002,4
