date,at,phase,equity,cash,exposure,positions,maxSectorPositions
2017-10-02,1506951000000,beforeFirstOpen,10000,10000,0,,
2017-10-02,1506974400000,,10000,10000,0,0,0
2017-10-03,1507060800000,,10004.576868998978,302.78912638423253,9701.787742614746,5,2
2017-10-04,1507147200000,,10071.97999094722,302.78912638423253,9769.190864562988,5,2
2017-10-05,1507233600000,,10082.948092448685,302.78912638423253,9780.158966064453,5,2
2017-10-06,1507320000000,,10096.009097087357,302.78912638423253,9793.219970703125,5,2
2017-10-09,1507579200000,,10077.312449443314,302.78912638423253,9774.523323059082,5,2
2017-10-10,1507665600000,,10092.859019267533,302.78912638423253,9790.0698928833,5,2
2017-10-11,1507752000000,,10153.64577006099,302.78912638423253,9850.856643676758,5,2
2017-10-12,1507838400000,,10224.282298076127,302.78912638423253,9921.493171691895,5,2
2017-10-13,1507924800000,,10218.47251414058,302.78912638423253,9915.683387756348,5,2
2017-10-16,1508184000000,,10210.12734865255,2351.567442646692,7858.559906005859,4,2
2017-10-17,1508270400000,,10190.659953735412,343.09653439337353,9847.563419342041,5,2
2017-10-18,1508356800000,,10180.530028961242,343.09653439337353,9837.433494567871,5,2
2017-10-19,1508443200000,,10218.325007896841,2295.151576500358,7923.173431396484,4,2
2017-10-20,1508529600000,,10344.079990157448,2241.139838942849,8102.9401512146,4,2
2017-10-23,1508788800000,,10322.386846930609,376.61683502875576,9945.770011901855,5,2
2017-10-24,1508875200000,,10372.416815192328,376.61683502875576,9995.799980163574,5,2
2017-10-25,1508961600000,,10229.532569404562,2188.447562690694,8041.085006713867,4,1
2017-10-26,1509048000000,,10282.685649670737,183.56373576082387,10099.121913909912,5,1
2017-10-27,1509134400000,,10300.375276655956,2123.985334486766,8176.389942169189,4,2
2017-10-30,1509393600000,,10304.562284383543,69.38232985473178,10235.179954528809,5,2
2017-10-31,1509480000000,,10417.372434530027,69.38232985473178,10347.990104675293,5,2
2017-11-01,1509566400000,,10405.95503187415,2798.905032637089,7607.049999237061,4,2
2017-11-02,1509652800000,,10303.77821553314,2680.3882046994013,7623.39001083374,4,2
2017-11-03,1509739200000,,10269.563425521086,619.87335441513,9649.690071105957,5,2
2017-11-06,1510002000000,,10261.083353499602,619.87335441513,9641.209999084473,5,2
2017-11-07,1510088400000,,10145.03952286609,2583.8594348228753,7561.180088043213,4,2
2017-11-08,1510174800000,,10346.90490229764,761.7348621670235,9585.170040130615,5,2
2017-11-09,1510261200000,,10210.969698691759,2691.409830832871,7519.559867858887,4,2
2017-11-10,1510347600000,,10292.851844615969,684.4919889641124,9608.359855651855,5,2
2017-11-13,1510606800000,,10324.761863536867,684.4919889641124,9640.269874572754,5,2
2017-11-14,1510693200000,,10329.37197477344,684.4919889641124,9644.879985809326,5,2
2017-11-15,1510779600000,,10262.489975862534,635.7300423908548,9626.75993347168,5,2
2017-11-16,1510866000000,,10390.179871492417,635.7300423908548,9754.449829101562,5,2
2017-11-17,1510952400000,,10353.150052003892,635.7300423908548,9717.420009613037,5,2
2017-11-20,1511211600000,,10476.479981355698,635.7300423908548,9840.749938964844,5,2
2017-11-21,1511298000000,,10631.655364779192,4361.515296724992,6270.140068054199,3,1
2017-11-22,1511384400000,,10575.808679734633,532.4486486067026,10043.36003112793,5,2
2017-11-24,1511557200000,,10591.4388867964,532.4486486067026,10058.990238189697,5,2
2017-11-27,1511816400000,,10548.898634110854,532.4486486067026,10016.44998550415,5,2
2017-11-28,1511902800000,,10640.588754807875,532.4486486067026,10108.140106201172,5,2
2017-11-29,1511989200000,,10588.975464249497,4406.865394974595,6182.110069274902,3,2
2017-11-30,1512075600000,,10644.136111173018,326.0961484044658,10318.039962768555,5,2
2017-12-01,1512162000000,,10551.31998029433,2225.300067574607,8326.019912719727,4,2
2017-12-04,1512421200000,,10534.27970218303,4263.979866977952,6270.299835205078,3,1
2017-12-05,1512507600000,,10488.5195041898,140.19465601474894,10348.324848175049,5,2
2017-12-06,1512594000000,,10481.479516625714,140.19465601474894,10341.284860610962,5,2
2017-12-07,1512680400000,,10550.894818902325,140.19465601474894,10410.700162887573,5,2
2017-12-08,1512766800000,,10575.124633431744,140.19465601474894,10434.929977416992,5,2
2017-12-11,1513026000000,,10595.199592233013,140.19465601474894,10455.004936218262,5,2
2017-12-12,1513112400000,,10635.574494958233,140.19465601474894,10495.379838943481,5,2
2017-12-13,1513198800000,,10655.669608712506,140.19465601474894,10515.474952697754,5,2
2017-12-14,1513285200000,,10614.019708276104,140.19465601474894,10473.825052261353,5,2
2017-12-15,1513371600000,,10681.792223210585,2339.261999364152,8342.530223846436,4,2
2017-12-18,1513630800000,,10698.238745850967,239.46872822706746,10458.770017623901,5,2
2017-12-19,1513717200000,,10649.818679017471,239.46872822706746,10410.349950790405,5,2
2017-12-20,1513803600000,,10667.783062819564,2279.1432312765974,8388.639831542969,4,2
2017-12-21,1513890000000,,10744.675683472697,148.7998118143746,10595.875871658325,5,2
2017-12-22,1513976400000,,10752.881377671305,148.7998118143746,10604.081565856934,5,2
2017-12-26,1514322000000,,10778.54579689456,2359.6914401288122,8418.854356765747,4,2
2017-12-27,1514408400000,,10777.127376090055,231.60368872738445,10545.52368736267,5,2
2017-12-28,1514494800000,,10827.176436911588,231.60368872738445,10595.572748184204,5,2
2017-12-29,1514581200000,,10734.305810462003,231.60368872738445,10502.70212173462,5,2
2018-01-02,1514926800000,,10837.083837042814,231.60368872738445,10605.48014831543,5,2
2018-01-03,1515013200000,,10935.05686374212,2493.9067859222964,8441.150077819824,4,2
2018-01-04,1515099600000,,10967.963868311854,2460.2070228376115,8507.756845474243,4,1
2018-01-05,1515186000000,,11038.81984440839,267.32781140362886,10771.49203300476,5,2
2018-01-08,1515445200000,,11110.683577700016,267.32781140362886,10843.355766296387,5,2
2018-01-09,1515531600000,,11119.679798004167,2550.049960968033,8569.629837036133,4,2
2018-01-10,1515618000000,,11088.080970840645,327.2158928682311,10760.865077972412,5,2
2018-01-11,1515704400000,,11131.04217516677,2459.8722284962373,8671.169946670532,4,2
2018-01-12,1515790800000,,11116.568680778953,339.9588213123998,10776.609859466553,5,2
2018-01-16,1516136400000,,11086.19988044511,2348.854934537516,8737.344945907593,4,2
2018-01-17,1516222800000,,11142.021720878338,181.52677153751574,10960.49494934082,5,2
2018-01-18,1516309200000,,11127.90345964258,2279.0535298330115,8848.84992980957,4,1
2018-01-19,1516395600000,,11236.055661131535,126.9557942644692,11109.099866867065,5,2
2018-01-22,1516654800000,,11316.840483595524,126.9557942644692,11189.884689331055,5,2
2018-01-23,1516741200000,,11310.005572249089,126.9557942644692,11183.04977798462,5,2
2018-01-24,1516827600000,,11278.575880934392,126.9557942644692,11151.620086669922,5,2
2018-01-25,1516914000000,,11309.855772902165,126.9557942644692,11182.899978637695,5,2
2018-01-26,1517000400000,,11445.575267588605,195.62535456370324,11249.949913024902,5,2
2018-01-29,1517259600000,,11355.050468241681,195.62535456370324,11159.425113677979,5,2
2018-01-30,1517346000000,,11282.375152384748,195.62535456370324,11086.749797821045,5,2
2018-01-31,1517432400000,,11312.790365015973,195.62535456370324,11117.16501045227,5,2
2018-02-01,1517518800000,,11323.605411326398,195.62535456370324,11127.980056762695,5,2
2018-02-02,1517605200000,,11192.520918574188,2571.8508898876644,8620.670028686523,4,2
2018-02-05,1517864400000,,11016.94799875265,11016.94799875265,0,0,0
2018-02-06,1517950800000,,11016.94799875265,11016.94799875265,0,0,0
2018-02-07,1518037200000,,11012.392166192472,1802.8012495588669,9209.590916633606,5,2
2018-02-08,1518123600000,,10671.82707011967,3220.1271780756033,7451.699892044067,4,2
2018-02-09,1518210000000,,10770.101721696568,5316.153797082616,5453.947924613953,3,1
2018-02-12,1518469200000,,10875.820807068456,1729.6982961584217,9146.122510910034,5,1
2018-02-13,1518555600000,,10959.082273094762,1729.6982961584217,9229.38397693634,5,1
2018-02-14,1518642000000,,11054.227515785802,1729.6982961584217,9324.52921962738,5,1
2018-02-15,1518728400000,,11239.927642433751,1729.6982961584217,9510.22934627533,5,1
2018-02-16,1518814800000,,11151.015103905309,1729.6982961584217,9421.316807746887,5,1
2018-02-20,1519160400000,,11138.603825180639,1729.6982961584217,9408.905529022217,5,1
2018-02-21,1519246800000,,11124.500247566808,1729.6982961584217,9394.801951408386,5,1
2018-02-22,1519333200000,,11128.125080673803,1729.6982961584217,9398.42678451538,5,1
2018-02-23,1519419600000,,11266.225749580968,1729.6982961584217,9536.527453422546,5,1
2018-02-26,1519678800000,,11383.895637123693,1729.6982961584217,9654.197340965271,5,1
2018-02-27,1519765200000,,11328.095114319432,1729.6982961584217,9598.39681816101,5,1
2018-02-28,1519851600000,,11324.598963348973,1729.6982961584217,9594.900667190552,5,1
2018-03-01,1519938000000,,11148.913681595433,1729.6982961584217,9419.215385437012,5,1
2018-03-02,1520024400000,,11268.843619911779,1729.6982961584217,9539.145323753357,5,1
2018-03-05,1520283600000,,11374.50940016307,3881.9759986738113,7492.533401489258,4,1
2018-03-06,1520370000000,,11382.589694614782,2006.009647007361,9376.580047607422,5,2
2018-03-07,1520456400000,,11373.412944431677,2006.009647007361,9367.403297424316,5,2
2018-03-08,1520542800000,,11430.022975559606,2006.009647007361,9424.013328552246,5,2
2018-03-09,1520629200000,,11528.558595560095,4059.488561532996,7469.0700340271,4,2
2018-03-12,1520884800000,,11484.143369897873,3677.233404382735,7806.909965515137,4,2
2018-03-13,1520971200000,,11426.285767614696,4440.615453779552,6985.670313835144,4,1
2018-03-14,1521057600000,,11393.218820072369,1679.3452944528622,9713.873525619507,5,2
2018-03-15,1521144000000,,11331.58373544331,1679.3452944528622,9652.238440990448,5,2
2018-03-16,1521230400000,,11330.40857582684,1662.1767595350307,9668.231816291809,5,2
2018-03-19,1521489600000,,11261.381818109707,1662.1767595350307,9599.205058574677,5,2
2018-03-20,1521576000000,,11306.371173673824,1662.1767595350307,9644.194414138794,5,2
2018-03-21,1521662400000,,11286.920730882839,1662.1767595350307,9624.743971347809,5,2
2018-03-22,1521748800000,,11159.154953647005,1240.8662750009162,9918.288678646088,5,2
2018-03-23,1521835200000,,11072.656638333723,4789.956755826399,6282.699882507324,3,1
2018-03-26,1522094400000,,11123.560416432088,11123.560416432088,0,0,0
2018-03-27,1522180800000,,10873.925047595769,3166.5616938665203,7707.363353729248,4,2
2018-03-28,1522267200000,,10777.9244495846,1164.864406249638,9613.060043334961,5,2
2018-03-29,1522353600000,,10861.761358124548,1050.5678576057485,9811.193500518799,5,2
2018-04-02,1522699200000,,10666.589885172518,4998.1999163004475,5668.38996887207,3,1
2018-04-03,1522785600000,,10687.743861503268,10687.743861503268,0,0,0
2018-04-04,1522872000000,,10784.096493352976,228.3363691464324,10555.760124206543,5,2
2018-04-05,1522958400000,,10855.046255697336,228.3363691464324,10626.709886550903,5,2
2018-04-06,1523044800000,,10655.436673841967,2252.5065362076903,8402.930137634277,4,2
2018-04-09,1523304000000,,10587.704392959675,143.25434260567044,10444.450050354004,5,2
2018-04-10,1523390400000,,10765.574372818073,143.25434260567044,10622.320030212402,5,2
2018-04-11,1523476800000,,10695.844338943562,143.25434260567044,10552.58999633789,5,2
2018-04-12,1523563200000,,10761.9542174836,143.25434260567044,10618.69987487793,5,2
2018-04-13,1523649600000,,10687.004220535358,143.25434260567044,10543.749877929688,5,2
2018-04-16,1523908800000,,10821.434304763874,143.25434260567044,10678.179962158203,5,2
2018-04-17,1523995200000,,10802.124009658894,143.25434260567044,10658.869667053223,5,2
2018-04-18,1524081600000,,10773.444520523151,143.25434260567044,10630.19017791748,5,2
2018-04-19,1524168000000,,10886.874574234089,143.25434260567044,10743.620231628418,5,2
2018-04-20,1524254400000,,10809.774522354206,143.25434260567044,10666.520179748535,5,2
2018-04-23,1524513600000,,10797.034455825886,143.25434260567044,10653.780113220215,5,2
2018-04-24,1524600000000,,10690.994264175495,143.25434260567044,10547.739921569824,5,2
2018-04-25,1524686400000,,10768.754434158405,143.25434260567044,10625.500091552734,5,2
2018-04-26,1524772800000,,10845.024522354206,143.25434260567044,10701.770179748535,5,2
2018-04-27,1524859200000,,10806.763491153126,223.49601983964885,10583.267471313477,5,1
2018-04-30,1525118400000,,10727.320999621754,223.49601983964885,10503.824979782104,5,1
2018-05-01,1525204800000,,10677.318449496632,223.49601983964885,10453.822429656982,5,1
2018-05-02,1525291200000,,10710.468393802052,223.49601983964885,10486.972373962402,5,1
2018-05-03,1525377600000,,10919.062370021013,4536.102447230484,6382.959922790527,3,1
2018-05-04,1525464000000,,11114.277160942678,174.4922431112568,10939.78491783142,5,1
2018-05-07,1525723200000,,11229.209570229177,174.4922431112568,11054.71732711792,5,1
2018-05-08,1525809600000,,11219.348084542882,69.90551671756566,11149.442567825317,5,1
2018-05-09,1525896000000,,11406.3564947414,174.96911032672688,11231.387384414673,5,1
2018-05-10,1525982400000,,11467.199064092596,174.96911032672688,11292.22995376587,5,1
2018-05-11,1526068800000,,11566.035475400404,2522.235430386977,9043.800045013428,4,1
2018-05-14,1526328000000,,11553.835609094152,256.43060268546196,11297.405006408691,5,1
2018-05-15,1526414400000,,11528.615682260046,256.43060268546196,11272.185079574585,5,1
2018-05-16,1526500800000,,11558.655515328894,256.43060268546196,11302.224912643433,5,1
2018-05-17,1526587200000,,11566.778030053625,256.43060268546196,11310.347427368164,5,1
2018-05-18,1526673600000,,11602.373277322302,256.43060268546196,11345.94267463684,5,1
2018-05-21,1526932800000,,11650.43777019318,2635.110095327457,9015.327674865723,4,1
2018-05-22,1527019200000,,11597.373966643647,697.8013061974793,10899.572660446167,5,1
2018-05-23,1527105600000,,11627.37129826291,697.8013061974793,10929.56999206543,5,1
2018-05-24,1527192000000,,11620.801289031342,697.8013061974793,10922.999982833862,5,1
2018-05-25,1527278400000,,11552.69960606618,2519.4195538811227,9033.280052185059,4,1
2018-05-29,1527624000000,,11478.807842318274,226.39038664505733,11252.417455673218,5,1
2018-05-30,1527710400000,,11587.472871844031,226.39038664505733,11361.082485198975,5,1
2018-05-31,1527796800000,,11716.944733309232,286.29261653372214,11430.652116775513,5,1
2018-06-01,1527883200000,,11912.974753663068,2827.821647927288,9085.153105735779,4,1
2018-06-04,1528142400000,,12044.84814615643,438.0692154923663,11606.778930664062,5,1
2018-06-05,1528228800000,,12123.241780952572,438.0692154923663,11685.172565460205,5,1
2018-06-06,1528315200000,,12101.474391655087,438.0692154923663,11663.40517616272,5,1
2018-06-07,1528401600000,,11921.156769387377,2714.25590287889,9206.900866508484,4,1
2018-06-08,1528488000000,,11925.401923290803,610.6549025693657,11314.747020721436,5,2
2018-06-11,1528747200000,,12016.851788849526,3114.6018365332416,8902.249952316284,4,2
2018-06-12,1528833600000,,12002.774241643598,732.2091829354063,11270.565058708191,5,2
2018-06-13,1528920000000,,12019.644252019574,732.2091829354063,11287.435069084167,5,2
2018-06-14,1529006400000,,11966.202398817684,3191.8525300432702,8774.349868774414,4,2
2018-06-15,1529092800000,,11862.078744416584,2827.503827576985,9034.5749168396,4,2
2018-06-18,1529352000000,,12010.251021021139,1278.8110452826127,10731.439975738525,5,2
2018-06-19,1529438400000,,11928.656118982564,1278.8110452826127,10649.845073699951,5,2
2018-06-20,1529524800000,,12063.03602086855,1278.8110452826127,10784.224975585938,5,2
2018-06-21,1529611200000,,11973.90605413271,1278.8110452826127,10695.095008850098,5,2
2018-06-22,1529697600000,,12023.691237085592,1278.8110452826127,10744.880191802979,5,2
2018-06-25,1529956800000,,11732.376055353414,1278.8110452826127,10453.5650100708,5,2
2018-06-26,1530043200000,,11778.617842384054,881.472803779317,10897.145038604736,5,2
2018-06-27,1530129600000,,11647.60210178021,3158.8171973002304,8488.78490447998,4,2
2018-06-28,1530216000000,,11746.356719714093,1623.2865292844047,10123.070190429688,5,1
2018-06-29,1530302400000,,11682.385478716778,1623.2865292844047,10059.098949432373,5,1
2018-07-02,1530561600000,,11635.955708497982,3848.685780519466,7787.269927978516,4,1
2018-07-03,1530648000000,,11662.057830806209,1826.727878566219,9835.32995223999,5,1
2018-07-05,1530820800000,,11742.512901301814,1826.727878566219,9915.785022735596,5,1
2018-07-06,1530907200000,,11875.967861171199,1826.727878566219,10049.23998260498,5,1
2018-07-09,1531166400000,,11937.97595769923,2025.5570505337018,9912.418907165527,5,2
2018-07-10,1531252800000,,12041.397107906749,2025.5570505337018,10015.840057373047,5,2
2018-07-11,1531339200000,,12040.310490141503,4521.350460539453,7518.960029602051,4,1
2018-07-12,1531425600000,,12077.60325907905,2613.5961332245574,9464.007125854492,5,2
2018-07-13,1531512000000,,12066.205732338021,2613.5961332245574,9452.609599113464,5,2
2018-07-16,1531771200000,,12059.784273140023,2613.5961332245574,9446.188139915466,5,2
2018-07-17,1531857600000,,12102.471877090524,2613.5961332245574,9488.875743865967,5,2
2018-07-18,1531944000000,,12090.517300598214,2613.5961332245574,9476.921167373657,5,2
2018-07-19,1532030400000,,12170.072134964059,2613.5961332245574,9556.476001739502,5,2
2018-07-20,1532116800000,,12154.315710351138,4378.429201409488,7775.88650894165,4,2
2018-07-23,1532376000000,,12164.061500219166,2044.9391190088381,10119.122381210327,5,2
2018-07-24,1532462400000,,12107.216555265248,2044.9391190088381,10062.277436256409,5,2
2018-07-25,1532548800000,,12133.497392324269,2044.9391190088381,10088.55827331543,5,2
2018-07-26,1532635200000,,12148.018024408433,1940.5850925084092,10207.432931900024,5,2
2018-07-27,1532721600000,,12063.059252299769,3383.535578288541,8679.52367401123,4,2
2018-07-30,1532980800000,,12040.275070051342,1135.9772337476325,10904.297836303711,5,2
2018-07-31,1533067200000,,12040.019847826581,1038.8012370630317,11001.21861076355,5,2
2018-08-01,1533153600000,,11903.951605567834,3384.522835502529,8519.428770065308,4,1
2018-08-02,1533240000000,,12014.399639857631,1029.099074138027,10985.300565719604,5,2
2018-08-03,1533326400000,,11980.22180185995,1895.29603586874,10084.925765991211,5,2
2018-08-06,1533585600000,,12052.49657831869,1895.29603586874,10157.200542449951,5,2
2018-08-07,1533672000000,,12039.002582652187,1895.29603586874,10143.706546783447,5,2
2018-08-08,1533758400000,,12047.6376782485,1895.29603586874,10152.34164237976,5,2
2018-08-09,1533844800000,,12095.25372865751,1044.684213429241,11050.569515228271,5,2
2018-08-10,1533931200000,,12106.463798313882,1044.684213429241,11061.779584884644,5,2
2018-08-13,1534190400000,,12093.210740834023,1044.684213429241,11048.526527404785,5,2
2018-08-14,1534276800000,,12173.028454209105,3428.0961002357167,8744.932353973389,4,2
2018-08-15,1534363200000,,12064.803898722183,1101.269379526626,10963.534519195557,5,2
2018-08-16,1534449600000,,12174.479578355247,91.16541133254213,12083.314167022705,5,2
2018-08-17,1534536000000,,12174.632835725242,91.16541133254213,12083.4674243927,5,2
2018-08-20,1534795200000,,12343.784715989525,91.16541133254213,12252.619304656982,5,2
2018-08-21,1534881600000,,12334.20111004125,2576.774705088246,9757.426404953003,4,2
2018-08-22,1534968000000,,12321.148931352926,716.4997003958936,11604.649230957031,5,2
2018-08-23,1535054400000,,12359.266980974508,716.4997003958936,11642.767280578613,5,2
2018-08-24,1535140800000,,12417.469968645406,716.4997003958936,11700.970268249512,5,2
2018-08-27,1535400000000,,12427.536882250142,716.4997003958936,11711.037181854248,5,2
2018-08-28,1535486400000,,12516.872121660543,716.4997003958936,11800.372421264648,5,2
2018-08-29,1535572800000,,12592.342967523702,3266.5598883763623,9325.783079147339,4,1
2018-08-30,1535659200000,,12619.208301246083,787.4090325235488,11831.799268722534,5,2
2018-08-31,1535745600000,,12675.242309272206,787.4090325235488,11887.833276748657,5,2
2018-09-04,1536091200000,,12754.270187079823,787.4090325235488,11966.861154556274,5,2
2018-09-05,1536177600000,,12796.254401862538,787.4090325235488,12008.84536933899,5,2
2018-09-06,1536264000000,,12884.024695748503,3287.910626763516,9596.114068984985,4,2
2018-09-07,1536350400000,,12950.82275100363,854.2205819667633,12096.602169036865,5,2
2018-09-10,1536609600000,,12905.494641724232,5847.363604965809,7058.131036758423,3,1
2018-09-11,1536696000000,,12870.64073498511,786.2608502652629,12084.379884719849,5,2
2018-09-12,1536782400000,,12888.777909591434,786.2608502652629,12102.517059326172,5,2
2018-09-13,1536868800000,,12953.894444778201,786.2608502652629,12167.63359451294,5,2
2018-09-14,1536955200000,,12980.997929885623,786.2608502652629,12194.737079620361,5,2
2018-09-17,1537214400000,,12955.240350418693,3360.3309761816304,9594.90937423706,4,2
2018-09-18,1537300800000,,12950.084149735005,814.5670522618611,12135.517097473145,5,2
2018-09-19,1537387200000,,12733.1340260338,5728.791800005358,7004.342226028442,3,1
2018-09-20,1537473600000,,12763.122563218405,3224.564328049948,9538.558235168457,4,1
2018-09-21,1537560000000,,12789.242786739096,669.9426578023285,12119.300128936768,5,2
2018-09-24,1537819200000,,12771.737027394483,2766.7009632465333,10005.03606414795,4,2
2018-09-25,1537905600000,,12834.127628841365,1015.8545537376053,11818.27307510376,5,2
2018-09-26,1537992000000,,12848.719708003962,1015.8545537376053,11832.865154266357,5,2
2018-09-27,1538078400000,,12934.333527126277,1015.8545537376053,11918.478973388672,5,2
2018-09-28,1538164800000,,12964.026567974055,1015.8545537376053,11948.17201423645,5,2
2018-10-01,1538424000000,,12993.585634746516,1015.8545537376053,11977.731081008911,5,2
2018-10-02,1538510400000,,12946.646492519343,1015.8545537376053,11930.791938781738,5,2
2018-10-03,1538596800000,,12971.341692485774,1015.8545537376053,11955.487138748169,5,2
2018-10-04,1538683200000,,12956.312736134487,1107.9495006608536,11848.363235473633,5,2
2018-10-05,1538769600000,,12890.34940872665,1107.9495006608536,11782.399908065796,5,2
2018-10-08,1539028800000,,12811.399889520335,2730.892662576365,10080.50722694397,4,1
2018-10-09,1539115200000,,12767.710741064007,161.9528122157385,12605.757928848267,5,2
2018-10-10,1539201600000,,12421.104131762906,7486.974111621305,4934.130020141602,2,2
2018-10-11,1539288000000,,12358.8950376088,12358.8950376088,0,0,0
2018-10-12,1539374400000,,12358.8950376088,12358.8950376088,0,0,0
2018-10-15,1539633600000,,12358.8950376088,12358.8950376088,0,0,0
2018-10-16,1539720000000,,12358.8950376088,12358.8950376088,0,0,0
2018-10-17,1539806400000,,12224.936240449144,2738.0661270763408,9486.870113372803,4,1
2018-10-18,1539892800000,,12149.140732362433,2790.3306623245912,9358.810070037842,4,1
2018-10-19,1539979200000,,12176.220780820839,12176.220780820839,0,0,0
2018-10-22,1540238400000,,12176.220780820839,12176.220780820839,0,0,0
2018-10-23,1540324800000,,12176.220780820839,12176.220780820839,0,0,0
2018-10-24,1540411200000,,12176.220780820839,12176.220780820839,0,0,0
2018-10-25,1540497600000,,12176.220780820839,12176.220780820839,0,0,0
2018-10-26,1540584000000,,12176.220780820839,12176.220780820839,0,0,0
2018-10-29,1540843200000,,12176.220780820839,12176.220780820839,0,0,0
2018-10-30,1540929600000,,12176.220780820839,12176.220780820839,0,0,0
2018-10-31,1541016000000,,12176.220780820839,12176.220780820839,0,0,0
2018-11-01,1541102400000,,12176.220780820839,12176.220780820839,0,0,0
2018-11-02,1541188800000,,12176.220780820839,12176.220780820839,0,0,0
2018-11-05,1541451600000,,12176.220780820839,12176.220780820839,0,0,0
2018-11-06,1541538000000,,12176.220780820839,12176.220780820839,0,0,0
2018-11-07,1541624400000,,12176.220780820839,12176.220780820839,0,0,0
2018-11-08,1541710800000,,12043.147031531824,672.1771371226446,11370.96989440918,5,1
2018-11-09,1541797200000,,11871.545220237345,883.1152695232338,10988.429950714111,5,1
2018-11-12,1542056400000,,11672.595400672526,883.1152695232338,10789.480131149292,5,1
2018-11-13,1542142800000,,11662.50428136461,11662.50428136461,0,0,0
2018-11-14,1542229200000,,11662.50428136461,11662.50428136461,0,0,0
2018-11-15,1542315600000,,11662.50428136461,11662.50428136461,0,0,0
2018-11-16,1542402000000,,11662.50428136461,11662.50428136461,0,0,0
2018-11-19,1542661200000,,11662.50428136461,11662.50428136461,0,0,0
2018-11-20,1542747600000,,11662.50428136461,11662.50428136461,0,0,0
2018-11-21,1542834000000,,11662.50428136461,11662.50428136461,0,0,0
2018-11-23,1543006800000,,11662.50428136461,11662.50428136461,0,0,0
2018-11-26,1543266000000,,11662.50428136461,11662.50428136461,0,0,0
2018-11-27,1543352400000,,11662.50428136461,11662.50428136461,0,0,0
2018-11-28,1543438800000,,11662.50428136461,11662.50428136461,0,0,0
2018-11-29,1543525200000,,11662.50428136461,11662.50428136461,0,0,0
2018-11-30,1543611600000,,11662.50428136461,11662.50428136461,0,0,0
2018-12-03,1543870800000,,11662.50428136461,11662.50428136461,0,0,0
2018-12-04,1543957200000,,11584.83850259542,212.4585034346528,11372.379999160767,5,2
2018-12-06,1544130000000,,11532.843427106534,11532.843427106534,0,0,0
2018-12-07,1544216400000,,11532.843427106534,11532.843427106534,0,0,0
2018-12-10,1544475600000,,11532.843427106534,11532.843427106534,0,0,0
2018-12-11,1544562000000,,11532.843427106534,11532.843427106534,0,0,0
2018-12-12,1544648400000,,11532.843427106534,11532.843427106534,0,0,0
2018-12-13,1544734800000,,11532.843427106534,11532.843427106534,0,0,0
2018-12-14,1544821200000,,11532.843427106534,11532.843427106534,0,0,0
2018-12-17,1545080400000,,11532.843427106534,11532.843427106534,0,0,0
2018-12-18,1545166800000,,11532.843427106534,11532.843427106534,0,0,0
2018-12-19,1545253200000,,11532.843427106534,11532.843427106534,0,0,0
2018-12-20,1545339600000,,11532.843427106534,11532.843427106534,0,0,0
2018-12-21,1545426000000,,11532.843427106534,11532.843427106534,0,0,0
2018-12-24,1545685200000,,11532.843427106534,11532.843427106534,0,0,0
2018-12-26,1545858000000,,11532.843427106534,11532.843427106534,0,0,0
2018-12-27,1545944400000,,11532.843427106534,11532.843427106534,0,0,0
2018-12-28,1546030800000,,11532.843427106534,11532.843427106534,0,0,0
2018-12-31,1546290000000,,11532.843427106534,11532.843427106534,0,0,0
2019-01-02,1546462800000,,11532.843427106534,11532.843427106534,0,0,0
2019-01-03,1546549200000,,11532.843427106534,11532.843427106534,0,0,0
2019-01-04,1546635600000,,11532.843427106534,11532.843427106534,0,0,0
2019-01-07,1546894800000,,11532.843427106534,11532.843427106534,0,0,0
2019-01-08,1546981200000,,11532.843427106534,11532.843427106534,0,0,0
2019-01-09,1547067600000,,11532.843427106534,11532.843427106534,0,0,0
2019-01-10,1547154000000,,11532.843427106534,11532.843427106534,0,0,0
2019-01-11,1547240400000,,11532.843427106534,11532.843427106534,0,0,0
2019-01-14,1547499600000,,11532.843427106534,11532.843427106534,0,0,0
2019-01-15,1547586000000,,11532.843427106534,11532.843427106534,0,0,0
2019-01-16,1547672400000,,11532.843427106534,11532.843427106534,0,0,0
2019-01-17,1547758800000,,11532.843427106534,11532.843427106534,0,0,0
2019-01-18,1547845200000,,11532.843427106534,11532.843427106534,0,0,0
2019-01-22,1548190800000,,11532.843427106534,11532.843427106534,0,0,0
2019-01-23,1548277200000,,11532.843427106534,11532.843427106534,0,0,0
2019-01-24,1548363600000,,11532.843427106534,11532.843427106534,0,0,0
2019-01-25,1548450000000,,11532.843427106534,11532.843427106534,0,0,0
2019-01-28,1548709200000,,11532.843427106534,11532.843427106534,0,0,0
2019-01-29,1548795600000,,11532.843427106534,11532.843427106534,0,0,0
2019-01-30,1548882000000,,11532.843427106534,11532.843427106534,0,0,0
2019-01-31,1548968400000,,11532.843427106534,11532.843427106534,0,0,0
2019-02-01,1549054800000,,11532.843427106534,11532.843427106534,0,0,0
2019-02-04,1549314000000,,11532.843427106534,11532.843427106534,0,0,0
2019-02-05,1549400400000,,11532.843427106534,11532.843427106534,0,0,0
2019-02-06,1549486800000,,11532.843427106534,11532.843427106534,0,0,0
2019-02-07,1549573200000,,11532.843427106534,11532.843427106534,0,0,0
2019-02-08,1549659600000,,11532.843427106534,11532.843427106534,0,0,0
2019-02-11,1549918800000,,11532.843427106534,11532.843427106534,0,0,0
2019-02-12,1550005200000,,11532.843427106534,11532.843427106534,0,0,0
2019-02-13,1550091600000,,11472.008998802718,318.8089560781068,11153.20004272461,5,2
2019-02-14,1550178000000,,11484.819084099348,318.8089560781068,11166.01012802124,5,2
2019-02-15,1550264400000,,11550.908356294418,2523.788372621323,9027.119983673096,4,2
2019-02-19,1550610000000,,11481.68983434227,341.349956259995,11140.339878082275,5,2
2019-02-20,1550696400000,,11432.670211539536,341.349956259995,11091.320255279541,5,2
2019-02-21,1550782800000,,11405.038056034955,310.7780920456976,11094.259963989258,5,2
2019-02-22,1550869200000,,11477.767952580365,310.7780920456976,11166.989860534668,5,2
2019-02-25,1551128400000,,11430.798126835736,310.7780920456976,11120.020034790039,5,2
2019-02-26,1551214800000,,11489.597992558392,310.7780920456976,11178.819900512695,5,2
2019-02-27,1551301200000,,11544.867928166303,310.7780920456976,11234.089836120605,5,2
2019-02-28,1551387600000,,11562.298157353314,310.7780920456976,11251.520065307617,5,2
2019-03-01,1551474000000,,11680.148125309857,310.7780920456976,11369.37003326416,5,2
2019-03-04,1551733200000,,11513.855626589739,2665.4156394071224,8848.439987182617,4,1
2019-03-05,1551819600000,,11564.507335795552,507.9472543136171,11056.560081481934,5,1
2019-03-06,1551906000000,,11509.247165812641,507.9472543136171,11001.299911499023,5,1
2019-03-07,1551992400000,,11405.984631421588,2584.2045792365298,8821.780052185059,4,1
2019-03-08,1552078800000,,11350.956000801258,326.4558863603397,11024.500114440918,5,1
2019-03-11,1552334400000,,11345.1652821665,11345.1652821665,0,0,0
2019-03-12,1552420800000,,11439.883178135155,683.7598442041844,10756.12333393097,5,1
2019-03-13,1552507200000,,11518.84594382882,683.7598442041844,10835.086099624634,5,1
2019-03-14,1552593600000,,11574.877139469383,683.7598442041844,10891.117295265198,5,1
2019-03-15,1552680000000,,11602.319924732445,683.7598442041844,10918.56008052826,5,1
2019-03-18,1552939200000,,11750.027923008201,683.7598442041844,11066.268078804016,5,1
2019-03-19,1553025600000,,11769.710623986635,5267.080847985659,6502.629776000977,3,1
2019-03-20,1553112000000,,11751.443397106525,613.7632671016413,11137.680130004883,5,2
2019-03-21,1553198400000,,11914.472323870465,2770.052146410748,9144.420177459717,4,2
2019-03-22,1553284800000,,11668.562547997759,2662.3225348752,9006.240013122559,4,2
2019-03-25,1553544000000,,11714.45269488631,348.9026994639453,11365.549995422363,5,2
2019-03-26,1553630400000,,11801.342823975665,348.9026994639453,11452.440124511719,5,2
2019-03-27,1553716800000,,11770.912610047442,348.9026994639453,11422.009910583496,5,2
2019-03-28,1553803200000,,11773.652585023028,348.9026994639453,11424.749885559082,5,2
2019-03-29,1553889600000,,11862.402615540606,348.9026994639453,11513.49991607666,5,2
2019-04-01,1554148800000,,11970.110957362629,2651.2010986590135,9318.909858703613,4,2
2019-04-02,1554235200000,,12006.23083729437,289.58501667669134,11716.645820617676,5,2
2019-04-03,1554321600000,,11991.98689121893,289.58501667669134,11702.401874542236,5,2
2019-04-04,1554408000000,,11923.707041212827,289.58501667669134,11634.122024536133,5,2
2019-04-05,1554494400000,,11938.088073295272,2.3160510479569894,11935.772022247314,5,2
2019-04-08,1554753600000,,11945.126220267928,2.3160510479569894,11942.81016921997,5,2
2019-04-09,1554840000000,,11846.70011476866,2.3160510479569894,11844.384063720703,5,2
2019-04-10,1554926400000,,11914.709186118758,2.3160510479569894,11912.3931350708,5,2
2019-04-11,1555012800000,,11875.758060020125,2.3160510479569894,11873.442008972168,5,2
2019-04-12,1555099200000,,11959.247771037266,2510.43595005338,9448.811820983887,4,2
2019-04-15,1555358400000,,11952.12708272269,141.94593419363946,11810.181148529053,5,2
2019-04-16,1555444800000,,11887.244045155552,141.94593419363946,11745.298110961914,5,2
2019-04-17,1555531200000,,11817.590867607763,2368.130769341163,9449.460098266602,4,2
2019-04-18,1555617600000,,11847.183303862628,41.93534091096899,11805.24796295166,5,2
2019-04-22,1555963200000,,11827.345119505939,41.93534091096899,11785.40977859497,5,2
2019-04-23,1556049600000,,11884.332300990565,82.78048977230492,11801.551811218262,5,2
2019-04-24,1556136000000,,11820.673392146571,82.78048977230492,11737.892902374268,5,2
2019-04-25,1556222400000,,11726.180930225235,4520.870856372698,7205.310073852539,3,2
2019-04-26,1556308800000,,11828.492239363175,16.29512251137021,11812.197116851807,5,2
2019-04-29,1556568000000,,11795.155111677628,16.29512251137021,11778.85998916626,5,2
2019-04-30,1556654400000,,11854.270006544572,16.29512251137021,11837.974884033203,5,2
2019-05-01,1556740800000,,11940.238497088014,2411.0384658074977,9529.200031280518,4,2
2019-05-02,1556827200000,,11925.878910447465,95.16373100410738,11830.71517944336,5,2
2019-05-03,1556913600000,,12035.167763139116,95.16373100410738,11940.00403213501,5,2
2019-05-06,1557172800000,,12029.591984177934,95.16373100410738,11934.428253173828,5,2
2019-05-07,1557259200000,,11877.432590867387,95.16373100410738,11782.268859863281,5,2
2019-05-08,1557345600000,,11845.856636430131,95.16373100410738,11750.692905426025,5,2
2019-05-09,1557432000000,,11924.39870109688,95.16373100410738,11829.234970092773,5,2
2019-05-10,1557518400000,,11986.529730200506,4875.227537512517,7111.302192687988,3,2
2019-05-13,1557777600000,,11948.881414161091,252.16532300508698,11696.716091156006,5,2
2019-05-14,1557864000000,,12003.397302375202,252.16532300508698,11751.231979370117,5,2
2019-05-15,1557950400000,,12092.386346564655,252.16532300508698,11840.22102355957,5,2
2019-05-16,1558036800000,,12215.797290843613,2779.6873054920497,9436.109985351562,4,2
2019-05-17,1558123200000,,12247.547419864204,371.13739331391116,11876.410026550293,5,2
2019-05-20,1558382400000,,12186.188771773433,368.18865733251505,11818.000114440918,5,2
2019-05-21,1558468800000,,12248.763509322262,368.18865733251505,11880.574851989746,5,2
2019-05-22,1558555200000,,12300.528737593746,368.18865733251505,11932.34008026123,5,2
2019-05-23,1558641600000,,12283.11387400732,368.18865733251505,11914.925216674805,5,2
2019-05-24,1558728000000,,12243.876796655451,2758.031734399591,9485.84506225586,4,1
2019-05-28,1559073600000,,12117.434786673013,324.7635372833656,11792.671249389648,5,2
2019-05-29,1559160000000,,12072.40742003483,324.7635372833656,11747.643882751465,5,2
2019-05-30,1559246400000,,12118.738497610513,324.7635372833656,11793.974960327148,5,2
2019-05-31,1559332800000,,12141.225843612834,294.584951584025,11846.640892028809,5,1
2019-06-03,1559592000000,,12136.85085324508,12136.85085324508,0,0,0
2019-06-04,1559678400000,,12136.85085324508,12136.85085324508,0,0,0
2019-06-05,1559764800000,,12193.676788696604,283.86140097077396,11909.81538772583,5,2
2019-06-06,1559851200000,,12305.105133423167,283.86140097077396,12021.243732452393,5,2
2019-06-07,1559937600000,,12356.9996188968,283.86140097077396,12073.138217926025,5,2
2019-06-10,1560196800000,,12306.231310257273,283.86140097077396,12022.369909286499,5,2
2019-06-11,1560283200000,,12181.024761566478,283.86140097077396,11897.163360595703,5,2
2019-06-12,1560369600000,,12186.696083435374,283.86140097077396,11902.8346824646,5,2
2019-06-13,1560456000000,,12333.961656936961,283.86140097077396,12050.100255966187,5,2
2019-06-14,1560542400000,,12317.36651266511,283.86140097077396,12033.505111694336,5,2
2019-06-17,1560801600000,,12236.867233642894,283.86140097077396,11953.00583267212,5,2
2019-06-18,1560888000000,,12326.89395559724,283.86140097077396,12043.032554626465,5,2
2019-06-19,1560974400000,,12399.928842911082,283.86140097077396,12116.067441940308,5,2
2019-06-20,1561060800000,,12546.07319677766,283.86140097077396,12262.211795806885,5,2
2019-06-21,1561147200000,,12487.818648365479,2878.518713978273,9609.299934387207,4,1
2019-06-24,1561406400000,,12455.251988647622,381.4319622499179,12073.820026397705,5,1
2019-06-25,1561492800000,,12448.731938598794,381.4319622499179,12067.299976348877,5,1
2019-06-26,1561579200000,,12418.861706970376,381.4319622499179,12037.429744720459,5,1
2019-06-27,1561665600000,,12456.211949585122,381.4319622499179,12074.779987335205,5,1
2019-06-28,1561752000000,,12527.851868866128,381.4319622499179,12146.419906616211,5,1
2019-07-01,1562011200000,,12660.431760070962,381.4319622499179,12278.999797821045,5,1
2019-07-02,1562097600000,,12673.37662703352,2904.2665653880126,9769.110061645508,4,1
2019-07-03,1562184000000,,12829.971164307324,412.7611118170903,12417.210052490234,5,2
2019-07-05,1562356800000,,12839.890857300488,412.7611118170903,12427.129745483398,5,2
2019-07-08,1562616000000,,12792.781276306836,412.7611118170903,12380.020164489746,5,2
2019-07-09,1562702400000,,12779.911079010693,412.7611118170903,12367.149967193604,5,2
2019-07-10,1562788800000,,12829.225130303577,2848.165128930286,9981.060001373291,4,2
2019-07-11,1562875200000,,12829.226610875125,395.09643433093606,12434.13017654419,5,2
2019-07-12,1562961600000,,12913.136454319949,395.09643433093606,12518.040019989014,5,2
2019-07-15,1563220800000,,12926.466372227664,395.09643433093606,12531.369937896729,5,2
2019-07-16,1563307200000,,12909.306494450564,395.09643433093606,12514.210060119629,5,2
2019-07-17,1563393600000,,12828.196268773074,395.09643433093606,12433.099834442139,5,2
2019-07-18,1563480000000,,12829.966376042361,395.09643433093606,12434.869941711426,5,2
2019-07-19,1563566400000,,12673.966208195681,395.09643433093606,12278.869773864746,5,2
2019-07-22,1563825600000,,12674.801731362359,508.04163385869606,12166.760097503662,5,2
2019-07-23,1563912000000,,12759.26171900274,508.04163385869606,12251.220085144043,5,2
2019-07-24,1563998400000,,12835.441398873345,508.04163385869606,12327.399765014648,5,2
2019-07-25,1564084800000,,12795.91170526983,508.04163385869606,12287.870071411133,5,2
2019-07-26,1564171200000,,12863.101551308648,508.04163385869606,12355.059917449951,5,2
2019-07-29,1564430400000,,12883.899706728736,3015.1599263027115,9868.739780426025,4,1
2019-07-30,1564516800000,,12813.715191932046,459.09543332608837,12354.619758605957,5,1
2019-07-31,1564603200000,,12624.002677231776,5134.8328049478405,7489.169872283936,3,1
2019-08-01,1564689600000,,12410.101874860828,140.43190339476268,12269.669971466064,5,2
2019-08-02,1564776000000,,12379.77212861449,140.43190339476268,12239.340225219727,5,2
2019-08-05,1565035200000,,12121.377272591155,4886.712054237883,7234.6652183532715,3,2
2019-08-06,1565121600000,,12193.236187985643,5057.581112912402,7135.655075073242,3,2
2019-08-07,1565208000000,,12290.951446599964,541.0014877986941,11749.94995880127,5,2
2019-08-08,1565294400000,,12535.44153220177,541.0014877986941,11994.440044403076,5,2
2019-08-09,1565380800000,,12570.616481847766,541.0014877986941,12029.614994049072,5,2
2019-08-12,1565640000000,,12502.53129202843,541.0014877986941,11961.529804229736,5,2
2019-08-13,1565726400000,,12530.271549291614,541.0014877986941,11989.27006149292,5,2
2019-08-14,1565812800000,,12245.591507024768,541.0014877986941,11704.590019226074,5,2
2019-08-15,1565899200000,,12445.161514348987,541.0014877986941,11904.160026550293,5,2
2019-08-16,1565985600000,,12459.746650762561,541.0014877986941,11918.745162963867,5,2
2019-08-19,1566244800000,,12557.016422338489,541.0014877986941,12016.014934539795,5,2
2019-08-20,1566331200000,,12543.086292333606,541.0014877986941,12002.084804534912,5,2
2019-08-21,1566417600000,,12711.483535450425,3150.1035076794296,9561.380027770996,4,1
2019-08-22,1566504000000,,12733.454109176466,3087.7441253507827,9645.709983825684,4,1
2019-08-23,1566590400000,,12585.055205050368,649.6353442105242,11935.419860839844,5,2
2019-08-26,1566849600000,,12723.425352755447,649.6353442105242,12073.790008544922,5,2
2019-08-27,1566936000000,,12705.065245333572,649.6353442105242,12055.429901123047,5,2
2019-08-28,1567022400000,,12671.66527432527,649.6353442105242,12022.029930114746,5,2
2019-08-29,1567108800000,,12610.470676412035,2960.4906730551015,9649.980003356934,4,1
2019-08-30,1567195200000,,12535.599842085985,541.4999046470207,11994.099937438965,5,1
2019-09-03,1567540800000,,12613.55130406114,5271.701252181258,7341.850051879883,3,1
2019-09-04,1567627200000,,12547.338722484054,413.1486666368851,12134.190055847168,5,2
2019-09-05,1567713600000,,12282.290105056032,5161.8300525658,7120.460052490234,3,1
2019-09-06,1567800000000,,12288.369738482303,359.57978334314384,11928.78995513916,5,1
2019-09-09,1568059200000,,12057.324459524685,2679.8442959504678,9377.480163574219,4,1
2019-09-10,1568145600000,,12021.860730304072,7131.200814379999,4890.659915924072,2,2
2019-09-11,1568232000000,,11953.247123377429,656.103507654773,11297.143615722656,5,2
2019-09-12,1568318400000,,11865.260162012682,656.103507654773,11209.15665435791,5,2
2019-09-13,1568404800000,,11936.010203974352,656.103507654773,11279.90669631958,5,2
2019-09-16,1568664000000,,12062.703628199206,656.103507654773,11406.600120544434,5,2
2019-09-17,1568750400000,,11943.79642190099,708.3463562881966,11235.450065612793,5,2
2019-09-18,1568836800000,,11951.423218623402,708.3463562881966,11243.076862335205,5,2
2019-09-19,1568923200000,,11789.172707453969,708.3463562881966,11080.826351165771,5,2
2019-09-20,1569009600000,,11710.336281672719,708.3463562881966,11001.989925384521,5,2
2019-09-23,1569268800000,,11720.349663630726,708.3463562881966,11012.00330734253,5,2
2019-09-24,1569355200000,,11577.819238301272,2975.282556172366,8602.536682128906,4,2
2019-09-25,1569441600000,,11656.945905387185,449.2224938271288,11207.723411560059,5,2
2019-09-26,1569528000000,,11756.469121634744,449.2224938271288,11307.246627807617,5,2
2019-09-27,1569614400000,,11638.099034964822,449.2224938271288,11188.876541137695,5,2
2019-09-30,1569873600000,,11652.565850913308,449.2224938271288,11203.343357086182,5,2
2019-10-01,1569960000000,,11484.379178702615,449.2224938271288,11035.156684875488,5,2
2019-10-02,1570046400000,,11381.185071124848,377.9650622747499,11003.220008850098,5,1
2019-10-03,1570132800000,,11320.926850298296,4523.587006548296,6797.33984375,3,2
2019-10-04,1570219200000,,11472.770200008208,767.5982563436569,10705.17194366455,5,2
2019-10-07,1570478400000,,11444.658082240874,767.5982563436569,10677.059825897217,5,2
2019-10-08,1570564800000,,11312.782323116118,767.5982563436569,10545.184066772461,5,2
2019-10-09,1570651200000,,11401.354342693145,767.5982563436569,10633.756086349487,5,2
2019-10-10,1570737600000,,11419.16845440274,767.5982563436569,10651.570198059082,5,2
2019-10-11,1570824000000,,11401.163664621443,2943.459921640486,8457.703742980957,4,2
2019-10-14,1571083200000,,11355.577349409106,678.8475196208979,10676.729829788208,5,2
2019-10-15,1571169600000,,11435.519484266284,678.8475196208979,10756.671964645386,5,2
2019-10-16,1571256000000,,11351.975302442554,678.8475196208979,10673.127782821655,5,2
2019-10-17,1571342400000,,11395.209492429736,678.8475196208979,10716.361972808838,5,2
2019-10-18,1571428800000,,11361.005558713916,678.8475196208979,10682.158039093018,5,2
2019-10-21,1571688000000,,11508.7174956646,678.8475196208979,10829.869976043701,5,2
2019-10-22,1571774400000,,11463.411875248677,3006.177780628924,8457.234094619751,4,2
2019-10-23,1571860800000,,11552.357953456838,2751.1740812339403,8801.1838722229,4,2
2019-10-24,1571947200000,,11737.33920091738,431.18115228762144,11306.15804862976,5,2
2019-10-25,1572033600000,,11704.56911272158,431.18115228762144,11273.38796043396,5,2
2019-10-28,1572292800000,,11614.01455971881,4723.434590312684,6890.579969406128,3,1
2019-10-29,1572379200000,,11533.732742347029,144.22110942771906,11389.511632919312,5,1
2019-10-30,1572465600000,,11642.106349982527,144.22110942771906,11497.88524055481,5,1
2019-10-31,1572552000000,,11598.820093192366,144.22110942771906,11454.598983764648,5,1
2019-11-01,1572638400000,,11663.506788291243,144.22110942771906,11519.285678863525,5,1
2019-11-04,1572901200000,,11511.742673377092,4569.746810416276,6941.995862960815,3,1
2019-11-05,1572987600000,,11321.67784122131,663.055036579588,10658.622804641724,5,1
2019-11-06,1573074000000,,11280.493473053615,856.0100898749015,10424.483383178711,5,1
2019-11-07,1573160400000,,11246.896109611669,732.7965002366691,10514.099609375,5,1
2019-11-08,1573246800000,,11259.439574272314,732.7965002366691,10526.643074035645,5,1
2019-11-11,1573506000000,,11248.18268874375,732.7965002366691,10515.38618850708,5,1
2019-11-12,1573592400000,,11201.79944327561,732.7965002366691,10469.00294303894,5,1
2019-11-13,1573678800000,,11222.410244956784,2261.7740125806845,8960.636232376099,4,1
2019-11-14,1573765200000,,11216.949661894634,23.423998518779626,11193.525663375854,5,2
2019-11-15,1573851600000,,11277.407250090435,23.423998518779626,11253.983251571655,5,2
2019-11-18,1574110800000,,11368.173988982036,23.423998518779626,11344.749990463257,5,2
2019-11-19,1574197200000,,11249.205731077984,23.423998518779626,11225.781732559204,5,2
2019-11-20,1574283600000,,11193.186779094922,45.08671195624902,11148.100067138672,5,2
2019-11-21,1574370000000,,11146.636493755566,45.08671195624902,11101.549781799316,5,2
2019-11-22,1574456400000,,11118.936691356885,45.08671195624902,11073.849979400635,5,2
2019-11-25,1574715600000,,11228.576377941357,45.08671195624902,11183.489665985107,5,2
2019-11-26,1574802000000,,11287.426479412305,45.08671195624902,11242.339767456055,5,2
2019-11-27,1574888400000,,11320.206794811475,45.08671195624902,11275.120082855225,5,2
2019-11-29,1575061200000,,11257.386783672559,45.08671195624902,11212.300071716309,5,2
2019-12-02,1575320400000,,11155.92672355293,45.08671195624902,11110.84001159668,5,2
2019-12-03,1575406800000,,11069.31658179878,45.08671195624902,11024.22986984253,5,2
2019-12-04,1575493200000,,11184.268204492473,27.178376001262677,11157.089828491211,5,2
2019-12-05,1575579600000,,11133.22450582025,2149.9743990087272,8983.250106811523,4,2
2019-12-06,1575666000000,,11180.76633047937,648.5761373031,10532.19019317627,5,2
2019-12-09,1575925200000,,11147.325961827026,648.5761373031,10498.749824523926,5,2
2019-12-10,1576011600000,,11209.779538299446,2868.5694324034507,8341.210105895996,4,2
2019-12-11,1576098000000,,11205.699698017548,640.3997598156438,10565.299938201904,5,2
2019-12-12,1576184400000,,11236.92763232349,3009.9375352775915,8226.990097045898,4,1
2019-12-13,1576270800000,,11305.888337364011,773.0223724744851,10532.865964889526,5,2
2019-12-16,1576530000000,,11406.358514060788,773.0223724744851,10633.336141586304,5,2
2019-12-17,1576616400000,,11291.162242164426,773.0223724744851,10518.139869689941,5,2
2019-12-18,1576702800000,,11302.6322147749,773.0223724744851,10529.609842300415,5,2
2019-12-19,1576789200000,,11359.77573186619,768.0838430569856,10591.691888809204,5,2
2019-12-20,1576875600000,,11395.56167012913,768.0838430569856,10627.477827072144,5,2
2019-12-23,1577134800000,,11463.681766335794,768.0838430569856,10695.597923278809,5,2
2019-12-24,1577221200000,,11457.795844857523,768.0838430569856,10689.712001800537,5,2
2019-12-26,1577394000000,,11485.229825799295,768.0838430569856,10717.14598274231,5,2
2019-12-27,1577480400000,,11451.76381856663,768.0838430569856,10683.679975509644,5,2
2019-12-30,1577739600000,,11394.345301248712,3090.8552270909977,8303.490074157715,4,2
2019-12-31,1577826000000,,11428.819006098262,817.4251023659617,10611.3939037323,5,2
2020-01-02,1577998800000,,11626.137066019526,817.4251023659617,10808.711963653564,5,2
2020-01-03,1578085200000,,11364.832006221564,2980.797864681038,8384.034141540527,4,2
2020-01-06,1578344400000,,11373.132153939216,2503.592072915045,8869.54008102417,4,1
2020-01-07,1578430800000,,11313.078337440496,487.55818439484256,10825.520153045654,5,2
2020-01-08,1578517200000,,11363.038147697454,487.55818439484256,10875.479963302612,5,2
2020-01-09,1578603600000,,11362.428227195745,487.55818439484256,10874.870042800903,5,2
2020-01-10,1578690000000,,11352.0281093216,487.55818439484256,10864.469924926758,5,2
2020-01-13,1578949200000,,11308.62736832612,2482.517354364328,8826.110013961792,4,2
2020-01-14,1579035600000,,11309.161647998171,456.7217638123798,10852.439884185791,5,2
2020-01-15,1579122000000,,11240.677358136363,4706.367307172007,6534.3100509643555,3,1
2020-01-16,1579208400000,,11283.889969938456,291.2401915723676,10992.649778366089,5,2
2020-01-17,1579294800000,,11244.740281217753,291.2401915723676,10953.500089645386,5,2
2020-01-21,1579640400000,,11282.560031049907,291.2401915723676,10991.319839477539,5,2
2020-01-22,1579726800000,,11293.91030608958,291.2401915723676,11002.670114517212,5,2
2020-01-23,1579813200000,,11324.657122946697,278.7172063359785,11045.939916610718,5,2
2020-01-24,1579899600000,,11213.860793177764,2511.6907473251026,8702.170045852661,4,2
2020-01-27,1580158800000,,11073.142026278345,4404.872123095361,6668.269903182983,3,1
2020-01-28,1580245200000,,11258.651919024926,343.6618944582758,10914.99002456665,5,2
2020-01-29,1580331600000,,11228.619956750837,4917.570029993025,6311.0499267578125,3,2
2020-01-30,1580418000000,,11151.192696564452,754.6916971137689,10396.500999450684,5,2
2020-01-31,1580504400000,,11010.456147187011,754.6916971137689,10255.764450073242,5,2
2020-02-03,1580763600000,,11061.216721527831,754.6916971137689,10306.525024414062,5,2
2020-02-04,1580850000000,,11034.66761055347,2849.825035480228,8184.842575073242,4,1
2020-02-05,1580936400000,,11188.763383933263,666.0239430152928,10522.739440917969,5,2
2020-02-06,1581022800000,,11195.560487815099,666.0239430152928,10529.536544799805,5,2
2020-02-07,1581109200000,,11163.797212668615,666.0239430152928,10497.77326965332,5,2
2020-02-10,1581368400000,,11242.879457541661,666.0239430152928,10576.855514526367,5,2
2020-02-11,1581454800000,,11361.615928383526,2996.5318982321587,8365.084030151367,4,1
2020-02-12,1581541200000,,11332.059594435543,738.7330410908166,10593.326553344727,5,2
2020-02-13,1581627600000,,11360.504334730953,738.7330410908166,10621.771293640137,5,2
2020-02-14,1581714000000,,11392.826470656246,738.7330410908166,10654.09342956543,5,2
2020-02-18,1582059600000,,11363.404710097164,738.7330410908166,10624.671669006348,5,2
2020-02-19,1582146000000,,11405.111268324703,738.7330410908166,10666.378227233887,5,2
2020-02-20,1582232400000,,11352.689133925289,738.7330410908166,10613.956092834473,5,2
2020-02-21,1582318800000,,11268.55265168652,738.7330410908166,10529.819610595703,5,2
2020-02-24,1582578000000,,10917.935508173872,2459.1811060132272,8458.754402160645,4,2
2020-02-25,1582664400000,,10767.614096440378,4593.094031132761,6174.520065307617,3,1
2020-02-26,1582750800000,,10675.32194997825,6432.822026272196,4242.499923706055,2,1
2020-02-27,1582837200000,,10357.15848225581,6244.248463334911,4112.910018920898,2,1
2020-02-28,1582923600000,,10277.210432902752,10277.210432902752,0,0,0
2020-03-02,1583182800000,,10277.210432902752,10277.210432902752,0,0,0
2020-03-03,1583269200000,,10176.132764525335,2456.5727135609795,7719.5600509643555,5,1
2020-03-04,1583355600000,,10273.076069478757,10273.076069478757,0,0,0
2020-03-05,1583442000000,,10154.817077463467,2095.234969919523,8059.582107543945,5,2
2020-03-06,1583528400000,,10000.730313025424,10000.730313025424,0,0,0
2020-03-09,1583784000000,,10000.730313025424,10000.730313025424,0,0,0
2020-03-10,1583870400000,,10000.730313025424,10000.730313025424,0,0,0
2020-03-11,1583956800000,,10000.730313025424,10000.730313025424,0,0,0
2020-03-12,1584043200000,,10000.730313025424,10000.730313025424,0,0,0
2020-03-13,1584129600000,,10000.730313025424,10000.730313025424,0,0,0
2020-03-16,1584388800000,,10000.730313025424,10000.730313025424,0,0,0
2020-03-17,1584475200000,,10000.730313025424,10000.730313025424,0,0,0
2020-03-18,1584561600000,,10000.730313025424,10000.730313025424,0,0,0
2020-03-19,1584648000000,,10000.730313025424,10000.730313025424,0,0,0
2020-03-20,1584734400000,,10000.730313025424,10000.730313025424,0,0,0
2020-03-23,1584993600000,,10000.730313025424,10000.730313025424,0,0,0
2020-03-24,1585080000000,,10000.730313025424,10000.730313025424,0,0,0
2020-03-25,1585166400000,,10000.730313025424,10000.730313025424,0,0,0
2020-03-26,1585252800000,,10000.730313025424,10000.730313025424,0,0,0
2020-03-27,1585339200000,,10000.730313025424,10000.730313025424,0,0,0
2020-03-30,1585598400000,,10000.730313025424,10000.730313025424,0,0,0
2020-03-31,1585684800000,,10000.730313025424,10000.730313025424,0,0,0
2020-04-01,1585771200000,,10000.730313025424,10000.730313025424,0,0,0
2020-04-02,1585857600000,,10000.730313025424,10000.730313025424,0,0,0
2020-04-03,1585944000000,,10000.730313025424,10000.730313025424,0,0,0
2020-04-06,1586203200000,,10000.730313025424,10000.730313025424,0,0,0
2020-04-07,1586289600000,,10000.730313025424,10000.730313025424,0,0,0
2020-04-08,1586376000000,,10000.730313025424,10000.730313025424,0,0,0
2020-04-09,1586462400000,,10000.730313025424,10000.730313025424,0,0,0
2020-04-13,1586808000000,,10000.730313025424,10000.730313025424,0,0,0
2020-04-14,1586894400000,,10000.730313025424,10000.730313025424,0,0,0
2020-04-15,1586980800000,,10000.730313025424,10000.730313025424,0,0,0
2020-04-16,1587067200000,,10000.730313025424,10000.730313025424,0,0,0
2020-04-17,1587153600000,,10000.730313025424,10000.730313025424,0,0,0
2020-04-20,1587412800000,,10000.730313025424,10000.730313025424,0,0,0
2020-04-21,1587499200000,,10000.730313025424,10000.730313025424,0,0,0
2020-04-22,1587585600000,,10000.730313025424,10000.730313025424,0,0,0
2020-04-23,1587672000000,,10000.730313025424,10000.730313025424,0,0,0
2020-04-24,1587758400000,,10000.730313025424,10000.730313025424,0,0,0
2020-04-27,1588017600000,,10000.730313025424,10000.730313025424,0,0,0
2020-04-28,1588104000000,,10000.730313025424,10000.730313025424,0,0,0
2020-04-29,1588190400000,,10000.730313025424,10000.730313025424,0,0,0
2020-04-30,1588276800000,,10000.730313025424,10000.730313025424,0,0,0
2020-05-01,1588363200000,,10000.730313025424,10000.730313025424,0,0,0
2020-05-04,1588622400000,,10000.730313025424,10000.730313025424,0,0,0
2020-05-05,1588708800000,,10000.730313025424,10000.730313025424,0,0,0
2020-05-06,1588795200000,,10000.730313025424,10000.730313025424,0,0,0
2020-05-07,1588881600000,,10000.730313025424,10000.730313025424,0,0,0
2020-05-08,1588968000000,,10000.730313025424,10000.730313025424,0,0,0
2020-05-11,1589227200000,,10000.730313025424,10000.730313025424,0,0,0
2020-05-12,1589313600000,,10000.730313025424,10000.730313025424,0,0,0
2020-05-13,1589400000000,,10000.730313025424,10000.730313025424,0,0,0
2020-05-14,1589486400000,,10000.730313025424,10000.730313025424,0,0,0
2020-05-15,1589572800000,,10000.730313025424,10000.730313025424,0,0,0
2020-05-18,1589832000000,,10000.730313025424,10000.730313025424,0,0,0
2020-05-19,1589918400000,,10000.730313025424,10000.730313025424,0,0,0
2020-05-20,1590004800000,,10000.730313025424,10000.730313025424,0,0,0
2020-05-21,1590091200000,,10000.730313025424,10000.730313025424,0,0,0
2020-05-22,1590177600000,,10000.730313025424,10000.730313025424,0,0,0
2020-05-26,1590523200000,,10000.730313025424,10000.730313025424,0,0,0
2020-05-27,1590609600000,,10000.730313025424,10000.730313025424,0,0,0
2020-05-28,1590696000000,,9995.708742679706,2734.018694461933,7261.690048217773,5,2
2020-05-29,1590782400000,,10188.368624271503,2734.018694461933,7454.34992980957,5,2
2020-06-01,1591041600000,,10197.998735965839,2734.018694461933,7463.980041503906,5,2
2020-06-02,1591128000000,,10176.41862732326,2734.018694461933,7442.399932861328,5,2
2020-06-03,1591214400000,,10013.178804935565,2734.018694461933,7279.160110473633,5,2
2020-06-04,1591300800000,,9926.288668216815,2734.018694461933,7192.269973754883,5,2
2020-06-05,1591387200000,,9938.36882263576,2734.018694461933,7204.350128173828,5,2
2020-06-08,1591646400000,,10006.69876343166,2734.018694461933,7272.680068969727,5,2
2020-06-09,1591732800000,,10072.520448807834,1900.1254597941627,8172.394989013672,5,2
2020-06-10,1591819200000,,10191.842867020725,1900.1254597941627,8291.717407226562,5,2
2020-06-11,1591905600000,,9957.675531510471,1900.1254597941627,8057.550071716309,5,2
2020-06-12,1591992000000,,10045.767180559009,10045.767180559009,0,0,0
2020-06-15,1592251200000,,10148.044851586552,6781.901525780888,3366.143325805664,2,1
2020-06-16,1592337600000,,10171.831597705774,3182.8741849860476,6988.957412719727,5,2
2020-06-17,1592424000000,,10237.970147510461,3182.8741849860476,7055.095962524414,5,2
2020-06-18,1592510400000,,10243.48705806344,3182.8741849860476,7060.612873077393,5,2
2020-06-19,1592596800000,,10232.883134265832,3182.8741849860476,7050.008949279785,5,2
2020-06-22,1592856000000,,10338.171216388635,3182.8741849860476,7155.297031402588,5,2
2020-06-23,1592942400000,,10320.925622363977,3182.8741849860476,7138.05143737793,5,2
2020-06-24,1593028800000,,10237.054219623498,3182.8741849860476,7054.180034637451,5,2
2020-06-25,1593115200000,,10288.308446308069,3182.8741849860476,7105.4342613220215,5,2
2020-06-26,1593201600000,,10216.40537395089,3182.8741849860476,7033.531188964844,5,2
2020-06-29,1593460800000,,10236.771734976695,10236.771734976695,0,0,0
2020-06-30,1593547200000,,10317.963487063316,1929.5824026211785,8388.381084442139,5,2
2020-07-01,1593633600000,,10362.843711291222,1929.5824026211785,8433.261308670044,5,2
2020-07-02,1593720000000,,10391.911448870567,1929.5824026211785,8462.32904624939,5,2
2020-07-06,1594065600000,,10521.268763934044,1929.5824026211785,8591.686361312866,5,2
2020-07-07,1594152000000,,10453.274362002281,1929.5824026211785,8523.691959381104,5,2
2020-07-08,1594238400000,,10512.612935458092,1929.5824026211785,8583.030532836914,5,2
2020-07-09,1594324800000,,10511.69591656771,1929.5824026211785,8582.113513946533,5,2
2020-07-10,1594411200000,,10505.379062090782,1929.5824026211785,8575.796659469604,5,2
2020-07-13,1594670400000,,10397.638921175865,1929.5824026211785,8468.056518554688,5,2
2020-07-14,1594756800000,,10534.57069340792,1929.5824026211785,8604.988290786743,5,2
2020-07-15,1594843200000,,10641.205407534508,1929.5824026211785,8711.62300491333,5,2
2020-07-16,1594929600000,,10652.556628619102,1929.5824026211785,8722.974225997925,5,2
2020-07-17,1595016000000,,10766.664967928795,1929.5824026211785,8837.082565307617,5,2
2020-07-20,1595275200000,,10875.201153619022,3698.798582894534,7176.402570724487,4,2
2020-07-21,1595361600000,,10853.948491404011,2402.0604680275437,8451.888023376465,5,2
2020-07-22,1595448000000,,10958.34005229774,5928.900179556042,5029.439872741699,3,1
2020-07-23,1595534400000,,10853.83415132495,2172.762488422119,8681.071662902832,5,2
2020-07-24,1595620800000,,10806.503324802648,3590.8500083048466,7215.653316497803,4,2
2020-07-27,1595880000000,,10996.957918180315,2206.7321405542784,8790.225777626038,5,2
2020-07-28,1595966400000,,10854.141335500566,2206.7321405542784,8647.409194946289,5,2
2020-07-29,1596052800000,,11094.702954305498,2206.7321405542784,8887.97081375122,5,2
2020-07-30,1596139200000,,11190.70045377144,2206.7321405542784,8983.968313217163,5,2
2020-07-31,1596225600000,,11174.848446859209,2206.7321405542784,8968.116306304932,5,2
2020-08-03,1596484800000,,11254.839245809404,2206.7321405542784,9048.107105255127,5,2
2020-08-04,1596571200000,,11304.28494645485,2206.7321405542784,9097.552805900574,5,2
2020-08-05,1596657600000,,11417.119490931855,6020.221708606109,5396.897782325745,3,2
2020-08-06,1596744000000,,11473.134628556532,2429.220522187514,9043.914106369019,5,2
2020-08-07,1596830400000,,11567.509647630019,2429.220522187514,9138.289125442505,5,2
2020-08-10,1597089600000,,11698.07885577516,2429.220522187514,9268.858333587646,5,2
2020-08-11,1597176000000,,11652.470738671584,2429.220522187514,9223.25021648407,5,2
2020-08-12,1597262400000,,11712.39271666841,2429.220522187514,9283.172194480896,5,2
2020-08-13,1597348800000,,11665.255863756332,3996.8326049748994,7668.423258781433,4,2
2020-08-14,1597435200000,,11654.719314275742,2438.6709009990695,9216.048413276672,5,2
2020-08-17,1597694400000,,11694.57847062931,4851.33843271122,6843.240037918091,4,1
2020-08-18,1597780800000,,11656.6392353798,3368.697539212807,8287.941696166992,5,1
2020-08-19,1597867200000,,11651.911025884256,3368.697539212807,8283.213486671448,5,1
2020-08-20,1597953600000,,11558.740915181741,3368.697539212807,8190.043375968933,5,1
2020-08-21,1598040000000,,11501.869192006692,3368.697539212807,8133.171652793884,5,1
2020-08-24,1598299200000,,11587.537523152932,3368.697539212807,8218.839983940125,5,1
2020-08-25,1598385600000,,11567.890783959861,4821.647306138512,6746.24347782135,4,1
2020-08-26,1598472000000,,11618.142590685999,2633.5175925933463,8984.624998092651,5,1
2020-08-27,1598558400000,,11579.998147142052,4004.914721620202,7575.083425521851,4,1
2020-08-28,1598644800000,,11667.527440990472,1860.6125526085139,9806.914888381958,5,2
2020-08-31,1598904000000,,11693.604063953424,1860.6125526085139,9832.99151134491,5,2
2020-09-01,1598990400000,,11773.415376063733,2754.225251552012,9019.190124511719,4,2
2020-09-02,1599076800000,,11996.961666242922,2670.7216988967302,9326.239967346191,4,1
2020-09-03,1599163200000,,11453.706636723917,4836.286836919231,6617.4197998046875,3,1
2020-09-04,1599249600000,,11416.81213921979,6932.472226805241,4484.339912414551,2,1
2020-09-08,1599595200000,,11158.975894890738,214.1859550103668,10944.789939880371,5,2
2020-09-09,1599681600000,,11427.102158433607,1166.9019860092906,10260.200172424316,5,2
2020-09-10,1599768000000,,11284.061940080335,1166.9019860092906,10117.159954071045,5,2
2020-09-11,1599854400000,,11379.051964646986,1166.9019860092906,10212.149978637695,5,2
2020-09-14,1600113600000,,11462.18189705055,1166.9019860092906,10295.27991104126,5,2
2020-09-15,1600200000000,,11514.7121018235,1166.9019860092906,10347.810115814209,5,2
2020-09-16,1600286400000,,11407.851963884046,1166.9019860092906,10240.949977874756,5,2
2020-09-17,1600372800000,,11326.544826625552,1210.7348214375625,10115.810005187988,5,1
2020-09-18,1600459200000,,11202.305034755434,1210.7348214375625,9991.570213317871,5,1
2020-09-21,1600718400000,,11103.489553451685,693.0695323945565,10410.420021057129,5,2
2020-09-22,1600804800000,,11253.129583358912,693.0695323945565,10560.060050964355,5,2
2020-09-23,1600891200000,,11185.63332391296,1615.9367449334684,9569.696578979492,5,2
2020-09-24,1600977600000,,11171.764696664912,3214.7343469334683,7957.030349731445,4,2
2020-09-25,1601064000000,,11352.484775004086,1536.4527906748642,9816.031984329224,5,2
2020-09-28,1601323200000,,11442.220366892514,1536.4527906748642,9905.767576217651,5,2
2020-09-29,1601409600000,,11465.68803542584,1536.4527906748642,9929.235244750977,5,2
2020-09-30,1601496000000,,11483.339662012753,1536.4527906748642,9946.88687133789,5,2
2020-10-01,1601582400000,,11494.669581827817,1536.4527906748642,9958.216791152954,5,2
2020-10-02,1601668800000,,11550.247369227109,1536.4527906748642,10013.794578552246,5,2
2020-10-05,1601928000000,,11633.351062592068,3950.217954453032,7683.133108139038,4,2
2020-10-06,1602014400000,,11561.988068478298,2357.0363644530316,9204.951704025269,5,2
2020-10-07,1602100800000,,11707.187193768215,2357.0363644530316,9350.150829315186,5,2
2020-10-08,1602187200000,,11857.830862896633,2357.0363644530316,9500.794498443604,5,2
2020-10-09,1602273600000,,11835.71458710928,2357.0363644530316,9478.67822265625,5,2
2020-10-12,1602532800000,,11941.803583787065,4818.486002610307,7123.317581176758,4,1
2020-10-13,1602619200000,,11854.860146401506,2471.7662075739913,9383.093938827515,5,1
2020-10-14,1602705600000,,11842.634342679274,4025.3843426792737,7817.25,4,1
2020-10-15,1602792000000,,11896.264015419965,2255.870605690962,9640.393409729004,5,1
2020-10-16,1602878400000,,11896.463997109418,2255.870605690962,9640.593391418457,5,1
2020-10-19,1603137600000,,11751.08733580876,2255.870605690962,9495.216730117798,5,1
2020-10-20,1603224000000,,11843.371901656657,6921.6219169154465,4921.749984741211,3,1
2020-10-21,1603310400000,,11765.863216869244,2403.0232586783254,9362.839958190918,5,2
2020-10-22,1603396800000,,11798.693359844097,2403.0232586783254,9395.670101165771,5,2
2020-10-23,1603483200000,,11783.933300487408,2403.0232586783254,9380.910041809082,5,2
2020-10-26,1603742400000,,11542.658790139089,4239.018794564136,7303.639995574951,4,2
2020-10-27,1603828800000,,11452.45489850069,1819.6948811056695,9632.76001739502,5,2
2020-10-28,1603915200000,,11113.816454191585,5551.8564703659,5561.959983825684,3,2
2020-10-29,1604001600000,,11021.353834199173,5034.01379971431,5987.340034484863,4,2
2020-10-30,1604088000000,,10856.386376888197,5039.446488887707,5816.939888000488,4,2
2020-11-02,1604350800000,,10884.236587323132,3957.926704205456,6926.309883117676,5,2
2020-11-03,1604437200000,,11109.786620892468,3957.926704205456,7151.859916687012,5,2
2020-11-04,1604523600000,,11001.42823055794,4944.778106961749,6056.650123596191,4,2
2020-11-05,1604610000000,,11204.827400976443,2826.2674491942166,8378.559951782227,5,2
2020-11-06,1604696400000,,11306.866530723222,6363.446456260332,4943.420074462891,3,2
2020-11-09,1604955600000,,11234.598972635296,4124.152729349163,7110.446243286133,5,2
2020-11-10,1605042000000,,11229.885557673926,7268.195524714942,3961.6900329589844,3,2
2020-11-11,1605128400000,,11208.236500266943,3863.596477989112,7344.640022277832,5,2
2020-11-12,1605214800000,,11135.796490196142,3863.596477989112,7272.200012207031,5,2
2020-11-13,1605301200000,,11175.196545127783,3863.596477989112,7311.600067138672,5,2
2020-11-16,1605560400000,,11187.176472190771,3863.596477989112,7323.57999420166,5,2
2020-11-17,1605646800000,,11163.776356223974,3863.596477989112,7300.179878234863,5,2
2020-11-18,1605733200000,,11112.416477683935,3863.596477989112,7248.819999694824,5,2
2020-11-19,1605819600000,,11153.966381553564,3863.596477989112,7290.369903564453,5,2
2020-11-20,1605906000000,,11177.680445939186,4032.7004502116465,7144.979995727539,5,2
2020-11-23,1606165200000,,11163.490496903541,4032.7004502116465,7130.7900466918945,5,2
2020-11-24,1606251600000,,11172.550479203346,4032.7004502116465,7139.850028991699,5,2
2020-11-25,1606338000000,,11137.80048683274,4032.7004502116465,7105.100036621094,5,2
2020-11-27,1606510800000,,11214.6303437053,4032.7004502116465,7181.929893493652,5,2
2020-11-30,1606770000000,,11194.440448075416,4032.7004502116465,7161.7399978637695,5,2
2020-12-01,1606856400000,,11209.880503922584,4032.7004502116465,7177.1800537109375,5,2
2020-12-02,1606942800000,,11114.6205780803,4032.7004502116465,7081.920127868652,5,2
2020-12-03,1607029200000,,11108.220462113502,4032.7004502116465,7075.5200119018555,5,2
2020-12-04,1607115600000,,11211.952675447212,3744.3826070878367,7467.570068359375,5,2
2020-12-07,1607374800000,,11222.162712678657,3744.3826070878367,7477.78010559082,5,2
2020-12-08,1607461200000,,11253.75266324018,3744.3826070878367,7509.370056152344,5,2
2020-12-09,1607547600000,,11225.642783506904,2967.2727807603223,8258.370002746582,5,2
2020-12-10,1607634000000,,11250.482917173897,2967.2727807603223,8283.210136413574,5,2
2020-12-11,1607720400000,,11183.567184545402,2293.387146093254,8890.180038452148,5,2
2020-12-14,1607979600000,,11096.617111303214,2293.387146093254,8803.229965209961,5,2
2020-12-15,1608066000000,,11229.247024633292,2293.387146093254,8935.859878540039,5,2
2020-12-16,1608152400000,,11116.725358459196,4128.615205260954,6988.110153198242,4,2
2020-12-17,1608238800000,,11146.680598819628,2108.280559146777,9038.400039672852,5,2
2020-12-18,1608325200000,,11205.680518710986,2108.280559146777,9097.399959564209,5,2
2020-12-21,1608584400000,,11193.99064215459,2108.280559146777,9085.710083007812,5,2
2020-12-22,1608670800000,,11191.510402286425,2108.280559146777,9083.229843139648,5,2
2020-12-23,1608757200000,,11322.520450199023,2108.280559146777,9214.239891052246,5,2
2020-12-24,1608843600000,,11300.620627963915,2108.280559146777,9192.340068817139,5,2
2020-12-28,1609189200000,,11276.900558078662,2108.280559146777,9168.619998931885,5,2
2020-12-29,1609275600000,,11236.150638187304,2108.280559146777,9127.870079040527,5,2
2020-12-30,1609362000000,,11273.33042868413,2108.280559146777,9165.049869537354,5,2
2020-12-31,1609448400000,,11346.860431278124,2108.280559146777,9238.579872131348,5,2
2021-01-04,1609794000000,,11085.575908791152,3757.076004158584,7328.499904632568,4,2
2021-01-05,1609880400000,,11160.604067787735,1753.0740041585843,9407.53006362915,5,2
2021-01-06,1609966800000,,11606.17769784102,3965.947702113481,7640.229995727539,4,2
2021-01-07,1610053200000,,11658.877681550068,1877.7375600901046,9781.140121459961,5,2
2021-01-08,1610139600000,,11648.35761624245,1877.7375600901046,9770.620056152344,5,2
2021-01-11,1610398800000,,11682.727519806904,1877.7375600901046,9804.989959716797,5,2
2021-01-12,1610485200000,,11770.172165799211,4022.2420357943283,7747.930130004883,4,2
2021-01-13,1610571600000,,11708.216109795305,2316.8363337943283,9391.379776000977,5,2
2021-01-14,1610658000000,,11790.406508965227,2316.8363337943283,9473.570175170898,5,2
2021-01-15,1610744400000,,11666.326549095842,2316.8363337943283,9349.490215301514,5,2
2021-01-19,1611090000000,,11727.899717796696,4033.7096123584643,7694.190105438232,4,2
2021-01-20,1611176400000,,11751.517659192861,1694.127469068349,10057.390190124512,5,2
2021-01-21,1611262800000,,11733.427433973135,1694.127469068349,10039.299964904785,5,2
2021-01-22,1611349200000,,11604.807496076406,1694.127469068349,9910.680027008057,5,2
2021-01-25,1611608400000,,11499.177301199981,3282.9072435217586,8216.270057678223,4,2
2021-01-26,1611694800000,,11372.477146742172,1039.5272566054537,10332.949890136719,5,2
2021-01-27,1611781200000,,11304.593729522681,5369.003702667213,5935.590026855469,3,1
2021-01-28,1611867600000,,11111.62369748409,2119.0603315478093,8992.56336593628,5,2
2021-01-29,1611954000000,,10984.48883335402,3791.705984995866,7192.782848358154,4,2
2021-02-01,1612213200000,,11027.558449271712,1835.109760764631,9192.44868850708,5,2
2021-02-02,1612299600000,,11086.911655906233,1835.109760764631,9251.801895141602,5,2
2021-02-03,1612386000000,,11096.639111045393,1835.109760764631,9261.529350280762,5,2
2021-02-04,1612472400000,,11134.427433494124,1835.109760764631,9299.317672729492,5,2
2021-02-05,1612558800000,,11375.256606970413,2246.0014647585,9129.255142211914,5,2
2021-02-08,1612818000000,,11588.342254553421,2246.0014647585,9342.340789794922,5,2
2021-02-09,1612904400000,,11604.355155859574,2246.0014647585,9358.353691101074,5,2
2021-02-10,1612990800000,,11622.386390600785,2246.0014647585,9376.384925842285,5,2
2021-02-11,1613077200000,,11700.979583654984,2246.0014647585,9454.978118896484,5,2
2021-02-12,1613163600000,,11767.578010473831,2246.0014647585,9521.576545715332,5,2
2021-02-16,1613509200000,,11635.804511938675,2246.0014647585,9389.803047180176,5,2
2021-02-17,1613595600000,,11632.406967977513,4188.8470161952855,7443.559951782227,4,2
2021-02-18,1613682000000,,11531.089233223047,3236.449340644921,8294.639892578125,4,2
2021-02-19,1613768400000,,11703.794251628398,3372.1742946581826,8331.619956970215,4,2
2021-02-22,1614027600000,,11651.577865454692,1345.9679182501015,10305.60994720459,5,2
2021-02-23,1614114000000,,11596.872005410338,3622.062171883727,7974.809833526611,4,2
2021-02-24,1614200400000,,11757.35937597003,3670.759411828185,8086.599964141846,4,1
2021-02-25,1614286800000,,11584.004411898144,4304.704382143505,7279.300029754639,4,1
2021-02-26,1614373200000,,11588.887808063915,2049.699419239453,9539.188388824463,5,1
2021-03-01,1614632400000,,11922.329420307567,2049.699419239453,9872.630001068115,5,1
2021-03-02,1614718800000,,11762.648645618847,2049.699419239453,9712.949226379395,5,1
2021-03-03,1614805200000,,11676.18326781123,2049.699419239453,9626.483848571777,5,1
2021-03-04,1614891600000,,11502.208809672848,5156.227928935542,6345.980880737305,3,1
2021-03-05,1614978000000,,11706.206380535512,1761.1278244747186,9945.078556060791,5,2
2021-03-08,1615237200000,,11870.395517040639,1761.1278244747186,10109.267692565918,5,2
2021-03-09,1615323600000,,11913.732032608415,3693.3575666660336,8220.374465942383,4,1
2021-03-10,1615410000000,,12005.308291774225,2351.179711680842,9654.128580093384,5,2
2021-03-11,1615496400000,,12020.674582470006,4440.94590662772,7579.728675842285,4,1
2021-03-12,1615582800000,,12086.74443508422,2031.1335780743302,10055.610857009888,5,2
2021-03-15,1615838400000,,12029.394023614497,2529.102531152339,9500.291492462158,5,2
2021-03-16,1615924800000,,11870.759048181148,2529.102531152339,9341.656517028809,5,2
2021-03-17,1616011200000,,11834.745462563438,4031.4633637932957,7803.282098770142,4,2
2021-03-18,1616097600000,,11778.639405812704,4225.707009877646,7552.932395935059,4,2
2021-03-19,1616184000000,,11759.67124415142,2237.3362927506623,9522.334951400757,5,2
2021-03-22,1616443200000,,11796.533712870902,2237.3362927506623,9559.19742012024,5,2
2021-03-23,1616529600000,,11661.53612757427,2237.3362927506623,9424.199834823608,5,2
2021-03-24,1616616000000,,11654.843752391165,2237.3362927506623,9417.507459640503,5,2
2021-03-25,1616702400000,,11721.61495829553,3460.8849473092023,8260.730010986328,4,2
2021-03-26,1616788800000,,11804.65422069145,1958.2141381413994,9846.440082550049,5,2
2021-03-29,1617048000000,,11728.91425143791,1958.2141381413994,9770.700113296509,5,2
2021-03-30,1617134400000,,11832.41402637077,1958.2141381413994,9874.19988822937,5,2
2021-03-31,1617220800000,,11751.623958698041,1958.2141381413994,9793.40982055664,5,2
2021-04-01,1617307200000,,11936.254209628827,1958.2141381413994,9978.040071487427,5,2
2021-04-05,1617652800000,,12021.004171481854,1958.2141381413994,10062.790033340454,5,2
2021-04-06,1617739200000,,12107.104063144452,1958.2141381413994,10148.889925003052,5,2
2021-04-07,1617825600000,,12058.854101291425,1958.2141381413994,10100.639963150024,5,2
2021-04-08,1617912000000,,12126.764284244306,1958.2141381413994,10168.550146102905,5,2
2021-04-09,1617998400000,,12185.914295306928,1958.2141381413994,10227.700157165527,5,2
2021-04-12,1618257600000,,12227.784067264325,1958.2141381413994,10269.569929122925,5,2
2021-04-13,1618344000000,,12192.598892449681,4576.769020318334,7615.829872131348,4,2
2021-04-14,1618430400000,,12164.222674604964,2150.052870985578,10014.169803619385,5,2
2021-04-15,1618516800000,,12298.092906233382,2150.052870985578,10148.040035247803,5,2
2021-04-16,1618603200000,,12321.043009993147,2150.052870985578,10170.990139007568,5,2
2021-04-19,1618862400000,,12317.952763792586,2150.052870985578,10167.899892807007,5,2
2021-04-20,1618948800000,,12323.633008238387,2150.052870985578,10173.580137252808,5,2
2021-04-21,1619035200000,,12487.79281162889,2150.052870985578,10337.73994064331,5,2
2021-04-22,1619121600000,,12432.632910963606,2150.052870985578,10282.580039978027,5,2
2021-04-23,1619208000000,,12491.346156412861,4373.056277567646,8118.289878845215,4,2
2021-04-26,1619467200000,,12478.011183138326,1876.7913192467236,10601.219863891602,5,2
2021-04-27,1619553600000,,12474.561411257222,1876.7913192467236,10597.770092010498,5,2
2021-04-28,1619640000000,,12430.191093798116,1876.7913192467236,10553.399774551392,5,2
2021-04-29,1619726400000,,12541.421636934712,1876.7913192467236,10664.630317687988,5,2
2021-04-30,1619812800000,,12415.7013686852,1876.7913192467236,10538.910049438477,5,2
2021-05-03,1620072000000,,12521.291870639016,4518.541893527199,8002.749977111816,4,1
2021-05-04,1620158400000,,12467.659832916768,4446.699942551168,8020.959890365601,4,1
2021-05-05,1620244800000,,12421.778424166398,1001.592877291399,11420.185546875,5,2
2021-05-06,1620331200000,,12553.027033825516,189.67640974104506,12363.350624084473,5,2
2021-05-07,1620417600000,,12654.029700298905,189.67640974104506,12464.353290557861,5,2
2021-05-10,1620676800000,,12714.443953721253,5412.7638427898555,7301.6801109313965,3,1
2021-05-11,1620763200000,,12405.342432569249,1397.715780805332,11007.626651763916,5,1
2021-05-12,1620849600000,,12222.87701922921,8318.65690356759,3904.220115661621,2,1
2021-05-13,1620936000000,,12270.30419825493,2581.894265164719,9688.40993309021,5,1
2021-05-14,1621022400000,,12406.114388455735,2581.894265164719,9824.220123291016,5,1
2021-05-17,1621281600000,,12434.094338406907,2581.894265164719,9852.200073242188,5,1
2021-05-18,1621368000000,,12390.874197949754,2581.894265164719,9808.979932785034,5,1
2021-05-19,1621454400000,,12250.88417681379,4046.7341352335907,8204.1500415802,4,1
2021-05-20,1621540800000,,12345.227573755075,1835.117576959421,10510.109996795654,5,1
2021-05-21,1621627200000,,12357.32760846882,1835.117576959421,10522.2100315094,5,1
2021-05-24,1621886400000,,12420.49959104478,3946.0794059556674,8474.420185089111,4,1
2021-05-25,1621972800000,,12311.158253693979,1661.9980974439795,10649.16015625,5,1
2021-05-26,1622059200000,,12337.537907624643,1661.9980974439795,10675.539810180664,5,1
2021-05-27,1622145600000,,12380.408200288217,1661.9980974439795,10718.410102844238,5,1
2021-05-28,1622232000000,,12427.90802862684,1661.9980974439795,10765.909931182861,5,1
2021-06-01,1622577600000,,12442.387974763315,1661.9980974439795,10780.389877319336,5,1
2021-06-02,1622664000000,,12492.127957368295,1661.9980974439795,10830.129859924316,5,1
2021-06-03,1622750400000,,12525.148228669565,1661.9980974439795,10863.150131225586,5,1
2021-06-04,1622836800000,,12492.558072114389,1661.9980974439795,10830.55997467041,5,1
2021-06-07,1623096000000,,12465.858170533578,1661.9980974439795,10803.8600730896,5,1
2021-06-08,1623182400000,,12435.837872529428,1661.9980974439795,10773.83977508545,5,1
2021-06-09,1623268800000,,12407.821206036655,4011.0211686526222,8396.800037384033,4,1
2021-06-10,1623355200000,,12417.791413379808,3789.1414728890845,8628.649940490723,4,2
2021-06-11,1623441600000,,12443.8841225619,316.7738396639493,12127.11028289795,5,2
2021-06-14,1623700800000,,12433.633920382945,316.7738396639493,12116.860080718994,5,2
2021-06-15,1623787200000,,12481.913789462535,316.7738396639493,12165.139949798584,5,2
2021-06-16,1623873600000,,12392.543725680796,316.7738396639493,12075.769886016846,5,2
2021-06-17,1623960000000,,12384.563813876597,316.7738396639493,12067.789974212646,5,2
2021-06-18,1624046400000,,12092.44726401579,5010.627069771404,7081.820194244385,3,2
2021-06-21,1624305600000,,12196.32993627698,1225.6580841651623,10970.671852111816,5,1
2021-06-22,1624392000000,,12214.259612385988,719.2520821735857,11495.007530212402,5,2
2021-06-23,1624478400000,,12128.291938130616,719.2520821735857,11409.039855957031,5,2
2021-06-24,1624564800000,,12183.21451884961,719.2520821735857,11463.962436676025,5,2
2021-06-25,1624651200000,,12251.531951253175,719.2520821735857,11532.27986907959,5,2
2021-06-28,1624910400000,,12065.50082765708,2545.833396779394,9519.667430877686,4,2
2021-06-29,1624996800000,,12070.823410015266,736.1308898736634,11334.692520141602,5,2
2021-06-30,1625083200000,,12007.083469371955,736.1308898736634,11270.952579498291,5,2
2021-07-01,1625169600000,,12138.34585187928,736.1308898736634,11402.214962005615,5,2
2021-07-02,1625256000000,,12233.9208793451,736.1308898736634,11497.789989471436,5,2
2021-07-06,1625601600000,,12334.353355388801,736.1308898736634,11598.222465515137,5,2
2021-07-07,1625688000000,,12436.452994151907,831.7729404409702,11604.680053710938,5,2
2021-07-08,1625774400000,,12282.082907481985,831.7729404409702,11450.309967041016,5,2
2021-07-09,1625860800000,,12430.142752452688,831.7729404409702,11598.369812011719,5,2
2021-07-12,1626120000000,,12446.432822032766,831.7729404409702,11614.659881591797,5,2
2021-07-13,1626206400000,,12381.102927013235,831.7729404409702,11549.329986572266,5,2
2021-07-14,1626292800000,,12351.713064952688,831.7729404409702,11519.940124511719,5,2
2021-07-15,1626379200000,,12397.853049083547,831.7729404409702,11566.080108642578,5,2
2021-07-16,1626465600000,,12449.414727113059,3372.0848015759493,9077.32992553711,4,2
2021-07-19,1626724800000,,12312.851912805176,2623.4120553222656,9689.43985748291,4,2
2021-07-20,1626811200000,,12402.569774597168,268.70970532226556,12133.860069274902,5,2
2021-07-21,1626897600000,,12331.969692199707,268.70970532226556,12063.259986877441,5,2
2021-07-22,1626984000000,,12371.569820373536,268.70970532226556,12102.86011505127,5,2
2021-07-23,1627070400000,,12581.029643981934,268.70970532226556,12312.319938659668,5,2
2021-07-26,1627329600000,,12553.93977734375,268.70970532226556,12285.230072021484,5,2
2021-07-27,1627416000000,,12549.889629333496,268.70970532226556,12281.17992401123,5,2
2021-07-28,1627502400000,,12575.689640014649,268.70970532226556,12306.979934692383,5,2
2021-07-29,1627588800000,,12609.92784600976,2668.0678377700133,9941.860008239746,4,2
2021-07-30,1627675200000,,12590.123115462153,222.00310508617576,12368.120010375977,5,2
2021-08-02,1627934400000,,12600.043212813227,222.00310508617576,12378.04010772705,5,2
2021-08-03,1628020800000,,12704.159769527674,2739.79988335824,9964.359886169434,4,2
2021-08-04,1628107200000,,12527.607022656779,269.21703852591963,12258.38998413086,5,2
2021-08-05,1628193600000,,12567.417203320842,269.21703852591963,12298.200164794922,5,2
2021-08-06,1628280000000,,12520.127103223185,269.21703852591963,12250.910064697266,5,2
2021-08-09,1628539200000,,12557.386929883342,269.21703852591963,12288.169891357422,5,2
2021-08-10,1628625600000,,12525.806973828654,269.21703852591963,12256.589935302734,5,2
2021-08-11,1628712000000,,12509.807248486857,269.21703852591963,12240.590209960938,5,2
2021-08-12,1628798400000,,12599.107644381023,875.0476773400071,11724.059967041016,5,2
2021-08-13,1628884800000,,12606.427743257977,875.0476773400071,11731.380065917969,5,2
2021-08-16,1629144000000,,12652.637612642742,875.0476773400071,11777.589935302734,5,2
2021-08-17,1629230400000,,12560.100912006983,3160.160756977687,9399.940155029297,4,2
2021-08-18,1629316800000,,12497.63809900825,1248.3428948456528,11249.295204162598,5,2
2021-08-19,1629403200000,,12562.4645325354,3829.8121430090314,8732.652389526367,4,1
2021-08-20,1629489600000,,12732.701584173888,1346.156288458556,11386.545295715332,5,1
2021-08-23,1629748800000,,12771.036102606506,1346.156288458556,11424.87981414795,5,1
2021-08-24,1629835200000,,12789.777702643127,1346.156288458556,11443.62141418457,5,1
2021-08-25,1629921600000,,12841.766220404357,1346.156288458556,11495.6099319458,5,1
2021-08-26,1630008000000,,12803.810875250549,1346.156288458556,11457.654586791992,5,1
2021-08-27,1630094400000,,12911.997518314953,3987.9209268232535,8924.0765914917,4,1
2021-08-30,1630353600000,,13025.077548514171,1458.8704028232537,11566.207145690918,5,1
2021-08-31,1630440000000,,12910.03044088131,4055.2898326659783,8854.740608215332,4,1
2021-09-01,1630526400000,,13019.725792358513,1620.2269596558776,11399.498832702637,5,1
2021-09-02,1630612800000,,12989.95566832479,969.5771893208866,12020.378479003906,5,2
2021-09-03,1630699200000,,13058.102885121665,969.5771893208866,12088.525695800781,5,2
2021-09-07,1631044800000,,13049.254588002525,969.5771893208866,12079.67739868164,5,2
2021-09-08,1631131200000,,13071.863505238853,969.5771893208866,12102.286315917969,5,2
2021-09-09,1631217600000,,12990.796076649985,969.5771893208866,12021.218887329102,5,2
2021-09-10,1631304000000,,12912.208086956445,1661.7435636410157,11250.46452331543,5,2
2021-09-13,1631563200000,,12640.702241362127,5576.398995817694,7064.303245544434,3,1
2021-09-14,1631649600000,,12598.458484589737,746.1530684825589,11852.305416107178,5,2
2021-09-15,1631736000000,,12670.041076600235,746.1530684825589,11923.888008117676,5,2
2021-09-16,1631822400000,,12805.12239068715,746.1530684825589,12058.96932220459,5,2
2021-09-17,1631908800000,,12684.174415528458,746.1530684825589,11938.021347045898,5,2
2021-09-20,1632168000000,,12372.519091365406,2838.437395808764,9534.08169555664,4,1
2021-09-21,1632254400000,,12339.413113282339,635.6183745128046,11703.794738769531,5,1
2021-09-22,1632340800000,,12612.860524482814,2781.427647895899,9831.432876586914,4,1
2021-09-23,1632427200000,,12758.550317103663,745.6422055313974,12012.908111572266,5,2
2021-09-24,1632513600000,,12780.800469691554,745.6422055313974,12035.158264160156,5,2
2021-09-27,1632772800000,,12539.120240504542,745.6422055313974,11793.478034973145,5,2
2021-09-28,1632859200000,,12126.114748952223,3158.716937062574,8967.397811889648,4,2
2021-09-29,1632945600000,,12280.278428795056,5114.0865266344135,7166.1919021606445,3,1
2021-09-30,1633032000000,,12139.868842729995,284.00076259083517,11855.86808013916,5,1
2021-10-01,1633118400000,,12236.04064143605,284.00076259083517,11952.039878845215,5,1
2021-10-04,1633377600000,,12117.59007396123,2380.180070299121,9737.41000366211,4,1
2021-10-05,1633464000000,,12326.349867902361,180.86808308180525,12145.481784820557,5,1
2021-10-06,1633550400000,,12215.346265900851,2528.2662869579804,9687.079978942871,4,1
2021-10-07,1633636800000,,12254.76311434745,1657.2430604839253,10597.520053863525,5,2
2021-10-08,1633723200000,,12208.726481809608,1657.2430604839253,10551.483421325684,5,2
2021-10-11,1633982400000,,12273.496371641151,1657.2430604839253,10616.253311157227,5,2
2021-10-12,1634068800000,,12350.276278867714,1657.2430604839253,10693.033218383789,5,2
2021-10-13,1634155200000,,12412.266307249061,1657.2430604839253,10755.023246765137,5,2
2021-10-14,1634241600000,,12519.833030118934,1657.2430604839253,10862.58996963501,5,2
2021-10-15,1634328000000,,12581.006434812538,1657.2430604839253,10923.763374328613,5,2
2021-10-18,1634587200000,,12633.086360349647,1657.2430604839253,10975.843299865723,5,2
2021-10-19,1634673600000,,12674.053096189491,1657.2430604839253,11016.810035705566,5,2
2021-10-20,1634760000000,,12759.783168210975,1657.2430604839253,11102.54010772705,5,2
2021-10-21,1634846400000,,12752.206282987587,1657.2430604839253,11094.963222503662,5,2
2021-10-22,1634932800000,,12857.676299467079,1657.2430604839253,11200.433238983154,5,2
2021-10-25,1635192000000,,12861.061401177138,5860.497970391004,7000.563430786133,3,1
2021-10-26,1635278400000,,12756.062774356138,1714.0324780304527,11042.030296325684,5,2
2021-10-27,1635364800000,,12726.99875229193,1714.0324780304527,11012.966274261475,5,2
2021-10-28,1635451200000,,12684.606827536245,999.346871176379,11685.259956359863,5,1
2021-10-29,1635537600000,,12674.667749395485,4168.160959234349,8506.506790161133,4,1
2021-11-01,1635796800000,,12739.330293945739,1820.9235518497899,10918.406742095947,5,1
2021-11-02,1635883200000,,12772.35014563031,1820.9235518497899,10951.426593780518,5,1
2021-11-03,1635969600000,,12819.573744110534,1820.9235518497899,10998.650192260742,5,1
2021-11-04,1636056000000,,12926.644975331383,4365.394982960776,8561.249992370605,4,1
2021-11-05,1636142400000,,13012.022271243975,1880.0150233191703,11132.007247924805,5,2
2021-11-08,1636405200000,,13130.7902346534,1880.0150233191703,11250.775211334229,5,2
2021-11-09,1636491600000,,13076.35637387459,1880.0150233191703,11196.34135055542,5,2
2021-11-10,1636578000000,,12808.903889757297,4146.427067857883,8662.476821899414,4,1
2021-11-11,1636664400000,,12839.611988958914,1588.2984093995856,11251.313579559326,5,1
2021-11-12,1636750800000,,12891.445271429617,1588.2984093995856,11303.14686203003,5,1
2021-11-15,1637010000000,,12923.05506032427,1588.2984093995856,11334.756650924683,5,1
2021-11-16,1637096400000,,13001.275183615286,1588.2984093995856,11412.976774215698,5,1
2021-11-17,1637182800000,,12947.401574072439,1588.2984093995856,11359.103164672852,5,1
2021-11-18,1637269200000,,13024.88838857134,1588.2984093995856,11436.589979171753,5,1
2021-11-19,1637355600000,,12950.849368818363,4349.529371030886,8601.319997787476,4,1
2021-11-22,1637614800000,,12946.265282466826,2104.2655494956316,10841.999732971191,5,1
2021-11-23,1637701200000,,13104.735398128447,2104.2655494956316,11000.469848632812,5,1
2021-11-24,1637787600000,,13507.484603536508,4660.464789045234,8847.019814491272,4,1
2021-11-26,1637960400000,,13052.939292477524,6727.06923632518,6325.870056152344,3,1
2021-11-29,1638219600000,,13296.751235701588,2099.13112328246,11197.620112419128,5,1
2021-11-30,1638306000000,,12993.023294188526,2099.13112328246,10893.892170906067,5,1
2021-12-01,1638392400000,,12909.319079138782,2099.13112328246,10810.187955856323,5,1
2021-12-02,1638478800000,,12990.913666285716,4214.223639048778,8776.690027236938,4,1
2021-12-03,1638565200000,,13020.5948575677,2335.010882729442,10685.583974838257,5,2
2021-12-06,1638824400000,,13033.534823769482,2335.010882729442,10698.523941040039,5,2
2021-12-07,1638910800000,,13529.820374602343,4346.274403685595,9183.545970916748,4,1
2021-12-08,1638997200000,,13547.336891848194,2328.484860140429,11218.852031707764,5,2
2021-12-09,1639083600000,,13278.660633761036,2328.484860140429,10950.175773620605,5,2
2021-12-10,1639170000000,,13412.778691012012,2328.484860140429,11084.293830871582,5,2
2021-12-13,1639429200000,,13234.62891836797,2328.484860140429,10906.144058227539,5,2
2021-12-14,1639515600000,,13128.291533930475,1383.5154204203436,11744.776113510132,5,2
2021-12-15,1639602000000,,13434.423657877618,1383.5154204203436,12050.908237457275,5,2
2021-12-16,1639688400000,,13250.099454386407,1383.5154204203436,11866.584033966064,5,2
2021-12-17,1639774800000,,13163.985478861505,1383.5154204203436,11780.470058441162,5,2
2021-12-20,1640034000000,,13043.115784951107,3875.87563449945,9167.24015045166,4,1
2021-12-21,1640120400000,,13187.991583326979,1304.9816765581813,11883.009906768799,5,1
2021-12-22,1640206800000,,13405.706173791696,4101.536167993357,9304.17000579834,4,1
2021-12-23,1640293200000,,13462.973851351358,1596.633813051798,11866.34003829956,5,1
2021-12-27,1640638800000,,13670.424039034464,1596.633813051798,12073.790225982666,5,1
2021-12-28,1640725200000,,13755.847518683126,4350.997710943868,9404.849807739258,4,1
2021-12-29,1640811600000,,13868.151097827993,1838.7608848152972,12029.390213012695,5,1
2021-12-30,1640898000000,,13814.540715747915,1838.7608848152972,11975.779830932617,5,1
2021-12-31,1640984400000,,13860.870778614126,1838.7608848152972,12022.109893798828,5,1
2022-01-03,1641243600000,,13655.510945850454,1838.7608848152972,11816.750061035156,5,1
2022-01-04,1641330000000,,13601.950536304555,1838.7608848152972,11763.189651489258,5,1
2022-01-05,1641416400000,,13381.096202246703,1210.7763398809793,12170.319862365723,5,2
2022-01-06,1641502800000,,13471.375287972838,1009.9152125944192,12461.460075378418,5,2
2022-01-07,1641589200000,,13361.415433846862,1009.9152125944192,12351.500221252441,5,2
2022-01-10,1641848400000,,13208.785436593444,1009.9152125944192,12198.870223999023,5,2
2022-01-11,1641934800000,,13250.795156442076,1009.9152125944192,12240.879943847656,5,2
2022-01-12,1642021200000,,13345.17506214276,1009.9152125944192,12335.25984954834,5,2
2022-01-13,1642107600000,,13270.185369454772,1009.9152125944192,12260.270156860352,5,2
2022-01-14,1642194000000,,13173.747622594692,5907.74762259469,7266,3,1
2022-01-18,1642539600000,,13152.0699362803,736.129903321314,12415.940032958984,5,2
2022-01-19,1642626000000,,13007.3599753428,736.129903321314,12271.230072021484,5,2
2022-01-20,1642712400000,,12905.631238651871,39.757146549822664,12865.87409210205,5,2
2022-01-21,1642798800000,,12920.41479272902,39.757146549822664,12880.6576461792,5,2
2022-01-24,1643058000000,,12935.74246109656,12935.74246109656,0,0,0
2022-01-25,1643144400000,,12935.74246109656,12935.74246109656,0,0,0
2022-01-26,1643230800000,,12935.74246109656,12935.74246109656,0,0,0
2022-01-27,1643317200000,,12935.74246109656,12935.74246109656,0,0,0
2022-01-28,1643403600000,,12935.74246109656,12935.74246109656,0,0,0
2022-01-31,1643662800000,,12935.74246109656,12935.74246109656,0,0,0
2022-02-01,1643749200000,,12909.270328757058,315.76031136203983,12593.51001739502,5,2
2022-02-02,1643835600000,,13094.560486075174,315.76031136203983,12778.800174713135,5,2
2022-02-03,1643922000000,,13024.940258261453,315.76031136203983,12709.179946899414,5,2
2022-02-04,1644008400000,,12965.750507590066,315.76031136203983,12649.990196228027,5,2
2022-02-07,1644267600000,,13025.640117880594,315.76031136203983,12709.879806518555,5,2
2022-02-08,1644354000000,,13057.660373923074,315.76031136203983,12741.900062561035,5,2
2022-02-09,1644440400000,,13140.720363852273,315.76031136203983,12824.960052490234,5,2
2022-02-10,1644526800000,,12852.880382773172,315.76031136203983,12537.120071411133,5,2
2022-02-11,1644613200000,,12854.98027443577,315.76031136203983,12539.21996307373,5,2
2022-02-14,1644872400000,,12833.956417879825,12833.956417879825,0,0,0
2022-02-15,1644958800000,,12833.956417879825,12833.956417879825,0,0,0
2022-02-16,1645045200000,,12848.95539620618,1035.975575954716,11812.979820251465,5,2
2022-02-17,1645131600000,,12653.807457302288,640.4875548822451,12013.319902420044,5,2
2022-02-18,1645218000000,,12607.447505280907,12607.447505280907,0,0,0
2022-02-22,1645563600000,,12607.447505280907,12607.447505280907,0,0,0
2022-02-23,1645650000000,,12607.447505280907,12607.447505280907,0,0,0
2022-02-24,1645736400000,,12607.447505280907,12607.447505280907,0,0,0
2022-02-25,1645822800000,,12607.447505280907,12607.447505280907,0,0,0
2022-02-28,1646082000000,,12607.447505280907,12607.447505280907,0,0,0
2022-03-01,1646168400000,,12607.447505280907,12607.447505280907,0,0,0
2022-03-02,1646254800000,,12607.447505280907,12607.447505280907,0,0,0
2022-03-03,1646341200000,,12607.447505280907,12607.447505280907,0,0,0
2022-03-04,1646427600000,,12607.447505280907,12607.447505280907,0,0,0
2022-03-07,1646686800000,,12607.447505280907,12607.447505280907,0,0,0
2022-03-08,1646773200000,,12607.447505280907,12607.447505280907,0,0,0
2022-03-09,1646859600000,,12607.447505280907,12607.447505280907,0,0,0
2022-03-10,1646946000000,,12607.447505280907,12607.447505280907,0,0,0
2022-03-11,1647032400000,,12607.447505280907,12607.447505280907,0,0,0
2022-03-14,1647288000000,,12607.447505280907,12607.447505280907,0,0,0
2022-03-15,1647374400000,,12607.447505280907,12607.447505280907,0,0,0
2022-03-16,1647460800000,,12607.447505280907,12607.447505280907,0,0,0
2022-03-17,1647547200000,,12607.447505280907,12607.447505280907,0,0,0
2022-03-18,1647633600000,,12607.447505280907,12607.447505280907,0,0,0
2022-03-21,1647892800000,,12607.447505280907,12607.447505280907,0,0,0
2022-03-22,1647979200000,,12607.447505280907,12607.447505280907,0,0,0
2022-03-23,1648065600000,,12550.233979770741,2660.7638030739636,9889.470176696777,5,2
2022-03-24,1648152000000,,12522.780088194737,12522.780088194737,0,0,0
2022-03-25,1648238400000,,12698.271031389402,2583.451161394287,10114.819869995117,5,2
2022-03-28,1648497600000,,12607.261139879392,2583.451161394287,10023.809978485107,5,2
2022-03-29,1648584000000,,12667.451230058836,2583.451161394287,10084.00006866455,5,2
2022-03-30,1648670400000,,12775.531224260496,2583.451161394287,10192.080062866211,5,2
2022-03-31,1648756800000,,12772.023441998424,5263.283531872692,7508.739910125732,4,2
2022-04-01,1648843200000,,12867.446944481335,3592.4468643726923,9275.000080108643,5,2
2022-04-04,1649102400000,,12836.996709114514,3592.4468643726923,9244.549844741821,5,2
2022-04-05,1649188800000,,12844.356951958142,3592.4468643726923,9251.91008758545,5,2
2022-04-06,1649275200000,,12965.1367256703,3592.4468643726923,9372.689861297607,5,2
2022-04-07,1649361600000,,12948.756184346139,12948.756184346139,0,0,0
2022-04-08,1649448000000,,13009.862780795269,2416.3228790618696,10593.539901733398,5,2
2022-04-11,1649707200000,,12929.844331610697,12929.844331610697,0,0,0
2022-04-12,1649793600000,,12929.844331610697,12929.844331610697,0,0,0
2022-04-13,1649880000000,,12929.844331610697,12929.844331610697,0,0,0
2022-04-14,1649966400000,,12929.844331610697,12929.844331610697,0,0,0
2022-04-18,1650312000000,,12929.844331610697,12929.844331610697,0,0,0
2022-04-19,1650398400000,,12929.844331610697,12929.844331610697,0,0,0
2022-04-20,1650484800000,,12929.844331610697,12929.844331610697,0,0,0
2022-04-21,1650571200000,,12929.844331610697,12929.844331610697,0,0,0
2022-04-22,1650657600000,,12929.844331610697,12929.844331610697,0,0,0
2022-04-25,1650916800000,,12929.844331610697,12929.844331610697,0,0,0
2022-04-26,1651003200000,,12929.844331610697,12929.844331610697,0,0,0
2022-04-27,1651089600000,,12929.844331610697,12929.844331610697,0,0,0
2022-04-28,1651176000000,,12929.844331610697,12929.844331610697,0,0,0
2022-04-29,1651262400000,,12929.844331610697,12929.844331610697,0,0,0
2022-05-02,1651521600000,,12929.844331610697,12929.844331610697,0,0,0
2022-05-03,1651608000000,,12929.844331610697,12929.844331610697,0,0,0
2022-05-04,1651694400000,,12929.844331610697,12929.844331610697,0,0,0
2022-05-05,1651780800000,,12929.844331610697,12929.844331610697,0,0,0
2022-05-06,1651867200000,,12929.844331610697,12929.844331610697,0,0,0
2022-05-09,1652126400000,,12929.844331610697,12929.844331610697,0,0,0
2022-05-10,1652212800000,,12929.844331610697,12929.844331610697,0,0,0
2022-05-11,1652299200000,,12929.844331610697,12929.844331610697,0,0,0
2022-05-12,1652385600000,,12929.844331610697,12929.844331610697,0,0,0
2022-05-13,1652472000000,,12929.844331610697,12929.844331610697,0,0,0
2022-05-16,1652731200000,,12929.844331610697,12929.844331610697,0,0,0
2022-05-17,1652817600000,,12929.844331610697,12929.844331610697,0,0,0
2022-05-18,1652904000000,,12929.844331610697,12929.844331610697,0,0,0
2022-05-19,1652990400000,,12929.844331610697,12929.844331610697,0,0,0
2022-05-20,1653076800000,,12929.844331610697,12929.844331610697,0,0,0
2022-05-23,1653336000000,,12929.844331610697,12929.844331610697,0,0,0
2022-05-24,1653422400000,,12929.844331610697,12929.844331610697,0,0,0
2022-05-25,1653508800000,,12929.844331610697,12929.844331610697,0,0,0
2022-05-26,1653595200000,,12929.844331610697,12929.844331610697,0,0,0
2022-05-27,1653681600000,,12929.844331610697,12929.844331610697,0,0,0
2022-05-31,1654027200000,,12929.844331610697,12929.844331610697,0,0,0
2022-06-01,1654113600000,,12929.844331610697,12929.844331610697,0,0,0
2022-06-02,1654200000000,,12929.844331610697,12929.844331610697,0,0,0
2022-06-03,1654286400000,,12929.844331610697,12929.844331610697,0,0,0
2022-06-06,1654545600000,,12929.844331610697,12929.844331610697,0,0,0
2022-06-07,1654632000000,,12929.844331610697,12929.844331610697,0,0,0
2022-06-08,1654718400000,,12929.844331610697,12929.844331610697,0,0,0
2022-06-09,1654804800000,,12929.844331610697,12929.844331610697,0,0,0
2022-06-10,1654891200000,,12929.844331610697,12929.844331610697,0,0,0
2022-06-13,1655150400000,,12929.844331610697,12929.844331610697,0,0,0
2022-06-14,1655236800000,,12929.844331610697,12929.844331610697,0,0,0
2022-06-15,1655323200000,,12929.844331610697,12929.844331610697,0,0,0
2022-06-16,1655409600000,,12929.844331610697,12929.844331610697,0,0,0
2022-06-17,1655496000000,,12929.844331610697,12929.844331610697,0,0,0
2022-06-21,1655841600000,,12929.844331610697,12929.844331610697,0,0,0
2022-06-22,1655928000000,,12929.844331610697,12929.844331610697,0,0,0
2022-06-23,1656014400000,,12929.844331610697,12929.844331610697,0,0,0
2022-06-24,1656100800000,,12929.844331610697,12929.844331610697,0,0,0
2022-06-27,1656360000000,,12929.844331610697,12929.844331610697,0,0,0
2022-06-28,1656446400000,,12929.844331610697,12929.844331610697,0,0,0
2022-06-29,1656532800000,,12929.844331610697,12929.844331610697,0,0,0
2022-06-30,1656619200000,,12929.844331610697,12929.844331610697,0,0,0
2022-07-01,1656705600000,,12929.844331610697,12929.844331610697,0,0,0
2022-07-05,1657051200000,,12929.844331610697,12929.844331610697,0,0,0
2022-07-06,1657137600000,,12929.844331610697,12929.844331610697,0,0,0
2022-07-07,1657224000000,,12929.844331610697,12929.844331610697,0,0,0
2022-07-08,1657310400000,,12929.844331610697,12929.844331610697,0,0,0
2022-07-11,1657569600000,,12929.844331610697,12929.844331610697,0,0,0
2022-07-12,1657656000000,,12929.844331610697,12929.844331610697,0,0,0
2022-07-13,1657742400000,,12929.844331610697,12929.844331610697,0,0,0
2022-07-14,1657828800000,,12929.844331610697,12929.844331610697,0,0,0
2022-07-15,1657915200000,,12929.844331610697,12929.844331610697,0,0,0
2022-07-18,1658174400000,,12929.844331610697,12929.844331610697,0,0,0
2022-07-19,1658260800000,,12929.844331610697,12929.844331610697,0,0,0
2022-07-20,1658347200000,,12929.844331610697,12929.844331610697,0,0,0
2022-07-21,1658433600000,,12929.844331610697,12929.844331610697,0,0,0
2022-07-22,1658520000000,,12929.844331610697,12929.844331610697,0,0,0
2022-07-25,1658779200000,,12929.844331610697,12929.844331610697,0,0,0
2022-07-26,1658865600000,,12929.844331610697,12929.844331610697,0,0,0
2022-07-27,1658952000000,,12929.844331610697,12929.844331610697,0,0,0
2022-07-28,1659038400000,,12929.844331610697,12929.844331610697,0,0,0
2022-07-29,1659124800000,,12929.844331610697,12929.844331610697,0,0,0
2022-08-01,1659384000000,,12929.844331610697,12929.844331610697,0,0,0
2022-08-02,1659470400000,,12929.844331610697,12929.844331610697,0,0,0
2022-08-03,1659556800000,,12929.844331610697,12929.844331610697,0,0,0
2022-08-04,1659643200000,,12929.844331610697,12929.844331610697,0,0,0
2022-08-05,1659729600000,,12929.844331610697,12929.844331610697,0,0,0
2022-08-08,1659988800000,,12929.844331610697,12929.844331610697,0,0,0
2022-08-09,1660075200000,,12929.844331610697,12929.844331610697,0,0,0
2022-08-10,1660161600000,,12929.844331610697,12929.844331610697,0,0,0
2022-08-11,1660248000000,,12929.844331610697,12929.844331610697,0,0,0
2022-08-12,1660334400000,,12929.844331610697,12929.844331610697,0,0,0
2022-08-15,1660593600000,,12929.844331610697,12929.844331610697,0,0,0
2022-08-16,1660680000000,,12929.844331610697,12929.844331610697,0,0,0
2022-08-17,1660766400000,,12929.844331610697,12929.844331610697,0,0,0
2022-08-18,1660852800000,,12929.844331610697,12929.844331610697,0,0,0
2022-08-19,1660939200000,,12929.844331610697,12929.844331610697,0,0,0
2022-08-22,1661198400000,,12929.844331610697,12929.844331610697,0,0,0
2022-08-23,1661284800000,,12929.844331610697,12929.844331610697,0,0,0
2022-08-24,1661371200000,,12929.844331610697,12929.844331610697,0,0,0
2022-08-25,1661457600000,,12929.844331610697,12929.844331610697,0,0,0
2022-08-26,1661544000000,,12929.844331610697,12929.844331610697,0,0,0
2022-08-29,1661803200000,,12929.844331610697,12929.844331610697,0,0,0
2022-08-30,1661889600000,,12929.844331610697,12929.844331610697,0,0,0
2022-08-31,1661976000000,,12929.844331610697,12929.844331610697,0,0,0
2022-09-01,1662062400000,,12929.844331610697,12929.844331610697,0,0,0
2022-09-02,1662148800000,,12929.844331610697,12929.844331610697,0,0,0
2022-09-06,1662494400000,,12929.844331610697,12929.844331610697,0,0,0
2022-09-07,1662580800000,,12929.844331610697,12929.844331610697,0,0,0
2022-09-08,1662667200000,,12929.844331610697,12929.844331610697,0,0,0
2022-09-09,1662753600000,,12929.844331610697,12929.844331610697,0,0,0
2022-09-12,1663012800000,,12929.844331610697,12929.844331610697,0,0,0
2022-09-13,1663099200000,,12929.844331610697,12929.844331610697,0,0,0
2022-09-14,1663185600000,,12929.844331610697,12929.844331610697,0,0,0
2022-09-15,1663272000000,,12929.844331610697,12929.844331610697,0,0,0
2022-09-16,1663358400000,,12929.844331610697,12929.844331610697,0,0,0
2022-09-19,1663617600000,,12929.844331610697,12929.844331610697,0,0,0
2022-09-20,1663704000000,,12929.844331610697,12929.844331610697,0,0,0
2022-09-21,1663790400000,,12929.844331610697,12929.844331610697,0,0,0
2022-09-22,1663876800000,,12929.844331610697,12929.844331610697,0,0,0
2022-09-23,1663963200000,,12929.844331610697,12929.844331610697,0,0,0
2022-09-26,1664222400000,,12929.844331610697,12929.844331610697,0,0,0
2022-09-27,1664308800000,,12929.844331610697,12929.844331610697,0,0,0
2022-09-28,1664395200000,,12929.844331610697,12929.844331610697,0,0,0
2022-09-29,1664481600000,,12929.844331610697,12929.844331610697,0,0,0
2022-09-30,1664568000000,,12929.844331610697,12929.844331610697,0,0,0
2022-10-03,1664827200000,,12929.844331610697,12929.844331610697,0,0,0
2022-10-04,1664913600000,,12929.844331610697,12929.844331610697,0,0,0
2022-10-05,1665000000000,,12929.844331610697,12929.844331610697,0,0,0
2022-10-06,1665086400000,,12929.844331610697,12929.844331610697,0,0,0
2022-10-07,1665172800000,,12929.844331610697,12929.844331610697,0,0,0
2022-10-10,1665432000000,,12929.844331610697,12929.844331610697,0,0,0
2022-10-11,1665518400000,,12929.844331610697,12929.844331610697,0,0,0
2022-10-12,1665604800000,,12929.844331610697,12929.844331610697,0,0,0
2022-10-13,1665691200000,,12929.844331610697,12929.844331610697,0,0,0
2022-10-14,1665777600000,,12929.844331610697,12929.844331610697,0,0,0
2022-10-17,1666036800000,,12929.844331610697,12929.844331610697,0,0,0
2022-10-18,1666123200000,,12929.844331610697,12929.844331610697,0,0,0
2022-10-19,1666209600000,,12929.844331610697,12929.844331610697,0,0,0
2022-10-20,1666296000000,,12929.844331610697,12929.844331610697,0,0,0
2022-10-21,1666382400000,,12929.844331610697,12929.844331610697,0,0,0
2022-10-24,1666641600000,,12929.844331610697,12929.844331610697,0,0,0
2022-10-25,1666728000000,,12929.844331610697,12929.844331610697,0,0,0
2022-10-26,1666814400000,,12929.844331610697,12929.844331610697,0,0,0
2022-10-27,1666900800000,,12929.844331610697,12929.844331610697,0,0,0
2022-10-28,1666987200000,,12929.844331610697,12929.844331610697,0,0,0
2022-10-31,1667246400000,,12929.844331610697,12929.844331610697,0,0,0
2022-11-01,1667332800000,,12929.844331610697,12929.844331610697,0,0,0
2022-11-02,1667419200000,,12929.844331610697,12929.844331610697,0,0,0
2022-11-03,1667505600000,,12929.844331610697,12929.844331610697,0,0,0
2022-11-04,1667592000000,,12929.844331610697,12929.844331610697,0,0,0
2022-11-07,1667854800000,,12929.844331610697,12929.844331610697,0,0,0
2022-11-08,1667941200000,,12929.844331610697,12929.844331610697,0,0,0
2022-11-09,1668027600000,,12929.844331610697,12929.844331610697,0,0,0
2022-11-10,1668114000000,,12929.844331610697,12929.844331610697,0,0,0
2022-11-11,1668200400000,,12929.844331610697,12929.844331610697,0,0,0
2022-11-14,1668459600000,,12929.844331610697,12929.844331610697,0,0,0
2022-11-15,1668546000000,,12929.844331610697,12929.844331610697,0,0,0
2022-11-16,1668632400000,,12929.844331610697,12929.844331610697,0,0,0
2022-11-17,1668718800000,,12929.844331610697,12929.844331610697,0,0,0
2022-11-18,1668805200000,,12929.844331610697,12929.844331610697,0,0,0
2022-11-21,1669064400000,,12929.844331610697,12929.844331610697,0,0,0
2022-11-22,1669150800000,,12929.844331610697,12929.844331610697,0,0,0
2022-11-23,1669237200000,,12929.844331610697,12929.844331610697,0,0,0
2022-11-25,1669410000000,,12929.844331610697,12929.844331610697,0,0,0
2022-11-28,1669669200000,,12929.844331610697,12929.844331610697,0,0,0
2022-11-29,1669755600000,,12929.844331610697,12929.844331610697,0,0,0
2022-11-30,1669842000000,,12929.844331610697,12929.844331610697,0,0,0
2022-12-01,1669928400000,,12901.153157779587,3605.2432113379355,9295.90994644165,5,2
2022-12-02,1670014800000,,12914.83331448735,3605.2432113379355,9309.590103149414,5,2
2022-12-05,1670274000000,,12739.99330289067,3605.2432113379355,9134.750091552734,5,2
2022-12-06,1670360400000,,12709.996291282829,12709.996291282829,0,0,0
2022-12-07,1670446800000,,12709.996291282829,12709.996291282829,0,0,0
2022-12-08,1670533200000,,12709.996291282829,12709.996291282829,0,0,0
2022-12-09,1670619600000,,12709.996291282829,12709.996291282829,0,0,0
2022-12-12,1670878800000,,12709.996291282829,12709.996291282829,0,0,0
2022-12-13,1670965200000,,12709.996291282829,12709.996291282829,0,0,0
2022-12-14,1671051600000,,12709.996291282829,12709.996291282829,0,0,0
2022-12-15,1671138000000,,12709.996291282829,12709.996291282829,0,0,0
2022-12-16,1671224400000,,12709.996291282829,12709.996291282829,0,0,0
2022-12-19,1671483600000,,12709.996291282829,12709.996291282829,0,0,0
2022-12-20,1671570000000,,12709.996291282829,12709.996291282829,0,0,0
2022-12-21,1671656400000,,12709.996291282829,12709.996291282829,0,0,0
2022-12-22,1671742800000,,12709.996291282829,12709.996291282829,0,0,0
2022-12-23,1671829200000,,12709.996291282829,12709.996291282829,0,0,0
2022-12-27,1672174800000,,12709.996291282829,12709.996291282829,0,0,0
2022-12-28,1672261200000,,12709.996291282829,12709.996291282829,0,0,0
2022-12-29,1672347600000,,12709.996291282829,12709.996291282829,0,0,0
2022-12-30,1672434000000,,12709.996291282829,12709.996291282829,0,0,0
2023-01-03,1672779600000,,12709.996291282829,12709.996291282829,0,0,0
2023-01-04,1672866000000,,12709.996291282829,12709.996291282829,0,0,0
2023-01-05,1672952400000,,12709.996291282829,12709.996291282829,0,0,0
2023-01-06,1673038800000,,12709.996291282829,12709.996291282829,0,0,0
2023-01-09,1673298000000,,12709.996291282829,12709.996291282829,0,0,0
2023-01-10,1673384400000,,12709.996291282829,12709.996291282829,0,0,0
2023-01-11,1673470800000,,12709.996291282829,12709.996291282829,0,0,0
2023-01-12,1673557200000,,12709.996291282829,12709.996291282829,0,0,0
2023-01-13,1673643600000,,12709.996291282829,12709.996291282829,0,0,0
2023-01-17,1673989200000,,12612.789578249856,883.8995330838397,11728.890045166016,5,2
2023-01-18,1674075600000,,12452.544274651047,1027.9142773976296,11424.629997253418,5,1
2023-01-19,1674162000000,,12380.285593013774,12380.285593013774,0,0,0
2023-01-20,1674248400000,,12380.285593013774,12380.285593013774,0,0,0
2023-01-23,1674507600000,,12380.285593013774,12380.285593013774,0,0,0
2023-01-24,1674594000000,,12448.941132557458,532.8963708997426,11916.044761657715,5,2
2023-01-25,1674680400000,,12470.6063928724,532.8963708997426,11937.710021972656,5,2
2023-01-26,1674766800000,,12808.201180470056,532.8963708997426,12275.304809570312,5,2
2023-01-27,1674853200000,,12718.62712553814,578.0270507700725,12140.600074768066,5,1
2023-01-30,1675112400000,,12652.862107075005,578.0270507700725,12074.835056304932,5,1
2023-01-31,1675198800000,,12672.4020126231,578.0270507700725,12094.374961853027,5,1
2023-02-01,1675285200000,,12628.350349395178,3016.6604461358997,9611.689903259277,4,1
2023-02-02,1675371600000,,12204.803556238188,5770.278638635649,6434.524917602539,3,1
2023-02-03,1675458000000,,12084.341580237438,1371.713723029185,10712.627857208252,5,1
2023-02-06,1675717200000,,11976.964760626843,1371.713723029185,10605.251037597656,5,1
2023-02-07,1675803600000,,12106.13155437311,1193.1747672637357,10912.956787109375,5,1
2023-02-08,1675890000000,,12064.870526083316,1193.1747672637357,10871.69575881958,5,1
2023-02-09,1675976400000,,11892.024001533322,3399.757956916623,8492.2660446167,4,1
2023-02-10,1676062800000,,11782.619202659787,1030.7237635118381,10751.89543914795,5,1
2023-02-13,1676322000000,,11923.492358826947,600.0324512952102,11323.459907531738,5,1
2023-02-14,1676408400000,,11943.37232174809,600.0324512952102,11343.33987045288,5,1
2023-02-15,1676494800000,,11888.155936860394,600.0324512952102,11288.123485565186,5,1
2023-02-16,1676581200000,,11777.732349061322,600.0324512952102,11177.699897766113,5,1
2023-02-17,1676667600000,,11767.165832185101,600.0324512952102,11167.133380889893,5,1
2023-02-21,1677013200000,,11544.165562264901,5088.645496957284,6455.520065307617,3,1
2023-02-22,1677099600000,,11535.165595588174,562.0257716746,10973.139823913574,5,2
2023-02-23,1677186000000,,11552.1258006663,562.0257716746,10990.1000289917,5,2
2023-02-24,1677272400000,,11366.154258527276,118.4742887396792,11247.679969787598,5,1
2023-02-27,1677531600000,,11362.011156057642,273.92885777883316,11088.082298278809,5,2
2023-02-28,1677618000000,,11124.033118319177,82.06088931527165,11041.972229003906,5,2
2023-03-01,1677704400000,,11116.294951510095,82.06088931527165,11034.234062194824,5,2
2023-03-02,1677790800000,,11172.47454661988,2222.7729551281805,8949.7015914917,4,2
2023-03-03,1677877200000,,11250.90054918006,708.1482679910957,10542.752281188965,5,2
2023-03-06,1678136400000,,11214.037023789435,708.1482679910957,10505.88875579834,5,2
2023-03-07,1678222800000,,11120.600012070685,708.1482679910957,10412.45174407959,5,2
2023-03-08,1678309200000,,11120.020910508185,708.1482679910957,10411.87264251709,5,2
2023-03-09,1678395600000,,11044.882737759859,5190.475167874605,5854.407569885254,3,1
2023-03-10,1678482000000,,11032.071903938808,11032.071903938808,0,0,0
2023-03-13,1678737600000,,11032.071903938808,11032.071903938808,0,0,0
2023-03-14,1678824000000,,11032.071903938808,11032.071903938808,0,0,0
2023-03-15,1678910400000,,11032.071903938808,11032.071903938808,0,0,0
2023-03-16,1678996800000,,11032.071903938808,11032.071903938808,0,0,0
2023-03-17,1679083200000,,10902.75604003275,2690.7996725400735,8211.956367492676,5,2
2023-03-20,1679342400000,,10904.95678274307,10904.95678274307,0,0,0
2023-03-21,1679428800000,,10943.40955817322,2674.104611273806,8269.304946899414,5,2
2023-03-22,1679515200000,,10765.379540320437,2674.104611273806,8091.274929046631,5,2
2023-03-23,1679601600000,,10827.064277618936,10827.064277618936,0,0,0
2023-03-24,1679688000000,,10834.500990324006,1496.3709015178547,9338.130088806152,5,2
2023-03-27,1679947200000,,10893.383700085986,1664.443651868212,9228.940048217773,5,2
2023-03-28,1680033600000,,10968.639529655773,5375.8494982226675,5592.7900314331055,3,2
2023-03-29,1680120000000,,11003.224185579724,2138.284091585583,8864.94009399414,5,2
2023-03-30,1680206400000,,11075.543971651501,2138.284091585583,8937.259880065918,5,2
2023-03-31,1680292800000,,11260.054210298962,2138.284091585583,9121.770118713379,5,2
2023-04-03,1680552000000,,11272.114024752087,2138.284091585583,9133.829933166504,5,2
2023-04-04,1680638400000,,11066.074039095349,2138.284091585583,8927.789947509766,5,2
2023-04-05,1680724800000,,10863.48305780773,2284.5332239377963,8578.949833869934,5,1
2023-04-06,1680811200000,,10736.698950434677,1508.4788576612386,9228.220092773438,5,1
2023-04-10,1681156800000,,10877.112629991727,2025.652440172393,8851.460189819336,5,1
2023-04-11,1681243200000,,10940.64236937161,2025.652440172393,8914.989929199219,5,1
2023-04-12,1681329600000,,10851.58231077786,2025.652440172393,8825.929870605469,5,1
2023-04-13,1681416000000,,10968.482289415555,2025.652440172393,8942.829849243164,5,1
2023-04-14,1681502400000,,10945.062382799344,2025.652440172393,8919.409942626953,5,1
2023-04-17,1681761600000,,10970.822651964383,2025.652440172393,8945.170211791992,5,1
2023-04-18,1681848000000,,10989.862492662625,2025.652440172393,8964.210052490234,5,1
2023-04-19,1681934400000,,10975.352345567899,2025.652440172393,8949.699905395508,5,1
2023-04-20,1682020800000,,10854.038670137174,1189.0285077836604,9665.010162353516,5,2
2023-04-21,1682107200000,,10857.76855905319,1189.0285077836604,9668.740051269531,5,2
2023-04-24,1682366400000,,10884.78839547897,1189.0285077836604,9695.759887695312,5,2
2023-04-25,1682452800000,,10706.25677998381,3181.8768666537317,7524.379913330078,4,2
2023-04-26,1682539200000,,10657.542788506118,1359.672823906509,9297.86996459961,5,2
2023-04-27,1682625600000,,10517.022885405344,3235.8828402393274,7281.140045166016,4,2
2023-04-28,1682712000000,,10399.418461844914,2752.5384874796805,7646.879974365234,4,2
2023-05-01,1682971200000,,10487.550055442647,604.6901883467001,9882.859867095947,5,2
2023-05-02,1683057600000,,10546.194067893819,604.6901883467001,9941.50387954712,5,2
2023-05-03,1683144000000,,10439.143958030538,604.6901883467001,9834.453769683838,5,2
2023-05-04,1683230400000,,10413.424258170919,604.6901883467001,9808.734069824219,5,2
2023-05-05,1683316800000,,10489.048013963584,599.3920615099696,9889.655952453613,5,2
2023-05-08,1683576000000,,10446.44003895748,599.3920615099696,9847.04797744751,5,2
2023-05-09,1683662400000,,10417.624258317832,599.3920615099696,9818.232196807861,5,2
2023-05-10,1683748800000,,10470.845426162192,873.8014999231777,9597.043926239014,5,2
2023-05-11,1683835200000,,10452.753430922934,873.8014999231777,9578.951930999756,5,2
2023-05-12,1683921600000,,10470.051461776206,873.8014999231777,9596.249961853027,5,2
2023-05-15,1684180800000,,10349.717412551352,873.8014999231777,9475.915912628174,5,2
2023-05-16,1684267200000,,10291.696588118979,873.8014999231777,9417.8950881958,5,2
2023-05-17,1684353600000,,10306.1175971827,873.8014999231777,9432.316097259521,5,2
2023-05-18,1684440000000,,10350.300124100087,587.92997639501,9762.370147705078,5,2
2023-05-19,1684526400000,,10404.854193963616,355.5341828246976,10049.320011138916,5,1
2023-05-22,1684785600000,,10277.630766413095,4313.372747919442,5964.258018493652,3,1
2023-05-23,1684872000000,,10080.160868819661,4212.532900985189,5867.627967834473,3,2
2023-05-24,1684958400000,,10148.256688654745,2230.868646204794,7917.388042449951,4,2
2023-05-25,1685044800000,,10105.39883129315,205.93480770306246,9899.464023590088,5,2
2023-05-26,1685131200000,,10047.577912414936,2001.3980341800718,8046.179878234863,4,2
2023-05-30,1685476800000,,10077.516291091115,42.21264118876911,10035.303649902344,5,2
2023-05-31,1685563200000,,9968.718887496943,2515.416046310421,7453.302841186523,4,2
2023-06-01,1685649600000,,10011.15505744128,663.7181983104208,9347.43685913086,5,2
2023-06-02,1685736000000,,10048.251423987269,472.1418201054339,9576.109603881836,5,2
2023-06-05,1685995200000,,10088.050435217738,472.1418201054339,9615.908615112305,5,2
2023-06-06,1686081600000,,10085.255002173304,472.1418201054339,9613.113182067871,5,2
2023-06-07,1686168000000,,9938.059612211433,2402.191005644051,7535.868606567383,4,2
2023-06-08,1686254400000,,10033.59344711951,1103.8682045047651,8929.725242614746,5,2
2023-06-09,1686340800000,,10088.445375830448,1103.8682045047651,8984.577171325684,5,2
2023-06-12,1686600000000,,10139.11785924309,1237.0956729637926,8902.022186279297,5,2
2023-06-13,1686686400000,,10195.329510091478,1237.0956729637926,8958.233837127686,5,2
2023-06-14,1686772800000,,10245.56321370476,1237.0956729637926,9008.467540740967,5,2
2023-06-15,1686859200000,,10401.338678361497,3206.718381883226,7194.6202964782715,4,2
2023-06-16,1686945600000,,10347.586175273445,1230.9226773486407,9116.663497924805,5,2
2023-06-20,1687291200000,,10308.708314250496,1230.9226773486407,9077.785636901855,5,2
2023-06-21,1687377600000,,10327.916627076083,3191.0245639352133,7136.892063140869,4,2
2023-06-22,1687464000000,,10360.296912757116,1159.3472438728393,9200.949668884277,5,2
2023-06-23,1687550400000,,10295.133674231725,1159.3472438728393,9135.786430358887,5,2
2023-06-26,1687809600000,,10271.969600287634,1159.3472438728393,9112.622356414795,5,2
2023-06-27,1687896000000,,10377.848491278844,1159.3472438728393,9218.501247406006,5,2
2023-06-28,1687982400000,,10424.93157538529,1159.3472438728393,9265.584331512451,5,2
2023-06-29,1688068800000,,10506.494868842321,1159.3472438728393,9347.147624969482,5,2
2023-06-30,1688155200000,,10635.680458171215,2612.8698273728746,8022.81063079834,4,2
2023-07-03,1688414400000,,10542.521940517749,770.6909659388921,9771.830974578857,5,2
2023-07-05,1688587200000,,10585.110300350512,770.6909659388921,9814.419334411621,5,2
2023-07-06,1688673600000,,10531.501413631762,770.6909659388921,9760.810447692871,5,2
2023-07-07,1688760000000,,10489.549955654467,770.6909659388921,9718.858989715576,5,2
2023-07-10,1689019200000,,10613.261789608325,770.6909659388921,9842.570823669434,5,2
2023-07-11,1689105600000,,10534.653898525561,770.6909659388921,9763.96293258667,5,2
2023-07-12,1689192000000,,10485.041445169189,3099.6263984772927,7385.4150466918945,4,2
2023-07-13,1689278400000,,10522.718081206442,1010.2539851371062,9512.464096069336,5,2
2023-07-14,1689364800000,,10543.237627225195,1049.3858663609374,9493.851760864258,5,2
2023-07-17,1689624000000,,10609.660890775,1049.3858663609374,9560.275024414062,5,2
2023-07-18,1689710400000,,10597.132784085547,1049.3858663609374,9547.74691772461,5,2
2023-07-19,1689796800000,,10592.819002347265,1049.3858663609374,9543.433135986328,5,2
2023-07-20,1689883200000,,10478.651964383398,1049.3858663609374,9429.266098022461,5,2
2023-07-21,1689969600000,,10495.26097317246,1049.3858663609374,9445.875106811523,5,2
2023-07-24,1690228800000,,10530.386888699804,1049.3858663609374,9481.001022338867,5,2
2023-07-25,1690315200000,,10632.337007718359,1049.3858663609374,9582.951141357422,5,2
2023-07-26,1690401600000,,10484.172148204858,934.6312317619845,9549.540916442871,5,2
2023-07-27,1690488000000,,10370.618177867944,934.6312317619845,9435.986946105957,5,2
2023-07-28,1690574400000,,10430.192259288842,934.6312317619845,9495.561027526855,5,2
2023-07-31,1690833600000,,10366.6462807427,934.6312317619845,9432.015048980713,5,2
2023-08-01,1690920000000,,10509.07123801809,934.6312317619845,9574.440006256104,5,2
2023-08-02,1691006400000,,10660.855824268065,1228.7158325078103,9432.139991760254,5,2
2023-08-03,1691092800000,,10550.928306779733,2962.9661943529763,7587.962112426758,4,2
2023-08-04,1691179200000,,10561.04625399728,1022.6113327326304,9538.434921264648,5,2
2023-08-07,1691438400000,,10672.855305510951,1022.6113327326304,9650.24397277832,5,2
2023-08-08,1691524800000,,10615.075344878627,1022.6113327326304,9592.464012145996,5,2
2023-08-09,1691611200000,,10520.828327971889,1022.6113327326304,9498.216995239258,5,2
2023-08-10,1691697600000,,10477.58328220039,290.58331271796624,10186.999969482422,5,2
2023-08-11,1691784000000,,10537.133155552441,290.58331271796624,10246.549842834473,5,2
2023-08-14,1692043200000,,10557.343291966015,290.58331271796624,10266.759979248047,5,2
2023-08-15,1692129600000,,10482.20333072334,290.58331271796624,10191.620018005371,5,2
2023-08-16,1692216000000,,10412.123344151074,290.58331271796624,10121.540031433105,5,2
2023-08-17,1692302400000,,10314.363204685742,290.58331271796624,10023.779891967773,5,2
2023-08-18,1692388800000,,10309.301723791134,2290.361790014276,8018.9399337768555,4,2
2023-08-21,1692648000000,,10323.646103828352,429.6760720900702,9893.970031738281,5,2
2023-08-22,1692734400000,,10327.746254890364,429.6760720900702,9898.070182800293,5,2
2023-08-23,1692820800000,,10468.526307075423,429.6760720900702,10038.850234985352,5,2
2023-08-24,1692907200000,,10434.658979780783,2504.158853895774,7930.50012588501,4,2
2023-08-25,1692993600000,,10499.744985141562,769.5749488256447,9730.170036315918,5,2
2023-08-28,1693252800000,,10551.6131348825,2915.323118708183,7636.290016174316,4,2
2023-08-29,1693339200000,,10669.475513388847,1183.865390708183,9485.610122680664,5,2
2023-08-30,1693425600000,,10651.875419547294,1183.865390708183,9468.010028839111,5,2
2023-08-31,1693512000000,,10639.855255057548,1183.865390708183,9455.989864349365,5,2
2023-09-01,1693598400000,,10705.765518119071,1183.865390708183,9521.900127410889,5,2
2023-09-05,1693944000000,,10675.986943402422,2841.7167293216107,7834.270214080811,4,2
2023-09-06,1694030400000,,10706.15542580028,713.6025273932964,9992.552898406982,5,2
2023-09-07,1694116800000,,10752.943875309926,2819.757794377308,7933.186080932617,4,2
2023-09-08,1694203200000,,10835.940633476734,864.3027550587656,9971.637878417969,5,2
2023-09-11,1694462400000,,10888.905156792163,864.3027550587656,10024.602401733398,5,2
2023-09-12,1694548800000,,10931.265271843433,864.3027550587656,10066.962516784668,5,2
2023-09-13,1694635200000,,10896.097997368335,864.3027550587656,10031.79524230957,5,2
2023-09-14,1694721600000,,11002.543462456226,864.3027550587656,10138.240707397461,5,2
2023-09-15,1694808000000,,10870.494779289722,864.3027550587656,10006.192024230957,5,2
2023-09-18,1695067200000,,10997.872785058165,1009.8286261226162,9988.044158935547,5,2
2023-09-19,1695153600000,,10711.408993220091,2689.3289608714576,8022.080032348633,4,2
2023-09-20,1695240000000,,10703.87561231561,965.6267719835794,9738.248840332031,5,2
2023-09-21,1695326400000,,10648.891990140295,6574.572062924719,4074.319927215576,2,1
2023-09-22,1695412800000,,10634.077102346655,342.6682469084228,10291.408855438232,5,1
2023-09-25,1695672000000,,10676.859870596167,342.6682469084228,10334.191623687744,5,1
2023-09-26,1695758400000,,10522.438680401545,704.8018014342601,9817.636878967285,5,2
2023-09-27,1695844800000,,10629.389508953791,704.8018014342601,9924.587707519531,5,2
2023-09-28,1695931200000,,10670.949636212092,704.8018014342601,9966.147834777832,5,2
2023-09-29,1696017600000,,10500.324109783869,704.8018014342601,9795.52230834961,5,2
2023-10-02,1696276800000,,10362.6922145685,4298.622127135639,6064.070087432861,3,1
2023-10-03,1696363200000,,10180.104713394974,1243.0396155861363,8937.065097808838,5,2
2023-10-04,1696449600000,,10310.92461390767,1243.0396155861363,9067.884998321533,5,2
2023-10-05,1696536000000,,10313.694637253617,1243.0396155861363,9070.65502166748,5,2
2023-10-06,1696622400000,,10499.399749710892,1243.0396155861363,9256.360134124756,5,2
2023-10-09,1696881600000,,10561.549644425248,1243.0396155861363,9318.510028839111,5,2
2023-10-10,1696968000000,,10590.164607956742,1243.0396155861363,9347.124992370605,5,2
2023-10-11,1697054400000,,10599.039634659623,1243.0396155861363,9356.000019073486,5,2
2023-10-12,1697140800000,,10584.43454737935,1243.0396155861363,9341.394931793213,5,2
2023-10-13,1697227200000,,10412.190482731425,3374.945449467264,7037.24503326416,4,2
2023-10-16,1697486400000,,10555.603259331301,1456.133319145754,9099.469940185547,5,2
2023-10-17,1697572800000,,10567.278250938967,1456.133319145754,9111.144931793213,5,2
2023-10-18,1697659200000,,10457.043292290286,1456.133319145754,9000.909973144531,5,2
2023-10-19,1697745600000,,10375.283107048586,1456.133319145754,8919.149787902832,5,2
2023-10-20,1697832000000,,10153.654497251655,1033.6494694806581,9120.005027770996,5,2
2023-10-23,1698091200000,,10064.316020722854,10064.316020722854,0,0,0
2023-10-24,1698177600000,,10064.316020722854,10064.316020722854,0,0,0
2023-10-25,1698264000000,,9963.448728517578,1327.508764223144,8635.939964294434,5,2
2023-10-26,1698350400000,,9995.865919791686,9995.865919791686,0,0,0
2023-10-27,1698436800000,,9995.865919791686,9995.865919791686,0,0,0
2023-10-30,1698696000000,,9995.865919791686,9995.865919791686,0,0,0
2023-10-31,1698782400000,,9995.865919791686,9995.865919791686,0,0,0
2023-11-01,1698868800000,,9995.865919791686,9995.865919791686,0,0,0
2023-11-02,1698955200000,,9995.865919791686,9995.865919791686,0,0,0
2023-11-03,1699041600000,,10004.672578186624,837.9224790044948,9166.750099182129,5,2
2023-11-06,1699304400000,,9956.8664934172,1467.1063920988402,8489.76010131836,5,2
2023-11-07,1699390800000,,9978.41782606567,3357.497942337643,6620.919883728027,4,2
2023-11-08,1699477200000,,10069.465661211469,2122.030755205609,7947.434906005859,5,2
2023-11-09,1699563600000,,9886.040160376106,3258.590186316048,6627.449974060059,4,2
2023-11-10,1699650000000,,9976.159911748742,1723.7250820368276,8252.434829711914,5,2
2023-11-13,1699909200000,,10052.625175115441,1723.7250820368276,8328.900093078613,5,2
2023-11-14,1699995600000,,10138.777064592965,3281.986918718941,6856.790145874023,4,1
2023-11-15,1700082000000,,10103.022553114379,3583.922531752074,6519.100021362305,4,1
2023-11-16,1700168400000,,10206.545729536865,1807.945845503661,8398.599884033203,5,1
2023-11-17,1700254800000,,10264.03730321716,3766.2473557073936,6497.789947509766,4,1
2023-11-20,1700514000000,,10341.930536322323,1830.080713324276,8511.849822998047,5,1
2023-11-21,1700600400000,,10394.580789618221,1830.080713324276,8564.500076293945,5,1
2023-11-22,1700686800000,,10391.800607733456,1830.080713324276,8561.71989440918,5,1
2023-11-24,1700859600000,,10405.870630316464,1830.080713324276,8575.789916992188,5,1
2023-11-27,1701118800000,,10417.030878119198,1830.080713324276,8586.950164794922,5,1
2023-11-28,1701205200000,,10321.880746893612,1830.080713324276,8491.800033569336,5,1
2023-11-29,1701291600000,,10051.260709001717,1625.5608570119707,8425.699851989746,5,1
2023-11-30,1701378000000,,10132.436892044701,5027.436842453636,5105.000049591064,3,1
2023-12-01,1701464400000,,10182.1032356448,1360.173361224633,8821.929874420166,5,1
2023-12-04,1701723600000,,10248.563330096704,1360.173361224633,8888.38996887207,5,1
2023-12-05,1701810000000,,10226.933359546167,1360.173361224633,8866.759998321533,5,1
2023-12-06,1701896400000,,10186.423330707055,1360.173361224633,8826.249969482422,5,1
2023-12-07,1701982800000,,10160.413443011743,1360.173361224633,8800.24008178711,5,1
2023-12-08,1702069200000,,10190.093439502221,1360.173361224633,8829.920078277588,5,1
2023-12-11,1702328400000,,10246.20323411892,1360.173361224633,8886.029872894287,5,1
2023-12-12,1702414800000,,10315.95073973266,2804.3007572802667,7511.649982452393,4,1
2023-12-13,1702501200000,,10361.930151567743,831.000082598016,9530.930068969727,5,2
2023-12-14,1702587600000,,10130.319185314598,4356.099237499658,5774.219947814941,3,1
2023-12-15,1702674000000,,10118.98746882668,2897.56748973122,7221.419979095459,4,1
2023-12-18,1702933200000,,10161.00269049709,872.2428790957224,9288.759811401367,5,2
2023-12-19,1703019600000,,10225.262921515156,872.2428790957224,9353.020042419434,5,2
2023-12-20,1703106000000,,10080.672997656513,872.2428790957224,9208.430118560791,5,2
2023-12-21,1703192400000,,10199.052918615986,872.2428790957224,9326.810039520264,5,2
2023-12-22,1703278800000,,10226.472882452656,872.2428790957224,9354.230003356934,5,2
2023-12-26,1703624400000,,10309.012795630146,872.2428790957224,9436.769916534424,5,2
2023-12-27,1703710800000,,10343.772900763202,872.2428790957224,9471.53002166748,5,2
2023-12-28,1703797200000,,10294.204886462787,2634.6248083377877,7659.580078125,4,1
2023-12-29,1703883600000,,10283.476189498795,2747.8861855315104,7535.590003967285,4,2
2024-01-02,1704229200000,,10077.401981302522,3968.0220221960763,6109.379959106445,3,2
2024-01-03,1704315600000,,9992.82397993387,92.09183271707275,9900.732147216797,5,2
2024-01-04,1704402000000,,10048.046920736115,2044.0569152429505,8003.990005493164,4,2
2024-01-05,1704488400000,,10027.031554040237,33.361540612503404,9993.670013427734,5,2
2024-01-08,1704747600000,,10106.741530236526,33.361540612503404,10073.379989624023,5,2
2024-01-09,1704834000000,,10129.701536950393,33.361540612503404,10096.33999633789,5,2
2024-01-10,1704920400000,,10067.711470422073,33.361540612503404,10034.34992980957,5,2
2024-01-11,1705006800000,,10106.331496056839,33.361540612503404,10072.969955444336,5,2
2024-01-12,1705093200000,,10177.171568688675,33.361540612503404,10143.810028076172,5,2
2024-01-16,1705438800000,,10163.901503381057,33.361540612503404,10130.539962768555,5,2
2024-01-17,1705525200000,,10186.087796666334,2025.2875952503175,8160.800201416016,4,1
2024-01-18,1705611600000,,10194.961804905352,627.0519004253704,9567.90990447998,5,2
2024-01-19,1705698000000,,10314.111970463213,627.0519004253704,9687.060070037842,5,2
2024-01-22,1705957200000,,10345.1373806073,2716.147508628541,7628.98987197876,4,2
2024-01-23,1706043600000,,10315.724888265077,761.8948215841685,9553.830066680908,5,2
2024-01-24,1706130000000,,10271.76964691417,2851.3197262598733,7420.449920654297,4,2
2024-01-25,1706216400000,,10391.382461809255,1200.2023737660418,9191.180088043213,5,2
2024-01-26,1706302800000,,10362.942371629812,1200.2023737660418,9162.73999786377,5,2
2024-01-29,1706562000000,,10425.685192651588,3323.555233545143,7102.129959106445,4,2
2024-01-30,1706648400000,,10426.557075408695,3467.2470130002484,6959.310062408447,4,2
2024-01-31,1706734800000,,10294.475090738286,1453.2250030002488,8841.250087738037,5,2
2024-02-01,1706821200000,,10365.317737887332,3001.0777095059834,7364.240028381348,4,1
2024-02-02,1706907600000,,10322.637232423116,1037.9272028210626,9284.71002960205,5,1
2024-02-05,1707166800000,,10195.503433168467,3099.343429506358,7096.160003662109,4,1
2024-02-06,1707253200000,,10198.04660704121,1059.670279526561,9138.376327514648,5,2
2024-02-07,1707339600000,,10278.31548216328,1059.670279526561,9218.645202636719,5,2
2024-02-08,1707426000000,,10369.856619762926,2973.173499035387,7396.683120727539,4,2
2024-02-09,1707512400000,,10048.020442688998,977.1994588022792,9070.820983886719,5,2
2024-02-12,1707771600000,,10009.808467591341,977.1994588022792,9032.609008789062,5,2
2024-02-13,1707858000000,,9705.42269779553,2208.9409778248264,7496.481719970703,4,1
2024-02-14,1707944400000,,9829.441649491353,685.2581854410603,9144.183464050293,5,2
2024-02-15,1708030800000,,9980.31768708901,685.2581854410603,9295.05950164795,5,2
2024-02-16,1708117200000,,9936.778517777486,685.2581854410603,9251.520332336426,5,2
2024-02-20,1708462800000,,9908.099726731343,685.2581854410603,9222.841541290283,5,2
2024-02-21,1708549200000,,9915.291033799214,685.2581854410603,9230.032848358154,5,2
2024-02-22,1708635600000,,10176.194330506984,4530.15450506753,5646.039825439453,3,1
2024-02-23,1708722000000,,10149.899838780315,842.1896642197682,9307.710174560547,5,2
2024-02-26,1708981200000,,10138.689664219768,842.1896642197682,9296.5,5,2
2024-02-27,1709067600000,,10092.2794621934,842.1896642197682,9250.089797973633,5,2
2024-02-28,1709154000000,,10086.329572056682,842.1896642197682,9244.139907836914,5,2
2024-02-29,1709240400000,,10159.83970389262,842.1896642197682,9317.650039672852,5,2
2024-03-01,1709326800000,,10200.78989920512,842.1896642197682,9358.600234985352,5,2
2024-03-04,1709586000000,,10089.89787032722,547.067609096752,9542.830261230469,5,2
2024-03-05,1709672400000,,9970.117688442455,547.067609096752,9423.050079345703,5,2
2024-03-06,1709758800000,,10029.047498012767,547.067609096752,9481.979888916016,5,2
2024-03-07,1709845200000,,10100.927884365306,547.067609096752,9553.860275268555,5,2
2024-03-08,1709931600000,,10080.607785488353,547.067609096752,9533.540176391602,5,2
2024-03-11,1710187200000,,9930.147595669017,547.067609096752,9383.079986572266,5,2
2024-03-12,1710273600000,,10064.617657924877,547.067609096752,9517.550048828125,5,2
2024-03-13,1710360000000,,9960.797559047924,547.067609096752,9413.729949951172,5,2
2024-03-14,1710446400000,,9898.207394863353,547.067609096752,9351.139785766602,5,2
2024-03-15,1710532800000,,9881.287610317455,547.067609096752,9334.220001220703,5,2
2024-03-18,1710792000000,,9833.189287622647,417.149332483486,9416.03995513916,5,2
2024-03-19,1710878400000,,9884.939363916592,417.149332483486,9467.790031433105,5,2
2024-03-20,1710964800000,,9906.369371851162,417.149332483486,9489.220039367676,5,2
2024-03-21,1711051200000,,10029.619272669033,417.149332483486,9612.469940185547,5,2
2024-03-22,1711137600000,,10008.449305017666,417.149332483486,9591.29997253418,5,2
2024-03-25,1711396800000,,9979.469232996182,417.149332483486,9562.319900512695,5,2
2024-03-26,1711483200000,,10055.369379480557,417.149332483486,9638.22004699707,5,2
2024-03-27,1711569600000,,10086.499308069424,417.149332483486,9669.349975585938,5,2
2024-03-28,1711656000000,,10116.509256799893,417.149332483486,9699.359924316406,5,2
2024-04-01,1712001600000,,10054.579203088955,417.149332483486,9637.429870605469,5,2
2024-04-02,1712088000000,,9937.98926778622,417.149332483486,9520.839935302734,5,2
2024-04-03,1712174400000,,9945.881671103329,378.3416625584068,9567.540008544922,5,2
2024-04-04,1712260800000,,9821.635036583446,2273.8050652699685,7547.829971313477,4,2
2024-04-05,1712347200000,,9910.15244949162,354.57241714298493,9555.580032348633,5,2
2024-04-08,1712606400000,,9901.672667387127,354.57241714298493,9547.10025024414,5,2
2024-04-09,1712692800000,,9779.437612365471,2251.037778686271,7528.399833679199,4,2
2024-04-10,1712779200000,,9721.056352317399,637.9163758159334,9083.139976501465,5,2
2024-04-11,1712865600000,,9726.986383140153,637.9163758159334,9089.070007324219,5,2
2024-04-12,1712952000000,,9591.956426322526,637.9163758159334,8954.040050506592,5,2
2024-04-15,1713211200000,,9543.387519023621,4062.137648723328,5481.249870300293,3,1
2024-04-16,1713297600000,,9515.651736543568,5829.761752412709,3685.8899841308594,2,2
2024-04-17,1713384000000,,9446.320554489826,753.2406213233226,8693.079933166504,5,2
2024-04-18,1713470400000,,9421.440549607014,753.2406213233226,8668.199928283691,5,2
2024-04-19,1713556800000,,9403.394506488581,1942.5544414861397,7460.840065002441,4,2
2024-04-22,1713816000000,,9463.924803693895,150.07482047856388,9313.849983215332,5,2
2024-04-23,1713902400000,,9561.4148931104,150.07482047856388,9411.340072631836,5,2
2024-04-24,1713988800000,,9642.02923649672,233.68910282972843,9408.340133666992,5,2
2024-04-25,1714075200000,,9636.389176071916,233.68910282972843,9402.700073242188,5,2
2024-04-26,1714161600000,,9570.00906437758,233.68910282972843,9336.319961547852,5,2
2024-04-29,1714420800000,,9577.228996933733,233.68910282972843,9343.539894104004,5,2
2024-04-30,1714507200000,,9465.348892868791,233.68910282972843,9231.659790039062,5,2
2024-05-01,1714593600000,,9428.537581761435,3749.1675484972748,5679.37003326416,3,2
2024-05-02,1714680000000,,9475.888947054647,750.3789067714449,8725.510040283203,5,2
2024-05-03,1714766400000,,9512.568970248007,750.3789067714449,8762.190063476562,5,2
2024-05-06,1715025600000,,9706.34886221578,750.3789067714449,8955.969955444336,5,2
2024-05-07,1715112000000,,9689.856121463437,903.3859371372657,8786.470184326172,5,1
2024-05-08,1715198400000,,9730.195980472226,903.3859371372657,8826.810043334961,5,1
2024-05-09,1715284800000,,9815.871931718206,2888.451841996526,6927.42008972168,4,1
2024-05-10,1715371200000,,9850.419262128884,2270.9893114147726,7579.429950714111,4,1
2024-05-13,1715630400000,,9778.001664542347,309.1716016761368,9468.830062866211,5,2
2024-05-14,1715716800000,,9768.02186185885,350.03193265963114,9417.989929199219,5,2
2024-05-15,1715803200000,,9747.698030432486,178.4181155765316,9569.279914855957,5,2
2024-05-16,1715889600000,,9767.648008307242,178.4181155765316,9589.229892730713,5,2
2024-05-17,1715976000000,,9763.5203861701,104.46033139104611,9659.060054779053,5,2
2024-05-20,1716235200000,,9781.730461548517,104.46033139104611,9677.27013015747,5,2
2024-05-21,1716321600000,,9772.185836781291,386.66597746732486,9385.519859313965,5,2
2024-05-22,1716408000000,,9539.17600249174,386.66597746732486,9152.510025024414,5,2
2024-05-23,1716494400000,,9460.025909413127,386.66597746732486,9073.3599319458,5,2
2024-05-24,1716580800000,,9475.951004407956,473.4510501843238,9002.499954223633,5,2
2024-05-28,1716926400000,,9474.839499348815,2343.3695973102394,7131.469902038574,4,2
2024-05-29,1717012800000,,9375.926219968758,473.87614825244714,8902.050071716309,5,2
2024-05-30,1717099200000,,9449.146183042489,473.87614825244714,8975.270034790039,5,2
2024-05-31,1717185600000,,9537.87614825245,473.87614825244714,9064,5,2
2024-06-03,1717444800000,,9480.16608813282,473.87614825244714,9006.289939880371,5,2
2024-06-04,1717531200000,,9490.456172971688,473.87614825244714,9016.580024719238,5,2
2024-06-05,1717617600000,,9539.13623431202,473.87614825244714,9065.26008605957,5,2
2024-06-06,1717704000000,,9495.75611498829,473.87614825244714,9021.87996673584,5,2
2024-06-07,1717790400000,,9469.876102476082,473.87614825244714,8995.999954223633,5,2
2024-06-10,1718049600000,,9579.216037778817,473.87614825244714,9105.339889526367,5,2
2024-06-11,1718136000000,,9560.126163511239,473.87614825244714,9086.250015258789,5,2
2024-06-12,1718222400000,,9622.176303892098,473.87614825244714,9148.300155639648,5,2
2024-06-13,1718308800000,,9531.231997334362,2209.7520931595573,7321.479904174805,4,2
2024-06-14,1718395200000,,9445.311489637175,336.7116513803371,9108.599838256836,5,2
2024-06-17,1718654400000,,9529.871517713347,336.7116513803371,9193.159866333008,5,2
2024-06-18,1718740800000,,9583.871273077511,2420.8511085877662,7163.020164489746,4,2
2024-06-20,1718913600000,,9528.768054277632,761.8179657766552,8766.950088500977,5,2
2024-06-21,1719000000000,,9512.728007585738,761.8179657766552,8750.910041809082,5,2
2024-06-24,1719259200000,,9584.61787727568,761.8179657766552,8822.799911499023,5,2
2024-06-25,1719345600000,,9516.952746773935,2573.7227357876063,6943.230010986328,4,2
2024-06-26,1719432000000,,9460.116745157846,717.9367677408534,8742.179977416992,5,2
2024-06-27,1719518400000,,9462.326835795053,717.9367677408534,8744.3900680542,5,2
2024-06-28,1719604800000,,9493.476776285775,717.9367677408534,8775.540008544922,5,2
2024-07-01,1719864000000,,9415.336960001596,717.9367677408534,8697.400192260742,5,2
2024-07-02,1719950400000,,9453.267743069742,390.0575456210115,9063.21019744873,5,2
2024-07-03,1720036800000,,9501.196203703135,443.7662796919042,9057.42992401123,5,2
2024-07-05,1720209600000,,9537.726171964854,443.7662796919042,9093.95989227295,5,2
2024-07-08,1720468800000,,9543.506178373545,443.7662796919042,9099.73989868164,5,2
2024-07-09,1720555200000,,9568.866270536631,443.7662796919042,9125.099990844727,5,2
2024-07-10,1720641600000,,9620.43643044874,443.7662796919042,9176.670150756836,5,2
2024-07-11,1720728000000,,9495.486204618663,443.7662796919042,9051.719924926758,5,2
2024-07-12,1720814400000,,9580.126410001963,443.7662796919042,9136.360130310059,5,2
2024-07-15,1721073600000,,9674.710122838987,1146.660249486937,8528.04987335205,5,2
2024-07-16,1721160000000,,9753.430295721068,1146.660249486937,8606.77004623413,5,2
2024-07-17,1721246400000,,9569.87051369287,1146.660249486937,8423.210264205933,5,2
2024-07-18,1721332800000,,9441.88488695653,4624.124915337878,4817.759971618652,3,2
2024-07-19,1721419200000,,9343.681068806307,861.5712093397549,8482.109859466553,5,2
2024-07-22,1721678400000,,9496.931131748812,861.5712093397549,8635.359922409058,5,2
2024-07-23,1721764800000,,9506.251350788729,861.5712093397549,8644.680141448975,5,2
2024-07-24,1721851200000,,9337.111307530062,861.5712093397549,8475.540098190308,5,2
2024-07-25,1721937600000,,8942.78293718254,2124.5729915038264,6818.209945678711,4,2
2024-07-26,1722024000000,,8978.99037114787,631.0103849570737,8347.979986190796,5,2
2024-07-29,1722283200000,,8947.020270745037,631.0103849570737,8316.009885787964,5,2
2024-07-30,1722369600000,,9113.091361864006,541.7514341906642,8571.33992767334,5,2
2024-07-31,1722456000000,,9120.9119231285,435.2820422233492,8685.629880905151,5,2
2024-08-01,1722542400000,,9125.362234789267,435.2820422233492,8690.080192565918,5,2
2024-08-02,1722628800000,,9045.79318518794,4280.803152991895,4764.990032196045,3,2
2024-08-05,1722888000000,,8760.373702698227,2050.9337231450063,6709.439979553223,4,1
2024-08-06,1722974400000,,8868.443889313217,2050.9337231450063,6817.510166168213,4,1
2024-08-07,1723060800000,,8860.570979173724,667.4809294300712,8193.090049743652,5,1
2024-08-08,1723147200000,,8983.140898759906,667.4809294300712,8315.659969329834,5,1
2024-08-09,1723233600000,,8978.6809454518,667.4809294300712,8311.200016021729,5,1
2024-08-12,1723492800000,,8971.170977647846,667.4809294300712,8303.690048217773,5,1
2024-08-13,1723579200000,,8993.771006639545,667.4809294300712,8326.290077209473,5,1
2024-08-14,1723665600000,,9032.210959489887,667.4809294300712,8364.730030059814,5,1
2024-08-15,1723752000000,,8981.91105180556,667.4809294300712,8314.430122375488,5,1
2024-08-16,1723838400000,,9038.09097581679,667.4809294300712,8370.610046386719,5,1
2024-08-19,1724097600000,,9047.920783098285,667.4809294300712,8380.439853668213,5,1
2024-08-20,1724184000000,,9062.581023271625,667.4809294300712,8395.100093841553,5,1
2024-08-21,1724270400000,,9113.270983751361,667.4809294300712,8445.790054321289,5,1
2024-08-22,1724356800000,,9107.900916154926,667.4809294300712,8440.419986724854,5,1
2024-08-23,1724443200000,,9167.81087022597,667.4809294300712,8500.329940795898,5,1
2024-08-26,1724702400000,,9219.22083192641,667.4809294300712,8551.739902496338,5,1
2024-08-27,1724788800000,,9250.71091371352,667.4809294300712,8583.229984283447,5,1
2024-08-28,1724875200000,,9285.730937059467,667.4809294300712,8618.250007629395,5,1
2024-08-29,1724961600000,,9299.230979021137,667.4809294300712,8631.750049591064,5,1
2024-08-30,1725048000000,,9362.843336193995,2169.0034123353535,7193.839923858643,4,1
2024-09-03,1725393600000,,9446.254794755525,2187.694751420565,7258.560043334961,4,2
2024-09-04,1725480000000,,9444.139414805977,2292.301608104318,7151.83780670166,4,2
2024-09-05,1725566400000,,9401.17944915632,546.6155148301482,8854.563934326172,5,2
2024-09-06,1725652800000,,9327.763387754952,546.6155148301482,8781.147872924805,5,2
2024-09-09,1725912000000,,9407.377492979562,546.6155148301482,8860.761978149414,5,2
2024-09-10,1725998400000,,9442.873556211984,546.6155148301482,8896.258041381836,5,2
2024-09-11,1726084800000,,9379.356373101797,2300.446499139395,7078.909873962402,4,2
2024-09-12,1726171200000,,9439.416086865622,472.5962321292943,8966.819854736328,5,2
2024-09-13,1726257600000,,9449.556261731344,472.5962321292943,8976.96002960205,5,2
2024-09-16,1726516800000,,9525.956194592673,472.5962321292943,9053.359962463379,5,2
2024-09-17,1726603200000,,9454.776270581442,472.5962321292943,8982.180038452148,5,2
2024-09-18,1726689600000,,9440.766176892477,472.5962321292943,8968.169944763184,5,2
2024-09-19,1726776000000,,9451.203781562277,827.593864875266,8623.609916687012,5,2
2024-09-20,1726862400000,,9433.664968794303,858.6547759232092,8575.010192871094,5,2
2024-09-23,1727121600000,,9504.024740522818,858.6547759232092,8645.36996459961,5,2
2024-09-24,1727208000000,,9518.264639204459,858.6547759232092,8659.60986328125,5,2
2024-09-25,1727294400000,,9456.034841841178,858.6547759232092,8597.380065917969,5,2
2024-09-26,1727380800000,,9514.112615444355,2629.7325495263867,6884.380065917969,4,1
2024-09-27,1727467200000,,9483.569905764203,755.6500563684506,8727.919849395752,5,2
2024-09-30,1727726400000,,9524.640023714643,755.6500563684506,8768.989967346191,5,2
2024-10-01,1727812800000,,9575.304779442737,2406.7648090447874,7168.539970397949,4,2
2024-10-02,1727899200000,,9585.861571710193,497.25142995604256,9088.61014175415,5,2
2024-10-03,1727985600000,,9518.141467492664,497.25142995604256,9020.890037536621,5,2
2024-10-04,1728072000000,,9510.938249280578,2338.9082733894647,7172.029975891113,4,2
2024-10-07,1728331200000,,9455.539542462586,286.3495857975463,9169.189956665039,5,2
2024-10-08,1728417600000,,9507.529601361512,286.3495857975463,9221.180015563965,5,2
2024-10-09,1728504000000,,9594.709594037293,286.3495857975463,9308.360008239746,5,2
2024-10-10,1728590400000,,9548.679732587098,286.3495857975463,9262.33014678955,5,2
2024-10-11,1728676800000,,9653.39974906659,286.3495857975463,9367.050163269043,5,2
2024-10-14,1728936000000,,9670.719580914734,286.3495857975463,9384.369995117188,5,2
2024-10-15,1729022400000,,9627.07967307782,286.3495857975463,9340.730087280273,5,2
2024-10-16,1729108800000,,9662.829566266297,286.3495857975463,9376.47998046875,5,2
2024-10-17,1729195200000,,9611.02953269696,286.3495857975463,9324.679946899414,5,2
2024-10-18,1729281600000,,9656.769538190125,286.3495857975463,9370.419952392578,5,2
2024-10-21,1729540800000,,9631.169547345398,286.3495857975463,9344.819961547852,5,2
2024-10-22,1729627200000,,9649.229781415223,286.3495857975463,9362.880195617676,5,2
2024-10-23,1729713600000,,9617.219710614441,286.3495857975463,9330.870124816895,5,2
2024-10-24,1729800000000,,9508.949698712586,286.3495857975463,9222.600112915039,5,2
2024-10-25,1729886400000,,9439.206937139466,1999.0071385554809,7440.199798583984,4,2
2024-10-28,1730145600000,,9492.416963474883,1215.2870119978334,8277.12995147705,5,2
2024-10-29,1730232000000,,9330.167016880645,1215.2870119978334,8114.8800048828125,5,2
2024-10-30,1730318400000,,9235.817003147735,1215.2870119978334,8020.529991149902,5,2
2024-10-31,1730404800000,,9223.185492211273,2750.835386925629,6472.3501052856445,4,1
2024-11-01,1730491200000,,9186.558026861787,1485.16782910788,7701.390197753906,5,2
2024-11-04,1730754000000,,9171.647649359345,1485.16782910788,7686.479820251465,5,2
2024-11-05,1730840400000,,9262.317761969209,1485.16782910788,7777.149932861328,5,2
2024-11-06,1730926800000,,9357.729757745252,2793.839647729382,6563.890110015869,4,1
2024-11-07,1731013200000,,9413.6261718903,979.4162185821954,8434.209953308105,5,1
2024-11-08,1731099600000,,9589.74638825993,979.4162185821954,8610.330169677734,5,1
2024-11-11,1731358800000,,9688.096637098224,2924.5465882700973,6763.550048828125,4,2
2024-11-12,1731445200000,,9644.47333589046,1120.1932875200976,8524.280048370361,5,2
2024-11-13,1731531600000,,9657.733479170489,1120.1932875200976,8537.54019165039,5,2
2024-11-14,1731618000000,,9592.816162241556,2132.246120585062,7460.570041656494,4,1
2024-11-15,1731704400000,,9587.440958298228,276.80082920887185,9310.640129089355,5,2
2024-11-18,1731963600000,,9673.190824783824,276.80082920887185,9396.389995574951,5,2
2024-11-19,1732050000000,,9690.020761765025,276.80082920887185,9413.219932556152,5,2
2024-11-20,1732136400000,,9719.260839737437,276.80082920887185,9442.460010528564,5,2
2024-11-21,1732222800000,,9853.930600337924,4202.0107242392905,5651.919876098633,3,2
2024-11-22,1732309200000,,9919.44124879187,459.2012051517361,9460.240043640137,5,2
2024-11-25,1732568400000,,9920.676119702515,459.2012051517361,9461.474914550781,5,2
2024-11-26,1732654800000,,9977.381178754029,459.2012051517361,9518.179973602295,5,2
2024-11-27,1732741200000,,9944.636176007447,459.2012051517361,9485.434970855713,5,2
2024-11-29,1732914000000,,9981.491099255738,459.2012051517361,9522.289894104004,5,2
2024-12-02,1733173200000,,9886.676226514039,459.2012051517361,9427.475021362305,5,2
2024-12-03,1733259600000,,9887.896204846558,459.2012051517361,9428.694999694824,5,2
2024-12-04,1733346000000,,9905.371264355836,459.2012051517361,9446.170059204102,5,2
2024-12-05,1733432400000,,9882.8914021427,459.2012051517361,9423.690196990967,5,2
2024-12-06,1733518800000,,9901.476359265504,459.2012051517361,9442.27515411377,5,2
2024-12-09,1733778000000,,9749.451086896119,459.2012051517361,9290.249881744385,5,2
2024-12-10,1733864400000,,9672.49744261445,4044.4174102658185,5628.080032348633,3,1
2024-12-11,1733950800000,,9745.980288877392,305.21020831098485,9440.770080566406,5,2
2024-12-12,1734037200000,,9735.610263242626,305.21020831098485,9430.40005493164,5,2
2024-12-13,1734123600000,,9570.699193007811,2130.3893938134756,7440.309799194336,4,2
2024-12-16,1734382800000,,9558.237946655272,642.4179088134758,8915.820037841797,5,2
2024-12-17,1734469200000,,9441.617966796874,642.4179088134758,8799.200057983398,5,2
2024-12-18,1734555600000,,9170.682766663944,5527.662777650272,3643.019989013672,2,1
2024-12-19,1734642000000,,9201.000347816547,5761.3402526017035,3439.6600952148438,2,1
2024-12-20,1734728400000,,9332.613348294652,745.4233763708235,8587.189971923828,5,2
2024-12-23,1734987600000,,9284.753286649144,745.4233763708235,8539.32991027832,5,2
2024-12-24,1735074000000,,9350.663320828831,745.4233763708235,8605.239944458008,5,2
2024-12-26,1735246800000,,9356.483404446995,745.4233763708235,8611.060028076172,5,2
2024-12-27,1735333200000,,9245.953420926488,745.4233763708235,8500.530044555664,5,2
2024-12-30,1735592400000,,9156.613333035863,745.4233763708235,8411.189956665039,5,2
2024-12-31,1735678800000,,9133.883291531956,745.4233763708235,8388.459915161133,5,2
2025-01-02,1735851600000,,9146.093328763402,745.4233763708235,8400.669952392578,5,2
2025-01-03,1735938000000,,9187.543447781956,745.4233763708235,8442.120071411133,5,2
2025-01-06,1736197200000,,9144.232703482465,2340.4126351230893,6803.820068359375,4,1
2025-01-07,1736283600000,,9104.063708171429,1249.2335461230894,7854.83016204834,5,1
2025-01-08,1736370000000,,9098.533790042304,4734.453711917305,4364.080078125,3,1
2025-01-10,1736542800000,,9076.320042325187,1162.2200171481861,7914.100025177002,5,1
2025-01-13,1736802000000,,8964.064483381135,1278.4446103342598,7685.619873046875,5,2
2025-01-14,1736888400000,,9027.574599958283,1278.4446103342598,7749.129989624023,5,2
2025-01-15,1736974800000,,9039.854507184846,1278.4446103342598,7761.409896850586,5,2
2025-01-16,1737061200000,,9162.904617048127,1278.4446103342598,7884.460006713867,5,2
2025-01-17,1737147600000,,9230.753900269981,3167.9738938612904,6062.780006408691,4,2
2025-01-21,1737493200000,,9401.300546763268,2049.660661814538,7351.6398849487305,5,2
2025-01-22,1737579600000,,9447.87408334794,2074.154112644816,7373.719970703125,5,2
2025-01-23,1737666000000,,9546.225967783885,1412.545883555369,8133.680084228516,5,2
2025-01-24,1737752400000,,9524.746048350291,1412.545883555369,8112.200164794922,5,2
2025-01-27,1738011600000,,9258.435994520685,1279.7361234574537,7978.699871063232,5,2
2025-01-28,1738098000000,,9307.796197309992,1279.7361234574537,8028.060073852539,5,2
2025-01-29,1738184400000,,9381.445939436457,1279.7361234574537,8101.709815979004,5,2
2025-01-30,1738270800000,,9457.166020765802,1279.7361234574537,8177.42989730835,5,2
2025-01-31,1738357200000,,9139.328846919721,2824.9690065266554,6314.359840393066,4,1
2025-02-03,1738616400000,,9109.19275312271,1179.3627627357466,7929.829990386963,5,1
2025-02-04,1738702800000,,9260.997198255103,1409.5472089362556,7851.449989318848,5,1
2025-02-05,1738789200000,,9243.29727378611,1409.5472089362556,7833.7500648498535,5,1
2025-02-06,1738875600000,,9134.756037022611,2968.8060171861853,6165.950019836426,4,1
2025-02-07,1738962000000,,9063.537182612057,1316.9071624704566,7746.630020141602,5,1
2025-02-10,1739221200000,,9101.807278437253,1316.9071624704566,7784.900115966797,5,1
2025-02-11,1739307600000,,9055.427109522458,1316.9071624704566,7738.519947052002,5,1
2025-02-12,1739394000000,,9011.597016138669,1316.9071624704566,7694.689853668213,5,1
2025-02-13,1739480400000,,8993.937717532152,2822.267822360032,6171.669895172119,4,1
2025-02-14,1739566800000,,9103.064575846613,1037.9045225934383,8065.160053253174,5,1
2025-02-18,1739912400000,,9161.694519694269,1037.9045225934383,8123.78999710083,5,1
2025-02-19,1739998800000,,9157.314556773126,1037.9045225934383,8119.4100341796875,5,1
2025-02-20,1740085200000,,9014.674519236505,1037.9045225934383,7976.769996643066,5,1
2025-02-21,1740171600000,,8798.834549601495,1037.9045225934383,7760.930027008057,5,1
2025-02-24,1740430800000,,8768.386328762963,2488.9462462129145,6279.440082550049,4,2
2025-02-25,1740517200000,,8645.08113990136,3733.091027596673,4911.9901123046875,3,2
2025-02-26,1740603600000,,8599.106189786493,470.73612600475485,8128.370063781738,5,2
2025-02-27,1740690000000,,8601.066230832635,470.73612600475485,8130.330104827881,5,2
2025-02-28,1740776400000,,8663.037100114128,2059.857065476678,6603.180034637451,4,2
2025-03-03,1741035600000,,8642.71434612658,345.93435497667815,8296.779991149902,5,2
2025-03-04,1741122000000,,8417.062646614764,1980.8126656882503,6436.249980926514,4,2
2025-03-05,1741208400000,,8457.524162693682,729.7141803938778,7727.809982299805,5,2
2025-03-06,1741294800000,,8313.634216709796,729.7141803938778,7583.920036315918,5,2
2025-03-07,1741381200000,,8314.79683973969,3597.0069799679623,4717.7898597717285,3,2
2025-03-10,1741636800000,,8335.57202129711,299.55199985851095,8036.020021438599,5,2
2025-03-11,1741723200000,,8276.833282993352,8276.833282993352,0,0,0
2025-03-12,1741809600000,,8276.833282993352,8276.833282993352,0,0,0
2025-03-13,1741896000000,,8276.833282993352,8276.833282993352,0,0,0
2025-03-14,1741982400000,,8276.833282993352,8276.833282993352,0,0,0
2025-03-17,1742241600000,,8276.833282993352,8276.833282993352,0,0,0
2025-03-18,1742328000000,,8276.833282993352,8276.833282993352,0,0,0
2025-03-19,1742414400000,,8276.833282993352,8276.833282993352,0,0,0
2025-03-20,1742500800000,,8276.833282993352,8276.833282993352,0,0,0
2025-03-21,1742587200000,,8276.833282993352,8276.833282993352,0,0,0
2025-03-24,1742846400000,,8276.833282993352,8276.833282993352,0,0,0
2025-03-25,1742932800000,,8271.654046562971,1021.5041899955884,7250.149856567383,5,2
2025-03-26,1743019200000,,8258.474168328108,1021.5041899955884,7236.9699783325195,5,2
2025-03-27,1743105600000,,8257.131187628393,8257.131187628393,0,0,0
2025-03-28,1743192000000,,8257.131187628393,8257.131187628393,0,0,0
2025-03-31,1743451200000,,8257.131187628393,8257.131187628393,0,0,0
2025-04-01,1743537600000,,8257.131187628393,8257.131187628393,0,0,0
2025-04-02,1743624000000,,8257.131187628393,8257.131187628393,0,0,0
2025-04-03,1743710400000,,8257.131187628393,8257.131187628393,0,0,0
2025-04-04,1743796800000,,8257.131187628393,8257.131187628393,0,0,0
2025-04-07,1744056000000,,8257.131187628393,8257.131187628393,0,0,0
2025-04-08,1744142400000,,8257.131187628393,8257.131187628393,0,0,0
2025-04-09,1744228800000,,8257.131187628393,8257.131187628393,0,0,0
2025-04-10,1744315200000,,8257.131187628393,8257.131187628393,0,0,0
2025-04-11,1744401600000,,8257.131187628393,8257.131187628393,0,0,0
2025-04-14,1744660800000,,8257.131187628393,8257.131187628393,0,0,0
2025-04-15,1744747200000,,8257.131187628393,8257.131187628393,0,0,0
2025-04-16,1744833600000,,8257.131187628393,8257.131187628393,0,0,0
2025-04-17,1744920000000,,8257.131187628393,8257.131187628393,0,0,0
2025-04-21,1745265600000,,8257.131187628393,8257.131187628393,0,0,0
2025-04-22,1745352000000,,8257.131187628393,8257.131187628393,0,0,0
2025-04-23,1745438400000,,8257.131187628393,8257.131187628393,0,0,0
2025-04-24,1745524800000,,8257.131187628393,8257.131187628393,0,0,0
2025-04-25,1745611200000,,8257.131187628393,8257.131187628393,0,0,0
2025-04-28,1745870400000,,8257.131187628393,8257.131187628393,0,0,0
2025-04-29,1745956800000,,8257.131187628393,8257.131187628393,0,0,0
2025-04-30,1746043200000,,8257.131187628393,8257.131187628393,0,0,0
2025-05-01,1746129600000,,8257.131187628393,8257.131187628393,0,0,0
2025-05-02,1746216000000,,8257.131187628393,8257.131187628393,0,0,0
2025-05-05,1746475200000,,8257.131187628393,8257.131187628393,0,0,0
2025-05-06,1746561600000,,8257.131187628393,8257.131187628393,0,0,0
2025-05-07,1746648000000,,8257.131187628393,8257.131187628393,0,0,0
2025-05-08,1746734400000,,8257.131187628393,8257.131187628393,0,0,0
2025-05-09,1746820800000,,8257.131187628393,8257.131187628393,0,0,0
2025-05-12,1747080000000,,8257.131187628393,8257.131187628393,0,0,0
2025-05-13,1747166400000,,8238.394221168288,712.2341412122339,7526.160079956055,5,2
2025-05-14,1747252800000,,8215.604303229018,499.4842623354641,7716.120040893555,5,2
2025-05-15,1747339200000,,8292.631484337617,443.2017052848814,7849.429779052734,5,2
2025-05-16,1747425600000,,8387.231581993867,443.2017052848814,7944.029876708984,5,2
2025-05-19,1747684800000,,8398.601699181367,443.2017052848814,7955.399993896484,5,2
2025-05-20,1747771200000,,8341.831588097382,443.2017052848814,7898.6298828125,5,2
2025-05-21,1747857600000,,8196.881636925507,443.2017052848814,7753.679931640625,5,2
2025-05-22,1747944000000,,8139.401809044647,443.2017052848814,7696.200103759766,5,2
2025-05-23,1748030400000,,8103.429660172918,1958.9696687178402,6144.459991455078,4,1
2025-05-27,1748376000000,,8271.913233431325,343.3632761559354,7928.549957275391,5,2
2025-05-28,1748462400000,,8242.97336831902,343.3632761559354,7899.610092163086,5,2
2025-05-29,1748548800000,,8269.263346346364,343.3632761559354,7925.90007019043,5,2
2025-05-30,1748635200000,,8342.873377474294,343.3632761559354,7999.510101318359,5,2
2025-06-02,1748894400000,,8374.003199251638,343.3632761559354,8030.639923095703,5,2
2025-06-03,1748980800000,,8364.013346346364,343.3632761559354,8020.65007019043,5,2
2025-06-04,1749067200000,,8305.29337564324,343.3632761559354,7961.930099487305,5,2
2025-06-05,1749153600000,,8298.98331704949,343.3632761559354,7955.620040893555,5,2
2025-06-06,1749240000000,,8345.843317659841,343.3632761559354,8002.480041503906,5,2
2025-06-09,1749499200000,,8259.657172244459,1689.3771887239513,6570.279983520508,4,1
2025-06-10,1749585600000,,8200.412416100264,404.97223055338895,7795.440185546875,5,1
2025-06-11,1749672000000,,8233.75232088542,404.97223055338895,7828.780090332031,5,1
2025-06-12,1749758400000,,8345.112199425459,404.97223055338895,7940.13996887207,5,1
2025-06-13,1749844800000,,8336.752244591475,404.97223055338895,7931.780014038086,5,1
2025-06-16,1750104000000,,8366.558812492574,2177.038716667378,6189.520095825195,4,1
2025-06-17,1750190400000,,8300.363758343708,607.3039133730058,7693.059844970703,5,2
2025-06-18,1750276800000,,8271.850219576116,675.9302214071704,7595.919998168945,5,2
2025-06-20,1750449600000,,8248.220161287541,675.9302214071704,7572.289939880371,5,2
2025-06-23,1750708800000,,8294.678298946128,2096.6683578450547,6198.009941101074,4,2
2025-06-24,1750795200000,,8295.177214842332,454.6742851548313,7840.5029296875,5,2
2025-06-25,1750881600000,,8235.009352903855,454.6742851548313,7780.335067749023,5,2
2025-06-26,1750968000000,,8308.499298310106,487.5082094429174,7820.9910888671875,5,2
2025-06-27,1751054400000,,8398.250541901414,487.5082094429174,7910.742332458496,5,2
2025-06-30,1751313600000,,8499.90432760698,487.5082094429174,8012.3961181640625,5,2
2025-07-01,1751400000000,,8455.882583832567,487.5082094429174,7968.374374389648,5,2
2025-07-02,1751486400000,,8474.34899923784,487.5082094429174,7986.840789794922,5,2
2025-07-03,1751572800000,,8516.656265473192,487.5082094429174,8029.148056030273,5,2
2025-07-07,1751918400000,,8513.191894745652,487.5082094429174,8025.683685302734,5,2
2025-07-08,1752004800000,,8459.023666596238,487.5082094429174,7971.51545715332,5,2
2025-07-09,1752091200000,,8500.983520722215,487.5082094429174,8013.475311279297,5,2
2025-07-10,1752177600000,,8427.577864023575,2239.958097788224,6187.619766235352,4,1
2025-07-11,1752264000000,,8412.354064646437,619.9630124003459,7792.391052246094,5,1
2025-07-14,1752523200000,,8433.049171152785,619.9630124003459,7813.086158752441,5,1
2025-07-15,1752609600000,,8381.942306223586,619.9630124003459,7761.979293823242,5,1
2025-07-16,1752696000000,,8351.172614167916,1086.6033011185998,7264.569313049316,5,1
2025-07-17,1752782400000,,8438.077498506294,1086.6033011185998,7351.474197387695,5,1
2025-07-18,1752868800000,,8348.500958567402,2414.409001475116,5934.091957092285,4,1
2025-07-21,1753128000000,,8317.518395472385,850.8465738781465,7466.671821594238,5,2
2025-07-22,1753214400000,,8323.55494027219,850.8465738781465,7472.708366394043,5,2
2025-07-23,1753300800000,,8424.656174708225,850.8465738781465,7573.809600830078,5,2
2025-07-24,1753387200000,,8365.676484156467,850.8465738781465,7514.82991027832,5,2
2025-07-25,1753473600000,,8399.897768743303,2525.54212451723,5874.355644226074,4,1
2025-07-28,1753732800000,,8439.137379604632,1827.1474275172304,6611.989952087402,5,2
2025-07-29,1753819200000,,8457.171039470184,3056.53537357663,5400.635665893555,4,2
2025-07-30,1753905600000,,8439.188796127899,1673.7739935766301,6765.4148025512695,5,2
2025-07-31,1753992000000,,8360.672853015214,3213.9060683472453,5146.766784667969,4,2
2025-08-01,1754078400000,,8287.90063871438,1288.490707531519,6999.409931182861,5,2
2025-08-04,1754337600000,,8364.880642071314,1288.490707531519,7076.389934539795,5,2
2025-08-05,1754424000000,,8291.693966544244,2837.5639311438526,5454.130035400391,4,2
2025-08-06,1754510400000,,8282.644237683366,1365.544307873795,6917.09992980957,5,2
2025-08-07,1754596800000,,8285.254306958268,1365.544307873795,6919.709999084473,5,2
2025-08-08,1754683200000,,8291.724262402604,1365.544307873795,6926.179954528809,5,2
2025-08-11,1754942400000,,8282.14424531276,1365.544307873795,6916.599937438965,5,2
2025-08-12,1755028800000,,8348.36420838649,1365.544307873795,6982.819900512695,5,2
2025-08-13,1755115200000,,8429.614322827409,1365.544307873795,7064.070014953613,5,2
2025-08-14,1755201600000,,8390.824276135514,1365.544307873795,7025.279968261719,5,2
2025-08-15,1755288000000,,8389.244213269303,1365.544307873795,7023.699905395508,5,2
2025-08-18,1755547200000,,8395.884266064713,1365.544307873795,7030.339958190918,5,2
2025-08-19,1755633600000,,8417.154384778092,1365.544307873795,7051.610076904297,5,2
2025-08-20,1755720000000,,8429.074443982194,1365.544307873795,7063.530136108398,5,2
2025-08-21,1755806400000,,8366.354351208756,1365.544307873795,7000.810043334961,5,2
2025-08-22,1755892800000,,8451.90089616741,3023.7708836552038,5428.130012512207,4,1
2025-08-25,1756152000000,,8395.615310528075,1403.535306789674,6992.080003738403,5,2
2025-08-26,1756238400000,,8450.615323879516,1403.535306789674,7047.080017089844,5,2
2025-08-27,1756324800000,,8469.745241024291,1403.535306789674,7066.209934234619,5,2
2025-08-28,1756411200000,,8470.025203563964,1403.535306789674,7066.489896774292,5,2
2025-08-29,1756497600000,,8421.645139553344,1403.535306789674,7018.109832763672,5,2
2025-09-02,1756843200000,,8360.015167095458,1403.535306789674,6956.479860305786,5,2
2025-09-03,1756929600000,,8370.136833799243,1251.5767561320054,7118.560077667236,5,2
2025-09-04,1757016000000,,8440.126789701342,1251.5767561320054,7188.550033569336,5,2
2025-09-05,1757102400000,,8380.406778943896,1251.5767561320054,7128.83002281189,5,2
2025-09-08,1757361600000,,8372.406696927905,1251.5767561320054,7120.829940795898,5,2
2025-09-09,1757448000000,,8353.116626759813,1544.5767212117173,6808.539905548096,5,2
2025-09-10,1757534400000,,8348.866779347703,1544.5767212117173,6804.290058135986,5,2
2025-09-11,1757620800000,,8355.542985126565,2356.113187000345,5999.429798126221,5,2
2025-09-12,1757707200000,,8230.069338158188,4215.229341820297,4014.8399963378906,3,1
2025-09-15,1757966400000,,8241.951002165815,2082.671022460005,6159.279979705811,4,2
2025-09-16,1758052800000,,8218.779510917037,614.6594414132524,7604.120069503784,5,2
2025-09-17,1758139200000,,8325.099533500044,614.6594414132524,7710.440092086792,5,2
2025-09-18,1758225600000,,8514.646489158675,2009.9366560135331,6504.709833145142,4,2
2025-09-19,1758312000000,,8528.119000147139,1114.7489993079057,7413.370000839233,5,2
2025-09-22,1758571200000,,8444.26902646855,1114.7489993079057,7329.5200271606445,5,2
2025-09-23,1758657600000,,8427.819098184858,1114.7489993079057,7313.070098876953,5,2
2025-09-24,1758744000000,,8365.819075296675,1114.7489993079057,7251.0700759887695,5,2
2025-09-25,1758830400000,,8355.048096487853,2673.408081839416,5681.6400146484375,4,2
2025-09-26,1758916800000,,8393.259857769897,1061.9499422272943,7331.3099155426025,5,2
2025-09-29,1759176000000,,8465.019766446045,1061.9499422272943,7403.06982421875,5,2
2025-09-30,1759262400000,,8419.149986859253,1061.9499422272943,7357.200044631958,5,2
2025-10-01,1759348800000,,8468.050036068847,1061.9499422272943,7406.100093841553,5,2
2025-10-02,1759435200000,,8508.041957953545,2828.261951544854,5679.780006408691,4,1
2025-10-03,1759521600000,,8382.700355101586,1585.6604457387934,6797.039909362793,5,2
2025-10-06,1759780800000,,8451.130439330102,1585.6604457387934,6865.469993591309,5,2
2025-10-07,1759867200000,,8372.350394774438,1585.6604457387934,6786.6899490356445,5,2
2025-10-08,1759953600000,,8491.250388670922,1585.6604457387934,6905.589942932129,5,2
2025-10-09,1760040000000,,8477.420417357445,1585.6604457387934,6891.759971618652,5,2
2025-10-10,1760126400000,,8306.239868320728,3123.679786838794,5182.560081481934,4,2
2025-10-13,1760385600000,,8341.346083792656,1163.1661407079391,7178.179943084717,5,2
2025-10-14,1760472000000,,8304.02611461541,1163.1661407079391,7140.859973907471,5,2
2025-10-15,1760558400000,,8325.90073778978,1162.14076235643,7163.75997543335,5,1
2025-10-16,1760644800000,,8246.760845211655,1162.14076235643,7084.620082855225,5,1
2025-10-17,1760731200000,,8286.62067416063,1162.14076235643,7124.479911804199,5,1
2025-10-20,1760990400000,,8317.690876034409,1162.14076235643,7155.5501136779785,5,1
2025-10-21,1761076800000,,8304.657297766666,2933.267340338687,5371.3899574279785,4,1
2025-10-22,1761163200000,,8228.36188131647,1798.7617378838531,6429.600143432617,5,2
2025-10-23,1761249600000,,8310.02995851799,3397.2000558690643,4912.829902648926,4,2
2025-10-24,1761336000000,,8303.809839472367,2175.2197477670443,6128.590091705322,5,2
2025-10-27,1761595200000,,8372.139780268266,2175.2197477670443,6196.920032501221,5,2
2025-10-28,1761681600000,,8282.939714655473,2175.2197477670443,6107.719966888428,5,2
2025-10-29,1761768000000,,8416.324851169695,2827.894759311784,5588.43009185791,5,2
2025-10-30,1761854400000,,8408.094802036394,2827.894759311784,5580.200042724609,5,2
2025-10-31,1761940800000,,8415.257158150926,4203.227151742234,4212.030006408691,4,2
2025-11-03,1762203600000,,8398.946936621094,2472.6568136352553,5926.29012298584,5,1
2025-11-04,1762290000000,,8358.454719831476,1459.6246989269366,6898.830020904541,5,2
2025-11-05,1762376400000,,8378.474712659845,1459.6246989269366,6918.85001373291,5,2
2025-11-06,1762462800000,,8213.15569204573,2949.995734159988,5263.159957885742,4,1
2025-11-07,1762549200000,,8160.2644228863055,2479.4644198345486,5680.800003051758,4,2
2025-11-10,1762808400000,,8163.59157810868,845.6116052693253,7317.9799728393555,5,2
2025-11-11,1762894800000,,8263.121576887977,845.6116052693253,7417.509971618652,5,2
2025-11-12,1762981200000,,8241.861544234169,845.6116052693253,7396.249938964844,5,2
2025-11-13,1763067600000,,8189.441576582801,845.6116052693253,7343.829971313477,5,2
2025-11-14,1763154000000,,8234.141695601356,845.6116052693253,7388.530090332031,5,2
2025-11-17,1763413200000,,8174.731455428016,845.6116052693253,7329.119850158691,5,2
2025-11-18,1763499600000,,8243.101542097938,845.6116052693253,7397.489936828613,5,2
2025-11-19,1763586000000,,8178.30145512284,845.6116052693253,7332.689849853516,5,2
2025-11-20,1763672400000,,8125.081591231238,845.6116052693253,7279.469985961914,5,2
2025-11-21,1763758800000,,8331.453072124745,2245.7830815851944,6085.669990539551,4,1
2025-11-24,1764018000000,,8423.160828987964,617.130692879567,7806.030136108398,5,1
2025-11-25,1764104400000,,8477.6477036174,2369.067640751189,6108.580062866211,4,1
2025-11-26,1764190800000,,8544.70398354107,1370.7640211539851,7173.939962387085,5,1
2025-11-28,1764363600000,,8594.314024205743,1370.7640211539851,7223.550003051758,5,1
2025-12-01,1764622800000,,8591.143951650201,1370.7640211539851,7220.379930496216,5,1
2025-12-02,1764709200000,,8614.643909688531,1370.7640211539851,7243.879888534546,5,1
2025-12-03,1764795600000,,8614.112052679544,1750.9020688538599,6863.209983825684,5,1
2025-12-04,1764882000000,,8579.6121137147,1750.9020688538599,6828.71004486084,5,1
2025-12-05,1764968400000,,8634.08206343699,1750.9020688538599,6883.17999458313,5,1
2025-12-08,1765227600000,,8578.038021726012,1583.5679747289416,6994.47004699707,5,1
2025-12-09,1765314000000,,8640.757961911559,1583.5679747289416,7057.189987182617,5,1
2025-12-10,1765400400000,,8754.278042477965,1583.5679747289416,7170.710067749023,5,1
2025-12-11,1765486800000,,8768.017956418395,1583.5679747289416,7184.449981689453,5,1
2025-12-12,1765573200000,,8668.167874020934,1583.5679747289416,7084.599899291992,5,1
2025-12-15,1765832400000,,8641.655692240829,1048.1457663985434,7593.509925842285,5,1
2025-12-16,1765918800000,,8581.015563151474,1048.1457663985434,7532.86979675293,5,1
2025-12-17,1766005200000,,8473.295760295028,1048.1457663985434,7425.149993896484,5,1
2025-12-18,1766091600000,,8513.205786845321,1048.1457663985434,7465.060020446777,5,1
2025-12-19,1766178000000,,8598.375868937606,1048.1457663985434,7550.2301025390625,5,1
2025-12-22,1766437200000,,8659.635817668075,1048.1457663985434,7611.490051269531,5,1
2025-12-23,1766523600000,,8656.4655829879,1048.1457663985434,7608.3198165893555,5,1
2025-12-24,1766610000000,,8671.335723063583,1048.1457663985434,7623.189956665039,5,1
2025-12-26,1766782800000,,8655.405730387802,1048.1457663985434,7607.259963989258,5,1
2025-12-29,1767042000000,,8648.45563425743,1048.1457663985434,7600.309867858887,5,1
2025-12-30,1767128400000,,8626.465727946395,1048.1457663985434,7578.319961547852,5,1
2025-12-31,1767214800000,,8559.635710856552,1048.1457663985434,7511.489944458008,5,1
2026-01-02,1767387600000,,8649.01968521788,1020.5695051641687,7628.450180053711,5,2
2026-01-05,1767646800000,,8726.929444739364,1020.5695051641687,7706.359939575195,5,2
2026-01-06,1767733200000,,8744.224025751631,2461.184009577316,6283.040016174316,4,1
2026-01-07,1767819600000,,8704.763091683517,793.1329342128142,7911.630157470703,5,2
2026-01-08,1767906000000,,8704.956649422738,2411.8266826868985,6293.12996673584,4,1
2026-01-09,1767992400000,,8752.515347673227,718.6954929368987,8033.819854736328,5,1
2026-01-12,1768251600000,,8828.70554847889,718.6954929368987,8110.010055541992,5,1
2026-01-13,1768338000000,,8893.755498124887,718.6954929368987,8175.060005187988,5,1
2026-01-14,1768424400000,,8984.515736772348,718.6954929368987,8265.82024383545,5,1
2026-01-15,1768510800000,,9033.158432278571,3829.598373684822,5203.56005859375,3,1
2026-01-16,1768597200000,,8953.491378448189,1086.9412838436967,7866.550094604492,5,2
2026-01-20,1768942800000,,8768.663984682686,987.3738388086624,7781.290145874023,5,2
2026-01-21,1769029200000,,8816.34391632331,987.3738388086624,7828.970077514648,5,2
2026-01-22,1769115600000,,8773.320606626314,2747.3206066263137,6026,4,2
2026-01-23,1769202000000,,8639.680242375021,2494.849569157248,6144.830673217773,4,2
2026-01-26,1769461200000,,8614.305540563248,2924.538328649184,5689.7672119140625,4,2
2026-01-27,1769547600000,,8570.279609912084,2894.249366992163,5676.030242919922,4,1
2026-01-28,1769634000000,,8470.09513823081,683.576400437842,7786.518737792969,5,2
2026-01-29,1769720400000,,8448.007709117528,2382.856509776709,6065.15119934082,4,2
2026-01-30,1769806800000,,8485.049753058984,703.2824114452158,7781.7673416137695,5,2
2026-02-02,1770066000000,,8685.541890694296,2588.051946236289,6097.489944458008,4,1
2026-02-03,1770152400000,,8783.182488122427,945.872513452018,7837.30997467041,5,2
2026-02-04,1770238800000,,8773.929102144604,2509.2291013816657,6264.700000762939,4,1
2026-02-05,1770325200000,,8890.0930409156,1149.2331547461677,7740.859886169434,5,1
2026-02-06,1770411600000,,8974.513016196363,1149.2331547461677,7825.279861450195,5,1
2026-02-09,1770670800000,,8957.953083487622,1149.2331547461677,7808.719928741455,5,1
2026-02-10,1770757200000,,8846.37335631477,1149.2331547461677,7697.1402015686035,5,1
2026-02-11,1770843600000,,8863.633224936597,1149.2331547461677,7714.40007019043,5,1
2026-02-12,1770930000000,,8661.175734088483,2720.5757699466376,5940.599964141846,4,1
2026-02-13,1771016400000,,8789.981715110456,1161.2217434918039,7628.759971618652,5,2
2026-02-17,1771362000000,,8854.44180956236,1161.2217434918039,7693.220066070557,5,2
2026-02-18,1771448400000,,8870.50186815611,1161.2217434918039,7709.280124664307,5,2
2026-02-19,1771534800000,,8845.861712363874,1161.2217434918039,7684.63996887207,5,2
2026-02-20,1771621200000,,8870.841822532331,1161.2217434918039,7709.620079040527,5,2
2026-02-23,1771880400000,,8776.621756461775,1161.2217434918039,7615.400012969971,5,2
2026-02-24,1771966800000,,8820.595524421866,1611.3254667436427,7209.270057678223,5,2
2026-02-25,1772053200000,,8828.04538022631,1611.3254667436427,7216.719913482666,5,2
2026-02-26,1772139600000,,8863.895554176504,1611.3254667436427,7252.570087432861,5,2
2026-02-27,1772226000000,,8890.605431190665,1611.3254667436427,7279.2799644470215,5,2
2026-03-02,1772485200000,,8857.997331948121,1924.609220833621,6933.388111114502,5,2
2026-03-03,1772571600000,,8719.741255135377,1924.609220833621,6795.132034301758,5,2
2026-03-04,1772658000000,,8784.847012120574,3167.8545804799483,5616.992431640625,4,2
2026-03-05,1772744400000,,8570.041852866038,2913.659864340648,5656.381988525391,4,2
2026-03-06,1772830800000,,8487.80777535698,3200.2077501799777,5287.600025177002,4,2
2026-03-09,1773086400000,,8434.706836386735,1728.9268452368324,6705.779991149902,5,2
2026-03-10,1773172800000,,8357.626784964616,1728.9268452368324,6628.699939727783,5,2
2026-03-11,1773259200000,,8421.626689597184,1728.9268452368324,6692.699844360352,5,2
2026-03-12,1773345600000,,8487.296836539323,1728.9268452368324,6758.36999130249,5,2
2026-03-13,1773432000000,,8497.096889182145,1728.9268452368324,6768.1700439453125,5,2
2026-03-16,1773691200000,,8508.53683821779,1728.9268452368324,6779.609992980957,5,2
2026-03-17,1773777600000,,8488.320701372306,2998.1207044240637,5490.199996948242,4,2
2026-03-18,1773864000000,,8463.005637556998,1738.7056230611488,6724.30001449585,5,2
2026-03-19,1773950400000,,8446.307839928391,4394.637788353684,4051.670051574707,3,2
2026-03-20,1774036800000,,8444.925010205796,8444.925010205796,0,0,0
2026-03-23,1774296000000,,8444.925010205796,8444.925010205796,0,0,0
2026-03-24,1774382400000,,8444.925010205796,8444.925010205796,0,0,0
2026-03-25,1774468800000,,8444.925010205796,8444.925010205796,0,0,0
2026-03-26,1774555200000,,8444.925010205796,8444.925010205796,0,0,0
2026-03-27,1774641600000,,8444.925010205796,8444.925010205796,0,0,0
2026-03-30,1774900800000,,8444.925010205796,8444.925010205796,0,0,0
2026-03-31,1774987200000,,8444.925010205796,8444.925010205796,0,0,0
2026-04-01,1775073600000,,8444.925010205796,8444.925010205796,0,0,0
2026-04-02,1775160000000,,8444.925010205796,8444.925010205796,0,0,0
2026-04-06,1775505600000,,8444.925010205796,8444.925010205796,0,0,0
2026-04-07,1775592000000,,8444.925010205796,8444.925010205796,0,0,0
2026-04-08,1775678400000,,8444.925010205796,8444.925010205796,0,0,0
2026-04-09,1775764800000,,8469.584217676103,2165.184239038407,6304.399978637695,5,1
2026-04-10,1775851200000,,8435.684269555986,2165.184239038407,6270.500030517578,5,1
2026-04-13,1776110400000,,8373.176505626054,1922.7865520127727,6450.389953613281,5,1
2026-04-14,1776196800000,,8376.226584971757,1922.7865520127727,6453.440032958984,5,1
2026-04-15,1776283200000,,8264.487525366521,4638.177558325506,3626.3099670410156,3,1
2026-04-16,1776369600000,,8333.74736903066,981.6573421751912,7352.090026855469,5,2
2026-04-17,1776456000000,,8439.77739069814,981.6573421751912,7458.120048522949,5,2
2026-04-20,1776715200000,,8423.097176769917,981.6573421751912,7441.439834594727,5,2
2026-04-21,1776801600000,,8369.637475231832,981.6573421751912,7387.980133056641,5,2
2026-04-22,1776888000000,,8337.907387951558,981.6573421751912,7356.250045776367,5,2
2026-04-23,1776974400000,,8466.657311657613,981.6573421751912,7484.999969482422,5,2
2026-04-24,1777060800000,,8418.537400463765,981.6573421751912,7436.880058288574,5,2
2026-04-27,1777320000000,,8427.737405041402,981.6573421751912,7446.080062866211,5,2
2026-04-28,1777406400000,,8389.617287853902,981.6573421751912,7407.959945678711,5,2
2026-04-29,1777492800000,,8361.527283886617,981.6573421751912,7379.869941711426,5,2
2026-04-30,1777579200000,,8461.75728724355,981.6573421751912,7480.099945068359,5,2
2026-05-01,1777665600000,,8431.397362927144,981.6573421751912,7449.740020751953,5,2
2026-05-04,1777924800000,,8389.7074138915,981.6573421751912,7408.050071716309,5,2
2026-05-05,1778011200000,,8420.60746882314,981.6573421751912,7438.950126647949,5,2
2026-05-06,1778097600000,,8465.547032761526,1002.1071142434591,7463.439918518066,5,1
2026-05-07,1778184000000,,8316.167111802053,1002.1071142434591,7314.059997558594,5,1
2026-05-08,1778270400000,,8338.26323557904,1081.1933350663428,7257.069900512695,5,2
2026-05-11,1778529600000,,8228.554803146379,3715.054864181534,4513.499938964844,3,2
2026-05-12,1778616000000,,8218.304478083299,1783.7145885569316,6434.589889526367,5,2
2026-05-13,1778702400000,,8171.55425217406,3232.214179542224,4939.340072631836,4,2
2026-05-14,1778788800000,,8155.64470498457,2529.8247510661117,5625.819953918457,5,2
2026-05-15,1778875200000,,8184.044759916211,2529.8247510661117,5654.220008850098,5,2
2026-05-18,1779134400000,,8220.234579252148,2529.8247510661117,5690.409828186035,5,2
2026-05-19,1779220800000,,8181.284201973804,3808.2041925133544,4373.080009460449,4,2
2026-05-20,1779307200000,,8159.226219278385,2231.8762208042635,5927.349998474121,5,2
2026-05-21,1779393600000,,8054.601923915672,3728.7819242208484,4325.819999694824,4,2
2026-05-22,1779480000000,,8041.065873371865,1845.7456982009662,6195.320175170898,5,2
2026-05-26,1779825600000,,7995.225709187294,1845.7456982009662,6149.480010986328,5,2
2026-05-27,1779912000000,,7955.505879789331,1596.2158865031975,6359.289993286133,5,2
2026-05-28,1779998400000,,8015.025861173608,1596.2158865031975,6418.80997467041,5,2
2026-05-29,1780084800000,,7967.155927091577,1596.2158865031975,6370.940040588379,5,2
2026-06-01,1780344000000,,7921.749220012445,2179.7092038381284,5742.040016174316,5,2
2026-06-02,1780430400000,,7946.3491498220155,2179.7092038381284,5766.639945983887,5,2
2026-06-03,1780516800000,,7939.0901532426005,3447.3600888505107,4491.73006439209,4,1
2026-06-04,1780603200000,,7878.695638305505,3410.3656517332392,4468.329986572266,4,1
2026-06-05,1780689600000,,7775.56946801037,2175.4094796070494,5600.15998840332,5,2
2026-06-08,1780948800000,,7844.559481132928,2175.4094796070494,5669.150001525879,5,2
2026-06-09,1781035200000,,7908.67948387951,2175.4094796070494,5733.270004272461,5,2
2026-06-10,1781121600000,,7758.2188403014825,3041.9487978820493,4716.270042419434,4,2
2026-06-11,1781208000000,,7774.589494414703,2120.9194962457577,5653.669998168945,5,2
2026-06-12,1781294400000,,7756.999574370758,2120.9194962457577,5636.080078125,5,2
2026-06-15,1781553600000,,7687.675242532318,3301.2752104888614,4386.400032043457,4,2
2026-06-16,1781640000000,,7650.695496249726,1789.1555258517767,5861.539970397949,5,2
2026-06-17,1781726400000,,7559.124205143897,2638.0242142991706,4921.099990844727,4,2
2026-06-18,1781812800000,,7578.538578632999,3799.0985685621986,3779.440010070801,3,1
2026-06-22,1782158400000,,7537.10834184589,1791.0283857912025,5746.0799560546875,5,1
2026-06-23,1782244800000,,7529.684355652443,1841.3443745733412,5688.339981079102,5,2
2026-06-24,1782331200000,,7589.314314758888,1841.3443745733412,5747.969940185547,5,2
2026-06-25,1782417600000,,7682.234412109962,1841.3443745733412,5840.890037536621,5,2
2026-06-26,1782504000000,,7698.414420044533,1841.3443745733412,5857.070045471191,5,2
2026-06-29,1782763200000,,7663.464346802345,1841.3443745733412,5822.119972229004,5,2
2026-06-30,1782849600000,,7648.329413465187,3259.7194281136244,4388.6099853515625,4,1
2026-07-01,1782936000000,,7717.614926183754,2431.2449539547497,5286.369972229004,5,1
2026-07-02,1783022400000,,7662.505070531898,2431.2449539547497,5231.260116577148,5,1
2026-07-06,1783368000000,,7683.714970434242,2431.2449539547497,5252.470016479492,5,1
2026-07-07,1783454400000,,7626.64927880387,2355.689264460609,5270.960014343262,5,2
2026-07-08,1783540800000,,7638.389185114906,2355.689264460609,5282.699920654297,5,2
2026-07-09,1783627200000,,7716.839327021644,2355.689264460609,5361.150062561035,5,2
2026-07-10,1783713600000,,7734.909334345863,2355.689264460609,5379.220069885254,5,2
2026-07-13,1783972800000,,7701.059297724769,2355.689264460609,5345.37003326416,5,2
2026-07-14,1784059200000,,7747.499231501624,2355.689264460609,5391.809967041016,5,2
2026-07-15,1784145600000,,7687.306980455165,3392.3369029405167,4294.970077514648,4,1
2026-07-16,1784232000000,,7622.074899655168,3519.7047977264574,4102.370101928711,4,1
2026-07-17,1784318400000,,7639.4703563731555,2345.6602443736438,5293.810111999512,5,2
2026-07-20,1784577600000,,7598.680210499133,2345.6602443736438,5253.019966125488,5,2
2026-07-21,1784664000000,,7641.620055659646,1643.4000544389437,5998.220001220703,5,2
2026-07-22,1784750400000,,7569.70007274949,1643.4000544389437,5926.300018310547,5,2
2026-07-23,1784836800000,,7540.602584232162,2420.032451022934,5120.5701332092285,4,2
2026-07-24,1784923200000,,7583.0276106352385,1285.967670297104,6297.059940338135,5,2
2026-07-27,1785182400000,,7577.647617196518,1285.967670297104,6291.679946899414,5,2
2026-07-28,1785268800000,,7563.022334183555,2167.342265213829,5395.680068969727,4,1
2026-07-29,1785355200000,,7510.848824528911,1904.6687860767624,5606.180038452148,4,2
2026-07-30,1785441600000,,7315.453028472235,3453.8230235894225,3861.6300048828125,3,1
2026-07-31,1785528000000,,7280.003111849551,1020.2631788356348,6259.739933013916,5,2
2026-08-03,1785787200000,,7161.8822466789425,2370.452254003161,4791.429992675781,4,2
2026-08-04,1785873600000,,7161.254029058856,964.2940833801451,6196.959945678711,5,2
2026-08-05,1785960000000,,7133.846682850787,2696.806697194049,4437.039985656738,4,2
2026-08-06,1786046400000,,7110.243777939037,3474.5838658296616,3635.659912109375,3,2
2026-08-07,1786132800000,,7039.144396745006,2948.914385758678,4090.230010986328,4,1
2026-08-10,1786392000000,,7114.91878810934,1205.4486800771142,5909.470108032227,5,2
2026-08-11,1786478400000,,7070.9687530141255,1205.4486800771142,5865.520072937012,5,2
2026-08-12,1786564800000,,7001.173640404262,1205.4486800771142,5795.724960327148,5,2
2026-08-13,1786651200000,,7088.328776512661,1205.4486800771142,5882.880096435547,5,2
2026-08-14,1786737600000,,7042.118678246059,1205.4486800771142,5836.669998168945,5,2
2026-08-17,1786996800000,,6936.318659935512,1205.4486800771142,5730.869979858398,5,2
2026-08-18,1787083200000,,6964.758616600551,1205.4486800771142,5759.3099365234375,5,2
2026-08-19,1787169600000,,6962.028666649379,1205.4486800771142,5756.579986572266,5,2
2026-08-20,1787256000000,,6902.93498797018,2386.2150477846335,4516.719940185547,4,2
2026-08-21,1787342400000,,6931.168477512931,1371.3583845869066,5559.810092926025,5,2
2026-08-24,1787601600000,,6968.638410069083,1371.3583845869066,5597.280025482178,5,2
2026-08-25,1787688000000,,6947.428418614005,1371.3583845869066,5576.0700340271,5,2
2026-08-26,1787774400000,,6968.4785094038,1371.3583845869066,5597.1201248168945,5,2
2026-08-27,1787860800000,,6919.918378330802,1371.3583845869066,5548.5599937438965,5,2
2026-08-28,1787947200000,,6935.798219181632,1371.3583845869066,5564.439834594727,5,2
2026-08-31,1788206400000,,6861.4082655683505,1371.3583845869066,5490.049880981445,5,2
2026-09-01,1788292800000,,6806.203332401847,1371.3583845869066,5434.844947814941,5,2
2026-09-02,1788379200000,,6865.45832202587,1371.3583845869066,5494.099937438965,5,2
2026-09-03,1788465600000,,6903.938264347647,1371.3583845869066,5532.579879760742,5,2
2026-09-04,1788552000000,,6817.365650726922,1195.8755079046557,5621.490142822266,5,2
2026-09-08,1788897600000,,6698.17557199157,1195.8755079046557,5502.300064086914,5,2
2026-09-09,1788984000000,,6648.144948802669,2599.494954906185,4048.6499938964844,4,2
2026-09-10,1789070400000,,6630.824749118977,2337.46467221468,4293.360076904297,4,2
2026-09-11,1789156800000,,6693.939254408284,1373.299239759846,5320.6400146484375,5,2
2026-09-14,1789416000000,,6716.2992702774245,1373.299239759846,5343.000030517578,5,2
2026-09-15,1789502400000,,6754.471030283113,2474.7510595799877,4279.719970703125,4,2
2026-09-16,1789588800000,,6678.670036148042,2429.490073989839,4249.179962158203,4,2
2026-09-17,1789675200000,,6744.758258090963,1622.3782570228477,5122.380001068115,5,2
2026-09-18,1789761600000,,6641.9983017311,1622.3782570228477,5019.620044708252,5,2
2026-09-21,1790020800000,,6673.53825687026,1622.3782570228477,5051.159999847412,5,2
2026-09-22,1790107200000,,6622.483945892282,2521.1539822081995,4101.329963684082,4,2
2026-09-23,1790193600000,,6613.581285891304,1793.7213157985316,4819.859970092773,5,2
2026-09-24,1790280000000,,6606.060378141549,3156.1003752423794,3449.96000289917,4,1
2026-09-25,1790366400000,,6628.1356432540115,2399.9056017501052,4228.230041503906,5,2
2026-09-28,1790625600000,,6654.385612736433,2399.9056017501052,4254.480010986328,5,2
2026-09-29,1790712000000,,6649.695640812605,2399.9056017501052,4249.7900390625,5,2
2026-09-30,1790798400000,,6637.581463522614,3292.6414229342363,3344.940040588379,4,1
2026-10-01,1790884800000,,6681.446136500643,1917.9260559342363,4763.520080566406,5,2
2026-10-02,1790971200000,,6675.745941188143,1917.9260559342363,4757.819885253906,5,2
