symbol,sector,pattern,signalAt,entryAt,entry,qty,stop,target,exitAt,exit,exitReason,net,entryFee,exitFee,bars
WDC,Information Technology,rsi2,1506974400000,1507037400000,62.965395015716545,24,58.99697608947754,,1507123800000,62.552653438568115,mean reversion or trend exit,-12.91823101446517,1.5111694803771971,1.5012636825256347,1
CPT,Real Estate,rsi2,1506974400000,1507037400000,90.99090152740477,21,88.5469955444336,,1507210200000,92.38752335357665,mean reversion or trend exit,25.478111427108885,1.9108089320755004,1.94013799042511,2
INTU,Information Technology,rsi2,1506974400000,1507037400000,141.91177427673338,14,137.84400787353516,,1507210200000,142.8470154876709,mean reversion or trend exit,9.106753896423413,1.9867648398742674,1.9998582168273924,2
SRE,Utilities,rsi2,1506974400000,1507037400000,57.06700831985473,35,55.6585018157959,,1507210200000,56.943,mean reversion or trend exit,-8.330641486110501,1.9973452911949154,1.993005,2
DTE,Utilities,rsi2,1507060800000,1507123800000,90.88228013610839,21,88.37957458496093,,1507210200000,91.55941094970703,mean reversion or trend exit,10.38847157276926,1.9085278828582761,1.9227476299438477,1
CVS,Health Care,rsi2,1507147200000,1507210200000,80.1800984725952,24,77.41100006103515,,1507296600000,80.30960939025879,mean reversion or trend exit,-0.7434909647825645,1.924322363342285,1.9274306253662108,1
IT,Information Technology,rsi2,1507147200000,1507210200000,123.30318030548095,16,119.28999786376953,,1507642200000,123.92595304870605,mean reversion or trend exit,6.008697757934588,1.9728508848876953,1.9828152487792967,3
NWS,Communication Services,rsi2,1507579200000,1507642200000,13.663649618148803,147,13.07600040435791,,1507728600000,13.786200190544129,mean reversion or trend exit,13.979806220235087,2.008556493867874,2.026571428009987,1
NDAQ,Financials,rsi2,1507320000000,1507555800000,24.524499999999996,81,23.891333198547365,,1507815000000,25.211430965423585,mean reversion or trend exit,51.61279779111135,1.9864844999999998,2.0421259081993104,3
UNP,Industrials,rsi2,1507147200000,1507210200000,113.68356969451904,17,110.9229949951172,,1507901400000,114.23564847564697,mean reversion or trend exit,5.510712570282021,1.9326206848068237,1.9420060240859984,6
RSG,Industrials,rsi2,1507147200000,1507210200000,63.33327045822143,31,61.88600082397461,,1507901400000,63.71621878051758,mean reversion or trend exit,7.932863824779784,1.9633313842048643,1.9752027821960452,6
AMCR,Materials,rsi2,1506974400000,1507037400000,60.310249999999996,33,59.885000228881836,,1508247000000,60.18975,holding limit at next open,-7.952999999999994,1.99023825,1.98626175,10
WYNN,Consumer Discretionary,rsi2,1507665600000,1507728600000,142.17202877807617,14,136.35199127197265,,1508247000000,146.41343756103515,mean reversion or trend exit,55.33952643267823,1.9904084028930664,2.049788125854492,4
LVS,Consumer Discretionary,rsi2,1507838400000,1507901400000,61.851790916442866,32,59.37200088500977,,1508247000000,62.537398475646974,mean reversion or trend exit,17.95898783398458,1.9792573093261718,2.001196751220703,2
CI,Health Care,rsi2,1508184000000,1508247000000,185.57538938903807,10,179.21600341796875,,1508333400000,187.66215609741212,mean reversion or trend exit,17.135291628876068,1.8557538938903806,1.8766215609741212,1
TKO,Communication Services,rsi2,1507838400000,1507901400000,22.352329923629757,90,21.49699935913086,,1508419800000,22.3176601524353,mean reversion or trend exit,-7.140578514346807,2.011709693126678,2.0085894137191773,4
LYV,Communication Services,rsi2,1508184000000,1508247000000,41.94190152740478,48,40.347998046875,,1508419800000,42.367589847564695,mean reversion or trend exit,16.386183781677325,2.0132112733154295,2.0336443126831054,2
C,Financials,rsi2,1508184000000,1508247000000,72.31223786163329,28,69.34099807739258,,1508419800000,72.27764847564697,mean reversion or trend exit,-5.017019625060875,2.024742660125732,2.0237741573181154,2
UNP,Industrials,rsi2,1508356800000,1508419800000,110.14002877807616,18,107.60999603271485,,1508506200000,112.83704695129394,mean reversion or trend exit,44.532739754791464,1.9825205180053709,2.031066845123291,1
DD,Industrials,rsi2,1508356800000,1508419800000,126.34464035797117,16,123.65831909179687,,1508765400000,128.41236790466309,mean reversion or trend exit,29.007528614868455,2.021514245727539,2.0545978864746095,2
HD,Consumer Discretionary,rsi2,1508270400000,1508333400000,163.58341816711425,12,160.41900329589845,,1508851800000,164.50532817077638,mean reversion or trend exit,7.125855087890922,1.963001018005371,1.9740639380493168,4
MAA,Real Estate,rsi2,1508356800000,1508419800000,105.58548336029051,19,103.60599670410156,,1508875200000,103.50239070739745,stop,-43.551430012254166,2.0061241838455195,1.9665454234405515,4
SW,Materials,rsi2,1507752000000,1507815000000,29.179149618148802,69,28.707999610900877,,1509024600000,29.760210914611818,holding limit at next open,36.02641357918762,2.0133613236522674,2.0534545531082156,10
NCLH,Consumer Discretionary,rsi2,1508443200000,1508506200000,54.92486893081664,27,51.31899719238281,,1509024600000,54.745199237823485,mean reversion or trend exit,-7.812173551368563,1.4829714611320495,1.478120379421234,4
MAA,Real Estate,rsi2,1508875200000,1508938200000,104.11401213836669,19,101.77900085449218,,1509048000000,101.67722185363769,stop,-50.20904885569907,1.9781662306289671,1.931867215219116,2
AMZN,Consumer Discretionary,rsi2,1508788800000,1508851800000,48.49845076370239,42,46.88699836730957,,1509370200000,54.69574922561645,mean reversion or trend exit,255.95237900083941,2.0369349320755004,2.2972214674758913,4
ICE,Financials,rsi2,1508529600000,1508765400000,65.9258606109619,31,64.11800155639648,,1509543000000,66.13379695129395,mean reversion or trend exit,2.352177165863309,2.043701678939819,2.0501477054901125,7
ROL,Industrials,rsi2,1508961600000,1509024600000,19.619600381851193,104,19.023555946350097,,1509543000000,19.544879144668577,mean reversion or trend exit,-11.84411453775003,2.040438439712524,2.032667431045532,4
NEM,Materials,rsi2,1509048000000,1509111000000,35.77574168014526,57,34.46500205993652,,1509543000000,36.32364060974121,mean reversion or trend exit,27.120574196445748,2.0392172757682796,2.070447514755249,3
AMGN,Health Care,rsi2,1509134400000,1509370200000,175.67549999999997,11,168.35899658203124,,1509629400000,174.59523426818848,mean reversion or trend exit,-15.735901126876504,1.9324304999999997,1.9205475769500733,3
MSCI,Financials,rsi2,1508961600000,1509024600000,119.2291106109619,17,115.47299880981446,,1509652800000,115.35752581100463,stop,-69.80491441844688,2.0268948803863522,1.961077938787079,6
AON,Financials,rsi2,1509480000000,1509543000000,143.96382733154294,14,140.1449951171875,,1509652800000,140.0048501220703,stop,-59.401242416967484,2.0154935826416014,1.9600679017089842,2
TGT,Consumer Staples,rsi2,1509480000000,1509543000000,58.8587992362976,35,56.491001510620116,,1509715800000,59.61032817077637,mean reversion or trend exit,22.157093247509373,2.060057973270416,2.086361485977173,2
WTW,Financials,rsi2,1509652800000,1509715800000,157.65749999999997,13,153.13599395751953,,1510065000000,161.00882817077635,mean reversion or trend exit,39.4246039538729,2.0495474999999996,2.0931147662200926,2
WSM,Consumer Discretionary,rsi2,1509652800000,1509715800000,24.954930305480953,82,23.808500862121583,,1510088400000,23.784692361259463,stop,-99.95616048483494,2.0463042850494384,1.9503447736232762,3
BSX,Health Care,rsi2,1509566400000,1509629400000,27.917889389038084,74,27.086000442504883,,1510151400000,27.792179695129395,mean reversion or trend exit,-13.425062461471397,2.0659238147888184,2.0566212974395754,4
AON,Financials,rsi2,1509652800000,1509715800000,139.0188848876953,14,135.12801055908204,,1510151400000,140.49935939025877,mean reversion or trend exit,16.813387615997385,1.9462643884277342,1.966991031463623,3
FERG,Industrials,rsi2,1510002000000,1510065000000,74.55177221679686,27,74.04751510620117,,1510237800000,73.80152133178711,stop gap,-24.26231282107498,2.0128978498535153,1.992641075958252,2
GM,Consumer Discretionary,rsi2,1510088400000,1510151400000,41.90186061096191,43,39.68800048828125,,1510324200000,42.09785939025879,mean reversion or trend exit,4.815959549713304,1.8017800062713623,1.810207953781128,2
FIS,Financials,rsi2,1510088400000,1510151400000,90.50041366577148,22,88.0290023803711,,1510324200000,92.23767182922363,mean reversion or trend exit,34.199441715057496,1.9910091006469726,2.02922878024292,2
GILD,Health Care,rsi2,1509480000000,1509543000000,74.76469244384765,27,71.57699966430664,,1510583400000,73.17675,mean reversion or trend exit,-46.86886492987049,2.0186466959838865,1.9757722500000001,8
BALL,Materials,rsi2,1510088400000,1510151400000,41.0910492362976,49,39.84399948120117,,1510583400000,39.79017182922363,stop gap,-67.70617277883503,2.0134614125785824,1.949718419631958,3
UPS,Industrials,rsi2,1510174800000,1510237800000,112.94283183288573,18,109.79799728393554,,1510669800000,114.18570304870606,mean reversion or trend exit,18.28336825689728,2.032970972991943,2.0553426548767093,3
TFC,Financials,rsi2,1510261200000,1510324200000,46.86681969451904,43,45.1870002746582,,1510756200000,46.393558628082275,mean reversion or trend exit,-24.36042212465265,2.015273246864319,1.9949230210075377,3
A,Health Care,rsi2,1510347600000,1510583400000,66.51644694519042,30,65.31699447631836,,1510756200000,67.22271091461181,mean reversion or trend exit,17.1757443468475,1.9954934083557128,2.0166813274383544,2
KKR,Financials,rsi2,1510347600000,1510583400000,19.1691496181488,106,18.42600040435791,,1510929000000,19.4805,mean reversion or trend exit,28.90627761670329,2.031929859523773,2.064933,4
HUBB,Industrials,rsi2,1510606800000,1510669800000,121.82169694519041,16,118.17228240966797,,1511274600000,120.63924213409423,mean reversion or trend exit,-22.79865200280741,1.9491471511230467,1.9302278741455077,5
PPG,Materials,rsi2,1510693200000,1510756200000,114.2040863342285,17,111.29299850463867,,1511274600000,115.49439060974122,mean reversion or trend exit,18.030298575668592,1.9414694676818847,1.9634046403656007,4
MET,Financials,rsi2,1510866000000,1510929000000,51.3512992362976,39,49.90300064086914,,1511274600000,51.98796091461182,mean reversion or trend exit,20.79957430836908,2.0027006702156065,2.027530475669861,2
COP,Energy,rsi2,1510693200000,1510756200000,50.79074168014526,40,49.08599967956543,,1511533800000,50.39955076217652,mean reversion or trend exit,-19.695248416442578,2.0316296672058103,2.0159820304870606,6
VRTX,Health Care,rsi2,1511211600000,1511274600000,145.85571672058103,9,135.13800201416015,,1511533800000,145.93392182922364,mean reversion or trend exit,-1.922260769164783,1.3127014504852292,1.3134052964630127,2
FERG,Industrials,rsi2,1510261200000,1510324200000,73.94927212524414,27,73.57022171020508,,1511793000000,73.80152133178711,holding limit at next open,-7.978542846679417,1.9966303473815918,1.992641075958252,10
JNJ,Health Care,rsi2,1511211600000,1511274600000,138.5884469451904,14,134.75499877929687,,1511793000000,137.3724845123291,mean reversion or trend exit,-20.88692710046372,1.9402382572326657,1.9232147831726074,3
FIS,Financials,rsi2,1511384400000,1511533800000,91.6815863342285,22,88.52699813842773,,1511793000000,92.24765634155274,mean reversion or trend exit,8.407096822266146,2.016994899353027,2.0294484395141605,1
SW,Materials,rsi2,1511211600000,1511274600000,30.250219312667845,67,30.02299919128418,,1511879400000,31.548419923782347,mean reversion or trend exit,82.8389321158295,2.0267646939487456,2.1137441348934174,4
WTW,Financials,rsi2,1511384400000,1511533800000,159.40925,12,153.9169937133789,,1511965800000,159.8000467071533,mean reversion or trend exit,0.8590489253540943,1.9129109999999998,1.9176005604858397,3
PRU,Financials,rsi2,1511557200000,1511793000000,109.16905755615232,18,105.71000137329102,,1511965800000,113.65622664642333,mean reversion or trend exit,76.75818850923181,1.9650430360107418,2.04581207963562,2
ADP,Industrials,rsi2,1511557200000,1511793000000,110.52041366577147,18,106.64799652099609,,1511965800000,111.02885939025879,mean reversion or trend exit,5.16413612576315,1.9893674459838866,1.9985194690246582,2
WST,Health Care,rsi2,1511902800000,1511965800000,96.85676213836669,21,93.28899917602538,,1512052200000,100.22967182922363,mean reversion or trend exit,66.69228839467641,2.0339920049057003,2.1048231084136964,1
FE,Utilities,rsi2,1511557200000,1511793000000,34.07404091644287,60,32.83499813079834,,1512138600000,34.25571091461182,mean reversion or trend exit,6.800414780273693,2.044442454986572,2.0553426548767093,4
NXPI,Information Technology,rsi2,1511902800000,1511965800000,113.9638484725952,18,111.33700180053711,,1512397800000,114.885,mean reversion or trend exit,12.461448220779731,2.0513492725067137,2.0679300000000005,3
TTWO,Communication Services,rsi2,1511989200000,1512052200000,112.55244244384764,12,104.7099983215332,,1512421200000,104.60528832321167,stop,-97.97174221683636,1.3506293093261716,1.2552634598785402,3
WDAY,Information Technology,rsi2,1512075600000,1512138600000,102.73262725067137,16,96.64099960327148,,1512421200000,96.54435860366821,stop,-102.20073012571993,1.643722036010742,1.5447097376586916,2
EXR,Real Estate,rsi2,1511902800000,1511965800000,85.38530305480955,24,82.06800155639648,,1512657000000,85.61429695129395,mean reversion or trend exit,1.3918631154790426,2.049247273315429,2.0547431268310548,6
MU,Information Technology,rsi2,1512162000000,1512397800000,41.99195076370239,30,38.695001220703126,,1512657000000,42.13782030487061,mean reversion or trend exit,1.8521931029893244,1.259758522911072,1.2641346091461183,3
TER,Information Technology,rsi2,1512421200000,1512484200000,39.289249999999996,43,37.074001693725585,,1512657000000,40.229730457305905,mean reversion or trend exit,37.021343504489955,1.68943775,1.729878409664154,2
WY,Real Estate,rsi2,1511816400000,1511879400000,35.80577045822143,57,34.541999435424806,,1512743400000,35.67428908538818,mean reversion or trend exit,-11.568801645480974,2.0409289161186215,2.0334344778671265,8
TTWO,Communication Services,rsi2,1512421200000,1512484200000,101.53143030548095,13,94.17700119018555,,1512743400000,107.51238274383545,mean reversion or trend exit,75.03481212896729,1.3199085939712525,1.3976609756698608,3
LYV,Communication Services,rsi2,1512594000000,1512657000000,42.8427992362976,44,40.639998245239255,,1513002600000,43.26669137191772,mean reversion or trend exit,14.862436380523881,1.8850831663970944,1.9037344203643798,2
VRTX,Health Care,rsi2,1512594000000,1512657000000,138.05791816711425,12,130.3489990234375,,1513002600000,143.58626573181152,mean reversion or trend exit,62.96044056958014,1.656695018005371,1.7230351887817383,2
HPQ,Information Technology,rsi2,1512680400000,1512743400000,21.071049236297604,92,19.997999000549317,,1513002600000,20.949029314041137,mean reversion or trend exit,-15.091680074226094,1.9385365297393797,1.9273106968917846,1
VST,Utilities,rsi2,1512594000000,1512657000000,17.537520458221433,102,16.580500411987305,,1513089000000,18.121859390258788,mean reversion or trend exit,55.96531432326519,1.788827086738586,1.8484296578063963,3
EXC,Utilities,rsi2,1512680400000,1512743400000,29.00186947250366,72,28.206847763061525,,1513089000000,29.770485054016113,mean reversion or trend exit,51.10871234298719,2.0881346020202636,2.14347492388916,2
TRV,Financials,rsi2,1512766800000,1513002600000,134.05391816711423,15,130.10100250244142,,1513175400000,134.2356251220703,mean reversion or trend exit,-1.2987388249967196,2.0108087725067136,2.0135343768310547,2
IFF,Materials,rsi2,1513026000000,1513089000000,152.46230755615233,13,148.2220016479492,,1513261800000,153.07676573181152,mean reversion or trend exit,4.015948330826001,1.9820099982299804,1.9899979545135498,2
TECH,Health Care,rsi2,1513026000000,1513089000000,31.8067746181488,65,30.387249755859376,,1513348200000,32.007960914611814,mean reversion or trend exit,8.929151460466471,2.067440350179672,2.080517459449768,3
FERG,Industrials,rsi2,1513112400000,1513175400000,74.41435924530029,28,73.71277542114258,,1513348200000,73.57998710632324,stop gap,-27.506261589202722,2.0836020588684083,2.060239638977051,2
STE,Health Care,rsi2,1512766800000,1513002600000,88.37829091644286,23,86.22599792480469,,1513607400000,89.33057817077636,mean reversion or trend exit,17.81530286066442,2.032700691078186,2.0546032979278563,5
CBRE,Real Estate,rsi2,1513285200000,1513348200000,42.94290152740478,48,41.27100105285645,,1513607400000,43.94601167678833,mean reversion or trend exit,43.978619336609235,2.061259273315429,2.10940856048584,1
GM,Consumer Discretionary,rsi2,1512766800000,1513002600000,41.92188106918334,49,40.268000793457034,,1513693800000,42.667289085388184,mean reversion or trend exit,32.380123456463224,2.0541721723899835,2.0906971651840207,6
FTV,Industrials,rsi2,1513285200000,1513348200000,45.342045864105216,46,43.677151107788085,,1513693800000,45.94443087387085,mean reversion or trend exit,23.510532519272243,2.0857341097488398,2.1134438201980594,2
FE,Utilities,rsi2,1513630800000,1513693800000,31.501469312667844,67,30.44499969482422,,1513780200000,30.949019542694092,mean reversion or trend exit,-41.19831734155061,2.1105984439487457,2.073584309360504,1
DTE,Utilities,rsi2,1513630800000,1513693800000,94.76701273345947,22,92.25191497802734,,1513803600000,92.15966306304932,stop,-61.47407961654637,2.084874280136108,2.0275125873870854,2
GRMN,Consumer Discretionary,rsi2,1513371600000,1513607400000,58.558499999999995,36,56.29199905395508,,1513866600000,59.09085152435303,mean reversion or trend exit,14.929278221832456,2.108106,2.127270654876709,3
SW,Materials,rsi2,1513198800000,1513261800000,31.47144053459167,66,31.245000457763673,,1514298600000,33.23673045730591,mean reversion or trend exit,112.2383956136745,2.0771150752830505,2.19362421018219,7
SBAC,Real Estate,rsi2,1513717200000,1513780200000,158.68852877807615,12,150.94300537109376,,1514298600000,159.3604842681885,mean reversion or trend exit,4.24687772479289,1.9042623453369139,1.912325811218262,3
NDAQ,Financials,rsi2,1513803600000,1513866600000,25.121763002395628,83,24.27199935913086,,1514298600000,25.39125127029419,mean reversion or trend exit,18.17494605094746,2.085106329198837,2.107473855434418,2
EXC,Utilities,rsi2,1513803600000,1513866600000,27.75240462684631,75,26.858059120178222,,1514471400000,27.739707653045656,mean reversion or trend exit,-5.114181456040976,2.081430347013473,2.080478073978424,4
MRSH,Financials,rsi2,1513976400000,1514298600000,80.78069694519041,26,78.29500198364258,,1514471400000,81.76814847564697,mean reversion or trend exit,21.447469810928617,2.1002981205749505,2.125971860366821,2
MET,Financials,rsi2,1513371600000,1513607400000,51.78172954177856,40,49.62799911499023,,1514557800000,51.0389101524353,mean reversion or trend exit,-33.82560116149898,2.071269181671142,2.041556406097412,8
AEP,Utilities,rsi2,1513976400000,1514298600000,73.82374999999999,28,71.76700134277344,,1514557800000,73.79613274383544,mean reversion or trend exit,-4.906639889434699,2.0670649999999995,2.0662917168273927,3
TKO,Communication Services,rsi2,1513976400000,1514298600000,29.459430305480954,64,27.896999740600585,,1514557800000,30.35960939025879,mean reversion or trend exit,53.783042885254154,1.885403539550781,1.9430150009765625,3
XEL,Utilities,rsi2,1514408400000,1514471400000,47.967918167114256,44,46.48799781799316,,1514557800000,48.06189060974121,mean reversion or trend exit,-0.09052411059556098,2.1105883993530274,2.1147231868286136,1
KEYS,Information Technology,rsi2,1514408400000,1514471400000,41.79174999999999,46,39.593001174926755,,1514557800000,42.13782030487061,mean reversion or trend exit,12.058473790024246,1.9224204999999999,1.938339734024048,1
GOOGL,Communication Services,rsi2,1514494800000,1514557800000,52.827276302337644,40,51.29335060119629,,1514989800000,53.64280237197876,mean reversion or trend exit,28.36223963867199,2.113091052093506,2.1457120948791504,2
CPRT,Industrials,rsi2,1514494800000,1514557800000,10.840829923629759,197,10.432500267028809,,1514989800000,10.89659276676178,mean reversion or trend exit,6.703007827000951,2.1356434949550627,2.1466287750520707,2
GOOG,Communication Services,rsi2,1514494800000,1514557800000,52.3883345336914,40,50.929952239990236,,1514989800000,53.16228437805176,mean reversion or trend exit,26.735969017944647,2.0955333813476558,2.1264913751220704,2
PRU,Financials,rsi2,1514494800000,1514557800000,115.7356227493286,18,111.77900085449218,,1514989800000,115.14474213409424,mean reversion or trend exit,-14.79169764211999,2.0832412094879147,2.0726053584136963,2
DELL,Information Technology,rsi2,1514494800000,1514557800000,22.855997379302977,79,21.579810523986815,,1514989800000,23.149570100784302,mean reversion or trend exit,19.557805166097822,1.805623792964935,1.8288160379619598,2
GNRC,Industrials,rsi2,1514926800000,1514989800000,48.07802877807617,44,46.33399772644043,,1515076200000,50.14980076217651,mean reversion or trend exit,86.83594280064403,2.1154332662353514,2.2065912335357667,1
GPN,Financials,rsi2,1514926800000,1514989800000,100.13002877807617,21,95.90099792480468,,1515076200000,102.21767969512939,mean reversion or trend exit,39.5913673801804,2.1027306043395995,2.146571273597717,1
PAYX,Industrials,rsi2,1514926800000,1514989800000,67.51744694519043,31,65.3610008239746,,1515076200000,68.28164847564697,mean reversion or trend exit,19.48047548610697,2.0930408553009032,2.1167311027450566,1
HSY,Consumer Staples,rsi2,1514926800000,1514989800000,112.34223336029052,19,109.40500030517578,,1515421800000,113.11677335357666,mean reversion or trend exit,10.432538744873188,2.1345024338455203,2.1492186937179567,3
CLX,Consumer Staples,rsi2,1514926800000,1514989800000,145.74560610961913,14,141.3260055541992,,1515421800000,145.05479695129395,mean reversion or trend exit,-13.742533859405308,2.040438485534668,2.0307671573181154,3
PLD,Real Estate,rsi2,1515186000000,1515421800000,62.502438625335685,34,60.65100212097168,,1515508200000,63.42651167678833,mean reversion or trend exit,27.136899439117705,2.1250829132614135,2.1565013970108033,1
WYNN,Consumer Discretionary,rsi2,1515013200000,1515076200000,163.35319244384763,13,156.46800842285157,,1515594600000,161.99784365844727,mean reversion or trend exit,-21.849097679534594,2.123591501770019,2.1059719675598143,4
LVS,Consumer Discretionary,rsi2,1515013200000,1515076200000,68.73866816711426,31,66.25400009155274,,1515594600000,69.04089060974121,mean reversion or trend exit,5.097729399353115,2.130898713180542,2.1402676089019774,4
FIX,Industrials,rsi2,1515013200000,1515076200000,43.19315152740478,50,41.46499938964844,,1515767400000,43.70625,mean reversion or trend exit,21.309953553390635,2.1596575763702393,2.1853125,6
LUV,Industrials,rsi2,1515531600000,1515594600000,62.58252045822143,34,60.48700065612793,,1515767400000,65.14478908538818,mean reversion or trend exit,82.77440479918684,2.1278056955795286,2.214922828903198,2
VZ,Communication Services,rsi2,1515531600000,1515594600000,51.44138938903808,42,50.02800178527832,,1515767400000,51.88805862808228,mean reversion or trend exit,14.42027122313725,2.1605383543395993,2.1792984623794553,2
AWK,Utilities,rsi2,1515186000000,1515421800000,87.08699999999999,24,83.70800094604492,,1515790800000,83.62429294509887,stop,-87.20204034830917,2.0900879999999997,2.006983030682373,5
PAYX,Industrials,rsi2,1515704400000,1515767400000,67.05698786163329,32,64.78000335693359,,1516113000000,67.85207817077637,mean reversion or trend exit,21.12579977954137,2.1458236115722653,2.1712665014648436,1
CCI,Real Estate,rsi2,1515704400000,1515767400000,104.15405305480955,21,100.46599960327148,,1516199400000,105.29460152435303,mean reversion or trend exit,19.553096114250565,2.187235114151001,2.2111866320114135,2
SBAC,Real Estate,rsi2,1515790800000,1516113000000,157.6374757232666,12,149.38900299072264,,1516199400000,159.56028121948242,mean reversion or trend exit,19.267292871276968,1.8916497086791992,1.914723374633789,1
STZ,Consumer Staples,rsi2,1515445200000,1515508200000,216.98677427673337,10,209.2919952392578,,1516285800000,219.1706093902588,mean reversion or trend exit,17.476777298584263,2.169867742767334,2.191706093902588,6
HRL,Consumer Staples,rsi2,1515704400000,1515767400000,34.50447122192382,63,33.32200126647949,,1516285800000,34.42553908538818,mean reversion or trend exit,-9.315315251106068,2.173781686981201,2.1688089623794555,3
CRL,Health Care,rsi2,1515790800000,1516113000000,105.74563938903808,20,101.37799606323242,,1516372200000,106.45343756103516,mean reversion or trend exit,9.911981900940207,2.1149127877807614,2.129068751220703,3
META,Communication Services,rsi2,1516136400000,1516199400000,179.43925450134276,12,172.86700134277345,,1516631400000,180.61920304870605,mean reversion or trend exit,9.838681077758961,2.1532710540161135,2.167430436584473,3
LULU,Consumer Discretionary,rsi2,1516136400000,1516199400000,77.15708183288574,28,73.58599548339843,,1516631400000,79.33059365844727,mean reversion or trend exit,56.47667620196561,2.1603982913208006,2.2212566224365236,3
FAST,Industrials,rsi2,1516222800000,1516285800000,13.100587118148802,169,12.52625036239624,,1516717800000,13.528957042694092,mean reversion or trend exit,67.89412428497158,2.2139992229671477,2.2863937402153014,3
NRG,Utilities,rsi2,1516309200000,1516372200000,26.75672954177856,71,25.284999465942384,,1516804200000,26.992980457305908,mean reversion or trend exit,12.9575855925066,1.899727797466278,1.9165016124687195,3
F,Consumer Discretionary,rsi2,1516222800000,1516285800000,12.192180305480957,181,11.757000255584718,,1516890600000,11.918070304870605,mean reversion or trend exit,-53.977865470947194,2.2067846352920535,2.1571707251815795,5
GM,Consumer Discretionary,rsi2,1516395600000,1516631400000,43.20315984725951,51,41.40000267028809,,1516890600000,44.41553908538818,mean reversion or trend exit,57.36278749899709,2.203361152210235,2.2651924933547978,3
LIN,Materials,rsi2,1516741200000,1516804200000,159.25910610961913,14,154.53899536132812,,1516890600000,166.0937345123291,mean reversion or trend exit,91.12985786923227,2.229627485534668,2.3253122831726074,1
LLY,Health Care,rsi2,1516741200000,1516804200000,84.94486061096191,26,82.18899688720703,,1516977000000,84.67524213409423,mean reversion or trend exit,-11.420203069931068,2.2085663758850096,2.20155629548645,2
LHX,Industrials,rsi2,1516741200000,1516804200000,142.76261511230467,15,138.63699645996093,,1516977000000,144.855,mean reversion or trend exit,27.071509088745188,2.1414392266845703,2.172825,2
AAPL,Information Technology,rsi2,1516827600000,1516890600000,43.67112612533569,51,42.38024978637695,,1517259600000,42.337869536590574,stop,-72.38254480475912,2.2272274323921204,2.1592313463661195,3
LEN,Consumer Discretionary,rsi2,1516914000000,1516977000000,66.65903781890869,33,63.49854278564453,,1517259600000,63.435044242858886,stop,-110.68489271768172,2.1997482480239863,2.093356460014343,2
DAL,Industrials,rsi2,1516827600000,1516890600000,57.056999999999995,35,54.0759994506836,,1517409000000,56.243699237823485,mean reversion or trend exit,-32.43105114950168,1.9969949999999999,1.968529473323822,4
LEN,Consumer Discretionary,rsi2,1517259600000,1517322600000,62.49224701690673,35,59.81413269042969,,1517518800000,59.75431855773926,stop,-100.10612586597406,2.187228645591736,2.091401149520874,3
COHR,Information Technology,rsi2,1516827600000,1516890600000,45.69565152740478,28,41.84200096130371,,1517605200000,41.80015896034241,stop,-111.52367457140328,1.2794782427673337,1.1704044508895874,7
UNP,Industrials,rsi2,1516914000000,1516977000000,133.94380755615234,16,128.64800567626952,,1517605200000,128.51935767059325,stop,-90.99060881257329,2.1431009208984375,2.056309722729492,6
DHI,Consumer Discretionary,rsi2,1517259600000,1517322600000,47.83779091644286,46,45.78699989318848,,1517841000000,45.69426167678833,stop gap,-102.90481944339717,2.2005383821563718,2.1019360371322633,4
DVN,Energy,rsi2,1517346000000,1517409000000,41.56152045822143,48,39.38200073242187,,1517841000000,39.330628932952884,stop gap,-110.9656163836666,1.9949529819946288,1.8878701887817384,3
GIS,Consumer Staples,rsi2,1517605200000,1517841000000,55.885831832885735,37,54.07600059509277,,1517864400000,54.021924594497676,stop,-73.03115480817138,2.067775777816772,1.998811209996414,1
DVA,Health Care,rsi2,1517605200000,1517841000000,75.30523336029052,28,72.76000213623047,,1517927400000,71.49842969512939,stop gap,-110.7010051900633,2.1085465340881346,2.0019560314636227,1
AXON,Industrials,rsi2,1517518800000,1517581800000,25.68565984725952,84,24.655000686645508,,1517950800000,24.63034568595886,stop,-92.87293401404555,2.1575954271697997,2.0689490376205444,3
TSCO,Consumer Discretionary,rsi2,1517605200000,1517841000000,13.555541816711424,125,12.750600051879882,,1517950800000,12.737849451828001,stop,-105.4982195189952,1.694442727088928,1.5922311814785004,2
TECH,Health Care,rsi2,1517864400000,1517927400000,32.92038826370239,61,31.963501358032225,,1518013800000,34.510453170776366,mean reversion or trend exit,92.88067800400916,2.008143684085846,2.1051376434173585,1
ILMN,Health Care,rsi2,1517605200000,1517841000000,215.63370747375487,7,201.83171539306642,,1518100200000,214.72669349670412,mean reversion or trend exit,-9.361620646148479,1.5094359523162841,1.5030868544769287,3
IT,Information Technology,rsi2,1517950800000,1518013800000,123.25312725067137,16,118.23099822998047,,1518100200000,119.88,mean reversion or trend exit,-57.860166046752724,1.972050036010742,1.91808,1
GL,Financials,rsi2,1517950800000,1518013800000,83.14305755615233,24,80.59099884033203,,1518123600000,80.5104078414917,stop,-67.11127632139858,1.9954333813476561,1.9322497881958007,2
JKHY,Financials,rsi2,1517950800000,1518013800000,118.38826663970946,17,114.27200088500976,,1518123600000,114.15772888412475,stop,-75.87242376884518,2.012600532875061,1.9406813910301208,2
PH,Industrials,rsi2,1517864400000,1517927400000,180.49030755615232,11,174.26599884033203,,1518186600000,176.88293756103516,mean reversion or trend exit,-43.612175642577746,1.9853933831176755,1.9457123131713867,3
ZBRA,Information Technology,rsi2,1518037200000,1518100200000,117.01690152740477,15,110.76800231933593,,1518210000000,110.6572343170166,stop,-98.81012019348883,1.7552535229110715,1.659858514755249,2
JKHY,Financials,rsi2,1518123600000,1518186600000,115.39527877807616,17,110.33000259399414,,1518532200000,115.67421091461182,mean reversion or trend exit,0.8136649963304987,1.9617197392272947,1.9664615855484011,2
SYK,Health Care,rsi2,1518123600000,1518186600000,149.41927427673338,12,141.5719955444336,,1518532200000,152.45739060974122,mean reversion or trend exit,32.834876017456494,1.7930312913208004,1.829488687316895,2
SNPS,Information Technology,rsi2,1518123600000,1518186600000,83.40331969451903,20,78.87300186157226,,1518532200000,84.67524213409423,mean reversion or trend exit,22.076877554931862,1.6680663938903806,1.6935048426818846,2
NEM,Materials,rsi2,1518037200000,1518100200000,37.22718862533569,46,35.13399887084961,,1518618600000,36.893070304870605,mean reversion or trend exit,-18.778974652183514,1.712450676765442,1.6970812340240478,4
KR,Consumer Staples,rsi2,1518469200000,1518532200000,27.197170076370238,53,25.399000930786134,,1518618600000,27.822150381088257,mean reversion or trend exit,30.207932165809694,1.4414500140476225,1.4745739701976777,1
COP,Energy,rsi2,1518210000000,1518445800000,52.682631069183344,26,49.00899963378906,,1518705000000,55.58435939025879,mean reversion or trend exit,72.62999459601609,1.369748407798767,1.4451933441467286,3
SBAC,Real Estate,rsi2,1518469200000,1518532200000,159.25910610961913,10,150.50100402832032,,1518705000000,162.7271093902588,mean reversion or trend exit,31.460170651397856,1.5925910610961913,1.6272710939025878,2
MGM,Consumer Discretionary,rsi2,1518469200000,1518532200000,33.38334847259521,39,30.951000213623047,,1518705000000,34.71525,mean reversion or trend exit,49.28831422835554,1.3019505904312132,1.35389475,2
ORLY,Consumer Discretionary,rsi2,1518555600000,1518618600000,16.286936788558958,94,15.27793321609497,,1518791400000,16.78253423881531,mean reversion or trend exit,43.47763004752385,1.530972058124542,1.5775582184486392,2
BG,Consumer Staples,rsi2,1518642000000,1518705000000,76.3162378616333,14,69.3989974975586,,1519137000000,78.54138274383546,mean reversion or trend exit,28.98402166235366,1.0684273300628662,1.0995793584136964,2
KDP,Consumer Staples,rsi2,1518555600000,1518618600000,115.87576213836668,17,110.33999710083008,,1519223400000,115.67421091461182,mean reversion or trend exit,-7.362720345733289,1.9698879563522338,1.9664615855484011,4
CNC,Health Care,rsi2,1518728400000,1518791400000,49.90986061096191,29,46.567501831054685,,1519655400000,50.259691371917725,mean reversion or trend exit,7.240175060215219,1.4473859577178954,1.457531049785614,5
PSX,Energy,rsi2,1518814800000,1519137000000,92.04194694519042,17,86.35099945068359,,1519655400000,92.52738274383545,mean reversion or trend exit,5.114729972252039,1.564713098068237,1.5729655066452026,4
OXY,Energy,rsi2,1518814800000,1519137000000,68.94887725067137,21,64.36200485229492,,1519655400000,68.29164060974121,mean reversion or trend exit,-16.68402033460213,1.4479264222640988,1.4341244528045654,4
CHRW,Industrials,rsi2,1519160400000,1519223400000,90.1000121383667,18,84.75600128173828,,1519655400000,92.907,mean reversion or trend exit,47.231655290908854,1.6218002184906004,1.672326,3
FERG,Industrials,rsi2,1519160400000,1519223400000,77.65942235565184,26,76.74129180908203,,1519741800000,75.85859763336181,stop gap,-50.812911299255155,2.019144981246948,1.9723235384674072,4
CASY,Consumer Staples,rsi2,1519419600000,1519655400000,112.27216366577147,15,105.76499938964844,,1519741800000,114.08579695129394,mean reversion or trend exit,23.80912987358108,1.684082454986572,1.7112869542694091,1
SW,Materials,rsi2,1519678800000,1519741800000,35.075040916442866,58,33.74800109863281,,1520024400000,33.71425309753418,stop,-82.91547254951429,2.0343523731536863,1.9554266796569826,4
DLTR,Consumer Staples,rsi2,1519765200000,1519828200000,104.67456969451904,11,96.04499664306641,,1520260200000,103.37652335357666,mean reversion or trend exit,-16.567071773895208,1.1514202666397093,1.1371417568893432,3
GRMN,Consumer Discretionary,rsi2,1519419600000,1519655400000,60.57050831985473,25,56.72399749755859,,1520346600000,59.57037106704712,mean reversion or trend exit,-28.006953304862844,1.5142627079963684,1.4892592766761779,6
TSCO,Consumer Discretionary,rsi2,1519678800000,1519741800000,13.081067839622497,89,11.973399925231934,,1520433000000,12.777209961891174,mean reversion or trend exit,-29.344737842422468,1.1642150377264022,1.1371716866083146,6
A,Health Care,rsi2,1519765200000,1519828200000,69.48941816711425,22,65.11200103759765,,1520433000000,67.29264060974121,mean reversion or trend exit,-51.338311555297686,1.5287671996765135,1.4804380934143067,5
SBAC,Real Estate,rsi2,1520024400000,1520260200000,152.29213938903806,9,142.45600280761718,,1520433000000,155.8539845123291,mean reversion or trend exit,29.283290994507148,1.3706292545013425,1.402685860610962,2
RCL,Consumer Discretionary,rsi2,1520283600000,1520346600000,121.7215984725952,13,114.56600494384766,,1520433000000,122.65721878051758,mean reversion or trend exit,8.986139378700441,1.5823807801437377,1.5945438441467286,1
AVY,Materials,rsi2,1520370000000,1520433000000,113.9738606109619,17,109.65299758911132,,1520519400000,115.79409365844727,mean reversion or trend exit,27.03790658467116,1.9375556303863526,1.9684995921936037,1
BDX,Health Care,rsi2,1520370000000,1520433000000,165.55885659790036,11,157.4996078491211,,1520519400000,167.7412857513428,mean reversion or trend exit,20.34041912202503,1.821147422576904,1.8451541432647707,1
NKE,Consumer Discretionary,rsi2,1520456400000,1520519400000,64.62455755615234,25,60.85799674987793,,1520605800000,65.44449213409423,mean reversion or trend exit,17.24663820629117,1.6156139389038084,1.636112303352356,1
QCOM,Information Technology,rsi2,1520370000000,1520433000000,61.551491680145254,27,58.03300018310547,,1520861400000,62.98694923782349,mean reversion or trend exit,35.394816152527156,1.6618902753639218,1.700647629421234,3
ELV,Health Care,rsi2,1520542800000,1520605800000,230.67044244384763,8,219.10799407958984,,1520861400000,231.96779695129393,mean reversion or trend exit,6.677730144409271,1.845363539550781,1.8557423756103515,1
TGT,Consumer Staples,rsi2,1520370000000,1520433000000,71.13105755615234,21,66.64200057983399,,1521034200000,71.36856243896484,mean reversion or trend exit,1.9951105191650749,1.4937522086791992,1.498739811218262,5
DG,Consumer Staples,rsi2,1520456400000,1520519400000,89.7096227493286,16,83.79899826049805,,1521034200000,89.46045304870606,mean reversion or trend exit,-6.853436422729276,1.4353539639892576,1.431367248779297,4
HUBB,Industrials,rsi2,1520024400000,1520260200000,128.24811511230467,15,122.26124267578125,,1521120600000,126.00386725616455,mean reversion or trend exit,-37.47749757762884,1.92372172668457,1.8900580088424683,8
LMT,Industrials,rsi2,1520884800000,1520947800000,335.11477877807613,6,320.01500244140624,,1521552600000,335.3942809753418,mean reversion or trend exit,-2.3460411749263947,2.010688672668457,2.0123656858520507,5
NXPI,Information Technology,rsi2,1520971200000,1521034200000,122.87274999999998,16,119.93599700927734,,1521552600000,122.59728121948243,mean reversion or trend exit,-8.335020987792621,1.9659639999999998,1.961556499511719,4
DVA,Health Care,rsi2,1520971200000,1521034200000,70.61054091644286,24,66.63400192260742,,1521576000000,66.56736792068482,stop,-100.32842171028406,1.6946529819946285,1.5976168300964355,5
TJX,Consumer Discretionary,rsi2,1521057600000,1521120600000,41.07102877807617,46,39.01199836730957,,1521639000000,40.89905862808227,mean reversion or trend exit,-11.681250920402523,1.8892673237915039,1.8813566968917848,4
FICO,Information Technology,rsi2,1521489600000,1521552600000,167.87771672058105,11,160.29000701904297,,1521725400000,169.3704532928467,mean reversion or trend exit,12.710372424774356,1.8466548839263914,1.8630749862213136,2
COR,Health Care,rsi2,1521576000000,1521639000000,89.53944694519042,15,83.43000259399415,,1521811800000,85.25465634155273,mean reversion or trend exit,-66.89377060386647,1.3430917041778565,1.278819845123291,2
MRVL,Information Technology,rsi2,1520971200000,1521034200000,23.022999999999996,64,21.511000061035155,,1521835200000,21.48948906097412,stop,-100.99349939755848,1.473472,1.3753272999023436,8
AAPL,Information Technology,rsi2,1521662400000,1521725400000,42.5425,46,41.26950187683106,,1521835200000,41.228232374954224,stop,-64.30976444135344,1.956955,1.8964986892478943,2
TKO,Communication Services,rsi2,1521489600000,1521552600000,36.486450763702386,45,34.40399856567383,,1522071000000,36.08387893295288,SPY below SMA200,-21.38139722007736,1.6418902843666074,1.6237745519828795,4
DVA,Health Care,rsi2,1521576000000,1521639000000,66.72666366577148,26,63.080003356933595,,1522071000000,65.63429695129395,SPY below SMA200,-31.842919552459612,1.7348932553100584,1.7064917207336425,3
AVY,Materials,rsi2,1521748800000,1521811800000,105.9758727493286,18,101.50999755859375,,1522071000000,103.95593756103516,SPY below SMA200,-40.137605974868556,1.9075657094879148,1.871206876098633,1
UHS,Health Care,rsi2,1522094400000,1522157400000,121.16104091644286,12,113.8330062866211,,1522330200000,121.26860939025879,mean reversion or trend exit,-1.6183341178892472,1.4539324909973144,1.4552233126831053,2
KKR,Financials,rsi2,1522180800000,1522243800000,20.39037084007263,89,19.370001220703124,,1522330200000,20.24973045730591,mean reversion or trend exit,-16.133963081705005,1.814743004766464,1.8022260107002257,1
STZ,Consumer Staples,rsi2,1522094400000,1522157400000,221.54132733154293,8,213.12700805664062,,1522675800000,229.25051573181153,mean reversion or trend exit,58.06717245764198,1.7723306186523435,1.8340041258544924,3
CNC,Health Care,rsi2,1522267200000,1522330200000,50.68063106918334,32,47.79649887084961,,1522675800000,53.68126560974121,mean reversion or trend exit,92.6807246041262,1.621780194213867,1.7178004995117189,1
OKE,Energy,rsi2,1522267200000,1522330200000,55.795741680145255,32,52.946001052856445,,1522675800000,56.70323832321167,mean reversion or trend exit,25.439925218017898,1.7854637337646482,1.8145036263427736,1
HCA,Health Care,rsi2,1522094400000,1522157400000,98.34825,19,93.78700332641601,,1522762200000,95.63427335357666,SPY below SMA200,-55.25122422576129,1.86861675,1.8170511937179565,4
SW,Materials,rsi2,1522267200000,1522330200000,41.02097954177856,47,39.281999588012695,,1522762200000,40.90905076217651,SPY below SMA200,-9.111364065582043,1.9279860384635923,1.9227253858222961,2
CCI,Real Estate,rsi2,1522785600000,1522848600000,107.04694244384764,18,103.57999877929687,,1523021400000,109.74014847564698,mean reversion or trend exit,44.57554093583712,1.9268449639892578,1.9753226725616455,2
AMT,Real Estate,rsi2,1522785600000,1522848600000,141.12097572326658,13,135.2510009765625,,1523021400000,143.3664845123291,mean reversion or trend exit,25.493277274749914,1.8345726844024655,1.8637642986602783,2
MSCI,Financials,rsi2,1522785600000,1522848600000,144.39424999999997,13,138.51800384521485,,1523367000000,148.51134365844726,mean reversion or trend exit,49.714444842254935,1.8771252499999997,1.9306474675598144,4
ROP,Information Technology,rsi2,1523044800000,1523280600000,269.128845336914,6,254.85999755859376,,1523453400000,270.4592809753418,mean reversion or trend exit,4.745085072693184,1.6147730720214841,1.6227556858520509,2
HPE,Information Technology,rsi2,1523044800000,1523280600000,16.746729541778564,109,15.896501541137695,,1523453400000,17.182800762176512,mean reversion or trend exit,43.833444220245326,1.8253935200538636,1.8729252830772398,2
JBHT,Industrials,rsi2,1523044800000,1523280600000,110.88076663970946,12,103.37900085449219,,1523539800000,111.89799213409424,mean reversion or trend exit,9.533360827331652,1.3305691996765137,1.3427759056091308,3
FERG,Industrials,rsi2,1522785600000,1522848600000,78.11393983459472,25,77.40126876831054,,1523626200000,79.27650199127197,mean reversion or trend exit,25.129292871284676,1.952848495864868,1.9819125497817993,7
LEN,Consumer Discretionary,rsi2,1523476800000,1523539800000,56.67811196899414,22,52.47241020202637,,1523626200000,54.99818848800659,mean reversion or trend exit,-39.41519519178005,1.2469184633178712,1.209960146736145,1
PEG,Utilities,rsi2,1523563200000,1523626200000,49.75970908355713,39,47.680999755859375,,1523885400000,50.249699237823485,mean reversion or trend exit,15.209249091854138,1.9406286542587279,1.9597382702751158,1
EXR,Real Estate,rsi2,1523563200000,1523626200000,86.14605755615233,22,81.95299987792968,,1523885400000,87.16275,mean reversion or trend exit,18.55443999841348,1.8952132662353514,1.9175805000000001,1
NEE,Utilities,rsi2,1523476800000,1523539800000,40.297757194519036,49,38.87474746704102,,1523971800000,40.51944137191772,mean reversion or trend exit,6.902481962780199,1.974590102531433,1.9854526272239685,3
PHM,Consumer Discretionary,rsi2,1523563200000,1523626200000,29.339309465408324,48,27.38100070953369,,1523971800000,29.760210914611818,mean reversion or trend exit,17.366492583526774,1.4082868543395997,1.4284901239013672,2
STZ,Consumer Staples,rsi2,1523563200000,1523626200000,225.53530755615233,8,216.14800262451172,,1523971800000,227.4223439025879,mean reversion or trend exit,11.472629559814596,1.8042824604492187,1.8193787512207031,2
DLTR,Consumer Staples,rsi2,1523649600000,1523885400000,97.52743030548095,19,92.73199768066407,,1524058200000,100.3295703048706,mean reversion or trend exit,49.481376976806715,1.853021175804138,1.9062618357925414,2
FAST,Industrials,rsi2,1523649600000,1523885400000,12.635122920036315,99,11.665750503540039,,1524144600000,12.73725,mean reversion or trend exit,7.5987159973212055,1.2508771690835951,1.26098775,3
MTB,Financials,rsi2,1523995200000,1524058200000,178.9487742767334,7,166.68699340820314,,1524231000000,180.11970304870604,mean reversion or trend exit,5.683022062530506,1.2526414199371338,1.2608379213409424,2
TFC,Financials,rsi2,1524081600000,1524144600000,51.301249999999996,26,47.66299896240234,,1524231000000,52.46748045730591,mean reversion or trend exit,27.624004898063824,1.3338325,1.3641544918899537,1
SJM,Consumer Staples,rsi2,1523908800000,1523971800000,121.19106969451903,14,114.8339973449707,,1524254400000,114.71916334762572,stop,-93.90943211909631,1.6966749757232664,1.6060682868667602,4
DECK,Consumer Discretionary,rsi2,1524081600000,1524144600000,15.660645458221433,117,14.85016679763794,,1524254400000,14.835316630840301,stop,-100.13150036801261,1.8322955186119076,1.7357320458083152,2
EG,Financials,rsi2,1524168000000,1524231000000,243.53328327941892,7,230.72600250244142,,1524490200000,246.7430154876709,mean reversion or trend exit,19.03619136639422,1.7047329829559326,1.7272011084136965,1
TER,Information Technology,rsi2,1524168000000,1524231000000,41.33129091644287,30,38.1430004119873,,1524576600000,41.07887893295288,mean reversion or trend exit,-10.04466460018142,1.239938727493286,1.2323663679885866,2
AAPL,Information Technology,rsi2,1524254400000,1524490200000,41.74920795822143,37,39.21075096130371,,1524576600000,41.376082042694094,mean reversion or trend exit,-16.881294604545424,1.5447206944541931,1.5309150355796814,1
GS,Financials,rsi2,1524513600000,1524576600000,249.06882733154293,5,232.45299224853517,,1524663000000,241.94781243896483,mean reversion or trend exit,-38.06015766174305,1.2453441366577147,1.209739062194824,1
SOXX,ETF / index,rsi2,1524513600000,1524576600000,57.19380200958251,22,53.01566619873047,,1524663000000,56.3802317276001,mean reversion or trend exit,-20.39717494583114,1.2582636442108153,1.240365098007202,1
FDS,Financials,rsi2,1524168000000,1524231000000,194.16397122192382,10,185.08699645996094,,1524749400000,193.40640609741212,mean reversion or trend exit,-11.45135501831036,1.9416397122192381,1.9340640609741213,4
DECK,Consumer Discretionary,rsi2,1524254400000,1524490200000,14.934920076370238,99,13.975833320617676,,1524749400000,15.259724618911743,mean reversion or trend exit,29.166379886776113,1.4785570875606537,1.5107127372722626,3
FIS,Financials,rsi2,1524600000000,1524663000000,94.89480305480956,20,91.40199737548828,,1524749400000,94.60529695129395,mean reversion or trend exit,-9.580124070434193,1.8978960610961912,1.892105939025879,1
SBUX,Consumer Discretionary,rsi2,1524254400000,1524490200000,58.06800831985473,34,55.77200088500977,,1524835800000,58.011929695129396,mean reversion or trend exit,-5.853391133170694,1.9743122828750608,1.9724056096343996,4
AME,Industrials,rsi2,1524600000000,1524663000000,71.37130305480956,27,68.47900085449218,,1525181400000,69.67025786590577,mean reversion or trend exit,-49.736342245261675,1.927025182479858,1.8810969623794558,4
TEL,Information Technology,rsi2,1524772800000,1524835800000,93.80370908355712,19,89.01000137329102,,1525181400000,91.26864060974121,mean reversion or trend exit,-51.68267564667499,1.7822704725875853,1.7341041715850831,2
NOC,Industrials,rsi2,1524686400000,1524749400000,335.335,4,314.243994140625,,1525204800000,313.92975014648437,stop,-88.2180584146484,1.34134,1.2557190005859376,4
TDY,Information Technology,rsi2,1525118400000,1525181400000,187.1569712219238,10,178.5909912109375,,1525204800000,178.41240021972655,stop,-91.10140373638912,1.8715697122192383,1.7841240021972655,1
CBRE,Real Estate,rsi2,1524686400000,1524749400000,45.49545076370239,43,43.45699958801269,,1525267800000,45.96398832321167,mean reversion or trend exit,16.214359178162013,1.9563043828392026,1.976451497898102,4
EW,Health Care,rsi2,1524686400000,1524749400000,43.213168167114254,34,40.49433135986328,,1525267800000,43.95933071136474,mean reversion or trend exit,22.405661542648314,1.4692477176818848,1.4946172441864012,4
IEX,Industrials,rsi2,1525118400000,1525181400000,133.79366366577148,13,127.2530014038086,,1525699800000,136.59326573181153,mean reversion or trend exit,32.879796776352094,1.739317627655029,1.7757124545135499,4
TDY,Information Technology,rsi2,1525204800000,1525267800000,181.0608848876953,9,171.57098846435548,,1525699800000,192.9468593902588,mean reversion or trend exit,103.60770082456992,1.6295479639892576,1.7365217345123292,3
XYL,Industrials,rsi2,1525204800000,1525267800000,70.00994244384765,27,66.85000381469726,,1525786200000,69.68025,mean reversion or trend exit,-12.673331179870384,1.8902684459838865,1.8813667500000002,4
TPR,Consumer Discretionary,rsi2,1525204800000,1525267800000,47.047,36,44.5419979095459,,1525786200000,45.37457817077637,mean reversion or trend exit,-63.53436266619863,1.693692,1.6334848141479492,4
LULU,Consumer Discretionary,rsi2,1525464000000,1525699800000,95.85576213836669,20,92.31299743652343,,1525872600000,98.09181243896484,mean reversion or trend exit,40.8420545204164,1.9171152427673337,1.9618362487792969,2
TJX,Consumer Discretionary,rsi2,1525723200000,1525786200000,41.02598561096191,46,39.28600082397461,,1525959000000,41.65330469512939,mean reversion or trend exit,25.053430517623962,1.8871953381042479,1.9160520159759522,2
TGT,Consumer Staples,rsi2,1525723200000,1525786200000,69.37930755615234,27,66.3390022277832,,1526045400000,69.87006243896484,mean reversion or trend exit,9.490648846069226,1.8732413040161133,1.8864916858520506,3
HUM,Health Care,rsi2,1525809600000,1525872600000,278.9887014465332,6,267.50099487304686,,1526045400000,281.6180939025879,mean reversion or trend exit,12.412713964233404,1.673932208679199,1.6897085634155273,2
DG,Consumer Staples,rsi2,1525464000000,1525699800000,95.66556969451904,20,91.66300201416016,,1526068800000,91.571339012146,stop,-85.62935182159406,1.9133113938903807,1.83142678024292,5
DRI,Consumer Discretionary,rsi2,1526068800000,1526304600000,90.35026213836669,21,87.19900207519531,,1526328000000,87.11180307312011,stop,-71.73434373961926,1.8973555049057005,1.8293478645355223,1
SW,Materials,rsi2,1525204800000,1525267800000,41.74170076370239,46,40.639001083374026,,1526391000000,42.157800762176514,mean reversion or trend exit,15.281222859619266,1.92011823513031,1.9392588350601199,9
KKR,Financials,rsi2,1526328000000,1526391000000,21.751729541778563,75,20.547000122070312,,1526563800000,22.28768946647644,mean reversion or trend exit,36.89403792672168,1.6313797156333922,1.671576709985733,2
CIEN,Information Technology,rsi2,1526328000000,1526391000000,25.1751496181488,61,23.678000450134277,,1526650200000,25.354619161605836,mean reversion or trend exit,7.865326255314105,1.5356841267070769,1.5466317688579558,3
PSA,Real Estate,rsi2,1526500800000,1526563800000,204.82461511230466,9,198.4050079345703,,1526909400000,203.8959060974121,mean reversion or trend exit,-12.036865824920376,1.843421536010742,1.835063154876709,2
PEG,Utilities,rsi2,1525896000000,1525959000000,50.91086061096191,37,48.89500007629395,,1526995800000,49.95,mean reversion or trend exit,-39.283694448196215,1.8837018426055907,1.8481500000000002,8
DPZ,Consumer Discretionary,rsi2,1526328000000,1526391000000,247.30705755615233,7,234.57599945068358,,1526995800000,248.9907654876709,mean reversion or trend exit,8.31187075932322,1.7311494028930663,1.7429353584136964,5
FERG,Industrials,rsi2,1526328000000,1526391000000,81.0735997238159,23,80.2270294189453,,1527082200000,83.4539457321167,mean reversion or trend exit,50.963824645431735,1.8646927936477657,1.919440751838684,6
MTB,Financials,rsi2,1526673600000,1526909400000,182.53235610961912,10,174.96900024414063,,1527082200000,182.6072032928467,mean reversion or trend exit,-2.9029237617489034,1.825323561096191,1.8260720329284668,2
CSCO,Information Technology,rsi2,1526587200000,1526650200000,43.503459083557125,43,41.428998184204104,,1527168600000,43.55639847564697,mean reversion or trend exit,-1.4671800151823506,1.8706487405929564,1.8729251344528197,4
NTAP,Information Technology,rsi2,1526932800000,1526995800000,68.46840152740478,28,65.3689956665039,,1527168600000,63.936,stop gap,-130.61456601010116,1.9171152427673337,1.790208,2
GPN,Financials,rsi2,1527019200000,1527082200000,111.49137725067138,17,107.92499771118165,,1527255000000,112.7071796951294,mean reversion or trend exit,16.857266087707735,1.8953534132614134,1.9160220548171998,2
CIEN,Information Technology,rsi2,1527105600000,1527168600000,24.684659847259518,61,23.189999961853026,,1527255000000,24.735240228652955,mean reversion or trend exit,0.07078936036904415,1.5057642506828306,1.5088496539478304,1
HPE,Information Technology,rsi2,1527105600000,1527168600000,15.565550190925597,122,14.839999866485595,,1527600600000,15.414570304870605,mean reversion or trend exit,-22.199120799196216,1.898997123292923,1.8805775771942137,2
CPRT,Industrials,rsi2,1527192000000,1527255000000,13.26325,140,12.618749713897705,,1527600600000,13.526459961891174,mean reversion or trend exit,33.09883527009966,1.8568550000000001,1.8937043946647643,1
L,Financials,rsi2,1527192000000,1527255000000,49.97993030548095,38,48.806999588012694,,1527624000000,48.758192588424684,stop,-50.17808191810646,1.899237351608276,1.8528113183601382,2
FITB,Financials,rsi2,1526932800000,1526995800000,31.15112084007263,47,29.20599994659424,,1527687000000,30.57939060974121,mean reversion or trend exit,-29.772654863717918,1.4641026794834135,1.437231358657837,5
STZ,Consumer Staples,rsi2,1527019200000,1527082200000,215.61539389038083,8,208.91699676513673,,1527687000000,220.2795,mean reversion or trend exit,33.82568972583042,1.7249231511230467,1.7622360000000001,4
ABBV,Health Care,rsi2,1527278400000,1527600600000,100.37026663970946,19,96.32700119018554,,1527773400000,100.82907030487061,mean reversion or trend exit,4.894482236114943,1.9070350661544797,1.9157523357925417,2
TTWO,Communication Services,rsi2,1527710400000,1527773400000,111.00088938903808,11,103.29200057983398,,1527859800000,112.43745304870606,mean reversion or trend exit,13.344378489532618,1.221009783279419,1.2368119835357665,1
NTRS,Financials,rsi2,1527624000000,1527687000000,103.40330305480956,17,98.25600128173828,,1528119000000,105.88400786590576,mean reversion or trend exit,38.61409750298329,1.7578561519317626,1.8000281337203978,3
ECL,Materials,rsi2,1527624000000,1527687000000,142.62247572326658,13,137.2699996948242,,1528119000000,144.13571878051758,mean reversion or trend exit,15.944303215713848,1.8540921844024656,1.8737643441467284,3
CSCO,Information Technology,rsi2,1527796800000,1527859800000,42.95290984725952,44,41.122998809814455,,1528119000000,43.4565,mean reversion or trend exit,18.355952687301656,1.8899280332794188,1.912086,1
FSLR,Information Technology,rsi2,1527883200000,1528119000000,66.1560863342285,20,61.59199829101563,,1528142400000,61.530406292724614,stop,-95.06733068261688,1.3231217266845703,1.2306081258544923,1
IBKR,Financials,rsi2,1527883200000,1528119000000,18.123104541778563,95,17.176748275756836,,1528142400000,17.15957152748108,stop,-94.88749058484048,1.7216949314689636,1.6301592951107027,1
ULTA,Consumer Discretionary,rsi2,1527883200000,1528119000000,246.0558075561523,6,231.7459930419922,,1528205400000,252.18756243896485,mean reversion or trend exit,33.80106907690456,1.4763348453369138,1.5131253746337892,1
IR,Industrials,rsi2,1527278400000,1527600600000,32.45241816711425,58,30.929201126098633,,1528378200000,32.94701954269409,mean reversion or trend exit,24.89371239646186,1.8822402536926268,1.9109271334762576,7
NEM,Materials,rsi2,1528142400000,1528205400000,38.35831969451904,48,36.95799942016602,,1528378200000,38.76119923782348,mean reversion or trend exit,15.636481169860854,1.841199345336914,1.860537563415527,2
HAL,Energy,rsi2,1527624000000,1527687000000,50.24018862533569,31,47.31099891662598,,1528464600000,48.82112893295288,mean reversion or trend exit,-47.061751308174046,1.5574458473854065,1.5134549969215394,7
IBKR,Financials,rsi2,1528142400000,1528205400000,17.64512803459167,85,16.59574966430664,,1528723800000,17.804677728652955,mean reversion or trend exit,10.548490505333284,1.499835882940292,1.5133976069355013,4
WYNN,Consumer Discretionary,rsi2,1528142400000,1528205400000,182.6724954986572,9,173.1290023803711,,1528810200000,181.9179060974121,mean reversion or trend exit,-10.07261822557064,1.644052459487915,1.6372611548767089,5
NEE,Utilities,rsi2,1528315200000,1528378200000,39.08654811096191,48,37.81875114440918,,1528896600000,39.368093719482424,mean reversion or trend exit,9.748366401123489,1.8761543093261717,1.8896684985351562,4
PEG,Utilities,rsi2,1528315200000,1528378200000,50.780729541778555,37,49.4390007019043,,1528896600000,51.8580898475647,mean reversion or trend exit,36.06469499668162,1.8788869930458065,1.9187493243598939,4
PANW,Information Technology,rsi2,1528401600000,1528464600000,32.972938625335686,57,31.423332977294923,,1528896600000,34.63200127029419,mean reversion or trend exit,90.71308918858378,1.8794575016441342,1.9740240724067688,3
ON,Information Technology,rsi2,1528488000000,1528723800000,25.25522954177856,60,23.770000839233397,,1528983000000,25.4745,mean reversion or trend exit,10.112443720779538,1.5153137725067136,1.52847,3
FERG,Industrials,rsi2,1528747200000,1528810200000,79.8397621383667,23,78.82470245361328,,1529069400000,81.06885152435302,mean reversion or trend exit,24.568157763442976,1.8363145291824339,1.8645835850601196,3
ARES,Financials,rsi2,1528833600000,1528896600000,21.22120076370239,85,20.15750026702881,,1529328600000,20.529449237823485,mean reversion or trend exit,-62.34768494983677,1.8038020649147033,1.7450031852149963,3
MPC,Energy,rsi2,1528833600000,1528896600000,75.6856106109619,19,70.85699996948242,,1529415000000,73.93599213409423,mean reversion or trend exit,-36.085561512641746,1.4380266016082763,1.4047838505477905,4
TSCO,Consumer Discretionary,rsi2,1529006400000,1529069400000,14.860845717430113,128,14.322400188446045,,1529415000000,14.996988083839417,mean reversion or trend exit,13.60442017382844,1.9021882518310544,1.9196144747314454,2
PLD,Real Estate,rsi2,1528920000000,1528983000000,64.51444694519043,29,62.3610034942627,,1529501400000,63.54639060974121,mean reversion or trend exit,-31.78739801712038,1.8709189614105224,1.842845327682495,4
HST,Real Estate,rsi2,1528833600000,1528896600000,21.491469312667846,89,20.707999229431152,,1529587800000,21.3885898475647,mean reversion or trend exit,-12.972597659440764,1.9127407688274385,1.9035844964332582,6
STLD,Materials,rsi2,1529092800000,1529328600000,46.466418167114256,40,44.24099845886231,,1529933400000,47.6123398475647,mean reversion or trend exit,42.07371689743053,1.8586567266845702,1.904493593902588,5
MAR,Consumer Discretionary,rsi2,1529697600000,1529933400000,131.60147122192382,14,127.91000061035156,,1530019800000,129.32054695129395,mean reversion or trend exit,-35.585848043243196,1.8424205971069334,1.8104876573181152,1
DHR,Health Care,rsi2,1529438400000,1529501400000,88.98073754882812,21,86.18173675537109,,1530106200000,88.1298681564331,mean reversion or trend exit,-21.587579960105735,1.8685954885253906,1.8507272312850953,5
WRB,Financials,rsi2,1529352000000,1529415000000,21.906327726364133,86,21.36918411254883,,1530129600000,21.347814928436282,stop,-51.75195689010797,1.8839441844673155,1.8359120838455203,7
TFC,Financials,rsi2,1529352000000,1529415000000,51.971918167114254,36,50.32699813842773,,1530192600000,50.74919923782349,mean reversion or trend exit,-47.71584168104526,1.8709890540161132,1.8269711725616458,7
EMR,Industrials,rsi2,1529524800000,1529587800000,70.14006969451904,27,68.03899765014648,,1530216000000,67.97095865249634,stop,-62.29499589998248,1.8937818817520142,1.835215883617401,6
FERG,Industrials,rsi2,1530043200000,1530106200000,79.29922122192382,23,78.46273345947266,,1530538200000,79.2406796951294,mean reversion or trend exit,-4.992872837363752,1.8238820881042477,1.8225356329879763,3
RJF,Financials,rsi2,1530129600000,1530192600000,60.787392162322995,30,58.441999435424805,,1530538200000,58.96098045730591,mean reversion or trend exit,-58.38480232910147,1.8236217648696897,1.7688294137191771,2
SCHW,Financials,rsi2,1530216000000,1530279000000,52.282229541778555,30,49.40199775695801,,1530538200000,50.509441371917724,mean reversion or trend exit,-56.26739522323583,1.5684668862533568,1.5152832411575317,1
APTV,Consumer Discretionary,rsi2,1530129600000,1530192600000,92.9528606109619,20,89.81199798583984,,1530561600000,89.722185987854,stop,-68.26699339413436,1.8590572122192381,1.7944437197570802,3
SMCI,Information Technology,rsi2,1529956800000,1530019800000,2.40740497136116,668,2.2731000900268556,,1530624600000,2.4575400381088257,mean reversion or trend exit,30.24044132111471,1.608146520869255,1.6416367454566956,5
HCA,Health Care,rsi2,1530302400000,1530538200000,102.39229091644286,17,99.85999755859375,,1530797400000,103.91597664642335,mean reversion or trend exit,22.395416861099527,1.7406689455795286,1.766571602989197,2
ADM,Consumer Staples,rsi2,1530561600000,1530624600000,45.40536061096191,40,43.89100036621094,,1530883800000,46.33362106704712,mean reversion or trend exit,33.46085897628812,1.8162144244384764,1.8533448426818848,2
LOW,Consumer Discretionary,rsi2,1530561600000,1530624600000,95.34525,19,92.01200103759766,,1530883800000,95.15474999999999,mean reversion or trend exit,-7.239000000000002,1.81155975,1.80794025,2
DVA,Health Care,rsi2,1530302400000,1530538200000,69.34927877807617,26,66.81000137329102,,1531143000000,70.31960939025879,mean reversion or trend exit,21.597204824371453,1.8030812482299805,1.8283098441467287,4
HD,Consumer Discretionary,rsi2,1530648000000,1530797400000,194.6844954986572,9,188.19699249267578,,1531143000000,195.50429695129395,mean reversion or trend exit,3.866513941681088,1.752160459487915,1.7595386725616458,2
PEG,Utilities,rsi2,1530907200000,1531143000000,53.37331969451904,34,51.86300048828125,,1531166400000,51.81113748779297,stop,-56.690466572885015,1.8146928696136475,1.7615786745849609,1
ODFL,Industrials,rsi2,1530302400000,1530538200000,49.572857837677,33,47.01399726867676,,1531229400000,50.77251040649414,mean reversion or trend exit,36.27713761890808,1.635904308643341,1.6754928434143066,5
CME,Financials,rsi2,1530820800000,1530883800000,160.24008183288572,11,154.84600372314452,,1531229400000,163.47635939025878,mean reversion or trend exit,32.03817227764904,1.7626409001617431,1.7982399532928466,2
DPZ,Consumer Discretionary,rsi2,1530820800000,1530883800000,279.22896221923827,6,265.45799255371094,,1531402200000,280.3693439025879,mean reversion or trend exit,3.484700263366827,1.6753737733154297,1.6822160634155277,4
PEG,Utilities,rsi2,1531166400000,1531229400000,51.22116816711425,36,49.808999633789064,,1531402200000,52.64730076217651,mean reversion or trend exit,47.601508540787016,1.843962054016113,1.8953028274383545,2
AES,Utilities,rsi2,1531166400000,1531229400000,12.602590152740477,146,12.09600019454956,,1531402200000,13.046940419197082,mean reversion or trend exit,61.13030743916134,1.8399781623001097,1.904853301202774,2
EW,Health Care,rsi2,1531339200000,1531402200000,48.63859015274047,38,46.38699951171875,,1531488600000,49.01759898376465,mean reversion or trend exit,10.691400391731642,1.848266425804138,1.8626687613830568,1
UAL,Industrials,rsi2,1531339200000,1531402200000,69.59952877807616,21,65.5339958190918,,1531488600000,70.8590703048706,mean reversion or trend exit,23.500741481941276,1.4615901043395996,1.4880404764022825,1
EXR,Real Estate,rsi2,1531425600000,1531488600000,98.97887725067137,18,95.57000427246093,,1531771200000,95.47443426818847,stop,-66.58013329203166,1.781619790512085,1.7185398168273927,2
DECK,Consumer Discretionary,rsi2,1531339200000,1531402200000,18.778760229110716,91,17.808500671386717,,1531834200000,18.78286459350586,mean reversion or trend exit,-3.04461069890007,1.7088671808490752,1.7092406780090332,3
KR,Consumer Staples,rsi2,1531339200000,1531402200000,28.078049236297606,52,26.366999435424805,,1531920600000,28.431539085388184,mean reversion or trend exit,15.442973559982441,1.4600585602874756,1.4784400324401856,4
PGR,Financials,rsi2,1531425600000,1531488600000,58.69863938903808,31,56.83499946594238,,1531920600000,59.500441371917724,mean reversion or trend exit,21.19168996567938,1.8196578210601804,1.8445136825294495,3
EXR,Real Estate,rsi2,1531771200000,1531834200000,96.80670908355712,19,93.47399978637695,,1531944000000,93.38052578659057,stop,-68.71104010489738,1.8393274725875854,1.7742299899452207,2
UNP,Industrials,rsi2,1531771200000,1531834200000,138.50836511230466,13,133.5209945678711,,1532007000000,137.2426248779297,mean reversion or trend exit,-20.03938591674752,1.8006087464599605,1.7841541234130862,2
FRT,Real Estate,rsi2,1531339200000,1531402200000,125.18505755615233,14,120.51800155639648,,1532093400000,124.20567182922363,mean reversion or trend exit,-17.202870388397027,1.7525908057861328,1.7388794056091308,6
HRL,Consumer Staples,rsi2,1531944000000,1532007000000,36.42638938903808,50,35.23399887084961,,1532093400000,37.04292182922363,mean reversion or trend exit,27.153156448364484,1.821319469451904,1.8521460914611814,1
EFX,Industrials,rsi2,1531857600000,1531920600000,126.02590152740477,14,121.99699630737305,,1532352600000,126.33353908538818,mean reversion or trend exit,0.773893643188668,1.7643626213836667,1.7686695471954346,3
WBD,Communication Services,rsi2,1531857600000,1531920600000,26.466440534591673,56,24.889999198913575,,1532439000000,26.89308007621765,mean reversion or trend exit,20.90368117684942,1.4821206699371337,1.5060124842681886,4
AMGN,Health Care,rsi2,1532376000000,1532439000000,191.44124999999997,9,184.5,,1532525400000,191.42837512207032,mean reversion or trend exit,-3.561700527465458,1.7229712499999996,1.722855376098633,1
STX,Information Technology,rsi2,1532116800000,1532352600000,56.39634015274047,32,53.724999237060544,,1532611800000,56.48346091461182,mean reversion or trend exit,-0.8242892542721696,1.804682884887695,1.8074707492675781,3
EXR,Real Estate,rsi2,1531944000000,1532007000000,94.64455305480956,19,90.98400039672852,,1532698200000,94.88502335357666,mean reversion or trend exit,0.967873724815429,1.7982465080413819,1.8028154437179564,6
CIEN,Information Technology,rsi2,1532030400000,1532093400000,26.06604091644287,71,24.957000541687012,,1532698200000,25.714259771347045,mean reversion or trend exit,-28.652862650636596,1.8506889050674438,1.8257124437656402,5
SMCI,Information Technology,rsi2,1532548800000,1532611800000,2.297295076370239,744,2.17959988117218,,1532721600000,2.177420281291008,stop,-92.51603576504795,1.7091875368194578,1.6200006892805099,2
SW,Materials,rsi2,1532030400000,1532093400000,39.87984015274047,46,39.42900047302246,,1533130200000,41.33862106704712,mean reversion or trend exit,63.367872841995705,1.8344726470260617,1.9015765690841677,8
VST,Utilities,rsi2,1532462400000,1532525400000,22.542520458221432,73,21.35600128173828,,1533130200000,22.557419923782348,mean reversion or trend exit,-2.2046346619394215,1.6456039934501645,1.6466916544361114,5
DPZ,Consumer Discretionary,rsi2,1532635200000,1532698200000,263.13286511230467,5,248.21599731445312,,1533130200000,263.2365,mean reversion or trend exit,-2.1136723870849883,1.3156643255615235,1.3161824999999998,3
LH,Health Care,rsi2,1532635200000,1532698200000,150.0984042663574,12,144.42611694335938,,1533130200000,150.66533070373535,mean reversion or trend exit,3.1939524288943866,1.8011808511962886,1.8079839684448245,3
CME,Financials,rsi2,1533067200000,1533130200000,160.0198606109619,11,153.5449966430664,,1533562200000,161.46837487792968,mean reversion or trend exit,12.397286346267741,1.760218466720581,1.7761521236572264,3
FIS,Financials,rsi2,1533067200000,1533130200000,103.37326663970946,17,100.34299545288086,,1533562200000,104.06582817077637,mean reversion or trend exit,8.247081416359286,1.757345532875061,1.7691190789031983,3
TTWO,Communication Services,rsi2,1533067200000,1533130200000,112.4523363342285,14,106.30499725341797,,1533562200000,122.67720304870605,mean reversion or trend exit,139.8563204513245,1.5743327086791992,1.7174808426818848,3
SMCI,Information Technology,rsi2,1533067200000,1533130200000,2.2122100381851193,690,2.0847999811172486,,1533562200000,2.0929050285816193,mean reversion or trend exit,-85.29098602248405,1.5264249263477323,1.4441044697213175,3
HD,Consumer Discretionary,rsi2,1532721600000,1532957400000,196.72652877807616,9,192.39300231933595,,1533735000000,197.24256243896485,mean reversion or trend exit,1.0985811270448866,1.7705387590026853,1.7751830619506836,7
ICE,Financials,rsi2,1533326400000,1533562200000,72.83276213836669,25,70.51799697875977,,1533735000000,73.66625786590576,mean reversion or trend exit,17.174917688370027,1.8208190534591673,1.8416564466476442,2
NUE,Materials,rsi2,1533326400000,1533562200000,64.32426213836669,28,61.93200149536133,,1533821400000,64.35557817077637,mean reversion or trend exit,-2.726186621185048,1.8010793398742675,1.8019561887817384,3
KKR,Financials,rsi2,1533326400000,1533562200000,26.96694053459167,68,25.957000923156738,,1533931200000,25.93104392223358,stop,-74.03803258341428,1.8337519563522338,1.7633109867118835,5
LIN,Materials,rsi2,1533672000000,1533735000000,157.56741366577145,11,150.56699829101564,,1534167000000,155.3345154876709,mean reversion or trend exit,-28.003801179793975,1.7332415503234861,1.70867967036438,3
HST,Real Estate,rsi2,1533931200000,1534167000000,20.290270458221432,90,19.440000343322755,,1534253400000,20.079900381088258,mean reversion or trend exit,-22.566622317523514,1.826124341239929,1.8071910342979431,1
EOG,Energy,rsi2,1533326400000,1533562200000,123.30318030548095,13,116.86000366210938,,1534339800000,121.34853121948242,mean reversion or trend exit,-28.590910367805357,1.6029413439712523,1.5775309058532716,7
EW,Health Care,rsi2,1533758400000,1533821400000,46.70999722671508,35,44.268999099731445,,1534426200000,46.160462184906,mean reversion or trend exit,-22.484192542724518,1.6348499029350279,1.61561617647171,5
CBRE,Real Estate,rsi2,1533931200000,1534167000000,46.90686061096191,39,45.392002487182616,,1534512600000,46.87307817077637,mean reversion or trend exit,-4.9749327797238525,1.8293675638275144,1.8280500486602782,4
TXT,Industrials,rsi2,1534190400000,1534253400000,65.56549999999999,27,62.87099838256836,,1534512600000,66.23370304870606,mean reversion or trend exit,14.482903832748981,1.7702684999999998,1.7883099823150637,3
PLD,Real Estate,rsi2,1534276800000,1534339800000,64.08401663970946,28,62.17000274658203,,1534512600000,65.66427335357666,mean reversion or trend exit,40.6142358684696,1.7943524659118648,1.8385996539001466,2
TDG,Industrials,rsi2,1533672000000,1533735000000,357.57722122192376,5,342.19301452636716,,1534858200000,356.05359365844726,mean reversion or trend exit,-11.186291891784402,1.787886106109619,1.7802679682922362,9
NFLX,Communication Services,rsi2,1534449600000,1534512600000,31.93290006828308,49,30.167498779296874,,1534858200000,33.06689847564697,mean reversion or trend exit,52.38093183217822,1.5647121033458709,1.6202780253067017,2
MPC,Energy,rsi2,1534449600000,1534512600000,77.34726663970946,19,72.95300216674805,,1534858200000,78.95096878051758,mean reversion or trend exit,27.500674202370053,1.4695980661544799,1.5000684068298342,2
PSX,Energy,rsi2,1534363200000,1534426200000,115.88576663970946,15,111.05999755859375,,1534944600000,116.91296878051757,mean reversion or trend exit,11.916051080818312,1.738286499595642,1.7536945317077637,4
NOW,Information Technology,rsi2,1534449600000,1534512600000,36.43640152740478,37,34.08619918823242,,1534944600000,36.25970543289185,mean reversion or trend exit,-9.227511454509537,1.348146856513977,1.3416091010169986,3
KLAC,Information Technology,rsi2,1534795200000,1534858200000,11.116104541778563,121,10.382800483703614,,1534944600000,11.290698045730592,mean reversion or trend exit,18.41459086510682,1.345048649555206,1.3661744635334017,1
MSFT,Information Technology,rsi2,1534881600000,1534944600000,105.9558484725952,17,102.45100250244141,,1535031000000,107.04285152435303,mean reversion or trend exit,14.858073979934797,1.8012494240341184,1.8197284759140013,1
EVRG,Utilities,rsi2,1534968000000,1535031000000,56.966909847259515,32,55.20300064086914,,1535376600000,57.37257030487061,mean reversion or trend exit,9.322271278686761,1.8229411151123045,1.8359222497558594,2
EXPE,Consumer Discretionary,rsi2,1534968000000,1535031000000,129.0088848876953,14,122.92500610351563,,1535376600000,130.2296406097412,mean reversion or trend exit,13.4612407516786,1.8061243884277343,1.823214968536377,2
AEP,Utilities,rsi2,1534968000000,1535031000000,70.77069694519042,26,68.73199768066407,,1535376600000,71.4285,mean reversion or trend exit,13.405700304474045,1.840038120574951,1.8571410000000002,2
DIS,Communication Services,rsi2,1534795200000,1534858200000,112.36224999999999,16,108.55699768066407,,1535463000000,112.45742969512939,mean reversion or trend exit,-2.074239753051625,1.797796,1.7993188751220703,5
PSA,Real Estate,rsi2,1534968000000,1535031000000,211.21099999999998,8,202.17499694824218,,1535549400000,214.57520329284668,mean reversion or trend exit,23.507336716430796,1.6896879999999999,1.7166016263427735,4
MNST,Consumer Staples,rsi2,1535140800000,1535376600000,15.272757194519041,122,14.567500019073487,,1535549400000,15.174809580802917,mean reversion or trend exit,-15.664212019956478,1.863276377731323,1.8513267688579558,2
ZTS,Health Care,rsi2,1535400000000,1535463000000,89.59951213836669,20,86.07800064086913,,1535635800000,89.68022664642334,mean reversion or trend exit,-1.9713046145629152,1.7919902427673338,1.7936045329284667,2
EIX,Utilities,rsi2,1535140800000,1535376600000,68.03797122192383,27,65.1800033569336,,1535745600000,65.11482335357667,stop,-82.52011789891178,1.8370252229919435,1.75810023054657,5
LH,Health Care,rsi2,1535140800000,1535376600000,150.493986831665,12,145.8599639892578,,1536091200000,145.71410402526854,stop,-60.91309076704086,1.8059278419799802,1.7485692483032227,6
KEY,Financials,rsi2,1535486400000,1535549400000,21.27125,87,20.60900001525879,,1536154200000,21.238740228652954,mean reversion or trend exit,-6.526719257085647,1.8505987499999998,1.847770399892807,4
FAST,Industrials,rsi2,1535486400000,1535549400000,14.707192614555357,126,14.111499881744384,,1536154200000,14.715269542694092,mean reversion or trend exit,-2.689537286332855,1.853106269433975,1.8541239623794556,4
EIX,Utilities,rsi2,1535745600000,1536067800000,65.9158484725952,27,63.47200317382813,,1536154200000,66.72321091461181,mean reversion or trend exit,18.217531330993914,1.7797279087600706,1.801526694694519,1
JBHT,Industrials,rsi2,1535572800000,1535635800000,121.05093030548095,15,117.45299987792968,,1536240600000,123.4464296951294,mean reversion or trend exit,32.26503044471759,1.8157639545822142,1.851696445426941,4
LYB,Materials,rsi2,1536091200000,1536154200000,110.61049999999999,16,107.0320037841797,,1536586200000,109.48040634155274,mean reversion or trend exit,-21.602953036620857,1.7697679999999998,1.7516865014648437,3
KKR,Financials,rsi2,1536177600000,1536240600000,25.455430305480956,73,24.49400043487549,,1536672600000,26.093880838394163,mean reversion or trend exit,42.84378918916127,1.85824641230011,1.904853301202774,3
TRGP,Energy,rsi2,1536091200000,1536154200000,54.46440984725952,33,52.18699836730957,,1536759000000,54.994949237823484,mean reversion or trend exit,13.895641038803143,1.797325524959564,1.814833324848175,5
WMB,Energy,rsi2,1536091200000,1536154200000,29.209180305480952,62,27.998001480102538,,1536845400000,28.30166992378235,mean reversion or trend exit,-59.831316379527756,1.8109691789398192,1.7547035352745057,6
AES,Utilities,rsi2,1536091200000,1536154200000,13.203189579963682,138,12.645999526977539,,1536845400000,13.216769542694092,mean reversion or trend exit,-1.7719195021303062,1.8220401620349882,1.8239141968917847,6
BX,Financials,rsi2,1536350400000,1536586200000,35.45541816711425,51,34.00499954223633,,1536845400000,35.76419923782348,mean reversion or trend exit,12.115634118518916,1.8082263265228269,1.8239741611289977,3
MPWR,Information Technology,rsi2,1536782400000,1536845400000,140.94080305480955,13,134.87299346923828,,1536868800000,134.73812047576905,stop,-84.218699533424,1.8322304397125242,1.7515955661849976,1
ACGL,Financials,rsi2,1536609600000,1536672600000,30.06003068733215,61,29.29500045776367,,1536931800000,30.369599618911742,mean reversion or trend exit,15.197497377674164,1.8336618719272613,1.8525455767536165,3
VRTX,Health Care,rsi2,1536782400000,1536845400000,179.54936511230466,10,171.91399383544922,,1536931800000,180.3294845123291,mean reversion or trend exit,4.202405503997985,1.7954936511230468,1.803294845123291,1
PSX,Energy,rsi2,1536696000000,1536759000000,113.38326663970946,16,108.34099960327148,,1537191000000,113.53635152435302,mean reversion or trend exit,-1.181355736328012,1.8141322662353514,1.8165816243896484,3
DD,Industrials,rsi2,1536868800000,1536931800000,123.8409948043823,14,118.87399520874024,,1537191000000,122.3977815170288,mean reversion or trend exit,-23.65232889144877,1.7337739272613524,1.7135689412384034,1
LITE,Information Technology,rsi2,1536868800000,1536931800000,60.51045076370239,18,55.75579986572266,,1537277400000,60.839101524353026,mean reversion or trend exit,3.7314217505265046,1.089188113746643,1.0951038274383547,2
DPZ,Consumer Discretionary,rsi2,1536955200000,1537191000000,279.17889389038083,6,268.69898681640626,,1537363800000,281.70800024414064,mean reversion or trend exit,11.809316757751674,1.6750733633422852,1.6902480014648438,2
DG,Consumer Staples,rsi2,1537214400000,1537277400000,107.60749999999999,16,103.59500045776367,,1537363800000,108.99089847564697,mean reversion or trend exit,18.6688012347414,1.72172,1.7438543756103515,1
AZO,Consumer Discretionary,rsi2,1537300800000,1537363800000,739.7389999999999,2,703.4089965820312,,1537450200000,752.8963743896485,mean reversion or trend exit,23.329478030517837,1.4794779999999998,1.505792748779297,1
MPWR,Information Technology,rsi2,1536868800000,1536931800000,137.317172668457,11,129.3949966430664,,1537536600000,135.22464060974121,mean reversion or trend exit,-26.01581259193387,1.5104888993530272,1.4874710467071535,5
SYY,Consumer Staples,rsi2,1537300800000,1537363800000,73.10302877807617,24,71.32300415039063,,1537536600000,73.17675,mean reversion or trend exit,-1.7414053645018357,1.754472690673828,1.756242,2
DECK,Consumer Discretionary,rsi2,1536955200000,1537191000000,18.96394469451904,83,17.92400016784668,,1537968600000,18.89941472053528,mean reversion or trend exit,-8.498646672101565,1.5740074096450805,1.5686514218044283,7
EVRG,Utilities,rsi2,1537387200000,1537450200000,55.845790916442866,32,54.2729995727539,,1537992000000,54.21872657318115,stop,-55.588123544042844,1.7870653093261717,1.7349992503417968,5
SW,Materials,rsi2,1536782400000,1536845400000,40.920881069183345,45,40.19000091552734,,1538055000000,40.83912106704712,holding limit at next open,-7.358400192260637,1.8414396481132507,1.8377604480171204,10
SRE,Utilities,rsi2,1537473600000,1537536600000,57.307249999999996,31,55.06400032043457,,1538055000000,55.53940621948242,mean reversion or trend exit,-58.301403538848724,1.7765247499999999,1.7217215928039553,4
LII,Industrials,rsi2,1537473600000,1537536600000,220.8105863342285,8,212.35999755859376,,1538141400000,215.97381243896484,mean reversion or trend exit,-42.18846635229484,1.766484690673828,1.7277904995117188,5
DTE,Utilities,rsi2,1537992000000,1538055000000,90.84820373535155,19,88.11574096679688,,1538400600000,92.46063894653321,mean reversion or trend exit,27.15340100149577,1.7261158709716795,1.756752139984131,2
EVRG,Utilities,rsi2,1537992000000,1538055000000,54.32427045822143,33,52.610998916625974,,1538400600000,54.90503908538818,mean reversion or trend exit,15.560797481563796,1.792700925121307,1.81186628981781,2
ROP,Information Technology,rsi2,1538078400000,1538141400000,294.24396221923826,6,286.0699890136719,,1538487000000,298.13156268310547,mean reversion or trend exit,19.77134963378923,1.7654637733154295,1.7887893760986329,2
DLR,Real Estate,rsi2,1537905600000,1537968600000,113.79368030548095,15,110.19600448608398,,1538596800000,110.0858084815979,stop,-58.97626969005198,1.7069052045822144,1.6512871272239684,6
NDSN,Industrials,rsi2,1538164800000,1538400600000,139.77963938903807,12,133.37399597167968,,1538659800000,138.73112512207032,mean reversion or trend exit,-15.924300377746215,1.6773556726684569,1.6647735014648437,3
RSG,Industrials,rsi2,1537992000000,1538055000000,73.05298336029053,24,71.37399826049804,,1538683200000,71.30262426223754,stop,-45.47315293621225,1.7532716006469728,1.711262982293701,6
SPGI,Financials,rsi2,1538164800000,1538400600000,186.0894069213867,9,178.9697296142578,,1538746200000,182.4852550506592,mean reversion or trend exit,-35.754538794296096,1.6748046622924804,1.6423672954559327,4
DRI,Consumer Discretionary,rsi2,1538424000000,1538487000000,109.42931969451904,16,104.5530014038086,,1539005400000,108.3215703048706,mean reversion or trend exit,-21.208004474365158,1.7508691151123046,1.7331451248779297,4
RSG,Industrials,rsi2,1538683200000,1538746200000,71.77169694519043,24,70.1839973449707,,1539005400000,72.14778121948243,mean reversion or trend exit,5.571955107055794,1.7225207266845703,1.7315467492675782,1
PANW,Information Technology,rsi2,1538596800000,1538659800000,37.00363384246826,41,34.94083023071289,,1539028800000,34.90588940048218,stop,-88.95581257439027,1.5171489875411988,1.4311414654197696,3
ILMN,Health Care,rsi2,1538769600000,1539005400000,320.37843850708003,5,305.8287811279297,,1539201600000,305.52295234680173,stop,-77.40693775566093,1.6018921925354002,1.5276147617340088,3
PANW,Information Technology,rsi2,1539028800000,1539091800000,35.34864493560791,48,33.64183349609375,,1539264600000,33.39657030487061,stop gap,-96.99935260693339,1.6967349569091796,1.603035374633789,2
DXCM,Health Care,rsi2,1538596800000,1538659800000,31.281249999999996,39,29.12599983215332,,1539288000000,29.096873832321165,stop,-87.54541736893495,1.2199687499999998,1.1347780794605256,6
LOW,Consumer Discretionary,rsi2,1538769600000,1539005400000,109.62951663970946,16,105.98699798583985,,1539288000000,105.88101098785401,stop,-63.42425887172826,1.7540722662353514,1.6940961758056643,4
CASY,Consumer Staples,rsi2,1538683200000,1538746200000,124.26413938903808,14,118.80099716186524,,1539351000000,125.41446091461182,SPY below SMA200,12.609000953781322,1.7396979514465332,1.7558024528045655,5
ALGN,Health Care,rsi2,1539201600000,1539264600000,312.6122877807617,3,290.7679840087891,,1539351000000,325.8038748779297,SPY below SMA200,37.65951280352792,0.937836863342285,0.977411624633789,1
GRMN,Consumer Discretionary,rsi2,1539201600000,1539264600000,64.63456969451903,26,62.39599761962891,,1539351000000,63.836101524353026,SPY below SMA200,-24.10040987600677,1.6804988120574949,1.6597386396331788,1
DPZ,Consumer Discretionary,rsi2,1539720000000,1539783000000,261.6013363342285,4,244.22701416015624,,1539955800000,265.66406268310544,SPY below SMA200,14.141843799438407,1.046405345336914,1.0626562507324218,2
APA,Energy,rsi2,1539806400000,1539869400000,42.622581832885736,36,40.430998992919925,,1539955800000,42.00794923782349,SPY below SMA200,-25.17347254078642,1.5344129459838864,1.5122861725616457,1
AZO,Consumer Discretionary,rsi2,1539806400000,1539869400000,720.3096168823241,1,676.8470275878906,,1539955800000,731.657624633789,SPY below SMA200,9.896040509948822,0.7203096168823241,0.731657624633789,1
VST,Utilities,rsi2,1539806400000,1539869400000,23.263239770889278,68,22.090999031066893,,1539955800000,22.847130838394165,SPY below SMA200,-31.430912611098993,1.5819003044204711,1.5536048970108032,1
JKHY,Financials,rsi2,1541710800000,1541773800000,142.5223848876953,11,135.3070083618164,,1542119400000,142.15770304870605,SPY below SMA200,-7.142981196182073,1.5677462337646482,1.5637347335357665,2
CBOE,Financials,rsi2,1541797200000,1542033000000,108.56845908355712,12,102.22000198364258,,1542119400000,107.892,SPY below SMA200,-10.715034511688122,1.3028215090026853,1.294704,1
ALB,Materials,rsi2,1541797200000,1542033000000,102.36226213836669,13,96.33199768066406,,1542119400000,98.28161725616455,SPY below SMA200,-55.65675390075668,1.330709407798767,1.2776610243301392,1
MCD,Consumer Discretionary,rsi2,1550005200000,1550068200000,174.17399999999998,9,168.2560012817383,,1550241000000,177.1027187805176,mean reversion or trend exit,23.196978555633862,1.5675659999999998,1.5939244690246583,2
DOC,Real Estate,rsi2,1550005200000,1550068200000,30.26022954177856,55,29.371999549865723,,1550241000000,30.889080076217653,mean reversion or trend exit,31.223567365160264,1.6643126247978208,1.698899404191971,2
SRE,Utilities,rsi2,1550005200000,1550068200000,56.84178484725952,29,55.4505012512207,,1550586600000,57.02791408538818,mean reversion or trend exit,2.0955266366844887,1.648411760570526,1.6538095084762574,3
FIS,Financials,rsi2,1550005200000,1550068200000,107.54744244384764,15,102.94000473022462,,1550586600000,108.79110152435302,mean reversion or trend exit,15.409808048057705,1.6132116366577147,1.6318665228652953,3
IRM,Real Estate,rsi2,1550005200000,1550068200000,35.795758319854734,46,34.68900032043457,,1550759400000,35.68428121948242,mean reversion or trend exit,-8.416028435935864,1.6466048827133177,1.6414769360961914,5
PPL,Utilities,rsi2,1550178000000,1550241000000,30.65062084007263,55,29.58699951171875,,1550759400000,31.07889060974121,mean reversion or trend exit,20.159714202032227,1.6857841462039946,1.7093389835357666,3
DUK,Utilities,rsi2,1550264400000,1550586600000,87.72763938903807,19,84.82700042724609,,1550759400000,88.2316796951294,mean reversion or trend exit,6.233538753136019,1.6668251483917234,1.6764019142074584,2
DPZ,Consumer Discretionary,rsi2,1550264400000,1550586600000,280.37008633422846,5,266.2019927978516,,1550759400000,261.2185309753418,stop gap,-98.46571988098104,1.4018504316711424,1.3060926548767091,2
SPG,Real Estate,rsi2,1550610000000,1550673000000,181.94175450134276,9,176.1259979248047,,1550845800000,182.42739060974122,mean reversion or trend exit,1.0914026695864434,1.637475790512085,1.6418465154876711,2
NRG,Utilities,rsi2,1550696400000,1550759400000,41.951909847259515,39,40.60500221252441,,1550845800000,42.60735152435303,mean reversion or trend exit,22.264414213154133,1.636124484043121,1.6616867094497683,1
ALLE,Industrials,rsi2,1550696400000,1550759400000,87.55747122192382,19,84.57899856567383,,1551105000000,89.60031243896485,mean reversion or trend exit,35.44798523422268,1.6635919532165526,1.702405936340332,2
GEN,Information Technology,rsi2,1550696400000,1550759400000,22.38236061096191,65,21.17199993133545,,1551191400000,22.577400381088257,mean reversion or trend exit,9.755200593729242,1.4548534397125243,1.4675310247707367,3
VEEV,Health Care,rsi2,1550782800000,1550845800000,117.44733183288572,11,110.54599685668946,,1551191400000,119.37050786590576,mean reversion or trend exit,18.549940126533752,1.291920650161743,1.3130755865249635,2
CPT,Real Estate,rsi2,1550696400000,1550759400000,96.78669244384764,17,93.53000106811524,,1551277800000,97.07282817077636,mean reversion or trend exit,1.5686955073396267,1.64537377154541,1.650238078903198,4
TSCO,Consumer Discretionary,rsi2,1551128400000,1551191400000,18.91089219856262,89,18.05119934082031,,1551450600000,19.154825786590575,mean reversion or trend exit,18.322240433809235,1.6830694056720734,1.7047794950065611,3
EW,Health Care,rsi2,1550869200000,1551105000000,57.64091539382934,29,55.17000045776367,,1551709800000,58.091851524353025,mean reversion or trend exit,9.720897544559621,1.6715865464210509,1.6846636942062378,5
TKO,Communication Services,rsi2,1551128400000,1551191400000,84.90481969451903,16,79.89000244140625,,1551709800000,85.914,mean reversion or trend exit,13.413783772583173,1.3584771151123045,1.374624,4
SBAC,Real Estate,rsi2,1551214800000,1551277800000,180.94075450134275,9,175.19200439453124,,1551709800000,182.26754695129395,mean reversion or trend exit,8.67225733648706,1.6284667905120849,1.6404079225616457,3
WELL,Real Estate,rsi2,1550782800000,1550845800000,74.81473786163329,22,71.89500122070312,,1551796200000,74.41550786590577,mean reversion or trend exit,-12.06612531201138,1.6459242329559325,1.637141173049927,7
UAL,Industrials,rsi2,1551733200000,1551796200000,84.72463938903807,20,80.7620002746582,,1552055400000,81.90800786590576,mean reversion or trend exit,-59.665283407745186,1.6944927877807616,1.6381601573181153,3
CDW,Information Technology,rsi2,1551387600000,1551450600000,94.34424999999999,17,90.6349983215332,,1552078800000,90.54436332321167,stop,-67.74117993189601,1.6038522499999999,1.5392541764945984,6
VTR,Real Estate,rsi2,1551474000000,1551709800000,62.51245076370238,27,59.885001754760744,,1552311000000,62.05787893295288,SPY below SMA200,-15.636838332046215,1.6878361706199645,1.6755627311897279,5
PCAR,Industrials,rsi2,1551474000000,1551709800000,45.45874722671508,37,43.731333541870114,,1552311000000,44.88173959350586,SPY below SMA200,-24.69188044108932,1.6819736473884581,1.660624364959717,5
LIN,Materials,rsi2,1551474000000,1551709800000,168.51835610961913,10,162.74100341796876,,1552311000000,169.31051573181153,SPY below SMA200,4.543307503509699,1.6851835610961914,1.6931051573181153,5
ARES,Financials,rsi2,1551992400000,1552055400000,22.30228068733215,64,21.077300834655762,,1552311000000,22.93204492378235,SPY below SMA200,37.40991429370145,1.4273459639892576,1.4676508751220705,1
PEG,Utilities,rsi2,1552334400000,1552397400000,58.848790916442866,28,57.291998291015624,,1552483800000,59.17076954269409,mean reversion or trend exit,5.710853842178409,1.6477661456604002,1.6567815471954346,1
TDY,Information Technology,rsi2,1552334400000,1552397400000,227.22699999999998,7,220.50699462890626,,1552570200000,229.88987512207032,mean reversion or trend exit,15.440307728637931,1.590589,1.6092291258544922,2
TSCO,Consumer Discretionary,rsi2,1552334400000,1552397400000,17.891874549865722,93,17.139199256896973,,1552570200000,18.265716396331786,mean reversion or trend exit,31.40463576334758,1.663944333137512,1.698711624858856,2
LLY,Health Care,rsi2,1552334400000,1552397400000,123.62349999999999,13,118.56400146484376,,1552915800000,123.86600786590576,mean reversion or trend exit,-0.0647613454818341,1.6071054999999999,1.610258102256775,4
NDSN,Industrials,rsi2,1552593600000,1552656600000,131.66152877807616,12,126.2399917602539,,1553002200000,133.04681268310546,mean reversion or trend exit,13.446906762817386,1.579938345336914,1.5965617521972655,2
DG,Consumer Staples,rsi2,1552593600000,1552656600000,111.92180755615233,15,107.2869987487793,,1553002200000,117.24264060974122,mean reversion or trend exit,76.37502908134488,1.678827113342285,1.7586396091461183,2
LULU,Consumer Discretionary,rsi2,1552680000000,1552915800000,141.79164389038084,11,134.68300018310546,,1553002200000,144.51534365844728,mean reversion or trend exit,26.811320585693718,1.5597080827941894,1.5896687802429201,1
BA,Industrials,rsi2,1552420800000,1552483800000,378.808422668457,3,352.6459991455078,,1553175000000,373.66596853637697,mean reversion or trend exit,-17.684785569854643,1.136425268005371,1.1209979056091308,6
HRL,Consumer Staples,rsi2,1552420800000,1552483800000,42.56252045822143,39,40.78099937438965,,1553261400000,43.106851524353026,mean reversion or trend exit,17.887806071811905,1.6599382978706358,1.681167209449768,7
VTR,Real Estate,rsi2,1552939200000,1553002200000,61.511450763702385,27,59.39799842834473,,1553261400000,63.826109390258786,mean reversion or trend exit,59.11166879286588,1.6608091706199644,1.723304953536987,3
DOC,Real Estate,rsi2,1552939200000,1553002200000,30.47044053459167,56,29.404999351501466,,1553261400000,31.708259771347045,mean reversion or trend exit,65.83587004116839,1.7063446699371336,1.7756625471954344,3
BSX,Health Care,rsi2,1552939200000,1553002200000,38.15811893081665,44,36.57800102233887,,1553693400000,37.81214847564697,mean reversion or trend exit,-18.565391793350205,1.6789572329559326,1.6637345329284667,6
CASY,Consumer Staples,rsi2,1553198400000,1553261400000,126.14601663970946,13,120.76799926757812,,1553693400000,125.81406243896484,mean reversion or trend exit,-7.590885637702811,1.639898216316223,1.635582811706543,3
REGN,Health Care,rsi2,1553198400000,1553261400000,401.8814909973144,4,382.9829986572266,,1553693400000,404.6649373168945,mean reversion or trend exit,7.907599565063539,1.6075259639892576,1.618659749267578,3
ARES,Financials,rsi2,1553284800000,1553520600000,23.083059465408322,67,21.891500663757324,,1553866200000,23.376599618911744,mean reversion or trend exit,16.55439312607981,1.5465649841823577,1.5662321744670868,4
FSLR,Information Technology,rsi2,1553630400000,1553693400000,51.03097954177856,25,47.81699829101562,,1553866200000,52.62732030487061,mean reversion or trend exit,37.31706158113506,1.275774488544464,1.3156830076217652,2
EME,Industrials,rsi2,1553630400000,1553693400000,72.72265152740478,23,69.97400360107422,,1553866200000,73.76615634155273,mean reversion or trend exit,20.631368144416857,1.67262098513031,1.6966215958557127,2
CIEN,Information Technology,rsi2,1553112000000,1553175000000,37.95791816711425,33,35.52699775695801,,1554125400000,37.58237893295288,mean reversion or trend exit,-14.885624531627517,1.2526112995147702,1.240218504787445,7
ELV,Health Care,rsi2,1553630400000,1553693400000,289.07879855346675,4,271.91298828125,,1554211800000,289.1405626831055,mean reversion or trend exit,-2.0658209263913614,1.156315194213867,1.156562250732422,4
GLW,Information Technology,rsi2,1553803200000,1553866200000,33.083049236297605,52,31.804999542236327,,1554211800000,33.975988323211666,mean reversion or trend exit,42.945762566436734,1.7203185602874755,1.7667513928070067,2
AJG,Financials,rsi2,1553803200000,1553866200000,77.63755755615233,22,74.98999710083008,,1554211800000,79.07085152435303,mean reversion or trend exit,28.084882300644303,1.7080262662353511,1.7395587335357667,2
GOOGL,Communication Services,rsi2,1553803200000,1553866200000,59.068007869720454,29,56.49789810180664,,1554211800000,59.942496128082276,mean reversion or trend exit,21.90885487655656,1.712972228221893,1.738332387714386,2
NRG,Utilities,rsi2,1554148800000,1554211800000,41.961918167114256,41,40.07299957275391,,1554471000000,42.28767182922363,mean reversion or trend exit,9.901666956634633,1.7204386448516846,1.7337945449981689,3
VZ,Communication Services,rsi2,1554235200000,1554298200000,58.83877877807617,29,56.71799926757812,,1554471000000,58.96098045730591,mean reversion or trend exit,0.12765567983636705,1.706324584564209,1.7098684332618714,2
CHTR,Communication Services,rsi2,1553889600000,1554125400000,350.1598075561523,5,334.59600830078125,,1554730200000,350.1794687805176,mean reversion or trend exit,-3.4033902598569528,1.7507990377807616,1.750897343902588,5
AEP,Utilities,rsi2,1554148800000,1554211800000,83.30322122192382,21,80.69600067138671,,1554730200000,83.29661725616455,mean reversion or trend exit,-3.637279888984489,1.7493676456604004,1.7492289623794557,4
CLX,Consumer Staples,rsi2,1554235200000,1554298200000,157.46730755615232,11,153.41800231933593,,1554730200000,152.3075467071533,stop gap,-60.16489273588551,1.7321403831176756,1.6753830137786863,3
AEE,Utilities,rsi2,1554408000000,1554471000000,71.81173786163329,24,69.61299667358398,,1554730200000,72.28764060974122,mean reversion or trend exit,7.963280871277266,1.7234817086791991,1.7349033746337892,1
HRL,Consumer Staples,rsi2,1554408000000,1554471000000,41.72168030548095,42,40.095001983642575,,1554816600000,42.25769923782349,mean reversion or trend exit,18.985661217567724,1.7523105728302,1.7748233679885865,2
COO,Health Care,rsi2,1554494400000,1554730200000,72.35478372192382,24,69.83625030517578,,1554989400000,73.20421884155273,mean reversion or trend exit,16.893026809570337,1.736514809326172,1.7569012521972656,3
NOW,Information Technology,rsi2,1554494400000,1554730200000,47.32727877807616,34,44.9015998840332,,1554989400000,48.67927264022827,mean reversion or trend exit,42.703568564949265,1.6091274784545895,1.6550952697677612,3
ERIE,Financials,rsi2,1554494400000,1554730200000,174.5343606109619,10,168.03199462890626,,1555075800000,176.0837345123291,mean reversion or trend exit,11.987558062439131,1.745343606109619,1.760837345123291,4
CLX,Consumer Staples,rsi2,1554753600000,1554816600000,153.12297122192382,11,149.1060012817383,,1555075800000,155.36448426818848,mean reversion or trend exit,21.263281498519994,1.6843526834411622,1.7090093269500732,3
MRK,Health Care,rsi2,1554494400000,1554730200000,77.32915925598144,22,75.4217529296875,,1555358400000,75.34633117675781,stop,-46.981078532439966,1.7012415036315915,1.657619285888672,6
PODD,Health Care,rsi2,1554926400000,1554989400000,93.97387725067138,14,88.28100128173828,,1555531200000,88.19272028045654,stop,-83.48652994844352,1.3156342815093993,1.2346980839263915,5
INCY,Health Care,rsi2,1555358400000,1555421400000,78.60852877807616,18,73.98200073242188,,1555531200000,73.90801873168945,stop,-87.35447869013659,1.414953518005371,1.3303443371704102,2
DRI,Consumer Discretionary,rsi2,1555012800000,1555075800000,116.61649999999999,15,112.09999618530273,,1555939800000,116.25363274383545,mean reversion or trend exit,-8.93606083362555,1.7492474999999998,1.7438044911575319,5
MRK,Health Care,rsi2,1555531200000,1555594200000,70.18461645507811,24,68.1717514038086,,1555939800000,69.73934916687011,mean reversion or trend exit,-14.044590091918778,1.6844307949218746,1.6737443800048828,1
FISV,Financials,rsi2,1554926400000,1554989400000,87.1770863342285,20,83.87300186157226,,1556026200000,85.67424213409424,mean reversion or trend exit,-33.51391057205171,1.7435417266845703,1.713484842681885,7
EBAY,Consumer Discretionary,rsi2,1555012800000,1555075800000,36.62659015274048,48,35.109999084472655,,1556026200000,36.033929695129395,mean reversion or trend exit,-31.935406918029685,1.758076327331543,1.729628625366211,6
ZBH,Health Care,rsi2,1555531200000,1555594200000,116.29093367004393,14,112.12912368774414,,1556112600000,120.3552551651001,mean reversion or trend exit,53.58745428709447,1.6280730713806149,1.6849735723114017,3
INCY,Health Care,rsi2,1555617600000,1555939800000,74.03395908355712,17,69.39399795532226,,1556112600000,74.95496878051758,mean reversion or trend exit,13.124353074638439,1.258577304420471,1.2742344692687988,2
NRG,Utilities,rsi2,1555963200000,1556026200000,41.0910492362976,41,39.564999389648435,,1556112600000,41.35860152435303,mean reversion or trend exit,7.589208129085824,1.6847330186882017,1.6957026624984741,1
NI,Utilities,rsi2,1556049600000,1556112600000,27.367340152740475,63,26.581999397277833,,1556199000000,27.352619161605833,mean reversion or trend exit,-4.374779878286234,1.72414242962265,1.7232150071811676,1
CCI,Real Estate,rsi2,1555617600000,1555939800000,122.7326106109619,13,118.4249984741211,,1556544600000,123.876,mean reversion or trend exit,11.65815011955287,1.5955239379425048,1.6103880000000002,5
PG,Consumer Staples,rsi2,1556049600000,1556112600000,103.42331969451904,16,100.88500289916992,,1556544600000,105.4644296951294,mean reversion or trend exit,29.315556019531375,1.6547731151123046,1.6874308751220704,3
NTAP,Information Technology,rsi2,1556136000000,1556199000000,73.82374999999999,23,70.62199935913085,,1556544600000,71.83809365844726,mean reversion or trend exit,-49.02031825985699,1.6979462499999998,1.6522761541442872,2
WAT,Health Care,rsi2,1556049600000,1556112600000,211.19097572326658,6,198.80800018310546,,1556631000000,212.6471406097412,mean reversion or trend exit,6.193960620849701,1.2671458543395995,1.2758828436584473,4
TPL,Energy,rsi2,1556308800000,1556544600000,93.44446347808837,14,87.88788681030273,,1556654400000,87.79999892349242,stop,-81.55992623796531,1.3082224886932372,1.229199984928894,2
GPC,Consumer Discretionary,rsi2,1555963200000,1556026200000,103.65355305480956,16,100.52200012207031,,1556740800000,100.42147812194824,stop,-54.97839942460929,1.658456848876953,1.6067436499511718,7
INTC,Information Technology,rsi2,1556308800000,1556544600000,52.222168167114255,33,49.95199890136719,,1557149400000,50.19975,mean reversion or trend exit,-70.11972281428513,1.7233315495147703,1.65659175,5
HPE,Information Technology,rsi2,1556308800000,1556544600000,15.745729541778562,109,15.256200313568115,,1557149400000,15.574410152435302,mean reversion or trend exit,-22.087708665084683,1.7162845200538634,1.697610706615448,5
NRG,Utilities,rsi2,1556913600000,1557149400000,39.379340152740475,42,38.13899879455566,,1557172800000,38.1008597957611,stop,-56.9503433909707,1.6539322864151,1.6002361114219663,1
FIX,Industrials,rsi2,1556568000000,1556631000000,52.56250831985473,31,50.04300117492676,,1557235800000,51.80814060974121,mean reversion or trend exit,-26.6208891303366,1.6294377579154966,1.6060523589019775,5
AES,Utilities,rsi2,1556740800000,1556803800000,16.876860610961913,100,16.35999927520752,,1557259200000,16.343639275932315,stop,-56.64418349164923,1.6876860610961912,1.6343639275932316,4
TPL,Energy,rsi2,1556654400000,1556717400000,88.97777438354491,13,82.82122116088867,,1557754200000,88.63349915313721,mean reversion or trend exit,-6.78452455127701,1.1567110669860838,1.1522354889907838,8
FTNT,Information Technology,rsi2,1557172800000,1557235800000,16.816799236297605,87,15.918800544738769,,1557754200000,16.133849618911743,mean reversion or trend exit,-62.28332316297323,1.4630615335578916,1.4036449168453216,4
OKE,Energy,rsi2,1557172800000,1557235800000,65.86580305480956,25,64.36100234985352,,1557754200000,67.06286725616455,mean reversion or trend exit,26.603388276100414,1.646645076370239,1.6765716814041138,4
ANET,Information Technology,rsi2,1557172800000,1557235800000,16.927536083221433,72,15.82308750152588,,1557777600000,15.807264414024354,stop,-83.01646581799137,1.2187825979919433,1.1381230378097535,5
PWR,Industrials,rsi2,1557259200000,1557322200000,37.92788938903808,43,36.46600074768067,,1557777600000,36.42953474693299,stop,-67.62661884836571,1.6308992437286374,1.5664699941181184,4
SMCI,Information Technology,rsi2,1557518400000,1557754200000,2.0060039484500884,808,1.9380000233650208,,1557777600000,1.9360620233416557,stop,-59.69826479282141,1.6208511903476714,1.564338114860058,1
BAX,Health Care,rsi2,1557518400000,1557754200000,75.29522122192382,21,72.74100341796876,,1558013400000,75.95396878051758,mean reversion or trend exit,10.657465740417681,1.5811996456604005,1.5950333443908695,3
SMCI,Information Technology,rsi2,1557777600000,1557840600000,1.9869850143194197,735,1.8840001225471497,,1558013400000,2.036961034297943,mean reversion or trend exit,33.77477433848087,1.4604339855247734,1.4971663602089882,2
ORLY,Consumer Discretionary,rsi2,1557518400000,1557754200000,24.06804462623596,67,23.18666515350342,,1558099800000,23.405903400421142,mean reversion or trend exit,-47.5442166473788,1.6125589899578092,1.5681955278282165,4
VST,Utilities,rsi2,1557777600000,1557840600000,24.574549236297603,61,23.338499069213867,,1558099800000,24.425550762176513,mean reversion or trend exit,-12.077913021293393,1.499047503414154,1.4899585964927673,3
SWK,Industrials,rsi2,1557950400000,1558013400000,135.52538938903808,9,127.14299926757812,,1558099800000,137.06279695129393,mean reversion or trend exit,11.383374383239667,1.2197285045013428,1.2335651725616454,1
AVY,Materials,rsi2,1558036800000,1558099800000,102.12201663970946,15,98.49099960327149,,1558359000000,100.67921878051757,mean reversion or trend exit,-24.68398641918167,1.531830249595642,1.5101882817077636,1
DUK,Utilities,rsi2,1558036800000,1558099800000,85.78569694519042,18,83.86099624633789,,1558359000000,87.22268756103516,mean reversion or trend exit,22.751680164093166,1.5441425450134278,1.570008376098633,1
WST,Health Care,rsi2,1557950400000,1558013400000,116.94683183288574,12,110.86100006103516,,1558445400000,118.12175786590576,mean reversion or trend exit,11.278289319854846,1.4033619819946288,1.4174610943908692,3
CBRE,Real Estate,rsi2,1558036800000,1558099800000,47.24720076370239,33,45.723999404907225,,1558618200000,46.93301954269409,mean reversion or trend exit,-13.4759275633849,1.559157625202179,1.5487896449089051,4
CCI,Real Estate,rsi2,1558382400000,1558445400000,124.17405305480956,12,119.66499938964844,,1558618200000,126.32354695129395,mean reversion or trend exit,22.7879555577394,1.4900886366577146,1.5158825634155273,2
PWR,Industrials,rsi2,1557777600000,1557840600000,35.51547954177856,43,33.779001235961914,,1559050200000,35.264699237823486,mean reversion or trend exit,-13.827100757591118,1.5271656202964783,1.51638206722641,9
EW,Health Care,rsi2,1558123200000,1558359000000,57.42403536987304,27,54.81066970825195,,1559309400000,56.20373832321167,mean reversion or trend exit,-36.01597014957033,1.550448954986572,1.517500934726715,8
KEYS,Information Technology,rsi2,1558382400000,1558445400000,75.54547122192382,12,69.12939910888672,,1559309400000,78.50142182922363,mean reversion or trend exit,33.62284457098397,0.9065456546630858,0.9420170619506836,7
DLTR,Consumer Staples,rsi2,1558641600000,1558704600000,98.22812725067138,14,93.09100112915038,,1559309400000,97.47242969512939,mean reversion or trend exit,-13.319573574829006,1.3751937815093993,1.3646140157318114,4
TER,Information Technology,rsi2,1558728000000,1559050200000,41.92188106918334,27,39.170999145507814,,1559309400000,41.97798045730591,mean reversion or trend exit,-0.7506127819058623,1.1318907888679504,1.1334054723472595,3
F,Consumer Discretionary,rsi2,1558555200000,1558618200000,9.859850381851196,161,9.449000358581543,,1559332800000,9.439551358222962,stop,-70.77534648429754,1.5874359114780425,1.5197677686738968,6
ITW,Industrials,rsi2,1559246400000,1559309400000,139.88975,11,134.1959976196289,,1559568600000,139.83003121948244,SPY below SMA200,-3.7338241791074287,1.53878725,1.5381303434143068,1
HSIC,Health Care,rsi2,1559246400000,1559309400000,64.87480755615233,23,61.65299911499024,,1559568600000,64.16577335357665,SPY below SMA200,-19.2757200201644,1.4921205737915035,1.475812787132263,1
CMCSA,Communication Services,rsi2,1559246400000,1559309400000,38.829795185089104,40,37.60918655395508,,1559568600000,38.415155857086184,SPY below SMA200,-19.675371161803817,1.5531918074035642,1.5366062342834472,1
CASY,Consumer Staples,rsi2,1559246400000,1559309400000,129.56944244384763,12,125.16000366210938,,1559568600000,129.04082817077636,SPY below SMA200,-9.446694524230725,1.5548333093261717,1.5484899380493165,1
VICI,Real Estate,rsi2,1559678400000,1559741400000,21.941920076370238,71,21.13000030517578,,1559827800000,22.39758007621765,mean reversion or trend exit,29.20375547833256,1.557876325422287,1.590228185411453,1
KDP,Consumer Staples,rsi2,1559678400000,1559741400000,28.22820076370239,53,26.835999488830566,,1559827800000,28.351619161605836,mean reversion or trend exit,3.5424446328413133,1.4960946404762268,1.5026358155651094,1
VTR,Real Estate,rsi2,1559678400000,1559741400000,62.64258183288573,25,60.01000328063965,,1559827800000,64.12581243896484,mean reversion or trend exit,33.911555295181515,1.5660645458221434,1.603145310974121,1
NCLH,Consumer Discretionary,rsi2,1559764800000,1559827800000,52.1020492362976,28,49.42100067138672,,1559914200000,51.64830076217651,mean reversion or trend exit,-15.609967075347845,1.4588573786163328,1.4461524213409422,1
AMCR,Materials,rsi2,1559678400000,1559741400000,55.805749999999996,28,55.47999992370605,,1560283200000,55.42451992378235,stop,-13.788889691960042,1.5625609999999999,1.5518865578659058,5
ECHO,Communication Services,rsi2,1560196800000,1560259800000,35.018775142669675,38,33.034036827087405,,1560346200000,34.843566226959226,mean reversion or trend exit,-9.312707769042971,1.3307134554214477,1.3240555166244505,1
SMCI,Information Technology,rsi2,1559851200000,1559914200000,1.8318300429582595,575,1.6991000533103944,,1560519000000,1.728270019054413,mean reversion or trend exit,-61.59407128036905,1.053302274700999,0.9937552609562874,5
D,Utilities,rsi2,1560283200000,1560346200000,74.27419694519043,21,71.30900421142579,,1560519000000,76.07385152435303,mean reversion or trend exit,34.63543714455432,1.5597581358489991,1.5975508820114137,2
NOC,Industrials,rsi2,1560283200000,1560346200000,301.50121221923825,5,286.9610076904297,,1560778200000,310.5391560974121,mean reversion or trend exit,42.129517549285985,1.5075060610961915,1.5526957804870607,3
LHX,Industrials,rsi2,1560283200000,1560346200000,188.95877427673338,8,180.9209991455078,,1560864600000,191.96784365844726,mean reversion or trend exit,21.02514211022964,1.511670194213867,1.5357427492675781,4
TMUS,Communication Services,rsi2,1560456000000,1560519000000,74.74466816711426,18,70.77599563598633,,1560864600000,75.86406243896484,mean reversion or trend exit,17.43813974240103,1.3454040270080565,1.3655531239013672,2
NFLX,Communication Services,rsi2,1560542400000,1560778200000,34.30327000808715,32,31.965700149536133,,1560864600000,35.52144220733643,mean reversion or trend exit,36.74711958508321,1.0977046402587889,1.1366861506347656,1
MNST,Consumer Staples,rsi2,1560456000000,1560519000000,15.217702843666075,104,14.514999771118164,,1560951000000,15.479504885673522,mean reversion or trend exit,24.03490276492323,1.5826410957412718,1.6098685081100463,3
MKC,Consumer Staples,rsi2,1560888000000,1560951000000,76.89181744384764,20,74.1979995727539,,1561037400000,78.01190634155273,mean reversion or trend exit,19.30370347839375,1.5378363488769529,1.5602381268310546,1
CBOE,Financials,rsi2,1560283200000,1560346200000,107.67756969451904,14,102.88099822998046,,1561123800000,107.2526406097412,mean reversion or trend exit,-8.95803013114926,1.5074859757232666,1.5015369685363769,7
NSC,Industrials,rsi2,1560801600000,1560864600000,192.51232733154293,7,182.26800231933595,,1561123800000,196.3134845123291,mean reversion or trend exit,23.886319582596034,1.3475862913208005,1.3741943915863037,3
UNP,Industrials,rsi2,1560801600000,1560864600000,166.08591816711424,9,158.47901458740233,,1561123800000,167.46237487792968,mean reversion or trend exit,9.386175759933497,1.494773263504028,1.5071613739013672,3
USB,Financials,rsi2,1560801600000,1560864600000,51.6115613746643,31,49.92199859619141,,1561123800000,52.1278203048706,mean reversion or trend exit,12.788106004329887,1.5999584026145934,1.615962429450989,3
RCL,Consumer Discretionary,rsi2,1561060800000,1561123800000,118.4783606109619,13,113.19699783325196,,1561383000000,114.47540634155274,mean reversion or trend exit,-55.066804472701754,1.5402186879425046,1.4881802824401857,1
SYY,Consumer Staples,rsi2,1560974400000,1561037400000,71.27119694519043,22,68.52899703979492,,1561469400000,71.05886725616455,mean reversion or trend exit,-7.802514570999138,1.5679663327941895,1.56329507963562,3
ARE,Real Estate,rsi2,1561147200000,1561383000000,146.13599549865722,10,140.8560012817383,,1561579200000,140.71514528045654,stop,-57.07701358979797,1.4613599549865721,1.4071514528045654,3
BR,Industrials,rsi2,1561147200000,1561383000000,129.4893606109619,12,124.61200256347657,,1561728600000,128.84103121948243,mean reversion or trend exit,-10.879917399719075,1.553872327331543,1.5460923746337891,4
FICO,Information Technology,rsi2,1561406400000,1561469400000,300.29999999999995,5,286.8119873046875,,1561728600000,302.697,mean reversion or trend exit,8.970015000000242,1.5014999999999998,1.5134850000000002,3
HSIC,Health Care,rsi2,1561147200000,1561383000000,70.11004091644287,22,67.21699981689453,,1561987800000,70.20971878051758,mean reversion or trend exit,-0.8941217036895828,1.5424209001617433,1.5446138131713867,5
PSA,Real Estate,rsi2,1561579200000,1561642200000,235.19496672058102,6,226.5189987182617,,1561987800000,239.1306251220703,mean reversion or trend exit,20.767996857879844,1.411169800323486,1.434783750732422,2
ORLY,Consumer Discretionary,rsi2,1561060800000,1561123800000,25.06370634651184,64,24.07406692504883,,1562074200000,24.934374086380004,mean reversion or trend exit,-11.477141796142572,1.6040772061767579,1.5957999415283202,7
FE,Utilities,rsi2,1561665600000,1561728600000,42.49245076370239,37,41.107998275756835,,1562160600000,43.59635939025879,mean reversion or trend exit,37.65933320689037,1.5722206782569883,1.6130652974395754,3
EXC,Utilities,rsi2,1561665600000,1561728600000,33.9783108215332,46,32.635518646240236,,1562160600000,34.82961458587646,mean reversion or trend exit,35.9948085910493,1.5630022977905271,1.6021622709503174,3
CCI,Real Estate,rsi2,1561752000000,1561987800000,130.9708363342285,12,126.15800476074219,,1562160600000,133.45640634155274,mean reversion or trend exit,26.653713175781526,1.5716500360107422,1.6014768760986329,2
AMT,Real Estate,rsi2,1561752000000,1561987800000,205.20499999999998,7,197.48299713134764,,1562160600000,206.20359365844726,mean reversion or trend exit,4.1102954535218075,1.436435,1.4434251556091309,2
ROST,Consumer Discretionary,rsi2,1562011200000,1562074200000,98.88879091644286,16,94.71100311279297,,1562333400000,98.7611406097412,mean reversion or trend exit,-5.204803811645401,1.5822206546630857,1.5801782497558594,2
SNA,Industrials,rsi2,1562356800000,1562592600000,161.2711106109619,9,155.10599365234376,,1562679000000,158.4913439025879,mean reversion or trend exit,-27.895762465988057,1.451439995498657,1.426422095123291,1
APTV,Consumer Discretionary,rsi2,1562616000000,1562679000000,76.30623336029052,20,73.0109962463379,,1562765400000,76.28364060974121,mean reversion or trend exit,-3.5036524903867856,1.5261246672058106,1.5256728121948242,1
SMCI,Information Technology,rsi2,1562184000000,1562333400000,1.89188998568058,800,1.7964999437332154,,1562851800000,1.9380600571632385,mean reversion or trend exit,33.87209715185175,1.5135119885444641,1.550448045730591,4
DE,Industrials,rsi2,1562356800000,1562592600000,163.20303327941892,9,157.4020004272461,,1563197400000,166.73309390258788,mean reversion or trend exit,28.801120463882615,1.4688272995147702,1.5005978451232909,5
GE,Industrials,rsi2,1562616000000,1562679000000,50.48988494110107,31,48.36604614257813,,1563197400000,51.03629588699341,mean reversion or trend exit,13.79142771699162,1.5651864331741332,1.5821251724967955,4
NWS,Communication Services,rsi2,1562616000000,1562679000000,13.693680305480955,116,13.188000011444093,,1563197400000,13.726259771347046,mean reversion or trend exit,0.5985049915544767,1.5884669154357907,1.5922461334762572,4
AMCR,Materials,rsi2,1562702400000,1562765400000,55.20515152740478,28,52.49999847412109,,1563197400000,54.945,mean reversion or trend exit,-10.368447010101171,1.5457442427673338,1.5384600000000002,3
QCOM,Information Technology,rsi2,1562788800000,1562851800000,74.59451663970947,19,70.64199981689453,,1563283800000,75.03489060974121,mean reversion or trend exit,5.524146692863555,1.4172958161544797,1.4256629215850831,3
VMC,Materials,rsi2,1563220800000,1563283800000,135.31517266845702,11,129.7560073852539,,1563370200000,137.7521093902588,mean reversion or trend exit,23.80256383717361,1.4884668993530272,1.5152732032928469,1
SJM,Consumer Staples,rsi2,1562961600000,1563197400000,114.38426663970947,14,109.84099578857422,,1563456600000,116.21367182922363,mean reversion or trend exit,22.383301514633203,1.6013797329559325,1.6269914056091308,3
KDP,Consumer Staples,rsi2,1562961600000,1563197400000,28.84881969451904,55,27.480999374389647,,1563480000000,27.453518375015257,stop,-79.83820116653247,1.5866850831985473,1.509943510625839,4
CRL,Health Care,rsi2,1562961600000,1563197400000,135.30516816711423,11,129.35099182128906,,1563543000000,137.7521093902588,mean reversion or trend exit,23.91272340145909,1.4883568498382564,1.5152732032928469,4
TMO,Health Care,rsi2,1562961600000,1563197400000,291.1008075561523,5,281.45399475097656,,1563543000000,295.2344687805176,mean reversion or trend exit,17.73662974014321,1.4555040377807613,1.476172343902588,4
FSLR,Information Technology,rsi2,1563307200000,1563370200000,64.64458183288573,24,61.469997787475585,,1563543000000,65.95397664642334,mean reversion or trend exit,28.291110121399175,1.5514699639892577,1.5828954395141603,2
REG,Real Estate,rsi2,1563393600000,1563456600000,66.49643030548096,24,63.86800079345703,,1563888600000,64.63529695129394,mean reversion or trend exit,-47.814361954651034,1.595914327331543,1.5512471268310546,3
KMI,Energy,rsi2,1563480000000,1563543000000,20.480459083557125,79,19.802000045776367,,1563888600000,20.769210914611815,mean reversion or trend exit,19.552670723465123,1.617956267601013,1.6407676622543335,2
LMT,Industrials,rsi2,1563480000000,1563543000000,357.9976546630859,4,346.8509948730469,,1563975000000,357.84181219482423,mean reversion or trend exit,-3.4867277404782535,1.4319906186523434,1.431367248779297,3
CCI,Real Estate,rsi2,1563480000000,1563543000000,127.65752877807616,12,121.97300338745117,,1563975000000,127.73214060974121,mean reversion or trend exit,-2.1693340526731797,1.531890345336914,1.5327856873168944,3
KDP,Consumer Staples,rsi2,1563480000000,1563543000000,27.917889389038084,58,26.807999229431154,,1564061400000,27.622349618911745,mean reversion or trend exit,-20.362640529788774,1.6192375845642089,1.6020962778968812,4
T,Communication Services,rsi2,1563825600000,1563888600000,24.306758901596066,66,23.645014762878418,,1564061400000,25.33717484664917,mean reversion or trend exit,64.73095274612066,1.6042460875053404,1.6722535398788452,2
ESS,Real Estate,rsi2,1563825600000,1563888600000,292.7624712219238,5,282.29799499511716,,1564147800000,299.1005939025879,mean reversion or trend exit,28.731298077697794,1.463812356109619,1.4955029695129394,3
TPL,Energy,rsi2,1563998400000,1564061400000,83.78369694519041,15,78.78477554321289,,1564493400000,81.59277165985107,mean reversion or trend exit,-35.34452630916582,1.256755454177856,1.2238915748977661,3
DLTR,Consumer Staples,rsi2,1563912000000,1563975000000,105.42531969451903,15,101.54999694824218,,1564516800000,101.44844695129395,stop,-62.756197648063505,1.5813797954177855,1.5217267042694091,5
TT,Industrials,rsi2,1564084800000,1564147800000,95.2464345474243,17,92.00232696533203,,1564579800000,97.79194933319091,mean reversion or trend exit,39.99209883206197,1.619189387306213,1.6624631386642454,3
D,Utilities,rsi2,1563912000000,1563975000000,75.73566366577148,21,73.35799942016601,,1564666200000,74.53539060974121,mean reversion or trend exit,-28.361426316421426,1.5904489369812012,1.5652432028045655,6
FTNT,Information Technology,rsi2,1564430400000,1564493400000,16.442426595687863,98,15.851599597930909,,1564689600000,15.835747998332977,stop,-62.61776365099288,1.6113578063774106,1.5519033038366317,3
NDAQ,Financials,rsi2,1563998400000,1564061400000,32.77607524108886,49,31.512001037597656,,1564752600000,32.540760406494144,mean reversion or trend exit,-14.730951841872729,1.6060276868133543,1.5944972599182132,6
CME,Financials,rsi2,1564603200000,1564666200000,194.24405305480954,8,188.3260025024414,,1564752600000,200.97881268310547,mean reversion or trend exit,50.71629410046414,1.5539524244384764,1.6078305014648437,1
MTD,Health Care,rsi2,1564516800000,1564579800000,760.1693831176757,2,724.861962890625,,1564776000000,724.1371009277344,stop,-75.03317734797336,1.5203387662353514,1.4482742018554688,3
DECK,Consumer Discretionary,rsi2,1564516800000,1564579800000,25.97094469451904,47,24.352665901184082,,1564776000000,24.3283132352829,stop,-79.56774370679938,1.2206344006423948,1.1434307220582962,3
HII,Industrials,rsi2,1564689600000,1564752600000,215.02480755615233,7,205.3509948730469,,1564776000000,205.14564387817384,stop,-72.09533890588966,1.5051736528930661,1.436019507147217,1
AMZN,Consumer Discretionary,rsi2,1564689600000,1564752600000,92.34575539398192,17,89.35229949951172,,1565011800000,88.42249058532715,stop gap,-69.76856192877923,1.5698778416976928,1.5031823399505615,1
CMI,Industrials,rsi2,1564689600000,1564752600000,158.75860610961914,10,152.03899536132812,,1565035200000,151.8869563659668,stop,-71.82295306127926,1.5875860610961914,1.518869563659668,2
L,Financials,rsi2,1564776000000,1565011800000,52.712659847259516,29,51.2619987487793,,1565035200000,51.21073675003052,stop,-46.5695483209623,1.528667135570526,1.4851113657508852,1
F,Consumer Discretionary,rsi2,1564776000000,1565011800000,9.189180305480956,168,8.85799961090088,,1565098200000,9.410580076217652,mean reversion or trend exit,34.07040173963951,1.5437822913208006,1.5809774528045655,1
APO,Financials,rsi2,1564776000000,1565011800000,31.4313996181488,34,29.26100082397461,,1565184600000,32.41755076217651,mean reversion or trend exit,31.358274584011145,1.068667587017059,1.1021967259140013,2
TGT,Consumer Staples,rsi2,1564776000000,1565011800000,81.38130305480956,19,77.89999694824219,,1565271000000,83.64627335357666,mean reversion or trend exit,39.89891172481549,1.5462447580413818,1.5892791937179567,3
SNPS,Information Technology,rsi2,1565035200000,1565098200000,125.9958727493286,11,119.84399642944337,,1565357400000,130.91895304870604,mean reversion or trend exit,51.32782020937353,1.3859546002426146,1.4401084835357665,3
L,Financials,rsi2,1565035200000,1565098200000,50.88083183288574,30,49.32000160217285,,1565357400000,51.39855076217651,mean reversion or trend exit,12.463186400871313,1.5264249549865723,1.5419565228652956,3
AZO,Consumer Discretionary,rsi2,1565035200000,1565098200000,1063.6525557861328,1,1022.7010620117187,,1565357400000,1086.0428748779298,mean reversion or trend exit,20.240623661132922,1.0636525557861327,1.0860428748779298,3
QCOM,Information Technology,rsi2,1565121600000,1565184600000,67.32726213836669,21,63.91899871826172,,1565357400000,70.43949213409424,mean reversion or trend exit,62.46372807055679,1.4138725049057004,1.479229334815979,2
MAR,Consumer Discretionary,rsi2,1565208000000,1565271000000,129.2391106109619,10,122.0589973449707,,1565616600000,131.06879695129393,mean reversion or trend exit,15.6937843276979,1.292391106109619,1.3106879695129394,2
PYPL,Financials,rsi2,1565640000000,1565703000000,103.49338938903807,11,96.76150131225586,,1565789400000,104.06582817077637,mean reversion or trend exit,4.01367520596333,1.138427283279419,1.1447241098785401,1
IBM,Information Technology,rsi2,1565380800000,1565616600000,129.823770614624,12,123.82313385009766,,1565875800000,125.32388385772705,mean reversion or trend exit,-57.06041293643168,1.5578852473754883,1.5038866062927245,3
GS,Financials,rsi2,1565640000000,1565703000000,201.71150450134274,7,191.9980010986328,,1565875800000,195.71409365844727,mean reversion or trend exit,-44.763855087386865,1.4119805315093994,1.3699986556091308,2
CF,Materials,rsi2,1565812800000,1565875800000,47.5975492362976,19,43.80600128173828,,1566221400000,48.511441371917726,mean reversion or trend exit,15.53787975522626,0.9043534354896544,0.9217173860664368,2
ZBH,Health Care,rsi2,1565812800000,1565875800000,130.71310205078123,10,123.71068267822265,,1566221400000,134.26365797424316,mean reversion or trend exit,32.85579163436904,1.3071310205078124,1.3426365797424318,2
ALLE,Industrials,rsi2,1565640000000,1565703000000,96.7066106109619,16,92.52900085449218,,1566307800000,95.9739296951294,mean reversion or trend exit,-14.805783298217515,1.5473057697753905,1.5355828751220704,5
KIM,Real Estate,rsi2,1565812800000,1565875800000,18.458440534591674,84,17.611000061035156,,1566307800000,18.92106053352356,mean reversion or trend exit,35.72020182055665,1.5505090049057006,1.5893690848159792,3
DVA,Health Care,rsi2,1566244800000,1566307800000,57.217159847259516,27,54.47700080871582,,1566590400000,54.422523807907105,stop,-78.46944452120461,1.544863315876007,1.469408142813492,4
FERG,Industrials,rsi2,1565380800000,1565616600000,72.67259847259521,21,71.50499801635742,,1566826200000,72.927,holding limit at next open,2.284840507576196,1.5261245679244995,1.5314670000000001,10
MKC,Consumer Staples,rsi2,1566331200000,1566394200000,80.61052877807616,19,76.84149703979492,,1566912600000,80.56435164642333,mean reversion or trend exit,-3.939688229469178,1.531600046783447,1.5307226812820434,4
COR,Health Care,rsi2,1566590400000,1566826200000,84.49441366577148,10,77.35499954223633,,1566912600000,85.85406243896485,mean reversion or trend exit,11.893002970886343,0.8449441366577148,0.8585406243896484,1
ADI,Information Technology,rsi2,1566590400000,1566826200000,105.67556969451903,8,97.25799713134765,,1566999000000,106.33356243896485,mean reversion or trend exit,3.567868898498694,0.8454045575561522,0.8506684995117187,2
HAS,Consumer Discretionary,rsi2,1566590400000,1566826200000,105.59548786163329,8,96.68899917602539,,1567085400000,109.37052335357666,mean reversion or trend exit,28.480555845825283,0.8447639028930664,0.8749641868286133,3
COO,Health Care,rsi2,1566504000000,1566567000000,82.59000719451903,19,79.08800201416015,,1567171800000,75.8765468902588,stop gap,-130.5666103085553,1.5692101366958617,1.441654390914917,5
MRVL,Information Technology,rsi2,1566849600000,1566912600000,23.96394053459167,35,21.824000358581543,,1567171800000,24.075900381088257,mean reversion or trend exit,2.237200195331692,0.8387379187107086,0.842656513338089,3
ITW,Industrials,rsi2,1566849600000,1566912600000,146.76661511230466,8,137.66800231933593,,1567171800000,149.54031243896483,mean reversion or trend exit,19.8191231928712,1.1741329208984372,1.1963224995117188,3
TDG,Industrials,rsi2,1566936000000,1566999000000,513.0925971069336,1,474.835009765625,,1567171800000,529.2102502441406,mean reversion or trend exit,15.075350289855997,0.5130925971069336,0.5292102502441407,2
ERIE,Financials,rsi2,1567022400000,1567085400000,212.13191816711424,4,195.74299163818358,,1567171800000,217.19259365844727,mean reversion or trend exit,18.52540391802987,0.848527672668457,0.868770374633789,1
FERG,Industrials,rsi2,1567108800000,1567171800000,71.04097122192383,21,70.44800109863282,,1567603800000,75.38453908538818,mean reversion or trend exit,88.13998941629796,1.4918603956604004,1.5830753207931518,2
EG,Financials,rsi2,1567195200000,1567517400000,237.38714389038083,6,225.67000274658204,,1567603800000,240.50925,mean reversion or trend exit,15.865258294372804,1.424322863342285,1.4430555,1
NEE,Utilities,rsi2,1567195200000,1567517400000,54.75720188903808,28,53.12100067138672,,1567603800000,56.34110158538818,mean reversion or trend exit,41.23843900051891,1.5332016528930663,1.577550844390869,1
LYV,Communication Services,rsi2,1567108800000,1567171800000,69.28922122192382,19,65.40800094604492,,1567690200000,70.929,mean reversion or trend exit,28.491650580230818,1.3164952032165527,1.3476510000000002,3
CBOE,Financials,rsi2,1567108800000,1567171800000,120.19006969451902,10,113.20100402832031,,1567776600000,120.22964847564697,mean reversion or trend exit,-2.0084093704222266,1.2019006969451902,1.2022964847564697,4
SW,Materials,rsi2,1567540800000,1567603800000,29.179149618148802,54,28.202998924255372,,1568035800000,31.758210914611816,mean reversion or trend exit,135.97869254023365,1.5756740793800352,1.714943389389038,3
IQV,Health Care,rsi2,1567627200000,1567690200000,153.12297122192382,8,144.45800323486327,,1568035800000,154.74509390258788,mean reversion or trend exit,10.514036924316411,1.2249837697753905,1.2379607512207031,2
DXCM,Health Care,rsi2,1567800000000,1568035800000,40.05501438903808,31,37.5655014038086,,1568059200000,37.527935902404785,stop,-80.74450454466682,1.2417054460601806,1.1633660129745484,1
CHD,Consumer Staples,rsi2,1567800000000,1568035800000,75.61554091644287,21,72.91600189208984,,1568059200000,72.84308589019774,stop,-61.3391867140871,1.5879263592453003,1.5297048036941525,1
TSN,Consumer Staples,rsi2,1567627200000,1567690200000,86.49641366577147,14,81.35299758911133,,1568145600000,81.27164459152222,stop,-75.49551985509164,1.2109497913208007,1.137803024281311,4
MSI,Information Technology,rsi2,1567713600000,1567776600000,174.45427877807614,9,167.04700622558593,,1568145600000,166.87995921936036,stop,-71.24088417041901,1.5700885090026853,1.5019196329742432,3
CHD,Consumer Staples,rsi2,1568059200000,1568122200000,73.06298786163329,21,70.50299911499023,,1568232000000,70.43249611587524,stop,-58.25373182444673,1.5343227450942991,1.4790824184333802,2
COO,Health Care,rsi2,1567540800000,1567603800000,75.25518030548095,15,70.40475234985351,,1568381400000,75.9314921951294,mean reversion or trend exit,7.87687825721753,1.1288277045822142,1.1389723829269411,7
CBOE,Financials,rsi2,1568145600000,1568208600000,115.56544694519042,13,110.20300674438477,,1568404800000,110.09280373764038,stop,-74.07791895702726,1.5023508102874756,1.431206448589325,3
DXCM,Health Care,rsi2,1568059200000,1568122200000,35.98595076370239,29,33.46049880981445,,1568640600000,36.33612887191772,mean reversion or trend exit,8.05782482881163,1.0435925721473693,1.053747737285614,4
BALL,Materials,rsi2,1568145600000,1568208600000,71.51144244384764,21,68.32499923706055,,1568813400000,74.925,mean reversion or trend exit,68.60954338787866,1.5017402913208004,1.573425,5
RSG,Industrials,rsi2,1568232000000,1568295000000,85.67558633422851,18,82.74799423217773,,1568813400000,85.64427335357666,mean reversion or trend exit,-3.647391126113748,1.5421605540161132,1.54159692036438,4
AMGN,Health Care,rsi2,1568318400000,1568381400000,194.60441366577146,7,185.00800018310548,,1568813400000,196.1636406097412,mean reversion or trend exit,8.179212227859644,1.3622308956604001,1.3731454842681885,3
CBOE,Financials,rsi2,1568404800000,1568640600000,111.83172122192381,12,105.93500061035157,,1568813400000,114.3855,mean reversion or trend exit,27.93073868225106,1.3419806546630857,1.372626,2
WELL,Real Estate,rsi2,1568404800000,1568640600000,86.1860984725952,17,81.93200073242187,,1568813400000,89.65025786590576,mean reversion or trend exit,55.90149162852488,1.4651636740341185,1.524054383720398,2
EL,Consumer Staples,rsi2,1568750400000,1568813400000,191.6414469451904,8,182.41999206542968,,1568986200000,192.57723426818848,mean reversion or trend exit,4.412549134277504,1.5331315755615234,1.5406178741455079,2
FERG,Industrials,rsi2,1568750400000,1568813400000,75.17509847259521,20,73.44199905395507,,1569331800000,75.46446091461182,mean reversion or trend exit,2.7744576525880698,1.5035019694519043,1.5092892182922364,4
WSM,Consumer Discretionary,rsi2,1568836800000,1568899800000,32.707674236297606,33,30.465499114990234,,1569331800000,33.741226524353024,mean reversion or trend exit,31.914411780727324,1.079353249797821,1.1134604753036499,3
COHR,Information Technology,rsi2,1569268800000,1569331800000,37.51747954177856,22,34.17899932861328,,1569418200000,36.47348832321167,mean reversion or trend exit,-24.595608101501465,0.8253845499191285,0.8024167431106568,1
SWKS,Information Technology,rsi2,1568923200000,1568986200000,79.92984847259521,15,75.19799880981445,,1569504600000,79.62029695129395,mean reversion or trend exit,-7.036525000877222,1.1989477270889282,1.1943044542694092,4
BDX,Health Care,rsi2,1569355200000,1569418200000,192.62992222595213,8,185.1771682739258,,1569504600000,195.2562999572754,mean reversion or trend exit,17.907932073120254,1.541039377807617,1.5620503996582031,1
LOW,Consumer Discretionary,rsi2,1569268800000,1569331800000,111.37126213836669,13,106.06700210571289,,1569591000000,111.36852335357666,mean reversion or trend exit,-2.9312214136655985,1.447826407798767,1.4477908035964966,3
WAT,Health Care,rsi2,1569441600000,1569504600000,220.7205,7,210.70299682617187,,1569591000000,218.50128121948242,mean reversion or trend exit,-18.60908393215933,1.5450435,1.529508968536377,1
GPN,Financials,rsi2,1568750400000,1568813400000,164.41424999999998,8,155.6310073852539,,1569614400000,155.47537637786863,stop,-74.07010598807378,1.3153139999999999,1.243803011022949,8
UPS,Industrials,rsi2,1568836800000,1568899800000,120.7306106109619,13,116.27300109863282,,1569850200000,119.19068756103516,mean reversion or trend exit,-23.137976525283605,1.5694979379425047,1.549478938293457,7
MGM,Consumer Discretionary,rsi2,1569528000000,1569591000000,27.897870840072628,45,26.27300033569336,,1569850200000,27.372599618911742,mean reversion or trend exit,-26.12437612289413,1.2554041878032682,1.2317669828510285,1
UHS,Health Care,rsi2,1569528000000,1569591000000,147.4172742767334,9,140.0489990234375,,1569936600000,148.31154670715333,mean reversion or trend exit,5.386892484924404,1.3267554684906007,1.33480392036438,2
HWM,Industrials,rsi2,1569614400000,1569850200000,20.0353523273468,76,19.363497161865233,,1569960000000,19.344133664703367,stop,-55.5254592962967,1.5226867768783567,1.470154158517456,2
SW,Materials,rsi2,1569873600000,1569936600000,29.909879159927364,51,29.26299915313721,,1570109400000,28.531439466476442,stop gap,-73.28093161594359,1.5254038371562957,1.4551034127902986,2
EBAY,Consumer Discretionary,rsi2,1569441600000,1569504600000,39.129090152740474,39,37.534000396728516,,1570132800000,37.49646639633179,stop,-66.66072320535248,1.5260345159568784,1.4623621894569399,6
SYK,Health Care,rsi2,1569614400000,1569850200000,214.42421672058103,7,205.7740020751953,,1570195800000,213.75603121948242,mean reversion or trend exit,-7.674560243270683,1.5009695170440673,1.4962922185363772,4
CPRT,Industrials,rsi2,1569614400000,1569850200000,19.94742727088928,77,19.026499366760255,,1570455000000,19.87010939025879,mean reversion or trend exit,-9.019427131456007,1.5359518998584745,1.5299984230499268,5
AIG,Financials,rsi2,1570132800000,1570195800000,53.24318862533569,28,51.14599838256836,,1570455000000,54.16578121948242,mean reversion or trend exit,22.825141480453482,1.4908092815093994,1.5166418741455077,1
FERG,Industrials,rsi2,1569960000000,1570023000000,74.02394694519042,20,72.80899658203126,,1570541400000,78.4215,mean reversion or trend exit,84.90215215728773,1.4804789389038082,1.5684299999999998,4
JPM,Financials,rsi2,1570132800000,1570195800000,112.4523363342285,13,108.1780014038086,,1570541400000,112.94693756103516,mean reversion or trend exit,3.4996253878480363,1.4618803723449705,1.468310188293457,2
AZO,Consumer Discretionary,rsi2,1570046400000,1570109400000,1055.1141186523437,1,999.0949951171875,,1570714200000,1059.8391243896485,mean reversion or trend exit,2.6100524942628627,1.0551141186523436,1.0598391243896486,5
MCK,Health Care,rsi2,1570219200000,1570455000000,130.71058183288574,8,122.19098663330078,,1570714200000,131.91795304870607,mean reversion or trend exit,7.557941447509911,1.045684654663086,1.0553436243896486,3
TSN,Consumer Staples,rsi2,1570478400000,1570541400000,81.08099999999999,18,77.26400375366211,,1570714200000,81.81810152435303,mean reversion or trend exit,10.335643610916303,1.459458,1.4727258274383543,2
ECHO,Communication Services,rsi2,1570219200000,1570455000000,37.12709015274047,35,35.089339065551755,,1570800600000,36.893070304870605,mean reversion or trend exit,-10.781400291461724,1.2994481553459165,1.2912574606704712,4
STZ,Consumer Staples,rsi2,1570478400000,1570541400000,188.02783633422848,8,179.9590042114258,,1570800600000,193.4163906097412,mean reversion or trend exit,40.056880388549985,1.5042226906738279,1.5473311248779296,3
FRT,Real Estate,rsi2,1570737600000,1570800600000,134.77463938903807,11,131.07299194335937,,1571059800000,136.02384365844728,mean reversion or trend exit,10.762463649978915,1.4825210332794188,1.4962622802429202,1
EG,Financials,rsi2,1570651200000,1570714200000,250.0898363342285,6,242.13699188232422,,1571146200000,251.21853121948243,mean reversion or trend exit,3.7643191062013464,1.500539018005371,1.5073111873168945,3
UDR,Real Estate,rsi2,1570824000000,1571059800000,48.23818862533569,31,46.788998413085935,,1571146200000,48.47148045730591,mean reversion or trend exit,4.2340470495149365,1.4953838473854064,1.5026158941764831,1
EVRG,Utilities,rsi2,1570651200000,1570714200000,63.57350831985473,24,62.09300155639649,,1571232600000,63.79614060974121,mean reversion or trend exit,2.2863033829651345,1.5257641996765134,1.531107374633789,4
CHD,Consumer Staples,rsi2,1570824000000,1571059800000,74.77469694519043,20,71.75500259399413,,1571405400000,73.55636725616455,mean reversion or trend exit,-27.333215064544675,1.4954939389038087,1.471127345123291,4
EIX,Utilities,rsi2,1571169600000,1571232600000,69.96990152740477,21,66.92699966430663,,1571405400000,70.39953121948243,mean reversion or trend exit,6.074465445946105,1.4693679320755002,1.478390155609131,2
AEE,Utilities,rsi2,1570737600000,1570800600000,76.78670908355713,20,74.82699813842774,,1571664600000,76.33359365844727,mean reversion or trend exit,-12.124714557037228,1.5357341816711425,1.5266718731689455,6
MKC,Consumer Staples,rsi2,1571083200000,1571146200000,81.90682194519042,18,78.37149658203126,,1571751000000,81.35856243896484,mean reversion or trend exit,-12.807448030975179,1.4743227950134274,1.464454123901367,5
EXR,Real Estate,rsi2,1571083200000,1571146200000,115.36524999999999,13,112.11699981689453,,1571751000000,115.63425,mean reversion or trend exit,0.49400650000007107,1.49974825,1.50324525,5
PSA,Real Estate,rsi2,1571342400000,1571405400000,240.76052427673338,6,234.18500671386718,,1571751000000,243.89585939025878,mean reversion or trend exit,15.904072379150449,1.4445631456604004,1.4633751563415527,2
CB,Financials,rsi2,1571342400000,1571405400000,153.56341366577146,9,148.22100372314452,,1571774400000,148.07278271942138,stop,-52.130404284617455,1.3820707229919431,1.3326550444747924,3
SBUX,Consumer Discretionary,rsi2,1571688000000,1571751000000,85.31523336029052,17,82.47599868774414,,1571860800000,82.3935226890564,stop,-52.520130263819,1.4503589671249388,1.400689885713959,2
LMT,Industrials,rsi2,1571428800000,1571664600000,374.3840197753906,4,360.0480102539062,,1572010200000,374.0056248779297,mean reversion or trend exit,-4.507138168456911,1.4975360791015624,1.4960224995117188,4
CF,Materials,rsi2,1571688000000,1571751000000,46.53649168014526,27,43.86599884033203,,1572269400000,46.31364060974121,mean reversion or trend exit,-8.523932472736213,1.256485275363922,1.250468296463013,4
CME,Financials,rsi2,1571688000000,1571751000000,206.43622572326657,7,198.16900329589845,,1572292800000,197.97083429260255,stop,-62.08858943475928,1.445053580062866,1.3857958400482178,5
HSY,Consumer Staples,rsi2,1571947200000,1572010200000,146.51636511230467,10,141.2719940185547,,1572292800000,141.13072202453614,stop,-56.732901749053696,1.4651636511230468,1.4113072202453614,2
SBUX,Consumer Discretionary,rsi2,1571860800000,1571923800000,82.88280305480956,18,79.82699737548828,,1572355800000,83.72618756103516,mean reversion or trend exit,12.181959280975667,1.491890454986572,1.507071376098633,3
VRSK,Industrials,rsi2,1571774400000,1571837400000,150.62047122192382,10,145.0550048828125,,1572442200000,146.02382817077637,mean reversion or trend exit,-48.93287350540153,1.5062047122192384,1.4602382817077637,5
WELL,Real Estate,rsi2,1572033600000,1572269400000,87.94786061096191,17,85.17500076293945,,1572442200000,88.85106243896485,mean reversion or trend exit,12.348849384201136,1.4951136303863526,1.5104680614624024,2
HSY,Consumer Staples,rsi2,1572292800000,1572355800000,141.43128327941892,10,135.6139907836914,,1572528600000,146.23362487792969,mean reversion or trend exit,45.146766903534164,1.4143128327941894,1.462336248779297,2
AMT,Real Estate,rsi2,1572292800000,1572355800000,211.22100450134275,7,202.2520004272461,,1572528600000,218.2815,mean reversion or trend exit,46.416950959091324,1.4785470315093991,1.5279705,2
AIG,Financials,rsi2,1572379200000,1572442200000,52.242188625335686,28,50.10599822998047,,1572528600000,52.30764060974121,mean reversion or trend exit,-1.0947396552273905,1.4627812815093992,1.464613937072754,1
TJX,Consumer Discretionary,rsi2,1572379200000,1572442200000,57.58752877807616,25,55.33499755859375,,1572528600000,58.43151167678833,mean reversion or trend exit,18.199096456432635,1.4396882194519043,1.4607877919197083,1
EFX,Industrials,rsi2,1572465600000,1572528600000,135.62549549865722,10,128.7489974975586,,1572615000000,137.3724845123291,mean reversion or trend exit,14.739910336608926,1.3562549549865721,1.3737248451232908,1
FAST,Industrials,rsi2,1572552000000,1572615000000,18.168149618148803,60,16.980999183654784,,1572877800000,18.68629492378235,mean reversion or trend exit,28.87745166549687,1.0900889770889282,1.121177695426941,1
DLR,Real Estate,rsi2,1572465600000,1572528600000,129.3291969451904,11,124.50400009155274,,1572901200000,124.37949609146119,stop,-57.23750501442449,1.4226211663970945,1.3681744570060732,3
LYV,Communication Services,rsi2,1572638400000,1572877800000,66.22616366577148,22,63.00799560546875,,1572901200000,62.94498760986328,stop,-75.0276385580443,1.4569756006469725,1.3847897274169922,1
NKE,Consumer Discretionary,rsi2,1572292800000,1572355800000,90.9408484725952,16,87.62599716186523,,1572964200000,90.05985152435302,mean reversion or trend exit,-16.99196237182613,1.4550535755615233,1.4409576243896485,5
DLTR,Consumer Staples,rsi2,1572465600000,1572528600000,111.82170908355711,13,107.75400009155274,,1572964200000,111.72815634155273,mean reversion or trend exit,-4.122333896583328,1.4536822180862425,1.4524660324401855,3
CSGP,Real Estate,rsi2,1572465600000,1572528600000,55.019965152740475,18,51.11820259094238,,1573050600000,55.08685629272461,mean reversion or trend exit,-0.777882266303918,0.9903593727493286,0.9915634132690431,4
LULU,Consumer Discretionary,rsi2,1572901200000,1572964200000,197.19699999999997,7,188.1439987182617,,1573137000000,201.798,mean reversion or trend exit,29.41403500000019,1.380379,1.4125860000000001,2
BKNG,Consumer Discretionary,rsi2,1572901200000,1572964200000,80.43995584869384,18,77.95107650756836,,1573137000000,77.61031553649903,stop gap,-53.77843050444009,1.4479192052764893,1.3969856796569826,2
DLR,Real Estate,rsi2,1572901200000,1572964200000,123.84372122192381,11,118.97599639892579,,1573160400000,118.85702040252686,stop,-57.5234171712355,1.362280933441162,1.3074272244277954,3
P,Information Technology,rsi2,1573074000000,1573137000000,18.59857992362976,55,17.329900169372557,,1573223400000,18.881099618911744,mean reversion or trend exit,13.477200865669321,1.0229218957996369,1.038460479040146,1
PG,Consumer Staples,rsi2,1572901200000,1572964200000,118.94883183288573,12,114.7599998474121,,1573482600000,119.36052335357665,mean reversion or trend exit,2.0805859860535225,1.4273859819946288,1.43232628024292,4
CCI,Real Estate,rsi2,1572987600000,1573050600000,132.29216366577148,11,126.39500274658204,,1573482600000,130.70915634155273,mean reversion or trend exit,-20.306095086486877,1.4552138003234865,1.4378007197570801,3
WELL,Real Estate,rsi2,1573246800000,1573482600000,83.19311061096191,16,79.03799819946289,,1573655400000,82.44746878051758,mean reversion or trend exit,-14.580518557372912,1.3310897697753905,1.3191595004882812,2
VMC,Materials,rsi2,1573074000000,1573137000000,139.50936511230466,8,131.63699951171876,,1573741800000,138.48137512207032,mean reversion or trend exit,-10.447845843749768,1.1160749208984373,1.1078510009765625,5
ESS,Real Estate,rsi2,1573160400000,1573223400000,314.924595336914,4,305.0039794921875,,1573741800000,313.5860939025879,mean reversion or trend exit,-7.86804849426254,1.259698381347656,1.2543443756103516,4
ETR,Utilities,rsi2,1573160400000,1573223400000,57.352293167114254,25,55.664001083374025,,1573741800000,58.77616408538818,mean reversion or trend exit,32.693561525535614,1.4338073291778566,1.4694041021347046,4
FE,Utilities,rsi2,1573246800000,1573482600000,46.64659847259521,31,45.305000686645506,,1573741800000,46.88307030487061,mean reversion or trend exit,4.43120706843592,1.4460445526504513,1.4533751794509888,3
CTAS,Industrials,rsi2,1573678800000,1573741800000,63.54598066711425,23,61.5585018157959,,1573828200000,64.54789054870605,mean reversion or trend exit,20.097768238647532,1.4615575553436277,1.4846014826202392,1
TMUS,Communication Services,rsi2,1573592400000,1573655400000,77.70762725067138,18,74.43800048828125,,1574087400000,76.79313274383544,mean reversion or trend exit,-19.241914802947974,1.398737290512085,1.3822763893890382,3
PWR,Industrials,rsi2,1573678800000,1573741800000,42.112069694519036,34,40.5419979095459,,1574087400000,42.17778121948242,mean reversion or trend exit,-0.6316630823210179,1.4318103696136473,1.4340445614624022,2
GPC,Consumer Discretionary,rsi2,1573765200000,1573828200000,104.53443030548094,14,100.53899917602538,,1574087400000,104.63525786590576,mean reversion or trend exit,-1.5167897884519574,1.4634820242767332,1.4648936101226808,1
RF,Financials,rsi2,1573678800000,1573741800000,16.366350381851195,89,15.678999423980713,,1574173800000,16.623359390258788,mean reversion or trend exit,19.93771757855798,1.4566051839847565,1.479478985733032,3
AOS,Industrials,rsi2,1573851600000,1574087400000,50.52047122192382,29,48.65799980163574,,1574197200000,48.609341801834105,stop,-58.29751776029071,1.465093665435791,1.409670912253189,2
CINF,Financials,rsi2,1573851600000,1574087400000,106.93683183288573,13,102.73299636840821,,1574260200000,107.63225786590576,mean reversion or trend exit,6.251140263176062,1.3901788138275144,1.3992193522567749,2
MPC,Energy,rsi2,1574197200000,1574260200000,61.811749999999996,16,57.64400024414063,,1574433000000,63.28664847564697,mean reversion or trend exit,21.596801234741232,0.988988,1.0125863756103515,2
APTV,Consumer Discretionary,rsi2,1573678800000,1573741800000,91.57148336029051,15,87.36200485229492,,1574692200000,92.4075,mean reversion or trend exit,9.780564845237908,1.3735722504043577,1.3861125,7
NXPI,Information Technology,rsi2,1574110800000,1574173800000,117.04693030548094,9,109.34199981689453,,1574692200000,116.34353908538819,mean reversion or trend exit,-8.431035205352613,1.0534223727493286,1.0470918517684935,4
PPG,Materials,rsi2,1574370000000,1574433000000,126.06594244384765,11,122.34500122070312,,1574778600000,127.92195304870606,mean reversion or trend exit,17.622249803024438,1.386725366882324,1.4071414835357667,2
BMY,Health Care,rsi2,1574197200000,1574260200000,56.21615984725952,25,54.410000228881835,,1574865000000,56.883058628082274,mean reversion or trend exit,13.844989058685345,1.405403996181488,1.4220764657020568,5
SW,Materials,rsi2,1573851600000,1574087400000,35.02499168014526,41,34.426001930236815,,1575037800000,35.784179695129396,mean reversion or trend exit,28.22353258796319,1.436024658885956,1.4671513675003052,8
KLAC,Information Technology,rsi2,1574456400000,1574692200000,16.05003439712524,61,14.895600509643554,,1575037800000,16.492491777420042,mean reversion or trend exit,25.004806101335603,0.9790520982246398,1.0060419984226225,3
APD,Materials,rsi2,1574715600000,1574778600000,234.4341969451904,6,226.331005859375,,1575297000000,235.764,mean reversion or trend exit,5.157629147186556,1.4066051816711425,1.414584,3
GD,Industrials,rsi2,1574802000000,1574865000000,182.62244244384763,8,177.43900604248046,,1575383400000,176.823,stop gap,-49.27110309033178,1.4609795395507812,1.414584,3
CME,Financials,rsi2,1574888400000,1575037800000,200.2,7,193.95199584960938,,1575469800000,202.47731268310548,mean reversion or trend exit,13.122447592956707,1.4014,1.4173411887817384,3
EVRG,Utilities,rsi2,1574888400000,1575037800000,63.66359847259521,23,61.59600067138672,,1575556200000,63.07685939025879,mean reversion or trend exit,-16.410029424583342,1.4642627648696898,1.4507677659759521,4
QCOM,Information Technology,rsi2,1574456400000,1574692200000,85.8457621383667,11,79.54099807739257,,1575642600000,83.36654695129394,mean reversion or trend exit,-29.132702457786557,0.9443033835220337,0.9170320164642334,8
DG,Consumer Staples,rsi2,1575320400000,1575383400000,153.56341366577146,9,149.15399169921875,,1575642600000,155.75409365844726,mean reversion or trend exit,16.932262368164203,1.3820707229919431,1.4017868429260254,3
JBHT,Industrials,rsi2,1575406800000,1575469800000,111.4613484725952,13,107.62299880981445,,1575642600000,114.05582817077637,mean reversion or trend exit,30.79651277999126,1.4489975301437377,1.4827257662200928,2
GE,Industrials,rsi2,1575493200000,1575556200000,54.33150653839111,24,51.55589065551758,,1575901800000,54.67107376098633,mean reversion or trend exit,5.533551415100248,1.3039561569213867,1.312105770263672,2
GRMN,Consumer Discretionary,rsi2,1575579600000,1575642600000,96.2161227493286,15,92.81999893188477,,1575901800000,96.74315634155273,mean reversion or trend exit,5.01111469699871,1.443241841239929,1.451147345123291,1
VLO,Energy,rsi2,1575061200000,1575297000000,95.93583633422851,15,91.72099838256835,,1576074600000,94.73517182922363,mean reversion or trend exit,-20.870032697524987,1.4390375450134276,1.4210275774383545,7
J,Industrials,rsi2,1575666000000,1575901800000,70.20421305847167,20,67.1439323425293,,1576074600000,72.30328047180176,mean reversion or trend exit,39.131198395996336,1.4040842611694333,1.4460656094360351,2
LUV,Industrials,rsi2,1575579600000,1575642600000,55.87581969451904,26,54.067999267578124,,1576098000000,54.01393126831054,stop,-51.26623260645443,1.452771312057495,1.404362212976074,4
SW,Materials,rsi2,1575666000000,1575901800000,35.14511061096191,41,34.87900085449219,,1576247400000,36.883078170776365,mean reversion or trend exit,68.30351421234147,1.4409495350494383,1.512206205001831,4
TYL,Information Technology,rsi2,1575579600000,1575642600000,286.9266546630859,5,275.67999572753905,,1576506600000,285.53418731689453,mean reversion or trend exit,-9.824640940856808,1.4346332733154294,1.4276709365844726,6
NOW,Information Technology,rsi2,1576011600000,1576074600000,53.25320076370239,27,50.76819915771485,,1576506600000,54.81113512802124,mean reversion or trend exit,39.14649076753251,1.4378364206199645,1.4799006484565735,3
EW,Health Care,rsi2,1576011600000,1576074600000,76.49641816711424,19,72.95933380126954,,1576506600000,77.61231243896485,mean reversion or trend exit,18.273925283646026,1.4534319451751705,1.4746339363403322,3
DXCM,Health Care,rsi2,1576184400000,1576247400000,50.55049999999999,20,47.128750228881835,,1576593000000,53.256691371917725,mean reversion or trend exit,52.0476836109163,1.01101,1.0651338274383546,2
JKHY,Financials,rsi2,1576098000000,1576161000000,145.59544694519042,10,141.62298889160155,,1576679400000,147.4723751220703,mean reversion or trend exit,15.838603548126256,1.455954469451904,1.474723751220703,4
VMRK,Real Estate,rsi2,1576270800000,1576506600000,81.27119244384765,18,78.51100158691406,,1576679400000,79.40052335357666,mean reversion or trend exit,-36.56413450923152,1.4628814639892578,1.42920942036438,2
CASY,Consumer Staples,rsi2,1576270800000,1576506600000,154.00385610961914,9,146.33599853515625,,1576679400000,157.52231268310547,mean reversion or trend exit,28.862373642242474,1.3860347049865722,1.4177008141479492,2
HRL,Consumer Staples,rsi2,1576616400000,1576679400000,44.65461061096191,33,43.016000747680664,,1576852200000,44.994960914611816,mean reversion or trend exit,8.273124160102967,1.4736021501617431,1.4848337101821898,2
PLD,Real Estate,rsi2,1576270800000,1576506600000,89.15906969451903,16,85.97800140380859,,1577111400000,88.17174213409425,mean reversion or trend exit,-18.63453395605442,1.4265451151123045,1.410747874145508,5
MAA,Real Estate,rsi2,1576616400000,1576679400000,128.63850450134277,11,123.81900253295899,,1577111400000,130.30956243896483,mean reversion or trend exit,15.533208577499346,1.4150235495147705,1.433405186828613,3
CAH,Health Care,rsi2,1576616400000,1576679400000,51.291241680145255,29,49.54400062561035,,1577111400000,51.758191371917725,mean reversion or trend exit,10.553107502891804,1.4874460087242123,1.500987549785614,3
STE,Health Care,rsi2,1576530000000,1576593000000,150.7606106109619,10,146.4499969482422,,1577197800000,151.4583906097412,mean reversion or trend exit,3.955609975586074,1.5076061061096189,1.514583906097412,5
SCHW,Financials,rsi2,1576875600000,1577111400000,48.47843030548095,30,46.14499740600586,,1577197800000,48.761191371917725,mean reversion or trend exit,5.565643342781343,1.4543529091644285,1.462835741157532,1
LEN,Consumer Discretionary,rsi2,1576789200000,1576852200000,53.50941146087646,28,51.26040687561035,,1577370600000,54.83378701400757,mean reversion or trend exit,34.04890593037439,1.498263520904541,1.535346036392212,3
INCY,Health Care,rsi2,1576875600000,1577111400000,90.77068030548095,14,85.91000137329101,,1577370600000,91.10879695129394,mean reversion or trend exit,2.1873203597869875,1.2707895242767333,1.2755231573181152,2
VMC,Materials,rsi2,1577134800000,1577197800000,141.04089389038086,10,135.76000366210937,,1577370600000,142.6172345123291,mean reversion or trend exit,12.926824935455377,1.4104089389038086,1.426172345123291,1
HBAN,Financials,rsi2,1576875600000,1577111400000,15.205189579963683,99,14.659999752044678,,1577457000000,15.144839847564697,mean reversion or trend exit,-8.979276420824956,1.5053137684164046,1.4993391449089049,3
GOOG,Communication Services,rsi2,1577221200000,1577370600000,67.37581069946289,22,65.75723304748536,,1577457000000,68.081348487854,mean reversion or trend exit,12.541773842483494,1.4822678353881835,1.497789666732788,1
GOOGL,Communication Services,rsi2,1577221200000,1577370600000,67.39482688903807,22,65.80024719238281,,1577457000000,68.13179695129395,mean reversion or trend exit,13.231755645142014,1.4826861915588376,1.498899532928467,1
AIZ,Financials,rsi2,1577134800000,1577197800000,128.43830755615232,11,124.65100173950195,,1577716200000,129.8600154876709,mean reversion or trend exit,12.797505693222199,1.4128213831176757,1.4284601703643798,3
MDT,Health Care,rsi2,1577394000000,1577457000000,113.01290152740478,13,109.66300201416016,,1577975400000,114.34553908538818,mean reversion or trend exit,14.368628525817938,1.469167719856262,1.4864920081100463,3
NRG,Utilities,rsi2,1577394000000,1577457000000,39.289249999999996,38,37.819000244140625,,1577975400000,39.79017182922363,mean reversion or trend exit,16.030011480987653,1.4929914999999998,1.512026529510498,3
NTAP,Information Technology,rsi2,1577480400000,1577716200000,61.53147122192382,24,59.03300132751465,,1577975400000,61.908031219482424,mean reversion or trend exit,6.0748918828126826,1.4767553093261718,1.4857927492675782,2
VLO,Energy,rsi2,1577480400000,1577716200000,93.1030121383667,16,89.66399688720703,,1578061800000,94.25564847564698,mean reversion or trend exit,15.444442826660339,1.489648194213867,1.5080903756103516,3
PSX,Energy,rsi2,1577480400000,1577716200000,110.61049999999999,13,107.57199630737304,,1578061800000,111.13875,mean reversion or trend exit,3.984509750000184,1.4379364999999997,1.4448037500000002,3
SCHW,Financials,rsi2,1577826000000,1577975400000,47.807758319854734,32,45.907000350952146,,1578061800000,47.39255862808228,mean reversion or trend exit,-16.33280027905262,1.5298482662353516,1.5165618760986328,1
HWM,Industrials,rsi2,1577826000000,1577975400000,23.72769110870361,65,22.90874328613281,,1578061800000,23.825843605041502,mean reversion or trend exit,3.288932505569571,1.5422999220657345,1.5486798343276975,1
MO,Consumer Staples,rsi2,1577998800000,1578061800000,49.219168167114255,31,47.85799903869629,,1578407400000,49.51044137191772,mean reversion or trend exit,5.968851453197485,1.525794213180542,1.5348236825294495,2
ECHO,Communication Services,rsi2,1577826000000,1577975400000,43.80375831985473,26,41.00300216674805,,1578493800000,43.226730457305905,mean reversion or trend exit,-17.265517134475616,1.138897716316223,1.1238949918899535,4
HRL,Consumer Staples,rsi2,1577998800000,1578061800000,44.27422954177856,34,43.21900253295898,,1578493800000,44.46548832321167,mean reversion or trend exit,3.485648161316182,1.505323804420471,1.5118266029891971,3
AWK,Utilities,rsi2,1577998800000,1578061800000,120.56044244384765,12,116.69599609375,,1578580200000,120.36950786590576,mean reversion or trend exit,-5.182374339019702,1.4467253093261718,1.4444340943908691,4
KIM,Real Estate,rsi2,1577998800000,1578061800000,19.519499999999997,78,18.922000122070312,,1578666600000,19.390589847564698,mean reversion or trend exit,-13.089978898063395,1.5225209999999998,1.5124660081100465,5
AVY,Materials,rsi2,1578344400000,1578407400000,126.4763484725952,12,123.37699966430664,,1578666600000,128.9709060974121,mean reversion or trend exit,26.869324442962615,1.5177161816711426,1.5476508731689451,3
WMT,Consumer Staples,rsi2,1578517200000,1578580200000,38.755383842468255,39,37.91600036621094,,1578666600000,39.040921829223635,mean reversion or trend exit,8.10192556226381,1.511459969856262,1.5225959513397218,1
ACN,Information Technology,rsi2,1578430800000,1578493800000,204.20399999999998,7,198.1649917602539,,1578925800000,207.2825154876709,mean reversion or trend exit,18.669202805282794,1.429428,1.4509776084136963,3
PKG,Materials,rsi2,1578430800000,1578493800000,105.03493030548094,14,101.54700012207032,,1578925800000,105.71417969512939,mean reversion or trend exit,6.559003915069717,1.4704890242767332,1.4799985157318116,3
URI,Industrials,rsi2,1578603600000,1578666600000,163.3932257232666,9,156.43399658203126,,1578949200000,156.27756258544923,stop,-66.91800533513472,1.4705390315093994,1.4064980632690431,2
LYB,Materials,rsi2,1578690000000,1578925800000,89.48940152740478,17,86.15199813842773,,1579012200000,90.76914060974121,mean reversion or trend exit,18.691169183387892,1.5213198259658813,1.5430753903656007,1
ADM,Consumer Staples,rsi2,1578603600000,1578666600000,44.41436893081664,34,42.7320011138916,,1579098600000,44.305648475646976,mean reversion or trend exit,-6.712976067588448,1.5100885436477658,1.5063920481719972,3
AVGO,Information Technology,rsi2,1578690000000,1578925800000,30.03200280952453,50,28.587800979614258,,1579098600000,30.700269899368287,mean reversion or trend exit,30.376740856743144,1.5016001404762267,1.5350134949684144,2
FERG,Industrials,rsi2,1578603600000,1578666600000,90.99090152740477,16,89.82700271606446,,1579185000000,93.906,mean reversion or trend exit,43.683225137085245,1.4558544244384763,1.502496,4
DPZ,Consumer Discretionary,rsi2,1578949200000,1579012200000,284.31402877807614,5,274.9909942626953,,1579185000000,289.0206875610352,mean reversion or trend exit,20.666620333099637,1.4215701438903807,1.445103437805176,2
URI,Industrials,rsi2,1578949200000,1579012200000,156.42627427673338,9,150.67400360107422,,1579271400000,158.3015467071533,mean reversion or trend exit,14.044901484924356,1.4078364684906006,1.4247139203643797,3
BSX,Health Care,rsi2,1579035600000,1579098600000,42.8528113746643,35,41.07000045776367,,1579617000000,44.135820304870606,mean reversion or trend exit,41.86071044843703,1.4998483981132504,1.5447537106704714,3
MLM,Materials,rsi2,1579035600000,1579098600000,260.99074099731445,5,251.63299865722655,,1579617000000,265.47425024414065,mean reversion or trend exit,19.785221277923732,1.304953704986572,1.3273712512207032,3
T,Communication Services,rsi2,1579122000000,1579185000000,28.722047006607053,53,28.051358795166017,,1579617000000,28.936292387008667,mean reversion or trend exit,8.29911317342392,1.5222684913501736,1.5336234965114592,2
BNY,Financials,rsi2,1579208400000,1579271400000,46.89684847259521,33,45.18200187683105,,1579617000000,46.26369137191772,mean reversion or trend exit,-23.968482137225983,1.5475959995956419,1.526701815273285,1
USB,Financials,rsi2,1579122000000,1579185000000,54.80474999999999,28,53.40100173950195,,1579703400000,54.495449237823486,mean reversion or trend exit,-11.720826919601208,1.5345329999999997,1.5258725786590577,3
MPC,Energy,rsi2,1579294800000,1579617000000,56.45640152740478,27,54.052999877929686,,1579703400000,56.43351167678833,mean reversion or trend exit,-3.6660536231573966,1.524322841239929,1.5237048152732848,1
DXCM,Health Care,rsi2,1579294800000,1579617000000,57.7326742362976,21,54.20024871826172,,1579789800000,58.9484921951294,mean reversion or trend exit,23.081872640407816,1.2123861589622495,1.2379183360977175,2
TPL,Energy,rsi2,1579294800000,1579617000000,88.08911500549316,15,83.32122650146485,,1579813200000,83.23790527496338,stop,-75.33805126215347,1.3213367250823973,1.2485685791244507,3
CDW,Information Technology,rsi2,1579294800000,1579617000000,136.27613938903806,11,132.35500946044922,,1579876200000,138.90095329284668,mean reversion or trend exit,25.846004922394034,1.4990375332794188,1.5279104862213135,3
KMI,Energy,rsi2,1579640400000,1579703400000,21.01098977088928,74,20.373999977111815,,1579876200000,21.748230457305908,mean reversion or trend exit,51.39162849794392,1.5548132430458068,1.6093690538406373,2
NFLX,Communication Services,rsi2,1579726800000,1579789800000,32.63660409164429,44,30.99209861755371,,1579876200000,34.81115467071533,mean reversion or trend exit,92.71252409358218,1.4360105800323486,1.5316908055114746,1
BKNG,Consumer Discretionary,rsi2,1579640400000,1579703400000,80.25337571716308,19,77.35176315307618,,1580135400000,76.18014466094971,stop gap,-80.36362695523823,1.5248141386260987,1.4474227485580446,3
VLO,Energy,rsi2,1579813200000,1579876200000,89.2091227493286,17,85.64800262451172,,1580158800000,85.56235462188721,stop,-64.9661732818143,1.5165550867385862,1.4545600285720826,2
RVTY,Health Care,rsi2,1579813200000,1579876200000,99.98988938903807,15,96.54899749755859,,1580245200000,96.45244850006102,stop,-56.00824840299216,1.499848340835571,1.4467867275009154,3
KHC,Consumer Staples,rsi2,1579899600000,1580135400000,30.1801496181488,51,29.263700675964355,,1580308200000,30.07989060974121,mean reversion or trend exit,-8.186471480409507,1.5391876305255887,1.5340744210968016,2
ABBV,Health Care,rsi2,1579813200000,1579876200000,85.51543030548095,18,82.56699752807617,,1580418000000,82.4844305305481,stop,-57.581993443839856,1.5392777454986573,1.4847197495498659,5
FERG,Industrials,rsi2,1580158800000,1580221800000,89.68959847259521,17,88.5589988708496,,1580481000000,90.85904695129395,mean reversion or trend exit,16.811297165672467,1.5247231740341185,1.5446037981719971,3
NWSA,Communication Services,rsi2,1580245200000,1580308200000,13.523510229110716,113,12.992000389099122,,1580481000000,13.576410152435303,mean reversion or trend exit,2.9154003325635856,1.5281566558895108,1.5341343472251892,2
TPL,Energy,rsi2,1579813200000,1579876200000,83.97277438354492,18,79.84178237915039,,1580504400000,79.76194059677124,stop,-78.74223303157187,1.5115099389038085,1.4357149307418822,6
NWS,Communication Services,rsi2,1580245200000,1580308200000,13.92390984725952,109,13.375000095367431,,1580740200000,14.055929695129395,mean reversion or trend exit,11.340360907696017,1.5177061733512875,1.532096336769104,3
MDT,Health Care,rsi2,1580504400000,1580740200000,116.06594694519042,13,111.92800216674804,,1580826600000,119.33054695129394,mean reversion or trend exit,39.37964565869147,1.5088573102874754,1.5512971103668214,1
ROST,Consumer Discretionary,rsi2,1580504400000,1580740200000,112.67255755615233,13,108.4770004272461,,1580826600000,115.66421878051757,mean reversion or trend exit,35.92321782437148,1.4647432482299803,1.5036348441467284,1
JBL,Information Technology,rsi2,1580418000000,1580481000000,39.69965984725952,38,38.22099914550781,,1580913000000,40.929031219482425,mean reversion or trend exit,43.65222188393428,1.5085870741958618,1.5553031863403322,3
BF-B,Consumer Staples,rsi2,1580418000000,1580481000000,68.6886227493286,22,66.75199966430664,,1580913000000,70.32960152435302,mean reversion or trend exit,33.04313211651629,1.5111497004852292,1.5472512335357664,3
SW,Materials,rsi2,1580763600000,1580826600000,35.69565984725952,43,35.248999786376956,,1580999400000,36.54342182922363,mean reversion or trend exit,33.347484712368036,1.5349133734321594,1.5713671386566161,2
WY,Real Estate,rsi2,1580763600000,1580826600000,28.47845076370239,52,27.083999252319337,,1580999400000,29.05091992378235,mean reversion or trend exit,26.776869048408614,1.4808794397125244,1.5106478360366822,2
DHI,Consumer Discretionary,rsi2,1580850000000,1580913000000,57.54749168014526,27,55.01899681091309,,1580999400000,59.75019137191772,mean reversion or trend exit,56.30585423545088,1.5537822753639219,1.6132551670417785,1
ECHO,Communication Services,rsi2,1580418000000,1580481000000,40.340299236297604,37,38.74900093078613,,1581109200000,38.710251929855346,stop,-63.236620731511195,1.4925910717430113,1.4322793214046479,6
ES,Utilities,rsi2,1580936400000,1580999400000,90.91081969451903,17,88.1379997253418,,1581431400000,91.3385703048706,mean reversion or trend exit,4.173520745987002,1.5454839348068237,1.5527556951828003,3
TDG,Industrials,rsi2,1580936400000,1580999400000,626.8262122192382,2,597.6880187988281,,1581431400000,645.9833748779297,mean reversion or trend exit,35.76870614318867,1.2536524244384764,1.2919667497558593,3
NOC,Industrials,rsi2,1580850000000,1580913000000,362.9425665588378,4,347.16200561523436,,1581517800000,367.2423753662109,mean reversion or trend exit,14.278495461792192,1.4517702662353513,1.4689695014648436,5
AEP,Utilities,rsi2,1580936400000,1580999400000,102.08198336029052,15,99.7880027770996,,1581517800000,101.67821878051758,mean reversion or trend exit,-9.112871728706217,1.531229750404358,1.5251732817077637,4
ECHO,Communication Services,rsi2,1581109200000,1581345000000,38.41838106918335,40,36.99899826049805,,1581517800000,39.8001601524353,mean reversion or trend exit,52.142421681213506,1.5367352427673338,1.5920064060974122,2
JBL,Information Technology,rsi2,1581368400000,1581431400000,38.68865152740478,35,36.615998077392575,,1581604200000,39.34062106704712,mean reversion or trend exit,20.08790934667599,1.3541028034591673,1.3769217373466491,2
GS,Financials,rsi2,1581454800000,1581517800000,238.24800450134273,6,226.47900390625,,1581604200000,237.6121560974121,mean reversion or trend exit,-6.670251387176269,1.4294880270080563,1.4256729365844727,1
EFX,Industrials,rsi2,1581454800000,1581517800000,153.3732212219238,10,148.4279983520508,,1581690600000,162.837,mean reversion or trend exit,91.47568556854252,1.5337322122192383,1.6283699999999999,2
PG,Consumer Staples,rsi2,1581454800000,1581517800000,123.80368030548094,12,121.01100463867188,,1582036200000,125.70417182922364,mean reversion or trend exit,19.811804059295962,1.4856441636657711,1.5084500619506838,3
CME,Financials,rsi2,1581541200000,1581604200000,207.9076969451904,7,200.2439971923828,,1582036200000,209.93984390258788,mean reversion or trend exit,11.300095915847958,1.455353878616333,1.4695789073181151,2
TXT,Industrials,rsi2,1581627600000,1581690600000,48.1080613746643,27,45.3140007019043,,1582122600000,47.80214847564697,mean reversion or trend exit,-10.849223939426293,1.2989176571159362,1.2906580088424682,2
VTRS,Health Care,rsi2,1581541200000,1581604200000,22.112090152740475,55,20.754000091552733,,1582232400000,20.73324609146118,stop,-78.19291686379233,1.2161649584007261,1.140328535030365,5
LLY,Health Care,rsi2,1581714000000,1582036200000,141.16102427673337,11,135.94098815917968,,1582295400000,141.19865634155272,mean reversion or trend exit,-2.692003773788314,1.5527712670440672,1.55318521975708,3
MLM,Materials,rsi2,1581541200000,1581604200000,260.26,5,247.37899627685547,,1582554600000,244.86489060974122,stop gap,-79.50117140434254,1.3013,1.224324453048706,6
JNJ,Health Care,rsi2,1582232400000,1582295400000,148.2380863342285,10,144.92398986816406,,1582554600000,146.3535,mean reversion or trend exit,-21.791779205627442,1.482380863342285,1.4635349999999998,1
SW,Materials,rsi2,1582232400000,1582295400000,36.97693862533569,42,36.23199882507324,,1582641000000,34.56539847564697,stop gap,-104.28946444516745,1.553031422264099,1.451746735977173,2
FOXA,Communication Services,rsi2,1582318800000,1582554600000,35.68565152740478,43,34.038601303100585,,1582641000000,34.77519137191772,mean reversion or trend exit,-42.17960293061438,1.5344830156784055,1.495333228992462,1
HII,Industrials,rsi2,1582059600000,1582122600000,239.51927877807614,5,225.17599487304688,,1582664400000,224.95081887817383,stop,-75.16464998779279,1.1975963938903809,1.1247540943908692,5
APD,Materials,rsi2,1582578000000,1582641000000,245.78553327941893,6,237.5269973754883,,1582664400000,237.2894703781128,stop,-53.8748274297819,1.4747131996765137,1.4237368222686768,1
MAS,Industrials,rsi2,1581714000000,1582036200000,45.475430305480955,34,43.311000442504884,,1582837200000,43.26768944206238,stop,-78.08045542764815,1.5461646303863525,1.4711014410301209,8
KMB,Consumer Staples,rsi2,1582318800000,1582554600000,140.8707257232666,11,137.41700439453126,,1582837200000,137.27958739013673,stop,-42.56217510867592,1.5495779829559324,1.510075461291504,4
FTNT,Information Technology,rsi2,1582578000000,1582641000000,21.821799236297604,47,20.255599975585938,,1582837200000,20.235344375610353,stop,-76.54006420206046,1.0256245641059876,0.9510611856536866,3
SW,Materials,rsi2,1582664400000,1582727400000,34.63459847259521,43,33.657998657226564,,1582900200000,32.41755076217651,stop gap,-98.21629396509917,1.489287734321594,1.3939546827735898,2
TDG,Industrials,rsi2,1582664400000,1582727400000,574.574,1,538.6040344238281,,1582900200000,530.1393129272461,stop gap,-45.53940038568108,0.5745739999999999,0.5301393129272461,2
FERG,Industrials,rsi2,1583182800000,1583245800000,86.23615152740477,16,83.51399993896484,,1583332200000,91.46843756103516,SPY below SMA200,80.87330311267117,1.3797784244384763,1.4634950009765626,1
GDDY,Information Technology,rsi2,1583182800000,1583245800000,70.07,14,65.10960311889649,,1583332200000,68.26167182922363,SPY below SMA200,-27.253237796478214,0.98098,0.9556634056091308,1
LLY,Health Care,rsi2,1590609600000,1590672600000,147.57742266845702,6,137.4199996948242,,1590759000000,151.50834365844727,mean reversion or trend exit,21.79101134198011,0.8854645360107422,0.9090500619506836,1
RMD,Health Care,rsi2,1590609600000,1590672600000,155.1249712219238,5,142.1560073852539,,1591018200000,159.9698748779297,mean reversion or trend exit,22.649044049530218,0.7756248561096191,0.7998493743896484,2
WMT,Consumer Staples,rsi2,1590609600000,1590672600000,41.28124168014526,29,38.96400032043457,,1591018200000,41.10552081298828,mean reversion or trend exit,-7.485121259853166,1.1971560087242124,1.1920601035766603,2
INTU,Information Technology,rsi2,1590609600000,1590672600000,282.282,3,263.5649932861328,,1591018200000,288.82087536621094,mean reversion or trend exit,17.903317472534244,0.846846,0.8664626260986329,2
JKHY,Financials,rsi2,1590609600000,1590672600000,177.65747572326657,5,164.53599853515624,,1591104600000,182.13768731689453,mean reversion or trend exit,20.602082152938976,0.8882873786163329,0.9106884365844726,3
BMY,Health Care,rsi2,1590696000000,1590759000000,60.3602992362976,19,56.77300338745117,,1591104600000,60.229710914611815,mean reversion or trend exit,-4.772388304897195,1.1468456854896545,1.1443645073776245,2
SJM,Consumer Staples,rsi2,1591300800000,1591363800000,109.109,10,102.70599975585938,,1591623000000,106.893,mean reversion or trend exit,-24.320019999999943,1.09109,1.0689300000000002,1
DLR,Real Estate,rsi2,1591300800000,1591363800000,139.54941366577148,5,126.93700561523437,,1591623000000,141.27857817077637,mean reversion or trend exit,7.241682565841703,0.6977470683288574,0.7063928908538819,1
ABT,Health Care,rsi2,1591300800000,1591363800000,88.55847122192382,11,82.53999938964844,,1591709400000,92.2276796951294,mean reversion or trend exit,38.372645545173704,0.974143183441162,1.0145044766464233,2
AKAM,Information Technology,rsi2,1591387200000,1591623000000,99.57948336029051,10,92.78000259399414,,1591709400000,103.15674213409424,mean reversion or trend exit,33.74522548309349,0.9957948336029051,1.0315674213409425,1
SBAC,Real Estate,rsi2,1591387200000,1591623000000,295.79549999999995,3,276.72499084472656,,1591795800000,307.35234365844724,mean reversion or trend exit,32.86108744436654,0.8873864999999999,0.9220570309753418,2
TYL,Information Technology,rsi2,1591646400000,1591709400000,361.2308651123046,2,334.4410125732422,,1591882200000,359.88975,mean reversion or trend exit,-4.12447145483388,0.7224617302246092,0.7197795,2
CASY,Consumer Staples,rsi2,1591732800000,1591795800000,161.33116816711424,6,150.65400238037108,,1591882200000,153.3165312194824,mean reversion or trend exit,-49.97570788211055,0.9679870090026855,0.9198991873168946,1
INCY,Health Care,rsi2,1591300800000,1591363800000,93.26316816711424,11,87.30500259399415,,1591968600000,92.25764847564697,SPY below SMA200,-13.10144558921035,1.0258948498382567,1.0148341332321167,5
WMT,Consumer Staples,rsi2,1591300800000,1591363800000,40.89752323150634,35,39.047668075561525,,1591968600000,40.12982817077637,SPY below SMA200,-29.705284424628854,1.431413313102722,1.404543985977173,5
BAX,Health Care,rsi2,1591732800000,1591795800000,87.50741816711425,14,82.53500137329101,,1591968600000,85.2346796951294,SPY below SMA200,-34.23672797785933,1.2251038543395996,1.1932855157318116,2
TSCO,Consumer Discretionary,rsi2,1591992000000,1592227800000,23.35733363342285,60,22.20800075531006,,1592314200000,24.55541992378235,mean reversion or trend exit,69.01041220813758,1.401440018005371,1.473325195426941,1
DGX,Health Care,rsi2,1591992000000,1592227800000,109.109,10,102.74199829101562,,1592400600000,114.72515634155273,mean reversion or trend exit,53.92322185211185,1.09109,1.1472515634155274,2
FAST,Industrials,rsi2,1591992000000,1592227800000,19.83981969451904,73,18.922501182556154,,1592400600000,20.99898045730591,mean reversion or trend exit,81.63750327235816,1.44830683769989,1.5329255733833314,2
HRL,Consumer Staples,rsi2,1591992000000,1592227800000,46.44640152740478,31,44.26299705505371,,1592400600000,47.981968780517576,mean reversion or trend exit,44.67530536695105,1.4398384473495482,1.487441032196045,2
NDSN,Industrials,rsi2,1591992000000,1592227800000,182.76258183288573,6,172.52599639892577,,1592400600000,194.1556560974121,mean reversion or trend exit,66.09693615957647,1.0965754909973144,1.1649339365844726,2
IFF,Materials,rsi2,1592596800000,1592832600000,125.08495908355711,9,117.41199951171875,,1592919000000,126.59328121948242,mean reversion or trend exit,11.309795060600448,1.1257646317520138,1.1393395309753418,1
DGX,Health Care,rsi2,1592596800000,1592832600000,108.81870908355712,8,100.63999862670899,,1593091800000,104.28560939025878,mean reversion or trend exit,-37.96963209417725,0.8705496726684571,0.8342848751220703,3
LDOS,Industrials,rsi2,1592596800000,1592832600000,96.38629091644286,12,90.36699752807617,,1593091800000,92.50739847564697,mean reversion or trend exit,-48.81343356225582,1.1566354909973142,1.1100887817077638,3
AWK,Utilities,rsi2,1592596800000,1592832600000,126.45633183288572,9,119.08000106811524,,1593091800000,124.27560152435302,mean reversion or trend exit,-21.883160177009465,1.1381069864959716,1.1184804137191773,3
NEE,Utilities,rsi2,1592596800000,1592832600000,60.8607992362976,17,56.74475364685058,,1593178200000,59.565375,mean reversion or trend exit,-24.06945697907624,1.0346335870170593,1.012611375,4
CRL,Health Care,rsi2,1592856000000,1592919000000,177.52735610961912,5,162.95800323486327,,1593437400000,170.23959365844726,SPY below SMA200,-38.177647004699615,0.8876367805480957,0.8511979682922363,4
NDSN,Industrials,rsi2,1593028800000,1593091800000,185.1749954986572,5,171.2340057373047,,1593437400000,181.8479687805176,SPY below SMA200,-18.470248412093976,0.9258749774932861,0.9092398439025879,2
CL,Consumer Staples,rsi2,1593028800000,1593091800000,72.1821106109619,20,69.12099685668946,,1593437400000,71.81810939025878,SPY below SMA200,-10.160028814086738,1.443642212219238,1.4363621878051755,2
GIS,Consumer Staples,rsi2,1593028800000,1593091800000,60.350290916442866,23,57.36200065612793,,1593437400000,59.6203203048706,SPY below SMA200,-19.548648124252257,1.388056691078186,1.371267367012024,2
FFIV,Information Technology,rsi2,1593115200000,1593178200000,134.06392266845702,9,126.76400299072266,,1593437400000,140.7191406097412,SPY below SMA200,57.42391390205382,1.2065753040161133,1.266472265487671,1
WSM,Consumer Discretionary,rsi2,1593547200000,1593610200000,41.23118862533569,21,37.8700008392334,,1593696600000,42.96199606704712,mean reversion or trend exit,34.57889939739992,0.8658549611320495,0.9022019174079894,1
HRL,Consumer Staples,rsi2,1593633600000,1593696600000,47.78774168014526,31,45.67199935913086,,1594042200000,48.33162106704712,mean reversion or trend exit,13.880560748794597,1.481419992084503,1.4982802530784607,1
DG,Consumer Staples,rsi2,1594065600000,1594128600000,186.10591816711423,8,178.52399749755858,,1594387800000,189.72009365844727,mean reversion or trend exit,25.906795836059853,1.4888473453369138,1.5177607492675782,3
GDDY,Information Technology,rsi2,1594152000000,1594215000000,70.39031969451904,11,64.25509567260742,,1594387800000,70.83909365844727,mean reversion or trend exit,3.382990056327927,0.7742935166397095,0.7792300302429199,2
MCK,Health Care,rsi2,1594152000000,1594215000000,146.4162742767334,6,135.76099853515626,,1594387800000,140.859,mean reversion or trend exit,-35.06729730606069,0.8784976456604005,0.845154,2
ARE,Real Estate,rsi2,1594152000000,1594215000000,161.92175450134275,5,149.67400207519532,,1594819800000,165.39443756103515,mean reversion or trend exit,15.726834338150113,0.8096087725067138,0.8269721878051758,5
STE,Health Care,rsi2,1594324800000,1594387800000,150.68052877807617,8,142.25899963378907,,1594819800000,155.66418731689453,mean reversion or trend exit,37.418510581787125,1.2054442302246093,1.2453134985351562,3
AZO,Consumer Discretionary,rsi2,1594324800000,1594387800000,1107.3161708984373,1,1050.7909912109376,,1594819800000,1144.8140009765625,mean reversion or trend exit,35.24569990625017,1.1073161708984374,1.1448140009765626,3
EFX,Industrials,rsi2,1594324800000,1594387800000,161.2911348876953,7,152.07599487304688,,1594906200000,164.65518731689454,mean reversion or trend exit,21.266742748962507,1.1290379442138672,1.1525863112182617,4
CSGP,Real Estate,rsi2,1594756800000,1594819800000,68.31023876190184,16,63.84930191040039,,1594992600000,70.02890002441406,mean reversion or trend exit,25.285153979614364,1.0929638201904295,1.120462400390625,2
JKHY,Financials,rsi2,1594152000000,1594215000000,181.8116348876953,5,169.69900512695312,,1595251800000,179.1806406097412,mean reversion or trend exit,-14.95993276725769,0.9090581744384765,0.8959032030487061,8
VRSN,Information Technology,rsi2,1594756800000,1594819800000,200.1899954986572,6,188.52899169921875,,1595251800000,199.8,mean reversion or trend exit,-4.7399129649350575,1.2011399729919432,1.1988000000000003,3
PYPL,Financials,rsi2,1594929600000,1594992600000,171.67149999999998,5,157.92649688720704,,1595251800000,174.4753439025879,mean reversion or trend exit,12.288485293426632,0.8583574999999999,0.8723767195129394,1
INTU,Information Technology,rsi2,1594756800000,1594819800000,288.31802877807615,3,269.0769897460938,,1595338200000,299.12059341430665,mean reversion or trend exit,30.64537804211435,0.8649540863342284,0.89736178024292,4
AMZN,Consumer Discretionary,rsi2,1594929600000,1594992600000,150.6004469451904,6,139.95954132080078,,1595338200000,161.462871963501,mean reversion or trend exit,63.302170196411296,0.9036026816711425,0.9687772317810058,2
ORCL,Information Technology,rsi2,1595016000000,1595251800000,54.93488106918334,27,52.778002166748045,,1595424600000,55.64430076217651,mean reversion or trend exit,16.168693801368946,1.48324178886795,1.502396120578766,2
WSM,Consumer Discretionary,rsi2,1595275200000,1595338200000,41.041,28,38.387499237060545,,1595511000000,42.88207423782349,mean reversion or trend exit,49.200232580398705,1.1491479999999998,1.2006980786590578,2
GS,Financials,rsi2,1595448000000,1595511000000,205.30510610961912,5,191.43499908447265,,1595597400000,202.797,mean reversion or trend exit,-14.581041078643699,1.0265255305480956,1.0139850000000001,1
ADI,Information Technology,rsi2,1595448000000,1595511000000,113.67355755615233,12,107.5199981689453,,1595943000000,114.65522664642334,mean reversion or trend exit,9.040083672821238,1.364082690673828,1.3758627197570803,3
EBAY,Consumer Discretionary,rsi2,1595448000000,1595511000000,56.496438625335685,19,52.657000350952146,,1595943000000,57.05289060974121,mean reversion or trend exit,8.415150448238549,1.073432333881378,1.084004921585083,3
LLY,Health Care,rsi2,1595534400000,1595597400000,161.63147122192382,9,154.19800262451173,,1596029400000,162.36746878051758,mean reversion or trend exit,3.707987567321922,1.4546832409973145,1.4613072190246583,3
META,Communication Services,rsi2,1595534400000,1595597400000,230.42019244384764,4,214.8130096435547,,1596115800000,229.9897812194824,mean reversion or trend exit,-3.5632847921142394,0.9216807697753906,0.9199591248779296,4
JBHT,Industrials,rsi2,1595880000000,1595943000000,130.29016366577147,10,123.46500854492187,,1596115800000,128.4114532928467,mean reversion or trend exit,-21.374119898834042,1.3029016366577149,1.284114532928467,2
MRVL,Information Technology,rsi2,1595534400000,1595597400000,34.81477877807617,37,32.834001541137695,,1596202200000,36.43353121948242,mean reversion or trend exit,57.25765286212162,1.2881468147888182,1.3480406551208497,5
JNJ,Health Care,rsi2,1595880000000,1595943000000,147.54739389038085,10,142.32598876953125,,1596547800000,146.8430154876709,mean reversion or trend exit,-9.987688120880009,1.4754739389038085,1.468430154876709,5
FFIV,Information Technology,rsi2,1595966400000,1596029400000,138.43830305480955,7,129.00299682617188,,1596547800000,138.77109365844726,mean reversion or trend exit,0.3890684484711333,0.9690681213836668,0.9713976556091308,4
DLTR,Consumer Staples,rsi2,1596139200000,1596202200000,93.80370908355712,16,89.51799850463867,,1596547800000,94.53536725616455,mean reversion or trend exit,8.69310554028325,1.500859345336914,1.512565876098633,2
ALB,Materials,rsi2,1596139200000,1596202200000,82.6926106109619,13,77.31399841308594,,1596547800000,83.02689060974122,mean reversion or trend exit,2.191286468261871,1.0750039379425047,1.079349577926636,2
AMCR,Materials,rsi2,1596139200000,1596202200000,51.65159847259521,30,49.55500030517578,,1596634200000,53.946,mean reversion or trend exit,65.66411786796576,1.5495479541778563,1.61838,3
WMT,Consumer Staples,rsi2,1596484800000,1596547800000,43.259883842468255,36,41.21799850463867,,1596634200000,43.43985025405884,mean reversion or trend exit,3.357600389786053,1.5573558183288572,1.5638346091461184,1
AON,Financials,rsi2,1596484800000,1596547800000,200.22002427673337,7,193.5250030517578,,1596807000000,194.97482817077636,mean reversion or trend exit,-39.48273670883162,1.4015401699371337,1.3648237971954345,3
CCI,Real Estate,rsi2,1596484800000,1596547800000,164.56439389038084,8,155.71500396728516,,1597066200000,167.89193756103515,mean reversion or trend exit,23.960698713623135,1.3165151511230468,1.3431355004882812,4
WAT,Health Care,rsi2,1596571200000,1596634200000,211.67146672058104,4,195.24800720214844,,1597066200000,212.43734390258788,mean reversion or trend exit,1.3670734855347109,0.8466858668823242,0.8497493756103516,3
CMS,Utilities,rsi2,1596744000000,1596807000000,61.52145908355712,25,59.27900085449219,,1597066200000,63.06687106704712,mean reversion or trend exit,35.52059133348485,1.538036477088928,1.576671776676178,1
WTW,Financials,rsi2,1596484800000,1596547800000,205.37516816711423,7,197.42899475097656,,1597089600000,197.2315657562256,stop,-59.823464013683804,1.4376261771697996,1.3806209602935793,5
DVA,Health Care,rsi2,1596571200000,1596634200000,83.60351663970947,15,78.61799697875976,,1597325400000,81.92799213409424,mean reversion or trend exit,-27.615840215835494,1.2540527495956422,1.2289198820114136,6
RMD,Health Care,rsi2,1596830400000,1597066200000,175.17499999999998,5,161.85800476074218,,1597325400000,175.5542657318115,mean reversion or trend exit,0.1426823303985869,0.875875,0.8777713286590576,3
KDP,Consumer Staples,rsi2,1596830400000,1597066200000,29.51948977088928,53,28.658999061584474,,1597325400000,30.129839847564696,mean reversion or trend exit,29.18713959401902,1.5645329578571319,1.596881511920929,3
WTW,Financials,rsi2,1597089600000,1597152600000,198.70850450134276,7,189.76000213623047,,1597325400000,192.93687487792968,mean reversion or trend exit,-43.142925019546446,1.3909595315093994,1.3505581241455078,2
P,Information Technology,rsi2,1596830400000,1597066200000,17.557540916442868,51,16.087400245666505,,1597435200000,16.071312845420838,stop,-77.51270316397857,0.8954345867385863,0.8196369551164628,5
NEM,Materials,rsi2,1597262400000,1597325400000,64.09402877807617,13,58.29600105285645,,1597757400000,69.73020304870606,mean reversion or trend exit,71.53055050444044,0.8332223741149901,0.9064926396331788,3
NDAQ,Financials,rsi2,1597435200000,1597671000000,43.169793689727776,36,41.35966911315918,,1597757400000,43.3865703048706,mean reversion or trend exit,4.687929041336222,1.5541125728301999,1.5619165309753416,1
ORCL,Information Technology,rsi2,1597262400000,1597325400000,53.963909847259515,28,52.58099784851074,,1597843800000,55.524421829223634,mean reversion or trend exit,40.628662208053804,1.5109894757232665,1.5546838112182617,4
FLEX,Information Technology,rsi2,1597780800000,1597843800000,8.252403858184813,129,7.667671394348145,,1598016600000,7.904672196865082,mean reversion or trend exit,-46.94164712134673,1.064560097705841,1.0197027133955956,2
FFIV,Information Technology,rsi2,1597435200000,1597671000000,136.59646672058105,9,128.73499908447266,,1598275800000,136.2536093902588,mean reversion or trend exit,-5.541366657897904,1.2293682004852293,1.2262824845123292,5
BRK-B,Financials,rsi2,1597694400000,1597757400000,207.1569469451904,7,200.46299743652344,,1598275800000,209.02076573181154,mean reversion or trend exit,10.133487517608854,1.4500986286163329,1.463145360122681,4
BKNG,Consumer Discretionary,rsi2,1597694400000,1597757400000,70.07,19,66.30091934204101,,1598275800000,72.07026024627686,mean reversion or trend exit,35.3042797345812,1.33133,1.3693349446792604,4
APTV,Consumer Discretionary,rsi2,1598040000000,1598275800000,84.63455305480956,13,79.09599914550782,,1598362200000,85.94396878051758,mean reversion or trend exit,14.804883650345023,1.1002491897125242,1.1172715941467286,1
AIZ,Financials,rsi2,1598040000000,1598275800000,120.82069694519042,10,113.93499908447265,,1598362200000,124.99488274383545,mean reversion or trend exit,39.28370218956001,1.2082069694519042,1.2499488274383546,1
STE,Health Care,rsi2,1598040000000,1598275800000,153.9938363342285,10,146.77801055908202,,1598448600000,153.52631268310546,mean reversion or trend exit,-7.75043800140365,1.539938363342285,1.5352631268310548,2
NDSN,Industrials,rsi2,1597953600000,1598016600000,191.19099999999997,7,181.60799102783204,,1598535000000,192.4373748779297,mean reversion or trend exit,6.039225521362566,1.3383369999999999,1.347061624145508,4
VMC,Materials,rsi2,1598299200000,1598362200000,125.37524999999998,9,117.71899719238282,,1598535000000,123.72614847564697,mean reversion or trend exit,-17.08382630545795,1.1283772499999998,1.113535336280823,2
J,Industrials,rsi2,1597348800000,1597411800000,73.84731785583496,21,71.21930160522462,,1598621400000,73.86503350067139,mean reversion or trend exit,-2.729930836921632,1.5507936749725342,1.551165703514099,10
CLX,Consumer Staples,rsi2,1598385600000,1598448600000,219.0788606109619,7,209.28800048828126,,1598967000000,223.71606243896485,mean reversion or trend exit,29.360848334671218,1.5335520242767333,1.566012437072754,4
CIEN,Information Technology,rsi2,1598472000000,1598535000000,57.297241680145255,26,54.479000091552734,,1598967000000,57.27267182922363,mean reversion or trend exit,-3.6176338752057777,1.4897282836837766,1.4890894675598145,3
LH,Health Care,rsi2,1598299200000,1598362200000,153.76185409545897,8,145.40636138916017,,1599139800000,151.9784541320801,mean reversion or trend exit,-16.71312217285138,1.2300948327636718,1.2158276330566407,7
HRL,Consumer Staples,rsi2,1598472000000,1598535000000,51.24118862533569,30,49.37899932861328,,1599139800000,51.34860152435303,mean reversion or trend exit,0.14469326602955768,1.5372356587600706,1.5404580457305908,5
DGX,Health Care,rsi2,1598558400000,1598621400000,110.34023336029051,10,103.46000061035156,,1599139800000,110.99889060974121,mean reversion or trend exit,4.3731812548066635,1.1034023336029053,1.1099889060974122,4
FDS,Financials,rsi2,1598904000000,1598967000000,351.030672668457,4,338.09398498535154,,1599139800000,353.18646853637694,mean reversion or trend exit,5.806314906860459,1.404122690673828,1.4127458741455077,2
DPZ,Consumer Discretionary,rsi2,1598904000000,1598967000000,408.8484424438476,3,393.58599548339845,,1599163200000,393.19240948791503,stop,-49.374221423593006,1.226545327331543,1.1795772284637451,3
DPZ,Consumer Discretionary,rsi2,1599163200000,1599226200000,398.007595336914,3,380.93800048828126,,1599249600000,380.55706248779296,stop,-54.68729252083722,1.194022786010742,1.141671187463379,1
PANW,Information Technology,rsi2,1599163200000,1599226200000,40.146773231506344,33,37.91316680908203,,1599249600000,37.875253642272945,stop,-77.5348733315369,1.3248435166397095,1.2498833701950074,1
ICE,Financials,rsi2,1599163200000,1599226200000,103.43333183288573,15,99.30000076293945,,1599249600000,99.20070076217651,stop,-66.5289765495642,1.551499977493286,1.4880105114326478,1
HD,Consumer Discretionary,rsi2,1599163200000,1599226200000,275.8255377807617,5,263.5930114746094,,1599595200000,263.3294184631348,stop,-65.17637136935394,1.3791276889038087,1.316647092315674,2
TGT,Consumer Staples,rsi2,1599163200000,1599226200000,146.83669244384765,9,139.222998046875,,1599744600000,147.4524060974121,mean reversion or trend exit,2.8928209952087602,1.321530231994629,1.3270716548767092,3
DPZ,Consumer Discretionary,rsi2,1599249600000,1599571800000,381.9515773315429,3,363.64599609375,,1599831000000,400.9886246337891,mean reversion or trend exit,54.76232130084245,1.1458547319946288,1.202965873901367,3
FERG,Industrials,rsi2,1599249600000,1599571800000,92.84275,16,91.18799896240235,,1600090200000,93.60629695129394,mean reversion or trend exit,9.233566469482442,1.485484,1.497700751220703,4
ICE,Financials,rsi2,1599249600000,1599571800000,99.42933183288574,15,96.23500137329101,,1600176600000,100.48940634155274,mean reversion or trend exit,12.902336557388427,1.491439977493286,1.507341095123291,5
HUM,Health Care,rsi2,1599854400000,1600090200000,395.8354424438476,3,371.7469848632812,,1600176600000,404.33525024414064,mean reversion or trend exit,23.098911322815074,1.187506327331543,1.213005750732422,1
IBKR,Financials,rsi2,1599595200000,1599658200000,12.192180305480957,101,11.482000255584717,,1600349400000,11.715772461891174,mean reversion or trend exit,-50.53189543207266,1.2314102108535767,1.1832930186510084,6
BKNG,Consumer Discretionary,rsi2,1599768000000,1599831000000,72.61334280395506,18,68.6788345336914,,1600349400000,71.25627097320556,mean reversion or trend exit,-27.016946001479965,1.3070401704711914,1.2826128775177001,4
LULU,Consumer Discretionary,rsi2,1599681600000,1599744600000,327.22689389038084,2,298.9159912109375,,1600459200000,298.61707521972653,stop,-58.47132527952883,0.6544537877807617,0.597234150439453,7
IRM,Real Estate,rsi2,1600113600000,1600176600000,29.028999999999996,52,27.800999641418457,,1600695000000,27.862109390258787,mean reversion or trend exit,-63.636649394836326,1.5095079999999998,1.448829688293457,4
KR,Consumer Staples,rsi2,1600113600000,1600176600000,32.8428113746643,40,31.034999465942384,,1600695000000,32.88707817077637,mean reversion or trend exit,-0.858523737334864,1.3137124549865722,1.3154831268310547,4
SJM,Consumer Staples,rsi2,1600286400000,1600349400000,110.53041816711425,12,104.75100021362304,,1600695000000,108.76113274383545,mean reversion or trend exit,-23.862923690277025,1.326365018005371,1.3051335929260255,2
GDDY,Information Technology,rsi2,1600372800000,1600435800000,73.16308633422851,12,67.45039978027344,,1600781400000,73.93599213409423,mean reversion or trend exit,7.509680656768833,0.877957036010742,0.8872319056091308,2
EBAY,Consumer Discretionary,rsi2,1600459200000,1600695000000,47.97793030548095,24,45.01500015258789,,1600781400000,50.58935939025879,mean reversion or trend exit,60.308683081970386,1.151470327331543,1.2141446253662111,1
ISRG,Health Care,rsi2,1600459200000,1600695000000,216.24937379455565,5,202.9029968261719,,1601040600000,218.0017812194824,mean reversion or trend exit,6.590781349563602,1.0812468689727783,1.090008906097412,4
MKC,Consumer Staples,rsi2,1600459200000,1600695000000,94.35926438903807,15,90.53250350952149,,1601299800000,97.27263274383544,mean reversion or trend exit,40.82604686496745,1.4153889658355712,1.4590894911575318,5
BF-B,Consumer Staples,rsi2,1600459200000,1600695000000,75.86579091644286,18,72.13000030517578,,1601386200000,75.52439847564698,mean reversion or trend exit,-8.870087343383563,1.3655842364959716,1.3594391725616457,6
GRMN,Consumer Discretionary,rsi2,1600718400000,1600781400000,94.12402877807617,16,89.81600189208984,,1601386200000,95.48442182922363,mean reversion or trend exit,18.7325536086427,1.5059844604492187,1.5277507492675781,5
ORLY,Consumer Discretionary,rsi2,1600718400000,1600781400000,30.468437725067137,46,28.933467292785643,,1601386200000,30.460176675796507,mean reversion or trend exit,-3.1827245288886816,1.4015481353530883,1.4011681270866394,5
EW,Health Care,rsi2,1600977600000,1601040600000,74.25418030548094,16,69.9509994506836,,1601386200000,78.26165634155274,mean reversion or trend exit,61.67936319079615,1.1880668848876952,1.252186501464844,2
DOW,Materials,rsi2,1601064000000,1601299800000,46.546499999999995,20,42.86850242614746,,1601386200000,47.18276954269409,mean reversion or trend exit,10.850805463028008,0.9309299999999998,0.9436553908538817,1
MRK,Health Care,rsi2,1601409600000,1601472600000,78.57085533905028,17,74.51240692138671,,1601559000000,79.29086139678955,mean reversion or trend exit,9.556453797058296,1.3357045407638548,1.3479446437454223,1
PSKY,Communication Services,rsi2,1601496000000,1601559000000,28.18815984725952,33,25.970999717712402,,1601991000000,28.72125,mean reversion or trend exit,15.713964515476315,0.9302092749595642,0.9478012500000002,3
JBHT,Industrials,rsi2,1601582400000,1601645400000,124.94481969451903,10,117.76499862670899,,1601991000000,130.91895304870604,mean reversion or trend exit,57.18269581443793,1.2494481969451905,1.3091895304870604,2
ORCL,Information Technology,rsi2,1601668800000,1601904600000,59.499438625335685,17,55.23600120544434,,1601991000000,59.45048832321167,mean reversion or trend exit,-2.854303894233518,1.0114904566307066,1.0106583014945985,1
AKAM,Information Technology,rsi2,1601668800000,1601904600000,109.2291227493286,11,102.55599975585938,,1602163800000,110.03985152435303,mean reversion or trend exit,6.506057808258228,1.2015203502426146,1.2104383667678833,3
FDS,Financials,rsi2,1601668800000,1601904600000,326.255922668457,3,303.40000915527344,,1602163800000,326.4632185363769,mean reversion or trend exit,-1.336269819854728,0.978767768005371,0.9793896556091308,3
VRSK,Industrials,rsi2,1602014400000,1602077400000,181.89171672058103,7,171.45699310302734,,1602163800000,184.23557817077636,mean reversion or trend exit,13.844139087127836,1.2732420170440673,1.2896490471954347,1
SHW,Materials,rsi2,1602014400000,1602077400000,229.47592025756833,5,216.57901000976562,,1602163800000,231.30845329284668,mean reversion or trend exit,6.858743308639651,1.1473796012878417,1.1565422664642333,1
CHD,Consumer Staples,rsi2,1601928000000,1601991000000,90.85076213836669,17,87.01700439453126,,1602250200000,91.36853908538818,mean reversion or trend exit,5.704479978561469,1.5444629563522339,1.5532651644515991,3
FERG,Industrials,rsi2,1602100800000,1602163800000,99.09899999999999,15,96.94400024414062,,1602595800000,104.69520304870605,mean reversion or trend exit,80.88613268486029,1.4864849999999998,1.5704280457305908,3
DPZ,Consumer Discretionary,rsi2,1602187200000,1602250200000,403.40299999999996,3,379.11000671386716,,1602682200000,408.0015936584473,mean reversion or trend exit,11.361567194366643,1.2102089999999999,1.2240047809753418,3
TDG,Industrials,rsi2,1602619200000,1602682200000,475.0045287780761,2,438.4700164794922,,1602855000000,495.45406219482425,mean reversion or trend exit,38.95814965155045,0.9500090575561523,0.9909081243896485,2
SBAC,Real Estate,rsi2,1602619200000,1602682200000,310.3900665588379,4,292.44700622558594,,1603114200000,311.61806268310545,mean reversion or trend exit,2.4239519801025335,1.2415602662353515,1.2464722507324217,3
HLT,Consumer Discretionary,rsi2,1602619200000,1602682200000,89.08899999999998,11,82.71800079345704,,1603114200000,89.56035152435302,mean reversion or trend exit,3.219723901115551,0.9799789999999998,0.9851638667678834,3
PSKY,Communication Services,rsi2,1602619200000,1602682200000,27.527499999999996,34,25.34900074005127,,1603114200000,28.121849618911742,mean reversion or trend exit,18.315809155956366,0.9359349999999999,0.9561428870429993,3
MAA,Real Estate,rsi2,1602878400000,1603114200000,120.28016366577147,10,113.1030029296875,,1603200600000,118.44143756103516,mean reversion or trend exit,-20.774477059631163,1.2028016366577148,1.1844143756103516,1
UBER,Industrials,rsi2,1602619200000,1602682200000,35.72568862533569,25,32.75370063781738,,1603287000000,36.21375,mean reversion or trend exit,10.403048400974232,0.8931422156333924,0.9053437499999999,5
LIN,Materials,rsi2,1602792000000,1602855000000,231.33110610961913,6,219.32200775146484,,1603287000000,232.24751573181152,mean reversion or trend exit,2.716986002105755,1.387986636657715,1.3934850943908692,3
VZ,Communication Services,rsi2,1603137600000,1603200600000,57.59754091644287,27,55.871999740600586,,1603287000000,57.05289060974121,mean reversion or trend exit,-17.801119932151657,1.5551336047439575,1.540428046463013,1
INVH,Real Estate,rsi2,1602878400000,1603114200000,28.21819053459167,42,26.421100616455078,,1603373400000,28.171800762176513,mean reversion or trend exit,-4.316750075900865,1.1851640024528503,1.1832156320114136,3
TJX,Consumer Discretionary,rsi2,1602878400000,1603114200000,57.046991680145254,20,53.36400184631348,,1603459800000,56.3535898475647,mean reversion or trend exit,-16.136048282165305,1.140939833602905,1.127071796951294,4
SJM,Consumer Staples,rsi2,1603224000000,1603287000000,113.60348786163328,13,109.94100341796874,,1603459800000,116.04384365844727,mean reversion or trend exit,28.739210048820812,1.4768453422012326,1.5085699675598145,2
CSGP,Real Estate,rsi2,1603224000000,1603287000000,83.6115278778076,18,79.76580200195312,,1603805400000,83.20770936584472,mean reversion or trend exit,-10.271479485717618,1.5050075018005369,1.497738768585205,4
STZ,Consumer Staples,rsi2,1603396800000,1603459800000,180.17999999999998,8,171.01699676513672,,1603805400000,174.36545329284667,mean reversion or trend exit,-49.35273728356927,1.4414399999999998,1.3949236263427733,2
CHTR,Communication Services,rsi2,1603224000000,1603287000000,604.9143075561523,2,578.0269958496094,,1603891800000,574.3950007324219,stop gap,-63.39723226403796,1.2098286151123046,1.1487900014648438,5
NFLX,Communication Services,rsi2,1603310400000,1603373400000,49.518470771789545,17,45.08959846496582,,1603891800000,48.58736558532715,mean reversion or trend exit,-17.49658738793172,0.8418140031204223,0.8259852149505615,4
MDLZ,Consumer Staples,rsi2,1603742400000,1603805400000,55.18513106918334,28,53.293999099731444,,1603915200000,53.240705100631715,stop,-57.47985053220038,1.5451836699371335,1.490739742817688,2
TSCO,Consumer Discretionary,rsi2,1603396800000,1603459800000,27.563535297393795,42,25.792599487304688,,1604413800000,26.973,mean reversion or trend exit,-27.093016973029965,1.1576684824905394,1.132866,7
AMCR,Materials,rsi2,1603742400000,1603805400000,53.25320076370239,29,50.815002059936525,,1604413800000,54.845101524353026,mean reversion or trend exit,43.030271292514904,1.5443428221473694,1.590507944206238,5
MAS,Industrials,rsi2,1603828800000,1603891800000,53.28322954177856,28,50.74999847412109,,1604413800000,55.23471091461182,mean reversion or trend exit,51.60297610655226,1.4919304271697997,1.546571905609131,4
MMM,Industrials,rsi2,1603828800000,1603891800000,133.75402751159666,11,128.43311309814453,,1604413800000,137.70496115112306,mean reversion or trend exit,40.47422115950045,1.471294302627563,1.5147545726623537,4
SOXX,ETF / index,rsi2,1603915200000,1603978200000,100.76733078765868,15,96.22133407592773,,1604500200000,106.23033325195313,mean reversion or trend exit,78.84007200382254,1.5115099618148802,1.593454998779297,4
CASY,Consumer Staples,rsi2,1604350800000,1604413800000,169.73957733154296,7,159.73900451660157,,1604500200000,174.63518756103517,mean reversion or trend exit,31.858648252197398,1.1881770413208008,1.2224463129272463,1
DELL,Information Technology,rsi2,1604350800000,1604413800000,30.983816556930538,35,28.847947311401366,,1604500200000,31.63078071784973,mean reversion or trend exit,20.45223472755445,1.084433579492569,1.1070773251247406,1
CMG,Consumer Discretionary,rsi2,1604350800000,1604413800000,23.99236744689941,42,22.1937198638916,,1604586600000,26.168206386566162,mean reversion or trend exit,89.27849136499795,1.0076794327697753,1.0990646682357788,2
TTWO,Communication Services,rsi2,1604350800000,1604413800000,154.93477877807615,7,144.7779968261719,,1604586600000,166.93290609741211,mean reversion or trend exit,81.73381744122332,1.084543451446533,1.168530342681885,2
ARES,Financials,rsi2,1604437200000,1604500200000,41.94190152740478,28,39.279598999023435,,1604586600000,43.80614847564697,mean reversion or trend exit,49.79796915069588,1.174373242767334,1.2265721573181152,1
WAT,Health Care,rsi2,1604437200000,1604500200000,218.6684469451904,5,204.0830062866211,,1604932200000,229.73004670715332,mean reversion or trend exit,53.0660063415529,1.093342234725952,1.1486502335357667,3
EXPD,Industrials,rsi2,1604523600000,1604586600000,88.02794244384765,14,82.65800094604492,,1604932200000,92.45745304870606,mean reversion or trend exit,59.48635293112195,1.232391194213867,1.2944043426818848,2
EXR,Real Estate,rsi2,1604955600000,1605018600000,107.02691816711425,12,100.62899703979492,,1605105000000,115.94393756103516,mean reversion or trend exit,104.32858245831314,1.284323018005371,1.391327250732422,1
PSA,Real Estate,rsi2,1604955600000,1605018600000,222.45222572326657,6,211.2280044555664,,1605105000000,235.1146560974121,mean reversion or trend exit,73.2291809539492,1.3347133543395995,1.4106879365844727,1
ERIE,Financials,rsi2,1604955600000,1605018600000,233.5733363342285,5,218.87699279785156,,1605105000000,239.5002654876709,mean reversion or trend exit,27.269277758102582,1.1678666816711425,1.1975013274383546,1
MKC,Consumer Staples,rsi2,1604955600000,1605018600000,89.58949999999999,15,84.55050048828124,,1605191400000,93.98592182922363,mean reversion or trend exit,63.192696110916266,1.3438424999999998,1.4097888274383545,2
VRT,Industrials,rsi2,1604955600000,1605018600000,16.9168996181488,59,15.574799156188964,,1605191400000,17.452529314041136,mean reversion or trend exit,29.574355750648614,0.9980970774707792,1.0296992295284269,2
KHC,Consumer Staples,rsi2,1605042000000,1605105000000,30.710680305480953,41,28.7308988571167,,1605191400000,31.208759771347047,mean reversion or trend exit,17.882561057359936,1.2591378925247192,1.279559150625229,1
APD,Materials,rsi2,1605128400000,1605191400000,278.1679046630859,5,262.7399932861328,,1605301200000,262.4772532928467,stop,-81.15648264097571,1.3908395233154296,1.3123862664642334,2
CRL,Health Care,rsi2,1605042000000,1605105000000,232.2019712219238,4,212.38300476074218,,1605537000000,237.94181268310547,mean reversion or trend exit,21.078790709106556,0.9288078848876952,0.9517672507324219,3
DLTR,Consumer Staples,rsi2,1605214800000,1605277800000,93.51341816711425,15,88.2270004272461,,1605537000000,95.71418756103516,mean reversion or trend exit,30.173126822891373,1.4027012725067138,1.4357128134155273,1
NKE,Consumer Discretionary,rsi2,1605214800000,1605277800000,128.03791366577147,10,120.01499862670899,,1605537000000,129.33054670715333,mean reversion or trend exit,10.35264581008937,1.2803791366577149,1.2933054670715334,1
ROK,Industrials,rsi2,1605214800000,1605277800000,237.77753327941892,4,217.5980010986328,,1605709800000,241.52823426818847,mean reversion or trend exit,13.085580884887777,0.9511101331176757,0.9661129370727539,3
APD,Materials,rsi2,1605301200000,1605537000000,267.84756655883785,3,244.1139923095703,,1605796200000,266.48325,mean reversion or trend exit,-5.695942126190083,0.8035426996765136,0.79944975,3
AEP,Utilities,rsi2,1605646800000,1605709800000,87.35726663970947,16,82.33100128173828,,1605796200000,83.24667182922363,mean reversion or trend exit,-68.49917998327629,1.3977162662353515,1.331946749267578,1
AMGN,Health Care,rsi2,1605646800000,1605709800000,234.28405305480953,5,220.0279998779297,,1605796200000,226.74303121948242,mean reversion or trend exit,-40.010244598007034,1.1714202652740477,1.1337151560974121,1
NDAQ,Financials,rsi2,1605646800000,1605709800000,41.384677532196044,31,38.79966506958008,,1605882600000,41.688269542694094,mean reversion or trend exit,6.836090966117972,1.2829250034980773,1.292336355823517,2
A,Health Care,rsi2,1605733200000,1605796200000,106.84673786163329,12,100.31899719238281,,1606141800000,111.28860152435303,mean reversion or trend exit,50.68473988000505,1.2821608543395995,1.3354632182922364,2
NEM,Materials,rsi2,1605733200000,1605796200000,61.02095908355712,21,57.300000762939455,,1606228200000,57.25269137191773,mean reversion or trend exit,-81.61736860399229,1.2814401407546996,1.2023065188102724,3
AZO,Consumer Discretionary,rsi2,1605646800000,1605709800000,1119.8988093261717,1,1065.8909545898437,,1606314600000,1136.252624633789,mean reversion or trend exit,14.097663873657464,1.1198988093261717,1.1362526246337892,5
LNT,Utilities,rsi2,1605819600000,1605882600000,52.57252045822143,25,49.35000152587891,,1606314600000,53.366578170776364,mean reversion or trend exit,17.202965348148332,1.314313011455536,1.334164454269409,3
EQIX,Real Estate,rsi2,1606165200000,1606228200000,715.6649622192382,1,665.6560302734375,,1606314600000,698.2910002441406,mean reversion or trend exit,-18.787917937560966,0.7156649622192383,0.6982910002441406,1
TMO,Health Care,rsi2,1605733200000,1605796200000,459.388922668457,2,420.4389953613281,,1606487400000,453.0265309753418,mean reversion or trend exit,-14.54961429351794,0.918777845336914,0.9060530619506837,5
UNH,Health Care,rsi2,1605906000000,1606141800000,335.8855377807617,3,312.3630096435547,,1606746600000,334.77487536621095,mean reversion or trend exit,-5.343968483093154,1.007656613342285,1.004324626098633,4
DHR,Health Care,rsi2,1606510800000,1606746600000,194.79566001892087,5,180.25443115234376,,1606833000000,200.16311613464356,mean reversion or trend exit,24.862486697845622,0.9739783000946044,1.0008155806732177,1
PGR,Financials,rsi2,1606251600000,1606314600000,88.83874999999999,14,83.06299667358398,,1606919400000,89.86004695129394,mean reversion or trend exit,11.796374160797157,1.2437425,1.258040657318115,4
XEL,Utilities,rsi2,1606251600000,1606314600000,68.24818030548094,20,64.32300033569337,,1606919400000,68.1118203048706,mean reversion or trend exit,-5.454400024413796,1.3649636061096189,1.3622364060974121,4
DOC,Real Estate,rsi2,1606770000000,1606833000000,29.279249999999998,30,26.576000785827638,,1607092200000,30.229740228652954,mean reversion or trend exit,26.729437152729105,0.8783774999999999,0.9068922068595887,3
ERIE,Financials,rsi2,1606251600000,1606314600000,228.81858633422848,5,215.32200317382814,,1607115600000,215.1066811706543,stop,-70.77915215539535,1.1440929316711423,1.0755334058532715,7
DVA,Health Care,rsi2,1607029200000,1607092200000,106.2261227493286,11,99.21899795532227,,1607351400000,109.23065634155273,mean reversion or trend exit,30.679844944465792,1.1684873502426147,1.2015372197570802,1
CNP,Utilities,rsi2,1606856400000,1606919400000,22.76273977088928,53,21.236999702453613,,1607437800000,22.99698045730591,mean reversion or trend exit,9.989491207987044,1.206425207857132,1.2188399642372134,4
ROK,Industrials,rsi2,1606856400000,1606919400000,246.87663488769527,4,229.69701080322267,,1607524200000,248.87087512207032,mean reversion or trend exit,5.993970897461105,0.9875065395507812,0.9954835004882813,5
WMT,Consumer Staples,rsi2,1607374800000,1607437800000,49.169118930816644,34,47.5846664428711,,1607524200000,49.95,mean reversion or trend exit,23.179906308586425,1.6717500436477661,1.6983000000000001,1
BBY,Consumer Discretionary,rsi2,1607115600000,1607351400000,105.26516366577147,11,98.19099884033203,,1607610600000,101.64825,mean reversion or trend exit,-42.06209787380958,1.157916800323486,1.11813075,3
HD,Consumer Discretionary,rsi2,1607115600000,1607351400000,263.76349999999996,6,252.00098571777343,,1607610600000,263.81590658569337,mean reversion or trend exit,-2.8510369253537338,1.5825809999999998,1.5828954395141603,3
TGT,Consumer Staples,rsi2,1607461200000,1607524200000,173.52335610961913,9,164.9290023803711,,1607610600000,173.41640634155274,mean reversion or trend exit,-4.085005774658019,1.561710204986572,1.560747657073975,1
RSG,Industrials,rsi2,1606338000000,1606487400000,97.53744244384765,17,92.90000381469727,,1607697000000,93.19671091461181,holding limit at next open,-77.03491660410307,1.65813652154541,1.584344085548401,10
WST,Health Care,rsi2,1607547600000,1607610600000,260.7605,5,247.46399841308593,,1608042600000,265.32440634155273,mean reversion or trend exit,20.189107176055995,1.3038024999999998,1.3266220317077637,3
ETR,Utilities,rsi2,1607461200000,1607524200000,52.91786668014526,31,50.434501266479494,,1608066000000,50.384066765213014,stop,-81.75015729970572,1.6404538670845032,1.5619060697216034,5
DG,Consumer Staples,rsi2,1607547600000,1607610600000,208.64844244384764,8,200.72899475097657,,1608129000000,207.74204695129396,mean reversion or trend exit,-10.582287855590613,1.6691875395507811,1.6619363756103518,4
PEG,Utilities,rsi2,1607547600000,1607610600000,56.75670076370238,29,54.70699806213379,,1608129000000,57.57237106704712,mean reversion or trend exit,20.338895713905682,1.645944322147369,1.6695987609443668,4
WM,Industrials,rsi2,1607634000000,1607697000000,114.94483183288573,14,111.53600311279297,,1608129000000,116.53335152435302,mean reversion or trend exit,18.998581113540823,1.6092276456604002,1.6314669213409423,3
PSKY,Communication Services,rsi2,1607979600000,1608042600000,34.964930305480955,31,32.38499927520752,,1608215400000,35.99396878051758,mean reversion or trend exit,29.700466854469312,1.0839128394699096,1.1158130321960449,2
WMT,Consumer Staples,rsi2,1608066000000,1608129000000,48.795412620544425,34,47.01833572387695,,1608301800000,48.82445964431763,mean reversion or trend exit,-2.33147684871643,1.6590440290985105,1.6600316279067993,2
SNA,Industrials,rsi2,1608066000000,1608129000000,175.5153363342285,9,167.34500274658203,,1608584400000,167.17765774383545,stop,-78.12334426023993,1.5796380270080566,1.504598919694519,4
FOX,Communication Services,rsi2,1608066000000,1608129000000,28.288260229110715,49,26.67189884185791,,1608820200000,27.72225,mean reversion or trend exit,-30.479016227651535,1.3861247512264252,1.35839025,6
AMP,Financials,rsi2,1608152400000,1608215400000,190.3901969451904,8,181.22200469970704,,1608820200000,188.7910157318115,mean reversion or trend exit,-15.826899408447202,1.5231215755615233,1.510328125854492,5
URI,Industrials,rsi2,1608238800000,1608301800000,228.908672668457,5,214.0060028076172,,1608820200000,230.43932817077638,mean reversion or trend exit,5.356537507400716,1.144543363342285,1.152196640853882,4
SNA,Industrials,rsi2,1608584400000,1608647400000,170.19002427673337,9,162.1570083618164,,1609165800000,170.6192032928467,mean reversion or trend exit,0.7953280968936915,1.5317102184906002,1.5355728296356201,3
BXP,Real Estate,rsi2,1608757200000,1608820200000,93.29319694519042,11,86.19499969482422,,1609165800000,93.86603908538818,mean reversion or trend exit,4.242511945839041,1.0262251663970947,1.03252642993927,1
COST,Consumer Staples,rsi2,1608757200000,1608820200000,361.77141366577143,4,350.53301696777345,,1609165800000,365.1345,mean reversion or trend exit,10.544721682251192,1.4470856546630857,1.4605380000000001,1
WMT,Consumer Staples,rsi2,1608757200000,1608820200000,47.894514911651605,34,46.39800186157227,,1609252200000,48.49811852645874,mean reversion or trend exit,17.245173366546826,1.6284135069961547,1.6489360298995972,2
SBUX,Consumer Discretionary,rsi2,1608843600000,1609165800000,103.02291816711424,16,98.2760009765625,,1609252200000,104.78510939025878,mean reversion or trend exit,24.870131129394682,1.648366690673828,1.6765617502441406,1
EBAY,Consumer Discretionary,rsi2,1608843600000,1609165800000,50.55049999999999,24,47.35399971008301,,1609338600000,50.96898045730591,mean reversion or trend exit,7.607063444366695,1.2132119999999997,1.223255530975342,2
PFE,Health Care,rsi2,1608066000000,1608129000000,38.218180305480956,39,36.1957447052002,,1609425000000,36.6233398475647,holding limit at next open,-65.11759714470276,1.4905090319137573,1.4283102540550232,10
NUE,Materials,rsi2,1608843600000,1609165800000,52.65259847259521,24,49.4809986114502,,1609425000000,52.89705076217651,mean reversion or trend exit,3.333663368316768,1.263662363342285,1.2695292182922362,3
STX,Information Technology,rsi2,1609275600000,1609338600000,60.29022954177856,27,57.552996444702146,,1609770600000,62.22771091461182,mean reversion or trend exit,49.00401267417551,1.6278361976280211,1.6801481946945191,2
JBHT,Industrials,rsi2,1609362000000,1609425000000,135.54541366577146,12,129.80700225830077,,1609770600000,136.09376573181152,mean reversion or trend exit,3.3205546397096395,1.6265449639892577,1.6331251887817382,1
WSM,Consumer Discretionary,rsi2,1609189200000,1609252200000,52.34229091644286,22,48.87350082397461,,1609943400000,51.4485,mean reversion or trend exit,-21.94679756190467,1.151530400161743,1.131867,5
ARES,Financials,rsi2,1609362000000,1609425000000,47.54749999999999,34,46.004997634887694,,1609966800000,45.958992637252805,stop,-57.18847108307095,1.616615,1.5626057496665953,4
TSCO,Consumer Discretionary,rsi2,1609448400000,1609770600000,28.208180305480955,56,26.81339912414551,,1610029800000,29.106863679885866,mean reversion or trend exit,47.11662650349446,1.5796580971069334,1.6299843660736086,3
FDX,Industrials,rsi2,1609189200000,1609252200000,212.90406710815427,5,199.24335021972655,,1610053200000,199.04410686950683,stop,-71.35954206312547,1.0645203355407713,0.9952205343475341,7
PHM,Consumer Discretionary,rsi2,1609880400000,1609943400000,40.57052877807617,35,38.37099952697754,,1610116200000,42.69726167678833,mean reversion or trend exit,71.52127878900545,1.4199685072326658,1.4944041586875916,2
PANW,Information Technology,rsi2,1609966800000,1610029800000,58.36330530548095,19,54.35649795532227,,1610116200000,61.10550127029419,mean reversion or trend exit,49.83181600651186,1.108902800804138,1.1610045241355897,1
DHI,Consumer Discretionary,rsi2,1609966800000,1610029800000,66.13606969451904,18,61.908999633789065,,1610116200000,69.38054695129395,mean reversion or trend exit,55.96129152232382,1.1904492545013428,1.248849845123291,1
GDDY,Information Technology,rsi2,1609448400000,1609770600000,83.36327877807616,15,78.39799652099609,,1610375400000,81.4185,mean reversion or trend exit,-31.643408352813694,1.2504491816711425,1.2212775,5
FICO,Information Technology,rsi2,1610053200000,1610116200000,493.39289389038083,2,465.3249908447266,,1610375400000,494.68481268310546,mean reversion or trend exit,0.6076821723022869,0.9867857877807616,0.989369625366211,1
UPS,Industrials,rsi2,1610053200000,1610116200000,159.2691106109619,9,151.3159973144531,,1610461800000,162.2076251220703,mean reversion or trend exit,23.553339978378514,1.4334219954986571,1.4598686260986329,2
FDX,Industrials,rsi2,1610053200000,1610116200000,198.8449017486572,6,186.16598510742188,,1610548200000,201.651494430542,mean reversion or trend exit,14.436577714233485,1.1930694104919433,1.2099089665832519,3
IRM,Real Estate,rsi2,1610398800000,1610461800000,28.028,59,26.750000190734863,,1610634600000,28.531439466476442,mean reversion or trend exit,26.36592159358805,1.653652,1.6833549285221103,2
MCO,Financials,rsi2,1610398800000,1610461800000,277.63734533691405,5,263.9880065917969,,1610721000000,270.8388753662109,mean reversion or trend exit,-36.73473095703132,1.3881867266845702,1.3541943768310547,3
KHC,Consumer Staples,rsi2,1610398800000,1610461800000,32.882848472595214,51,31.64029769897461,,1610744400000,31.608657401275636,stop,-68.27281143686588,1.677025272102356,1.6120415274650575,4
KO,Consumer Staples,rsi2,1610053200000,1610116200000,50.08002877807617,33,48.03599815368652,,1611066600000,48.69126167678833,mean reversion or trend exit,-49.08876692750925,1.6526409496765138,1.606811635334015,6
PCG,Utilities,rsi2,1610571600000,1610634600000,12.17215984725952,122,11.52500057220459,,1611066600000,12.257730457305907,mean reversion or trend exit,7.459167808502273,1.4850035013656613,1.4954431157913206,2
VRSK,Industrials,rsi2,1610485200000,1610548200000,197.02683183288573,8,188.5990005493164,,1611239400000,192.9468593902588,mean reversion or trend exit,-35.759569070800666,1.576214654663086,1.5435748751220704,5
CTAS,Industrials,rsi2,1610744400000,1611066600000,81.50141816711425,15,76.55800170898438,,1611239400000,82.71470310974121,mean reversion or trend exit,15.736032320251505,1.2225212725067138,1.2407205466461182,2
LULU,Consumer Discretionary,rsi2,1610744400000,1611066600000,346.8364802246093,3,322.08900146484376,,1611239400000,356.40324975585935,mean reversion or trend exit,26.59058940380869,1.040509440673828,1.069209749267578,2
ARES,Financials,rsi2,1610744400000,1611066600000,45.385340152740476,35,43.21569938659668,,1611239400000,46.533421829223634,mean reversion or trend exit,36.965702007541815,1.5884869053459167,1.6286697640228271,2
GPN,Financials,rsi2,1610658000000,1610721000000,193.15296672058102,8,183.51300048828125,,1611608400000,183.32948748779296,stop,-81.59969349597147,1.5452237337646482,1.4666358999023437,6
DG,Consumer Staples,rsi2,1611176400000,1611239400000,205.885672668457,8,197.33299407958984,,1611671400000,206.9428439025879,mean reversion or trend exit,5.1547417404787685,1.647085381347656,1.6555427512207033,3
USB,Financials,rsi2,1611176400000,1611239400000,45.73568862533569,31,43.211002349853516,,1611781200000,43.16779134750366,stop,-82.360823491951,1.4178063473854063,1.3382015317726135,5
HLT,Consumer Discretionary,rsi2,1611176400000,1611239400000,107.78768030548095,13,101.9819953918457,,1611781200000,101.88001339645385,stop,-79.52534983547746,1.4012398439712523,1.3244401741539,5
CARR,Industrials,rsi2,1611608400000,1611671400000,38.92888938903808,31,36.412798690795896,,1611781200000,36.3763858921051,stop,-81.46207193863798,1.2067955710601808,1.127667962655258,2
CL,Consumer Staples,rsi2,1611176400000,1611239400000,80.26018030548094,20,77.71799850463867,,1611930600000,78.83109365844726,mean reversion or trend exit,-31.76355841995227,1.6052036061096189,1.5766218731689452,6
CAT,Industrials,rsi2,1611608400000,1611671400000,187.78760610961913,8,178.10799713134764,,1612276200000,186.3135,mean reversion or trend exit,-14.785657725829983,1.5023008488769531,1.4905080000000002,5
ADSK,Information Technology,rsi2,1611781200000,1611844200000,277.43716366577144,3,256.4669982910156,,1612276200000,288.3313751220703,mean reversion or trend exit,30.985328752533107,0.8323114909973143,0.864994125366211,3
TEL,Information Technology,rsi2,1611867600000,1611930600000,119.17905755615233,13,113.66800079345703,,1612276200000,126.18368756103516,mean reversion or trend exit,87.87047437695331,1.5493277482299803,1.640387938293457,2
MS,Financials,rsi2,1611781200000,1611844200000,69.50944244384765,13,64.00899963378906,,1612362600000,70.79913274383544,mean reversion or trend exit,14.941962422401476,0.9036227517700194,0.9203887256698607,4
EW,Health Care,rsi2,1612213200000,1612276200000,82.30222122192382,16,77.51999969482422,,1612362600000,83.42649213409423,mean reversion or trend exit,15.336675181030378,1.3168355395507811,1.3348238741455078,1
BBY,Consumer Discretionary,rsi2,1612213200000,1612276200000,108.05794694519042,10,100.73500442504883,,1612449000000,112.5273593902588,mean reversion or trend exit,42.48827138732922,1.0805794694519044,1.125273593902588,2
FERG,Industrials,rsi2,1611781200000,1611844200000,119.03891816711425,13,117.14599914550782,,1612535400000,119.03085152435303,mean reversion or trend exit,-3.199773361884954,1.5475059361724852,1.5474010698165894,6
LDOS,Industrials,rsi2,1612213200000,1612276200000,105.92581969451903,11,99.29299850463867,,1612535400000,106.84304695129394,mean reversion or trend exit,7.749042291420039,1.1651840166397094,1.1752735164642334,3
LLY,Health Care,rsi2,1612299600000,1612362600000,198.00780755615233,5,183.60700225830078,,1612535400000,201.4183751220703,mean reversion or trend exit,15.05570691619875,0.9900390377807616,1.0070918756103515,2
FFIV,Information Technology,rsi2,1612299600000,1612362600000,194.88469244384763,6,181.98700408935548,,1612535400000,198.88092182922364,mean reversion or trend exit,21.614782626617643,1.169308154663086,1.1932855309753418,2
JNJ,Health Care,rsi2,1612386000000,1612449000000,161.16099999999997,10,154.12200164794922,,1612535400000,164.6951406097412,mean reversion or trend exit,32.082844691314875,1.6116099999999998,1.646951406097412,1
WST,Health Care,rsi2,1612472400000,1612535400000,291.87156655883786,4,275.2589965820313,,1612881000000,294.0556560974121,mean reversion or trend exit,6.3926492636720225,1.1674862662353513,1.1762226243896485,2
DVA,Health Care,rsi2,1612472400000,1612535400000,110.42030755615234,12,104.03300018310547,,1612967400000,111.78810152435302,mean reversion or trend exit,13.747026709442174,1.325043690673828,1.3414572182922364,3
IP,Materials,rsi2,1612472400000,1612535400000,44.54260219955444,23,41.17613525390625,,1612967400000,45.636134284973146,mean reversion or trend exit,23.077127025486156,1.024479850589752,1.0496310885543825,3
CTSH,Information Technology,rsi2,1612472400000,1612535400000,74.62455305480957,19,70.52300415039062,,1612967400000,76.16375786590577,mean reversion or trend exit,26.379913503334173,1.417866508041382,1.4471113994522096,3
UNH,Health Care,rsi2,1612818000000,1612881000000,324.22389389038085,4,308.6179992675781,,1612967400000,332.32734365844726,mean reversion or trend exit,29.78759412207033,1.2968955755615235,1.3293093746337892,1
DOC,Real Estate,rsi2,1612904400000,1612967400000,30.150120840072628,42,28.279999351501466,,1613053800000,30.799169923782348,mean reversion or trend exit,24.700191303726324,1.2663050752830505,1.2935651367988588,1
CPT,Real Estate,rsi2,1612904400000,1612967400000,100.9608606109619,16,96.18199844360352,,1613053800000,103.83606243896485,mean reversion or trend exit,42.726478479248264,1.6153737697753905,1.6613769990234375,1
QCOM,Information Technology,rsi2,1612472400000,1612535400000,148.9988561096191,6,137.00300140380858,,1613485800000,148.851,mean reversion or trend exit,-2.6742357943723922,0.8939931366577147,0.8931060000000001,6
ICE,Financials,rsi2,1612990800000,1613053800000,112.38226663970946,14,106.78500366210938,,1613572200000,111.9579296951294,mean reversion or trend exit,-9.08147997280862,1.5733517329559326,1.5674110157318115,3
CME,Financials,rsi2,1612990800000,1613053800000,185.94575450134275,7,175.7770004272461,,1613572200000,189.23057817077637,mean reversion or trend exit,20.36753135733051,1.3016202815093993,1.3246140471954346,3
RMD,Health Care,rsi2,1612904400000,1612967400000,201.57136511230468,6,188.6820037841797,,1613658600000,197.48231268310548,mean reversion or trend exit,-26.92863664196766,1.2094281906738282,1.184893876098633,5
HAS,Consumer Discretionary,rsi2,1612904400000,1612967400000,90.9308363342285,13,84.98499908447266,,1613745000000,92.13777335357666,mean reversion or trend exit,13.310289325584618,1.1821008723449704,1.1977910535964966,6
EXC,Utilities,rsi2,1613163600000,1613485800000,30.09425791931152,55,28.66191177368164,,1613745000000,29.93437205886841,mean reversion or trend exit,-12.095296973171028,1.6551841855621336,1.6463904632377626,3
PAYX,Industrials,rsi2,1613509200000,1613572200000,88.28819694519042,18,85.34700317382813,,1613745000000,90.58932030487061,mean reversion or trend exit,38.20042516374232,1.5891875450134276,1.6306077654876712,2
TMUS,Communication Services,rsi2,1613509200000,1613572200000,122.01188938903807,11,115.1089973449707,,1613745000000,122.97689847564698,mean reversion or trend exit,7.920223286186381,1.342130783279419,1.3527458832321169,2
TROW,Financials,rsi2,1613682000000,1613745000000,160.5403848876953,9,152.0749969482422,,1614004200000,161.88795304870607,mean reversion or trend exit,9.226258407669317,1.4448634639892577,1.4569915774383546,1
NEE,Utilities,rsi2,1613595600000,1613658600000,80.91083183288573,17,76.4369987487793,,1614027600000,76.36056175003053,stop,-80.02820509944809,1.3754841411590577,1.298129549750519,3
ROL,Industrials,rsi2,1613768400000,1614004200000,35.73570076370239,40,33.772002410888675,,1614090600000,34.965,mean reversion or trend exit,-33.65605857864355,1.4294280305480958,1.3986,1
AAPL,Information Technology,rsi2,1613682000000,1613745000000,130.37024549865723,9,122.17300567626953,,1614114000000,122.05083267059325,stop,-77.14650515609902,1.173332209487915,1.0984574940353393,3
WAB,Industrials,rsi2,1613682000000,1613745000000,72.63255755615234,14,67.01699905395508,,1614263400000,74.7851406097412,mean reversion or trend exit,28.07231497592167,1.0168558057861328,1.0469919685363769,4
DVA,Health Care,rsi2,1613682000000,1613745000000,99.91981969451903,12,93.47700119018555,,1614263400000,103.06682817077636,mean reversion or trend exit,35.32826194070437,1.1990378363342284,1.2368019380493163,4
AWK,Utilities,rsi2,1614027600000,1614090600000,152.16200450134275,10,144.7899948120117,,1614349800000,145.98387487792968,mean reversion or trend exit,-64.76275502792343,1.5216200450134274,1.4598387487792968,3
PLD,Real Estate,rsi2,1614114000000,1614177000000,104.59448786163328,15,99.99400329589844,,1614373200000,99.89400929260253,stop,-73.57450599277479,1.5689173179244993,1.498410139389038,3
NEE,Utilities,rsi2,1614027600000,1614090600000,75.07499999999999,17,70.5599967956543,,1614695400000,76.55336725616455,mean reversion or trend exit,22.554561111442727,1.2762749999999998,1.3014072433547974,5
ERIE,Financials,rsi2,1614200400000,1614263400000,245.24499999999998,5,229.98099517822266,,1614695400000,249.79995304870604,mean reversion or trend exit,20.299540478286808,1.226225,1.2489997652435303,3
AAPL,Information Technology,rsi2,1614286800000,1614349800000,122.7125863342285,8,113.83199844360351,,1614695400000,128.28159365844726,mean reversion or trend exit,42.54410515380867,0.981700690673828,1.0262527492675781,2
EBAY,Consumer Discretionary,rsi2,1614200400000,1614263400000,59.45940152740478,19,55.297000885009766,,1614805200000,55.24170388412475,stop,-82.31557622513957,1.1297286290206907,1.0495923737983703,5
DLTR,Consumer Staples,rsi2,1614373200000,1614609000000,98.89880305480956,13,93.13799896240235,,1614868200000,101.69820304870605,mean reversion or trend exit,33.784438841308614,1.2856844397125244,1.3220766396331787,3
DXCM,Health Care,rsi2,1614718800000,1614781800000,96.79419963836669,13,90.96325149536133,,1614868200000,91.87803121948242,mean reversion or trend exit,-66.36292844664753,1.258324595298767,1.1944144058532715,1
HSY,Consumer Staples,rsi2,1614632400000,1614695400000,145.24510610961912,11,139.6960021972656,,1614954600000,146.54331243896485,mean reversion or trend exit,11.070597018768623,1.5976961672058103,1.6119764368286134,3
PSA,Real Estate,rsi2,1614632400000,1614695400000,231.49125450134275,7,221.63699951171876,,1615213800000,235.99376573181152,mean reversion or trend exit,28.245183471649305,1.6204387815093992,1.6519563601226808,4
CPT,Real Estate,rsi2,1614805200000,1614868200000,103.63352877807615,14,98.3420036315918,,1615300200000,103.54635152435303,mean reversion or trend exit,-4.12099987635778,1.4508694028930662,1.4496489213409425,3
JNJ,Health Care,rsi2,1614805200000,1614868200000,156.14599549865721,10,151.07000274658202,,1615300200000,156.7331093902588,mean reversion or trend exit,2.742347867126593,1.561459954986572,1.5673310939025877,3
LUV,Industrials,rsi2,1614891600000,1614954600000,56.41636061096191,18,52.14700202941894,,1615300200000,60.10982817077637,mean reversion or trend exit,64.38494467858895,1.0154944909973145,1.0819769070739746,2
TTWO,Communication Services,rsi2,1614978000000,1615213800000,170.35017266845702,6,157.40400085449218,,1615300200000,168.831,mean reversion or trend exit,-11.15012304675293,1.022101036010742,1.012986,1
WAT,Health Care,rsi2,1614805200000,1614868200000,265.08482733154295,6,254.52100219726563,,1615386600000,274.68503146362303,mean reversion or trend exit,54.362605639709486,1.5905089639892576,1.6481101887817382,4
CBRE,Real Estate,rsi2,1615323600000,1615386600000,76.11604091644286,12,69.9089973449707,,1615473000000,77.05286725616455,mean reversion or trend exit,9.403889178589,0.9133924909973143,0.9246344070739746,1
ZBRA,Information Technology,rsi2,1615237200000,1615300200000,469.08861511230464,1,424.7920196533203,,1615559400000,477.0225,mean reversion or trend exit,6.987773772583037,0.46908861511230465,0.4770225,3
SW,Materials,rsi2,1615237200000,1615300200000,46.1060613746643,35,45.200001907348636,,1615815000000,46.77317969512939,mean reversion or trend exit,20.098367778835474,1.6137121481132506,1.6370612893295289,4
LYB,Materials,rsi2,1615924800000,1615987800000,106.07597122192382,10,98.29300003051758,,1616074200000,109.29060152435302,mean reversion or trend exit,29.99263729682923,1.0607597122192383,1.0929060152435301,1
PKG,Materials,rsi2,1615838400000,1615901400000,134.31417266845702,12,128.96900634765626,,1616419800000,127.95192182922364,stop gap,-79.49420320477276,1.6117700720214845,1.5354230619506837,4
IRM,Real Estate,rsi2,1615924800000,1615987800000,35.80577045822143,37,33.69999942779541,,1616506200000,36.47348832321167,mean reversion or trend exit,22.031228429725758,1.3248135069541929,1.3495190679588318,4
AON,Financials,rsi2,1615838400000,1615901400000,225.83561061096188,7,216.27899627685548,,1616679000000,225.48429670715333,mean reversion or trend exit,-5.618436677886626,1.5808492742767333,1.5783900769500734,7
ECL,Materials,rsi2,1616011200000,1616074200000,209.889672668457,7,199.47298736572264,,1616679000000,207.2625312194824,mean reversion or trend exit,-21.31005557003766,1.469227708679199,1.450837718536377,5
REG,Real Estate,rsi2,1616184000000,1616419800000,56.056,21,52.374000549316406,,1616765400000,57.7621796951294,mean reversion or trend exit,33.43959182411968,1.177176,1.2130057735977173,4
ADM,Consumer Staples,rsi2,1616443200000,1616506200000,56.15609847259521,29,53.95500030517578,,1616765400000,57.11282817077637,mean reversion or trend exit,24.460362374595768,1.6285268557052612,1.6562720169525147,3
BG,Consumer Staples,rsi2,1616616000000,1616679000000,75.07499999999999,17,70.53599700927734,,1616765400000,77.89203121948242,mean reversion or trend exit,45.28909120047012,1.2762749999999998,1.324164530731201,1
ROST,Consumer Discretionary,rsi2,1616616000000,1616679000000,113.79368030548095,10,106.52000274658204,,1616765400000,119.40047664642334,mean reversion or trend exit,53.736021839904915,1.1379368030548094,1.1940047664642335,1
LLY,Health Care,rsi2,1615838400000,1615901400000,191.73153327941893,5,178.38700103759766,,1617024600000,184.47534365844726,mean reversion or trend exit,-38.16198248954767,0.9586576663970947,0.9223767182922363,9
VTR,Real Estate,rsi2,1616702400000,1616765400000,53.99393862533569,21,50.243002319335936,,1617024600000,54.47546878051758,mean reversion or trend exit,7.834275703296841,1.1338727111320495,1.1439848443908693,1
IDXX,Health Care,rsi2,1616702400000,1616765400000,473.5030287780761,2,436.86298828125,,1617111000000,473.8956251220703,mean reversion or trend exit,-1.109604619811837,0.9470060575561522,0.9477912502441407,2
IBKR,Financials,rsi2,1616702400000,1616765400000,18.738719312667843,47,17.03174991607666,,1617283800000,18.269212881088258,mean reversion or trend exit,-23.80617509734705,0.8807198076953887,0.8586530054111481,4
INTU,Information Technology,rsi2,1616702400000,1616765400000,369.5291636657714,3,346.85602416992185,,1617283800000,388.53109341430667,mean reversion or trend exit,54.7316084743655,1.1085874909973144,1.1655932802429199,4
ARES,Financials,rsi2,1617048000000,1617111000000,52.792741680145255,26,49.81750144958496,,1617283800000,56.2636796951294,mean reversion or trend exit,87.40892143383056,1.3726112836837767,1.4628556720733643,2
FISV,Financials,rsi2,1617220800000,1617283800000,120.11999999999999,12,113.8900016784668,,1617629400000,122.16771091461182,mean reversion or trend exit,21.66507844436658,1.4414399999999998,1.4660125309753418,1
CHTR,Communication Services,rsi2,1617220800000,1617283800000,618.6179999999999,2,582.4340209960938,,1617629400000,606.8725004882813,mean reversion or trend exit,-25.941980024413887,1.237236,1.2137450009765627,1
CMCSA,Communication Services,rsi2,1617220800000,1617283800000,51.2414444656372,27,48.31209030151367,,1617715800000,50.91435907745361,mean reversion or trend exit,-11.589512176620396,1.3835190005722044,1.3746876950912474,2
EIX,Utilities,rsi2,1617220800000,1617283800000,58.558499999999995,29,56.248999404907224,,1617715800000,59.47046878051758,mean reversion or trend exit,23.024254540374894,1.6981964999999999,1.7246435946350098,2
SW,Materials,rsi2,1617220800000,1617283800000,45.89584847259521,37,44.834998321533206,,1617888600000,48.90105076217652,mean reversion or trend exit,107.68499944282173,1.6981463934860228,1.809338878200531,4
HAS,Consumer Discretionary,rsi2,1617307200000,1617629400000,95.79569694519041,14,90.3479995727539,,1617888600000,97.38252335357666,mean reversion or trend exit,19.51107463322468,1.3411397572326658,1.3633553269500733,3
ELV,Health Care,rsi2,1617307200000,1617629400000,356.80646221923826,3,335.97300109863284,,1618234200000,359.7998436584473,mean reversion or trend exit,6.830325399994036,1.0704193866577147,1.079399530975342,5
HUM,Health Care,rsi2,1617739200000,1617802200000,408.7483363342285,4,391.4399841308594,,1618234200000,418.0815,mean reversion or trend exit,34.02533531774912,1.634993345336914,1.672326,3
DD,Industrials,rsi2,1617825600000,1617888600000,94.92746660614013,18,90.80334396362305,,1618320600000,95.23938970184327,mean reversion or trend exit,2.1916123091127515,1.7086943989105223,1.7143090146331788,3
URI,Industrials,rsi2,1617825600000,1617888600000,321.28095144653315,3,297.6629913330078,,1618320600000,323.88578146362306,mean reversion or trend exit,5.87898985253926,0.9638428543395994,0.9716573443908693,3
JNJ,Health Care,rsi2,1617998400000,1618234200000,161.2510863342285,10,157.0800048828125,,1618320600000,156.7031406097412,stop gap,-48.65899951431248,1.6125108633422849,1.5670314060974122,1
PSX,Energy,rsi2,1617912000000,1617975000000,78.59851663970946,16,73.44199752807617,,1618493400000,78.95096878051758,mean reversion or trend exit,3.1184424862063764,1.2575762662353513,1.2632155004882815,4
SLB,Energy,rsi2,1618257600000,1618320600000,26.26623977088928,49,24.585000419616698,,1618493400000,27.182789085388183,mean reversion or trend exit,42.29191399648875,1.2870457487735747,1.331956665184021,2
FFIV,Information Technology,rsi2,1618257600000,1618320600000,208.388172668457,7,197.41399536132812,,1618493400000,211.06871878051757,mean reversion or trend exit,15.827624544281157,1.458717208679199,1.4774810314636229,2
CMCSA,Communication Services,rsi2,1617998400000,1618234200000,50.15319528579711,34,48.04404907226562,,1618579800000,51.49484414291382,mean reversion or trend exit,42.16002780139195,1.7052086397171018,1.75082470085907,4
LYV,Communication Services,rsi2,1618430400000,1618493400000,82.67258633422851,13,76.35300216674804,,1618925400000,80.90900786590576,mean reversion or trend exit,-25.053080812797475,1.0747436223449707,1.0518171022567748,3
DAL,Industrials,rsi2,1618430400000,1618493400000,48.90886061096191,21,44.95199813842773,,1618948800000,44.9070461402893,stop,-86.008237925901,1.0270860728302,0.9430479689460753,4
F,Consumer Discretionary,rsi2,1618862400000,1618925400000,12.072060420036314,120,11.396999931335449,,1618948800000,11.385602931404113,stop,-85.18981823803689,1.4486472504043577,1.3662723517684936,1
NXPI,Information Technology,rsi2,1618344000000,1618407000000,201.4011969451904,5,187.00800323486328,,1619098200000,201.0387654876709,mean reversion or trend exit,-3.8243570997618352,1.007005984725952,1.0051938274383545,6
MRVL,Information Technology,rsi2,1618430400000,1618493400000,48.64859847259521,21,44.70199966430664,,1619098200000,47.722230457305905,mean reversion or trend exit,-21.47751572860335,1.0216205679244994,1.002166839603424,5
WYNN,Consumer Discretionary,rsi2,1618516800000,1618579800000,127.76763938903807,8,118.21300582885742,,1619098200000,124.48539060974122,mean reversion or trend exit,-28.276014474365038,1.0221411151123045,0.9958831248779297,4
F,Consumer Discretionary,rsi2,1618948800000,1619011800000,11.371359656333922,119,10.703000164031982,,1619184600000,11.95803026676178,mean reversion or trend exit,67.03760524006664,1.3531917991037368,1.4230056017446517,2
TTWO,Communication Services,rsi2,1619035200000,1619098200000,176.54636511230467,9,168.97399444580077,,1619184600000,178.1716560974121,mean reversion or trend exit,11.435156675079387,1.588917286010742,1.603544904876709,1
DAL,Industrials,rsi2,1618948800000,1619011800000,44.044,27,41.124000549316406,,1619443800000,46.4535,mean reversion or trend exit,62.61306750000003,1.189188,1.2542445,3
META,Communication Services,rsi2,1619121600000,1619184600000,299.0587697753906,4,282.2379852294922,,1619443800000,303.0366563415527,mean reversion or trend exit,13.503164560180677,1.1962350791015623,1.212146625366211,1
PCG,Utilities,rsi2,1619035200000,1619098200000,11.261249999999999,100,10.43699951171875,,1619530200000,10.819169923782349,mean reversion or trend exit,-46.41604961414321,1.1261249999999998,1.081916992378235,3
FDX,Industrials,rsi2,1619035200000,1619098200000,223.69648020935057,7,214.54793853759764,,1619616600000,230.75209492492675,mean reversion or trend exit,46.208162983093345,1.5658753614654541,1.6152646644744872,4
WTW,Financials,rsi2,1619208000000,1619443800000,234.03380305480954,7,224.3820007324219,,1619616600000,235.6441248779297,mean reversion or trend exit,7.984507266311941,1.6382366213836668,1.649508874145508,2
CMG,Consumer Discretionary,rsi2,1619208000000,1619443800000,29.39456524276733,53,27.861180114746094,,1619703000000,29.389581624984743,mean reversion or trend exit,-3.3796915264680676,1.5579119578666687,1.5576478261241915,3
LMT,Industrials,rsi2,1619467200000,1619530200000,371.87149999999997,4,359.93100891113284,,1619789400000,378.48112536621096,mean reversion or trend exit,23.437090963379124,1.4874859999999999,1.513924501464844,3
EIX,Utilities,rsi2,1619553600000,1619616600000,58.65859847259521,29,56.53000106811523,,1619789400000,58.98096091461181,mean reversion or trend exit,5.936963596252532,1.7010993557052612,1.7104478665237426,2
SW,Materials,rsi2,1619553600000,1619616600000,48.208159847259516,35,45.98599967956543,,1620048600000,49.06089060974121,mean reversion or trend exit,26.441159920864173,1.687285594654083,1.7171311713409423,3
RVTY,Health Care,rsi2,1619726400000,1619789400000,130.4903606109619,13,125.18799896240235,,1620048600000,130.7591093902588,mean reversion or trend exit,0.09749102084400851,1.6963746879425046,1.6998684220733644,1
NRG,Utilities,rsi2,1619121600000,1619184600000,37.11708183288574,43,35.267999267578126,,1620135000000,35.384578170776365,mean reversion or trend exit,-77.61522885086052,1.5960345188140868,1.5215368613433837,7
LOW,Consumer Discretionary,rsi2,1619640000000,1619703000000,197.5073075561523,8,189.50900115966797,,1620135000000,198.50129695129394,mean reversion or trend exit,4.783846325073432,1.5800584604492185,1.5880103756103516,3
BMY,Health Care,rsi2,1619812800000,1620048600000,62.762700763702384,27,60.40799903869629,,1620221400000,63.836101524353026,mean reversion or trend exit,25.56365287578985,1.6945929206199644,1.7235747411575317,2
TYL,Information Technology,rsi2,1619726400000,1619789400000,426.50606655883786,4,408.6580078125,,1620244800000,408.2493498046875,stop,-76.3658886820556,1.7060242662353515,1.6329973992187499,4
FICO,Information Technology,rsi2,1620072000000,1620135000000,511.72120144653314,3,494.17901306152345,,1620244800000,493.68483404846194,stop,-57.125320300698604,1.5351636043395995,1.4810545021453858,2
AXON,Industrials,rsi2,1620158400000,1620221400000,142.6124712219238,8,132.40900573730468,,1620331200000,132.27659673156737,stop,-84.8861084664795,1.1408997697753904,1.0582127738525389,2
FICO,Information Technology,rsi2,1620244800000,1620307800000,491.91143344116205,3,473.3400054931641,,1620331200000,472.8666654876709,stop,-60.02863815725994,1.4757343003234862,1.4185999964630127,1
FOXA,Communication Services,rsi2,1620072000000,1620135000000,36.94690984725952,37,34.739999771118164,,1620394200000,37.45251167678833,mean reversion or trend exit,15.95448909617635,1.3670356643486024,1.3857429320411685,3
ABT,Health Care,rsi2,1619812800000,1620048600000,120.67055305480956,14,116.00900192260742,,1620653400000,119.08079695129395,mean reversion or trend exit,-25.61310434930401,1.6893877427673338,1.6671311573181153,5
INTU,Information Technology,rsi2,1620244800000,1620307800000,391.2008075561523,4,374.79100646972654,,1620653400000,399.8297809753418,mean reversion or trend exit,31.35177132263199,1.5648032302246093,1.5993191239013673,2
TECH,Health Care,rsi2,1620331200000,1620394200000,102.79018749999999,13,96.87700500488282,,1620653400000,105.17721871948243,mean reversion or trend exit,28.32782957241842,1.3362724375,1.3673038433532716,1
CTSH,Information Technology,rsi2,1620417600000,1620653400000,74.94487274932861,22,71.3880012512207,,1620739800000,73.39653121948243,mean reversion or trend exit,-37.32702454392988,1.6487872004852295,1.6147236868286134,1
WDAY,Information Technology,rsi2,1620331200000,1620394200000,236.73649999999998,5,221.5459945678711,,1620826200000,232.08768731689455,mean reversion or trend exit,-25.58818435211164,1.1836825,1.1604384365844729,3
SBAC,Real Estate,rsi2,1620417600000,1620653400000,293.1228165588379,5,278.95200500488284,,1620912600000,282.2874373168945,mean reversion or trend exit,-57.05394747909552,1.4656140827941895,1.4114371865844726,3
AES,Utilities,rsi2,1620331200000,1620394200000,25.59556969451904,59,24.249000358581544,,1620936000000,24.224751358222964,stop,-83.81768078358022,1.5101386119766234,1.429260330135155,5
GPN,Financials,rsi2,1620676800000,1620739800000,193.44324999999998,8,186.5719970703125,,1620999000000,197.8219842681885,mean reversion or trend exit,31.89975227136257,1.5475459999999999,1.5825758741455078,3
IBKR,Financials,rsi2,1620417600000,1620653400000,17.5175,68,16.341499519348144,,1621258200000,17.162820304870607,mean reversion or trend exit,-26.476481049529813,1.1911899999999997,1.1670717807312012,5
ZBH,Health Care,rsi2,1620763200000,1620826200000,161.4039642791748,10,156.19903717041015,,1621258200000,161.8185949859619,mean reversion or trend exit,0.9140814752197108,1.614039642791748,1.6181859498596192,3
ROP,Information Technology,rsi2,1620849600000,1620912600000,430.68024999999994,3,413.49201049804685,,1621258200000,437.6619060974121,mean reversion or trend exit,18.339941823944233,1.29204075,1.3129857182922362,2
TDY,Information Technology,rsi2,1620936000000,1620999000000,413.69327877807615,3,390.8230041503906,,1621258200000,422.9566248779297,mean reversion or trend exit,25.28008858859263,1.2410798363342286,1.2688698746337892,1
COR,Health Care,rsi2,1621022400000,1621258200000,116.42630755615234,13,110.75399703979492,,1621517400000,118.39149213409424,mean reversion or trend exit,22.494768117271462,1.5135419982299805,1.5390893977432252,3
DIS,Communication Services,rsi2,1621022400000,1621258200000,172.8726969451904,9,165.82599334716798,,1621603800000,172.04778121948243,mean reversion or trend exit,-10.528525834853761,1.5558542725067137,1.5484300309753418,4
DGX,Health Care,rsi2,1621281600000,1621344600000,132.35222122192383,12,125.86099548339844,,1621863000000,131.868,mean reversion or trend exit,-8.98129731774907,1.5882266546630859,1.582416,4
SW,Materials,rsi2,1621368000000,1621431000000,52.23218030548095,31,50.045999908447264,,1621863000000,50.849101524353024,mean reversion or trend exit,-46.07096195169062,1.6191975894699095,1.5763221472549438,3
CTVA,Materials,rsi2,1621540800000,1621603800000,44.704659847259514,25,41.51470108032227,,1621949400000,45.05489847564697,mean reversion or trend exit,6.511976751613802,1.117616496181488,1.1263724618911743,2
STE,Health Care,rsi2,1621454400000,1621517400000,190.13994694519042,8,181.99899139404297,,1622035800000,191.34845329284667,mean reversion or trend exit,6.616143579345733,1.5211195755615234,1.5307876263427733,4
MAS,Industrials,rsi2,1621627200000,1621863000000,61.08102045822143,21,57.37499732971192,,1622035800000,60.939,mean reversion or trend exit,-5.544850052272702,1.28270142962265,1.279719,2
TJX,Consumer Discretionary,rsi2,1621886400000,1621949400000,66.98691816711425,18,62.82800064086914,,1622035800000,67.71221878051757,mean reversion or trend exit,10.630826576202386,1.2057645270080566,1.2188199380493163,1
DLTR,Consumer Staples,rsi2,1620936000000,1620999000000,110.13001663970947,14,105.60700225830078,,1622122200000,102.23765634155274,stop gap,-113.4661915959319,1.5418202329559327,1.4313271887817383,9
EG,Financials,rsi2,1621627200000,1621863000000,265.71546221923825,5,252.6,,1622208600000,261.31840658569337,mean reversion or trend exit,-24.62044751174906,1.3285773110961914,1.3065920329284668,4
AMCR,Materials,rsi2,1621972800000,1622035800000,58.358299236297604,27,56.03499870300293,,1622208600000,59.14080076217651,mean reversion or trend exit,17.955065498771674,1.5756740793800352,1.5968016205787658,2
WRB,Financials,rsi2,1621972800000,1622035800000,34.38991204452514,47,32.80977897644043,,1622554200000,34.87175913619995,mean reversion or trend exit,19.391514763221913,1.6163258660926816,1.6389726794013975,3
ORLY,Consumer Discretionary,rsi2,1622145600000,1622208600000,35.34731227493286,46,34.051802444458005,,1622554200000,35.76752994918823,mean reversion or trend exit,16.058730273437398,1.6259763646469116,1.6453063776626586,1
PFE,Health Care,rsi2,1622059200000,1622122200000,39.00897122192382,41,37.356999206542966,,1622727000000,38.72123832321167,mean reversion or trend exit,-14.983987438548711,1.5993678200988768,1.5875707712516784,4
SJM,Consumer Staples,rsi2,1622145600000,1622208600000,132.95282733154295,12,127.40500335693359,,1622727000000,136.55331243896484,mean reversion or trend exit,39.971747611816575,1.5954339279785155,1.6386397492675782,3
DVA,Health Care,rsi2,1622232000000,1622554200000,120.4703484725952,13,114.94199981689454,,1622813400000,121.44842969512939,mean reversion or trend exit,9.570111776764001,1.5661145301437378,1.578829586036682,3
HPQ,Information Technology,rsi2,1622232000000,1622554200000,29.749719312667843,31,27.2010009765625,,1623072600000,30.769199237823486,mean reversion or trend exit,29.727791204759708,0.9222412986927031,0.9538451763725281,4
VRSN,Information Technology,rsi2,1622750400000,1622813400000,217.87766366577145,7,208.79200439453126,,1623072600000,218.53125,mean reversion or trend exit,1.5202419439394463,1.5251436456604002,1.52971875,1
CI,Health Care,rsi2,1622664000000,1622727000000,255.44519244384762,6,245.63899688720704,,1623096000000,245.39335789031983,stop,-63.3160386231717,1.5326711546630856,1.472360147341919,3
AZO,Consumer Discretionary,rsi2,1621972800000,1622035800000,1417.025595336914,1,1359.8230224609374,,1623245400000,1391.7967514648437,mean reversion or trend exit,-28.037666218871987,1.417025595336914,1.3917967514648437,9
YUM,Consumer Discretionary,rsi2,1622664000000,1622727000000,118.55844244384764,13,115.98999710083008,,1623245400000,119.04084365844727,mean reversion or trend exit,3.182425070465402,1.5412597517700193,1.5475309675598146,4
AON,Financials,rsi2,1623182400000,1623245400000,245.24499999999998,6,237.24799652099608,,1623418200000,249.5202342681885,mean reversion or trend exit,22.682814203521943,1.4714699999999998,1.497121405609131,2
COO,Health Care,rsi2,1623096000000,1623159000000,94.0889977493286,17,89.94574813842773,,1623677400000,94.19571091461182,mean reversion or trend exit,-1.386716237472171,1.5995129617385864,1.6013270855484012,4
FDX,Industrials,rsi2,1622836800000,1623072600000,244.4021016693115,6,232.2433609008789,,1623850200000,240.26715225219726,mean reversion or trend exit,-27.71771202621442,1.466412610015869,1.4416029135131836,7
SNA,Industrials,rsi2,1623787200000,1623850200000,230.92069244384763,6,222.62099609375,,1623873600000,222.39837509765624,stop,-53.853818482397344,1.3855241546630856,1.3343902505859373,1
CNC,Health Care,rsi2,1622836800000,1623072600000,71.84176663970946,20,68.12900314331054,,1623936600000,72.3575703048706,mean reversion or trend exit,7.432086564331279,1.4368353327941894,1.447151406097412,8
TFC,Financials,rsi2,1623355200000,1623418200000,58.00795076370239,27,55.18600196838379,,1623936600000,58.16178121948242,mean reversion or trend exit,1.0168395425148642,1.5662146706199644,1.5703680929260253,4
KDP,Consumer Staples,rsi2,1623182400000,1623245400000,35.26522954177856,46,34.0700008392334,,1623960000000,34.035930838394165,stop,-59.73559373317008,1.6222005589218138,1.5656528185661316,7
HBAN,Financials,rsi2,1623441600000,1623677400000,14.524510229110716,101,13.769999980926514,,1623960000000,13.756229980945587,stop,-80.45265982589365,1.4669755331401824,1.3893792280755042,4
SNA,Industrials,rsi2,1623873600000,1623936600000,225.00477877807614,7,214.74400329589844,,1623960000000,214.52925929260255,stop,-76.40537466480993,1.5750334514465332,1.501704815048218,1
ADM,Consumer Staples,rsi2,1623873600000,1623936600000,63.8738113746643,25,61.92600021362305,,1623960000000,61.864074213409424,stop,-53.38687617107373,1.5968452843666077,1.5466018553352356,1
DD,Industrials,rsi2,1623873600000,1623936600000,100.77012593841552,15,96.65272064208985,,1623960000000,96.55606792144776,stop,-66.17076316241427,1.5115518890762327,1.4483410188217165,1
NEM,Materials,rsi2,1623960000000,1624023000000,63.49343030548095,24,60.76099700927735,,1624282200000,63.17676167678833,mean reversion or trend exit,-10.640131696197294,1.5238423273315427,1.51624228024292,1
BG,Consumer Staples,rsi2,1623960000000,1624023000000,77.23716366577148,20,73.96200256347656,,1624368600000,80.17974213409424,mean reversion or trend exit,55.703231250457975,1.5447432733154296,1.6035948426818847,2
SWK,Industrials,rsi2,1624046400000,1624282200000,196.6864954986572,7,188.1750030517578,,1624368600000,198.24156243896485,mean reversion or trend exit,8.120972176590223,1.3768054684906004,1.387690937072754,1
SNA,Industrials,rsi2,1623960000000,1624023000000,213.1829712219238,7,205.8270034790039,,1624455000000,219.8998751220703,mean reversion or trend exit,43.98674737661768,1.4922807985534667,1.5392991258544921,3
C,Financials,rsi2,1623960000000,1624023000000,68.54848336029052,22,65.5120002746582,,1624541400000,70.25967182922363,mean reversion or trend exit,34.592366902359245,1.5080666339263915,1.54571278024292,4
STX,Information Technology,rsi2,1623960000000,1624023000000,87.36727877807616,14,82.14299774169922,,1624627800000,86.15375786590576,mean reversion or trend exit,-19.41858728340128,1.2231419028930661,1.2061526101226807,5
WDC,Information Technology,rsi2,1624305600000,1624368600000,51.85830598068237,29,49.32955322265625,,1624627800000,52.82693814468384,mean reversion or trend exit,25.054460676407,1.5038908734397887,1.5319812061958311,3
SW,Materials,rsi2,1624305600000,1624368600000,52.122069694519034,24,49.1310001373291,,1624887000000,53.48646091461182,mean reversion or trend exit,30.210784547607684,1.250929672668457,1.2836750619506836,4
EXC,Utilities,rsi2,1624392000000,1624455000000,31.615035676956172,49,30.564908599853517,,1624887000000,31.901019927978517,mean reversion or trend exit,10.900941575453112,1.5491367481708525,1.5631499764709476,3
EQIX,Real Estate,rsi2,1624478400000,1624541400000,804.8140197753905,1,768.9840148925781,,1624973400000,791.2279995117187,mean reversion or trend exit,-15.182062282958908,0.8048140197753906,0.7912279995117187,3
DLR,Real Estate,rsi2,1624564800000,1624627800000,150.330172668457,10,144.27900238037108,,1624973400000,152.1077345123291,mean reversion or trend exit,14.751239366913065,1.50330172668457,1.521077345123291,2
SJM,Consumer Staples,rsi2,1624564800000,1624627800000,128.22810610961912,12,123.89600830078125,,1624973400000,130.7391251220703,mean reversion or trend exit,27.02462137463396,1.5387372733154294,1.5688695014648437,2
PPG,Materials,rsi2,1624651200000,1624887000000,168.0278606109619,9,161.36100311279296,,1625146200000,170.77904695129394,mean reversion or trend exit,21.711414894927934,1.5122507454986571,1.5370114225616454,3
UAL,Industrials,rsi2,1624651200000,1624887000000,53.55349999999999,29,50.99500045776367,,1625232600000,53.116828170776365,mean reversion or trend exit,-15.756922564437701,1.5530514999999998,1.5403880169525146,4
DAL,Industrials,rsi2,1624910400000,1624973400000,43.04299999999999,35,40.94599876403809,,1625232600000,44.045910152435304,mean reversion or trend exit,32.053743479900696,1.5065049999999998,1.5416068553352358,3
HLT,Consumer Discretionary,rsi2,1624910400000,1624973400000,120.88076213836669,13,115.83800048828125,,1625232600000,124.36550786590576,mean reversion or trend exit,42.11349294795229,1.5714499077987671,1.6167516022567747,3
WYNN,Consumer Discretionary,rsi2,1624910400000,1624973400000,121.07094694519041,11,114.28100280761718,,1625232600000,123.05682030487061,mean reversion or trend exit,19.15920151673151,1.3317804163970945,1.353625023353577,3
IRM,Real Estate,rsi2,1625083200000,1625146200000,42.5425,37,40.69399871826172,,1625578200000,42.59735939025879,mean reversion or trend exit,-1.1203773578643061,1.5740725,1.576102297439575,2
PSA,Real Estate,rsi2,1625169600000,1625232600000,301.47118344116205,5,293.02699890136716,,1625578200000,301.9777187805176,mean reversion or trend exit,-0.4845678143307135,1.5073559172058104,1.509888593902588,1
BX,Financials,rsi2,1625169600000,1625232600000,97.78769244384765,16,93.58299942016602,,1625751000000,97.34256243896485,mean reversion or trend exit,-10.244164156249782,1.5646030791015624,1.5574809990234375,3
VMC,Materials,rsi2,1625256000000,1625578200000,170.73055755615232,9,162.86999969482423,,1625751000000,172.12770304870605,mean reversion or trend exit,9.488585087539871,1.5365750180053708,1.5491493274383545,2
CVS,Health Care,rsi2,1625169600000,1625232600000,82.24216366577147,19,79.62000045776367,,1626096600000,80.80910939025878,mean reversion or trend exit,-30.326005422805657,1.562601109649658,1.5353730784149169,5
KR,Consumer Staples,rsi2,1625169600000,1625232600000,38.29825831985473,41,36.46500091552734,,1626096600000,38.19176954269409,mean reversion or trend exit,-7.502131005950832,1.5702285911140441,1.5658625512504578,5
IBM,Information Technology,rsi2,1625256000000,1625578200000,133.96748233032224,12,129.26768798828124,,1626096600000,135.07511682128907,mean reversion or trend exit,10.063102701782633,1.6076097879638669,1.620901401855469,4
CBOE,Financials,rsi2,1625688000000,1625751000000,116.05594244384764,13,112.06700134277344,,1626096600000,118.80107817077636,mean reversion or trend exit,32.633623182083284,1.5087272517700194,1.5444140162200928,2
CTVA,Materials,rsi2,1625688000000,1625751000000,42.98293862533569,37,41.583000564575194,,1626183000000,43.87607817077637,mean reversion or trend exit,29.832379559848846,1.5903687291374207,1.6234148923187257,3
PODD,Health Care,rsi2,1626120000000,1626183000000,274.6143363342285,5,261.041015625,,1626292800000,260.779974609375,stop,-71.84878017898535,1.3730716816711424,1.3038998730468752,2
ZBH,Health Care,rsi2,1625860800000,1626096600000,154.28034692382812,10,149.36505432128905,,1626355800000,150.03427903747559,mean reversion or trend exit,-45.503825123138384,1.5428034692382813,1.500342790374756,3
AKAM,Information Technology,rsi2,1626120000000,1626183000000,115.42530755615233,14,112.0770050048828,,1626442200000,116.75313274383545,mean reversion or trend exit,15.33905446336382,1.6159543057861327,1.6345438584136964,3
CHTR,Communication Services,rsi2,1626120000000,1626183000000,720.509768005371,2,694.4859924316406,,1626701400000,709.2300624389649,mean reversion or trend exit,-25.418890793701003,1.441019536010742,1.4184601248779298,4
MPC,Energy,rsi2,1626292800000,1626355800000,54.65459847259521,26,51.81099967956543,,1626701400000,51.31862893295288,stop gap,-89.49051194324477,1.4210195602874756,1.334284352256775,2
TKO,Communication Services,rsi2,1626379200000,1626442200000,51.69163938903808,23,48.47400093078613,,1626701400000,49.55039847564697,mean reversion or trend exit,-51.57710787888325,1.1889077059478759,1.1396591649398804,1
CRM,Information Technology,rsi2,1626120000000,1626183000000,242.53228327941892,6,233.21600341796875,,1626874200000,241.19856243896484,mean reversion or trend exit,-10.904710117034767,1.4551936996765136,1.4471913746337892,6
LII,Industrials,rsi2,1626292800000,1626355800000,308.6583561096191,5,294.3680023193359,,1626874200000,326.1834997558594,mean reversion or trend exit,84.45150895187402,1.5432917805480955,1.630917498779297,4
WSM,Consumer Discretionary,rsi2,1626465600000,1626701400000,76.45637725067138,19,72.75399703979492,,1626874200000,79.33059365844727,mean reversion or trend exit,51.65015930046865,1.4526711677627564,1.5072812795104982,2
IFF,Materials,rsi2,1626465600000,1626701400000,142.72258183288574,10,139.0209945678711,,1626874200000,144.2555939025879,mean reversion or trend exit,12.46033893966679,1.4272258183288573,1.4425559390258789,2
AMD,Information Technology,rsi2,1626465600000,1626701400000,85.07498786163329,16,80.50399932861328,,1626960600000,89.31060152435303,mean reversion or trend exit,64.9796491733401,1.3611998057861328,1.4289696243896486,3
BIIB,Health Care,rsi2,1626811200000,1626874200000,321.73141366577147,3,298.2209930419922,,1627047000000,321.7779060974121,mean reversion or trend exit,-1.7910506643677042,0.9651942409973144,0.9653337182922362,2
DPZ,Consumer Discretionary,rsi2,1626811200000,1626874200000,475.96548022460934,3,460.4720031738281,,1627047000000,541.4480002441406,mean reversion or trend exit,193.39531961718765,1.4278964406738281,1.6243440007324221,2
PPG,Materials,rsi2,1626811200000,1626874200000,159.13897572326658,9,151.2480010986328,,1627306200000,164.0557812194824,mean reversion or trend exit,41.34249665345772,1.4322507815093994,1.4765020309753418,3
OMC,Communication Services,rsi2,1626811200000,1626874200000,73.38330755615233,20,69.75100021362304,,1627392600000,72.54738274383546,mean reversion or trend exit,-19.637110052337267,1.4676661511230467,1.450947654876709,4
KHC,Consumer Staples,rsi2,1626984000000,1627047000000,38.908868930816645,42,37.59069938659668,,1627392600000,39.45051167678833,mean reversion or trend exit,19.457901345291393,1.6341724950942993,1.65692149042511,2
ELV,Health Care,rsi2,1627329600000,1627392600000,377.79743344116207,4,363.7830078125,,1627479000000,381.6279997558594,mean reversion or trend exit,12.284563526001143,1.5111897337646483,1.5265119990234375,1
CNC,Health Care,rsi2,1627416000000,1627479000000,70.60052877807617,23,67.4530029296875,,1627997400000,70.26965634155273,mean reversion or trend exit,-10.85008029779048,1.623812161895752,1.6162020958557128,4
CCI,Real Estate,rsi2,1626984000000,1627047000000,193.36316816711422,8,185.8759963989258,,1628083800000,195.10470304870606,mean reversion or trend exit,10.824536083008095,1.546905345336914,1.5608376243896485,8
UPS,Industrials,rsi2,1627416000000,1627479000000,195.28508633422848,8,187.18900451660156,,1628083800000,192.72707817077637,mean reversion or trend exit,-23.568162623656956,1.5622806906738278,1.541816625366211,5
AMGN,Health Care,rsi2,1627934400000,1627997400000,241.00075450134275,6,232.00899658203124,,1628083800000,238.13162512207032,mean reversion or trend exit,-20.089570553375097,1.4460045270080566,1.4287897507324219,1
GEN,Information Technology,rsi2,1626897600000,1626960600000,25.705680305480954,55,24.32800006866455,,1628107200000,24.303672068595887,stop,-79.86096740925288,1.4138124168014525,1.3367019637727737,10
LMT,Industrials,rsi2,1627329600000,1627392600000,368.61824999999993,4,356.4589813232422,,1628170200000,362.07756243896483,mean reversion or trend exit,-29.085533493896257,1.4744729999999997,1.4483102497558593,7
DIS,Communication Services,rsi2,1628020800000,1628083800000,172.67249999999999,9,164.91900634765625,,1628170200000,172.3175154876709,mean reversion or trend exit,-6.2997707503507785,1.5540524999999998,1.550857639389038,1
FOXA,Communication Services,rsi2,1628020800000,1628083800000,34.834799236297606,46,33.2849983215332,,1628256600000,37.25271091461182,mean reversion or trend exit,107.90791173551193,1.60240076486969,1.7136247020721438,2
EXPE,Consumer Discretionary,rsi2,1628107200000,1628170200000,155.59544244384765,6,142.83399658203126,,1628256600000,149.41043756103517,mean reversion or trend exit,-38.94006457690417,0.9335726546630858,0.896462625366211,1
ESS,Real Estate,rsi2,1628107200000,1628170200000,326.0957590026855,5,312.1829833984375,,1628515800000,325.3543126831055,mean reversion or trend exit,-6.964481956328989,1.6304787950134276,1.6267715634155275,2
TDG,Industrials,rsi2,1628107200000,1628170200000,618.9983848876952,2,587.789990234375,,1628515800000,625.374,mean reversion or trend exit,10.26248545483418,1.2379967697753904,1.250748,2
CME,Financials,rsi2,1628193600000,1628256600000,209.8396348876953,7,201.08599853515625,,1628515800000,210.1496406097412,mean reversion or trend exit,-0.7698848741607505,1.468877444213867,1.4710474842681884,1
INVH,Real Estate,rsi2,1628280000000,1628515800000,39.96993030548095,41,38.886297607421874,,1628625600000,38.847411309814454,stop,-49.25478982855346,1.638767142524719,1.5927438637023927,2
GEN,Information Technology,rsi2,1628193600000,1628256600000,23.913889389038083,61,22.650999450683592,,1628688600000,25.53443946647644,mean reversion or trend exit,95.83720666355332,1.458747252731323,1.5576008074550627,3
EBAY,Consumer Discretionary,rsi2,1628280000000,1628515800000,65.80573786163329,20,62.08899917602539,,1628688600000,67.15278121948242,mean reversion or trend exit,24.281696775360306,1.316114757232666,1.3430556243896485,2
EFX,Industrials,rsi2,1628280000000,1628515800000,254.25399999999996,6,243.8849899291992,,1628688600000,260.3094373168945,mean reversion or trend exit,33.245243277465875,1.5255239999999999,1.5618566239013671,2
AMT,Real Estate,rsi2,1628625600000,1628688600000,276.68641366577145,5,266.6329864501953,,1628861400000,280.14956268310544,mean reversion or trend exit,14.531565204925563,1.3834320683288572,1.4007478134155271,2
SBUX,Consumer Discretionary,rsi2,1628020800000,1628083800000,119.24912725067138,13,114.36099472045899,,1629120600000,116.57331243896485,mean reversion or trend exit,-37.85128426815017,1.5502386542587279,1.515453061706543,8
INVH,Real Estate,rsi2,1628625600000,1628688600000,39.109069694519036,42,37.62249870300293,,1629120600000,39.23073045730591,mean reversion or trend exit,1.81948043067206,1.6425809271697995,1.6476906792068482,3
UHS,Health Care,rsi2,1628625600000,1628688600000,147.54739389038085,8,138.61100006103516,,1629120600000,148.7011560974121,mean reversion or trend exit,6.860109256347766,1.1803791511230468,1.1896092487792969,3
ROP,Information Technology,rsi2,1628625600000,1628688600000,481.28078778076167,3,465.3189971923828,,1629207000000,484.2552502441406,mean reversion or trend exit,6.026779276062074,1.443842363342285,1.4527657507324219,4
NWSA,Communication Services,rsi2,1628884800000,1629120600000,23.353329923629758,70,22.27800006866455,,1629230400000,22.255722068595887,stop,-80.02518349182678,1.634733094654083,1.5579005448017123,2
NWS,Communication Services,rsi2,1628884800000,1629120600000,22.802780687332152,66,21.615000534057618,,1629316800000,21.59338553352356,stop,-82.75022712194364,1.504983525363922,1.425163445212555,3
ICE,Financials,rsi2,1628884800000,1629120600000,116.55644244384764,14,113.73899765014649,,1629725400000,117.59228908538819,mean reversion or trend exit,11.223770740158322,1.631790194213867,1.6462920471954348,5
CPRT,Industrials,rsi2,1629316800000,1629379800000,34.27674280548095,46,33.25550231933594,,1629725400000,34.927539024353024,mean reversion or trend exit,26.75322910394304,1.5767301690521238,1.6066667951202391,2
AMAT,Information Technology,rsi2,1628798400000,1628861400000,129.2591348876953,8,120.39399948120118,,1629811800000,131.66820304870606,mean reversion or trend exit,17.185126584594908,1.0340730791015624,1.0533456243896484,7
FFIV,Information Technology,rsi2,1629144000000,1629207000000,202.54233633422848,8,194.51300659179688,,1629811800000,202.87692182922362,mean reversion or trend exit,-0.5666701053465066,1.620338690673828,1.623015374633789,5
CBRE,Real Estate,rsi2,1629230400000,1629293400000,92.85276213836669,17,88.65399780273438,,1629811800000,93.06684365844727,mean reversion or trend exit,0.47875254282407775,1.5784969563522337,1.5821363421936034,4
DE,Industrials,rsi2,1629489600000,1629725400000,354.5041438903808,3,334.8559906005859,,1629898200000,368.631,mean reversion or trend exit,40.21116289718632,1.0635124316711424,1.105893,2
F,Consumer Discretionary,rsi2,1629489600000,1629725400000,12.722710038185118,80,11.745999622344971,,1629898200000,13.106879885673523,mean reversion or trend exit,28.66722060516369,1.0178168030548096,1.048550390853882,2
FTV,Industrials,rsi2,1629748800000,1629811800000,55.29261454391479,29,53.281836318969724,,1629898200000,55.55855209350586,mean reversion or trend exit,4.497505105655899,1.6034858217735288,1.61119801071167,1
DOC,Real Estate,rsi2,1629748800000,1629811800000,35.035,46,33.635999298095705,,1629898200000,35.01494923782349,mean reversion or trend exit,-4.144632725059331,1.61161,1.6106876649398805,1
VTR,Real Estate,rsi2,1629748800000,1629811800000,54.294241680145255,29,51.67399940490723,,1629984600000,55.3745703048706,mean reversion or trend exit,28.149134569469595,1.5745330087242124,1.6058625388412475,2
DPZ,Consumer Discretionary,rsi2,1629835200000,1629898200000,502.9824909973144,3,482.20497741699216,,1629984600000,511.9475619506836,mean reversion or trend exit,23.85042270126363,1.5089474729919432,1.5358426858520509,1
SJM,Consumer Staples,rsi2,1629835200000,1629898200000,126.94681969451904,12,122.8239959716797,,1630008000000,122.70117197570801,stop,-53.94354852577507,1.5233618363342285,1.4724140637084961,2
CPT,Real Estate,rsi2,1629835200000,1629898200000,142.47233183288571,11,137.43399658203126,,1630071000000,146.3135467071533,mean reversion or trend exit,39.07671895300309,1.5671956501617428,1.6094490137786863,2
HSIC,Health Care,rsi2,1630008000000,1630071000000,74.28420908355712,22,71.23999481201172,,1630416600000,74.93499213409424,mean reversion or trend exit,11.034404685028504,1.6342525998382567,1.6485698269500733,2
HSY,Consumer Staples,rsi2,1630008000000,1630071000000,175.84566816711424,9,171.35800170898438,,1630416600000,176.2136093902588,mean reversion or trend exit,0.14293751028464086,1.582611013504028,1.5859224845123292,2
TSN,Consumer Staples,rsi2,1629921600000,1629984600000,78.56848786163329,21,75.68999862670898,,1630503000000,78.4914296951294,mean reversion or trend exit,-4.916479765273685,1.649938245094299,1.6483200235977173,4
UNP,Industrials,rsi2,1629835200000,1629898200000,221.80158183288572,7,215.21700134277344,,1630526400000,215.00178434143066,stop,-50.656206003405586,1.5526110728302,1.5050124903900146,6
ETR,Utilities,rsi2,1630353600000,1630416600000,54.629575763702384,30,52.7010009765625,,1630589400000,56.33860545730591,mean reversion or trend exit,47.94184537147553,1.6388872729110715,1.6901581637191774,2
DECK,Consumer Discretionary,rsi2,1630440000000,1630503000000,70.30857299041747,21,66.67183380126953,,1630699200000,66.60516196746826,stop,-80.64681991604904,1.4764800327987668,1.3987084013168336,3
PPG,Materials,rsi2,1630526400000,1630589400000,158.158,10,152.55699920654297,,1631021400000,149.3405154876709,stop gap,-91.2498302781676,1.58158,1.493405154876709,2
CVNA,Consumer Discretionary,rsi2,1630353600000,1630416600000,68.068,14,62.734703826904294,,1631107800000,66.02990467071533,mean reversion or trend exit,-30.41070527537543,0.952952,0.9244186653900146,5
SW,Materials,rsi2,1629921600000,1629984600000,56.98693030548095,29,55.57100067138672,,1631194200000,56.2836601524353,mean reversion or trend exit,-23.67968156160344,1.6526209788589477,1.6322261444206239,9
TGT,Consumer Staples,rsi2,1631044800000,1631107800000,242.97272572326656,6,233.8229995727539,,1631194200000,245.7240312194824,mean reversion or trend exit,13.5756524356386,1.4578363543395996,1.4743441873168945,1
BIIB,Health Care,rsi2,1631131200000,1631194200000,322.32199999999995,4,306.29998779296875,,1631217600000,305.9936878051758,stop,-67.82651153051731,1.2892879999999998,1.2239747512207033,1
WFC,Financials,rsi2,1630526400000,1630589400000,43.723680305480954,27,40.7990005493164,,1631280600000,44.955,mean reversion or trend exit,30.851307383766205,1.1805393682479857,1.213785,5
VMC,Materials,rsi2,1631131200000,1631194200000,175.57539389038084,9,168.93499603271485,,1631539800000,178.73109365844726,mean reversion or trend exit,25.212539524658386,1.5801785450134276,1.6085798429260254,2
TJX,Consumer Discretionary,rsi2,1630699200000,1631021400000,70.62055305480956,22,67.72599868774414,,1631712600000,69.13079695129395,mean reversion or trend exit,-35.84916397747786,1.5536521672058106,1.5208775329284667,6
MLM,Materials,rsi2,1630699200000,1631021400000,374.37399999999997,4,359.8150115966797,,1631736000000,359.45519658508306,stop,-62.610530446007964,1.497496,1.4378207863403323,7
BNY,Financials,rsi2,1631304000000,1631539800000,52.34229091644286,30,49.86799964904785,,1631799000000,52.36757817077637,mean reversion or trend exit,-2.382678442611401,1.570268727493286,1.571027345123291,3
BIIB,Health Care,rsi2,1631217600000,1631280600000,300.2699712219238,4,282.73399353027344,,1631885400000,300.5491560974121,mean reversion or trend exit,-1.2865370073242097,1.2010798848876953,1.2021966243896485,5
VRT,Industrials,rsi2,1631649600000,1631712600000,23.59356969451904,61,22.37749900817871,,1631885400000,23.995980457305908,mean reversion or trend exit,21.64409397073763,1.4392077513656614,1.4637548078956604,2
LEN,Consumer Discretionary,rsi2,1631736000000,1631799000000,95.12891602325439,15,90.13746490478516,,1631885400000,96.56354944610595,mean reversion or trend exit,18.64411436073302,1.426933740348816,1.4484532416915892,1
LLY,Health Care,rsi2,1631217600000,1631280600000,242.4421969451904,5,229.29398651123046,,1631908800000,229.06469252471922,stop,-69.24505654970547,1.2122109847259521,1.145323462623596,6
PODD,Health Care,rsi2,1631822400000,1631885400000,287.23696221923825,5,274.89598693847654,,1632144600000,287.55215634155275,mean reversion or trend exit,-1.2979749812314825,1.4361848110961912,1.4377607817077638,1
PKG,Materials,rsi2,1631822400000,1631885400000,143.06291816711425,11,138.97200775146484,,1632168000000,138.83303574371337,stop,-49.62956215042879,1.5736920998382569,1.527163393180847,2
EL,Consumer Staples,rsi2,1631822400000,1631885400000,321.0407212219238,4,311.14300231933595,,1632168000000,310.8318593170166,stop,-43.36293794178442,1.2841628848876951,1.2433274372680665,2
META,Communication Services,rsi2,1632168000000,1632231000000,358.85849999999994,4,341.37501220703126,,1632340800000,341.0336371948242,stop,-74.09901976948214,1.4354339999999999,1.3641345487792969,2
GRMN,Consumer Discretionary,rsi2,1631736000000,1631799000000,168.89872572326658,9,163.11800384521484,,1632403800000,169.5602657318115,mean reversion or trend exit,2.907729153808688,1.5200885315093993,1.5260423915863037,5
ARE,Real Estate,rsi2,1631908800000,1632144600000,193.10291366577147,8,187.72199401855468,,1632403800000,196.6531560974121,mean reversion or trend exit,25.283890895019653,1.5448233093261718,1.5732252487792968,3
EL,Consumer Staples,rsi2,1632168000000,1632231000000,313.313,5,298.68800354003906,,1632403800000,320.679,mean reversion or trend exit,33.66003999999993,1.566565,1.6033950000000001,2
GEN,Information Technology,rsi2,1632340800000,1632403800000,24.974950763702388,62,23.878000831604005,,1632490200000,25.4745,mean reversion or trend exit,27.844186703102324,1.5484469473495481,1.579419,1
NEE,Utilities,rsi2,1631908800000,1632144600000,81.62154091644287,19,78.86299667358398,,1632772800000,78.7841336769104,stop,-56.95844536839059,1.5508092774124145,1.4968985398612977,6
EXR,Real Estate,rsi2,1632340800000,1632403800000,179.58941366577147,8,172.15999298095704,,1632772800000,171.98783298797608,stop,-63.62526339559316,1.4367153093261718,1.3759026639038086,3
SO,Utilities,rsi2,1632340800000,1632403800000,63.68361893081664,24,61.92000198364258,,1632835800000,62.40753121948242,mean reversion or trend exit,-33.652292675628466,1.5284068543395994,1.497780749267578,3
ILMN,Health Care,rsi2,1632340800000,1632403800000,424.60707473754877,3,401.8414581298828,,1632835800000,406.24703283691406,mean reversion or trend exit,-57.572688024627524,1.2738212242126463,1.2187410985107423,3
NEE,Utilities,rsi2,1632772800000,1632835800000,78.55848336029052,19,75.94599990844726,,1632922200000,77.54238274383545,mean reversion or trend exit,-22.271828168624854,1.49261118384552,1.4733052721328737,1
LNT,Utilities,rsi2,1632772800000,1632835800000,56.246188625335684,27,54.21500091552734,,1633008600000,56.943,mean reversion or trend exit,15.757799023052417,1.5186470928840636,1.537461,2
PSA,Real Estate,rsi2,1632772800000,1632835800000,294.9246348876953,5,284.5249877929688,,1633008600000,303.81587512207034,mean reversion or trend exit,41.46249862182648,1.4746231744384763,1.5190793756103518,2
BDX,Health Care,rsi2,1632427200000,1632490200000,194.41112059020995,8,189.12102661132812,,1633032000000,188.9319055847168,stop,-46.900464253344694,1.5552889647216797,1.5114552446777343,5
WDAY,Information Technology,rsi2,1632945600000,1633008600000,250.58033183288572,5,237.55599212646484,,1633354200000,253.56618731689454,mean reversion or trend exit,12.408544824295214,1.2529016591644286,1.2678309365844727,2
UNH,Health Care,rsi2,1632859200000,1632922200000,397.39699999999993,3,383.03699645996096,,1633527000000,390.35925,mean reversion or trend exit,-23.47651874999988,1.1921909999999998,1.17107775,5
EXR,Real Estate,rsi2,1632772800000,1632835800000,168.3982257232666,9,162.05199584960937,,1633613400000,171.35846878051757,mean reversion or trend exit,23.58437726472474,1.5155840315093991,1.542226219024658,7
DPZ,Consumer Discretionary,rsi2,1632945600000,1633008600000,484.9244424438476,3,466.2729949951172,,1633613400000,481.7178121948242,mean reversion or trend exit,-12.519817510986273,1.454773327331543,1.4451534365844727,5
TRMB,Information Technology,rsi2,1633032000000,1633095000000,82.74266366577147,16,78.36900253295899,,1633699800000,82.917,mean reversion or trend exit,0.13882672900410098,1.3238826186523436,1.326672,5
A,Health Care,rsi2,1633118400000,1633354200000,155.3952454986572,9,148.59100646972655,,1633699800000,156.02381268310546,mean reversion or trend exit,2.8543331363984565,1.3985572094879148,1.4042143141479493,4
RCL,Consumer Discretionary,rsi2,1633723200000,1633959000000,87.5975121383667,12,81.68300170898438,,1634131800000,88.4115,mean reversion or trend exit,7.655746193939294,1.0511701456604003,1.0609380000000002,2
IRM,Real Estate,rsi2,1633723200000,1633959000000,42.64259847259521,35,40.91099967956543,,1634218200000,43.406550762176515,mean reversion or trend exit,23.726609912128644,1.4924909465408323,1.519229276676178,3
REGN,Health Care,rsi2,1633464000000,1633527000000,548.5479999999999,2,518.10302734375,,1634304600000,558.3710626831055,mean reversion or trend exit,17.432287240844996,1.0970959999999998,1.116742125366211,7
CHTR,Communication Services,rsi2,1633723200000,1633959000000,700.6999999999999,2,673.0430114746093,,1634304600000,705.3239992675781,mean reversion or trend exit,6.435950536621129,1.4014,1.410647998535156,4
PNR,Industrials,rsi2,1633723200000,1633959000000,70.80073336029052,20,67.2040023803711,,1634304600000,72.57735152435303,mean reversion or trend exit,32.66480158355737,1.4160146672058105,1.4515470304870608,4
KLAC,Information Technology,rsi2,1634068800000,1634131800000,32.41838758850097,30,29.990499114990236,,1634304600000,32.98398129272461,mean reversion or trend exit,15.005740060272355,0.9725516276550291,0.9895194387817383,2
WFC,Financials,rsi2,1634241600000,1634304600000,45.765721221923826,24,42.674001693725586,,1634563800000,48.14180862808227,mean reversion or trend exit,54.77231703140259,1.098377309326172,1.1554034070739745,1
USB,Financials,rsi2,1634241600000,1634304600000,60.300241680145255,23,57.22300300598145,,1634736600000,61.1188203048706,mean reversion or trend exit,16.034669943027627,1.3869055586433408,1.405732867012024,3
MRK,Health Care,rsi2,1634241600000,1634304600000,78.27819694519042,19,74.49300384521484,,1634736600000,79.2406796951294,mean reversion or trend exit,15.29431359267464,1.487285741958618,1.5055729142074585,3
KR,Consumer Staples,rsi2,1634328000000,1634563800000,38.52849168014526,40,36.824001693725585,,1634823000000,39.53042969512939,mean reversion or trend exit,36.95516374435437,1.5411396672058104,1.5812171878051757,3
WY,Real Estate,rsi2,1634673600000,1634736600000,36.90686893081665,42,35.204000091552736,,1634823000000,37.27269137191772,mean reversion or trend exit,12.249000993530244,1.5500884950942995,1.5654530376205444,1
DPZ,Consumer Discretionary,rsi2,1634328000000,1634563800000,458.4780090026855,2,433.5260009765625,,1634909400000,467.34218756103513,mean reversion or trend exit,15.876716723571828,0.916956018005371,0.9346843751220703,4
EL,Consumer Staples,rsi2,1634760000000,1634823000000,306.29598022460937,4,290.0519989013672,,1634909400000,318.06162487792966,mean reversion or trend exit,44.56514819287102,1.2251839208984374,1.2722464995117186,1
RCL,Consumer Discretionary,rsi2,1634846400000,1634909400000,83.32323786163329,15,78.59900207519532,,1635168600000,84.49542182922363,mean reversion or trend exit,15.065479618492285,1.2498485679244993,1.2674313274383544,1
SYY,Consumer Staples,rsi2,1634760000000,1634823000000,79.97990152740478,18,76.03399810791015,,1635255000000,77.89203121948242,mean reversion or trend exit,-40.42336033204642,1.439638227493286,1.4020565619506835,3
DRI,Consumer Discretionary,rsi2,1634155200000,1634218200000,150.84069244384764,7,141.31000671386718,,1635341400000,145.42443731689454,mean reversion or trend exit,-39.98764179699692,1.0558848471069335,1.0179710612182618,9
FRT,Real Estate,rsi2,1634673600000,1634736600000,120.4603363342285,12,116.25299911499023,,1635341400000,121.99788274383545,mean reversion or trend exit,15.54105828634659,1.4455240360107422,1.4639745929260253,5
BKR,Energy,rsi2,1634846400000,1634909400000,24.204180305480953,44,22.50100040435791,,1635341400000,25.33464060974121,mean reversion or trend exit,47.560545267181546,1.064983933441162,1.1147241868286133,3
EXPE,Consumer Discretionary,rsi2,1634932800000,1635168600000,161.49133183288572,8,153.04000396728514,,1635341400000,162.837,mean reversion or trend exit,8.170718682251067,1.2919306546630858,1.3026959999999999,2
WELL,Real Estate,rsi2,1635278400000,1635341400000,80.87079091644286,19,77.10900268554687,,1635427800000,82.21770304870606,mean reversion or trend exit,22.492649127662954,1.5365450274124144,1.562136357925415,1
PANW,Information Technology,rsi2,1635192000000,1635255000000,83.37329091644285,16,78.78350296020508,,1635514200000,83.02689060974122,mean reversion or trend exit,-8.204807811645173,1.3339726546630857,1.3284302497558595,3
CF,Materials,rsi2,1635278400000,1635341400000,58.25820076370238,20,54.60400199890137,,1635859800000,56.982960914611816,mean reversion or trend exit,-27.809620215377638,1.1651640152740477,1.1396592182922363,4
OTIS,Industrials,rsi2,1635278400000,1635341400000,80.75066816711426,17,76.49229736328125,,1635859800000,81.24867182922364,mean reversion or trend exit,5.712073475921768,1.3727613588409424,1.3812274210968019,4
FOXA,Communication Services,rsi2,1635364800000,1635427800000,40.33029091644287,35,38.21659965515137,,1635859800000,41.128828170776366,mean reversion or trend exit,25.09773473361969,1.4115601820755006,1.4395089859771728,3
CTSH,Information Technology,rsi2,1635451200000,1635514200000,76.99691816711425,20,74.20399932861328,,1635859800000,78.18174213409424,mean reversion or trend exit,20.59290613357565,1.539938363342285,1.5636348426818847,2
RTX,Industrials,rsi2,1635278400000,1635341400000,89.23915152740477,17,85.85000228881836,,1636032600000,88.25165634155273,mean reversion or trend exit,-19.804761893256963,1.5170655759658813,1.5002781578063964,6
NOC,Industrials,rsi2,1635796800000,1635859800000,357.35699999999997,3,337.8340087890625,,1636119000000,360.639,mean reversion or trend exit,7.692012000000118,1.072071,1.081917,3
ORLY,Consumer Discretionary,rsi2,1635796800000,1635859800000,41.50346380233764,38,39.72300071716309,,1636119000000,42.42420050811768,mean reversion or trend exit,31.7987435758441,1.5771316244888303,1.612119619308472,3
BSX,Health Care,rsi2,1635796800000,1635859800000,43.1030613746643,34,40.92199859619141,,1636381800000,43.25669923782348,mean reversion or trend exit,2.287455486587639,1.4655040867385862,1.4707277740859983,4
MRSH,Financials,rsi2,1635796800000,1635859800000,163.44327877807615,9,157.7189926147461,,1636468200000,163.51631268310547,mean reversion or trend exit,-2.285331177886758,1.4709895090026852,1.4716468141479493,5
AON,Financials,rsi2,1635969600000,1636032600000,293.0527697753906,5,281.95301513671876,,1636468200000,295.0746251220703,mean reversion or trend exit,7.16863975891134,1.465263848876953,1.4753731256103515,3
PWR,Industrials,rsi2,1636056000000,1636119000000,114.2040863342285,11,107.32900009155273,,1636468200000,119.88,mean reversion or trend exit,59.860125373809865,1.2562449496765138,1.3186799999999999,2
RVTY,Health Care,rsi2,1636142400000,1636381800000,169.78961511230466,8,160.55999298095702,,1636468200000,173.01681243896485,mean reversion or trend exit,23.075127192871353,1.3583169208984374,1.3841344995117189,1
CRL,Health Care,rsi2,1636056000000,1636119000000,376.305922668457,3,356.2499969482422,,1636554600000,381.1884373168945,mean reversion or trend exit,12.375060865356467,1.128917768005371,1.1435653119506834,3
PPL,Utilities,rsi2,1636405200000,1636468200000,28.698670076370234,56,27.908000183105468,,1636641000000,28.561410152435304,mean reversion or trend exit,-10.893120233169224,1.6071255242767333,1.599438968536377,2
DOC,Real Estate,rsi2,1636405200000,1636468200000,34.034,47,32.710001373291014,,1636727400000,34.285679695129396,mean reversion or trend exit,8.617920725410574,1.599598,1.6114269456710815,3
TGT,Consumer Staples,rsi2,1636405200000,1636468200000,253.03277877807614,6,244.0489990234375,,1636727400000,257.1226248779297,mean reversion or trend exit,21.478144177185325,1.5181966726684568,1.5427357492675784,3
TDY,Information Technology,rsi2,1636491600000,1636554600000,438.43799999999993,3,421.2139892578125,,1636727400000,444.1753751220703,mean reversion or trend exit,14.564285240844914,1.3153139999999999,1.3325261253662108,2
ICE,Financials,rsi2,1636578000000,1636641000000,134.134,12,129.8600051879883,,1636986600000,135.53432817077638,mean reversion or trend exit,13.567918111267367,1.6096079999999997,1.6264119380493167,2
APTV,Consumer Discretionary,rsi2,1636664400000,1636727400000,169.96980305480955,9,161.61699371337892,,1637073000000,173.09673426818847,mean reversion or trend exit,25.054782084503334,1.529728227493286,1.5578706084136962,2
AXON,Industrials,rsi2,1636405200000,1636468200000,176.95677877807614,7,165.98599395751953,,1637159400000,180.2195939025879,mean reversion or trend exit,20.339471262817575,1.238697451446533,1.2615371573181153,6
ISRG,Health Care,rsi2,1636664400000,1636727400000,354.033672668457,3,333.74200744628905,,1637159400000,360.7588751220703,mean reversion or trend exit,18.031229717468463,1.062101018005371,1.082276625366211,3
NSC,Industrials,rsi2,1636664400000,1636727400000,276.27599999999995,5,265.4130035400391,,1637332200000,275.80390658569337,mean reversion or trend exit,-5.12086660446139,1.3813799999999996,1.379019532928467,5
HUM,Health Care,rsi2,1636750800000,1636986600000,445.9354802246093,3,425.6540130615234,,1637332200000,447.47209341430664,mean reversion or trend exit,1.9296168481752551,1.337806440673828,1.34241628024292,4
JPM,Financials,rsi2,1637096400000,1637159400000,165.37521672058102,9,160.14099884033203,,1637355600000,159.9808578414917,stop,-51.47743458286245,1.488376950485229,1.4398277205734256,3
CINF,Financials,rsi2,1637010000000,1637073000000,121.69156969451903,13,116.13200149536132,,1637677800000,120.38949213409424,mean reversion or trend exit,-20.074062089294262,1.5819904060287475,1.5650633977432251,5
WMT,Consumer Staples,rsi2,1637096400000,1637159400000,47.76772122192382,34,46.46599769592285,,1637677800000,48.03524872970581,mean reversion or trend exit,5.838634286232315,1.62410252154541,1.6331984568099978,4
AIG,Financials,rsi2,1637355600000,1637591400000,55.555499999999995,23,52.249000549316406,,1637677800000,57.492449237823486,mean reversion or trend exit,41.94972963747035,1.2777764999999999,1.3223263324699401,1
CBRE,Real Estate,rsi2,1637269200000,1637332200000,99.77968030548095,15,94.88100128173828,,1637764200000,103.22667182922363,mean reversion or trend exit,48.65977757411966,1.4966952045822144,1.5484000774383544,3
APD,Materials,rsi2,1637269200000,1637332200000,296.53623022460937,5,286.87299194335935,,1637764200000,298.0316565856934,mean reversion or trend exit,4.5042923713685585,1.4826811511230469,1.490158282928467,3
AXP,Financials,rsi2,1637614800000,1637677800000,171.47130305480954,9,163.27999572753907,,1637960400000,163.11671573181152,stop,-78.20257807606171,1.543241727493286,1.4680504415863038,3
FOXA,Communication Services,rsi2,1637614800000,1637677800000,39.06902877807617,30,36.51200294494629,,1638196200000,37.652308628082274,mean reversion or trend exit,-44.80324462200153,1.1720708633422852,1.1295692588424682,3
NOW,Information Technology,rsi2,1637701200000,1637764200000,126.11798876190184,12,120.49540481567382,,1638282600000,134.79106887817383,mean reversion or trend exit,100.94605270358298,1.513415865142822,1.617492826538086,3
CMG,Consumer Discretionary,rsi2,1637614800000,1637677800000,34.34030575561523,47,33.01613845825195,,1638306000000,32.9831223197937,stop,-66.95182260315626,1.6139943705139161,1.550206749030304,5
ERIE,Financials,rsi2,1638219600000,1638282600000,204.33413488769528,6,193.1280029296875,,1638306000000,192.93487492675783,stop,-70.77917382451146,1.2260048093261717,1.157609249560547,1
IFF,Materials,rsi2,1637960400000,1638196200000,145.5253848876953,10,138.32900848388672,,1638369000000,143.856,mean reversion or trend exit,-19.587662725830107,1.455253848876953,1.43856,2
XYL,Industrials,rsi2,1637960400000,1638196200000,123.87374999999999,11,117.02499694824219,,1638455400000,119.09078908538818,mean reversion or trend exit,-55.285179990669135,1.36261125,1.30999867993927,3
CMG,Consumer Discretionary,rsi2,1638306000000,1638369000000,33.153118930816646,42,31.385139083862306,,1638455400000,32.16979766464233,mean reversion or trend exit,-44.043055676330496,1.392430995094299,1.3511315019149779,1
DXCM,Health Care,rsi2,1637701200000,1637764200000,147.64499505615234,7,136.49849700927734,,1638478800000,136.36199851226806,stop,-80.96902476216891,1.0335149653930664,0.9545339895858764,6
ETN,Industrials,rsi2,1638392400000,1638455400000,162.2621061096191,9,154.75399932861328,,1638541800000,167.16267182922363,mean reversion or trend exit,41.140268474991046,1.4603589549865719,1.5044640464630128,1
STE,Health Care,rsi2,1638306000000,1638369000000,220.11989389038084,6,208.59599761962892,,1638887400000,227.4922812194824,mean reversion or trend exit,41.54865092395025,1.3207193633422851,1.3649536873168946,4
FIX,Industrials,rsi2,1638392400000,1638455400000,95.04494694519042,11,88.22100296020508,,1638887400000,96.26364060974122,mean reversion or trend exit,11.301235846954535,1.0454944163970945,1.0589000467071534,3
ELV,Health Care,rsi2,1638478800000,1638541800000,399.8894802246093,3,382.1139892578125,,1638887400000,406.0835002441406,mean reversion or trend exit,16.164141117187675,1.199668440673828,1.2182505007324218,2
DECK,Consumer Discretionary,rsi2,1638306000000,1638369000000,68.44837725067138,13,62.83483352661133,,1638973800000,67.35590888214111,mean reversion or trend exit,-15.96754451062016,0.8898289042587281,0.8756268154678344,5
NFLX,Communication Services,rsi2,1638478800000,1638541800000,62.337276527404775,17,57.915401458740234,,1638973800000,62.937,mean reversion or trend exit,8.065636333152902,1.0597337009658812,1.069929,3
LLY,Health Care,rsi2,1639083600000,1639146600000,241.4411969451904,6,231.16799621582032,,1639492200000,247.4922654876709,mean reversion or trend exit,33.37281048028579,1.4486471816711424,1.4849535929260254,2
FITB,Financials,rsi2,1639429200000,1639492200000,42.55250831985473,28,39.887001037597656,,1639665000000,43.87607817077637,mean reversion or trend exit,34.63995540406814,1.1914702329559326,1.2285301887817381,2
NTAP,Information Technology,rsi2,1639429200000,1639492200000,87.08699999999999,13,81.47200164794921,,1639665000000,88.69121878051757,mean reversion or trend exit,18.569727302581867,1.1321309999999998,1.1529858441467284,2
CTVA,Materials,rsi2,1639602000000,1639665000000,46.48643862533569,27,43.64670028686523,,1639751400000,47.09285939025879,mean reversion or trend exit,13.84671960650267,1.2551338428840637,1.2715072035369872,1
LULU,Consumer Discretionary,rsi2,1639170000000,1639405800000,413.0826834411621,2,380.0099792480469,,1639774800000,379.62996926879885,stop,-68.4908536501464,0.8261653668823242,0.7592599385375977,5
ADI,Information Technology,rsi2,1639429200000,1639492200000,177.1269469451904,8,168.877001953125,,1640010600000,166.67315634155273,stop gap,-86.38072565539542,1.4170155755615232,1.3333852507324218,4
ARES,Financials,rsi2,1639170000000,1639405800000,78.33826213836669,16,73.85240325927734,,1640034000000,73.77855085601806,stop,-75.38924952548824,1.253412194213867,1.180456813696289,6
CARR,Industrials,rsi2,1639602000000,1639665000000,54.074020458221426,22,50.705698013305664,,1640034000000,50.65499231529236,stop,-77.52265742545674,1.1896284500808714,1.1144098309364319,3
NKE,Consumer Discretionary,rsi2,1639688400000,1639751400000,161.7916348876953,9,154.79399871826172,,1640183400000,167.0727654876709,mean reversion or trend exit,44.57039579640208,1.4561247139892575,1.503654889389038,3
REG,Real Estate,rsi2,1640034000000,1640097000000,70.8307621383667,16,66.15499877929688,,1640183400000,72.77714847564697,mean reversion or trend exit,28.844454826660158,1.1332921942138672,1.1644343756103515,1
ODFL,Industrials,rsi2,1639774800000,1640010600000,167.95278866577146,9,159.76800079345702,,1640269800000,172.30751573181152,mean reversion or trend exit,36.13020085478225,1.5115750979919433,1.5507676415863036,3
REGN,Health Care,rsi2,1639774800000,1640010600000,621.3207122192382,1,580.4680236816406,,1640269800000,618.8805,mean reversion or trend exit,-3.6804134314574575,0.6213207122192382,0.6188805,3
OKE,Energy,rsi2,1640034000000,1640097000000,57.307249999999996,15,52.35799942016602,,1640269800000,58.131808628082275,mean reversion or trend exit,10.636793541812954,0.85960875,0.8719771294212342,2
HUM,Health Care,rsi2,1640120400000,1640183400000,450.7302787780761,3,429.3380096435547,,1640269800000,459.0105312194824,mean reversion or trend exit,22.111534894226153,1.3521908363342283,1.3770315936584472,1
AJG,Financials,rsi2,1640120400000,1640183400000,163.96380305480955,9,156.5300033569336,,1640269800000,165.834,mean reversion or trend exit,13.86359227922083,1.475674227493286,1.492506,1
BDX,Health Care,rsi2,1640206800000,1640269800000,190.40343954467772,8,181.52859802246093,,1640701800000,192.40595796203613,mean reversion or trend exit,12.957672158813509,1.5232275163574218,1.539247663696289,2
KR,Consumer Staples,rsi2,1640293200000,1640615400000,43.3533113746643,21,39.76199798583984,,1640788200000,44.4555,mean reversion or trend exit,21.301976093181743,0.9104195388679504,0.9335655,2
PCG,Utilities,rsi2,1640638800000,1640701800000,11.941930305480955,111,11.263999748229981,,1640788200000,12.01796973323822,mean reversion or trend exit,5.780827576758478,1.3255542639083862,1.3339946403894423,1
ORCL,Information Technology,rsi2,1640206800000,1640269800000,90.12002877807616,10,82.93100128173828,,1641393000000,88.40150786590576,mean reversion or trend exit,-18.970424488143866,0.9012002877807617,0.8840150786590575,8
GOOG,Communication Services,rsi2,1640984400000,1641220200000,144.61996987915037,10,139.0483428955078,,1641416400000,138.9092945526123,stop,-59.94204590969843,1.4461996987915038,1.389092945526123,3
GOOGL,Communication Services,rsi2,1640984400000,1641220200000,145.20004766845702,10,139.10690460205078,,1641416400000,138.96779769744873,stop,-65.16417816374192,1.4520004766845702,1.3896779769744874,3
MCO,Financials,rsi2,1640898000000,1640961000000,391.09071221923824,4,375.52300415039065,,1641479400000,374.94468731689454,stop gap,-67.64824120751932,1.564362848876953,1.4997787492675783,4
CNC,Health Care,rsi2,1640984400000,1641220200000,83.22313938903808,15,78.20400161743164,,1641479400000,77.922,stop gap,-81.93426792640683,1.2483470908355712,1.16883,3
PANW,Information Technology,rsi2,1641416400000,1641479400000,83.58349999999999,13,78.2331657409668,,1641565800000,87.72218756103516,mean reversion or trend exit,51.57596435516375,1.0865855,1.140388438293457,1
CDNS,Information Technology,rsi2,1641330000000,1641393000000,176.74657733154294,8,167.56000366210938,,1641589200000,167.39244365844726,stop,-77.5861815526853,1.4139726186523436,1.3391395492675782,3
IRM,Real Estate,rsi2,1641416400000,1641479400000,48.64859847259521,27,45.96699981689453,,1641848400000,45.92103281707763,stop,-76.19765274379583,1.3135121587600707,1.239867886061096,3
INTU,Information Technology,rsi2,1641502800000,1641565800000,587.0264424438476,1,549.3420288085938,,1641848400000,548.7926867797852,stop,-39.36957479328605,0.5870264424438476,0.5487926867797852,2
GOOGL,Communication Services,rsi2,1641416400000,1641479400000,137.13550314331053,11,132.07584533691406,,1641997800000,141.0088439025879,mean reversion or trend exit,39.54716053454617,1.508490534576416,1.551097282928467,4
SPGI,Financials,rsi2,1641848400000,1641911400000,412.32298284912105,3,394.31127014160154,,1642084200000,423.25655657958987,mean reversion or trend exit,30.29398257312033,1.2369689485473632,1.2697696697387697,2
EW,Health Care,rsi2,1641848400000,1641911400000,120.7205984725952,10,114.01400146484374,,1642084200000,122.4474296951294,mean reversion or trend exit,14.836631943664768,1.207205984725952,1.224474296951294,2
VRSN,Information Technology,rsi2,1641934800000,1641997800000,237.38714389038083,6,226.53400726318358,,1642084200000,238.98078121948242,mean reversion or trend exit,6.703616423950401,1.424322863342285,1.4338846873168947,1
ZTS,Health Care,rsi2,1641416400000,1641479400000,215.69547572326658,7,206.08899688720703,,1642194000000,205.8829078903198,stop,-71.63902351592249,1.5098683300628661,1.4411803552322389,7
P,Information Technology,rsi2,1641589200000,1641825000000,29.389360610961912,37,27.456300926208495,,1642194000000,27.428844625282288,stop,-74.64136506388712,1.0874063426055907,1.0148672511354446,5
SBAC,Real Estate,rsi2,1642021200000,1642084200000,339.5692409973144,3,321.325,,1642194000000,321.003675,stop,-57.67841673993521,1.0187077229919432,0.963011025,2
CL,Consumer Staples,rsi2,1642021200000,1642084200000,82.89280755615233,18,80.64000244140625,,1642516200000,82.69721878051757,mean reversion or trend exit,-6.501218435485751,1.492070536010742,1.4885499380493163,2
YUM,Consumer Discretionary,rsi2,1642194000000,1642516200000,126.13601213836668,11,122.75299682617188,,1642689000000,125.04482817077637,mean reversion or trend exit,-14.766012886893995,1.3874961335220335,1.3754931098785401,2
ODFL,Industrials,rsi2,1642021200000,1642084200000,163.593422668457,6,152.90548858642578,,1642798800000,152.75258309783936,stop,-66.94311345830366,0.981560536010742,0.9165154985870362,6
AVGO,Information Technology,rsi2,1642626000000,1642689000000,56.856799236297604,19,53.222801208496094,,1642798800000,53.169578407287595,stop,-72.14769692641829,1.0802791854896545,1.0102219897384643,2
WM,Industrials,rsi2,1642194000000,1642516200000,155.56541366577147,9,150.90499572753907,,1643034600000,149.5702812194824,stop gap,-56.70241327056885,1.4000887229919434,1.3461325309753418,4
ABT,Health Care,rsi2,1642194000000,1642516200000,127.52740152740478,11,122.71200332641601,,1643034600000,123.88599213409424,SPY below SMA200,-42.82105065669242,1.4028014168014524,1.3627459134750366,4
LLY,Health Care,rsi2,1642194000000,1642516200000,242.99274999999997,5,230.66199798583983,,1643034600000,242.30745304870607,SPY below SMA200,-5.8529857717130644,1.21496375,1.2115372652435303,4
SCHW,Financials,rsi2,1643662800000,1643725800000,88.7086227493286,9,81.60399627685547,,1643812200000,89.86004695129394,mean reversion or trend exit,8.755699790382465,0.7983776047439574,0.8087404225616455,1
MRK,Health Care,rsi2,1643922000000,1643985000000,78.5885121383667,18,75.31000213623047,,1644417000000,77.09282817077637,mean reversion or trend exit,-29.724575542190408,1.4145932184906005,1.3876709070739746,3
AOS,Industrials,rsi2,1643922000000,1643985000000,73.80373336029052,15,69.2719970703125,,1644417000000,75.00492182922363,mean reversion or trend exit,15.785697206153953,1.1070560004043577,1.1250738274383545,3
FIX,Industrials,rsi2,1644008400000,1644244200000,84.78469694519042,9,77.84199981689453,,1644417000000,87.17274213409424,mean reversion or trend exit,19.94478974842079,0.7630622725067138,0.7845546792068482,2
REG,Real Estate,rsi2,1644008400000,1644244200000,70.40033183288574,16,66.27099990844727,,1644503400000,71.23868756103515,mean reversion or trend exit,11.147467340087813,1.1264053093261719,1.1398190009765625,3
FRT,Real Estate,rsi2,1644008400000,1644244200000,122.9628363342285,9,115.54999771118165,,1644503400000,124.83503908538819,mean reversion or trend exit,14.619643881660664,1.1066655270080565,1.1235153517684937,3
CL,Consumer Staples,rsi2,1644354000000,1644417000000,81.18109847259521,17,77.75699768066406,,1644589800000,79.97993756103516,mean reversion or trend exit,-23.159473109092605,1.3800786740341187,1.3596589385375977,2
PFE,Health Care,rsi2,1644354000000,1644417000000,51.69163938903808,21,48.54100036621094,,1644849000000,49.77017969512939,SPY below SMA200,-42.481351772849955,1.0855244271697997,1.0451737735977171,3
CHD,Consumer Staples,rsi2,1644526800000,1644589800000,99.26916816711424,12,93.83799896240234,,1644849000000,97.77213274383544,SPY below SMA200,-20.328920690277027,1.191230018005371,1.1732655929260254,1
PGR,Financials,rsi2,1644526800000,1644589800000,106.40630305480956,13,101.93700103759765,,1644849000000,105.25464060974122,SPY below SMA200,-17.723204053527574,1.3832819397125242,1.368310327926636,1
PEP,Consumer Staples,rsi2,1644526800000,1644589800000,168.22805755615232,8,161.36699371337892,,1644849000000,169.25057817077638,SPY below SMA200,5.480335831177023,1.3458244604492187,1.354004625366211,1
CMS,Utilities,rsi2,1644526800000,1644589800000,62.682618930816645,22,59.79799957275391,,1644849000000,63.23669923782349,SPY below SMA200,9.419541754440443,1.3790176164779662,1.3912073832321166,1
CHD,Consumer Staples,rsi2,1644958800000,1645021800000,96.76666816711425,13,91.78699951171875,,1645194600000,96.85304695129395,SPY below SMA200,-1.394132102203199,1.2579666861724852,1.2590896103668212,2
PGR,Financials,rsi2,1644958800000,1645021800000,105.78568030548095,13,101.07699737548828,,1645194600000,105.03485939025879,SPY below SMA200,-12.501338913932747,1.3752138439712525,1.3654531720733643,2
ED,Utilities,rsi2,1644958800000,1645021800000,81.33125,17,77.77600021362305,,1645194600000,81.10881243896485,SPY below SMA200,-6.542919599059955,1.38263125,1.3788498114624024,2
CNP,Utilities,rsi2,1644958800000,1645021800000,26.68665984725952,53,25.66999931335449,,1645194600000,26.66331053352356,SPY below SMA200,-4.065062058187356,1.4143929719047548,1.4131554582767487,2
PEP,Consumer Staples,rsi2,1644958800000,1645021800000,165.7956348876953,8,158.58600769042968,,1645194600000,166.9428906097412,SPY below SMA200,6.516137572387807,1.3263650791015622,1.3355431248779297,2
CPT,Real Estate,rsi2,1647979200000,1648042200000,163.66349999999997,7,154.46399841308593,,1648128600000,162.60723426818848,SPY below SMA200,-9.67775526255777,1.1456445,1.1382506398773193,1
WY,Real Estate,rsi2,1648152000000,1648215000000,38.0880492362976,29,35.76400032043457,,1648474200000,38.511449237823484,mean reversion or trend exit,10.057214588501132,1.1045534278526306,1.116832027896881,1
FDS,Financials,rsi2,1648152000000,1648215000000,421.1907590026855,2,396.92702026367186,,1648560600000,433.87568756103514,mean reversion or trend exit,23.659724223571782,0.8423815180053711,0.8677513751220702,2
FIX,Industrials,rsi2,1648152000000,1648215000000,88.21812725067137,11,82.16800537109376,,1648647000000,91.13877335357667,mean reversion or trend exit,30.15418122531151,0.9703993997573852,1.0025265068893434,3
FICO,Information Technology,rsi2,1648238400000,1648474200000,457.8974424438476,2,424.1809967041016,,1648647000000,475.55396878051755,mean reversion or trend exit,33.44614985089121,0.9157948848876952,0.9511079375610351,2
JBHT,Industrials,rsi2,1648152000000,1648215000000,209.64944244384765,4,193.8490020751953,,1648843200000,193.65515307312012,stop,-65.59037586497799,0.8385977697753906,0.7746206122924805,6
SCHW,Financials,rsi2,1648670400000,1648733400000,88.53844694519042,12,83.17000350952148,,1648843200000,83.08683350601196,stop,-67.47886463555594,1.062461363342285,0.9970420020721436,2
CVS,Health Care,rsi2,1648584000000,1648647000000,104.2040984725952,13,99.66500091552734,,1649102400000,99.56533591461182,stop,-62.95291590081768,1.3546532801437376,1.2943493668899537,4
DE,Industrials,rsi2,1648584000000,1648647000000,414.21378778076166,2,380.2610107421875,,1649165400000,418.28131219482424,mean reversion or trend exit,6.4700586281739785,0.8284275755615234,0.8365626243896485,4
UHS,Health Care,rsi2,1649102400000,1649165400000,139.8396969451904,9,132.8260055541992,,1649251800000,138.33153121948243,mean reversion or trend exit,-16.0770325848539,1.2585572725067136,1.244983780975342,1
ICE,Financials,rsi2,1648584000000,1648647000000,132.78264389038085,10,126.22299575805664,,1649338200000,128.9808906097412,SPY below SMA200,-40.635168151397664,1.3278264389038086,1.289808906097412,6
SCHW,Financials,rsi2,1648843200000,1649079000000,83.16308183288574,12,77.73800201416016,,1649338200000,80.34957030487061,SPY below SMA200,-35.724290161834595,0.9979569819946289,0.9641948436584473,3
CHRW,Industrials,rsi2,1648843200000,1649079000000,101.76166366577148,13,96.91099700927734,,1649338200000,100.35953908538818,SPY below SMA200,-20.85519518074799,1.3229016276550292,1.3046740081100463,3
CVS,Health Care,rsi2,1649102400000,1649165400000,99.4393363342285,14,95.17100067138672,,1649338200000,101.85803908538819,SPY below SMA200,31.043675260360963,1.3921507086791989,1.4260125471954346,2
WAB,Industrials,rsi2,1649188800000,1649251800000,89.51943030548095,14,85.16799926757812,,1649338200000,89.9799296951294,SPY below SMA200,3.9340004150697165,1.2532720242767335,1.2597190157318117,1
SCHW,Financials,rsi2,1649361600000,1649424600000,80.78069694519041,10,74.61999893188477,,1649683800000,81.53838274383546,SPY below SMA200,5.9536671895601625,0.8078069694519041,0.8153838274383545,1
OMC,Communication Services,rsi2,1649361600000,1649424600000,78.73866366577147,15,74.48099670410156,,1649683800000,77.6023203048706,SPY below SMA200,-19.39026517307263,1.181079954986572,1.164034804573059,1
PKG,Materials,rsi2,1649361600000,1649424600000,152.50235610961911,9,145.4580047607422,,1649683800000,153.93590634155274,SPY below SMA200,10.144007725342059,1.372521204986572,1.3854231570739746,1
P,Information Technology,rsi2,1649361600000,1649424600000,31.911879159927366,28,29.614098739624023,,1649683800000,30.799169923782348,SPY below SMA200,-32.9117679864044,0.8935326164779662,0.8623767578659057,1
HST,Real Estate,rsi2,1649361600000,1649424600000,17.96795076370239,57,16.8260009765625,,1649683800000,17.84214060974121,SPY below SMA200,-9.212353984073507,1.0241731935310363,1.017002014755249,1
VLO,Energy,rsi2,1669928400000,1669991400000,131.70157733154295,7,122.53800048828126,,1670274000000,122.41546248779298,stop,-66.78162318498514,0.9219110413208007,0.8569082374145509,2
ADM,Consumer Staples,rsi2,1669928400000,1669991400000,91.10101213836668,13,86.44599838256836,,1670337000000,90.57932817077636,SPY below SMA200,-9.143736002693023,1.184313157798767,1.1775312662200927,2
COP,Energy,rsi2,1670014800000,1670250600000,124.38426213836668,5,113.09000015258789,,1670337000000,118.32156243896485,SPY below SMA200,-31.52702761989582,0.6219213106918333,0.5916078121948242,1
VTRS,Health Care,rsi2,1673643600000,1673965800000,11.511499999999998,116,10.966999912261963,,1674052200000,11.808179695129395,mean reversion or trend exit,31.709761790375023,1.3353339999999998,1.36974884463501,1
GIS,Consumer Staples,rsi2,1673643600000,1673965800000,82.48240152740478,16,79.47200393676758,,1674075600000,79.3925319328308,stop,-52.027912448547276,1.3197184244384765,1.270280510925293,2
DGX,Health Care,rsi2,1673643600000,1673965800000,147.60746672058104,9,142.2239974975586,,1674138600000,144.9549060974121,SPY below SMA200,-26.50610696388238,1.3284672004852294,1.3045941548767088,2
SJM,Consumer Staples,rsi2,1673643600000,1673965800000,154.83467266845702,8,149.6139923095703,,1674138600000,150.46937512207032,SPY below SMA200,-37.364812753417816,1.2386773813476561,1.2037550009765625,2
LMT,Industrials,rsi2,1673643600000,1673965800000,450.75028778076165,2,430.21498413085936,,1674138600000,442.3172497558594,SPY below SMA200,-18.652211124877763,0.9015005755615233,0.8846344995117188,2
EMR,Industrials,rsi2,1673989200000,1674052200000,91.06097122192382,14,87.18199768066407,,1674138600000,88.49142182922363,SPY below SMA200,-38.48742500051881,1.2748535971069335,1.2388799056091306,1
TMUS,Communication Services,rsi2,1674507600000,1674570600000,143.97383183288574,9,138.79599609375,,1674657000000,145.5842657318115,mean reversion or trend exit,11.887882212249716,1.2957644864959716,1.3102583915863035,1
SJM,Consumer Staples,rsi2,1674507600000,1674570600000,147.81766816711425,8,142.97799682617188,,1674657000000,149.73012487792968,mean reversion or trend exit,12.91927134216312,1.182541345336914,1.1978409990234375,1
BDX,Health Care,rsi2,1674507600000,1674570600000,197.11516165161132,6,189.72091674804688,,1674657000000,191.99334608459472,mean reversion or trend exit,-33.06554444851682,1.182690969909668,1.1519600765075684,1
GIS,Consumer Staples,rsi2,1674507600000,1674570600000,77.42734847259521,17,74.69100341796874,,1674743400000,77.49242969512939,mean reversion or trend exit,-1.5272554457703391,1.3162649240341187,1.3173713048171998,2
COR,Health Care,rsi2,1674507600000,1674570600000,161.30113938903807,8,156.7979995727539,,1674743400000,163.5662657318115,mean reversion or trend exit,15.52207150122074,1.2904091151123045,1.3085301258544921,2
CAH,Health Care,rsi2,1674594000000,1674657000000,74.82475,17,72.16299667358399,,1674743400000,75.86406243896484,mean reversion or trend exit,15.106601650939913,1.27202075,1.2896890614624021,1
SLB,Energy,rsi2,1674594000000,1674657000000,55.20515152740478,19,51.908002090454104,,1674829800000,57.26267969512939,mean reversion or trend exit,36.956146393539484,1.0488978790206909,1.0879909142074584,2
AMGN,Health Care,rsi2,1674680400000,1674743400000,256.7965485534668,5,246.84300537109374,,1675175400000,253.6061406097412,mean reversion or trend exit,-18.504053164443913,1.283982742767334,1.2680307030487061,3
NDAQ,Financials,rsi2,1674680400000,1674743400000,57.93788106918334,22,55.440999603271486,,1675261800000,60.12980862808227,mean reversion or trend exit,45.62491712243666,1.2746333835220336,1.3228557898178102,4
IVZ,Financials,rsi2,1674680400000,1674743400000,18.068049236297604,49,16.77400016784668,,1675261800000,18.381599618911743,mean reversion or trend exit,13.577935954187543,0.8853344125785826,0.9006983813266755,4
MRK,Health Care,rsi2,1674766800000,1674829800000,106.31620908355711,12,102.72300338745117,,1675261800000,106.86303121948242,mean reversion or trend exit,4.003714747467254,1.2757945090026854,1.2823563746337892,3
TKO,Communication Services,rsi2,1674594000000,1674657000000,87.38730305480956,9,81.03500442504883,,1675348200000,86.29361725616455,mean reversion or trend exit,-11.406300470603876,0.786485727493286,0.776642555305481,6
ROP,Information Technology,rsi2,1675112400000,1675175400000,426.18576977539055,3,406.1640106201172,,1675348200000,434.4650939025879,mean reversion or trend exit,22.25601979055813,1.2785573093261717,1.3033952817077639,2
MA,Financials,rsi2,1675198800000,1675261800000,368.93857733154294,3,355.0220092773437,,1675348200000,379.1404690246582,mean reversion or trend exit,28.36143794027721,1.1068157319946288,1.1374214070739748,1
AIG,Financials,rsi2,1675285200000,1675348200000,61.07100831985473,22,58.91799812316894,,1675371600000,58.85908012504577,stop,-51.30088223158482,1.343562183036804,1.294899762751007,1
CB,Financials,rsi2,1675285200000,1675348200000,212.0918848876953,6,202.29399719238282,,1675371600000,202.09170319519043,stop,-62.48619168352652,1.2725513093261718,1.2125502191711426,1
SW,Materials,rsi2,1675198800000,1675261800000,41.041,32,39.25700035095215,,1675434600000,44.02592969512939,mean reversion or trend exit,92.79560849389651,1.313312,1.4088297502441405,2
EOG,Energy,rsi2,1675285200000,1675348200000,126.92680305480955,9,120.35799942016601,,1675780200000,124.38549213409424,mean reversion or trend exit,-25.133608943138,1.142341227493286,1.119469429206848,3
MCD,Consumer Discretionary,rsi2,1675371600000,1675434600000,262.8926348876953,5,253.71598205566406,,1675780200000,264.7549690246582,mean reversion or trend exit,6.673432665252664,1.3144631744384765,1.3237748451232911,2
PSX,Energy,rsi2,1675198800000,1675261800000,99.89980305480955,10,93.7849952697754,,1675866600000,101.65824213409424,mean reversion or trend exit,15.56881034095781,0.9989980305480956,1.0165824213409425,5
AIG,Financials,rsi2,1675371600000,1675434600000,59.04899168014526,22,56.6029972076416,,1675866600000,60.16976954269409,mean reversion or trend exit,22.034300229171894,1.2990778169631956,1.32373492993927,3
VLO,Energy,rsi2,1675717200000,1675780200000,129.129,5,118.3109962463379,,1675866600000,134.50535939025877,mean reversion or trend exit,25.563625154342624,0.645645,0.6725267969512938,1
MCK,Health Care,rsi2,1675371600000,1675434600000,367.5872212219238,3,351.6570190429687,,1675953000000,367.5221246337891,mean reversion or trend exit,-2.4006178019713467,1.1027616636657716,1.1025663739013671,4
APD,Materials,rsi2,1675717200000,1675780200000,281.99170144653317,4,268.2670013427734,,1675953000000,289.6200936584473,mean reversion or trend exit,28.227121667236492,1.1279668057861327,1.158480374633789,2
CTVA,Materials,rsi2,1675803600000,1675866600000,60.545485610961904,22,57.890898895263675,,1675953000000,63.42151560974121,mean reversion or trend exit,60.54538594628933,1.332000683441162,1.3952733434143068,1
REG,Real Estate,rsi2,1675890000000,1675953000000,65.20513938903808,21,62.17800064086914,,1676298600000,65.60432817077637,mean reversion or trend exit,5.635965597747963,1.3693079271697999,1.3776908915863038,2
AXON,Industrials,rsi2,1675803600000,1675866600000,186.97678327941892,4,173.76300811767578,,1676385000000,189.4104060974121,mean reversion or trend exit,8.228942514465404,0.7479071331176758,0.7576416243896484,4
T,Communication Services,rsi2,1675803600000,1675866600000,19.109090152740478,67,18.1600004196167,,1676385000000,19.280699237823487,mean reversion or trend exit,8.925692811393832,1.280309040233612,1.2918068489341736,4
AWK,Utilities,rsi2,1675890000000,1675953000000,151.52136511230466,8,143.88999938964844,,1676385000000,151.26857817077638,mean reversion or trend exit,-4.444615078490928,1.2121709208984373,1.210148625366211,3
ORCL,Information Technology,rsi2,1675890000000,1675953000000,87.22713938903807,15,83.19100189208984,,1676385000000,88.911,mean reversion or trend exit,22.615837073593365,1.3084070908355712,1.333665,3
DAL,Industrials,rsi2,1676062800000,1676298600000,38.188151527404784,30,36.04199752807617,,1676471400000,38.631328170776364,mean reversion or trend exit,10.990714910201946,1.1456445458221436,1.158939845123291,2
FCX,Materials,rsi2,1676322000000,1676385000000,42.01197122192382,20,38.799001693725586,,1676471400000,41.69826167678833,mean reversion or trend exit,-7.948395560684148,0.8402394244384765,0.8339652335357666,1
APTV,Consumer Discretionary,rsi2,1676322000000,1676385000000,113.66355305480955,8,105.7170021057129,,1676471400000,121.96790634155273,mean reversion or trend exit,64.54977461877453,0.9093084244384765,0.9757432507324219,1
DIS,Communication Services,rsi2,1676322000000,1676385000000,106.92681969451903,11,101.32100448608398,,1676557800000,107.44245304870606,mean reversion or trend exit,3.3139048958818647,1.1761950166397095,1.1818669835357667,2
TKO,Communication Services,rsi2,1676408400000,1676471400000,87.37729091644286,15,83.6,,1676989800000,87.37253908538818,mean reversion or trend exit,-2.692524915847611,1.3106593637466428,1.3105880862808228,3
ROP,Information Technology,rsi2,1676494800000,1676557800000,420.3099046630859,3,404.81699829101564,,1676989800000,424.0055626831055,mean reversion or trend exit,8.554027658020248,1.2609297139892577,1.2720166880493167,2
SW,Materials,rsi2,1676322000000,1676385000000,40.460418167114256,31,38.37499809265137,,1677249000000,37.45251167678833,stop gap,-95.66040202526457,1.2542729631805418,1.1610278619804384,7
APD,Materials,rsi2,1676408400000,1676471400000,280.28,4,266.7869873046875,,1677249000000,275.4942190246582,mean reversion or trend exit,-21.366220777465696,1.12112,1.1019768760986328,6
OKE,Energy,rsi2,1676667600000,1676989800000,66.84677877807617,20,64.39000091552734,,1677249000000,67.19274213409423,mean reversion or trend exit,4.238476702117804,1.3369355755615233,1.3438548426818848,3
XOM,Energy,rsi2,1676667600000,1676989800000,110.92080755615233,9,104.16700134277343,,1677508200000,110.68920304870605,mean reversion or trend exit,-4.078930662460226,0.9982872680053709,0.9962028274383545,4
AJG,Financials,rsi2,1676408400000,1676471400000,187.74755755615232,7,180.26299896240235,,1677681000000,186.3035154876709,mean reversion or trend exit,-12.726651990676721,1.3142329028930662,1.3041246084136964,9
ARE,Real Estate,rsi2,1677186000000,1677249000000,154.05389389038083,8,148.0529998779297,,1677681000000,148.46139060974122,mean reversion or trend exit,-47.160148521117925,1.2324311511230468,1.1876911248779298,3
RJF,Financials,rsi2,1677186000000,1677249000000,106.82672122192382,11,101.0849998474121,,1677681000000,107.97192182922363,mean reversion or trend exit,10.234421606735323,1.175093933441162,1.18769114012146,3
SW,Materials,rsi2,1677272400000,1677508200000,37.52749168014526,36,35.74800186157226,,1677853800000,39.21075,mean reversion or trend exit,57.8347228142853,1.3509897004852294,1.411587,4
UHS,Health Care,rsi2,1677618000000,1677681000000,132.79266366577147,8,125.42101287841797,,1677877200000,125.29559186553955,stop,-62.04128044610586,1.0623413093261718,1.0023647349243163,3
VRSN,Information Technology,rsi2,1677618000000,1677681000000,196.7865863342285,6,187.55500183105468,,1678113000000,200.72906268310547,mean reversion or trend exit,21.269764199157787,1.180719518005371,1.204374376098633,3
HSIC,Health Care,rsi2,1677618000000,1677681000000,77.85777877807617,16,73.80799789428711,,1678113000000,78.39153121948242,mean reversion or trend exit,6.0400501025390625,1.2457244604492186,1.2542644995117187,3
CFG,Financials,rsi2,1677790800000,1677853800000,40.460418167114256,33,38.669898986816406,,1678222800000,38.63122908782959,stop,-62.973263975807164,1.3351937995147705,1.2748305598983765,3
CB,Financials,rsi2,1677877200000,1678113000000,208.0578561096191,6,200.62200469970702,,1678372200000,203.67612487792968,mean reversion or trend exit,-28.760791276061866,1.2483471366577146,1.2220567492675782,3
NFLX,Communication Services,rsi2,1677186000000,1677249000000,31.961930305480955,35,30.125100326538085,,1678395600000,30.09497522621155,stop,-67.51541946803846,1.1186675606918335,1.0533241329174043,10
UHS,Health Care,rsi2,1677877200000,1678113000000,126.32619694519042,8,119.01900634765624,,1678395600000,118.89998734130859,stop,-61.371486305346636,1.0106095755615234,0.9511998987304687,4
HPE,Information Technology,rsi2,1677877200000,1678113000000,15.305289961814879,89,14.653799533843994,,1678458600000,14.675309580802917,SPY below SMA200,-58.73652726935754,1.3621708066015241,1.3061025526914596,4
TKO,Communication Services,rsi2,1678222800000,1678285800000,81.29120908355712,16,77.95100250244141,,1678458600000,80.69921878051758,SPY below SMA200,-12.063691694457795,1.300659345336914,1.2911875004882813,2
TRV,Financials,rsi2,1678309200000,1678372200000,177.38721672058102,7,171.81000061035155,,1678458600000,172.96685939025878,SPY below SMA200,-33.39497984503161,1.2417105170440672,1.2107680157318115,1
PH,Industrials,rsi2,1678996800000,1679059800000,310.9506546630859,4,295.8110015869141,,1679319000000,307.1725309753418,SPY below SMA200,-17.584987493530274,1.2438026186523437,1.228690123901367,1
PNW,Utilities,rsi2,1679601600000,1679664600000,74.20412725067138,13,69.75799560546875,,1679923800000,77.32260152435303,mean reversion or trend exit,38.57031808378621,0.964653654258728,1.0051938198165895,1
PCG,Utilities,rsi2,1679601600000,1679664600000,15.165149618148803,78,14.38300018310547,,1680010200000,15.764219733238221,mean reversion or trend exit,44.31497816756643,1.1828816702156066,1.2296091391925814,2
EME,Industrials,rsi2,1679688000000,1679923800000,158.17802427673337,6,148.7389938354492,,1680010200000,158.64120304870605,mean reversion or trend exit,0.8781572678834361,0.9490681456604002,0.9518472182922363,1
ROST,Consumer Discretionary,rsi2,1679947200000,1680010200000,101.01091366577147,11,95.64799575805664,,1680096600000,101.51838274383545,mean reversion or trend exit,3.3543375981980708,1.1111200503234862,1.11670221018219,1
HLT,Consumer Discretionary,rsi2,1679688000000,1679923800000,133.58344694519042,7,124.64600219726563,,1680183000000,137.42243756103517,mean reversion or trend exit,24.975893119369672,0.9350841286163329,0.9619570629272461,3
CDW,Information Technology,rsi2,1680033600000,1680096600000,187.43724999999998,5,176.89300994873048,,1680269400000,190.2995154876709,mean reversion or trend exit,12.42264361091627,0.9371862499999999,0.9514975774383545,2
ANET,Information Technology,rsi2,1680033600000,1680096600000,41.25371402740478,21,38.34039993286133,,1680528600000,41.37108597564697,mean reversion or trend exit,0.729690113021847,0.8663279945755005,0.8687928054885864,3
TER,Information Technology,rsi2,1680638400000,1680701400000,102.20209847259521,10,96.42799682617188,,1681306200000,103.3265703048706,mean reversion or trend exit,9.18943163497924,1.022020984725952,1.033265703048706,4
CARR,Industrials,rsi2,1680638400000,1680701400000,43.22318030548095,19,39.983798599243165,,1681306200000,43.956,mean reversion or trend exit,12.267169770057835,0.8212404258041381,0.8351640000000001,4
TT,Industrials,rsi2,1680638400000,1680701400000,172.88271672058104,7,164.02999725341797,,1681392600000,174.41540634155274,mean reversion or trend exit,8.297740485366928,1.2101790170440672,1.2209078443908694,5
CRH,Materials,rsi2,1680724800000,1680787800000,46.926881069183345,23,44.32899894714355,,1681392600000,48.671281219482424,mean reversion or trend exit,37.9224457242395,1.0793182645912172,1.1194394680480957,4
CRM,Information Technology,rsi2,1681243200000,1681306200000,190.49030305480954,6,180.3490005493164,,1681479000000,191.6581560974121,mean reversion or trend exit,4.714227500702023,1.142941818328857,1.1499489365844726,2
BKNG,Consumer Discretionary,rsi2,1681243200000,1681306200000,103.61791106414793,11,98.07227783203125,,1681479000000,104.95294065856933,mean reversion or trend exit,12.391046169685506,1.1397970217056272,1.1544823472442627,2
SWKS,Information Technology,rsi2,1680724800000,1680787800000,111.43131969451903,11,106.08100357055665,,1681738200000,109.17071878051757,mean reversion or trend exit,-27.293232477241435,1.2257445166397094,1.2008779065856934,6
CME,Financials,rsi2,1681416000000,1681479000000,190.12994244384763,7,182.90699310302733,,1681824600000,191.89790634155273,mean reversion or trend exit,9.701552342437907,1.3309095971069336,1.3432853443908692,2
WEC,Utilities,rsi2,1681761600000,1681824600000,96.25616366577147,13,92.71800003051757,,1681911000000,95.93396878051757,mean reversion or trend exit,-6.687005230102366,1.2513301276550293,1.2471415941467285,1
ROST,Consumer Discretionary,rsi2,1681329600000,1681392600000,103.34323786163328,11,98.08699798583984,,1681997400000,103.67621878051757,mean reversion or trend exit,1.3855760846635161,1.1367756164779663,1.1404384065856932,5
PGR,Financials,rsi2,1681416000000,1681479000000,138.13799999999998,8,130.8840087890625,,1681997400000,138.81104695129395,mean reversion or trend exit,3.1687832347414018,1.1051039999999999,1.1104883756103516,4
PNW,Utilities,rsi2,1681502400000,1681738200000,78.90883183288574,16,75.10900268554687,,1681997400000,80.06985152435303,mean reversion or trend exit,16.032656129760795,1.262541309326172,1.2811176243896485,3
VLO,Energy,rsi2,1681848000000,1681911000000,126.08595908355711,7,117.49500045776367,,1682083800000,122.31756243896484,mean reversion or trend exit,-28.11760116280356,0.8826017135848998,0.8562229370727539,2
AMAT,Information Technology,rsi2,1681934400000,1681997400000,111.36124999999998,7,102.88399734497071,,1682083800000,113.35653121948242,mean reversion or trend exit,12.393944067840675,0.77952875,0.7934957185363769,1
MPC,Energy,rsi2,1681934400000,1681997400000,125.18505755615233,8,117.72199935913086,,1682429400000,125.0548203048706,mean reversion or trend exit,-3.043817033142001,1.0014804604492187,1.000438562438965,3
SJM,Consumer Staples,rsi2,1681329600000,1681392600000,153.59344244384764,8,149.3959976196289,,1682515800000,153.41643731689453,mean reversion or trend exit,-3.872120053710779,1.2287475395507812,1.2273314985351562,9
TDY,Information Technology,rsi2,1681934400000,1681997400000,426.63620144653316,3,413.860009765625,,1682515800000,408.29131219482423,stop gap,-57.53945029605088,1.2799086043395997,1.2248739365844727,4
TMO,Health Care,rsi2,1682020800000,1682083800000,569.4388651123046,2,544.4579895019531,,1682515800000,527.472,stop gap,-86.12755195483385,1.1388777302246091,1.0549439999999999,3
VST,Utilities,rsi2,1682366400000,1682429400000,23.623600381851194,56,22.586799812316894,,1682515800000,23.296679695129395,mean reversion or trend exit,-20.93509414073165,1.322921621383667,1.304614062927246,1
CSCO,Information Technology,rsi2,1682020800000,1682083800000,46.616569694519036,28,44.87000160217285,,1682602200000,46.733218780517575,mean reversion or trend exit,0.6523803306580596,1.305263951446533,1.3085301258544921,4
GRMN,Consumer Discretionary,rsi2,1682452800000,1682515800000,95.98588938903808,13,93.29500274658203,,1682688600000,96.72317969512939,mean reversion or trend exit,7.079556081092858,1.247816562057495,1.257401336036682,2
SNPS,Information Technology,rsi2,1682452800000,1682515800000,364.8945287780761,3,349.83900146484376,,1682947800000,370.3892497558594,mean reversion or trend exit,14.278311597748058,1.0946835863342284,1.111167749267578,3
SOXX,ETF / index,rsi2,1682452800000,1682515800000,135.1917278137207,7,127.23733978271484,,1682947800000,137.79206268310546,mean reversion or trend exit,16.291457552215583,0.9463420946960448,0.9645444387817382,3
CDNS,Information Technology,rsi2,1682539200000,1682602200000,205.0448363342285,5,194.62799835205078,,1682947800000,209.09070304870605,mean reversion or trend exit,18.15865587547303,1.0252241816711425,1.0454535152435303,2
FCX,Materials,rsi2,1682452800000,1682515800000,38.02799168014526,22,35.20900001525879,,1683034200000,37.012949237823484,mean reversion or trend exit,-23.98183443127444,0.8366158169631959,0.8142848832321167,4
AXON,Industrials,rsi2,1682625600000,1682688600000,214.03382733154294,6,205.49600219726562,,1683034200000,216.36342182922363,mean reversion or trend exit,11.395183491119528,1.2842029639892576,1.2981805309753418,2
HSIC,Health Care,rsi2,1682712000000,1682947800000,80.89080755615234,16,78.06999740600585,,1683034200000,81.81810152435303,mean reversion or trend exit,12.233360945922898,1.2942529208984375,1.3090896243896484,1
TSCO,Consumer Discretionary,rsi2,1682712000000,1682947800000,47.89184577178955,25,45.46559944152832,,1683120600000,48.11583746337891,mean reversion or trend exit,3.1996002088548288,1.1972961442947387,1.202895936584473,2
GILD,Health Care,rsi2,1682712000000,1682947800000,82.55247122192382,15,79.1740005493164,,1683144000000,79.09482654876709,stop,-54.2893795639114,1.2382870683288574,1.1864223982315063,3
MPC,Energy,rsi2,1683057600000,1683120600000,115.4853727493286,9,109.02200164794922,,1683207000000,109.43046091461181,mean reversion or trend exit,-56.518449015426576,1.0393683547439576,0.9848741482315063,1
DXCM,Health Care,rsi2,1682971200000,1683034200000,117.11699999999999,11,112.33500137329102,,1683552600000,120.02985152435302,mean reversion or trend exit,29.43275140111545,1.2882869999999997,1.3203283667678831,4
FTNT,Information Technology,rsi2,1682971200000,1683034200000,62.66259847259521,20,59.86000289916992,,1683552600000,65.67425786590576,mean reversion or trend exit,57.666450739441025,1.2532519694519042,1.3134851573181152,4
ANET,Information Technology,rsi2,1683057600000,1683120600000,33.80877652740478,23,31.14989891052246,,1683639000000,34.19327341461182,mean reversion or trend exit,7.27938125709543,0.77760186013031,0.7864452885360718,4
SYK,Health Care,rsi2,1683316800000,1683552600000,283.4832122192382,4,274.3009826660156,,1683639000000,287.79190658569337,mean reversion or trend exit,14.949676990600844,1.133932848876953,1.1511676263427735,1
BKNG,Consumer Discretionary,rsi2,1683316800000,1683552600000,103.02772185516356,12,98.42428436279297,,1683639000000,104.9125834121704,mean reversion or trend exit,20.123055020874112,1.2363326622619628,1.258951000946045,1
MCHP,Information Technology,rsi2,1683576000000,1683639000000,73.52344694519041,15,69.59099578857422,,1683725400000,73.43649213409424,mean reversion or trend exit,-3.508721252631929,1.1028517041778563,1.1015473820114134,1
TPR,Consumer Discretionary,rsi2,1683144000000,1683207000000,38.658618930816644,32,36.79599952697754,,1683811800000,39.21075,mean reversion or trend exit,15.176374408081175,1.2370758057861326,1.2547439999999999,5
CBOE,Financials,rsi2,1683576000000,1683639000000,136.69655755615233,9,131.9809997558594,,1683811800000,138.31154695129393,mean reversion or trend exit,12.059831615707438,1.230269018005371,1.2448039225616454,2
HCA,Health Care,rsi2,1683662400000,1683725400000,276.3761061096191,4,261.72499389648436,,1683811800000,277.6620624389648,mean reversion or trend exit,2.9276726431884987,1.1055044244384764,1.1106482497558594,1
WDAY,Information Technology,rsi2,1683576000000,1683639000000,180.53035610961913,6,171.0630081176758,,1684157400000,182.06775,mean reversion or trend exit,7.048774705627415,1.0831821366577148,1.0924065,4
ULTA,Consumer Discretionary,rsi2,1683748800000,1683811800000,506.5660575561523,2,483.1570129394531,,1684157400000,513.3661248779297,mean reversion or trend exit,11.560270278686561,1.0131321151123047,1.0267322497558593,2
ROK,Industrials,rsi2,1683748800000,1683811800000,267.8175377807617,4,258.3210113525391,,1684243800000,271.1485934143066,mean reversion or trend exit,11.168358009399352,1.071270151123047,1.0845943736572266,3
DRI,Consumer Discretionary,rsi2,1683748800000,1683811800000,148.9988561096191,8,144.11999969482423,,1684243800000,151.52831268310547,mean reversion or trend exit,17.83143523754906,1.1919908488769528,1.2122265014648437,3
AFL,Financials,rsi2,1684180800000,1684243800000,65.6856227493286,20,63.27499694824219,,1684330200000,65.47446091461181,mean reversion or trend exit,-6.846438367614618,1.3137124549865722,1.3094892182922362,1
GILD,Health Care,rsi2,1683144000000,1683207000000,79.6896106109619,16,76.37899780273438,,1684416600000,78.80111725616455,mean reversion or trend exit,-16.75174532263181,1.2750337697753906,1.2608178760986328,10
AOS,Industrials,rsi2,1683921600000,1684157400000,67.28722122192382,19,64.28799972534179,,1684416600000,67.95197664642333,mean reversion or trend exit,10.060808305992241,1.2784572032165524,1.2910875562820434,3
NKE,Consumer Discretionary,rsi2,1683921600000,1684157400000,119.93981969451903,11,115.09299926757812,,1684503000000,114.44543756103515,stop gap,-63.0164412981338,1.3193380166397095,1.2588998131713867,4
UHS,Health Care,rsi2,1684180800000,1684243800000,137.38725,9,130.79100036621094,,1684848600000,134.09576573181153,mean reversion or trend exit,-32.06670555528253,1.2364852499999999,1.2068618915863039,5
TSCO,Consumer Discretionary,rsi2,1684353600000,1684416600000,45.02698044204711,27,42.76199722290039,,1685044800000,42.71923522567749,stop,-64.67826866500845,1.215728471935272,1.1534193510932922,6
KHC,Consumer Staples,rsi2,1684267200000,1684330200000,39.00897122192382,33,37.74150047302246,,1685107800000,38.2666953048706,mean reversion or trend exit,-27.045202258140485,1.287296050323486,1.2628009450607298,7
WM,Industrials,rsi2,1684440000000,1684503000000,165.5453848876953,7,160.41699829101563,,1685476800000,160.2565812927246,stop,-39.302238928057754,1.158817694213867,1.1217960690490723,7
HSY,Consumer Staples,rsi2,1684785600000,1684848600000,262.7725197753906,4,255.2610076904297,,1685476800000,255.00574668273927,stop,-33.13820543643786,1.0510900791015625,1.0200229867309571,5
WST,Health Care,rsi2,1684353600000,1684416600000,348.5782409973144,3,331.7800018310547,,1685563200000,331.4482218292236,stop,-53.430136892752095,1.0457347229919434,0.9943446654876709,9
WELL,Real Estate,rsi2,1685044800000,1685107800000,73.97390152740478,15,69.96600341796875,,1685626200000,74.00592182922364,mean reversion or trend exit,-1.7393928230665154,1.1096085229110717,1.1100888274383547,3
ZTS,Health Care,rsi2,1685476800000,1685539800000,161.16099999999997,6,151.52100067138673,,1685712600000,166.7930467071533,mean reversion or trend exit,31.824555962677096,0.9669659999999999,1.00075828024292,2
LULU,Consumer Discretionary,rsi2,1685563200000,1685626200000,331.2409136657715,3,316.73399047851564,,1685712600000,377.8517809753418,mean reversion or trend exit,137.7053238447876,0.9937227409973144,1.1335553429260254,1
GIS,Consumer Staples,rsi2,1685044800000,1685107800000,84.44436061096191,15,81.88600463867188,,1685971800000,84.46545304870605,mean reversion or trend exit,-2.2172606387328537,1.2666654091644287,1.2669817957305909,5
MDLZ,Consumer Staples,rsi2,1685476800000,1685539800000,72.54247122192382,17,70.18500289916992,,1685971800000,74.17575,mean reversion or trend exit,25.27152946652227,1.2332220107727048,1.2609877499999997,3
AJG,Financials,rsi2,1685563200000,1685626200000,200.59038938903805,6,194.3739974975586,,1685971800000,205.64415609741212,mean reversion or trend exit,27.885192977325723,1.2035423363342284,1.2338649365844727,2
WYNN,Consumer Discretionary,rsi2,1685649600000,1685712600000,98.05795908355712,7,89.49900283813477,,1685971800000,99.9,mean reversion or trend exit,11.508580701515282,0.6864057135848999,0.6993,1
VRTX,Health Care,rsi2,1685649600000,1685712600000,323.323,4,310.72899475097654,,1685971800000,333.666,mean reversion or trend exit,38.74404400000007,1.2932919999999999,1.334664,1
ORLY,Consumer Discretionary,rsi2,1685736000000,1685971800000,59.83911053848266,22,57.331133651733396,,1686317400000,60.253685176849366,mean reversion or trend exit,6.47860053833029,1.3164604318466187,1.325581073890686,4
TECH,Health Care,rsi2,1686254400000,1686317400000,79.27919694519042,14,75.1150016784668,,1686576600000,78.13178908538818,mean reversion or trend exit,-18.267463841659502,1.109908757232666,1.0938450471954346,1
COO,Health Care,rsi2,1685995200000,1686058200000,88.42583902740478,14,84.80724487304687,,1686663000000,88.91349993896485,mean reversion or trend exit,4.3445020163118055,1.237961746383667,1.244788999145508,5
TTWO,Communication Services,rsi2,1685995200000,1686058200000,137.02688938903808,8,129.81900024414062,,1686663000000,136.41345304870606,mean reversion or trend exit,-7.095013462158073,1.0962151151123045,1.0913076243896485,5
MSI,Information Technology,rsi2,1686081600000,1686144600000,278.52824999999996,4,269.4410064697266,,1686663000000,281.1086246337891,mean reversion or trend exit,8.082951036621322,1.114113,1.1244344985351564,4
FICO,Information Technology,rsi2,1686168000000,1686231000000,756.866095336914,1,719.0559936523438,,1686663000000,803.7254992675781,mean reversion or trend exit,45.29881233605965,0.756866095336914,0.8037254992675782,3
FERG,Industrials,rsi2,1686340800000,1686576600000,145.43528327941894,8,138.35100555419922,,1686663000000,147.3525,mean reversion or trend exit,12.995431498413067,1.1634822662353514,1.17882,1
IBKR,Financials,rsi2,1686600000000,1686663000000,19.28176326370239,69,18.441748809814452,,1686835800000,19.802677728652956,mean reversion or trend exit,33.24627165311644,1.3304416651954651,1.366384763277054,2
PLD,Real Estate,rsi2,1686600000000,1686663000000,119.68956969451904,11,114.05500411987305,,1686835800000,120.35952335357666,mean reversion or trend exit,4.728950226104832,1.3165852666397095,1.3239547568893433,2
VRSK,Industrials,rsi2,1686686400000,1686749400000,217.01680305480954,6,210.2379943847656,,1686835800000,219.9298439025879,mean reversion or trend exit,14.856565204925701,1.3021008183288574,1.3195790634155273,1
AKAM,Information Technology,rsi2,1686686400000,1686749400000,91.83173786163329,14,88.96099624633788,,1687377600000,88.87203525009154,stop,-43.96568938514856,1.285644330062866,1.2442084935012816,5
RTX,Industrials,rsi2,1686772800000,1686835800000,97.27718030548094,13,93.69499969482422,,1687440600000,98.50139847564698,mean reversion or trend exit,13.369714688003857,1.264603343971252,1.280518180183411,4
EXPE,Consumer Discretionary,rsi2,1686859200000,1686922200000,107.60749999999999,8,100.12299880981445,,1687527000000,105.14475,mean reversion or trend exit,-21.404017999999883,0.86086,0.8411580000000001,4
CEG,Utilities,rsi2,1687464000000,1687527000000,89.72963938903807,13,85.24549789428711,,1687872600000,90.87903121948243,mean reversion or trend exit,12.59418107786589,1.166485312057495,1.1814274058532714,2
MAR,Consumer Discretionary,rsi2,1686859200000,1686922200000,177.44727427673337,6,168.1909973144531,,1687959000000,177.3125154876709,mean reversion or trend exit,-2.937111472961183,1.0646836456604,1.0638750929260254,7
AKAM,Information Technology,rsi2,1687377600000,1687440600000,87.72763938903807,15,85.04899826049805,,1687959000000,89.13078121948242,mean reversion or trend exit,18.3942511475373,1.3159145908355712,1.3369617182922362,4
AXP,Financials,rsi2,1687377600000,1687440600000,167.44727877807614,7,160.88399810791014,,1687959000000,167.0927345123291,mean reversion or trend exit,-4.823589953262198,1.172130951446533,1.1696491415863035,4
COF,Financials,rsi2,1687809600000,1687872600000,106.30619694519042,11,100.81799850463867,,1687959000000,108.36153121948242,mean reversion or trend exit,20.24733200740053,1.1693681663970947,1.1919768434143065,1
FSLR,Information Technology,rsi2,1686945600000,1687267800000,189.47928327941892,4,174.9320053100586,,1688045400000,185.52429670715333,mean reversion or trend exit,-17.319960609008675,0.7579171331176757,0.7420971868286134,7
DXCM,Health Care,rsi2,1687896000000,1687959000000,124.13401213836669,7,115.98399963378907,,1688045400000,126.4434296951294,mean reversion or trend exit,14.4118808045045,0.8689380849685668,0.8851040078659057,1
DVA,Health Care,rsi2,1687896000000,1687959000000,96.1860863342285,13,91.52999877929688,,1688045400000,97.39250786590576,mean reversion or trend exit,13.16695818720251,1.2504191223449708,1.266102602256775,1
CL,Consumer Staples,rsi2,1687896000000,1687959000000,75.40533183288574,17,73.60000305175781,,1688131800000,76.64328121948242,mean reversion or trend exit,18.460313150253338,1.2818906411590574,1.302935780731201,2
RTX,Industrials,rsi2,1687982400000,1688045400000,96.09599999999999,13,92.4860008239746,,1688131800000,98.00189847564697,mean reversion or trend exit,22.253407503227308,1.249248,1.2740246801834105,1
MDT,Health Care,rsi2,1687982400000,1688045400000,86.02594244384764,15,83.677001953125,,1688391000000,87.46245304870605,mean reversion or trend exit,18.94533314048788,1.2903891366577145,1.3119367957305907,2
HSY,Consumer Staples,rsi2,1687982400000,1688045400000,248.50825450134275,5,241.41399078369142,,1689019200000,241.17257679290773,stop,-39.12679269864633,1.2425412725067138,1.2058628839645387,7
MU,Information Technology,rsi2,1688155200000,1688391000000,63.50343862533568,13,58.757001113891604,,1689082200000,62.537398475646974,mean reversion or trend exit,-14.19705282826599,0.8255447021293638,0.8129861801834106,5
PTC,Information Technology,rsi2,1688587200000,1688650200000,137.27713938903807,9,132.7769989013672,,1689082200000,139.20065634155273,mean reversion or trend exit,14.823352411056625,1.2354942545013425,1.2528059070739745,3
AXON,Industrials,rsi2,1688673600000,1688736600000,189.7795863342285,6,179.14100646972656,,1689082200000,195.1546560974121,mean reversion or trend exit,29.940813124511777,1.138677518005371,1.1709279365844727,2
PHM,Consumer Discretionary,rsi2,1688673600000,1688736600000,74.97490152740478,17,71.8870002746582,,1689082200000,77.4225,mean reversion or trend exit,39.018418208152816,1.2745733259658814,1.3161824999999998,2
HSY,Consumer Staples,rsi2,1689019200000,1689082200000,241.90166366577145,5,234.33199920654297,,1689168600000,239.76,mean reversion or trend exit,-13.11662664718616,1.2095083183288573,1.1988,1
WELL,Real Estate,rsi2,1689019200000,1689082200000,79.76969244384765,15,75.69000091552735,,1689168600000,82.01789847564697,mean reversion or trend exit,31.296276613197488,1.1965453866577147,1.2302684771347048,1
MKC,Consumer Staples,rsi2,1689019200000,1689082200000,83.38330305480956,16,80.34900207519532,,1689255000000,84.71520304870606,mean reversion or trend exit,18.62082380468774,1.334132848876953,1.355443248779297,2
ORCL,Information Technology,rsi2,1689019200000,1689082200000,114.31419694519042,9,107.66099624633789,,1689255000000,116.97290634155273,mean reversion or trend exit,21.84680063768012,1.0288277725067136,1.0527561570739745,2
GOOGL,Communication Services,rsi2,1689019200000,1689082200000,116.40629091644286,11,111.0319953918457,,1689255000000,120.8090703048706,mean reversion or trend exit,45.821204299270754,1.2804692000808713,1.3288997733535766,2
LLY,Health Care,rsi2,1689105600000,1689168600000,438.9084712219238,3,420.92401123046875,,1689600600000,449.0005621948242,mean reversion or trend exit,27.612545818451107,1.3167254136657713,1.3470016865844727,3
KMB,Consumer Staples,rsi2,1689192000000,1689255000000,135.31517266845702,10,130.98800659179688,,1689600600000,134.9649060974121,mean reversion or trend exit,-6.205466498107956,1.3531517266845703,1.349649060974121,2
MCK,Health Care,rsi2,1689192000000,1689255000000,411.7613561096191,3,394.59698486328125,,1689687000000,412.1074690246582,mean reversion or trend exit,-1.4332677302855312,1.2352840683288573,1.2363224070739747,3
FOXA,Communication Services,rsi2,1689364800000,1689600600000,33.193159847259516,41,31.90900001525879,,1689773400000,33.896070304870605,mean reversion or trend exit,26.068670325817337,1.3609195537376402,1.389738882499695,2
FOX,Communication Services,rsi2,1689364800000,1689600600000,31.22119053459167,44,30.01349925994873,,1689773400000,31.838130838394164,mean reversion or trend exit,24.370763226898355,1.3737323835220336,1.4008777568893434,2
CLX,Consumer Staples,rsi2,1689105600000,1689168600000,154.5343848876953,8,150.0330078125,,1689859800000,151.848,mean reversion or trend exit,-23.94213818066383,1.2362750791015624,1.214784,6
FAST,Industrials,rsi2,1689278400000,1689341400000,28.243215152740476,48,27.260000038146973,,1689859800000,28.631339847564696,mean reversion or trend exit,15.900006711547949,1.3556743273315428,1.3743043126831054,4
SO,Utilities,rsi2,1689710400000,1689773400000,69.28922122192382,20,66.6819953918457,,1689946200000,71.28864060974121,mean reversion or trend exit,37.176830519714365,1.3857844244384765,1.425772812194824,2
WM,Industrials,rsi2,1689710400000,1689773400000,167.0068363342285,8,162.01399688720704,,1689946200000,171.88793756103516,mean reversion or trend exit,36.3376516232912,1.336054690673828,1.3751035004882812,2
BA,Industrials,rsi2,1689796800000,1689859800000,209.0388318328857,6,200.75700988769532,,1689946200000,213.6761093902588,mean reversion or trend exit,25.287375696899712,1.2542329909973142,1.2820566563415527,1
OTIS,Industrials,rsi2,1689883200000,1689946200000,87.36727877807616,16,84.20950088500976,,1690378200000,85.8440703048706,mean reversion or trend exit,-27.142717156616058,1.3978764604492184,1.3735051248779295,3
HCA,Health Care,rsi2,1689796800000,1689859800000,288.7985197753906,4,275.42298889160156,,1690464600000,273.726,stop gap,-62.54017718066403,1.1551940791015625,1.094904,5
ALGN,Health Care,rsi2,1689883200000,1689946200000,333.16281655883785,2,307.68499450683595,,1690464600000,403.4261565856934,mean reversion or trend exit,139.053502107422,0.6663256331176757,0.8068523131713867,4
F,Consumer Discretionary,rsi2,1689624000000,1689687000000,13.9639498090744,99,13.392000198364258,,1690574400000,13.378608198165894,stop,-60.65573272265885,1.3824310310983656,1.3244822116184234,9
SNA,Industrials,rsi2,1689883200000,1689946200000,274.15388488769526,5,262.1559814453125,,1690810200000,271.9877497558594,mean reversion or trend exit,-13.561383832397066,1.3707694244384763,1.3599387487792969,6
HUBB,Industrials,rsi2,1690315200000,1690378200000,321.68134533691403,3,304.7821838378906,,1690896600000,310.8888121948242,mean reversion or trend exit,-34.27530989886473,0.9650440360107421,0.9326664365844727,4
VRSN,Information Technology,rsi2,1690574400000,1690810200000,208.4282212219238,6,200.78099517822267,,1690896600000,209.3904060974121,mean reversion or trend exit,3.2661974890138126,1.2505693273315428,1.2563424365844726,1
MCK,Health Care,rsi2,1690401600000,1690464600000,403.40299999999996,3,390.902001953125,,1690983000000,406.51309341430664,mean reversion or trend exit,6.900531962677107,1.2102089999999999,1.21953928024292,4
COR,Health Care,rsi2,1690401600000,1690464600000,187.9978075561523,7,182.91501007080078,,1690983000000,187.6921248779297,mean reversion or trend exit,-4.769608274596841,1.315984652893066,1.313844874145508,4
PNW,Utilities,rsi2,1690920000000,1690983000000,82.53244694519042,16,79.45199966430664,,1691092800000,79.37254766464234,stop,-53.14886840252652,1.3205191511230467,1.2699607626342775,2
ZBH,Health Care,rsi2,1690920000000,1690983000000,131.91177877807615,10,127.57700653076172,,1691092800000,127.44942952423096,stop,-47.217104621474974,1.3191177877807616,1.2744942952423097,2
AOS,Industrials,rsi2,1690574400000,1690810200000,72.36229091644286,19,69.33200149536133,,1691415000000,72.89703121948243,mean reversion or trend exit,7.400138637169243,1.3748835274124145,1.3850435931701661,5
LYV,Communication Services,rsi2,1690833600000,1690896600000,87.56748336029052,11,81.45400161743164,,1691415000000,88.2316796951294,mean reversion or trend exit,5.372368889618028,0.9632423169631958,0.9705484766464234,4
MS,Financials,rsi2,1691092800000,1691155800000,89.4393484725952,15,85.51600036621093,,1691587800000,88.38153121948243,mean reversion or trend exit,-18.534571992072767,1.3415902270889282,1.3257229682922365,3
MDT,Health Care,rsi2,1691179200000,1691415000000,84.46437725067138,16,81.19000091552735,,1691587800000,82.18772664642334,mean reversion or trend exit,-39.09284333032204,1.351430036010742,1.3150036263427736,2
CRM,Information Technology,rsi2,1691092800000,1691155800000,216.62641366577145,5,205.69499816894532,,1691611200000,205.48930317077637,stop,-57.796131059158164,1.0831320683288572,1.027446515853882,4
AON,Financials,rsi2,1690833600000,1690896600000,318.318,4,306.00498657226564,,1691674200000,317.9816878051758,mean reversion or trend exit,-3.8904475305174566,1.273272,1.2719267512207033,7
LOW,Consumer Discretionary,rsi2,1691179200000,1691415000000,224.4241969451904,6,216.15499267578124,,1692019800000,224.1456251220703,mean reversion or trend exit,-4.362849871124183,1.3465451816711425,1.3448737507324218,5
TTWO,Communication Services,rsi2,1691524800000,1691587800000,140.14,9,134.60299835205078,,1692019800000,140.19965634155272,mean reversion or trend exit,-1.9861498330993281,1.2612599999999998,1.2617969070739745,3
ISRG,Health Care,rsi2,1691524800000,1691587800000,303.17286511230463,3,286.2810028076172,,1692106200000,305.7839063415527,mean reversion or trend exit,6.006253373382689,0.9095185953369139,0.9173517190246583,4
ALGN,Health Care,rsi2,1691611200000,1691674200000,354.7043561096191,2,325.47498779296876,,1692106200000,359.48015634155274,mean reversion or trend exit,8.123231438964973,0.7094087122192382,0.7189603126831055,3
CMG,Consumer Discretionary,rsi2,1691611200000,1691674200000,37.17353471374511,30,35.02225875854492,,1692279000000,37.18058234024048,mean reversion or trend exit,-2.019194716758646,1.1152060414123535,1.1154174702072144,5
JBL,Information Technology,rsi2,1691784000000,1692019800000,105.67556969451903,12,101.25900268554688,,1692365400000,101.00889060974121,stop gap,-58.48036254098486,1.2681068363342283,1.2121066873168946,4
SW,Materials,rsi2,1692043200000,1692106200000,40.53049168014526,33,40.03200187683105,,1692365400000,40.56939060974121,mean reversion or trend exit,-1.3926314388998422,1.3375062254447938,1.33878989012146,3
RL,Consumer Discretionary,rsi2,1691784000000,1692019800000,121.27115152740477,10,115.38899841308594,,1692388800000,115.27360941467286,stop,-62.340868736739836,1.2127115152740477,1.1527360941467286,5
SWK,Industrials,rsi2,1692043200000,1692106200000,93.42333183288574,14,88.9500015258789,,1692648000000,88.86105152435303,stop,-66.42390568645924,1.3079266456604002,1.2440547213409425,5
NDSN,Industrials,rsi2,1692302400000,1692365400000,232.88264389038082,5,227.16999359130858,,1692711000000,228.97079695129395,mean reversion or trend exit,-21.86850189964273,1.1644132194519041,1.1448539847564698,2
COF,Financials,rsi2,1692216000000,1692279000000,105.50540152740477,9,99.05199737548828,,1692797400000,100.14975,mean reversion or trend exit,-50.05176011038961,0.9495486137466429,0.90134775,4
ABNB,Consumer Discretionary,rsi2,1692388800000,1692624600000,126.28115377807616,6,116.37709197998046,,1692797400000,126.77310152435302,mean reversion or trend exit,1.433360945846609,0.757686922668457,0.7606386091461181,2
OTIS,Industrials,rsi2,1692648000000,1692711000000,84.08399999999999,15,80.17099685668946,,1692797400000,83.13678121948242,mean reversion or trend exit,-16.71659342605584,1.2612599999999998,1.2470517182922363,1
STZ,Consumer Staples,rsi2,1692302400000,1692365400000,257.25699999999995,5,251.8489776611328,,1692883800000,262.3673748779297,mean reversion or trend exit,22.95375251525914,1.286285,1.3118368743896485,4
AOS,Industrials,rsi2,1692648000000,1692711000000,69.12905755615233,19,66.04100112915039,,1692883800000,69.55038274383544,mean reversion or trend exit,5.370269200279312,1.3134520935668943,1.3214572721328735,2
WELL,Real Estate,rsi2,1692734400000,1692797400000,80.24016366577148,14,75.94599761962891,,1692883800000,80.84907030487061,mean reversion or trend exit,6.269443671798859,1.1233622913208008,1.1318869842681887,1
MDLZ,Consumer Staples,rsi2,1692734400000,1692797400000,70.5705,18,67.89399948120118,,1692883800000,71.48843756103516,mean reversion or trend exit,13.965815222534244,1.270269,1.286791876098633,1
AFL,Financials,rsi2,1692820800000,1692883800000,73.073,18,70.50999755859375,,1692970200000,74.45546878051758,mean reversion or trend exit,22.228925611267197,1.3153139999999999,1.3401984380493164,1
CHTR,Communication Services,rsi2,1692734400000,1692797400000,416.7263075561523,2,394.38201599121095,,1693229400000,418.36121878051756,mean reversion or trend exit,1.5996473960572255,0.8334526151123046,0.8367224375610351,3
APA,Energy,rsi2,1692820800000,1692883800000,42.12208183288574,27,39.87100105285644,,1693315800000,42.85710152435303,mean reversion or trend exit,17.551093718971288,1.1372962094879149,1.1571417411575318,3
AMGN,Health Care,rsi2,1692820800000,1692883800000,256.9867409973144,5,246.96498413085936,,1693402200000,259.74,mean reversion or trend exit,11.182661308441334,1.2849337049865721,1.2987,4
VTRS,Health Care,rsi2,1692820800000,1692883800000,10.930920076370239,120,10.45200023651123,,1693402200000,11.008980457305908,mean reversion or trend exit,6.734457648239199,1.3117104091644287,1.321077654876709,4
SW,Materials,rsi2,1692907200000,1692970200000,38.37834015274048,34,37.91400032043457,,1693402200000,40.70925,mean reversion or trend exit,76.5619567416305,1.3048635651931764,1.3841145,3
DECK,Consumer Discretionary,rsi2,1692993600000,1693229400000,87.00358078765868,15,82.8633316040039,,1693402200000,87.81876294708252,mean reversion or trend exit,9.605397235336502,1.3050537118148802,1.3172814442062377,2
JBHT,Industrials,rsi2,1693252800000,1693315800000,187.28710610961912,7,179.46300506591797,,1693402200000,188.95085939025878,mean reversion or trend exit,9.01260720597853,1.311009742767334,1.3226560157318115,1
LH,Health Care,rsi2,1693339200000,1693402200000,211.8015863342285,6,204.98499908447266,,1693488600000,213.1865939025879,mean reversion or trend exit,5.760116328735578,1.2708095180053711,1.2791195634155275,1
TKO,Communication Services,rsi2,1693425600000,1693488600000,110.16005305480955,10,103.7750015258789,,1693512000000,103.67122652435303,stop,-67.02657810035684,1.1016005305480956,1.0367122652435303,1
PCG,Utilities,rsi2,1693425600000,1693488600000,16.616600381851196,81,15.979000282287597,,1693575000000,16.413570304870607,mean reversion or trend exit,-19.12088006105218,1.345944630929947,1.3294991946945194,1
PCAR,Industrials,rsi2,1693512000000,1693575000000,82.9228363342285,16,79.30800094604493,,1693920600000,83.48642969512939,mean reversion or trend exit,6.354945517944381,1.326765381347656,1.3357828751220702,1
VTRS,Health Care,rsi2,1693512000000,1693575000000,10.850840152740478,102,10.229000186920166,,1694030400000,10.218771186733246,stop,-66.62013488936397,1.1067856955795288,1.042314661046791,3
UNP,Industrials,rsi2,1693512000000,1693575000000,221.86163938903806,6,214.92000274658204,,1694030400000,214.70508274383545,stop,-45.55874020401292,1.3311698363342284,1.2882304964630127,3
MCK,Health Care,rsi2,1693512000000,1693575000000,413.70329855346677,3,397.1120086669922,,1694179800000,417.9416253662109,mean reversion or trend exit,10.220045666473453,1.2411098956604003,1.2538248760986328,4
MNST,Consumer Staples,rsi2,1693598400000,1693920600000,28.26323561096191,47,27.20149917602539,,1694179800000,28.23673439025879,mean reversion or trend exit,-3.90105596310407,1.3283720737152098,1.327126516342163,3
TKO,Communication Services,rsi2,1693512000000,1693575000000,98.09799999999998,7,88.98800125122071,,1694525400000,101.898,mean reversion or trend exit,25.200028000000078,0.6866859999999999,0.713286,6
LYV,Communication Services,rsi2,1694030400000,1694093400000,80.28019694519043,16,77.8199951171875,,1694525400000,81.9879296951294,mean reversion or trend exit,24.727433972778396,1.2844831511230468,1.3118068751220704,3
UNP,Industrials,rsi2,1694116800000,1694179800000,210.53032733154294,6,204.7280029296875,,1694611800000,213.68609390258788,mean reversion or trend exit,16.389300898864914,1.2631819639892576,1.2821165634155274,3
ESS,Real Estate,rsi2,1694462400000,1694525400000,223.63341366577146,5,216.02900390625,,1694698200000,225.06470329284667,mean reversion or trend exit,4.912957550582991,1.1181670683288574,1.1253235164642332,2
FAST,Industrials,rsi2,1694116800000,1694179800000,27.742715152740477,47,26.801000022888182,,1694784600000,27.542429695129396,mean reversion or trend exit,-12.011818315570673,1.3039076121788022,1.2944941956710816,5
CRH,Materials,rsi2,1694548800000,1694611800000,53.52347122192382,24,51.50499801635742,,1694784600000,55.014929695129396,mean reversion or trend exit,33.19008173492454,1.2845633093261717,1.3203583126831053,2
ROST,Consumer Discretionary,rsi2,1694462400000,1694525400000,119.2190984725952,11,113.8490005493164,,1695043800000,117.93195304870605,mean reversion or trend exit,-16.767261229515043,1.3114100831985473,1.2972514835357665,4
PTC,Information Technology,rsi2,1694635200000,1694698200000,139.0889469451904,9,133.88099517822266,,1695043800000,140.9589060974121,mean reversion or trend exit,14.309201692611845,1.2518005225067137,1.268630154876709,2
BDX,Health Care,rsi2,1694030400000,1694093400000,210.09982829284667,6,202.94810638427734,,1695130200000,207.5045527496338,mean reversion or trend exit,-18.07727954553207,1.2605989697570799,1.2450273164978027,8
DAL,Industrials,rsi2,1694721600000,1694784600000,39.339299236297606,31,37.37800254821777,,1695216600000,39.73023045730591,mean reversion or trend exit,9.66771243075564,1.2195182763252257,1.2316371441764833,3
PAYX,Industrials,rsi2,1694808000000,1695043800000,116.08597122192381,11,112.98100280761719,,1695389400000,112.76711725616455,stop gap,-39.02477759661083,1.2769456834411619,1.2404382898178101,4
KLAC,Information Technology,rsi2,1694808000000,1695043800000,45.5885422668457,20,42.53660011291504,,1695735000000,44.999953170776365,mean reversion or trend exit,-13.583551830139132,0.911770845336914,0.8999990634155273,6
CARR,Industrials,rsi2,1695153600000,1695216600000,54.3542992362976,17,50.75899887084961,,1695735000000,53.04689847564697,mean reversion or trend exit,-24.051633292163764,0.9240230870170593,0.9017972740859984,4
ICE,Financials,rsi2,1695672000000,1695735000000,108.52841816711424,11,105.91100234985352,,1695821400000,107.68221091461182,mean reversion or trend exit,-11.686596697425651,1.1938125998382565,1.18450432006073,1
P,Information Technology,rsi2,1695067200000,1695130200000,35.86583183288574,23,33.164899063110354,,1695907800000,34.52544137191772,mean reversion or trend exit,-32.44797988597487,0.8249141321563721,0.7940851515541076,7
ABNB,Consumer Discretionary,rsi2,1695326400000,1695389400000,133.84371672058103,6,124.41360092163086,,1695907800000,133.5163439025879,mean reversion or trend exit,-3.568397271697834,0.8030623003234861,0.8010980634155274,4
NFLX,Communication Services,rsi2,1694721600000,1694784600000,40.14009847259521,24,37.53060035705566,,1695931200000,37.4930697566986,stop,-65.39188521902169,0.9633623633422851,0.8998336741607664,10
CME,Financials,rsi2,1695672000000,1695735000000,200.8106106109619,6,196.1570083618164,,1695994200000,201.7580467071533,mean reversion or trend exit,3.2692046332397693,1.2048636636657715,1.21054828024292,3
TJX,Consumer Discretionary,rsi2,1695758400000,1695821400000,88.1880984725952,14,85.66200180053711,,1695994200000,89.76014847564697,mean reversion or trend exit,19.517424585449405,1.2346333786163328,1.2566420786590577,2
RSG,Industrials,rsi2,1695844800000,1695907800000,145.33519244384763,8,141.01199798583986,,1696276800000,140.87098598785403,stop,-38.00330107540245,1.162681539550781,1.1269678879028322,3
AON,Financials,rsi2,1695931200000,1695994200000,330.41006655883785,3,320.3870086669922,,1696276800000,320.0666216583252,stop,-32.98176476618953,0.9912301996765136,0.9601998649749756,2
BRO,Financials,rsi2,1695931200000,1695994200000,71.071,18,69.01700210571289,,1696363200000,68.94798510360718,stop,-40.734609866935635,1.2792780000000001,1.2410637318649291,3
AON,Financials,rsi2,1696276800000,1696339800000,321.4511348876953,3,311.7749847412109,,1696426200000,319.74993731689455,mean reversion or trend exit,-7.027195929015959,0.9643534046630858,0.9592498119506836,1
CHD,Consumer Staples,rsi2,1695844800000,1695907800000,92.37227877807616,14,89.33299942016602,,1696512600000,91.47842969512939,mean reversion or trend exit,-15.087797079879692,1.2932119028930662,1.2806980157318115,5
IBM,Information Technology,rsi2,1695931200000,1695994200000,142.142,9,137.7230026245117,,1696512600000,140.7590939025879,mean reversion or trend exit,-14.992264721832221,1.2792780000000001,1.2668318451232912,4
CAH,Health Care,rsi2,1696276800000,1696339800000,86.38630305480956,14,84.05799865722656,,1696512600000,89.15075786590576,mean reversion or trend exit,36.2448485024568,1.2094082427673338,1.2481106101226807,2
BRO,Financials,rsi2,1696363200000,1696426200000,69.6796106109619,18,67.39699783325196,,1696512600000,70.25967182922363,mean reversion or trend exit,7.922194844787851,1.2542329909973142,1.2646740929260254,1
BRK-B,Financials,rsi2,1696363200000,1696426200000,343.2629334411621,3,334.4670166015625,,1696858200000,343.89575024414063,mean reversion or trend exit,-0.16302564212029158,1.029788800323486,1.031687250732422,3
VST,Utilities,rsi2,1696449600000,1696512600000,31.421389389038083,34,29.65949993133545,,1696944600000,31.88808007621765,mean reversion or trend exit,13.714961402286624,1.0683272392272947,1.0841947225914004,3
MPC,Energy,rsi2,1696449600000,1696512600000,140.55041366577146,8,133.29800109863282,,1696944600000,145.4743751220703,mean reversion or trend exit,37.10349334008811,1.1244033093261716,1.1637950009765625,3
BKR,Energy,rsi2,1696449600000,1696512600000,32.91288106918335,38,31.539999771118165,,1696944600000,34.72523832321167,mean reversion or trend exit,66.29932711616517,1.2506894806289672,1.3195590562820434,3
BG,Consumer Staples,rsi2,1696449600000,1696512600000,104.40430305480956,12,100.20999603271484,,1696944600000,106.04385152435303,mean reversion or trend exit,17.149203779571693,1.2528516366577147,1.2725262182922363,3
WMT,Consumer Staples,rsi2,1696881600000,1696944600000,52.12874445343017,24,50.50633430480957,,1697117400000,52.79049086380005,mean reversion or trend exit,13.36385220126358,1.2510898668823243,1.2669717807312013,2
FDX,Industrials,rsi2,1696881600000,1696944600000,206.17696403503416,6,196.64625396728516,,1697227200000,196.44960771331787,stop,-60.77989736078783,1.237061784210205,1.1786976462799073,4
ACN,Information Technology,rsi2,1697140800000,1697203800000,302.6022877807617,4,291.30498657226565,,1697635800000,306.4132812194824,mean reversion or trend exit,12.807911478881996,1.2104091511230468,1.2256531248779297,3
IBKR,Financials,rsi2,1697140800000,1697203800000,21.356334083557126,60,20.388500022888184,,1697635800000,20.70926954269409,mean reversion or trend exit,-41.34780866935716,1.2813800450134276,1.2425561725616456,3
TYL,Information Technology,rsi2,1697227200000,1697463000000,377.92753778076167,3,359.02899780273435,,1697635800000,386.04356268310545,mean reversion or trend exit,22.056161405639745,1.133782613342285,1.1581306880493165,2
PCAR,Industrials,rsi2,1697140800000,1697203800000,85.38530305480955,15,81.85600357055664,,1697832000000,81.77414756698609,stop,-56.67472407667894,1.2807795458221434,1.2266122135047912,6
VEEV,Health Care,rsi2,1697572800000,1697635800000,207.66746672058102,6,198.60900421142577,,1697832000000,198.41039520721435,stop,-57.97889625176678,1.246004800323486,1.190462371243286,3
FDX,Industrials,rsi2,1697227200000,1697463000000,197.02195941162108,5,185.77841033935547,,1698067800000,192.95752986145018,SPY below SMA200,-22.272045197219853,0.9851097970581054,0.9647876493072509,5
WDC,Information Technology,rsi2,1697572800000,1697635800000,33.169947113037104,33,31.356007766723632,,1698067800000,32.0540802154541,SPY below SMA200,-38.97600052207934,1.0946082547302245,1.0577846471099854,3
BRO,Financials,rsi2,1697572800000,1697635800000,69.01894694519042,18,66.89400177001953,,1698067800000,67.48245304870605,SPY below SMA200,-30.113915336608855,1.2423410450134278,1.2146841548767089,3
VRSK,Industrials,rsi2,1698177600000,1698240600000,229.79957733154293,5,221.275,,1698327000000,227.6621093902588,SPY below SMA200,-12.974648140029723,1.1489978866577146,1.138310546951294,1
ERIE,Financials,rsi2,1698177600000,1698240600000,293.71343344116207,4,281.3920013427734,,1698327000000,293.706,SPY below SMA200,-2.3794114984128476,1.1748537337646483,1.174824,1
RSG,Industrials,rsi2,1698177600000,1698240600000,143.69355305480954,8,139.08600463867188,,1698327000000,146.9529060974121,SPY below SMA200,23.74965266760267,1.1495484244384764,1.1756232487792968,1
HAL,Energy,rsi2,1698177600000,1698240600000,40.43038938903808,21,37.57299957275391,,1698327000000,39.770191371917726,SPY below SMA200,-15.548370555507587,0.8490381771697998,0.8351740188102723,1
WMB,Energy,rsi2,1698177600000,1698240600000,34.544508319854735,36,33.123999404907224,,1698327000000,34.155808628082276,SPY below SMA200,-16.466400313934248,1.2436022995147704,1.2296091106109621,1
TPL,Energy,rsi2,1698955200000,1699018200000,199.67614598083495,4,187.3782180786133,,1699390800000,187.19083986053468,stop,-51.48869242456654,0.7987045839233398,0.7487633594421388,3
TPL,Energy,rsi2,1699390800000,1699453800000,189.3324691314697,4,175.44510498046876,,1699540200000,183.51297386169435,mean reversion or trend exit,-24.769362851074096,0.7573298765258788,0.7340518954467774,1
HAL,Energy,rsi2,1699390800000,1699453800000,37.737700763702385,25,35.45999946594238,,1699885800000,38.34162106704712,mean reversion or trend exit,13.196024537849674,0.9434425190925597,0.9585405266761781,3
CI,Health Care,rsi2,1699390800000,1699453800000,296.7764909973144,3,280.4859985351562,,1699972200000,292.89681243896484,mean reversion or trend exit,-13.408055585357499,0.8903294729919433,0.8786904373168946,4
MPC,Energy,rsi2,1699477200000,1699540200000,144.14399999999998,6,135.61199798583985,,1699972200000,147.15270304870606,mean reversion or trend exit,16.30443807394425,0.8648639999999999,0.8829162182922364,3
NOC,Industrials,rsi2,1699477200000,1699540200000,461.71124999999995,2,441.6780212402344,,1699972200000,462.537,mean reversion or trend exit,-0.1969964999999444,0.9234224999999999,0.925074,3
TXT,Industrials,rsi2,1699477200000,1699540200000,76.66658633422851,15,73.02399826049805,,1699972200000,76.76315634155273,mean reversion or trend exit,-0.8528960302734563,1.1499987950134278,1.151447345123291,3
EQT,Energy,rsi2,1699650000000,1699885800000,39.56952877807617,16,36.01700134277344,,1699972200000,39.79017182922363,mean reversion or trend exit,2.2605336086425982,0.6331124604492188,0.6366427492675781,1
PKG,Materials,rsi2,1699909200000,1699972200000,154.84469244384763,7,147.54700164794923,,1700058600000,157.9419060974121,mean reversion or trend exit,19.490989385162447,1.0839128471069335,1.1055933426818847,1
STLD,Materials,rsi2,1699909200000,1699972200000,108.9788727493286,7,101.07400512695312,,1700058600000,111.05882817077637,mean reversion or trend exit,13.019424043693613,0.7628521092453002,0.7774117971954346,1
REGN,Health Care,rsi2,1699909200000,1699972200000,805.805,1,759.6869995117188,,1700231400000,802.5066875610352,mean reversion or trend exit,-4.906624126525821,0.805805,0.8025066875610352,3
AJG,Financials,rsi2,1700082000000,1700145000000,241.74149999999997,5,232.3790069580078,,1700231400000,246.3633906097412,mean reversion or trend exit,20.668928595657437,1.2087075,1.231816953048706,1
COP,Energy,rsi2,1700168400000,1700231400000,112.91280305480956,9,106.58699951171874,,1700490600000,114.87500786590576,mean reversion or trend exit,15.60975300157936,1.016215227493286,1.0338750707931517,1
VRTX,Health Care,rsi2,1700082000000,1700145000000,351.0707212219238,2,331.0669921875,,1700577000000,357.5420939025879,mean reversion or trend exit,11.525519731079184,0.7021414424438476,0.7150841878051758,3
ACGL,Financials,rsi2,1700082000000,1700145000000,83.16308183288574,11,78.03400268554688,,1700577000000,84.915,mean reversion or trend exit,17.422240938095214,0.9147939001617431,0.934065,3
FANG,Energy,rsi2,1700168400000,1700231400000,154.18402877807617,6,144.6300033569336,,1700577000000,155.0847654876709,mean reversion or trend exit,3.5488074919738644,0.9251041726684571,0.9305085929260254,2
CI,Health Care,rsi2,1700168400000,1700231400000,283.2529712219238,3,267.675,,1700663400000,286.3034063415527,mean reversion or trend exit,7.442636226196273,0.8497589136657714,0.8589102190246581,3
CF,Materials,rsi2,1700254800000,1700490600000,77.72765152740477,13,73.27099990844727,,1700663400000,75.19472664642333,mean reversion or trend exit,-34.91601436901849,1.0104594698562621,0.9775314464035033,2
WMT,Consumer Staples,rsi2,1700514000000,1700577000000,51.87181969451904,24,50.01166458129883,,1701095400000,51.931350254058835,mean reversion or trend exit,-1.062542649810799,1.244923672668457,1.246352406097412,3
DPZ,Consumer Discretionary,rsi2,1700514000000,1700577000000,368.2078363342285,3,351.4599945068359,,1701095400000,370.339281463623,mean reversion or trend exit,4.178694034790052,1.1046235090026855,1.111017844390869,3
PKG,Materials,rsi2,1700514000000,1700577000000,153.31316366577147,8,146.90900421142578,,1701095400000,154.04579695129394,mean reversion or trend exit,3.402194599243219,1.2265053093261717,1.2323663756103516,3
AMGN,Health Care,rsi2,1700600400000,1700663400000,265.05479855346675,4,250.7560043334961,,1701095400000,265.1645626831055,mean reversion or trend exit,-1.6818209263913542,1.060219194213867,1.060658250732422,2
NRG,Utilities,rsi2,1700600400000,1700663400000,45.41536893081665,21,42.60500144958496,,1701181800000,46.183769542694094,mean reversion or trend exit,14.212830941482645,0.9537227475471497,0.9698591603965759,3
LYB,Materials,rsi2,1700859600000,1701095400000,94.02393030548095,13,90.62599868774414,,1701181800000,93.17672664642333,mean reversion or trend exit,-13.447256108123717,1.2223110939712525,1.2112974464035033,1
SBUX,Consumer Discretionary,rsi2,1700859600000,1701095400000,102.39229091644286,12,98.36399993896484,,1701354600000,99.95993756103516,mean reversion or trend exit,-31.616467006622123,1.2287074909973144,1.199519250732422,3
NVDA,Information Technology,rsi2,1700859600000,1701095400000,47.847799236297604,20,44.98250122070313,,1701354600000,47.97597426223755,mean reversion or trend exit,0.6470250488282149,0.956955984725952,0.959519485244751,3
KEY,Financials,rsi2,1701118800000,1701181800000,11.76175,75,10.972000122070312,,1701354600000,12.4875,mean reversion or trend exit,52.612556250000104,0.8821312499999999,0.9365625,2
ADP,Industrials,rsi2,1701118800000,1701181800000,229.63941366577146,5,220.7740036010742,,1701441000000,229.41035939025878,mean reversion or trend exit,-3.4405202428435553,1.1481970683288574,1.147051796951294,3
ODFL,Industrials,rsi2,1701291600000,1701354600000,192.32712950134274,5,182.00800170898438,,1701700200000,201.2735310974121,mean reversion or trend exit,42.76400467735305,0.9616356475067137,1.0063676554870606,2
HAL,Energy,rsi2,1701378000000,1701441000000,37.10706969451904,28,35.01099853515625,,1701700200000,37.24271878051758,mean reversion or trend exit,1.716380330658013,1.038997951446533,1.0427961258544922,1
CDW,Information Technology,rsi2,1701118800000,1701181800000,214.04383183288573,5,206.00899810791014,,1701786600000,211.788,mean reversion or trend exit,-13.40831832359302,1.0702191591644288,1.05894,5
CPRT,Industrials,rsi2,1701723600000,1701786600000,48.82877877807616,25,47.14400024414063,,1701896400000,47.09685624389649,stop,-45.69620423004116,1.2207194694519041,1.1774214060974122,2
LLY,Health Care,rsi2,1701464400000,1701700200000,582.7121348876952,1,549.3389953613281,,1701959400000,587.6917492675781,mean reversion or trend exit,3.8092104957275588,0.5827121348876952,0.5876917492675781,3
JBL,Information Technology,rsi2,1701291600000,1701354600000,115.62551213836669,8,108.25500411987305,,1702045800000,116.26361725616455,mean reversion or trend exit,3.2497279072266574,0.9250040971069335,0.9301089380493164,6
LYV,Communication Services,rsi2,1701291600000,1701354600000,83.90381969451903,13,79.4740005493164,,1702045800000,84.3056093902588,mean reversion or trend exit,3.0365434665148374,1.0907496560287473,1.0959729220733643,6
NFLX,Communication Services,rsi2,1701723600000,1701786600000,45.115069694519036,27,43.81119956970215,,1702305000000,45.89006482315064,mean reversion or trend exit,18.46772984107617,1.218106881752014,1.2390317502250674,4
CPRT,Industrials,rsi2,1701896400000,1701959400000,48.01797122192382,24,45.628001022338864,,1702391400000,49.010941371917724,mean reversion or trend exit,21.502589697601437,1.1524313093261718,1.1762625929260253,3
CEG,Utilities,rsi2,1701896400000,1701959400000,113.37326213836668,9,107.14239959716797,,1702391400000,116.04384365844727,mean reversion or trend exit,21.970479728553972,1.0203593592453002,1.0443945929260257,3
LIN,Materials,rsi2,1701982800000,1702045800000,398.39799999999997,3,388.0299896240234,,1702391400000,425.26431243896485,mean reversion or trend exit,78.12795037957775,1.195194,1.2757929373168946,2
AJG,Financials,rsi2,1702069200000,1702305000000,242.61236511230467,5,233.9860046386719,,1702391400000,244.755,mean reversion or trend exit,8.276337612915091,1.2130618255615233,1.223775,1
ACGL,Financials,rsi2,1701982800000,1702045800000,78.75868030548095,14,74.68499374389648,,1702477800000,80.06985152435303,mean reversion or trend exit,16.132797618591386,1.1026215242767332,1.1209779213409425,3
VZ,Communication Services,rsi2,1702328400000,1702391400000,37.607569694519036,34,36.67899856567383,,1702501200000,36.64231956710815,stop,-35.34300056686534,1.2786573696136472,1.2458388652816772,2
SBAC,Real Estate,rsi2,1702328400000,1702391400000,242.95271672058104,4,230.62200164794922,,1702564200000,254.35539060974122,mean reversion or trend exit,43.62146312731945,0.9718108668823242,1.0174215624389649,2
EQIX,Real Estate,rsi2,1702328400000,1702391400000,797.9771726684569,1,772.8389953613281,,1702564200000,818.0811243896484,mean reversion or trend exit,18.487893424133386,0.7979771726684569,0.8180811243896484,2
FIS,Financials,rsi2,1702414800000,1702477800000,57.91786061096191,22,55.54300117492676,,1702564200000,60.789148475646975,mean reversion or trend exit,60.55677882316604,1.2741929334411621,1.3373612664642336,1
WSM,Consumer Discretionary,rsi2,1702414800000,1702477800000,95.22512725067138,10,89.62799987792968,,1702564200000,100.01988274383545,mean reversion or trend exit,45.995104831695684,0.9522512725067138,1.0001988274383546,1
CAH,Health Care,rsi2,1702587600000,1702650600000,102.15205305480956,12,99.18800277709961,,1702674000000,99.08881477432251,stop,-39.173749779794086,1.2258246366577146,1.1890657772918702,1
MCK,Health Care,rsi2,1702587600000,1702650600000,439.8294046630859,2,425.33299560546874,,1703082600000,449.55,mean reversion or trend exit,17.662431864502086,0.8796588093261718,0.8991,3
CBOE,Financials,rsi2,1702587600000,1702650600000,172.2320575561523,7,166.22699890136718,,1703082600000,175.95387487792968,mean reversion or trend exit,23.615419725402983,1.2056244028930663,1.2316771241455078,3
AIZ,Financials,rsi2,1702587600000,1702650600000,163.1329712219238,8,158.63700408935546,,1703082600000,166.16367182922363,mean reversion or trend exit,21.611231713989383,1.3050637697753904,1.3293093746337892,3
ADBE,Information Technology,rsi2,1702587600000,1702650600000,581.1805755615234,2,556.4350280761719,,1703082600000,600.1093119506836,mean reversion or trend exit,35.49489300329606,1.1623611511230467,1.2002186239013672,3
ALL,Financials,rsi2,1703019600000,1703082600000,137.61747572326658,9,133.63400268554688,,1703601000000,137.2625939025879,mean reversion or trend exit,-5.667857012740853,1.2385572815093993,1.235363345123291,3
BALL,Materials,rsi2,1703106000000,1703169000000,56.15609847259521,21,53.206999969482425,,1703601000000,56.93301167678833,mean reversion or trend exit,13.940305974918497,1.1792780679244996,1.195593245212555,2
MSI,Information Technology,rsi2,1702674000000,1702909800000,311.9516546630859,4,302.20799865722654,,1703773800000,311.26840658569336,mean reversion or trend exit,-5.225872554565253,1.2478066186523435,1.2450736263427735,7
UNH,Health Care,rsi2,1703019600000,1703082600000,524.3738255615234,2,506.09898681640624,,1703773800000,522.9465007324219,mean reversion or trend exit,-4.949290310790906,1.048747651123047,1.0458930014648438,5
FDX,Industrials,rsi2,1703106000000,1703169000000,200.1274024505615,5,187.9153839111328,,1703773800000,201.87688526916503,mean reversion or trend exit,6.737392654418992,1.0006370122528074,1.0093844263458251,4
ULTA,Consumer Discretionary,rsi2,1703278800000,1703601000000,473.7032409973144,2,449.0229888916016,,1703773800000,484.515,mean reversion or trend exit,19.707081523376495,0.9474064819946288,0.96903,2
AAPL,Information Technology,rsi2,1703278800000,1703601000000,193.8036106109619,6,188.00100555419922,,1704205800000,186.96284390258788,stop gap,-43.32919897732542,1.1628216636657716,1.1217770634155273,4
IP,Materials,rsi2,1703797200000,1703860200000,36.18615152740478,36,34.82800102233887,,1704292200000,36.14382030487061,mean reversion or trend exit,-4.127802997192149,1.302701454986572,1.301177530975342,2
DECK,Consumer Discretionary,rsi2,1703797200000,1703860200000,112.53575554656982,11,107.79716873168945,,1704378600000,112.04617449188233,mean reversion or trend exit,-7.855792831985378,1.237893311012268,1.2325079194107056,3
SNPS,Information Technology,rsi2,1703710800000,1703773800000,520.52,1,487.7009643554687,,1704488400000,487.21326339111323,stop,-34.31446987227786,0.52052,0.48721326339111326,6
ABNB,Consumer Discretionary,rsi2,1703710800000,1703773800000,136.68655305480956,7,128.26420135498046,,1704724200000,137.17268756103516,mean reversion or trend exit,1.4859268592682615,0.956805871383667,0.9602088129272461,6
NTAP,Information Technology,rsi2,1704229200000,1704292200000,86.28619694519043,15,83.42699966430663,,1704810600000,85.25465634155273,mean reversion or trend exit,-18.04622185386656,1.2942929541778565,1.278819845123291,4
LOW,Consumer Discretionary,rsi2,1704315600000,1704378600000,212.11189389038083,6,204.87100524902343,,1704810600000,215.17460939025878,mean reversion or trend exit,15.812573979583883,1.272671363342285,1.2910476563415527,3
AKAM,Information Technology,rsi2,1704488400000,1704724200000,114.75463938903808,11,111.75400238037109,,1704810600000,115.72415634155273,mean reversion or trend exit,8.129419724624679,1.262301033279419,1.27296571975708,1
A,Health Care,rsi2,1704488400000,1704724200000,130.27013938903806,9,125.35899810791015,,1704810600000,132.13773426818847,mean reversion or trend exit,14.446683049438585,1.1724312545013427,1.1892396084136962,1
IEX,Industrials,rsi2,1704747600000,1704810600000,209.93972572326658,6,204.4820068359375,,1704897000000,209.3004845123291,mean reversion or trend exit,-6.350888527038482,1.2596383543395997,1.2558029070739745,1
STLD,Materials,rsi2,1703883600000,1704205800000,117.94783183288573,10,111.74599609375,,1705006800000,111.63425009765625,stop,-65.43163817160018,1.1794783183288573,1.1163425009765624,8
AIZ,Financials,rsi2,1704747600000,1704810600000,165.21505305480954,7,160.54099731445314,,1705069800000,165.90393731689454,mean reversion or trend exit,2.5043569019930505,1.1565053713836668,1.1613275612182619,3
GD,Industrials,rsi2,1704747600000,1704810600000,254.02377427673338,5,247.6560028076172,,1705415400000,254.03570329284668,mean reversion or trend exit,-2.480652307281403,1.2701188713836669,1.2701785164642334,4
TRGP,Energy,rsi2,1704747600000,1704810600000,84.30422122192383,15,80.70099792480468,,1705415400000,83.28663274383545,mean reversion or trend exit,-17.77768998081195,1.2645633183288574,1.2492994911575317,4
PSA,Real Estate,rsi2,1705006800000,1705069800000,293.02274099731443,4,279.1080017089844,,1705501800000,290.5591560974121,mean reversion or trend exit,-12.18866718798828,1.1720909639892578,1.1622366243896485,2
LULU,Consumer Discretionary,rsi2,1704834000000,1704897000000,488.48799999999994,2,466.42799377441406,,1705525200000,465.96156578063966,stop,-46.96176757028184,0.976976,0.9319231315612794,5
CVS,Health Care,rsi2,1705093200000,1705415400000,76.72665152740478,16,73.41299819946289,,1705588200000,73.05686725616455,stop gap,-61.11308464038082,1.2276264244384765,1.168909876098633,2
REG,Real Estate,rsi2,1705093200000,1705415400000,63.72365984725951,20,61.968998718261716,,1705611600000,61.90702971954345,stop,-38.845216345657256,1.2744731969451903,1.238140594390869,3
T,Communication Services,rsi2,1705006800000,1705069800000,16.356340152740476,79,15.628999710083008,,1705674600000,16.643339847564697,mean reversion or trend exit,20.066001171089354,1.2921508720664976,1.3148238479576109,4
SW,Materials,rsi2,1705438800000,1705501800000,37.47743862533569,34,36.1859992980957,,1705933800000,37.35260939025879,mean reversion or trend exit,-6.78841562514464,1.2742329132614134,1.2699887192687989,3
BAC,Financials,rsi2,1705525200000,1705588200000,31.781749999999995,39,30.450999069213868,,1705933800000,32.32764060974121,mean reversion or trend exit,18.789467546127437,1.23948825,1.2607779837799071,2
KEY,Financials,rsi2,1705611600000,1705674600000,13.243229541778563,68,12.3669997215271,,1705933800000,13.995990228652953,mean reversion or trend exit,49.33545976306922,0.9005396088409423,0.9517273355484008,1
DD,Industrials,rsi2,1705525200000,1705588200000,92.17576287841796,13,89.15522689819336,,1706020200000,93.63430693817139,mean reversion or trend exit,16.545541869179004,1.1982849174194334,1.2172459901962283,3
REG,Real Estate,rsi2,1705611600000,1705674600000,62.69263106918334,20,60.25199851989746,,1706020200000,63.23669923782349,mean reversion or trend exit,8.362776766662758,1.253852621383667,1.2647339847564698,2
SBAC,Real Estate,rsi2,1705698000000,1705933800000,232.52228327941893,5,221.1600128173828,,1706020200000,234.63512512207032,mean reversion or trend exit,8.228422171249512,1.1626114163970946,1.1731756256103516,1
KMI,Energy,rsi2,1705698000000,1705933800000,17.227209083557128,74,16.646001243591307,,1706106600000,17.12285939025879,mean reversion or trend exit,-10.263782371139447,1.2748134721832276,1.2670915948791504,2
MNST,Consumer Staples,rsi2,1705957200000,1706020200000,28.1781496181488,45,27.150500297546387,,1706106600000,27.70726560974121,mean reversion or trend exit,-23.704624063596643,1.268016732816696,1.2468269524383546,1
CNC,Health Care,rsi2,1705698000000,1705933800000,74.61454091644286,15,70.81400070190429,,1706193000000,72.87704695129395,mean reversion or trend exit,-28.27478329524977,1.119218113746643,1.0931557042694091,3
TSN,Consumer Staples,rsi2,1705957200000,1706020200000,52.892840152740476,24,50.505998611450195,,1706193000000,53.83610939025879,mean reversion or trend exit,20.07696691140758,1.2694281636657716,1.292066625366211,2
LOW,Consumer Discretionary,rsi2,1706043600000,1706106600000,215.37516366577145,5,207.46100311279298,,1706193000000,211.35843731689454,mean reversion or trend exit,-22.217299749297908,1.0768758183288574,1.0567921865844727,1
DUK,Utilities,rsi2,1705957200000,1706020200000,95.10501213836669,13,92.30499572753907,,1706279400000,95.53436725616456,mean reversion or trend exit,3.1033045992433843,1.2363651577987669,1.2419467743301393,3
MDT,Health Care,rsi2,1706130000000,1706193000000,85.34526213836669,14,82.13100128173828,,1706538600000,86.21370304870605,mean reversion or trend exit,9.756347232132008,1.1948336699371336,1.2069918426818846,2
ABT,Health Care,rsi2,1706130000000,1706193000000,111.52141366577148,11,107.75399627685547,,1706625000000,113.78610152435303,mean reversion or trend exit,22.43318377730571,1.2267355503234862,1.2516471167678833,3
TMUS,Communication Services,rsi2,1706130000000,1706193000000,162.83266816711424,7,157.56499786376952,,1706625000000,162.35748426818847,mean reversion or trend exit,-5.6026183595274635,1.1398286771697996,1.1365023898773192,3
MRSH,Financials,rsi2,1706216400000,1706279400000,190.6604712219238,6,185.63799133300782,,1706797800000,192.48731268310547,mean reversion or trend exit,8.662162063659775,1.143962827331543,1.1549238760986327,4
AMT,Real Estate,rsi2,1706043600000,1706106600000,203.3031061096191,6,194.48299102783204,,1706821200000,194.28850803680422,stop,-56.47313812176789,1.2198186366577148,1.1657310482208254,7
COO,Health Care,rsi2,1706302800000,1706538600000,92.8177234725952,13,89.39675369262696,,1706884200000,94.41798445129395,mean reversion or trend exit,18.369328520073086,1.2066304051437375,1.2274337978668213,4
AJG,Financials,rsi2,1706562000000,1706625000000,229.64941816711422,5,220.65900268554688,,1706884200000,233.78598426818849,mean reversion or trend exit,18.365653493194813,1.148247090835571,1.1689299213409425,3
CASY,Consumer Staples,rsi2,1706562000000,1706625000000,273.37310610961913,4,263.94500427246095,,1706884200000,274.4552809753418,mean reversion or trend exit,2.1373859145508103,1.0934924244384765,1.097821123901367,3
IP,Materials,rsi2,1706821200000,1706884200000,34.05402045822143,37,32.8070011138916,,1707143400000,33.11685152435303,mean reversion or trend exit,-37.160572816486024,1.2599987569541928,1.2253235064010621,1
NTRS,Financials,rsi2,1706821200000,1706884200000,78.63855755615234,16,75.73700408935547,,1707143400000,79.13078908538819,mean reversion or trend exit,5.351394921508982,1.2582169208984373,1.266092625366211,1
AAPL,Information Technology,rsi2,1706734800000,1706797800000,184.1739954986572,6,177.82099151611328,,1707229800000,186.6731406097412,mean reversion or trend exit,12.769787849853637,1.1050439729919432,1.1200388436584472,3
EXPD,Industrials,rsi2,1706821200000,1706884200000,123.10298336029051,10,118.27300338745117,,1707316200000,126.83303908538818,mean reversion or trend exit,34.80119702651992,1.231029833602905,1.2683303908538819,3
AFL,Financials,rsi2,1706821200000,1706884200000,76.98691366577148,14,72.86999893188477,,1707402600000,78.55136725616455,mean reversion or trend exit,19.7248143325959,1.0778167913208008,1.0997191415863037,4
PKG,Materials,rsi2,1706907600000,1707143400000,160.42025450134275,7,154.81099395751954,,1707402600000,165.77406243896485,mean reversion or trend exit,35.1932953447725,1.1229417815093994,1.160418437072754,3
NDAQ,Financials,rsi2,1706907600000,1707143400000,56.29624168014526,22,54.685001373291016,,1707402600000,56.643300762176516,mean reversion or trend exit,5.150629870956597,1.2385173169631958,1.2461526167678834,3
BXP,Real Estate,rsi2,1707166800000,1707229800000,62.38231969451903,13,57.90100173950195,,1707402600000,63.496441371917726,mean reversion or trend exit,12.847157912319325,0.8109701560287474,0.8254537378349304,2
USB,Financials,rsi2,1707339600000,1707402600000,39.73970076370239,28,37.556999588012694,,1707489000000,40.25969923782348,mean reversion or trend exit,12.319974075347949,1.112711621383667,1.1272715786590575,1
GEN,Information Technology,rsi2,1707253200000,1707316200000,20.850829923629757,37,19.19200019836426,,1707748200000,21.338640609741212,mean reversion or trend exit,16.487984976389118,0.771480707174301,0.7895297025604249,3
WMB,Energy,rsi2,1707512400000,1707748200000,34.06402877807617,37,33.00899887084961,,1707834600000,34.52544137191772,mean reversion or trend exit,14.53445557658762,1.2603690647888184,1.2774413307609558,1
VZ,Communication Services,rsi2,1707339600000,1707402600000,40.340299236297604,32,38.62699813842774,,1707921000000,40.33962106704712,mean reversion or trend exit,-2.6034588657225344,1.2908895755615233,1.2908678741455077,4
T,Communication Services,rsi2,1707426000000,1707489000000,16.806790916442868,77,16.05899887084961,,1708007400000,16.92306053352356,mean reversion or trend exit,6.355561953565959,1.2941229005661008,1.3030756610813141,4
RCL,Consumer Discretionary,rsi2,1707339600000,1707402600000,120.3602378616333,7,111.75399856567383,,1708093800000,116.80307817077637,mean reversion or trend exit,-26.56026104822531,0.842521665031433,0.8176215471954346,6
BR,Industrials,rsi2,1707858000000,1707921000000,194.85466366577145,6,186.76499633789064,,1708093800000,197.7020939025879,mean reversion or trend exit,14.729240875488545,1.1691279819946288,1.1862125634155276,2
PG,Consumer Staples,rsi2,1707944400000,1708007400000,156.45630305480955,8,151.06300201416016,,1708093800000,156.88295329284668,mean reversion or trend exit,0.9064878535157614,1.2516504244384765,1.2550636263427735,1
AAPL,Information Technology,rsi2,1708030800000,1708093800000,183.60341816711423,7,177.5000030517578,,1708439400000,181.60820329284667,mean reversion or trend exit,-16.52298547009265,1.2852239271697996,1.2712574230499267,1
AMGN,Health Care,rsi2,1707339600000,1707402600000,297.29699999999997,4,282.7179870605469,,1708462800000,282.4352690734863,stop,-61.765852782348524,1.189188,1.1297410762939453,8
WAB,Industrials,rsi2,1708030800000,1708093800000,134.28414389038085,9,129.8660125732422,,1708612200000,136.18368731689452,mean reversion or trend exit,14.661680357757584,1.2085572950134276,1.2256531858520507,3
MU,Information Technology,rsi2,1708117200000,1708439400000,79.40933183288573,13,75.03700103759766,,1708612200000,84.915,mean reversion or trend exit,69.43746985865813,1.0323213138275145,1.103895,2
NRG,Utilities,rsi2,1707771600000,1707834600000,51.6015492362976,25,49.38499870300293,,1708698600000,52.277671829223635,mean reversion or trend exit,14.30608429651284,1.29003873090744,1.3069417957305909,7
AMGN,Health Care,rsi2,1708462800000,1708525800000,285.12483633422846,3,269.7900024414063,,1708698600000,286.2334690246582,mean reversion or trend exit,1.6118231552124855,0.8553745090026854,0.8587004070739745,2
LULU,Consumer Discretionary,rsi2,1708549200000,1708612200000,448.5481061096191,2,420.51499938964844,,1708698600000,458.0415,mean reversion or trend exit,17.173608568542562,0.8970962122192382,0.916083,1
FDS,Financials,rsi2,1708549200000,1708612200000,457.63717266845697,2,437.11900634765624,,1708698600000,459.7198126831055,mean reversion or trend exit,2.330566058593912,0.915274345336914,0.919439625366211,1
AKAM,Information Technology,rsi2,1708030800000,1708093800000,111.16105305480956,11,106.54599990844727,,1708957800000,108.00189060974121,mean reversion or trend exit,-37.16157927606187,1.2227715836029052,1.1880207967071532,5
ADBE,Information Technology,rsi2,1708635600000,1708698600000,544.0334802246093,1,503.47900390625,,1708957800000,556.0034375610352,mean reversion or trend exit,10.86992041864022,0.5440334802246093,0.5560034375610352,1
RTX,Industrials,rsi2,1708635600000,1708698600000,89.58949999999999,14,86.85899963378907,,1709130600000,90.31959365844726,mean reversion or trend exit,7.70258390704357,1.2542529999999996,1.2644743112182617,3
DIS,Communication Services,rsi2,1708635600000,1708698600000,107.67756969451904,12,102.55899963378906,,1709130600000,108.67121878051758,mean reversion or trend exit,9.327603570282054,1.2921308363342285,1.304054625366211,3
PNC,Financials,rsi2,1708635600000,1708698600000,145.40525450134277,8,138.27399597167968,,1709130600000,145.05479695129395,mean reversion or trend exit,-5.127340812011621,1.1632420360107423,1.1604383756103516,3
FRT,Real Estate,rsi2,1708722000000,1708957800000,98.12802877807616,13,94.5009979248047,,1709217000000,99.49040634155273,mean reversion or trend exit,15.141868668640244,1.2756643741149902,1.2933752824401854,3
TTWO,Communication Services,rsi2,1709067600000,1709130600000,148.62847572326658,7,140.33200225830078,,1709217000000,147.68217182922362,mean reversion or trend exit,-8.69830179116812,1.040399330062866,1.0337752028045655,1
PLD,Real Estate,rsi2,1709067600000,1709130600000,132.15202427673339,9,126.94000473022462,,1709217000000,134.94492182922363,mean reversion or trend exit,22.732205457458598,1.1893682184906005,1.2145042964630126,1
INTC,Information Technology,rsi2,1709067600000,1709130600000,42.48243862533569,29,40.39499931335449,,1709303400000,43.3665898475647,mean reversion or trend exit,23.150763618927115,1.231990720134735,1.2576311055793763,2
ALLE,Industrials,rsi2,1708722000000,1708957800000,128.89877427673338,9,122.5939956665039,,1709649000000,128.0917812194824,mean reversion or trend exit,-9.575852514724613,1.1600889684906004,1.1528260309753418,6
CVS,Health Care,rsi2,1709154000000,1709217000000,75.72565152740478,17,72.08900375366211,,1709821800000,74.27564847564697,mean reversion or trend exit,-27.200073979934547,1.2873360759658814,1.2626860240859985,5
WTW,Financials,rsi2,1709240400000,1709303400000,271.4712122192382,4,263.57498626708986,,1709821800000,275.18453146362305,mean reversion or trend exit,12.666654002807835,1.085884848876953,1.1007381258544922,4
GPN,Financials,rsi2,1709154000000,1709217000000,130.78064389038084,8,123.78499755859374,,1709908200000,129.31056243896484,mean reversion or trend exit,-13.841381261962823,1.0462451511230468,1.0344844995117186,6
WDAY,Information Technology,rsi2,1709586000000,1709649000000,271.01073022460935,4,256.68499145507815,,1710250200000,266.8129065856934,mean reversion or trend exit,-18.942589102905064,1.0840429208984375,1.0672516263427736,5
ADP,Industrials,rsi2,1709758800000,1709821800000,244.00375450134274,5,238.21098785400392,,1710250200000,243.84590634155273,mean reversion or trend exit,-3.2284891031645104,1.2200187725067138,1.2192295317077637,3
ZTS,Health Care,rsi2,1709758800000,1709821800000,185.09491366577146,5,174.45299835205077,,1710250200000,183.46634390258788,mean reversion or trend exit,-9.985655103759683,0.9254745683288572,0.9173317195129393,3
TJX,Consumer Discretionary,rsi2,1709845200000,1709908200000,95.91581969451903,13,92.90600357055663,,1710250200000,96.37353121948242,mean reversion or trend exit,3.4504882626420024,1.2469056560287475,1.2528559058532716,2
VTRS,Health Care,rsi2,1709154000000,1709217000000,12.372359656333922,73,11.511999988555909,,1710423000000,11.978009771347045,holding limit at next open,-30.565118572262712,0.9031822549123762,0.8743947133083343,10
HD,Consumer Discretionary,rsi2,1710187200000,1710250200000,372.88251977539056,3,360.41498413085935,,1710423000000,377.622,mean reversion or trend exit,11.966927114502182,1.1186475593261715,1.132866,2
RJF,Financials,rsi2,1710187200000,1710250200000,119.27916366577148,10,114.93600158691406,,1710423000000,119.85003121948242,mean reversion or trend exit,3.3173835882568614,1.1927916366577147,1.1985003121948241,2
LLY,Health Care,rsi2,1710187200000,1710250200000,741.7009819946288,1,689.5580017089844,,1710509400000,754.6246248779297,mean reversion or trend exit,11.427317276428326,0.7417009819946289,0.7546246248779297,3
FIX,Industrials,rsi2,1710187200000,1710250200000,297.3270287780761,2,274.21899566650393,,1710509400000,301.61809341430666,mean reversion or trend exit,7.384239028076323,0.5946540575561522,0.6032361868286134,3
STX,Information Technology,rsi2,1710360000000,1710423000000,88.16808183288573,12,82.99799728393555,,1710941400000,86.03388274383545,mean reversion or trend exit,-27.700812643524067,1.0580169819946288,1.0324065929260255,4
AEP,Utilities,rsi2,1710360000000,1710423000000,82.7026227493286,15,79.71500015258789,,1710941400000,82.917,mean reversion or trend exit,0.7313644188311359,1.240539341239929,1.2437550000000002,4
EQIX,Real Estate,rsi2,1710360000000,1710423000000,866.6357895507812,1,829.1109924316406,,1710941400000,800.199,stop gap,-68.103624340332,0.8666357895507811,0.800199,4
MRK,Health Care,rsi2,1710446400000,1710509400000,119.9598363342285,10,116.56100158691406,,1710941400000,121.15871878051757,mean reversion or trend exit,9.5776389117433,1.199598363342285,1.2115871878051758,3
IDXX,Health Care,rsi2,1710446400000,1710509400000,530.6501151123047,2,510.7580078125,,1710941400000,532.7367495117187,mean reversion or trend exit,2.046495069580029,1.0613002302246093,1.0654734990234374,3
HBAN,Financials,rsi2,1710878400000,1710941400000,12.9629498090744,99,12.45799970626831,,1711027800000,13.366620114326476,mean reversion or trend exit,37.35673279753884,1.2833320310983656,1.3232953913183212,1
KEYS,Information Technology,rsi2,1710878400000,1710941400000,150.07992266845702,8,142.67630310058593,,1711027800000,151.5782657318115,mean reversion or trend exit,9.573478999633828,1.2006393813476561,1.2126261258544921,1
PLD,Real Estate,rsi2,1710878400000,1710941400000,127.32719694519042,10,122.85399551391602,,1711114200000,130.06979695129394,mean reversion or trend exit,24.85203012207031,1.2732719694519041,1.3006979695129395,2
HPQ,Information Technology,rsi2,1710964800000,1711027800000,29.879850381851192,38,28.297000312805174,,1711114200000,30.07989060974121,mean reversion or trend exit,5.323058502140155,1.1354343145103454,1.143035843170166,1
CTSH,Information Technology,rsi2,1710878400000,1710941400000,74.54447122192381,17,72.27600326538087,,1711137600000,72.20372726211548,stop,-42.28736669097037,1.2672560107727049,1.2274633634559633,3
TMUS,Communication Services,rsi2,1710878400000,1710941400000,160.84067266845702,8,156.46300506591797,,1711459800000,160.4593751220703,mean reversion or trend exit,-5.620780753417971,1.2867253813476562,1.2836750009765625,4
EQIX,Real Estate,rsi2,1711051200000,1711114200000,808.0172319946288,1,774.0500244140625,,1711632600000,818.0511251220703,mean reversion or trend exit,8.407824770324803,0.8080172319946288,0.8180511251220703,4
DRI,Consumer Discretionary,rsi2,1711051200000,1711114200000,164.26410610961912,7,157.1840057373047,,1711632600000,167.28254695129394,mean reversion or trend exit,18.808259320297328,1.1498487427673338,1.1709778286590578,4
MRSH,Financials,rsi2,1711137600000,1711373400000,203.85364389038082,6,199.64199523925782,,1711632600000,206.37342182922364,mean reversion or trend exit,12.657305238739303,1.2231218633422851,1.238240530975342,3
DLR,Real Estate,rsi2,1711396800000,1711459800000,138.13799999999998,7,130.31399993896486,,1711632600000,143.73612487792968,mean reversion or trend exit,37.21375527136244,0.9669659999999999,1.0061528741455077,2
ULTA,Consumer Discretionary,rsi2,1710964800000,1711027800000,524.4839819946288,2,496.780029296875,,1711978200000,520.3191868286133,mean reversion or trend exit,-10.419196669677588,1.0489679639892577,1.0406383736572267,6
ANET,Information Technology,rsi2,1711569600000,1711632600000,72.0194496383667,13,67.44645156860352,,1712064600000,72.85207804870605,mean reversion or trend exit,8.940839474479647,0.9362528452987671,0.9470770146331786,2
CRM,Information Technology,rsi2,1711569600000,1711632600000,300.29999999999995,4,286.3920074462891,,1712151000000,303.68600024414064,mean reversion or trend exit,11.128056975586194,1.2011999999999998,1.2147440009765627,3
META,Communication Services,rsi2,1711569600000,1711632600000,493.3328363342285,2,466.08698120117185,,1712151000000,498.4310626831055,mean reversion or trend exit,8.212924899719344,0.986665672668457,0.996862125366211,3
NFLX,Communication Services,rsi2,1711656000000,1711978200000,60.8607992362976,20,57.82650184631348,,1712237400000,63.2576781463623,mean reversion or trend exit,45.4552086536408,1.217215984725952,1.265153562927246,3
MNST,Consumer Staples,rsi2,1712001600000,1712064600000,28.89887084007263,45,27.894001007080078,,1712237400000,28.061910152435303,mean reversion or trend exit,-40.226466088342534,1.3004491878032685,1.2627859568595887,2
V,Financials,rsi2,1711569600000,1711632600000,278.76848022460933,4,271.34998779296876,,1712583000000,275.97375,mean reversion or trend exit,-13.397889819335791,1.1150739208984373,1.103895,6
ABNB,Consumer Discretionary,rsi2,1712088000000,1712151000000,158.90874999999997,8,152.19020080566406,,1712583000000,160.1996406097412,mean reversion or trend exit,7.774257753051989,1.2712699999999997,1.2815971248779296,3
COST,Consumer Staples,rsi2,1712174400000,1712237400000,709.4787895507811,1,678.0349975585938,,1712583000000,712.7964997558594,mean reversion or trend exit,1.895434915771602,0.7094787895507811,0.7127964997558593,2
ADSK,Information Technology,rsi2,1712088000000,1712151000000,247.8375863342285,5,236.82001495361328,,1712755800000,243.34640634155272,mean reversion or trend exit,-24.911819926757747,1.2391879316711425,1.2167320317077637,5
PG,Consumer Staples,rsi2,1712174400000,1712237400000,157.0368848876953,8,152.7159912109375,,1712755800000,155.4943439025879,mean reversion or trend exit,-14.840577711181416,1.2562950791015624,1.2439547512207032,4
WY,Real Estate,rsi2,1712347200000,1712583000000,34.79475831985473,37,33.42399978637695,,1712755800000,34.0559101524353,mean reversion or trend exit,-29.88485692799352,1.2874060578346251,1.2600686756401063,2
WM,Industrials,rsi2,1712347200000,1712583000000,206.96675450134276,6,202.7409912109375,,1712842200000,207.10268756103517,mean reversion or trend exit,-1.668818294219836,1.2418005270080568,1.2426161253662111,3
ROST,Consumer Discretionary,rsi2,1712347200000,1712583000000,138.98885610961912,9,135.20399780273436,,1712928600000,138.09176573181153,mean reversion or trend exit,-10.567538996841154,1.250899704986572,1.242825891586304,4
T,Communication Services,rsi2,1712692800000,1712755800000,16.786770458221433,77,16.354999160766603,,1712952000000,16.338644161605835,stop,-37.05638176512775,1.2925813252830503,1.2580756004436493,3
CAH,Health Care,rsi2,1712692800000,1712755800000,107.63752877807616,12,103.9,,1713274200000,107.33256243896484,mean reversion or trend exit,-6.239237163940297,1.291650345336914,1.2879907492675782,4
VZ,Communication Services,rsi2,1712692800000,1712755800000,40.65061061096191,31,39.577999114990234,,1713297600000,39.538421115875245,stop,-36.963734331218646,1.2601689289398195,1.2256910545921327,5
PRU,Financials,rsi2,1712865600000,1712928600000,110.71059847259521,11,107.952001953125,,1713297600000,107.84404995117188,stop,-33.93613486831802,1.2178165831985472,1.1862845494628906,3
UHS,Health Care,rsi2,1713297600000,1713360600000,162.24208183288573,7,153.9280014038086,,1713470400000,153.77407340240478,stop,-61.488172100013685,1.1356945728302001,1.0764185138168334,2
PFG,Financials,rsi2,1712952000000,1713187800000,80.52044244384764,16,77.06000213623047,,1713533400000,79.30061725616456,mean reversion or trend exit,-22.07433995812956,1.2883270791015624,1.268809876098633,4
T,Communication Services,rsi2,1713211200000,1713274200000,16.236219312667846,78,15.670999526977539,,1713533400000,16.31366992378235,mean reversion or trend exit,3.502256306488172,1.266425106388092,1.2724662540550233,3
PRU,Financials,rsi2,1713297600000,1713360600000,108.28818030548095,11,104.08399658203125,,1713533400000,108.92096878051758,mean reversion or trend exit,4.571372585456987,1.1911699833602905,1.1981306565856935,2
HII,Industrials,rsi2,1712779200000,1712842200000,275.23495144653316,4,266.7799865722656,,1713879000000,275.9637502441406,mean reversion or trend exit,0.710400383667118,1.1009398057861326,1.1038550009765624,8
UHS,Health Care,rsi2,1713470400000,1713533400000,154.56441366577147,6,145.80799255371093,,1713879000000,161.49834365844725,mean reversion or trend exit,39.7072034121094,0.9273864819946289,0.9689900619506836,2
HCA,Health Care,rsi2,1713470400000,1713533400000,298.9386546630859,4,284.3850158691406,,1713879000000,312.0376560974121,mean reversion or trend exit,49.95210049426268,1.1957546186523438,1.2481506243896483,2
PSX,Energy,rsi2,1713470400000,1713533400000,153.81366366577146,7,145.66799621582032,,1713879000000,156.0537967071533,mean reversion or trend exit,13.511859067062495,1.0766956456604002,1.0923765769500733,2
CRH,Materials,rsi2,1713470400000,1713533400000,77.60752877807616,14,73.5270004272461,,1713965400000,78.4215,mean reversion or trend exit,9.21119070404064,1.0865054028930663,1.0979009999999998,3
DPZ,Consumer Discretionary,rsi2,1713816000000,1713879000000,476.06558633422844,2,448.94700012207034,,1713965400000,479.13037536621096,mean reversion or trend exit,4.219186140564148,0.9521311726684569,0.9582607507324219,1
NTAP,Information Technology,rsi2,1713816000000,1713879000000,98.4483484725952,13,93.85900421142578,,1713965400000,100.17971878051758,mean reversion or trend exit,19.925649128700417,1.2798285301437378,1.3023363441467284,1
TKO,Communication Services,rsi2,1713816000000,1713879000000,95.47537725067137,13,90.96699829101563,,1714051800000,94.80510152435302,mean reversion or trend exit,-11.187230666213885,1.241179904258728,1.2324663198165893,2
NFLX,Communication Services,rsi2,1713816000000,1713879000000,55.70464725875854,16,51.968699264526364,,1714138200000,55.7651781463623,mean reversion or trend exit,-0.8150230048217555,0.8912743561401367,0.8922428503417968,3
TPR,Consumer Discretionary,rsi2,1713902400000,1713965400000,39.42938938903808,24,36.916998291015624,,1714397400000,40.26969137191772,mean reversion or trend exit,18.25446965084853,0.9463053453369139,0.9664725929260253,3
NUE,Materials,rsi2,1713902400000,1713965400000,175.17499999999998,6,164.98199615478515,,1714483800000,174.1157032928467,mean reversion or trend exit,-8.451524462676844,1.05105,1.0446942197570803,4
PKG,Materials,rsi2,1713902400000,1713965400000,172.1619954986572,7,163.61300048828124,,1714483800000,174.8150154876709,mean reversion or trend exit,16.142300846191603,1.2051339684906004,1.2237051084136963,4
ORLY,Consumer Discretionary,rsi2,1714075200000,1714138200000,69.80239868164061,18,67.30499877929688,,1714507200000,67.23769378051759,stop,-48.63140988453325,1.256443176269531,1.2102784880493167,3
CINF,Financials,rsi2,1714161600000,1714397400000,111.40129091644286,11,106.1619972229004,,1714656600000,118.21167182922363,mean reversion or trend exit,72.38844745038615,1.2254142000808717,1.30032839012146,3
PGR,Financials,rsi2,1714420800000,1714483800000,207.0468363342285,6,198.99199523925782,,1714656600000,211.53825,mean reversion or trend exit,24.436971476623732,1.242281018005371,1.2692295,2
TXT,Industrials,rsi2,1714075200000,1714138200000,84.5945121383667,15,80.91400146484375,,1715002200000,86.30360939025879,mean reversion or trend exit,23.072986955451956,1.2689176820755004,1.2945541408538819,6
DG,Consumer Staples,rsi2,1714420800000,1714483800000,140.58044244384763,8,133.61099700927736,,1715088600000,137.63223426818848,mean reversion or trend exit,-25.811366818969464,1.124643539550781,1.101057874145508,5
ORLY,Consumer Discretionary,rsi2,1714507200000,1714570200000,67.1303949356079,19,64.4482032775879,,1715088600000,67.67159477233886,mean reversion or trend exit,7.721559093437401,1.27547750377655,1.2857603006744385,4
PSX,Energy,rsi2,1714593600000,1714656600000,141.69155305480956,6,131.5800048828125,,1715088600000,145.33451573181154,mean reversion or trend exit,20.135619649292124,0.8501493183288574,0.8720070943908693,3
TGT,Consumer Staples,rsi2,1714593600000,1714656600000,157.44728327941894,8,149.87399291992188,,1715175000000,158.841,mean reversion or trend exit,8.619427498413193,1.2595782662353516,1.270728,4
COP,Energy,rsi2,1714766400000,1715002200000,123.20308183288573,10,117.10800247192383,,1715175000000,122.70717182922364,mean reversion or trend exit,-7.41820257324199,1.2320308183288573,1.2270717182922366,2
COR,Health Care,rsi2,1715025600000,1715088600000,224.53430755615233,5,216.2729949951172,,1715175000000,227.4922812194824,mean reversion or trend exit,12.529735372772226,1.1226715377807617,1.137461406097412,1
TMUS,Communication Services,rsi2,1715025600000,1715088600000,162.91275,8,158.4259994506836,,1715347800000,164.24559365844726,mean reversion or trend exit,8.045482518310614,1.303302,1.3139647492675781,3
NOC,Industrials,rsi2,1715025600000,1715088600000,471.1606924438476,2,450.14898681640625,,1715347800000,473.7857497558594,mean reversion or trend exit,3.3602217396241674,0.9423213848876952,0.9475714995117188,3
FAST,Industrials,rsi2,1715112000000,1715175000000,33.0930613746643,39,31.78800163269043,,1715347800000,33.816148475646976,mean reversion or trend exit,25.590937754162155,1.2906293936119078,1.318829790550232,2
RMD,Health Care,rsi2,1715198400000,1715261400000,212.85263938903807,4,199.84300537109374,,1715347800000,215.784,mean reversion or trend exit,10.010895886291516,0.8514105575561524,0.863136,1
GPC,Consumer Discretionary,rsi2,1715198400000,1715261400000,154.9948363342285,8,147.29701232910156,,1715693400000,158.4913439025879,mean reversion or trend exit,25.464171104980597,1.239958690673828,1.2679307512207032,3
NSC,Industrials,rsi2,1715284800000,1715347800000,228.04782733154295,4,213.39500122070314,,1715693400000,232.23753121948243,mean reversion or trend exit,14.917674117553847,0.9121913093261718,0.9289501248779297,2
GE,Industrials,rsi2,1715630400000,1715693400000,158.79863938903807,7,149.9800018310547,,1715866200000,162.837,mean reversion or trend exit,26.017074801010146,1.1115904757232666,1.139859,2
ABNB,Consumer Discretionary,rsi2,1715284800000,1715347800000,147.89774999999997,5,137.02650604248046,,1715952600000,146.66318756103516,mean reversion or trend exit,-7.645616882629251,0.7394887499999999,0.7333159378051758,5
FANG,Energy,rsi2,1715889600000,1715952600000,195.55536061096188,6,186.2179916381836,,1716211800000,197.62218731689453,mean reversion or trend exit,10.041894948028709,1.1733321636657714,1.1857331239013673,1
VTRS,Health Care,rsi2,1715284800000,1715347800000,11.201189579963684,115,10.664000320434571,,1716298200000,11.028959961891175,mean reversion or trend exit,-22.362873275651786,1.2881368016958237,1.2683303956174852,7
AXON,Industrials,rsi2,1715630400000,1715693400000,299.3090197753906,4,284.8490051269531,,1716408000000,284.56415612182616,stop,-61.31494731784662,1.1972360791015624,1.1382566244873047,7
CPAY,Financials,rsi2,1715284800000,1715347800000,285.61531655883783,3,269.2310089111328,,1716471000000,272.3274060974121,mean reversion or trend exit,-41.537559552245924,0.8568459496765136,0.8169822182922364,9
CI,Health Care,rsi2,1715976000000,1716211800000,338.8885377807617,3,327.31700134277344,,1716557400000,338.5810934143066,mean reversion or trend exit,-2.954741992950381,1.0166656133422851,1.0157432802429198,4
IEX,Industrials,rsi2,1716235200000,1716298200000,219.38916816711424,5,212.20699005126954,,1716557400000,215.86392182922364,mean reversion or trend exit,-19.802497139434653,1.0969458408355712,1.0793196091461181,3
GPC,Consumer Discretionary,rsi2,1716408000000,1716471000000,149.15900450134276,8,144.61500244140626,,1716557400000,146.13371878051757,mean reversion or trend exit,-26.564627552856447,1.193272036010742,1.1690697502441405,1
DIS,Communication Services,rsi2,1715803200000,1715866200000,103.14304091644286,11,97.5609977722168,,1716989400000,101.65824213409424,mean reversion or trend exit,-18.58560071939072,1.1345734500808715,1.1182406634750366,8
UNP,Industrials,rsi2,1716494400000,1716557400000,232.23199999999997,5,224.9850082397461,,1716989400000,226.56320329284668,mean reversion or trend exit,-30.637959552230686,1.16116,1.1328160164642334,2
AIZ,Financials,rsi2,1716408000000,1716471000000,169.67950450134276,7,162.07199401855468,,1717075800000,169.12070329284668,mean reversion or trend exit,-6.283209914031873,1.1877565315093994,1.1838449230499268,4
AMCR,Materials,rsi2,1716494400000,1716557400000,49.749700763702386,25,47.36000137329101,,1717162200000,49.350601524353024,mean reversion or trend exit,-12.45498854093542,1.2437425190925597,1.2337650381088257,4
ED,Utilities,rsi2,1716494400000,1716557400000,94.1940984725952,13,91.07900314331054,,1717421400000,94.45545304870605,mean reversion or trend exit,0.9451653196640935,1.2245232801437376,1.2279208896331786,5
MA,Financials,rsi2,1716926400000,1716989400000,442.552095336914,2,432.6949859619141,,1717421400000,443.0365309753418,mean reversion or trend exit,-0.8023059757689456,0.8851041906738281,0.8860730619506836,3
GIS,Consumer Staples,rsi2,1716926400000,1716989400000,66.6766106109619,19,64.4410011291504,,1717421400000,68.62131243896485,mean reversion or trend exit,34.378674194107404,1.2668556016082761,1.3038049363403323,3
BLK,Financials,rsi2,1717012800000,1717075800000,755.7149819946288,1,732.8490234375,,1717421400000,778.7105002441406,mean reversion or trend exit,21.461092767272977,0.7557149819946288,0.7787105002441406,2
AMZN,Consumer Discretionary,rsi2,1717185600000,1717421400000,177.87769694519042,7,169.70800323486327,,1717594200000,179.9199060974121,mean reversion or trend exit,11.790880844253595,1.2451438786163331,1.2594393426818846,2
A,Health Care,rsi2,1717185600000,1717421400000,130.13,8,122.51500091552734,,1717680600000,132.32754670715332,mean reversion or trend exit,15.480713283569347,1.04104,1.0586203736572266,3
SNPS,Information Technology,rsi2,1717185600000,1717421400000,565.5449604492187,1,534.1629943847656,,1717680600000,590.1392504882813,mean reversion or trend exit,23.43860582812507,0.5655449604492188,0.5901392504882813,3
WAT,Health Care,rsi2,1717099200000,1717162200000,307.45714389038085,3,287.2690002441406,,1717767000000,300.3293748779297,mean reversion or trend exit,-23.20666659365839,0.9223714316711425,0.9009881246337891,5
ZBRA,Information Technology,rsi2,1717185600000,1717421400000,314.4141061096191,4,300.10899963378904,,1718026200000,298.52118731689455,stop gap,-66.02341634460434,1.2576564244384765,1.1940847492675783,5
TPL,Energy,rsi2,1717531200000,1717594200000,196.65979646301267,5,184.94466400146484,,1718112600000,238.09499491882323,mean reversion or trend exit,205.00221832214365,0.9832989823150633,1.1904749745941163,4
STLD,Materials,rsi2,1717617600000,1717680600000,126.84672122192381,10,121.67200317382813,,1718136000000,121.5503311706543,stop,-55.447871036620896,1.2684672122192382,1.215503311706543,4
TSN,Consumer Staples,rsi2,1717617600000,1717680600000,56.46640984725951,23,54.56099853515625,,1718222400000,54.50643753662109,stop,-47.63173863451292,1.2987274264869688,1.2536480633422853,5
SW,Materials,rsi2,1717704000000,1717767000000,47.08704091644287,27,46.09700088500976,,1718371800000,44.75519923782348,stop gap,-65.43946580688855,1.2713501047439575,1.208390379421234,5
PFG,Financials,rsi2,1718136000000,1718199000000,78.31823786163329,16,75.22900466918945,,1718371800000,76.48343756103516,mean reversion or trend exit,-31.83363161633282,1.2530918057861327,1.2237350009765626,2
D,Utilities,rsi2,1717790400000,1718026200000,51.31125831985473,25,49.92099838256836,,1718654400000,49.87107738418579,stop,-38.53408178432455,1.2827814579963683,1.246776934604645,6
HBAN,Financials,rsi2,1718049600000,1718112600000,12.50248977088928,105,11.980999851226807,,1718717400000,12.37761034297943,mean reversion or trend exit,-15.724750442490437,1.3127614259433744,1.2996490860128402,5
AXP,Financials,rsi2,1718308800000,1718371800000,221.60138488769527,5,214.38900451660157,,1718717400000,227.35242182922363,mean reversion or trend exit,26.510415674057178,1.1080069244384763,1.1367621091461182,2
TSN,Consumer Staples,rsi2,1718308800000,1718371800000,53.88383183288574,23,51.93400001525879,,1718717400000,55.4445,mean reversion or trend exit,33.38081621147156,1.239328132156372,1.2752235,2
VZ,Communication Services,rsi2,1718654400000,1718717400000,39.74970908355712,32,38.141999053955075,,1718890200000,39.8001601524353,mean reversion or trend exit,-0.9311616114499313,1.2719906906738279,1.2736051248779297,1
CMS,Utilities,rsi2,1718222400000,1718285400000,59.77972122192382,21,57.96200065612793,,1718976600000,59.540398475646974,mean reversion or trend exit,-7.531500185462793,1.2553741456604002,1.2503483679885865,5
DGX,Health Care,rsi2,1718654400000,1718717400000,136.46633183288571,9,132.92100524902344,,1718976600000,138.50135939025878,mean reversion or trend exit,15.84053879534933,1.2281969864959714,1.2465122345123292,2
EXE,Energy,rsi2,1718654400000,1718717400000,85.02494244384765,15,81.18689804077148,,1719235800000,82.96695304870606,mean reversion or trend exit,-33.389719359512156,1.2753741366577147,1.244504295730591,3
EIX,Utilities,rsi2,1718654400000,1718717400000,71.36129091644287,18,69.01800003051758,,1719322200000,72.62729695129394,mean reversion or trend exit,20.19631404570007,1.2845032364959716,1.307291345123291,4
JCI,Industrials,rsi2,1718913600000,1718976600000,68.19812725067138,18,65.25100173950196,,1719322200000,68.63129695129395,mean reversion or trend exit,5.3341249755709015,1.2275662905120848,1.235363345123291,2
TECH,Health Care,rsi2,1719000000000,1719235800000,74.03395908355712,13,69.5810043334961,,1719322200000,74.21571091461182,mean reversion or trend exit,0.4355280937348681,0.9624414680862426,0.9648042418899537,1
BALL,Materials,rsi2,1718913600000,1718976600000,60.88081969451903,16,57.21599922180176,,1719408600000,61.16876954269409,mean reversion or trend exit,2.654404143005553,0.9740931151123046,0.9787003126831055,3
DECK,Consumer Discretionary,rsi2,1718740800000,1718890200000,168.1846792602539,5,157.75833587646486,,1719495000000,162.26257804870605,mean reversion or trend exit,-31.262742344284003,0.8409233963012694,0.8113128902435303,5
RMD,Health Care,rsi2,1719259200000,1719322200000,185.25507733154294,4,169.89999694824218,,1719581400000,191.51829670715333,mean reversion or trend exit,23.545784006286777,0.7410203093261718,0.7660731868286134,3
HPE,Information Technology,rsi2,1719259200000,1719322200000,20.530510229110714,36,18.83509922027588,,1719581400000,21.018960914611817,mean reversion or trend exit,16.088443716865704,0.7390983682479857,0.7566825929260255,3
CRH,Materials,rsi2,1719259200000,1719322200000,73.63355755615234,14,69.33399887084961,,1719581400000,75.02489847564698,mean reversion or trend exit,17.397554488479745,1.0308698057861327,1.0503485786590576,3
APD,Materials,rsi2,1719518400000,1719581400000,261.8315773315429,4,252.77800903320312,,1719840600000,256.2734687805176,mean reversion or trend exit,-24.304854388549554,1.0473263093261718,1.0250938751220704,1
FIS,Financials,rsi2,1719518400000,1719581400000,74.95487725067137,17,71.79999771118165,,1719840600000,75.3545703048706,mean reversion or trend exit,4.239521312942743,1.2742329132614134,1.2810276951828004,1
YUM,Consumer Discretionary,rsi2,1719345600000,1719408600000,131.98185610961912,9,128.11400146484374,,1719927000000,129.48039060974122,mean reversion or trend exit,-24.8663497193753,1.187836704986572,1.165323515487671,4
CHD,Consumer Staples,rsi2,1719518400000,1719581400000,104.11401213836669,12,100.6280014038086,,1719927000000,104.64525,mean reversion or trend exit,3.869743193939378,1.2493681456604004,1.255743,2
DIS,Communication Services,rsi2,1719604800000,1719840600000,99.49940152740477,12,95.88099975585938,,1719927000000,97.84206243896485,mean reversion or trend exit,-22.256166628875548,1.1939928183288573,1.1741047492675782,1
KKR,Financials,rsi2,1719432000000,1719495000000,105.46536061096191,9,99.00299758911133,,1720013400000,106.43346091461181,mean reversion or trend exit,6.805813339118981,0.9491882454986571,0.9579011482315064,4
GWW,Industrials,rsi2,1719864000000,1719927000000,894.8239226684569,1,861.168994140625,,1720013400000,913.5255624389648,mean reversion or trend exit,16.893290285400457,0.8948239226684569,0.9135255624389649,1
PWR,Industrials,rsi2,1719604800000,1719840600000,256.21596672058104,3,237.71598205566406,,1720186200000,253.3763748779297,mean reversion or trend exit,-10.047552552749567,0.7686479001617431,0.760129124633789,3
ECL,Materials,rsi2,1719864000000,1719927000000,236.1859469451904,5,229.14100341796876,,1720445400000,242.1476093902588,mean reversion or trend exit,27.416644443664673,1.1809297347259522,1.2107380469512938,3
PCG,Utilities,rsi2,1719864000000,1719927000000,17.21720076370239,74,16.589999771118165,,1720531800000,17.17281053352356,mean reversion or trend exit,-5.829737869228184,1.274072856513977,1.2707879794807435,4
RL,Consumer Discretionary,rsi2,1719950400000,1720013400000,169.24908183288574,6,159.73900451660157,,1720531800000,177.28254670715333,mean reversion or trend exit,46.12159947436533,1.0154944909973145,1.06369528024292,3
CTVA,Materials,rsi2,1720468800000,1720531800000,51.68163106918335,24,49.42110061645508,,1720618200000,50.74919923782349,mean reversion or trend exit,-24.836703880004723,1.2403591456604004,1.2179807817077637,1
GD,Industrials,rsi2,1719950400000,1720013400000,286.7564712219238,4,278.2010009765625,,1720704600000,281.0886251220703,mean reversion or trend exit,-24.942764784789887,1.147025884887695,1.1243545004882813,5
DHR,Health Care,rsi2,1720209600000,1720445400000,239.69946672058103,5,229.51500091552734,,1720704600000,243.46629670715333,mean reversion or trend exit,16.41832111572285,1.1984973336029052,1.2173314835357667,3
KDP,Consumer Staples,rsi2,1720036800000,1720186200000,32.75272122192383,39,31.63400001525879,,1720791000000,32.33762893295288,mean reversion or trend exit,-18.727122925907096,1.2773561276550294,1.2611675283851624,5
CASY,Consumer Staples,rsi2,1720468800000,1720531800000,366.9666061096191,3,348.0259979248047,,1720791000000,376.413218536377,mean reversion or trend exit,26.1096978063357,1.1008998183288572,1.129239655609131,3
BKR,Energy,rsi2,1720555200000,1720618200000,33.483450763702386,38,31.91400089263916,,1720791000000,34.68528121948242,mean reversion or trend exit,43.07914550428025,1.2723711290206907,1.3180406863403318,2
VLO,Energy,rsi2,1720641600000,1720704600000,144.49435610961913,7,136.34599609375,,1721050200000,148.44140634155272,mean reversion or trend exit,25.578801286376912,1.0114604927673339,1.0390898443908692,2
CNP,Utilities,rsi2,1720641600000,1720704600000,29.749719312667843,43,28.55900001525879,,1721050200000,30.069900381088257,mean reversion or trend exit,11.195542295246293,1.2792379304447172,1.293005716386795,2
ABNB,Consumer Discretionary,rsi2,1720728000000,1720791000000,146.97683183288572,8,139.58710021972655,,1721223000000,149.0907654876709,mean reversion or trend exit,14.542928459716917,1.1758146546630859,1.1927261239013671,3
INVH,Real Estate,rsi2,1720728000000,1720791000000,35.5955613746643,36,34.26199913024902,,1721223000000,35.72423832321167,mean reversion or trend exit,2.0648573585818806,1.2814402094879147,1.2860725796356203,3
ACGL,Financials,rsi2,1720814400000,1721050200000,96.64655305480956,13,92.85899963378907,,1721223000000,97.84206243896485,mean reversion or trend exit,13.013269992599659,1.2564051897125244,1.2719468117065431,2
UAL,Industrials,rsi2,1720814400000,1721050200000,44.754709083557124,21,41.805002212524414,,1721223000000,46.71323832321167,mean reversion or trend exit,39.208287137203314,0.9398488907546996,0.9809780047874451,2
FCX,Materials,rsi2,1721160000000,1721223000000,50.00995908355712,23,47.39399948120117,,1721332800000,47.34660548171997,stop,-63.49633382725586,1.1502290589218138,1.0889719260795594,2
CDNS,Information Technology,rsi2,1721246400000,1721309400000,289.64934533691405,3,273.2209991455078,,1721332800000,272.9477781463623,stop,-51.79249294210514,0.8689480360107422,0.818843334439087,1
NFLX,Communication Services,rsi2,1720728000000,1720791000000,65.34027652740478,19,62.37880096435547,,1721741400000,64.68525,mean reversion or trend exit,-14.915989024711624,1.241465254020691,1.22901975,7
EW,Health Care,rsi2,1721160000000,1721223000000,88.07798786163329,13,83.47500228881836,,1721741400000,87.58232817077636,mean reversion or trend exit,-8.727160089561355,1.1450138422012328,1.1385702662200927,4
ANET,Information Technology,rsi2,1721246400000,1721309400000,84.74966591644286,11,79.20717163085938,,1721741400000,85.47194524383545,mean reversion or trend exit,6.072634878555368,0.9322463250808716,0.94019139768219,3
WDC,Information Technology,rsi2,1721332800000,1721395800000,53.45476091766357,15,49.2962947845459,,1721741400000,54.639184295654296,mean reversion or trend exit,16.144941491661115,0.8018214137649536,0.8195877644348144,2
AMZN,Consumer Discretionary,rsi2,1721678400000,1721741400000,184.28410610961913,5,172.94500427246095,,1721827800000,183.01679695129394,mean reversion or trend exit,-8.173050306930516,0.9214205305480957,0.9150839847564697,1
VZ,Communication Services,rsi2,1721678400000,1721741400000,38.77874168014526,33,37.51400146484375,,1721827800000,39.20076167678833,mean reversion or trend exit,11.35333627844259,1.2796984754447935,1.293625135334015,1
MGM,Consumer Discretionary,rsi2,1721678400000,1721741400000,43.703659847259516,28,41.56599998474121,,1721937600000,41.52443398475647,stop,-63.40471077738172,1.2237024757232664,1.1626841515731812,3
EOG,Energy,rsi2,1721764800000,1721827800000,126.03591366577147,10,119.96000137329102,,1722000600000,126.67320304870606,mean reversion or trend exit,3.845802662201052,1.2603591366577147,1.2667320304870604,2
FCX,Materials,rsi2,1721332800000,1721395800000,45.72568030548095,22,43.0339973449707,,1722259800000,44.44551167678833,mean reversion or trend exit,-30.14747605484759,1.0059649667205808,0.9778012568893433,6
FANG,Energy,rsi2,1721764800000,1721827800000,200.02983183288572,5,189.46299896240234,,1722259800000,201.3984060974121,mean reversion or trend exit,4.835730132980447,1.0001491591644287,1.0069920304870605,3
TMUS,Communication Services,rsi2,1721678400000,1721741400000,177.79761511230467,7,172.3760025024414,,1722346200000,177.41240634155272,mean reversion or trend exit,-5.1829315454406135,1.2445833057861329,1.241886844390869,5
GLW,Information Technology,rsi2,1721937600000,1722000600000,43.29324999999999,23,40.67599945068359,,1722346200000,39.51044923782349,stop gap,-88.9089026125296,0.9957447499999998,0.9087403324699402,2
ROL,Industrials,rsi2,1722024000000,1722259800000,46.17613106918334,27,44.01600112915039,,1722432600000,48.28167182922363,mean reversion or trend exit,54.299239842830886,1.2467555388679503,1.3036051393890382,2
WM,Industrials,rsi2,1721937600000,1722000600000,200.27007733154295,6,192.4689956665039,,1722519000000,203.01678121948243,mean reversion or trend exit,14.060502176330697,1.2016204639892576,1.2181006873168945,4
DLR,Real Estate,rsi2,1722024000000,1722259800000,145.7756348876953,8,139.19699401855468,,1722519000000,150.1097345123291,mean reversion or trend exit,32.305714041870274,1.1662050791015623,1.200877876098633,3
BBY,Consumer Discretionary,rsi2,1722283200000,1722346200000,85.56548336029051,13,81.24000473022461,,1722519000000,86.65325786590576,mean reversion or trend exit,11.902224937057612,1.1123512836837768,1.126492352256775,2
BAC,Financials,rsi2,1722283200000,1722346200000,41.0910492362976,31,39.375999450683594,,1722542400000,39.33662345123291,stop,-56.880457190318836,1.2738225263252256,1.21943532698822,3
WMT,Consumer Staples,rsi2,1722369600000,1722432600000,69.24918030548095,18,67.42900314331055,,1722605400000,69.53039847564698,mean reversion or trend exit,2.563894644928199,1.2464852454986572,1.2515471725616456,2
CCL,Consumer Discretionary,rsi2,1722456000000,1722519000000,16.806790916442868,43,15.386999702453613,,1722605400000,15.144839847564697,stop gap,-72.83781608461368,0.7226920094070434,0.6512281134452819,1
PFG,Financials,rsi2,1722542400000,1722605400000,78.75868030548095,15,75.92300109863281,,1722628800000,75.84707809753418,stop,-45.993119495246795,1.1813802045822142,1.1377061714630128,1
AXON,Industrials,rsi2,1722456000000,1722519000000,300.29999999999995,3,283.13001403808596,,1722864600000,279.36037463378904,stop gap,-64.55785722253412,0.9008999999999999,0.8380811239013671,2
SW,Materials,rsi2,1722542400000,1722605400000,42.82277877807617,21,40.07399978637695,,1722864600000,39.70026167678833,stop gap,-67.30584297659681,0.8992783543395996,0.833705495212555,1
BG,Consumer Staples,rsi2,1722542400000,1722605400000,102.10199999999999,12,97.33799896240234,,1722864600000,97.61228908538818,mean reversion or trend exit,-56.27310244436632,1.2252239999999999,1.1713474690246584,1
FAST,Industrials,rsi2,1722628800000,1722864600000,33.72869469451904,32,31.939001274108886,,1722951000000,32.76719923782348,mean reversion or trend exit,-32.89572322009285,1.0793182302246094,1.0485503756103516,1
INCY,Health Care,rsi2,1722456000000,1722519000000,65.26519694519043,15,61.18699951171875,,1722974400000,61.125812512207034,stop,-63.98663163661183,0.9789779541778565,0.9168871876831055,4
AXON,Industrials,rsi2,1722888000000,1722951000000,289.6893938903808,2,267.4560089111328,,1723037400000,329.67,mean reversion or trend exit,78.72249343145764,0.5793787877807617,0.65934,1
DOV,Industrials,rsi2,1722628800000,1722864600000,174.46428327941894,6,166.4070022583008,,1723210200000,176.09373426818848,mean reversion or trend exit,7.673357827331645,1.0467856996765135,1.056562405609131,4
TEL,Information Technology,rsi2,1722628800000,1722864600000,146.97683183288572,6,138.0139892578125,,1723210200000,142.6172345123291,mean reversion or trend exit,-27.89514832141099,0.8818609909973143,0.8557034070739746,4
TXN,Information Technology,rsi2,1722628800000,1722864600000,184.79461061096188,6,175.67600860595704,,1723210200000,190.82898426818846,mean reversion or trend exit,33.952500374084586,1.1087676636657713,1.1449739056091308,4
VTRS,Health Care,rsi2,1722974400000,1723037400000,11.451439579963683,77,10.703000164031982,,1723210200000,12.057929695129394,mean reversion or trend exit,44.88951743357756,0.8817608476572036,0.9284605865249633,2
INCY,Health Care,rsi2,1722974400000,1723037400000,61.6115492362976,13,57.295000839233396,,1723555800000,61.0988398475647,mean reversion or trend exit,-8.260457111617924,0.8009501400718688,0.7942849180183411,4
PFE,Health Care,rsi2,1723147200000,1723210200000,28.6786496181488,36,27.075000381469728,,1723642200000,28.771199237823485,mean reversion or trend exit,1.263591749473654,1.0324313862533567,1.0357631725616454,3
ABT,Health Care,rsi2,1723492800000,1723555800000,107.90780305480956,9,102.02500381469727,,1723728600000,110.35953121948242,mean reversion or trend exit,20.10114747358709,0.9711702274932862,0.9932357809753418,2
CL,Consumer Staples,rsi2,1723579200000,1723642200000,100.28018030548094,12,96.3719970703125,,1723728600000,102.37752335357666,mean reversion or trend exit,22.736224133239986,1.2033621636657712,1.22853028024292,1
EXC,Utilities,rsi2,1723492800000,1723555800000,37.0870492362976,32,35.40700149536133,,1723815000000,37.49246878051758,mean reversion or trend exit,10.586880838501088,1.1867855755615233,1.1997590009765624,3
KR,Consumer Staples,rsi2,1723579200000,1723642200000,52.65259847259521,23,50.50499992370605,,1724074200000,53.006941371917726,mean reversion or trend exit,5.71971726799411,1.2110097648696898,1.2191596515541079,3
STE,Health Care,rsi2,1723752000000,1723815000000,230.40016816711423,4,217.69900512695312,,1724160600000,233.11665609741212,mean reversion or trend exit,9.011884424133443,0.9216006726684569,0.9324666243896484,2
O,Real Estate,rsi2,1723752000000,1723815000000,59.82977045822143,20,57.60700035095215,,1724160600000,60.79914060974121,mean reversion or trend exit,16.974824809036267,1.1965954091644286,1.2159828121948242,2
CCI,Real Estate,rsi2,1723752000000,1723815000000,109.23912725067137,11,104.3219985961914,,1724247000000,109.70018756103515,mean reversion or trend exit,2.6633309510727767,1.201630399757385,1.2067020631713867,3
ED,Utilities,rsi2,1723752000000,1723815000000,99.59949999999999,12,95.29300384521484,,1724247000000,100.0098906097412,mean reversion or trend exit,2.529374629577668,1.195194,1.2001186873168945,3
HSY,Consumer Staples,rsi2,1723838400000,1724074200000,194.06386511230465,6,184.63700408935546,,1724247000000,197.9019060974121,mean reversion or trend exit,20.676451283386427,1.1643831906738278,1.1874114365844726,2
MPC,Energy,rsi2,1724184000000,1724247000000,171.73155755615232,5,160.93200073242187,,1724679000000,176.52329695129396,mean reversion or trend exit,22.217422703170936,0.8586577877807616,0.8826164847564698,3
XOM,Energy,rsi2,1724184000000,1724247000000,115.12501213836669,10,109.802001953125,,1724679000000,117.64224213409423,mean reversion or trend exit,22.84462741455086,1.1512501213836668,1.1764224213409422,3
EQIX,Real Estate,rsi2,1724270400000,1724333400000,819.2084046630858,1,777.4369995117188,,1724679000000,829.5596246337891,mean reversion or trend exit,8.702451941406379,0.8192084046630859,0.8295596246337891,2
CHTR,Communication Services,rsi2,1724356800000,1724419800000,346.1658273315429,1,314.9880004882813,,1724679000000,348.8707812194824,mean reversion or trend exit,2.0099172793884708,0.34616582733154294,0.3488707812194824,1
LMT,Industrials,rsi2,1724270400000,1724333400000,554.734172668457,2,533.5860229492188,,1724765400000,558.8905621948243,mean reversion or trend exit,6.085529583008078,1.1094683453369139,1.1177811243896485,3
ZTS,Health Care,rsi2,1724443200000,1724679000000,181.22103327941892,6,171.82999420166016,,1724851800000,181.9179060974121,mean reversion or trend exit,2.0024032716981033,1.0873261996765136,1.0915074365844726,2
GD,Industrials,rsi2,1724443200000,1724679000000,292.74246221923823,4,282.2480072021484,,1724938200000,297.702,mean reversion or trend exit,17.4763732741701,1.1709698488769529,1.190808,3
YUM,Consumer Discretionary,rsi2,1724702400000,1724765400000,134.33419694519043,9,129.9540023803711,,1724938200000,135.67418756103515,mean reversion or trend exit,9.629840082046508,1.2090077725067139,1.2210676880493163,2
COR,Health Care,rsi2,1724702400000,1724765400000,235.4552212219238,5,224.45799713134767,,1725024600000,237.01275,mean reversion or trend exit,5.4253040342714005,1.1772761061096189,1.18506375,3
AXON,Industrials,rsi2,1724702400000,1724765400000,360.8504802246093,2,334.5619873046875,,1725370200000,360.9886560974121,mean reversion or trend exit,-1.1673265270384905,0.7217009604492187,0.7219773121948242,4
META,Communication Services,rsi2,1724788800000,1724851800000,518.1876528930663,1,483.91497192382815,,1725370200000,519.1203746337891,mean reversion or trend exit,-0.10458628680411464,0.5181876528930663,0.5191203746337891,3
DASH,Consumer Discretionary,rsi2,1724875200000,1724938200000,128.00787725067138,6,118.02520446777343,,1725370200000,127.91195329284668,mean reversion or trend exit,-2.1110627302093645,0.7680472635040283,0.7674717197570802,2
PEP,Consumer Staples,rsi2,1724875200000,1724938200000,173.93375450134275,7,168.13599853515626,,1725456600000,177.7220939025879,mean reversion or trend exit,24.056784869888457,1.2175362815093993,1.2440546573181153,3
CBOE,Financials,rsi2,1725048000000,1725370200000,205.09488938903806,6,195.95899505615233,,1725456600000,213.11667182922363,mean reversion or trend exit,45.62142527380388,1.2305693363342285,1.2787000309753418,1
TJX,Consumer Discretionary,rsi2,1725048000000,1725370200000,117.9778606109619,10,112.58499755859376,,1725629400000,117.57231243896484,mean reversion or trend exit,-6.4109834504698116,1.179778606109619,1.1757231243896487,3
HWM,Industrials,rsi2,1725393600000,1725456600000,92.99290152740477,13,88.75899810791016,,1725975000000,93.99590634155274,mean reversion or trend exit,10.608208081627176,1.208907719856262,1.2219467824401857,4
DVA,Health Care,rsi2,1725048000000,1725370200000,150.14999999999998,7,142.46599884033202,,1726061400000,152.88695329284667,mean reversion or trend exit,17.03741437687692,1.0510499999999998,1.0702086730499267,6
GLW,Information Technology,rsi2,1725393600000,1725456600000,40.89084847259521,31,39.0859977722168,,1726061400000,41.09885939025879,mean reversion or trend exit,3.906657503822466,1.2676163026504514,1.2740646410980223,5
NTAP,Information Technology,rsi2,1724961600000,1725024600000,119.81969694519042,7,112.1650001525879,,1726147800000,115.71417182922363,mean reversion or trend exit,-30.38741289318839,0.8387378786163329,0.8099992028045654,8
CHTR,Communication Services,rsi2,1725566400000,1725629400000,331.74141366577146,3,311.8789916992188,,1726147800000,329.28037536621093,mean reversion or trend exit,-9.366180265777531,0.9952242409973144,0.9878411260986328,4
SW,Materials,rsi2,1725998400000,1726061400000,42.90286061096191,28,40.8278995513916,,1726234200000,44.62532817077637,mean reversion or trend exit,45.77830238891625,1.2012800971069335,1.2495091887817384,2
MSCI,Financials,rsi2,1725912000000,1725975000000,560.7101744384765,2,536.9010314941406,,1726493400000,565.2741868286133,mean reversion or trend exit,6.876056057739383,1.1214203488769532,1.1305483736572266,4
IQV,Health Care,rsi2,1725998400000,1726061400000,234.7044712219238,5,224.50299835205078,,1726493400000,240.45929695129394,mean reversion or trend exit,26.39830980598461,1.173522356109619,1.2022964847564697,3
FOX,Communication Services,rsi2,1726084800000,1726147800000,36.616581832885736,34,35.41700057983398,,1726493400000,36.74321878051758,mean reversion or trend exit,1.811422998627001,1.244963782318115,1.2492694385375978,2
FOXA,Communication Services,rsi2,1726084800000,1726147800000,39.54950831985473,32,38.291001892089845,,1726493400000,39.53042969512939,mean reversion or trend exit,-3.1410740076903236,1.2655842662353514,1.2649737502441405,2
CBOE,Financials,rsi2,1726257600000,1726493400000,210.09988938903805,6,201.5929977416992,,1726579800000,212.7770154876709,mean reversion or trend exit,13.525495162536785,1.2605993363342285,1.2766620929260253,1
BRK-B,Financials,rsi2,1726171200000,1726234200000,452.0315665588378,2,435.733984375,,1726666200000,457.62190658569335,mean reversion or trend exit,9.361373107421995,0.9040631331176757,0.9152438131713867,3
TSN,Consumer Staples,rsi2,1726257600000,1726493400000,61.84177877807617,20,59.06000099182129,,1726666200000,61.528410152435306,mean reversion or trend exit,-8.734776291427476,1.2368355755615235,1.2305682030487062,2
NSC,Industrials,rsi2,1726257600000,1726493400000,248.06782733154293,4,235.47000122070312,,1726752600000,251.6081406097412,mean reversion or trend exit,12.162549241027996,0.9922713093261717,1.006432562438965,3
AAPL,Information Technology,rsi2,1726516800000,1726579800000,215.96574999999999,5,207.41600799560547,,1726752600000,224.7650154876709,mean reversion or trend exit,41.79267361091619,1.07982875,1.1238250774383547,2
CL,Consumer Staples,rsi2,1726603200000,1726666200000,104.33423336029051,12,102.13199768066406,,1726776000000,102.0298656829834,stop,-30.128781316204638,1.2520108003234862,1.2243583881958007,2
GRMN,Consumer Discretionary,rsi2,1726257600000,1726493400000,173.6234469451904,7,165.45799255371094,,1726839000000,169.83,mean reversion or trend exit,-28.95830274494911,1.2153641286163328,1.1888100000000001,4
MDT,Health Care,rsi2,1726689600000,1726752600000,88.77869244384765,14,85.1879981994629,,1726839000000,89.39052335357665,mean reversion or trend exit,6.071263715042172,1.242901694213867,1.2514673269500731,1
MO,Consumer Staples,rsi2,1726603200000,1726666200000,50.55049999999999,25,49.089999771118165,,1727184600000,50.73921091461182,mean reversion or trend exit,2.1855300924303265,1.2637625,1.2684802728652953,4
RSG,Industrials,rsi2,1726689600000,1726752600000,200.11991816711424,6,193.24699859619142,,1727184600000,201.95784365844727,mean reversion or trend exit,8.615086377044863,1.2007195090026854,1.2117470619506838,3
CL,Consumer Staples,rsi2,1726776000000,1726839000000,102.38227877807616,12,99.44200210571289,,1727184600000,103.38650786590576,mean reversion or trend exit,9.581523614227418,1.2285873453369138,1.2406380943908693,2
VTR,Real Estate,rsi2,1726776000000,1726839000000,62.39233183288574,20,60.02600021362305,,1727184600000,63.37655862808228,mean reversion or trend exit,17.16915809471146,1.2478466366577148,1.2675311725616458,2
O,Real Estate,rsi2,1726776000000,1726839000000,60.6205613746643,21,58.88300094604492,,1727184600000,61.94798832321167,mean reversion or trend exit,25.302026375839365,1.2730317888679503,1.3009077547874452,2
UNP,Industrials,rsi2,1727121600000,1727184600000,243.43319244384762,5,235.31300048828126,,1727271000000,247.2924532928467,mean reversion or trend exit,16.842676016311884,1.2171659622192381,1.2364622664642333,1
HSY,Consumer Staples,rsi2,1727121600000,1727184600000,194.35416366577147,6,187.69400024414062,,1727357400000,189.11070304870606,mean reversion or trend exit,-33.76155290267932,1.1661249819946289,1.1346642182922364,2
ES,Utilities,rsi2,1727121600000,1727184600000,66.24618030548095,19,64.65199966430664,,1727703000000,67.37256243896485,mean reversion or trend exit,18.862504424049646,1.258677425804138,1.2800786863403322,4
VEEV,Health Care,rsi2,1727121600000,1727184600000,211.0908848876953,5,199.46298828125,,1727703000000,210.4393439025879,mean reversion or trend exit,-5.365356069488429,1.0554544244384765,1.0521967195129396,4
JNJ,Health Care,rsi2,1727121600000,1727184600000,162.95278327941892,7,158.78800048828126,,1727789400000,162.26756268310547,mean reversion or trend exit,-7.073086595931866,1.1406694829559325,1.1358729387817381,5
WRB,Financials,rsi2,1727208000000,1727271000000,56.99693862533569,22,54.573001098632815,,1727789400000,56.48346091461182,mean reversion or trend exit,-13.793078425803964,1.2539326497573853,1.2426361401214598,4
UHS,Health Care,rsi2,1727726400000,1727789400000,228.81858633422848,4,216.0739959716797,,1727985600000,215.85792197570802,stop,-53.621363467321586,0.915274345336914,0.8634316879028321,3
GM,Consumer Discretionary,rsi2,1727294400000,1727357400000,45.765721221923826,20,42.78299903869629,,1728307800000,45.37457817077637,mean reversion or trend exit,-9.645667010803187,0.9153144244384765,0.9074915634155274,7
TRV,Financials,rsi2,1727726400000,1727789400000,233.7234954986572,5,225.00399627685547,,1728307800000,235.0247345123291,mean reversion or trend exit,4.162453918304585,1.168617477493286,1.1751236725616454,4
TJX,Consumer Discretionary,rsi2,1728072000000,1728307800000,114.42430755615233,11,111.6170036315918,,1728331200000,111.5053866279602,stop,-34.59335684613858,1.2586673831176756,1.2265592529075624,1
ROST,Consumer Discretionary,rsi2,1728072000000,1728307800000,145.21507733154294,8,140.03999786376954,,1728331200000,139.89995786590578,stop,-44.80187600667693,1.1617206186523437,1.1191996629272463,1
SHW,Materials,rsi2,1728331200000,1728394200000,370.36999999999995,3,356.0800018310547,,1728480600000,374.94468731689454,mean reversion or trend exit,11.488117888733106,1.1111099999999998,1.1248340619506838,1
PODD,Health Care,rsi2,1727467200000,1727703000000,232.912672668457,4,217.39700164794922,,1728567000000,229.61015634155274,mean reversion or trend exit,-15.060156623657054,0.931650690673828,0.918440625366211,8
TJX,Consumer Discretionary,rsi2,1728331200000,1728394200000,112.91280305480956,11,108.92099838256836,,1728567000000,113.61627335357666,mean reversion or trend exit,5.246353445945863,1.2420408336029052,1.2497790068893433,2
MAA,Real Estate,rsi2,1727467200000,1727703000000,157.81766366577148,8,151.9210006713867,,1728590400000,151.7690796707153,stop,-50.8653659071412,1.262541309326172,1.2141526373657225,9
UHS,Health Care,rsi2,1727985600000,1728048600000,217.00678327941893,3,201.19299926757813,,1728912600000,213.81596878051758,mean reversion or trend exit,-10.864911752883849,0.6510203498382569,0.6414479063415528,6
DOV,Industrials,rsi2,1728504000000,1728567000000,186.26608183288573,6,179.7310028076172,,1728912600000,190.6991093902588,mean reversion or trend exit,24.336374196899527,1.1175964909973146,1.1441946563415526,2
ES,Utilities,rsi2,1728504000000,1728567000000,63.73366816711425,19,61.155999755859376,,1728912600000,63.7561796951294,mean reversion or trend exit,-1.9945880770948892,1.2109396951751707,1.2113674142074586,2
KVUE,Consumer Staples,rsi2,1728417600000,1728480600000,21.84181969451904,57,21.062100410461426,,1728999000000,21.568410152435302,mean reversion or trend exit,-18.058727000049405,1.244983722587585,1.2293993786888122,4
DOC,Real Estate,rsi2,1728590400000,1728653400000,21.63161061096191,58,20.648999977111817,,1728999000000,21.978,mean reversion or trend exit,17.561227148773483,1.2546334154357908,1.2747240000000002,2
LEN,Consumer Discretionary,rsi2,1728676800000,1728912600000,172.70883695983883,7,164.39205932617188,,1728999000000,176.7640075378418,mean reversion or trend exit,25.93988413453694,1.2089618587188717,1.2373480527648926,1
DHI,Consumer Discretionary,rsi2,1728676800000,1728912600000,183.40322122192381,6,174.61700286865235,,1728999000000,188.811,mean reversion or trend exit,30.21338734112561,1.100419327331543,1.132866,1
BBY,Consumer Discretionary,rsi2,1728936000000,1728999000000,97.24715152740477,13,92.9020004272461,,1729171800000,98.901,mean reversion or trend exit,18.95010417388171,1.2642129698562619,1.2857129999999999,2
SW,Materials,rsi2,1729022400000,1729085400000,43.99395076370239,29,42.06099891662598,,1729171800000,43.69626167678833,mean reversion or trend exit,-11.175999681281818,1.2758245721473693,1.2671915886268617,1
ERIE,Financials,rsi2,1729108800000,1729171800000,517.0064802246093,2,490.8950164794922,,1729195200000,490.4041214630127,stop,-55.219538726568395,1.0340129604492185,0.9808082429260254,1
HAS,Consumer Discretionary,rsi2,1728936000000,1728999000000,71.85177877807617,17,69.20699920654297,,1729258200000,71.81810939025878,mean reversion or trend exit,-3.0147676917572097,1.2214802392272948,1.2209078596343994,3
CPRT,Industrials,rsi2,1729195200000,1729258200000,53.743688625335686,23,51.834997940063474,,1729603800000,52.40753908538819,mean reversion or trend exit,-33.17291765613913,1.236104838382721,1.2053733989639284,2
ABBV,Health Care,rsi2,1729195200000,1729258200000,189.15897122192382,6,182.71800537109374,,1729690200000,188.51129695129396,mean reversion or trend exit,-6.152067232818489,1.134953827331543,1.1310677817077637,3
BKR,Energy,rsi2,1729022400000,1729085400000,36.38634847259521,30,34.38299980163574,,1729776600000,37.062898475646975,mean reversion or trend exit,18.093022683105705,1.0915904541778565,1.1118869542694092,6
GIS,Consumer Staples,rsi2,1728676800000,1728912600000,70.9308606109619,17,68.28499603271484,,1729886400000,68.21671103668213,stop,-48.50605148076609,1.2058246303863522,1.1596840876235963,10
ERIE,Financials,rsi2,1729540800000,1729603800000,477.39693344116205,2,453.7170166015625,,1729886400000,453.2632995849609,stop,-50.12858817845451,0.9547938668823241,0.9065265991699218,4
EOG,Energy,rsi2,1729627200000,1729690200000,125.02490152740477,9,119.4709976196289,,1730122200000,119.63025,mean reversion or trend exit,-50.75376011038949,1.1252241137466428,1.07667225,3
MMM,Industrials,rsi2,1729713600000,1729776600000,128.16803327941892,9,122.58500671386719,,1730208600000,128.8809845123291,mean reversion or trend exit,4.103119936065811,1.1535122995147704,1.159928860610962,3
CF,Materials,rsi2,1729108800000,1729171800000,84.73465152740478,14,80.4990005493164,,1730381400000,83.34657030487061,holding limit at next open,-21.786274221130213,1.186285121383667,1.1668519842681886,10
GEHC,Health Care,rsi2,1730145600000,1730208600000,85.74566366577147,14,82.71079864501954,,1730381400000,86.03388274383545,mean reversion or trend exit,1.6301534431611477,1.2004392913208008,1.2044743584136963,2
AFL,Financials,rsi2,1729886400000,1730122200000,110.10999999999999,11,106.22499923706054,,1730404800000,106.11877423782349,stop,-46.28199990055754,1.21121,1.1673065166160583,4
ERIE,Financials,rsi2,1729886400000,1730122200000,449.56911511230464,1,418.0740020751953,,1730491200000,417.65592807312015,stop,-32.780412082369914,0.44956911511230463,0.4176559280731202,5
VLTO,Industrials,rsi2,1729886400000,1730122200000,104.82472122192382,11,99.61750183105468,,1730903400000,105.59429695129394,mean reversion or trend exit,6.150723823165901,1.1530719334411619,1.1615372664642334,7
IBM,Information Technology,rsi2,1730318400000,1730381400000,204.33413488769528,5,196.52899475097655,,1730903400000,213.26651573181152,mean reversion or trend exit,42.57390096748366,1.0216706744384765,1.0663325786590576,4
LMT,Industrials,rsi2,1730318400000,1730381400000,547.5870180053711,2,526.0910095214844,,1730903400000,560.8386243896484,mean reversion or trend exit,24.286361483764665,1.0951740360107423,1.121677248779297,4
EBAY,Consumer Discretionary,rsi2,1730404800000,1730467800000,57.75770076370239,20,54.90099754333496,,1730903400000,61.92801167678833,mean reversion or trend exit,81.01250401290902,1.1551540152740476,1.2385602335357666,3
NEM,Materials,rsi2,1730491200000,1730730600000,45.43538938903808,17,42.050999069213866,,1730903400000,44.20575,mean reversion or trend exit,-22.427768983260954,0.7724016196136473,0.75149775,2
ES,Utilities,rsi2,1730840400000,1730903400000,61.83177045822143,20,59.55899772644043,,1730989800000,60.72921091461182,mean reversion or trend exit,-24.502410499648832,1.2366354091644285,1.2145842182922364,1
LVS,Consumer Discretionary,rsi2,1730840400000,1730903400000,50.940889389038084,19,47.95600051879883,,1731076200000,50.499449237823484,mean reversion or trend exit,-10.31472930698777,0.9678768983917235,0.9594895355186462,2
O,Real Estate,rsi2,1730926800000,1730989800000,57.32727045822143,21,54.69799880981445,,1731076200000,56.74319923782349,mean reversion or trend exit,-14.66097549197364,1.20387267962265,1.1916071839942934,1
NEE,Utilities,rsi2,1730926800000,1730989800000,73.6836106109619,16,70.48699798583985,,1731335400000,76.90302335357666,mean reversion or trend exit,49.10121773840339,1.1789377697753904,1.2304483736572265,2
FIS,Financials,rsi2,1730926800000,1730989800000,86.03594694519042,14,82.9239990234375,,1731335400000,88.21170304870606,mean reversion or trend exit,28.021118349304388,1.204503257232666,1.2349638426818847,2
JNJ,Health Care,rsi2,1731013200000,1731076200000,157.15699999999998,7,151.86499633789063,,1731335400000,155.46437512207032,mean reversion or trend exit,-14.036723771362112,1.100099,1.0882506258544922,1
CBOE,Financials,rsi2,1731099600000,1731335400000,196.13594244384763,6,187.2239974975586,,1731681000000,198.6611406097412,mean reversion or trend exit,12.782406497039975,1.1768156546630857,1.1919668436584472,4
CTVA,Materials,rsi2,1731013200000,1731076200000,59.02897122192382,19,56.03189811706543,,1731704400000,55.97586621894837,stop,-60.19408696791011,1.1215504532165526,1.0635414581600189,6
RVTY,Health Care,rsi2,1731358800000,1731421800000,120.11999999999999,8,112.72999801635743,,1731704400000,112.61726801834106,stop,-61.88375399741813,0.9609599999999999,0.9009381441467286,4
SBAC,Real Estate,rsi2,1730926800000,1730989800000,220.21999999999997,4,206.6560028076172,,1731940200000,217.94184365844725,mean reversion or trend exit,-10.865272740844652,0.8808799999999999,0.8717673746337891,7
IBM,Information Technology,rsi2,1731704400000,1731940200000,207.20699999999997,5,196.3330062866211,,1732113000000,210.789,mean reversion or trend exit,15.820020000000111,1.0360349999999998,1.053945,2
JKHY,Financials,rsi2,1731358800000,1731421800000,177.35717266845703,7,170.69499664306642,,1732136400000,170.52430164642334,stop,-50.265267474439966,1.2415002086791993,1.1936701115249635,7
COO,Health Care,rsi2,1731618000000,1731681000000,100.50040152740478,11,95.42000122070313,,1732285800000,99.85004695129395,mean reversion or trend exit,-9.357755270484798,1.1055044168014527,1.0983505164642333,5
ILMN,Health Care,rsi2,1731704400000,1731940200000,135.135,6,125.4840072631836,,1732285800000,137.63223426818848,mean reversion or trend exit,13.346802203521824,0.8108099999999999,0.825793405609131,4
MAS,Industrials,rsi2,1732050000000,1732113000000,76.70662725067137,14,72.90299682617187,,1732285800000,78.72120304870606,mean reversion or trend exit,26.028071548294296,1.0738927815093995,1.102096842681885,2
URI,Industrials,rsi2,1732136400000,1732199400000,824.824,1,775.1939758300781,,1732285800000,848.1809992675782,mean reversion or trend exit,21.683994268310627,0.824824,0.8481809992675782,1
HON,Industrials,rsi2,1732222800000,1732285800000,225.3493918457031,5,214.43592681884766,,1732545000000,228.22695840454102,mean reversion or trend exit,12.119951042938343,1.1267469592285155,1.141134792022705,1
BBY,Consumer Discretionary,rsi2,1732222800000,1732285800000,87.44736061096191,10,81.67600479125977,,1732545000000,92.78711725616455,mean reversion or trend exit,51.59522167335515,0.8744736061096191,0.9278711725616455,1
AVGO,Information Technology,rsi2,1731704400000,1731940200000,165.82566366577146,4,154.20599670410155,,1732631400000,164.4354060974121,mean reversion or trend exit,-6.882074552490116,0.6633026546630858,0.6577416243896484,6
MCD,Consumer Discretionary,rsi2,1732222800000,1732285800000,288.7584712219238,4,277.5349975585938,,1732631400000,296.703,mean reversion or trend exit,29.436269227417007,1.1550338848876953,1.186812,2
GOOGL,Communication Services,rsi2,1732309200000,1732545000000,166.25608633422848,5,155.20699157714844,,1732717800000,168.831,mean reversion or trend exit,11.199132897186377,0.8312804316711424,0.844155,2
GOOG,Communication Services,rsi2,1732309200000,1732545000000,168.15799549865721,5,157.0793029785156,,1732890600000,169.88993756103517,mean reversion or trend exit,6.969470646591306,0.8407899774932861,0.8494496878051758,3
NVDA,Information Technology,rsi2,1732568400000,1732631400000,137.8376969451904,4,125.49800262451171,,1733149800000,138.69117182922363,mean reversion or trend exit,2.3077840610352744,0.5513507877807616,0.5547646873168945,3
LMT,Industrials,rsi2,1732568400000,1732631400000,519.9094046630859,2,499.1570129394531,,1733149800000,524.72475,mean reversion or trend exit,7.541422364502042,1.0398188093261718,1.0494495,3
AVGO,Information Technology,rsi2,1732741200000,1732890600000,159.72957733154294,5,149.46599731445312,,1733236200000,164.31551573181153,mean reversion or trend exit,21.30946653602617,0.7986478866577147,0.8215775786590577,2
CHRW,Industrials,rsi2,1732222800000,1732285800000,108.50840152740477,11,103.77999801635742,,1733322600000,107.05284365844726,mean reversion or trend exit,-18.38231025557701,1.1935924168014527,1.1775812802429197,7
WDAY,Information Technology,rsi2,1732914000000,1733149800000,246.69644694519042,4,233.26200256347656,,1733322600000,260.12962463378904,mean reversion or trend exit,51.70540646807856,0.9867857877807616,1.040518498535156,2
XOM,Energy,rsi2,1732654800000,1732717800000,118.2080863342285,10,113.5790008544922,,1733409000000,114.59528908538819,mean reversion or trend exit,-38.45600624259926,1.182080863342285,1.1459528908538819,5
AME,Industrials,rsi2,1732914000000,1733149800000,195.6454469451904,6,188.08800659179687,,1733409000000,194.805,mean reversion or trend exit,-7.385384352813503,1.1738726816711424,1.16883,3
GNRC,Industrials,rsi2,1733346000000,1733409000000,183.50332733154295,5,171.85700531005858,,1733864400000,171.68514830474854,stop,-60.866837512153516,0.9175166366577148,0.8584257415237426,4
MTB,Financials,rsi2,1733173200000,1733236200000,215.7755575561523,5,205.05900115966796,,1733950800000,204.8539421585083,stop,-56.71122448679339,1.0788777877807616,1.0242697107925414,7
FDX,Industrials,rsi2,1733259600000,1733322600000,227.22941329956052,5,217.38034057617188,,1734013800000,226.61442155456544,mean reversion or trend exit,-5.3441778992460325,1.1361470664978026,1.1330721077728272,6
AFL,Financials,rsi2,1733259600000,1733322600000,106.02591816711424,11,102.68300247192383,,1734359400000,104.23565634155274,mean reversion or trend exit,-22.00575740077185,1.1662850998382568,1.1465922197570801,8
NSC,Industrials,rsi2,1733950800000,1734013800000,248.40816366577147,4,236.56100616455078,,1734445800000,241.09865634155273,mean reversion or trend exit,-31.196056576904265,0.9936326546630859,0.9643946253662109,3
ATO,Utilities,rsi2,1733346000000,1733409000000,143.7335863342285,8,139.0009994506836,,1734469200000,138.86199845123292,stop,-41.233467742248365,1.149868690673828,1.1108959876098634,9
MCK,Health Care,rsi2,1733864400000,1733927400000,583.9033273315429,2,562.3139953613281,,1734469200000,561.7516813659668,stop,-46.594601948547236,1.1678066546630859,1.1235033627319335,5
GWW,Industrials,rsi2,1733950800000,1734013800000,1160.2791151123045,1,1118.5699829101563,,1734469200000,1117.451412927246,stop,-45.10543271309789,1.1602791151123044,1.1174514129272461,4
TSN,Consumer Staples,rsi2,1734123600000,1734359400000,60.640581832885736,19,58.489998245239256,,1734532200000,58.75119137191773,mean reversion or trend exit,-38.166862449283435,1.1521710548248292,1.116272636066437,2
FAST,Industrials,rsi2,1734382800000,1734445800000,39.049008319854735,30,37.94849967956543,,1734555600000,37.910551179885864,stop,-36.46250098405835,1.1714702495956422,1.137316535396576,2
PNC,Financials,rsi2,1734469200000,1734532200000,199.13894244384764,5,191.41000366210938,,1734555600000,191.21859365844728,stop,-41.5535316075133,0.9956947122192382,0.9560929682922364,1
TROW,Financials,rsi2,1734469200000,1734532200000,117.88776663970945,9,114.01100082397461,,1734555600000,113.89698982315063,stop,-38.00305415719513,1.060989899757385,1.0250729084083556,1
GWW,Industrials,rsi2,1734469200000,1734532200000,1123.8927895507811,1,1085.2710815429687,,1734642000000,1084.1858104614257,stop,-41.91505768936761,1.123892789550781,1.0841858104614257,2
LOW,Consumer Discretionary,rsi2,1734555600000,1734618600000,249.24899999999997,4,239.50299530029298,,1734705000000,244.29545329284667,mean reversion or trend exit,-21.78836464178456,0.9969959999999999,0.9771818131713867,1
NWS,Communication Services,rsi2,1734469200000,1734532200000,31.251219312667843,37,30.007999992370607,,1735050600000,31.118849618911742,mean reversion or trend exit,-7.205371219444156,1.1562951145687101,1.1513974358997345,4
LNT,Utilities,rsi2,1734555600000,1734618600000,57.94788938903808,19,56.390001678466795,,1735050600000,59.16078121948242,mean reversion or trend exit,20.8198800368806,1.1010098983917236,1.1240548431701662,3
FAST,Industrials,rsi2,1734555600000,1734618600000,37.50246515274048,30,36.110500717163085,,1735223400000,37.27269137191772,mean reversion or trend exit,-9.13646812042236,1.1250739545822144,1.1181807411575317,4
GWW,Industrials,rsi2,1734642000000,1734705000000,1078.6976151123047,1,1044.2890747070312,,1735223400000,1088.3206241455077,mean reversion or trend exit,7.455990793945249,1.0786976151123047,1.0883206241455077,3
PNC,Financials,rsi2,1734642000000,1734705000000,189.47928327941892,5,182.11199645996095,,1735223400000,193.28651573181153,mean reversion or trend exit,17.122333266906907,0.9473964163970947,0.9664325786590576,3
COST,Consumer Staples,rsi2,1734987600000,1735050600000,951.6907302246093,1,915.5989868164063,,1735223400000,955.8631873168945,mean reversion or trend exit,2.2649031747436816,0.9516907302246094,0.9558631873168945,1
CHTR,Communication Services,rsi2,1734987600000,1735050600000,348.1678273315429,2,326.2930053710937,,1735309800000,348.9506878051758,mean reversion or trend exit,0.17148391699229393,0.6963356546630859,0.6979013756103516,2
MKC,Consumer Staples,rsi2,1735333200000,1735569000000,76.55648336029051,14,74.3810028076172,,1735655400000,75.37454695129395,mean reversion or trend exit,-18.674144150314067,1.0717907670440672,1.0552436573181154,1
MO,Consumer Staples,rsi2,1735246800000,1735309800000,52.39234015274047,21,50.88799858093262,,1735914600000,52.77717182922363,mean reversion or trend exit,5.872905454525101,1.10023914320755,1.1083206084136965,4
PM,Consumer Staples,rsi2,1735592400000,1735655400000,120.56044244384765,9,115.83499908447266,,1735914600000,121.38849213409424,mean reversion or trend exit,5.274906801017806,1.085043981994629,1.092496429206848,2
CME,Financials,rsi2,1735333200000,1735569000000,232.99275450134274,4,224.96799926757814,,1736173800000,229.1206560974121,mean reversion or trend exit,-17.33684725811756,0.931971018005371,0.9164826243896484,4
VEEV,Health Care,rsi2,1735333200000,1735569000000,212.26205305480954,3,197.91000061035157,,1736173800000,214.03575,mean reversion or trend exit,4.042197426406968,0.6367861591644287,0.64210725,4
CHRW,Industrials,rsi2,1735851600000,1735914600000,104.05394694519042,8,97.45499877929687,,1736173800000,104.33556243896484,mean reversion or trend exit,0.585807875122153,0.8324315755615234,0.8346844995117187,1
EBAY,Consumer Discretionary,rsi2,1735333200000,1735569000000,62.52245908355712,18,59.61800193786621,,1736260200000,63.57635939025879,mean reversion or trend exit,16.70042678810126,1.1254042635040282,1.144374469024658,5
CPRT,Industrials,rsi2,1735851600000,1735914600000,56.73668030548095,20,54.244998931884766,,1736519400000,56.15378908538818,mean reversion or trend exit,-13.915633789672762,1.1347336061096192,1.123075781707764,4
LNT,Utilities,rsi2,1735938000000,1736173800000,58.07802045822143,19,56.5629997253418,,1736519400000,57.77217182922363,mean reversion or trend exit,-8.012277604419669,1.103482388706207,1.0976712647552491,3
WEC,Utilities,rsi2,1736197200000,1736260200000,92.29219694519043,12,89.21700134277344,,1736519400000,93.79610939025879,mean reversion or trend exit,15.813889664795,1.107506363342285,1.1255533126831057,2
AAPL,Information Technology,rsi2,1735938000000,1736173800000,244.5543075561523,4,234.79400177001952,,1736542800000,234.5592077682495,stop,-41.896853212908816,0.9782172302246093,0.938236831072998,4
BKNG,Consumer Discretionary,rsi2,1735938000000,1736173800000,197.9045091705322,5,188.40232696533204,,1736542800000,188.2139246383667,stop,-50.383514829872006,0.9895225458526611,0.9410696231918336,4
NFLX,Communication Services,rsi2,1736370000000,1736519400000,86.72663938903807,13,83.55659942626953,,1736542800000,83.47304282684325,stop,-44.50935117733905,1.127446312057495,1.0851495567489624,1
KR,Consumer Staples,rsi2,1736370000000,1736519400000,58.8587992362976,18,55.96000289916992,,1736865000000,59.4405,mean reversion or trend exit,8.341226360389852,1.0594583862533569,1.0699290000000001,2
AIZ,Financials,rsi2,1736542800000,1736778600000,197.7875863342285,5,191.11499938964843,,1736951400000,207.86193731689454,mean reversion or trend exit,48.343507295074545,0.9889379316711426,1.0393096865844726,2
NFLX,Communication Services,rsi2,1736542800000,1736778600000,83.23615287780761,13,79.55259704589844,,1737037800000,86.00990467071533,mean reversion or trend exit,33.85857455966952,1.082069987411499,1.1181287607192991,3
T,Communication Services,rsi2,1736802000000,1736865000000,21.541520458221434,52,20.75599956512451,,1737037800000,21.978,mean reversion or trend exit,20.433921108657977,1.1201590638275145,1.142856,2
AAPL,Information Technology,rsi2,1736888400000,1736951400000,234.87463938903807,4,223.5590026855469,,1737037800000,237.1126560974121,mean reversion or trend exit,7.0641176515503314,0.9394985575561523,0.9484506243896484,1
ULTA,Consumer Discretionary,rsi2,1736370000000,1736519400000,410.40999999999997,2,389.041015625,,1737124200000,417.8117809753418,mean reversion or trend exit,13.147118388732933,0.82082,0.8356235619506835,5
FDS,Financials,rsi2,1736542800000,1736778600000,450.1697212219238,2,431.7649871826172,,1737124200000,458.29125,mean reversion or trend exit,14.426135613708546,0.9003394424438476,0.9165825,4
DIS,Communication Services,rsi2,1737061200000,1737124200000,106.93683183288573,10,102.21600036621093,,1737556200000,109.44045304870606,mean reversion or trend exit,22.872439309387396,1.0693683183288571,1.0944045304870607,2
LULU,Consumer Discretionary,rsi2,1736974800000,1737037800000,378.04768344116206,2,352.59901123046876,,1737642600000,383.0665621948242,mean reversion or trend exit,8.5155290160523,0.7560953668823241,0.7661331243896484,4
FOXA,Communication Services,rsi2,1737493200000,1737556200000,47.90786061096191,23,46.13850059509277,,1737729000000,48.491460914611814,mean reversion or trend exit,11.205622588859555,1.101880794052124,1.1153036010360717,2
WRB,Financials,rsi2,1737666000000,1737729000000,56.93688106918334,20,54.80400161743164,,1738074600000,60.65928121948242,mean reversion or trend exit,72.09607976020828,1.1387376213836669,1.2131856243896484,2
CINF,Financials,rsi2,1737666000000,1737729000000,135.6555242767334,8,129.7870071411133,,1738074600000,140.60925,mean reversion or trend exit,37.41968759191906,1.085244194213867,1.1248740000000002,2
ATO,Utilities,rsi2,1737666000000,1737729000000,138.9788363342285,8,134.81299896240233,,1738074600000,142.3674845123291,mean reversion or trend exit,24.858414858032305,1.111830690673828,1.138939876098633,2
EXPE,Consumer Discretionary,rsi2,1737579600000,1737642600000,173.63346672058103,5,163.88399505615234,,1738333800000,171.49832817077638,mean reversion or trend exit,-12.401351723480042,0.8681673336029052,0.857491640853882,6
JCI,Industrials,rsi2,1738011600000,1738074600000,77.67759847259521,14,73.77799530029297,,1738333800000,78.11181243896485,mean reversion or trend exit,3.8979437764131197,1.087486378616333,1.0935653741455078,3
PEG,Utilities,rsi2,1738011600000,1738074600000,82.86277877807616,12,78.26899642944336,,1738333800000,83.87603908538819,mean reversion or trend exit,10.158257873382713,0.9943533453369139,1.0065124690246583,3
EOG,Energy,rsi2,1737752400000,1737988200000,132.16202877807615,8,126.79501113891601,,1738357200000,126.6682161277771,stop,-46.021143161639216,1.0572962302246092,1.0133457290222168,5
OKE,Energy,rsi2,1738011600000,1738074600000,101.0909878616333,10,95.59799499511719,,1738593000000,95.11478908538818,stop gap,-61.72404553192134,1.0109098786163329,0.9511478908538818,4
ROK,Industrials,rsi2,1738270800000,1738333800000,280.22996221923825,4,267.3819946289062,,1738616400000,267.1146126342773,stop,-54.65077663925781,1.120919848876953,1.0684584505371093,2
SW,Materials,rsi2,1738270800000,1738333800000,53.6035492362976,19,50.68849830627441,,1738765800000,53.65628908538818,mean reversion or trend exit,-1.035879795391045,1.0184674354896546,1.0194694926223755,3
CHRW,Industrials,rsi2,1738357200000,1738593000000,99.17908183288573,10,93.89499740600586,,1738852200000,98.03186725616455,mean reversion or trend exit,-13.44425525810233,0.9917908183288573,0.9803186725616455,3
CAH,Health Care,rsi2,1738357200000,1738593000000,124.04391816711424,9,118.07900543212891,,1738852200000,126.60327335357665,mean reversion or trend exit,20.77837195447549,1.1163952635040282,1.13942946018219,3
LUV,Industrials,rsi2,1738616400000,1738679400000,30.360329923629756,28,28.42099838256836,,1738852200000,31.04891992378235,mean reversion or trend exit,17.561061008545096,0.8500892378616332,0.8693697578659058,2
PKG,Materials,rsi2,1738270800000,1738333800000,213.12291366577145,5,205.00699920654296,,1738938600000,212.96681268310547,mean reversion or trend exit,-2.910953545074263,1.0656145683288574,1.0648340634155276,5
IP,Materials,rsi2,1738789200000,1738852200000,54.294241680145255,16,50.932002258300784,,1738938600000,55.394550762176515,mean reversion or trend exit,15.849924633423,0.8687078668823242,0.8863128121948243,1
EMR,Industrials,rsi2,1738789200000,1738852200000,126.20608183288573,7,118.93200149536133,,1739284200000,126.02385152435302,mean reversion or trend exit,-3.041221693229636,0.8834425728302001,0.8821669606704711,3
J,Industrials,rsi2,1738789200000,1738852200000,131.37877560424803,8,124.85347442626953,,1739284200000,132.50103332519532,mean reversion or trend exit,6.867023296142763,1.0510302048339843,1.0600082666015627,3
RVTY,Health Care,rsi2,1738875600000,1738938600000,119.15904091644286,7,111.57000427246093,,1739284200000,113.78610152435303,mean reversion or trend exit,-39.24119174171441,0.8341132864151,0.7965027106704712,2
KKR,Financials,rsi2,1738702800000,1738765800000,147.06691816711424,6,138.63700408935546,,1739394000000,138.4983670852661,stop,-53.12469820260313,0.8824015090026854,0.8309902025115966,6
DVA,Health Care,rsi2,1738875600000,1738938600000,171.31113938903806,6,164.11800842285157,,1739543400000,153.846,stop gap,-106.74177917056257,1.0278668363342283,0.923076,5
APD,Materials,rsi2,1739221200000,1739284200000,309.6994046630859,3,294.10497131347654,,1739543400000,316.0835939025879,mean reversion or trend exit,17.275218722809,0.9290982139892576,0.9482507817077638,3
INCY,Health Care,rsi2,1739221200000,1739284200000,67.58751663970946,15,64.0920036315918,,1739543400000,70.57935152435303,mean reversion or trend exit,42.80502024719255,1.013812749595642,1.0586902728652954,3
BX,Financials,rsi2,1739480400000,1739543400000,161.91174999999998,4,149.83899841308593,,1739889000000,164.6951406097412,mean reversion or trend exit,9.827134876525909,0.647647,0.6587805624389648,1
BLK,Financials,rsi2,1739221200000,1739284200000,980.9799999999999,1,935.8000122070313,,1740061800000,985.5135,mean reversion or trend exit,2.5670065000001174,0.98098,0.9855135,6
IT,Information Technology,rsi2,1739394000000,1739457000000,516.2958093261718,1,488.6110107421875,,1740061800000,512.3970631713867,mean reversion or trend exit,-4.927439027282716,0.5162958093261718,0.5123970631713867,4
WAT,Health Care,rsi2,1739480400000,1739543400000,381.4410575561523,2,354.8999877929688,,1740061800000,379.62,mean reversion or trend exit,-5.164237227416928,0.7628821151123046,0.75924,3
TDY,Information Technology,rsi2,1739480400000,1739543400000,499.86936511230465,2,477.9300018310547,,1740061800000,499.60987536621093,mean reversion or trend exit,-2.5179379731444724,0.9997387302246094,0.9992197507324219,3
PNR,Industrials,rsi2,1739998800000,1740061800000,96.01591816711425,11,91.75699844360352,,1740430800000,91.66524144515992,stop,-49.92193669723264,1.0561750998382569,1.008317655896759,3
HD,Consumer Discretionary,rsi2,1739998800000,1740061800000,393.393,2,379.55799255371096,,1740430800000,379.17843456115725,stop,-29.974273746807764,0.786786,0.7583568691223145,3
LULU,Consumer Discretionary,rsi2,1739566800000,1739889000000,366.045672668457,2,343.02398681640625,,1740493800000,366.04359365844726,mean reversion or trend exit,-1.4683365526732262,0.732091345336914,0.7320871873168946,5
GDDY,Information Technology,rsi2,1739998800000,1740061800000,176.58641366577146,4,164.1594024658203,,1740580200000,176.48334365844727,mean reversion or trend exit,-1.8245590585936418,0.7063456546630859,0.7059333746337891,4
VEEV,Health Care,rsi2,1739998800000,1740061800000,228.4281969451904,4,216.6280029296875,,1740666600000,225.34443731689453,mean reversion or trend exit,-14.150129050231802,0.9137127877807616,0.9013777492675781,5
PNR,Industrials,rsi2,1740430800000,1740493800000,92.9628727493286,10,87.9760025024414,,1741012200000,94.80510152435302,mean reversion or trend exit,16.544608007507424,0.929628727493286,0.9480510152435302,4
AMZN,Consumer Discretionary,rsi2,1740430800000,1740493800000,211.84163488769528,5,201.51000518798827,,1741012200000,213.1366560974121,mean reversion or trend exit,4.350214593658572,1.0592081744384765,1.0656832804870606,4
BKR,Energy,rsi2,1740603600000,1740666600000,44.044,16,40.763998413085936,,1741012200000,45.024929695129394,mean reversion or trend exit,14.269772246948287,0.704704,0.7203988751220703,2
JBL,Information Technology,rsi2,1740430800000,1740493800000,159.159,5,150.09700469970704,,1741035600000,149.94690769500733,stop,-47.60599106343837,0.795795,0.7497345384750367,5
FLEX,Information Technology,rsi2,1740517200000,1740580200000,39.219180305480954,14,35.58600120544433,,1741098600000,35.314648475646976,stop gap,-55.70691922061148,0.5490685242767334,0.4944050786590577,4
HSIC,Health Care,rsi2,1740776400000,1741012200000,72.24216816711424,12,68.07399673461914,,1741098600000,70.23968756103515,mean reversion or trend exit,-25.739549541686863,0.8669060180053709,0.8428762507324218,1
GEHC,Health Care,rsi2,1740776400000,1741012200000,87.57748786163329,11,82.87709884643554,,1741122000000,82.7942217475891,stop,-54.490016060187436,0.9633523664779662,0.9107364392234801,2
IBM,Information Technology,rsi2,1741035600000,1741098600000,248.99874999999997,4,238.92400207519532,,1741185000000,251.32842182922363,mean reversion or trend exit,7.31737862957773,0.995995,1.0053136873168946,1
HAS,Consumer Discretionary,rsi2,1741035600000,1741098600000,63.74368030548095,13,59.75999755859375,,1741185000000,61.74819137191773,mean reversion or trend exit,-27.572750468128085,0.8286678439712523,0.8027264878349305,1
ACN,Information Technology,rsi2,1741035600000,1741098600000,342.522172668457,3,328.439990234375,,1741357800000,338.661,mean reversion or trend exit,-13.627067523376418,1.027566518005371,1.0159829999999999,3
CTVA,Materials,rsi2,1741035600000,1741098600000,60.41034847259521,16,57.25540275573731,,1741613400000,60.019921829223634,mean reversion or trend exit,-8.17371061877432,0.9665655755615233,0.9603187492675782,4
GEHC,Health Care,rsi2,1741122000000,1741185000000,84.08399999999999,11,79.5480972290039,,1741613400000,85.68922652435303,mean reversion or trend exit,15.789986276115586,0.9249239999999999,0.9425814917678833,3
JBL,Information Technology,rsi2,1741122000000,1741185000000,142.32217266845703,5,133.31499938964845,,1741636800000,133.1816843902588,stop,-47.07996067628475,0.7116108633422852,0.6659084219512941,4
SBUX,Consumer Discretionary,rsi2,1741294800000,1741357800000,104.83473336029051,10,100.65600051879883,,1741636800000,100.55534451828004,stop,-44.84778919889047,1.0483473336029052,1.0055534451828003,2
FTV,Industrials,rsi2,1741122000000,1741185000000,58.41555400466918,18,55.81951637268067,,1741699800000,56.46194467163086,SPY below SMA200,-37.232762970863206,1.0514799720840453,1.0163150040893556,4
NDAQ,Financials,rsi2,1741381200000,1741613400000,73.87380305480956,14,70.78700408935546,,1741699800000,72.78714060974121,SPY below SMA200,-17.266527442260497,1.034233242767334,1.019019968536377,1
CMI,Industrials,rsi2,1741381200000,1741613400000,337.9376061096191,3,323.5120056152344,,1741699800000,332.667,SPY below SMA200,-17.823632147186185,1.0138128183288573,0.998001,1
ABBV,Health Care,rsi2,1742846400000,1742909400000,209.4292212219238,4,200.00599670410156,,1742932800000,199.80599070739746,stop,-40.12986290582265,0.8377168848876952,0.7992239628295899,1
KMB,Consumer Staples,rsi2,1742846400000,1742909400000,137.88774999999998,7,131.8110107421875,,1742995800000,137.13273426818847,mean reversion or trend exit,-7.210253512557897,0.9652142499999999,0.9599291398773194,1
AWK,Utilities,rsi2,1742846400000,1742909400000,139.73960610961913,6,131.67099151611328,,1743082200000,141.6182345123291,SPY below SMA200,9.583623372528178,0.8384376366577149,0.8497094070739747,2
MDT,Health Care,rsi2,1742846400000,1742909400000,90.37027877807616,11,86.51399612426758,,1743082200000,88.57134365844726,SPY below SMA200,-21.756644162719585,0.9940730665588378,0.9742847802429199,2
XEL,Utilities,rsi2,1742846400000,1742909400000,68.6685984725952,15,66.08799896240234,,1743082200000,69.04089060974121,SPY below SMA200,3.5187397209550224,1.0300289770889282,1.0356133591461183,2
ABBV,Health Care,rsi2,1742932800000,1742995800000,203.32311511230466,4,191.55399475097656,,1743082200000,201.81798426818847,SPY below SMA200,-7.641087773986753,0.8132924604492187,0.8072719370727539,1
MO,Consumer Staples,rsi2,1742932800000,1742995800000,56.73668030548095,18,54.401998901367186,,1743082200000,57.80214060974121,SPY below SMA200,17.11658670021061,1.0212602454986572,1.040438530975342,1
AEP,Utilities,rsi2,1747080000000,1747143000000,101.0909878616333,10,96.51499710083007,,1747229400000,99.17072664642333,mean reversion or trend exit,-21.205229297180182,1.0109098786163329,0.9917072664642332,1
WEC,Utilities,rsi2,1747080000000,1747143000000,105.10499999999999,9,101.16700057983398,,1747252800000,101.06583357925415,stop,-38.20803528892588,0.9459449999999999,0.9095925022132872,2
ORLY,Consumer Discretionary,rsi2,1747080000000,1747143000000,89.67091067504882,10,84.85166778564454,,1747402200000,91.45378852844239,mean reversion or trend exit,16.017531541900805,0.8967091067504882,0.9145378852844239,3
RSG,Industrials,rsi2,1747080000000,1747143000000,241.68144244384763,4,232.37300872802734,,1747402200000,243.9957654876709,mean reversion or trend exit,7.314583343566985,0.9667257697753905,0.9759830619506836,3
CASY,Consumer Staples,rsi2,1747080000000,1747143000000,437.2367877807617,1,411.97898254394534,,1747402200000,441.98756268310547,mean reversion or trend exit,3.8715505518799107,0.4372367877807617,0.44198756268310546,3
AEE,Utilities,rsi2,1747166400000,1747229400000,94.52443030548095,10,90.59399948120117,,1747402200000,96.55335152435303,mean reversion or trend exit,18.37843437042251,0.9452443030548096,0.9655335152435304,2
KR,Consumer Staples,rsi2,1747252800000,1747315800000,66.61655305480956,13,62.98399276733399,,1747661400000,69.02090634155273,mean reversion or trend exit,29.493305755508548,0.8660151897125242,0.8972717824401855,2
CPAY,Financials,rsi2,1747771200000,1747834200000,337.15682733154296,3,321.13698425292966,,1747920600000,327.61206243896487,mean reversion or trend exit,-30.628601347045784,1.011470481994629,0.9828361873168947,1
ABNB,Consumer Discretionary,rsi2,1747771200000,1747834200000,130.81067266845702,6,123.61990890502929,,1747920600000,126.66321091461181,mean reversion or trend exit,-26.429613824569653,0.7848640360107421,0.7599792654876709,1
WYNN,Consumer Discretionary,rsi2,1747771200000,1747834200000,92.98288938903808,10,88.07199325561524,,1748439000000,92.46743756103515,mean reversion or trend exit,-7.009021549529969,0.9298288938903808,0.9246743756103515,4
AXP,Financials,rsi2,1747857600000,1747920600000,285.91563488769526,3,272.56199645996094,,1748439000000,293.1665314636231,mean reversion or trend exit,20.01544322872948,0.8577469046630859,0.8794995943908692,3
COF,Financials,rsi2,1747857600000,1747920600000,187.0668848876953,4,175.25199127197266,,1748439000000,192.64715634155274,mean reversion or trend exit,20.802229650512803,0.7482675395507812,0.770588625366211,3
GEN,Information Technology,rsi2,1747857600000,1747920600000,27.63761061096191,34,26.218000221252442,,1748439000000,28.20176954269409,mean reversion or trend exit,17.282864753669823,0.9396787607727051,0.958860164451599,3
GDDY,Information Technology,rsi2,1747857600000,1747920600000,184.34416366577148,4,173.91180419921875,,1748525400000,179.53029670715333,mean reversion or trend exit,-20.7109656759643,0.7373766546630859,0.7181211868286134,4
F,Consumer Discretionary,rsi2,1748376000000,1748439000000,10.330319694519043,94,9.81500072479248,,1748525400000,10.199790038108826,mean reversion or trend exit,-14.19961801742733,0.97105005128479,0.9587802635822298,1
LDOS,Industrials,rsi2,1748376000000,1748439000000,152.81266366577148,6,145.42800598144532,,1748525400000,149.64020329284668,mean reversion or trend exit,-20.849479439300527,0.9168759819946289,0.8978412197570801,1
FDS,Financials,rsi2,1748462400000,1748525400000,459.3489046630859,2,442.85698852539065,,1748611800000,463.95559341430663,mean reversion or trend exit,7.366768506286732,0.9186978093261717,0.9279111868286133,1
VRSN,Information Technology,rsi2,1748376000000,1748439000000,268.75848022460934,3,258.9349884033203,,1748871000000,270.729,mean reversion or trend exit,4.293096885498097,0.8062754406738281,0.8121869999999999,3
ED,Utilities,rsi2,1748462400000,1748525400000,101.79169244384765,10,97.49799880981445,,1748871000000,103.5363593902588,mean reversion or trend exit,15.393388945770372,1.0179169244384765,1.035363593902588,2
YUM,Consumer Discretionary,rsi2,1748376000000,1748439000000,144.5944469451904,7,138.84099426269532,,1748957400000,143.83601573181153,mean reversion or trend exit,-7.328031732391203,1.012161128616333,1.0068521101226806,4
DE,Industrials,rsi2,1748462400000,1748525400000,511.0104999999999,1,483.5799896240234,,1748957400000,506.0934060974121,mean reversion or trend exit,-5.934197808685207,0.5110104999999999,0.5060934060974122,3
LYV,Communication Services,rsi2,1748548800000,1748611800000,136.065922668457,6,128.55199737548827,,1749130200000,141.05879695129394,mean reversion or trend exit,28.294497379303113,0.8163955360107421,0.8463527817077636,4
CASY,Consumer Staples,rsi2,1748635200000,1748871000000,436.9465197753906,2,416.2340026855469,,1749130200000,447.96159365844727,mean reversion or trend exit,20.260331539245694,0.8738930395507812,0.8959231873168946,3
WYNN,Consumer Discretionary,rsi2,1748894400000,1748957400000,87.63755305480956,8,82.08400192260743,,1749130200000,86.2336796951294,mean reversion or trend exit,-12.621956739440806,0.7011004244384765,0.6898694375610351,2
UBER,Industrials,rsi2,1748635200000,1748871000000,84.56448336029052,7,77.94280395507812,,1749216600000,85.31460152435302,mean reversion or trend exit,4.06167355424499,0.5919513835220337,0.5972022106704711,4
DPZ,Consumer Discretionary,rsi2,1748894400000,1748957400000,464.35390466308587,2,448.98399963378904,,1749475800000,468.22131243896484,mean reversion or trend exit,5.869665117553846,0.9287078093261718,0.9364426248779297,4
CHTR,Communication Services,rsi2,1749067200000,1749130200000,389.1988075561523,2,368.19898986816406,,1749475800000,394.99462463378904,mean reversion or trend exit,10.0232472908936,0.7783976151123047,0.7899892492675781,2
ALLE,Industrials,rsi2,1749067200000,1749130200000,138.57844244384765,7,133.38400115966797,,1749475800000,139.5103439025879,mean reversion or trend exit,4.576688706756646,0.9700490971069335,0.9765724073181152,2
BRK-B,Financials,rsi2,1749067200000,1749130200000,491.24074999999993,2,478.0070007324219,,1749562200000,492.16734365844724,mean reversion or trend exit,-0.11362887042228942,0.9824814999999999,0.9843346873168944,3
MDLZ,Consumer Staples,rsi2,1749240000000,1749475800000,66.04598336029052,15,64.07700042724609,,1749562200000,66.63329695129394,mean reversion or trend exit,6.819514660377566,0.9906897504043578,0.9994994542694092,1
PODD,Health Care,rsi2,1749153600000,1749216600000,318.2079046630859,2,298.39801330566405,,1749585600000,298.0996152923584,stop,-41.4491937813659,0.6364158093261718,0.5961992305847168,3
MOS,Materials,rsi2,1749240000000,1749475800000,34.964930305480955,25,32.99799976348877,,1749821400000,34.655308628082274,mean reversion or trend exit,-9.481047908306108,0.8741232576370239,0.8663827157020569,4
CNP,Utilities,rsi2,1749240000000,1749475800000,36.506471221923825,28,35.36300086975098,,1749821400000,36.31364847564697,mean reversion or trend exit,-7.438000247283873,1.0221811942138672,1.0167821573181153,4
CME,Financials,rsi2,1749499200000,1749562200000,269.15890466308593,3,257.3030120849609,,1749821400000,273.69603121948245,mean reversion or trend exit,11.98281486154184,0.8074767139892579,0.8210880936584474,3
RSG,Industrials,rsi2,1749499200000,1749562200000,249.8395863342285,4,241.14200134277343,,1749821400000,251.4882654876709,mean reversion or trend exit,4.589405206482009,0.999358345336914,1.0059530619506836,3
PODD,Health Care,rsi2,1749585600000,1749648600000,300.2199334411621,3,284.67901916503905,,1750080600000,307.3423439025879,mean reversion or trend exit,19.54454455224624,0.9006598003234862,0.9220270317077638,3
BSX,Health Care,rsi2,1749758400000,1749821400000,98.28819244384765,10,94.84699859619141,,1750080600000,100.5793203048706,mean reversion or trend exit,20.92260348274239,0.9828819244384766,1.0057932030487062,1
WMT,Consumer Staples,rsi2,1749758400000,1749821400000,94.61451663970946,10,90.94200134277344,,1750426200000,95.14475786590576,mean reversion or trend exit,3.4048195169068043,0.9461451663970947,0.9514475786590576,4
PAYX,Industrials,rsi2,1749758400000,1749821400000,152.72257733154296,6,148.73800659179688,,1750449600000,148.58926858520508,stop,-26.60772355352782,0.9163354639892578,0.8915356115112304,5
TJX,Consumer Discretionary,rsi2,1749758400000,1749821400000,123.62349999999999,8,120.10400009155273,,1750685400000,123.32654695129395,mean reversion or trend exit,-4.351224765258703,0.988988,0.9866123756103516,5
ADP,Industrials,rsi2,1749844800000,1750080600000,308.10778778076167,3,297.527001953125,,1750771800000,310.93875,mean reversion or trend exit,6.63574704437279,0.924323363342285,0.9328162500000001,5
BKNG,Consumer Discretionary,rsi2,1749844800000,1750080600000,213.2122057495117,4,204.47207641601562,,1750771800000,215.3844060974121,mean reversion or trend exit,6.974414944213906,0.8528488229980468,0.8615376243896484,5
ES,Utilities,rsi2,1750276800000,1750426200000,62.792729541778556,16,59.885001754760744,,1750771800000,63.4365,mean reversion or trend exit,8.280659658874688,1.004683672668457,1.014984,2
KO,Consumer Staples,rsi2,1750449600000,1750685400000,69.20913938903807,14,66.91599578857422,,1750771800000,69.87006243896484,mean reversion or trend exit,7.305813873382673,0.9689279514465331,0.9781808741455077,1
PAYX,Industrials,rsi2,1750449600000,1750685400000,149.82967266845702,6,144.47999877929686,,1750858200000,145.1247342681885,mean reversion or trend exit,-29.999356843231062,0.8989780360107421,0.8707484056091309,2
CDNS,Information Technology,rsi2,1750708800000,1750771800000,296.1458561096191,2,276.0669891357422,,1750858200000,297.5321565856934,mean reversion or trend exit,1.5852449267579116,0.5922917122192383,0.5950643131713867,1
GEN,Information Technology,rsi2,1750708800000,1750771800000,28.958930305480955,35,27.726999282836914,,1750858200000,29.290679695129395,mean reversion or trend exit,9.57249228767404,1.0135625606918335,1.0251737893295287,1
DXCM,Health Care,rsi2,1750708800000,1750771800000,80.39030755615234,10,75.75499649047852,,1750858200000,87.46245304870605,mean reversion or trend exit,69.04292731948858,0.8039030755615234,0.8746245304870606,1
RTX,Industrials,rsi2,1750795200000,1750858200000,142.42227877807616,7,135.62700500488282,,1751290200000,145.33451573181154,mean reversion or trend exit,18.3713611145784,0.9969559514465332,1.0173416101226809,3
EBAY,Consumer Discretionary,rsi2,1750795200000,1750858200000,74.29422122192382,14,71.44000015258788,,1751376600000,74.71521091461182,mean reversion or trend exit,3.807723647720451,1.0401190971069334,1.0460129528045654,4
CF,Materials,rsi2,1750795200000,1750858200000,94.67458183288574,8,88.9890007019043,,1751376600000,91.77813274383544,mean reversion or trend exit,-24.663214429016115,0.7573966546630859,0.7342250619506836,4
ULTA,Consumer Discretionary,rsi2,1750795200000,1750858200000,460.63018344116205,2,437.14198608398436,,1751376600000,467.9515934143066,mean reversion or trend exit,12.7856563925782,0.9212603668823242,0.9359031868286133,4
MOS,Materials,rsi2,1750795200000,1750858200000,35.64561061096191,25,33.6590015411377,,1751376600000,36.39357030487061,mean reversion or trend exit,16.898012824821624,0.8911402652740478,0.9098392576217652,4
MNST,Consumer Staples,rsi2,1751054400000,1751290200000,30.88585454177856,33,29.89149990081787,,1751376600000,31.383585914611817,mean reversion or trend exit,14.370243768436616,1.0192331998786925,1.03565833518219,1
EXE,Energy,rsi2,1751313600000,1751376600000,116.55644244384764,9,111.40570068359375,,1751400000000,111.29429498291016,stop,-49.40998378527818,1.0490079819946287,1.0016486548461914,1
MO,Consumer Staples,rsi2,1751313600000,1751376600000,58.97891816711425,17,56.93400115966797,,1751549400000,59.01092969512939,mean reversion or trend exit,-1.4616314374007644,1.0026416088409422,1.0031858048171995,2
MU,Information Technology,rsi2,1751400000000,1751463000000,120.62049999999999,6,112.52599487304687,,1752067800000,124.6951796951294,mean reversion or trend exit,22.97618409260565,0.723723,0.7481710781707763,4
AMD,Information Technology,rsi2,1751400000000,1751463000000,135.66552877807615,4,125.50700225830079,,1752067800000,138.55131243896486,mean reversion or trend exit,10.446267278686657,0.5426621151123047,0.5542052497558594,4
EXE,Energy,rsi2,1751400000000,1751463000000,112.26215152740477,7,105.37970123291015,,1752091200000,105.27432153167724,stop,-50.43756528150623,0.7858350606918334,0.7369202507217407,5
WM,Industrials,rsi2,1751486400000,1751549400000,224.73450450134274,4,216.43699798583984,,1752154200000,225.59418731689453,mean reversion or trend exit,1.6374164949342216,0.898938018005371,0.9023767492675782,4
EQT,Energy,rsi2,1751400000000,1751463000000,55.90584847259521,14,52.415001678466794,,1752499800000,55.394550762176515,mean reversion or trend exit,-8.716373535148538,0.782681878616333,0.7755237106704712,7
LYV,Communication Services,rsi2,1752004800000,1752067800000,145.13499549865722,6,137.8169937133789,,1752586200000,147.91193756103516,mean reversion or trend exit,14.903370775909494,0.8708099729919434,0.8874716253662109,4
EXE,Energy,rsi2,1752091200000,1752154200000,105.04494244384765,7,98.84869689941407,,1752586200000,109.51038274383545,mean reversion or trend exit,29.756194823600847,0.7353145971069336,0.7665726792068482,3
DGX,Health Care,rsi2,1752004800000,1752067800000,173.73355755615233,5,166.3760025024414,,1752609600000,166.20962649993896,stop,-39.31937120134731,0.8686677877807617,0.8310481324996948,5
MNST,Consumer Staples,rsi2,1752091200000,1752154200000,29.814784847259517,34,28.688500213623048,,1752845400000,29.74023045730591,mean reversion or trend exit,-4.559719778777899,1.0137026848068236,1.011167835548401,6
STE,Health Care,rsi2,1752264000000,1752499800000,227.3271061096191,4,220.43299255371093,,1752845400000,225.29448426818848,mean reversion or trend exit,-9.940973727233732,0.9093084244384765,0.901177937072754,4
CTVA,Materials,rsi2,1752523200000,1752586200000,73.4433727493286,14,70.54640045166016,,1752845400000,73.06685939025878,mean reversion or trend exit,-7.322330276931682,1.0282072184906006,1.0229360314636229,3
AIG,Financials,rsi2,1752523200000,1752586200000,81.47138938903808,12,78.89299926757812,,1753104600000,81.24867182922364,mean reversion or trend exit,-4.625251452392436,0.977656672668457,0.9749840619506837,4
LIN,Materials,rsi2,1752609600000,1752672600000,460.96049999999997,2,448.70900573730466,,1753104600000,464.54499975585935,mean reversion or trend exit,5.317988512207047,0.921921,0.9290899995117187,3
IDXX,Health Care,rsi2,1752782400000,1752845400000,523.5730377807616,1,498.9540191650391,,1753191000000,522.5269378051757,mean reversion or trend exit,-2.0921999511718266,0.5235730377807617,0.5225269378051758,2
UBER,Industrials,rsi2,1752782400000,1752845400000,90.89080305480957,8,84.92299728393554,,1753191000000,91.38852335357666,mean reversion or trend exit,2.523527778869647,0.7271264244384765,0.7311081868286133,2
TXN,Information Technology,rsi2,1753128000000,1753191000000,214.25403327941893,4,206.9100112915039,,1753277400000,194.7050939025879,stop gap,-79.83159401605221,0.8570161331176758,0.7788203756103516,1
WYNN,Consumer Discretionary,rsi2,1752868800000,1753104600000,107.30719694519041,8,101.33799743652344,,1753363800000,108.54135152435303,mean reversion or trend exit,8.146448245544615,0.8584575755615234,0.8683308121948243,3
LVS,Consumer Discretionary,rsi2,1753128000000,1753191000000,48.49845076370239,19,46.02099952697754,,1753363800000,51.21873045730591,mean reversion or trend exit,49.790687735267774,0.9214705645103454,0.9731558786888124,2
CVS,Health Care,rsi2,1752782400000,1752845400000,63.41334847259521,16,60.56199913024902,,1753387200000,60.50143713111877,stop,-48.573218033282465,1.0146135755615233,0.9680229940979004,5
CAH,Health Care,rsi2,1753214400000,1753277400000,157.6374757232666,6,151.10100402832032,,1753450200000,158.13170329284668,mean reversion or trend exit,1.0707503433838614,0.9458248543395996,0.9487902197570801,2
MMM,Industrials,rsi2,1753387200000,1753450200000,150.14999999999998,5,141.82600860595704,,1753709400000,150.44940609741212,mean reversion or trend exit,-0.005966543426333959,0.7507499999999999,0.7522470304870605,1
VRSK,Industrials,rsi2,1753387200000,1753450200000,297.29699999999997,3,286.2369903564453,,1753709400000,296.32337512207033,mean reversion or trend exit,-4.701735759155123,0.8918909999999999,0.8889701253662111,1
AMAT,Information Technology,rsi2,1752868800000,1753104600000,190.98078327941892,4,181.1230026245117,,1753795800000,191.42837512207032,mean reversion or trend exit,0.2607307369996654,0.7639231331176757,0.7657135004882814,6
ADI,Information Technology,rsi2,1753300800000,1753363800000,228.6984712219238,4,218.1750030517578,,1753795800000,231.74801573181153,mean reversion or trend exit,10.356392091736012,0.9147938848876952,0.9269920629272461,3
HAS,Consumer Discretionary,rsi2,1753473600000,1753709400000,75.79572122192381,10,71.03300170898437,,1753795800000,76.37354695129395,mean reversion or trend exit,4.256564611969153,0.7579572122192382,0.7637354695129396,1
PM,Consumer Staples,rsi2,1753473600000,1753709400000,159.7596061096191,6,152.38499603271484,,1753882200000,162.30753121948243,mean reversion or trend exit,13.355147835205276,0.9585576366577148,0.9738451873168946,2
LUV,Industrials,rsi2,1753732800000,1753795800000,32.68265152740478,20,30.23100128173828,,1753882200000,31.32864060974121,mean reversion or trend exit,-28.360444196014296,0.6536530305480955,0.6265728121948242,1
COR,Health Care,rsi2,1753732800000,1753795800000,285.77548022460934,3,275.3580078125,,1753968600000,290.5791251220703,mean reversion or trend exit,12.68187087634287,0.8573264406738281,0.871737375366211,2
KR,Consumer Staples,rsi2,1753732800000,1753795800000,69.66959847259521,14,66.50200042724609,,1754055000000,70.4295,mean reversion or trend exit,8.677234005050767,0.9753743786163329,0.986013,3
TTWO,Communication Services,rsi2,1753300800000,1753363800000,228.408172668457,4,219.51899261474608,,1754078400000,219.29947362213133,stop,-38.225626770465084,0.913632690673828,0.8771978944885254,7
PNC,Financials,rsi2,1753819200000,1753882200000,195.21502427673337,5,186.4679977416992,,1754078400000,186.28152974395752,stop,-46.57495543398272,0.9760751213836669,0.9314076487197877,3
TXT,Industrials,rsi2,1753819200000,1753882200000,78.56848786163329,10,74.0270004272461,,1754314200000,77.29263274383545,mean reversion or trend exit,-14.317162384033006,0.7856848786163328,0.7729263274383545,3
FTNT,Information Technology,rsi2,1753992000000,1754055000000,99.47937725067138,8,93.51800231933593,,1754314200000,97.7221796951294,mean reversion or trend exit,-15.635192899902233,0.795835018005371,0.7817774375610352,1
AMT,Real Estate,rsi2,1753905600000,1753968600000,207.42722122192382,4,199.49100036621093,,1754400600000,212.0477345123291,mean reversion or trend exit,16.804153338684127,0.8297088848876952,0.8481909380493164,3
FAST,Industrials,rsi2,1754337600000,1754400600000,45.475430305480955,22,43.56500015258789,,1754573400000,47.33262106704712,mean reversion or trend exit,38.816419624260035,1.000459466720581,1.0413176634750367,2
GEN,Information Technology,rsi2,1754078400000,1754314200000,28.84881969451904,35,27.719000816345215,,1754919000000,30.519449237823487,mean reversion or trend exit,56.39414460302365,1.0097086893081664,1.068180723323822,5
BAC,Financials,rsi2,1754078400000,1754314200000,46.00595908355712,21,43.83199882507324,,1754919000000,46.013941371917724,mean reversion or trend exit,-1.764789853992344,0.9661251407546996,0.9662927688102723,5
TKO,Communication Services,rsi2,1754510400000,1754573400000,157.90775,4,147.0030044555664,,1754919000000,164.04579670715333,mean reversion or trend exit,23.264372641784732,0.6316309999999999,0.6561831868286133,2
RF,Financials,rsi2,1754078400000,1754314200000,25.045020458221433,37,23.7649995803833,,1755091800000,25.484490228652955,mean reversion or trend exit,14.390789610551963,0.9266657569541931,0.9429261384601594,7
RCL,Consumer Discretionary,rsi2,1754078400000,1754314200000,318.30798022460937,2,294.7860046386719,,1755091800000,313.7359378051758,mean reversion or trend exit,-10.408172674926687,0.6366159604492188,0.6274718756103517,7
PWR,Industrials,rsi2,1754683200000,1754919000000,386.45607733154293,2,363.9469940185547,,1755091800000,393.3362809753418,mean reversion or trend exit,12.200822570984016,0.7729121546630858,0.7866725619506837,2
EMR,Industrials,rsi2,1754683200000,1754919000000,133.1129757232666,6,125.83700027465821,,1755091800000,133.3665,mean reversion or trend exit,-0.07773119393919281,0.7986778543395997,0.8001990000000001,2
XEL,Utilities,rsi2,1755028800000,1755091800000,72.44237274932861,14,70.10800018310547,,1755178200000,72.72720304870606,mean reversion or trend exit,1.9552501301117693,1.0141932184906006,1.0181808426818848,1
WMB,Energy,rsi2,1754683200000,1754919000000,58.02797122192382,16,55.14499969482422,,1755264600000,57.71223045730591,mean reversion or trend exit,-6.903695460754296,0.9284475395507812,0.9233956873168945,4
CSGP,Real Estate,rsi2,1755028800000,1755091800000,89.23915152740477,9,84.1140007019043,,1755523800000,89.18072664642334,mean reversion or trend exit,-2.1316028323973595,0.803152363746643,0.8026265398178101,3
ED,Utilities,rsi2,1755288000000,1755523800000,100.9508484725952,10,97.29199523925782,,1755610200000,99.78011725616454,mean reversion or trend exit,-13.714621821594127,1.0095084847259521,0.9978011725616455,1
ICE,Financials,rsi2,1755028800000,1755091800000,183.83364389038084,5,177.475,,1755633600000,177.297525,stop,-34.486250296356076,0.9191682194519042,0.886487625,5
WELL,Real Estate,rsi2,1755028800000,1755091800000,165.42525450134275,6,158.90399627685548,,1755696600000,164.2955467071533,mean reversion or trend exit,-8.756571572387633,0.9925515270080565,0.9857732802429198,5
KR,Consumer Staples,rsi2,1755115200000,1755178200000,70.27019694519042,14,67.28500213623047,,1755696600000,70.59932817077636,mean reversion or trend exit,2.635663806579619,0.9837827572326658,0.9883905943908691,4
BR,Industrials,rsi2,1755201600000,1755264600000,259.5592877807617,3,247.20501098632812,,1755696600000,263.4762502441406,mean reversion or trend exit,10.18178077606206,0.7786778633422851,0.7904287507324218,3
BG,Consumer Staples,rsi2,1755633600000,1755696600000,80.73065152740477,8,75.14900360107421,,1755783000000,82.24767182922363,mean reversion or trend exit,10.832335827697854,0.6458452122192382,0.6579813746337891,1
NDAQ,Financials,rsi2,1755547200000,1755610200000,94.30420908355711,10,91.12199783325195,,1756128600000,94.52538274383545,mean reversion or trend exit,0.32344068450946384,0.9430420908355711,0.9452538274383545,4
JBL,Information Technology,rsi2,1755633600000,1755696600000,205.32511511230467,3,191.39800415039062,,1756128600000,210.01976573181153,mean reversion or trend exit,12.83791721598823,0.615975345336914,0.6300592971954346,3
KKR,Financials,rsi2,1755633600000,1755696600000,138.68855305480955,6,130.64299468994142,,1756128600000,141.13871878051756,mean reversion or trend exit,13.022030723236147,0.8321313183288573,0.8468323126831053,3
CSX,Industrials,rsi2,1755892800000,1756128600000,34.824790916442865,24,32.786001968383786,,1756152000000,32.753215966415404,stop,-51.33967096584767,0.8357949819946288,0.7860771831939697,1
AVGO,Information Technology,rsi2,1755633600000,1755696600000,295.7554514465332,2,276.0589935302734,,1756215000000,294.0556560974121,mean reversion or trend exit,-4.579212913330041,0.5915109028930664,0.5881113121948243,4
CEG,Utilities,rsi2,1755720000000,1755783000000,315.2949909973144,1,289.7904876708984,,1756301400000,316.0336560974121,mean reversion or trend exit,0.10733645300297884,0.3152949909973144,0.31603365609741213,4
CTAS,Industrials,rsi2,1756152000000,1756215000000,212.01180305480955,4,204.99100341796876,,1756474200000,208.5512345123291,mean reversion or trend exit,-15.524526320190335,0.8480472122192382,0.8342049380493164,3
MNST,Consumer Staples,rsi2,1755892800000,1756128600000,31.351319694519038,32,29.87349967956543,,1756819800000,31.19377538108826,mean reversion or trend exit,-7.042861072204383,1.0032422302246093,0.9982008121948243,5
CASY,Consumer Staples,rsi2,1756152000000,1756215000000,499.41893344116204,2,479.5229766845703,,1756906200000,497.07243731689454,mean reversion or trend exit,-6.685974990051119,0.9988378668823241,0.9941448746337891,5
CSX,Industrials,rsi2,1756238400000,1756301400000,32.31227877807617,26,30.476000213623045,,1756906200000,32.11785152435303,mean reversion or trend exit,-6.730291984664833,0.8401192482299804,0.8350641396331787,4
NEE,Utilities,rsi2,1756411200000,1756474200000,72.47240152740477,13,68.81899566650391,,1757079000000,71.17875,mean reversion or trend exit,-18.684934826118354,0.9421412198562621,0.9253237499999999,4
EBAY,Consumer Discretionary,rsi2,1756843200000,1756906200000,89.02894244384764,11,85.43800048828125,,1757079000000,93.12678121948242,mean reversion or trend exit,43.072513571685995,0.9793183668823241,1.0243945934143066,2
GILD,Health Care,rsi2,1755892800000,1756128600000,115.02491366577148,8,109.00299682617188,,1757338200000,114.56532030487061,mean reversion or trend exit,-5.513468758972083,0.9201993093261719,0.9165225624389649,9
GEN,Information Technology,rsi2,1756843200000,1756906200000,29.419389389038084,34,28.037000465393067,,1757424600000,30.139830076217653,mean reversion or trend exit,22.46996990228663,1.0002592392272949,1.0247542225914001,4
NTRS,Financials,rsi2,1757102400000,1757338200000,127.58745908355712,7,122.3819953918457,,1757511000000,128.4714060974121,mean reversion or trend exit,4.395217040718165,0.8931122135848998,0.8992998426818848,2
EXC,Utilities,rsi2,1756497600000,1756819800000,43.673631069183344,23,42.38400077819824,,1757597400000,43.20675,mean reversion or trend exit,-12.736513355808135,1.004493514591217,0.99375525,7
AEP,Utilities,rsi2,1757016000000,1757079000000,109.109,9,105.66799850463867,,1757597400000,108.23165634155274,mean reversion or trend exit,-9.852158833099306,0.981981,0.9740849070739747,4
ICE,Financials,rsi2,1757016000000,1757079000000,175.31513938903808,5,169.5560073852539,,1757683800000,175.4443751220703,mean reversion or trend exit,-1.1076189073943832,0.8765756969451904,0.8772218756103516,5
RTX,Industrials,rsi2,1757448000000,1757511000000,152.152,6,146.9720001220703,,1757683800000,157.59225,mean reversion or trend exit,30.783034500000124,0.912912,0.9455535,2
VTRS,Health Care,rsi2,1757620800000,1757683800000,10.100090152740478,100,9.732000064849853,,1757943000000,9.950040038108826,mean reversion or trend exit,-17.010024482250127,1.0100090152740477,0.9950040038108826,1
MGM,Consumer Discretionary,rsi2,1757361600000,1757424600000,36.13609847259521,25,34.254001998901366,,1758029400000,35.5544101524353,mean reversion or trend exit,-16.334470719623397,0.9034024618148803,0.8888602538108826,5
MCD,Consumer Discretionary,rsi2,1757534400000,1757597400000,306.5362409973144,3,297.731005859375,,1758029400000,303.1965,mean reversion or trend exit,-11.848421214935083,0.9196087229919432,0.9095895,3
BSX,Health Care,rsi2,1757707200000,1757943000000,102.91280755615233,9,99.02699737548828,,1758029400000,99.4704296951294,mean reversion or trend exit,-32.80284988446794,0.926215268005371,0.8952338672561646,1
EW,Health Care,rsi2,1757534400000,1757597400000,78.31823786163329,13,75.43600006103516,,1758052800000,75.36056406097413,stop,-40.447583833563044,1.0181370922012327,0.9796873327926637,4
BG,Consumer Staples,rsi2,1757966400000,1758029400000,80.62054091644286,9,75.83100509643555,,1758115800000,83.34657030487061,mean reversion or trend exit,23.058560494857904,0.7255848682479858,0.7501191327438356,1
TROW,Financials,rsi2,1757966400000,1758029400000,104.32422122192382,8,99.06399688720703,,1758202200000,105.38450786590576,mean reversion or trend exit,6.804623319152878,0.8345937697753906,0.8430760629272461,2
BA,Industrials,rsi2,1757620800000,1757683800000,220.10988938903807,4,209.15200500488282,,1758288600000,217.5122657318115,mean reversion or trend exit,-12.14098324938965,0.8804395575561523,0.870049062927246,5
DAL,Industrials,rsi2,1757966400000,1758029400000,58.53847954177856,12,54.58699836730957,,1758288600000,59.74019923782349,mean reversion or trend exit,13.001292207183965,0.7024617545013427,0.7168823908538818,3
EW,Health Care,rsi2,1758052800000,1758115800000,75.49541816711425,13,72.08599624633788,,1758288600000,74.38553908538819,mean reversion or trend exit,-16.37688050672136,0.9814404361724853,0.9670120081100465,2
VICI,Real Estate,rsi2,1758052800000,1758115800000,32.73270076370239,30,31.81860008239746,,1758312000000,31.78678148231506,stop,-30.313162909000404,0.9819810229110717,0.9536034444694518,3
HUM,Health Care,rsi2,1758225600000,1758288600000,263.9536924438476,2,245.13198547363282,,1758547800000,250.54920304870606,mean reversion or trend exit,-27.837984581268213,0.5279073848876953,0.5010984060974122,1
VICI,Real Estate,rsi2,1758312000000,1758547800000,31.951920076370236,30,31.018600463867188,,1758634200000,31.398570304870606,mean reversion or trend exit,-18.501007856426106,0.9585576022911071,0.9419571091461183,1
BR,Industrials,rsi2,1758312000000,1758547800000,241.70146672058104,4,233.2350051879883,,1758720600000,237.9917657318115,mean reversion or trend exit,-16.757576884887676,0.9668058668823242,0.9519670629272461,2
KIM,Real Estate,rsi2,1758139200000,1758202200000,21.97195076370239,45,21.287000465393067,,1758807000000,21.61835939025879,mean reversion or trend exit,-17.873175761890387,0.9887377843666076,0.9728261725616456,5
NKE,Consumer Discretionary,rsi2,1758225600000,1758288600000,72.0820121383667,13,68.7509979248047,,1758893400000,69.31061725616455,mean reversion or trend exit,-37.866237650756794,0.937066157798767,0.9010380243301391,5
LEN,Consumer Discretionary,rsi2,1758571200000,1758634200000,122.58245908355711,5,113.89800262451172,,1759152600000,127.31256243896485,mean reversion or trend exit,22.401041669426064,0.6129122954177856,0.6365628121948242,4
LYV,Communication Services,rsi2,1758225600000,1758288600000,164.81464389038084,6,157.9449935913086,,1759239000000,165.10473426818848,mean reversion or trend exit,-0.23897400210555175,0.9888878633422851,0.9906284056091308,7
BIIB,Health Care,rsi2,1758657600000,1758720600000,138.65852427673337,6,131.05899505615236,,1759239000000,138.32154670715332,mean reversion or trend exit,-3.683745843383662,0.8319511456604003,0.82992928024292,4
LOW,Consumer Discretionary,rsi2,1758830400000,1758893400000,255.86561061096188,3,247.04899139404296,,1759348800000,246.8019424026489,stop,-28.69900728397976,0.7675968318328856,0.7404058272079467,4
PODD,Health Care,rsi2,1759176000000,1759239000000,311.7214136657714,2,289.7139953613281,,1759348800000,289.42428136596675,stop,-45.796555989672825,0.6234428273315429,0.5788485627319335,2
T,Communication Services,rsi2,1758744000000,1758807000000,28.528499999999998,34,27.331999588012696,,1759435200000,27.30466758842468,stop,-43.50862969156718,0.969969,0.9283586980064392,6
NTAP,Information Technology,rsi2,1759176000000,1759239000000,118.4883727493286,8,113.58299942016602,,1759498200000,119.7701093902588,mean reversion or trend exit,8.34782527032483,0.9479069819946289,0.9581608751220704,3
PODD,Health Care,rsi2,1759348800000,1759411800000,304.66434533691404,2,284.2670135498047,,1759498200000,311.9277502441406,mean reversion or trend exit,13.293625623291035,0.6093286906738281,0.6238555004882812,1
BEN,Financials,rsi2,1758916800000,1759152600000,23.47345076370239,41,22.357000160217286,,1759757400000,23.74623045730591,mean reversion or trend exit,9.247960507682881,0.9624114813117981,0.9735954487495423,5
NFLX,Communication Services,rsi2,1759435200000,1759498200000,116.61649999999999,7,110.743798828125,,1759930200000,119.5912875366211,mean reversion or trend exit,19.170058243591402,0.8163155,0.8371390127563477,3
META,Communication Services,rsi2,1759348800000,1759411800000,723.3025971069335,1,684.4920349121094,,1760016600000,717.5617492675781,mean reversion or trend exit,-7.181712185729921,0.7233025971069335,0.7175617492675781,5
LOW,Consumer Discretionary,rsi2,1759867200000,1759930200000,239.64941366577145,4,231.5139923095703,,1760016600000,237.3624060974121,mean reversion or trend exit,-11.056077552490105,0.9585976546630858,0.9494496243896484,1
HD,Consumer Discretionary,rsi2,1759435200000,1759498200000,394.52413488769525,2,382.5480102539062,,1760040000000,382.1654622436523,stop,-26.270724482348573,0.7890482697753906,0.7643309244873047,5
GL,Financials,rsi2,1759521600000,1759757400000,136.55641816711423,7,132.4770034790039,,1760103000000,136.6032654876709,mean reversion or trend exit,-1.5841865416867393,0.9558949271697996,0.9562228584136964,4
BX,Financials,rsi2,1759435200000,1759498200000,167.4773075561523,4,157.00699920654296,,1760126400000,156.8499922073364,stop,-43.80657059431755,0.6699092302246092,0.6273999688293457,6
ORLY,Consumer Discretionary,rsi2,1760040000000,1760103000000,100.01991816711424,9,96.02499847412109,,1760362200000,101.7181796951294,mean reversion or trend exit,13.468710871376175,0.9001792635040282,0.9154636172561645,1
LYV,Communication Services,rsi2,1759953600000,1760016600000,149.6495,5,141.96599578857422,,1760448600000,152.69715609741212,mean reversion or trend exit,13.726547206573589,0.7482475,0.7634857804870605,3
VRSN,Information Technology,rsi2,1759953600000,1760016600000,268.2079424438476,3,257.72101440429685,,1760535000000,264.7449997558594,mean reversion or trend exit,-11.987686890563817,0.8046238273315429,0.7942349992675781,4
PSX,Energy,rsi2,1760126400000,1760362200000,128.128,5,119.90200271606446,,1760535000000,131.78807817077637,mean reversion or trend exit,17.000810463028053,0.6406399999999999,0.6589403908538818,2
WELL,Real Estate,rsi2,1760126400000,1760362200000,165.72555755615232,5,160.07799835205077,,1760535000000,168.831,mean reversion or trend exit,13.85442943145756,0.8286277877807616,0.844155,2
IBM,Information Technology,rsi2,1760472000000,1760535000000,278.65838488769526,2,261.5929870605469,,1760621400000,280.8288753662109,mean reversion or trend exit,3.2220064365235075,0.5573167697753906,0.5616577507324219,1
ES,Utilities,rsi2,1760472000000,1760535000000,71.1710984725952,12,67.52299575805664,,1760621400000,72.06785939025879,mean reversion or trend exit,9.042263517608768,0.8540531816711425,0.8648143126831055,1
FAST,Industrials,rsi2,1760385600000,1760448600000,41.961918167114256,22,40.14600257873535,,1760707800000,41.858101524353025,mean reversion or trend exit,-4.128006573959363,0.9231621996765137,0.9208782335357666,3
FOX,Communication Services,rsi2,1760040000000,1760103000000,53.16311061096191,14,49.99749946594238,,1760967000000,52.15778908538818,mean reversion or trend exit,-15.548993953781082,0.7442835485534668,0.7302090471954346,6
ABBV,Health Care,rsi2,1760472000000,1760535000000,227.42719694519042,4,219.12799987792968,,1760967000000,230.769,mean reversion or trend exit,11.534427431457592,0.9097087877807617,0.923076,3
CINF,Financials,rsi2,1760644800000,1760707800000,151.87172122192382,6,145.71299896240234,,1761053400000,153.90593756103516,mean reversion or trend exit,10.370632081970278,0.9112303273315429,0.9234356253662109,2
NFLX,Communication Services,rsi2,1760644800000,1760707800000,118.4783606109619,8,113.07100296020508,,1761053400000,124.15871413421631,mean reversion or trend exit,43.50173158807386,0.9478268848876952,0.9932697130737305,2
NOC,Industrials,rsi2,1760731200000,1760967000000,600.2596331176757,1,571.6530090332031,,1761076800000,571.08135602417,stop,-30.349618082647545,0.6002596331176757,0.57108135602417,2
ULTA,Consumer Discretionary,rsi2,1760558400000,1760621400000,539.4289046630859,1,511.7349914550781,,1761163200000,511.22325646362304,stop,-29.256300360589524,0.5394289046630859,0.5112232564636231,5
IBKR,Financials,rsi2,1760731200000,1760967000000,67.44737725067138,7,61.23300437927246,,1761312600000,68.09184365844726,mean reversion or trend exit,3.5624903080673302,0.4721316407546997,0.4766429056091308,4
P,Information Technology,rsi2,1761076800000,1761139800000,91.38129091644286,6,83.71990051269532,,1761312600000,95.16474213409424,mean reversion or trend exit,21.581431107605027,0.5482877454986572,0.5709884528045654,2
WMB,Energy,rsi2,1761249600000,1761312600000,59.409348472595205,13,56.07899856567383,,1761571800000,57.492449237823486,mean reversion or trend exit,-26.439413422267794,0.7723215301437376,0.7474018400917054,1
SO,Utilities,rsi2,1761076800000,1761139800000,97.07698336029051,9,94.27700119018554,,1761681600000,94.18272418899537,stop,-27.769669909599898,0.8736928502426147,0.8476445177009584,5
PHM,Consumer Discretionary,rsi2,1761163200000,1761226200000,120.68055755615234,5,112.41299896240234,,1761744600000,119.14074213409424,mean reversion or trend exit,-8.898183608741721,0.6034027877807616,0.5957037106704712,4
CASY,Consumer Staples,rsi2,1761076800000,1761139800000,549.8293093261718,1,525.9620361328125,,1761768000000,525.4360740966797,stop,-25.46850061291497,0.5498293093261718,0.5254360740966797,6
HSY,Consumer Staples,rsi2,1761249600000,1761312600000,183.08289389038083,4,172.73199920654298,,1761831000000,171.9578748779297,stop gap,-45.920239124877774,0.7323315755615233,0.6878314995117188,4
LH,Health Care,rsi2,1761681600000,1761744600000,259.25899999999996,3,246.48699798583985,,1761831000000,248.66109365844727,mean reversion or trend exit,-33.317479305633405,0.7777769999999998,0.7459832809753418,1
NSC,Industrials,rsi2,1761336000000,1761571800000,282.23196221923826,3,272.0050079345703,,1761917400000,280.1295936584473,mean reversion or trend exit,-7.994190350005992,0.8466958866577148,0.8403887809753419,4
SO,Utilities,rsi2,1761768000000,1761831000000,93.15305755615233,9,90.58100204467773,,1761917400000,94.38552335357666,mean reversion or trend exit,9.404344948631365,0.8383775180053711,0.84946971018219,1
ABBV,Health Care,rsi2,1761768000000,1761831000000,227.27705305480956,4,217.08399963378906,,1761917400000,222.777,mean reversion or trend exit,-19.800428431457515,0.9091082122192382,0.891108,1
RMD,Health Care,rsi2,1761681600000,1761744600000,256.7264712219238,3,245.20500793457032,,1761940800000,244.95980292663575,stop,-36.805063708309895,0.7701794136657715,0.7348794087799072,3
TPR,Consumer Discretionary,rsi2,1761854400000,1761917400000,111.73162274932861,6,104.86500473022461,,1762203600000,104.76013972549438,stop,-43.127848717854285,0.6703897364959717,0.6285608383529664,2
RJF,Financials,rsi2,1761854400000,1761917400000,158.11796672058102,5,149.52400665283204,,1762266600000,157.9818593902588,mean reversion or trend exit,-2.2610357821653624,0.7905898336029052,0.789909296951294,2
DTE,Utilities,rsi2,1761940800000,1762180200000,135.02488938903807,6,131.30699615478517,,1762266600000,134.63523426818847,mean reversion or trend exit,-3.9558914670409377,0.8101493363342284,0.8078114056091308,1
MNST,Consumer Staples,rsi2,1761768000000,1761831000000,33.4684363746643,27,31.929498291015626,,1762353000000,33.426539085388185,mean reversion or trend exit,-2.9373911478765136,0.9036477821159361,0.902516555305481,4
WMT,Consumer Staples,rsi2,1761854400000,1761917400000,101.80169694519041,9,98.006005859375,,1762353000000,101.63825786590576,mean reversion or trend exit,-3.3019113068617822,0.9162152725067138,0.9147443207931518,3
TPR,Consumer Discretionary,rsi2,1762203600000,1762266600000,105.10499999999999,7,99.53500289916992,,1762439400000,94.50539847564697,stop gap,-75.59448345980067,0.7357349999999999,0.6615377893295288,2
WEC,Utilities,rsi2,1762203600000,1762266600000,111.49137725067138,8,106.99000244140625,,1762439400000,112.11777335357667,mean reversion or trend exit,3.2222956184083307,0.891931018005371,0.8969421868286134,2
AES,Utilities,rsi2,1762290000000,1762353000000,13.493479541778562,48,12.587999439239502,,1762439400000,14.335650381088257,mean reversion or trend exit,39.08840205056775,0.647687018005371,0.6881112182922363,1
LEN,Consumer Discretionary,rsi2,1762203600000,1762266600000,120.78066366577147,5,113.33999710083008,,1762785000000,121.32854695129394,mean reversion or trend exit,1.5288703745270418,0.6039033183288574,0.6066427347564698,4
LMT,Industrials,rsi2,1762376400000,1762439400000,473.583095336914,1,453.19801330566406,,1762785000000,455.544,mean reversion or trend exit,-18.968222432250958,0.47358309533691406,0.455544,2
IQV,Health Care,rsi2,1762290000000,1762353000000,210.00980305480954,3,198.54300689697266,,1762871400000,214.19559365844728,mean reversion or trend exit,11.284755620773453,0.6300294091644287,0.6425867809753418,4
MSFT,Information Technology,rsi2,1762376400000,1762439400000,506.16566366577143,1,487.85999450683596,,1762871400000,504.2951878051758,mean reversion or trend exit,-2.8809367120666085,0.5061656636657714,0.5042951878051758,3
ADM,Consumer Staples,rsi2,1762376400000,1762439400000,56.18613106918335,10,52.13799934387207,,1762957800000,57.11282817077637,mean reversion or trend exit,8.133981423530614,0.5618613106918335,0.5711282817077636,4
DHR,Health Care,rsi2,1762549200000,1762785000000,209.07886511230467,3,198.1229995727539,,1762957800000,215.41437487792967,mean reversion or trend exit,17.733049576904314,0.627236595336914,0.646243124633789,2
DHI,Consumer Discretionary,rsi2,1762808400000,1762871400000,145.90575450134276,4,135.71900634765626,,1762957800000,146.3535,mean reversion or trend exit,0.6219449766235933,0.5836230180053711,0.585414,1
IRM,Real Estate,rsi2,1762981200000,1763044200000,97.4373363342285,7,91.89199752807617,,1763067600000,91.8001055305481,stop,-40.78527771881631,0.6820613543395996,0.6426007387138367,1
NOC,Industrials,rsi2,1762808400000,1762871400000,565.0444604492187,1,537.502978515625,,1763476200000,564.435,mean reversion or trend exit,-1.7389399096679914,0.5650444604492187,0.5644349999999999,5
CRH,Materials,rsi2,1762549200000,1762785000000,114.3542378616333,6,107.73999938964843,,1763499600000,107.63225939025878,stop,-41.66378981175843,0.6861254271697997,0.6457935563415527,7
NTAP,Information Technology,rsi2,1762894800000,1762957800000,111.11099999999999,6,104.54999771118165,,1763672400000,104.44544771347046,stop,-41.286652405458014,0.666666,0.6266726862808227,7
TT,Industrials,rsi2,1762894800000,1762957800000,423.55313488769525,1,397.8650177001953,,1763735400000,402.2873124389648,mean reversion or trend exit,-22.09166289605709,0.42355313488769525,0.4022873124389648,7
BBY,Consumer Discretionary,rsi2,1763067600000,1763130600000,77.23716366577148,8,72.03800201416016,,1763994600000,76.88303908538818,mean reversion or trend exit,-4.065958265075672,0.6178973093261718,0.6150643126831055,6
XYL,Industrials,rsi2,1763413200000,1763476200000,140.43028327941892,6,135.37000579833983,,1763994600000,140.2496093902588,mean reversion or trend exit,-2.7681226909787773,0.8425816996765135,0.8414976563415528,4
AMZN,Consumer Discretionary,rsi2,1763499600000,1763562600000,223.9637454986572,2,207.44500427246095,,1764081000000,226.1536248779297,mean reversion or trend exit,3.479524017791821,0.44792749099731444,0.4523072497558594,4
JCI,Industrials,rsi2,1763672400000,1763735400000,113.17305755615233,6,106.73699645996093,,1764081000000,114.64524213409423,mean reversion or trend exit,7.4661976695099375,0.679038345336914,0.6878714528045654,2
KEYS,Information Technology,rsi2,1763672400000,1763735400000,170.22005305480954,3,158.13479919433593,,1764081000000,200.2995,mean reversion or trend exit,89.12678217640693,0.5106601591644286,0.6008985,2
MSFT,Information Technology,rsi2,1763758800000,1763994600000,475.47499999999997,1,447.4349792480469,,1764340200000,487.11240609741213,mean reversion or trend exit,10.674818691314757,0.475475,0.48711240609741213,3
LHX,Industrials,rsi2,1763758800000,1763994600000,276.27599999999995,3,263.8419982910156,,1764599400000,275.86387463378907,mean reversion or trend exit,-2.892795722534028,0.8288279999999999,0.8275916239013673,4
XOM,Energy,rsi2,1764018000000,1764081000000,115.29518030548094,7,111.56800155639648,,1764599400000,115.98389847564697,mean reversion or trend exit,3.2020736396942917,0.8070662621383666,0.8118872893295288,3
WEC,Utilities,rsi2,1764622800000,1764685800000,109.6995863342285,8,106.28099746704102,,1764772200000,108.02186725616455,mean reversion or trend exit,-15.1635242532347,0.8775966906738281,0.8641749380493164,1
XYL,Industrials,rsi2,1764622800000,1764685800000,140.03989389038085,6,134.13500366210937,,1764858600000,140.6492032928467,mean reversion or trend exit,1.9717218316956737,0.8402393633422851,0.8438952197570803,2
WRB,Financials,rsi2,1764622800000,1764685800000,72.61254091644287,12,70.19600372314453,,1764945000000,67.97196091461181,stop gap,-57.37397404394531,0.8713504909973144,0.8156635309753417,3
INCY,Health Care,rsi2,1764622800000,1764685800000,102.51241366577148,5,94.9140007019043,,1765204200000,100.02986725616455,mean reversion or trend exit,-13.425443452644307,0.5125620683288573,0.5001493362808228,4
AIZ,Financials,rsi2,1764709200000,1764772200000,221.62139389038083,4,212.4159942626953,,1765463400000,222.30746878051758,mean reversion or trend exit,0.9685841098634124,0.8864855755615233,0.8892298751220703,6
LH,Health Care,rsi2,1764968400000,1765204200000,257.95771221923826,3,246.92401428222655,,1765463400000,262.197531463623,mean reversion or trend exit,11.158992002105702,0.7738731366577148,0.786592594390869,3
DGX,Health Care,rsi2,1764622800000,1764685800000,183.98380305480956,4,175.5570083618164,,1765549800000,181.97784365844726,mean reversion or trend exit,-9.48768417230223,0.7359352122192382,0.7279113746337891,8
HSY,Consumer Staples,rsi2,1764795600000,1764858600000,182.1719954986572,4,172.4740020751953,,1765549800000,181.85795329284667,mean reversion or trend exit,-2.7122886184081074,0.7286879819946288,0.7274318131713867,6
HIG,Financials,rsi2,1764882000000,1764945000000,131.6315,6,127.66499938964844,,1765549800000,135.6542032928467,mean reversion or trend exit,22.532505537323118,0.789789,0.8139252197570802,5
TRV,Financials,rsi2,1765400400000,1765463400000,279.7795,3,269.2970001220703,,1765549800000,284.24546878051757,mean reversion or trend exit,11.705831435211202,0.8393385,0.8527364063415528,1
XEL,Utilities,rsi2,1765400400000,1765463400000,74.75468030548095,11,72.00100173950196,,1765895400000,75.67425,mean reversion or trend exit,8.460548406349313,0.8223014833602904,0.83241675,3
WELL,Real Estate,rsi2,1765486800000,1765549800000,186.31613488769528,4,176.60000457763672,,1765895400000,190.39940634155275,mean reversion or trend exit,14.826223650512862,0.7452645395507812,0.761597625366211,2
FE,Utilities,rsi2,1765486800000,1765549800000,44.22418030548095,20,42.589002227783205,,1765895400000,44.4555,mean reversion or trend exit,2.8528002842714053,0.8844836061096191,0.8891100000000001,2
ISRG,Health Care,rsi2,1765486800000,1765549800000,546.5459999999999,1,522.2439819335938,,1765895400000,558.4909378051758,mean reversion or trend exit,10.839900867370693,0.546546,0.5584909378051758,2
EXE,Energy,rsi2,1765486800000,1765549800000,114.42430755615233,5,106.8613998413086,,1765918800000,106.75453844146729,stop,-39.45473980341329,0.5721215377807617,0.5337726922073365,3
EQT,Energy,rsi2,1765832400000,1765895400000,54.71465984725952,11,51.01299819946289,,1765981800000,53.636308628082276,mean reversion or trend exit,-13.053724064178432,0.6018612583198548,0.5899993949089051,1
MPC,Energy,rsi2,1765918800000,1765981800000,177.46728327941892,3,166.2719940185547,,1766154600000,168.22160939025878,mean reversion or trend exit,-28.774088345489467,0.5324018498382568,0.5046648281707763,2
DDOG,Information Technology,rsi2,1765832400000,1765895400000,140.86072122192382,4,131.7458053588867,,1766413800000,142.03781268310547,mean reversion or trend exit,3.5767717091064686,0.5634428848876953,0.5681512507324219,4
CRWD,Information Technology,rsi2,1765832400000,1765895400000,121.74262319946288,4,112.2546257019043,,1766413800000,119.8250546951294,mean reversion or trend exit,-8.636544728912321,0.48697049279785154,0.4793002187805176,4
SOXX,ETF / index,rsi2,1765832400000,1765895400000,297.00670144653316,2,279.03301696777345,,1766413800000,306.4232809753418,mean reversion or trend exit,17.62629909277356,0.5940134028930664,0.6128465619506837,4
MS,Financials,rsi2,1766091600000,1766154600000,173.63346672058103,4,165.19900360107422,,1766413800000,177.41240634155272,mean reversion or trend exit,13.711574991638258,0.6945338668823241,0.7096496253662109,1
VLO,Energy,rsi2,1765918800000,1765981800000,163.55338938903807,3,151.0250030517578,,1766500200000,163.99584365844726,mean reversion or trend exit,0.34471510908509195,0.4906601681671142,0.49198753097534176,4
PHM,Consumer Discretionary,rsi2,1766178000000,1766413800000,119.91980305480956,5,112.772998046875,,1767018600000,117.94193756103516,mean reversion or trend exit,-11.078636171951235,0.5995990152740478,0.5897096878051759,4
DHI,Consumer Discretionary,rsi2,1766178000000,1766413800000,146.576422668457,4,137.37399597167968,,1767018600000,145.90395304870606,mean reversion or trend exit,-3.859799981872476,0.5863056906738281,0.5836158121948243,4
PSX,Energy,rsi2,1766178000000,1766413800000,130.61047572326657,4,121.56900024414062,,1767105000000,128.93093756103517,mean reversion or trend exit,-7.756318302062846,0.5224419028930664,0.5157237502441406,5
WMT,Consumer Staples,rsi2,1766437200000,1766500200000,112.10198786163329,7,108.20699920654297,,1767105000000,111.77810939025879,mean reversion or trend exit,-3.834309980384738,0.7847139150314331,0.7824467657318115,4
PEP,Consumer Staples,rsi2,1766782800000,1767018600000,143.88374549865722,6,139.20299682617187,,1767191400000,143.68617182922364,mean reversion or trend exit,-2.91086152056877,0.8633024729919433,0.8621170309753418,2
PLTR,Information Technology,rsi2,1767128400000,1767191400000,181.3111348876953,3,167.40219268798828,,1767387600000,167.23479049530027,stop,-43.27467095333403,0.5439334046630859,0.5017043714859009,2
WYNN,Consumer Discretionary,rsi2,1767042000000,1767105000000,122.39226663970946,5,115.0849983215332,,1767623400000,121.59828121948242,mean reversion or trend exit,-5.189879840431185,0.6119613331985473,0.6079914060974121,3
KKR,Financials,rsi2,1766178000000,1766413800000,130.83069694519043,5,122.73300094604492,,1767709800000,134.31554695129395,mean reversion or trend exit,16.09851881103522,0.6541534847259521,0.6715777347564698,9
MDT,Health Care,rsi2,1766782800000,1767018600000,96.8367378616333,9,93.7449966430664,,1767709800000,97.96193756103516,mean reversion or trend exit,8.373609215812735,0.8715306407546997,0.8816574380493164,5
TSLA,Consumer Discretionary,rsi2,1767042000000,1767105000000,461.55108633422844,1,426.6800170898438,,1767709800000,445.9336248779297,mean reversion or trend exit,-16.52494616751093,0.4615510863342285,0.4459336248779297,4
AIG,Financials,rsi2,1767387600000,1767623400000,83.64355755615233,10,80.77499618530274,,1767709800000,79.61031243896484,stop gap,-41.96498987182608,0.8364355755615234,0.7961031243896485,1
AKAM,Information Technology,rsi2,1767387600000,1767623400000,85.14505755615234,10,81.14600067138672,,1767796200000,88.06185152435303,mean reversion or trend exit,27.43587059120188,0.8514505755615234,0.8806185152435303,2
GILD,Health Care,rsi2,1767646800000,1767709800000,118.33822122192382,7,113.02600173950195,,1767882600000,123.95592182922363,mean reversion or trend exit,37.62784524974064,0.8283675485534667,0.8676914528045654,2
CSCO,Information Technology,rsi2,1767646800000,1767709800000,75.60552877807616,11,73.01100234985351,,1768228200000,72.83709365844726,stop gap,-32.0856551627197,0.8316608165588378,0.8012080302429199,4
VTR,Real Estate,rsi2,1767646800000,1767709800000,76.22615152740478,11,73.59400253295898,,1768314600000,75.38453908538818,mean reversion or trend exit,-10.92545445892329,0.8384876668014527,0.82922992993927,5
TKO,Communication Services,rsi2,1767646800000,1767709800000,203.85364389038082,3,193.38399810791014,,1768401000000,206.56323426818847,mean reversion or trend exit,6.897520498947221,0.6115609316711426,0.6196897028045654,6
AAPL,Information Technology,rsi2,1767733200000,1767796200000,263.46321221923824,3,254.1129943847656,,1768401000000,259.2305002441406,mean reversion or trend exit,-14.266217062683024,0.7903896366577148,0.7776915007324219,5
MGM,Consumer Discretionary,rsi2,1767819600000,1767882600000,33.94390984725952,25,32.34499893188477,,1768401000000,34.42553908538818,mean reversion or trend exit,10.331494729900346,0.848597746181488,0.8606384771347045,4
JCI,Industrials,rsi2,1767992400000,1768228200000,110.93081969451903,6,105.08799743652344,,1768401000000,111.96792182922363,mean reversion or trend exit,4.885220359085125,0.6655849181671142,0.6718075309753417,2
SYF,Financials,rsi2,1768251600000,1768314600000,79.5795,10,75.81999816894532,,1768424400000,75.74417817077638,stop,-39.906455073943924,0.795795,0.7574417817077638,2
WST,Health Care,rsi2,1768338000000,1768401000000,273.1929334411621,2,257.8979919433594,,1768487400000,275.3443751220703,mean reversion or trend exit,3.2058087446899197,0.5463858668823242,0.5506887502441405,1
UHS,Health Care,rsi2,1768338000000,1768401000000,202.382172668457,3,191.05,,1768573800000,204.86493731689453,mean reversion or trend exit,6.226552615356516,0.607146518005371,0.6145948119506837,2
QCOM,Information Technology,rsi2,1768338000000,1768401000000,163.85369244384765,5,156.4109909057617,,1768919400000,154.79504695129395,stop gap,-46.88647115974418,0.8192684622192382,0.7739752347564698,3
TTWO,Communication Services,rsi2,1768424400000,1768487400000,245.72547572326658,3,235.3810012817383,,1769092200000,239.32043756103516,mean reversion or trend exit,-20.670252226547166,0.7371764271697998,0.7179613126831055,4
REGN,Health Care,rsi2,1768597200000,1768919400000,730.1294244384765,1,693.973974609375,,1769092200000,749.5896868286133,mean reversion or trend exit,17.9805432788697,0.7301294244384765,0.7495896868286133,2
BAC,Financials,rsi2,1768424400000,1768487400000,52.772721221923824,16,50.394998931884764,,1769178600000,52.057890609741214,mean reversion or trend exit,-13.114579584228393,0.8443635395507813,0.8329262497558595,5
MMM,Industrials,rsi2,1769029200000,1769092200000,156.71655755615234,4,148.54400939941405,,1769437800000,161.838,mean reversion or trend exit,19.21155154516601,0.6268662302246094,0.647352,2
L,Financials,rsi2,1768338000000,1768401000000,102.93283183288573,8,99.89199523925781,,1769524200000,102.56732817077636,mean reversion or trend exit,-4.568030576904189,0.8234626546630858,0.8205386253662109,8
ISRG,Health Care,rsi2,1768510800000,1768573800000,542.5419999999999,1,516.6580078125,,1769524200000,532.077375366211,mean reversion or trend exit,-11.539244009155167,0.542542,0.5320773753662109,6
AFL,Financials,rsi2,1769202000000,1769437800000,107.65755305480955,7,103.74299621582031,,1769524200000,108.51138274383545,mean reversion or trend exit,4.4636252725907895,0.7536028713836669,0.7595796792068481,1
DLTR,Consumer Staples,rsi2,1769115600000,1769178600000,127.65752877807616,4,118.56699981689454,,1769634000000,118.44843281707765,stop,-37.82080769037466,0.5106301151123046,0.4737937312683106,4
EXPE,Consumer Discretionary,rsi2,1769029200000,1769092200000,274.2639802246093,2,256.1890045166016,,1769783400000,272.4972190246582,mean reversion or trend exit,-4.627044798400803,0.5485279604492187,0.5449944380493164,6
WY,Real Estate,rsi2,1769547600000,1769610600000,26.196170076370237,29,24.870999908447267,,1769806800000,24.84612890853882,stop,-40.63142053767346,0.7596889322147369,0.7205377383476258,3
TJX,Consumer Discretionary,rsi2,1769461200000,1769524200000,150.6505,5,145.18900299072266,,1770042600000,150.14970304870604,mean reversion or trend exit,-4.007985771713278,0.7532525,0.7507485152435301,4
JKHY,Financials,rsi2,1769461200000,1769524200000,182.41222572326657,4,175.56399841308593,,1770129000000,176.37345304870607,mean reversion or trend exit,-25.590233413329912,0.7296489028930663,0.7054938121948243,5
TXT,Industrials,rsi2,1769634000000,1769697000000,86.91683183288573,8,82.09099960327148,,1770215400000,88.90100786590577,mean reversion or trend exit,14.466865546569943,0.6953346546630859,0.7112080629272461,4
WY,Real Estate,rsi2,1769806800000,1770042600000,25.93590984725952,23,24.269000816345216,,1770215400000,26.653320304870604,mean reversion or trend exit,15.290888231555945,0.596525926486969,0.613026367012024,2
BA,Industrials,rsi2,1769720400000,1769783400000,233.73349999999996,3,220.6409942626953,,1770301800000,233.87589060974122,mean reversion or trend exit,-0.9756563426054571,0.7012004999999999,0.7016276718292237,4
TMO,Health Care,rsi2,1769806800000,1770042600000,576.4759244384765,1,544.4299865722656,,1770325200000,543.8855565856934,stop,-33.71072933380723,0.5764759244384765,0.5438855565856934,4
IDXX,Health Care,rsi2,1770066000000,1770129000000,636.2256168823242,1,601.7219848632812,,1770647400000,647.0722507324218,mean reversion or trend exit,9.5633359824829,0.6362256168823242,0.6470722507324218,4
WBD,Communication Services,rsi2,1770152400000,1770215400000,27.22720076370239,30,26.147999954223632,,1770647400000,27.312660152435303,mean reversion or trend exit,0.9275858345033035,0.8168160229110717,0.8193798045730591,3
AKAM,Information Technology,rsi2,1770152400000,1770215400000,91.78169244384765,5,84.55700149536133,,1770647400000,94.91499213409423,mean reversion or trend exit,14.73301502834323,0.45890846221923826,0.47457496067047117,3
NVDA,Information Technology,rsi2,1770238800000,1770301800000,175.10492266845702,3,163.18800506591796,,1770647400000,184.0757345123291,mean reversion or trend exit,25.83489356007385,0.5253147680053711,0.5522272035369873,2
ES,Utilities,rsi2,1770411600000,1770647400000,67.8077378616333,11,64.227001953125,,1770820200000,69.03089847564698,mean reversion or trend exit,11.949541754440386,0.7458851164779664,0.7593398832321168,2
FOX,Communication Services,rsi2,1770411600000,1770647400000,58.358299236297604,13,55.48179931640625,,1770843600000,55.42631751708985,stop,-39.59496236749485,0.7586578900718689,0.7205421277221681,3
FOXA,Communication Services,rsi2,1770411600000,1770647400000,64.99493030548095,11,61.41699905395508,,1770843600000,61.35558205490113,stop,-41.42268639234224,0.7149442333602904,0.6749114026039124,3
AIZ,Financials,rsi2,1770670800000,1770733800000,235.41517266845702,3,225.59201049804688,,1770843600000,225.36641848754883,stop,-31.528607316192588,0.706245518005371,0.6760992554626465,2
AMP,Financials,rsi2,1770757200000,1770820200000,510.3198075561523,1,473.8190124511719,,1770906600000,480.3891251220703,mean reversion or trend exit,-30.921391366760194,0.5103198075561522,0.4803891251220703,1
TMO,Health Care,rsi2,1770325200000,1770388200000,543.7832302246093,1,507.943994140625,,1770930000000,507.4360501464844,stop,-37.398399358495986,0.5437832302246093,0.5074360501464844,5
AIZ,Financials,rsi2,1770843600000,1770906600000,218.63841816711422,2,204.6259963989258,,1771511400000,219.5402345123291,mean reversion or trend exit,0.9272753850708785,0.4372768363342285,0.43908046902465825,4
HBAN,Financials,rsi2,1770843600000,1770906600000,18.108090152740477,29,16.80000057220459,,1771511400000,17.692289085388182,mean reversion or trend exit,-13.096441951122271,0.5251346144294738,0.5130763834762573,4
EXPD,Industrials,rsi2,1770930000000,1770993000000,140.66052427673338,4,131.3199951171875,,1771511400000,148.30154695129394,mean reversion or trend exit,29.40824241333013,0.5626420971069336,0.5932061878051758,3
ALLE,Industrials,rsi2,1771448400000,1771511400000,162.76260610961913,4,154.1739929199219,,1771597800000,161.46837487792968,mean reversion or trend exit,-6.473848850708002,0.6510504244384765,0.6458734995117187,1
GOOG,Communication Services,rsi2,1770843600000,1770906600000,312.6623561096191,1,291.18799743652346,,1771857000000,318.82087463378906,mean reversion or trend exit,5.5270352934265405,0.3126623561096191,0.31882087463378905,6
GOOGL,Communication Services,rsi2,1770843600000,1770906600000,312.4020863342285,1,290.6419952392578,,1771857000000,318.73093780517576,mean reversion or trend exit,5.697718446807852,0.3124020863342285,0.31873093780517575,6
PG,Consumer Staples,rsi2,1771448400000,1771511400000,156.9868318328857,5,150.92400054931642,,1771857000000,160.15968731689452,mean reversion or trend exit,14.278544824295132,0.7849341591644287,0.8007984365844726,2
MMM,Industrials,rsi2,1771448400000,1771511400000,164.2540863342285,4,154.7489990234375,,1771943400000,165.3444845123291,mean reversion or trend exit,3.0431984290161678,0.657016345336914,0.6613779380493164,3
WY,Real Estate,rsi2,1771621200000,1771857000000,25.635610610961912,22,23.88900032043457,,1772029800000,24.875099618911744,mean reversion or trend exit,-17.84247745016092,0.5639834334411621,0.5472521916160583,2
PFE,Health Care,rsi2,1771621200000,1771857000000,26.58655946540832,30,25.329999351501463,,1772029800000,27.03293946647644,mean reversion or trend exit,11.782815064086984,0.7975967839622496,0.8109881839942932,2
FERG,Industrials,rsi2,1771621200000,1771857000000,253.90364389038083,3,242.56200408935547,,1772029800000,260.56915658569335,mean reversion or trend exit,18.45311968450932,0.7617109316711425,0.78170746975708,2
PKG,Materials,rsi2,1771880400000,1771943400000,227.73750450134276,2,211.43600463867188,,1772202600000,229.7799845123291,mean reversion or trend exit,3.169925043945333,0.4554750090026855,0.4595599690246582,3
GILD,Health Care,rsi2,1771966800000,1772029800000,147.49735610961912,4,139.69199829101564,,1772461800000,147.7221251220703,mean reversion or trend exit,-0.2818018751219956,0.5899894244384765,0.5908885004882812,3
LVS,Consumer Discretionary,rsi2,1771966800000,1772029800000,55.44538938903808,8,50.64999847412109,,1772461800000,55.604339847564695,mean reversion or trend exit,0.38320583432012484,0.4435631151123046,0.44483471878051756,3
PPG,Materials,rsi2,1771534800000,1771597800000,123.78366366577147,6,117.8989990234375,,1772485200000,117.78110002441406,stop,-37.46477043028558,0.7427019819946288,0.7066866001464843,7
OKE,Energy,rsi2,1771966800000,1772029800000,82.06198336029051,9,77.97899780273437,,1772548200000,86.33357817077636,mean reversion or trend exit,36.92879324059306,0.7385578502426146,0.7770022035369873,4
VTRS,Health Care,rsi2,1772226000000,1772461800000,14.944930305480955,37,13.909000682830811,,1772548200000,15.034950190544128,mean reversion or trend exit,2.221480168984466,0.5529624213027954,0.5562931570501328,1
MNST,Consumer Staples,rsi2,1772485200000,1772548200000,40.29024999999999,20,38.807499694824216,,1772744400000,38.76869219512939,stop,-32.012334941314656,0.8058049999999999,0.7753738439025879,3
UHS,Health Care,rsi2,1772139600000,1772202600000,204.20399999999998,2,188.51400299072264,,1772807400000,194.72507817077636,mean reversion or trend exit,-19.7557018147888,0.408408,0.3894501563415527,5
D,Utilities,rsi2,1772226000000,1772461800000,63.062999999999995,12,60.30100021362305,,1772807400000,62.60732817077637,mean reversion or trend exit,-6.976105888732822,0.756756,0.7512879380493164,4
DECK,Consumer Discretionary,rsi2,1772744400000,1772807400000,107.06695908355712,5,100.09300079345704,,1773086400000,99.99290779266357,stop,-36.40555578884885,0.5353347954177856,0.4999645389633179,2
DLTR,Consumer Staples,rsi2,1772485200000,1772548200000,117.70758633422851,5,110.63999938964844,,1773235800000,115.97390634155273,mean reversion or trend exit,-9.836807426757781,0.5885379316711425,0.5798695317077637,6
SLB,Energy,rsi2,1772744400000,1772807400000,47.45740984725952,10,43.972002029418945,,1773235800000,47.44251167678833,mean reversion or trend exit,-1.097980919952393,0.47457409847259524,0.4744251167678833,3
DD,Industrials,rsi2,1773086400000,1773149400000,136.21608183288572,3,125.58599853515625,,1773322200000,136.00385939025878,mean reversion or trend exit,-1.4533271515502486,0.4086482454986572,0.4080115781707764,2
LOW,Consumer Discretionary,rsi2,1772485200000,1772548200000,253.73347572326657,3,241.8710144042969,,1773345600000,241.6291433898926,stop,-37.7990848574614,0.7612004271697997,0.7248874301696778,8
BDX,Health Care,rsi2,1772744400000,1772807400000,168.42825450134276,4,159.53573608398438,,1773345600000,159.37620034790038,stop,-37.51943443316651,0.6737130180053711,0.6375048013916015,5
PHM,Consumer Discretionary,rsi2,1773172800000,1773235800000,123.25312725067137,5,115.80600051879883,,1773408600000,121.82804695129394,mean reversion or trend exit,-8.350807367896962,0.616265636253357,0.6091402347564697,2
BALL,Materials,rsi2,1773259200000,1773322200000,61.52145908355712,12,58.638999938964844,,1773667800000,62.47746091461182,mean reversion or trend exit,9.984034932678364,0.7382575090026854,0.7497295309753419,2
ECL,Materials,rsi2,1773172800000,1773235800000,279.2689802246093,2,267.2400207519531,,1773840600000,269.2404997558594,mean reversion or trend exit,-21.153979897460804,0.5585379604492187,0.5384809995117188,5
BDX,Health Care,rsi2,1773345600000,1773408600000,161.53136511230468,3,150.68500823974608,,1773840600000,159.68015634155273,mean reversion or trend exit,-6.5172608766174305,0.48459409533691405,0.4790404690246582,3
IEX,Industrials,rsi2,1773345600000,1773408600000,189.8196348876953,2,177.3090057373047,,1773840600000,188.76104695129393,mean reversion or trend exit,-2.8743372364806827,0.3796392697753906,0.3775220939025879,3
PFG,Financials,rsi2,1773345600000,1773408600000,87.03694694519042,5,80.11300506591797,,1773840600000,87.22268756103516,mean reversion or trend exit,0.057404906692552604,0.43518473472595215,0.4361134378051758,3
HIG,Financials,rsi2,1773432000000,1773667800000,133.92378327941893,5,127.27499389648438,,1773840600000,134.865,mean reversion or trend exit,3.3621396865083137,0.6696189163970946,0.6743250000000001,2
COR,Health Care,rsi2,1773777600000,1773840600000,332.78246221923825,2,318.6679992675781,,1773864000000,318.34933126831055,stop,-30.168525488830507,0.6655649244384765,0.6366986625366211,1
HCA,Health Care,rsi2,1773777600000,1773840600000,510.50999999999993,1,481.50299682617185,,1774013400000,499.5999060974121,SPY below SMA200,-11.920203808685258,0.5105099999999999,0.4995999060974121,2
NUE,Materials,rsi2,1773777600000,1773840600000,162.12196672058104,3,152.47499389648436,,1774013400000,164.0757654876709,SPY below SMA200,4.882803104644837,0.48636590016174314,0.4922272964630128,2
ES,Utilities,rsi2,1773777600000,1773840600000,72.27219694519042,10,69.0910026550293,,1774013400000,68.83110152435303,stop gap,-35.82198719306928,0.7227219694519043,0.6883110152435303,2
HON,Industrials,rsi2,1773777600000,1773840600000,243.09549851989743,3,231.49554138183595,,1774013400000,238.81705046081544,SPY below SMA200,-14.281081824188126,0.7292864955596923,0.7164511513824464,2
SBUX,Consumer Discretionary,rsi2,1773864000000,1773927000000,92.24215152740477,7,87.38400497436524,,1774013400000,94.87503121948242,SPY below SMA200,17.12033756531535,0.6456950606918335,0.664125218536377,1
T,Communication Services,rsi2,1775678400000,1775741400000,27.25722954177856,27,26.077999877929688,,1775827800000,26.493480457305907,mean reversion or trend exit,-22.072494450736926,0.7359451976280211,0.7153239723472595,1
VZ,Communication Services,rsi2,1775678400000,1775741400000,47.8578113746643,15,46.11200103759766,,1775851200000,46.06588903656006,stop,-28.287690577732008,0.7178671706199645,0.6909883355484009,2
COP,Energy,rsi2,1775678400000,1775741400000,126.41629091644286,4,117.38800201416015,,1776283200000,117.27061401214598,stop,-37.557455236901866,0.5056651636657714,0.46908245604858395,5
PSX,Energy,rsi2,1775678400000,1775741400000,168.17800450134274,2,155.21200256347657,,1776346200000,161.73809390258788,mean reversion or trend exit,-13.539653394317588,0.3363560090026855,0.3234761878051758,5
BG,Consumer Staples,rsi2,1775764800000,1775827800000,123.45333183288572,3,113.81100158691406,,1776432600000,119.90996878051757,mean reversion or trend exit,-11.36017905894466,0.37035999549865717,0.3597299063415527,5
VZ,Communication Services,rsi2,1775851200000,1776087000000,46.13609015274047,16,44.034001159667966,,1776432600000,46.06389060974121,mean reversion or trend exit,-2.63039238018794,0.7381774424438475,0.7370222497558593,4
XOM,Energy,rsi2,1776283200000,1776346200000,149.67952877807616,2,137.95999603271486,,1776432600000,144.7151406097412,mean reversion or trend exit,-10.517565675445534,0.29935905755615233,0.28943028121948244,1
MRK,Health Care,rsi2,1776369600000,1776432600000,115.67555755615233,5,109.81899795532226,,1776691800000,119.03085152435303,mean reversion or trend exit,15.602937795600962,0.5783777877807617,0.5951542576217652,1
WAB,Industrials,rsi2,1776369600000,1776432600000,259.2189514465332,1,240.53999786376954,,1776691800000,263.0866560974121,mean reversion or trend exit,3.345399043334975,0.2592189514465332,0.2630866560974121,1
HON,Industrials,rsi2,1776369600000,1776432600000,242.6440740356445,2,230.35447692871094,,1776691800000,244.46426014709473,mean reversion or trend exit,2.666155554534974,0.485288148071289,0.4889285202941895,1
ADM,Consumer Staples,rsi2,1775764800000,1775827800000,70.60052877807617,6,65.46399765014648,,1776778200000,68.6113203048706,mean reversion or trend exit,-12.770521933731072,0.423603172668457,0.41166792182922357,7
DVN,Energy,rsi2,1776283200000,1776346200000,45.295249999999996,9,41.63399887084961,,1776864600000,45.954,mean reversion or trend exit,5.107506750000043,0.40765724999999997,0.413586,4
LMT,Industrials,rsi2,1776456000000,1776691800000,594.1935755615234,1,561.7199951171875,,1776888000000,561.1582751220703,stop,-34.19065229013666,0.5941935755615234,0.5611582751220704,3
CME,Financials,rsi2,1776456000000,1776691800000,288.5082212219238,2,274.80499877929685,,1776888000000,274.53019378051755,stop,-29.082131712817393,0.5770164424438476,0.5490603875610351,3
FE,Utilities,rsi2,1776715200000,1776778200000,49.549499999999995,14,47.57899932861328,,1777037400000,49.5404101524353,mean reversion or trend exit,-1.5145166080398274,0.693693,0.6935657421340942,3
PPL,Utilities,rsi2,1776888000000,1776951000000,38.118081832885736,18,36.51899871826172,,1777037400000,38.50146091461182,mean reversion or trend exit,5.521671701614545,0.6861254729919433,0.6930262964630127,1
HII,Industrials,rsi2,1776801600000,1776864600000,383.2729046630859,1,353.3509887695312,,1777406400000,352.9976377807617,stop,-31.011537424768065,0.38327290466308594,0.3529976377807617,5
BAC,Financials,rsi2,1776974400000,1777037400000,52.372319694519035,13,50.09000091552734,,1777469400000,52.3775703048706,mean reversion or trend exit,-1.2934906354216966,0.6808401560287475,0.6809084139633178,3
WBD,Communication Services,rsi2,1776974400000,1777037400000,26.996969312667844,26,26.46800003051758,,1777555800000,26.963009771347046,mean reversion or trend exit,-2.285907530525119,0.7019212021293639,0.7010382540550233,4
LHX,Industrials,rsi2,1776888000000,1776951000000,333.44309533691404,1,314.4580017089844,,1777579200000,314.1435437072754,stop,-19.94713826868283,0.3334430953369141,0.31414354370727543,6
CTVA,Materials,rsi2,1776456000000,1776691800000,80.55047122192381,8,76.59719543457031,,1777642200000,81.39852335357666,mean reversion or trend exit,5.488825096618792,0.6444037697753905,0.6511881868286133,9
PCG,Utilities,rsi2,1777406400000,1777469400000,16.126110610961913,44,15.370000648498536,,1777642200000,16.643339847564697,mean reversion or trend exit,21.316230590347324,0.7095488668823242,0.7323069532928467,2
DLR,Real Estate,rsi2,1777406400000,1777469400000,194.15396672058102,3,186.06399993896486,,1777642200000,200.83895329284667,mean reversion or trend exit,18.869980956756645,0.582461900161743,0.60251685987854,2
HSIC,Health Care,rsi2,1777492800000,1777555800000,73.73366366577147,8,69.96800384521484,,1777987800000,71.4285,mean reversion or trend exit,-19.602606635497963,0.5898693093261718,0.571428,3
RL,Consumer Discretionary,rsi2,1777579200000,1777642200000,361.3409909973144,1,334.24901428222654,,1778074200000,367.09253146362306,mean reversion or trend exit,5.023106943847717,0.3613409909973144,0.3670925314636231,3
FE,Utilities,rsi2,1777579200000,1777642200000,47.78774168014526,15,45.63899917602539,,1778074200000,45.74421091461182,mean reversion or trend exit,-32.055940771922955,0.716816125202179,0.6861631637191773,3
REG,Real Estate,rsi2,1777579200000,1777642200000,77.97790152740478,9,75.37499771118163,,1778074200000,79.08084365844726,mean reversion or trend exit,8.512950472709672,0.7018011137466431,0.7117275929260254,3
PCAR,Industrials,rsi2,1777924800000,1777987800000,114.93481969451904,4,107.5520004272461,,1778160600000,116.14374213409424,mean reversion or trend exit,3.911375510986363,0.45973927877807613,0.464574968536377,2
GRMN,Consumer Discretionary,rsi2,1778011200000,1778074200000,238.2279954986572,2,221.17999420166015,,1778160600000,242.7370157318115,mean reversion or trend exit,8.056110443847668,0.47645599099731445,0.48547403146362306,1
MSCI,Financials,rsi2,1778011200000,1778074200000,578.8382697753906,1,549.1880065917969,,1778247000000,588.5408748779297,mean reversion or trend exit,8.535225957885789,0.5788382697753905,0.5885408748779297,2
PPL,Utilities,rsi2,1777579200000,1777642200000,37.627590152740474,19,36.0289981842041,,1778270400000,35.99296918601989,stop,-32.45658899512752,0.7149242129020691,0.6838664145343779,6
APH,Information Technology,rsi2,1778011200000,1778074200000,69.06899999999999,5,62.88100051879883,,1778506200000,63.92101560974121,mean reversion or trend exit,-26.40487202934259,0.3453449999999999,0.3196050780487061,3
AEE,Utilities,rsi2,1778097600000,1778160600000,109.30919694519042,6,105.27799530029297,,1778592600000,109.78010939025879,mean reversion or trend exit,1.5109388323974924,0.6558551816711425,0.6586806563415528,3
CB,Financials,rsi2,1778097600000,1778160600000,320.7104046630859,2,309.5109893798828,,1778679000000,319.8997812194824,mean reversion or trend exit,-2.9024672589721443,0.6414208093261718,0.6397995624389649,4
BKR,Energy,rsi2,1778184000000,1778247000000,63.67361061096191,7,59.35099830627441,,1778679000000,65.15478121948242,mean reversion or trend exit,9.466395516830442,0.44571527427673335,0.45608346853637693,3
FERG,Industrials,rsi2,1778270400000,1778506200000,241.9817454986572,2,228.5330017089844,,1778679000000,237.69206268310546,mean reversion or trend exit,-9.538713247467012,0.4839634909973144,0.47538412536621094,2
SBAC,Real Estate,rsi2,1778616000000,1778679000000,213.02280755615232,3,202.8769973754883,,1778702400000,202.6741203781128,stop,-32.29315231792133,0.639068422668457,0.6080223611343385,1
TJX,Consumer Discretionary,rsi2,1778529600000,1778592600000,149.14899999999997,4,142.95800170898437,,1778765400000,146.61323451232911,mean reversion or trend exit,-11.326110888732748,0.5965959999999999,0.5864529380493164,2
TFC,Financials,rsi2,1778616000000,1778679000000,47.737688625335686,14,45.57900047302246,,1778765400000,46.94301167678833,mean reversion or trend exit,-12.45100708389271,0.6683276407546996,0.6572021634750367,1
CFG,Financials,rsi2,1778616000000,1778679000000,61.851790916442866,11,58.89750289916992,,1779197400000,61.128808628082275,mean reversion or trend exit,-9.305591766956272,0.6803697000808716,0.6724168949089051,4
FITB,Financials,rsi2,1778702400000,1778765400000,47.737688625335686,11,44.920997619628906,,1779197400000,47.71223832321167,mean reversion or trend exit,-1.3299025197981749,0.5251145748786926,0.5248346215553283,3
REG,Real Estate,rsi2,1778702400000,1778765400000,77.14706969451903,8,74.19999847412109,,1779197400000,77.29263274383545,mean reversion or trend exit,-0.07101322497545859,0.6171765575561523,0.6183410619506836,3
SBAC,Real Estate,rsi2,1778702400000,1778765400000,209.1989954986572,2,196.13600006103516,,1779283800000,205.74404695129394,mean reversion or trend exit,-7.739783179626448,0.41839799099731445,0.4114880939025879,4
HUBB,Industrials,rsi2,1779134400000,1779197400000,466.07559533691403,1,439.3707580566406,,1779283800000,464.49503146362304,mean reversion or trend exit,-2.5111345000915355,0.46607559533691406,0.46449503146362303,1
LUV,Industrials,rsi2,1779134400000,1779197400000,37.917881069183345,12,35.3129997253418,,1779283800000,37.63232817077637,mean reversion or trend exit,-4.333237291763234,0.45501457283020014,0.45158793804931646,1
DLR,Real Estate,rsi2,1779134400000,1779197400000,187.03685610961912,3,179.46400299072266,,1779370200000,190.01979670715332,mean reversion or trend exit,7.81765183415227,0.5611105683288574,0.57005939012146,2
CDNS,Information Technology,rsi2,1779220800000,1779283800000,335.7254046630859,1,315.77199401855466,,1779370200000,349.53012487792967,mean reversion or trend exit,13.119464685302754,0.3357254046630859,0.34953012487792967,1
DOV,Industrials,rsi2,1779220800000,1779283800000,208.7085,2,196.38600463867186,,1779370200000,209.4403439025879,mean reversion or trend exit,0.6273901173706473,0.417417,0.4188806878051758,1
ATO,Utilities,rsi2,1778270400000,1778506200000,182.63244694519042,3,173.48099517822266,,1779456600000,178.00181268310547,mean reversion or trend exit,-14.973805565139749,0.5478973408355713,0.5340054380493163,9
ROK,Industrials,rsi2,1779220800000,1779283800000,426.4460090026855,1,395.0020050048828,,1779456600000,443.56599975585937,mean reversion or trend exit,16.24997874441531,0.42644600900268553,0.44356599975585936,2
CTVA,Materials,rsi2,1779307200000,1779370200000,78.82874999999999,8,74.9489028930664,,1779802200000,79.38053908538818,mean reversion or trend exit,3.1486383704224443,0.6306299999999999,0.6350443126831055,2
UNH,Health Care,rsi2,1779393600000,1779456600000,382.3019334411621,1,364.6810241699219,,1779802200000,385.614,mean reversion or trend exit,2.5441506253967363,0.3823019334411621,0.38561399999999996,1
ADI,Information Technology,rsi2,1779307200000,1779370200000,397.03665466308587,1,370.6919830322266,,1779888600000,433.0665,mean reversion or trend exit,35.199742182251065,0.39703665466308585,0.4330665,3
GOOG,Communication Services,rsi2,1779480000000,1779802200000,381.37599011230463,1,358.26360778808595,,1779888600000,382.38224963378906,mean reversion or trend exit,0.24250128173832997,0.38137599011230466,0.3823822496337891,1
CVS,Health Care,rsi2,1779825600000,1779888600000,91.08098786163329,5,85.5410041809082,,1780061400000,92.57732817077637,mean reversion or trend exit,6.5634099655533475,0.45540493930816645,0.4628866408538818,2
SBUX,Consumer Discretionary,rsi2,1779393600000,1779456600000,104.14404091644286,5,98.60599746704102,,1780084800000,98.50739146957397,stop,-29.19650439627452,0.5207202045822144,0.4925369573478699,5
APD,Materials,rsi2,1779307200000,1779370200000,289.44916366577144,2,275.9050018310547,,1780344000000,275.6290968292236,stop,-28.77029019408564,0.5788983273315429,0.5512581936584472,7
WMT,Consumer Staples,rsi2,1779480000000,1779802200000,120.81069244384764,4,114.04899597167969,,1780344000000,113.934946975708,stop,-28.441964430236787,0.4832427697753906,0.45573978790283204,5
CBOE,Financials,rsi2,1780344000000,1780407000000,297.977672668457,1,277.0039886474609,,1780430400000,276.7269846588135,stop,-21.82539266697078,0.297977672668457,0.27672698465881346,1
HAL,Energy,rsi2,1779998400000,1780061400000,39.29925831985473,13,36.845001983642575,,1780493400000,40.07987893295288,mean reversion or trend exit,9.116139185989462,0.5108903581581115,0.5210384261283875,3
ETR,Utilities,rsi2,1780344000000,1780407000000,105.59548786163329,6,100.68600006103516,,1780579800000,109.60028908538818,mean reversion or trend exit,22.737632680847245,0.6335729271697997,0.6576017345123292,2
TRV,Financials,rsi2,1780084800000,1780320600000,289.7995197753906,2,280.8080078125,,1780666200000,295.41428146362307,mean reversion or trend exit,10.059095773986927,0.5795990395507812,0.5908285629272462,4
WELL,Real Estate,rsi2,1780430400000,1780493400000,195.51532733154295,3,185.01800842285155,,1780666200000,200.6791248779297,mean reversion or trend exit,14.30280928253182,0.5865459819946288,0.6020373746337891,2
GOOG,Communication Services,rsi2,1780516800000,1780579800000,355.7954424438476,1,336.5530944824219,,1780666200000,363.0166248779297,mean reversion or trend exit,6.502370366760318,0.3557954424438476,0.3630166248779297,1
VTR,Real Estate,rsi2,1780430400000,1780493400000,80.5704878616333,7,76.17799835205078,,1780925400000,81.69821878051758,mean reversion or trend exit,6.758235485694919,0.5639934150314331,0.571887531463623,3
HON,Industrials,rsi2,1780603200000,1780666200000,229.77333651733395,2,215.4084899902344,,1781011800000,223.02792375183105,mean reversion or trend exit,-14.396428051544111,0.4595466730346679,0.4460558475036621,2
LYB,Materials,rsi2,1779825600000,1779888600000,67.8277621383667,7,63.525003814697264,,1781035200000,63.46147881088257,stop,-31.48300797903363,0.4747943349685669,0.44423035167617797,10
VZ,Communication Services,rsi2,1780603200000,1780666200000,45.28524168014526,13,42.91499900817871,,1781098200000,46.41353908538818,mean reversion or trend exit,13.475782118206002,0.5887081418418884,0.6033760081100463,3
LYV,Communication Services,rsi2,1780603200000,1780666200000,161.0008363342285,3,151.50599212646483,,1781098200000,163.0967345123291,mean reversion or trend exit,5.315401821762162,0.4830025090026855,0.4892902035369873,3
DVN,Energy,rsi2,1780689600000,1780925400000,45.03499168014526,9,41.38599967956543,,1781184600000,47.06289060974121,mean reversion or trend exit,17.422209425754563,0.40531492512130735,0.42356601548767087,3
LYB,Materials,rsi2,1781035200000,1781098200000,64.064,7,59.37499885559082,,1781184600000,66.33360152435303,mean reversion or trend exit,14.974427459800776,0.448448,0.46433521067047123,1
UPS,Industrials,rsi2,1781121600000,1781184600000,103.85374999999999,5,97.80200424194337,,1781271000000,109.86003121948242,mean reversion or trend exit,28.962837191314748,0.51926875,0.5493001560974121,1
CTVA,Materials,rsi2,1780948800000,1781011800000,75.33526213836669,9,72.38779678344727,,1781530200000,75.8540703048706,mean reversion or trend exit,3.3085695065461116,0.6780173592453003,0.6826866327438355,4
NWS,Communication Services,rsi2,1781208000000,1781271000000,30.070040916442867,22,28.582998847961427,,1781530200000,29.170800762176512,mean reversion or trend exit,-21.086581910789437,0.661540900161743,0.6417576167678833,1
AAPL,Information Technology,rsi2,1781035200000,1781098200000,291.03073022460933,2,277.3459777832031,,1781616600000,294.95475,mean reversion or trend exit,6.676068590332104,0.5820614604492187,0.5899095,4
AMZN,Consumer Discretionary,rsi2,1781121600000,1781184600000,238.167922668457,2,223.61300659179688,,1781616600000,247.752,mean reversion or trend exit,18.196314817749084,0.47633584533691403,0.49550400000000006,3
PSX,Energy,rsi2,1781035200000,1781098200000,181.0608848876953,2,167.99199981689452,,1781726400000,167.82400781707761,stop,-27.17152392664491,0.3621217697753906,0.33564801563415525,6
HAL,Energy,rsi2,1781553600000,1781616600000,37.92788938903808,14,35.60800018310547,,1781812800000,35.572392182922364,stop,-34.00596482762745,0.5309904514465331,0.4980134905609131,3
VRSN,Information Technology,rsi2,1781553600000,1781616600000,273.67339389038085,1,255.50599670410156,,1782158400000,255.25049070739746,stop,-18.951827067581167,0.27367339389038087,0.25525049070739747,4
MRK,Health Care,rsi2,1781553600000,1781616600000,115.99587725067137,4,108.19900131225586,,1782221400000,116.41346878051758,mean reversion or trend exit,0.7407287352600676,0.4639835090026855,0.4656538751220703,4
SOLV,Health Care,rsi2,1781553600000,1781616600000,77.40733183288573,5,71.77180099487305,,1782221400000,73.70621878051757,mean reversion or trend exit,-19.261133014907806,0.3870366591644287,0.36853109390258787,4
CPT,Real Estate,rsi2,1782158400000,1782221400000,109.86976213836668,5,104.40600204467773,,1782307800000,110.42946091461182,mean reversion or trend exit,1.6969977659608173,0.5493488106918334,0.5521473045730592,1
SLB,Energy,rsi2,1781726400000,1781789400000,50.15009847259521,9,46.577002334594724,,1782331200000,46.53042533226013,stop,-33.44718297725943,0.45135088625335695,0.41877382799034113,4
APO,Financials,rsi2,1782244800000,1782307800000,130.1199954986572,4,122.23400268554687,,1782331200000,122.11176868286132,stop,-33.04183431990959,0.5204799819946289,0.48844707473144533,1
LYB,Materials,rsi2,1782158400000,1782221400000,57.79774168014526,8,53.93299865722656,,1782394200000,54.994949237823484,mean reversion or trend exit,-23.324681065917943,0.4623819334411621,0.4399595939025879,2
BG,Consumer Staples,rsi2,1782158400000,1782221400000,111.62151213836668,3,103.27800064086914,,1782480600000,112.01786725616455,mean reversion or trend exit,0.5181472152100082,0.3348645364151,0.33605360176849364,3
TROW,Financials,rsi2,1782331200000,1782394200000,106.24613938903808,5,100.61799850463868,,1782739800000,109.99989060974121,mean reversion or trend exit,17.68752595352179,0.5312306969451904,0.5499994530487061,2
GOOG,Communication Services,rsi2,1782504000000,1782739800000,340.28996221923825,1,310.72880859375,,1782826200000,350.60903146362307,mean reversion or trend exit,9.62817025070196,0.34028996221923824,0.3506090314636231,1
BKR,Energy,rsi2,1782331200000,1782394200000,56.056,8,52.25900077819824,,1782912600000,54.994949237823484,mean reversion or trend exit,-9.376813691314698,0.448448,0.4399595939025879,4
AAPL,Information Technology,rsi2,1782417600000,1782480600000,275.275,1,258.9299835205078,,1782912600000,293.14656243896485,mean reversion or trend exit,17.30314087652591,0.275275,0.29314656243896486,3
IBKR,Financials,rsi2,1782849600000,1782912600000,88.11802877807617,4,80.34300155639649,,1782999000000,93.15675,mean reversion or trend exit,19.42978577258304,0.3524721151123047,0.37262700000000004,1
ROST,Consumer Discretionary,rsi2,1782763200000,1782826200000,208.67847122192381,2,195.99400329589844,,1783344600000,213.80598426818847,mean reversion or trend exit,9.410057181549082,0.41735694244384763,0.42761196853637695,3
HLT,Consumer Discretionary,rsi2,1782849600000,1782912600000,330.10977877807613,2,314.39699096679686,,1783344600000,337.20246853637695,mean reversion or trend exit,12.850755021972736,0.6602195575561522,0.674404937072754,2
DLR,Real Estate,rsi2,1782936000000,1782999000000,176.19602427673337,2,165.32500610351562,,1783344600000,174.5652654876709,mean reversion or trend exit,-3.963040157653746,0.35239204855346673,0.3491305309753418,1
HAL,Energy,rsi2,1781812800000,1782135000000,34.914881069183345,12,32.388999938964844,,1783431000000,33.26669923782349,holding limit at next open,-20.59636094000236,0.4189785728302002,0.39920039085388187,10
EMR,Industrials,rsi2,1782331200000,1782394200000,143.14299999999997,3,132.8219955444336,,1783431000000,139.94990634155275,mean reversion or trend exit,-10.428559694366333,0.42942899999999995,0.4198497190246583,7
TGT,Consumer Staples,rsi2,1783368000000,1783431000000,127.7175863342285,3,117.55599899291992,,1783603800000,131.57829670715333,mean reversion or trend exit,10.804243469650338,0.38315275900268553,0.39473489012146,2
IRM,Real Estate,rsi2,1783022400000,1783344600000,118.01790152740477,3,108.39600219726563,,1783690200000,119.55032817077637,mean reversion or trend exit,3.8845752410202365,0.35405370458221436,0.35865098451232913,4
HST,Real Estate,rsi2,1783022400000,1783344600000,23.47345076370239,24,22.154000663757323,,1783949400000,23.14683007621765,mean reversion or trend exit,-8.95778323979187,0.5633628183288575,0.5555239218292236,5
DOV,Industrials,rsi2,1783022400000,1783344600000,213.2730575561523,2,201.88900451660157,,1783949400000,215.11467182922362,mean reversion or trend exit,2.8264530873718776,0.4265461151123046,0.4302293436584473,5
WSM,Consumer Discretionary,rsi2,1783368000000,1783431000000,225.87564389038084,1,207.94100189208984,,1783949400000,221.92784390258788,mean reversion or trend exit,-4.395603475585931,0.22587564389038084,0.22192784390258788,4
CARR,Industrials,rsi2,1783540800000,1783603800000,67.79773336029052,5,61.70269622802734,,1783949400000,69.0009296951294,mean reversion or trend exit,5.331988358917293,0.3389886668014526,0.345004648475647,2
PKG,Materials,rsi2,1783627200000,1783690200000,225.86563938903805,2,211.81100769042968,,1784208600000,228.94082817077637,mean reversion or trend exit,5.2407646283570095,0.4517312787780761,0.45788165634155276,4
TTWO,Communication Services,rsi2,1783713600000,1783949400000,243.2229757232666,1,224.7249954223633,,1784208600000,242.757,mean reversion or trend exit,-0.9519556989898477,0.2432229757232666,0.242757,3
DGX,Health Care,rsi2,1783713600000,1783949400000,207.68747572326657,3,198.49500122070313,,1784295000000,210.73904695129394,mean reversion or trend exit,7.89943411605843,0.6230624271697998,0.6322171408538818,4
VRTX,Health Care,rsi2,1783713600000,1783949400000,486.66617266845697,1,454.49102478027345,,1784295000000,483.0264997558594,mean reversion or trend exit,-4.609365585021892,0.48666617266845696,0.4830264997558594,4
IFF,Materials,rsi2,1783713600000,1783949400000,77.36729091644287,7,72.86399688720704,,1784295000000,77.64228121948243,mean reversion or trend exit,0.8398651163254334,0.5415710364151001,0.5434959685363769,4
GD,Industrials,rsi2,1784145600000,1784208600000,367.11674999999997,1,349.83800048828124,,1784640600000,368.5710624389648,mean reversion or trend exit,0.7186246265258833,0.36711675,0.3685710624389648,3
ELV,Health Care,rsi2,1784232000000,1784295000000,372.07171221923824,1,345.1520111083984,,1784727000000,392.4071878051758,mean reversion or trend exit,19.570996685913144,0.37207171221923824,0.3924071878051758,3
CSCO,Information Technology,rsi2,1784232000000,1784295000000,109.25915152740477,4,101.78600387573242,,1784727000000,111.40847664642334,mean reversion or trend exit,7.714629963378969,0.4370366061096191,0.44563390658569335,3
CNC,Health Care,rsi2,1784232000000,1784295000000,64.19412725067139,6,59.13499755859375,,1784727000000,67.17275786590577,mean reversion or trend exit,17.083582380706815,0.38516476350402834,0.4030365471954346,3
SLB,Energy,rsi2,1784577600000,1784640600000,46.206159847259514,14,44.145999908447266,,1784813400000,48.00194923782349,mean reversion or trend exit,23.82213794070449,0.6468862378616331,0.6720272893295288,2
AEP,Utilities,rsi2,1784664000000,1784727000000,131.8316969451904,4,125.03199005126953,,1784813400000,132.20765634155273,mean reversion or trend exit,0.4476801723023599,0.5273267877807616,0.528830625366211,1
LIN,Materials,rsi2,1784145600000,1784208600000,513.7532302246093,1,490.85902099609376,,1785159000000,512.8166870727539,mean reversion or trend exit,-1.9631130691527665,0.5137532302246093,0.5128166870727539,7
EW,Health Care,rsi2,1784664000000,1784727000000,85.30522122192382,5,79.6830047607422,,1785159000000,83.21670304870605,mean reversion or trend exit,-11.285200487441971,0.4265261061096191,0.41608351524353027,3
PFG,Financials,rsi2,1784664000000,1784727000000,109.52941816711424,6,104.23100204467774,,1785159000000,109.99989060974121,mean reversion or trend exit,1.505658803100691,0.6571765090026854,0.6599993436584473,3
AJG,Financials,rsi2,1784750400000,1784813400000,242.6924469451904,2,227.73200225830078,,1785159000000,249.17057817077637,mean reversion or trend exit,11.972536400940005,0.4853848938903808,0.49834115634155274,2
CHRW,Industrials,rsi2,1784923200000,1785159000000,185.74555755615233,3,174.90799560546876,,1785182400000,174.73308760986328,stop,-34.11884577436523,0.557236672668457,0.5241992628295897,1
GEN,Information Technology,rsi2,1784750400000,1784813400000,25.68565984725952,17,23.82400016784668,,1785245400000,26.992980457305908,mean reversion or trend exit,21.328913485611007,0.4366562174034118,0.45888066777420045,3
KDP,Consumer Staples,rsi2,1784923200000,1785159000000,29.769739770889277,17,27.869001197814942,,1785245400000,30.799169923782348,mean reversion or trend exit,16.470641134372777,0.5060855761051177,0.5235858887042999,1
VMRK,Real Estate,rsi2,1784923200000,1785159000000,67.64758183288573,10,65.28100051879883,,1785331800000,68.54139060974121,mean reversion or trend exit,7.5761980441285255,0.6764758183288574,0.6854139060974122,2
CHRW,Industrials,rsi2,1785182400000,1785245400000,171.88171672058104,3,161.90000762939454,,1785331800000,168.831,mean reversion or trend exit,-10.174288311904895,0.5156451501617432,0.506493,1
WST,Health Care,rsi2,1784923200000,1785159000000,329.5692302246093,1,307.25202026367185,,1785504600000,339.15050024414063,mean reversion or trend exit,8.912550289062553,0.3295692302246093,0.3391505002441406,4
ADI,Information Technology,rsi2,1785268800000,1785331800000,362.07170144653315,1,337.58799133300784,,1785504600000,373.7858436584473,mean reversion or trend exit,10.978284666809142,0.36207170144653317,0.3737858436584473,2
EXPD,Industrials,rsi2,1785182400000,1785245400000,171.5113363342285,4,163.86599578857422,,1785850200000,169.83,mean reversion or trend exit,-8.090710682250874,0.686045345336914,0.67932,5
HUM,Health Care,rsi2,1785182400000,1785245400000,379.058672668457,1,351.81300048828126,,1785850200000,374.2453751220703,mean reversion or trend exit,-5.566601594177234,0.379058672668457,0.3742453751220703,5
JBHT,Industrials,rsi2,1785268800000,1785331800000,276.8665863342285,1,259.6659912109375,,1785936600000,274.39534341430664,mean reversion or trend exit,-3.022504849670384,0.2768665863342285,0.27439534341430666,5
PNW,Utilities,rsi2,1785441600000,1785504600000,101.27116816711424,6,96.79499893188476,,1785936600000,101.34854695129394,mean reversion or trend exit,-0.7514455856322476,0.6076270090026854,0.6080912817077636,3
ODFL,Industrials,rsi2,1785787200000,1785850200000,213.142922668457,1,196.2350082397461,,1785936600000,214.85493731689454,mean reversion or trend exit,1.2840167884521798,0.213142922668457,0.21485493731689453,1
LNT,Utilities,rsi2,1785441600000,1785504600000,70.53045908355712,9,67.66799926757812,,1786023000000,70.97895304870606,mean reversion or trend exit,2.762860977150103,0.6347741317520141,0.6388105774383546,4
MAR,Consumer Discretionary,rsi2,1785787200000,1785850200000,345.13479855346674,1,328.1559814453125,,1786023000000,361.64799975585936,mean reversion or trend exit,15.806418404083296,0.34513479855346674,0.3616479997558594,2
CNP,Utilities,rsi2,1785873600000,1785936600000,41.571528778076164,16,39.63600196838379,,1786023000000,41.01894137191773,mean reversion or trend exit,-10.162846020934902,0.6651444604492186,0.6563030619506837,1
EIX,Utilities,rsi2,1785960000000,1786023000000,69.16909847259521,6,63.811998748779295,,1786109400000,67.22271091461181,mean reversion or trend exit,-12.49667620422364,0.41501459083557124,0.4033362654876709,1
WM,Industrials,rsi2,1785960000000,1786023000000,227.16694244384763,2,213.5929946899414,,1786109400000,227.1526248779297,mean reversion or trend exit,-0.9372742664794245,0.45433388488769527,0.4543052497558594,1
CTAS,Industrials,rsi2,1785960000000,1786023000000,203.0628606109619,2,189.25499572753907,,1786368600000,201.48831243896484,mean reversion or trend exit,-3.9581986900939845,0.4061257212219238,0.4029766248779297,2
KIM,Real Estate,rsi2,1785873600000,1785936600000,25.08505946540832,27,24.105000305175782,,1786392000000,24.080895304870605,stop,-28.439913113315857,0.6772966055660248,0.6501841732315063,4
CF,Materials,rsi2,1786132800000,1786368600000,115.61549999999998,3,105.3069969177246,,1786455000000,120.14972664642335,mean reversion or trend exit,12.89538425933082,0.34684649999999995,0.36044917993927006,1
F,Consumer Discretionary,rsi2,1786046400000,1786109400000,13.833819694519041,31,12.785999774932861,,1786541400000,14.01596973323822,mean reversion or trend exit,4.783307728034075,0.4288484105300903,0.4344950617303849,3
O,Real Estate,rsi2,1785873600000,1785936600000,63.052991680145254,10,60.57000198364258,,1786627800000,62.70723045730591,mean reversion or trend exit,-4.715214449767942,0.6305299168014527,0.6270723045730592,6
KDP,Consumer Staples,rsi2,1786392000000,1786455000000,29.22920076370239,17,27.40799922943115,,1786714200000,31.23873045730591,mean reversion or trend exit,33.13404996050267,0.4968964129829407,0.5310584177742005,3
CVS,Health Care,rsi2,1786478400000,1786541400000,93.84374999999999,5,87.40299987792969,,1786714200000,94.50539847564697,mean reversion or trend exit,2.3664966358566875,0.46921874999999996,0.47252699237823487,2
VTRS,Health Care,rsi2,1786046400000,1786109400000,16.496479541778562,25,15.191000270843507,,1786973400000,16.103880838394165,mean reversion or trend exit,-10.629976594114254,0.4124119885444641,0.40259702095985417,6
HST,Real Estate,rsi2,1786392000000,1786455000000,22.782760229110714,23,21.411000442504882,,1786973400000,22.797179695129394,mean reversion or trend exit,-0.7166908998278865,0.5240034852695464,0.5243351329879761,4
ACGL,Financials,rsi2,1786564800000,1786627800000,98.12802877807616,5,92.3480010986328,,1786973400000,98.2616406097412,mean reversion or trend exit,-0.3138891886138375,0.4906401438903808,0.49130820304870604,2
ROST,Consumer Discretionary,rsi2,1786651200000,1786714200000,243.45321672058103,2,234.9050048828125,,1786996800000,234.6700998779297,stop,-18.5224803184997,0.4869064334411621,0.4693401997558594,2
IR,Industrials,rsi2,1786737600000,1786973400000,82.86277877807616,6,77.87739791870118,,1787146200000,80.919,mean reversion or trend exit,-12.64536334112545,0.49717667266845694,0.485514,2
ECL,Materials,rsi2,1786737600000,1786973400000,274.39411511230463,2,264.0039947509766,,1787146200000,280.0696560974121,mean reversion or trend exit,10.242154427795544,0.5487882302246093,0.5601393121948243,2
TROW,Financials,rsi2,1786737600000,1786973400000,110.58047122192382,6,105.17099609375,,1787232600000,112.11777335357667,mean reversion or trend exit,7.887623322464103,0.663482827331543,0.67270664012146,3
CHD,Consumer Staples,rsi2,1786996800000,1787059800000,99.01891816711425,5,93.077001953125,,1787578200000,99.54035939025879,mean reversion or trend exit,1.6144097279358105,0.4950945908355712,0.49770179695129396,4
L,Financials,rsi2,1786651200000,1786714200000,112.57245908355712,6,108.39299774169922,,1787664600000,111.49839060974121,mean reversion or trend exit,-7.788835941055269,0.6754347545013427,0.6689903436584473,7
SNA,Industrials,rsi2,1787083200000,1787146200000,395.96557733154293,1,378.2919891357422,,1787664600000,397.602,mean reversion or trend exit,0.842855091125501,0.3959655773315429,0.397602,4
ITW,Industrials,rsi2,1787083200000,1787146200000,286.83653778076166,2,271.4260009765625,,1787664600000,285.9837190246582,mean reversion or trend exit,-2.8512780258177033,0.5736730755615234,0.5719674380493165,4
FITB,Financials,rsi2,1787169600000,1787232600000,54.98493030548095,12,52.723998641967775,,1787751000000,55.054890609741214,mean reversion or trend exit,-0.48095419985950727,0.6598191636657714,0.6606586873168946,4
RL,Consumer Discretionary,rsi2,1787601600000,1787664600000,374.49411511230466,1,345.59400939941406,,1787751000000,363.87575024414065,mean reversion or trend exit,-11.356734733520453,0.3744941151123047,0.36387575024414065,1
D,Utilities,rsi2,1787342400000,1787578200000,66.78672122192383,10,64.09099655151367,,1787837400000,66.40353121948242,mean reversion or trend exit,-5.1638025488281585,0.6678672122192383,0.6640353121948243,3
JCI,Industrials,rsi2,1787688000000,1787751000000,142.8627212219238,3,132.73000793457032,,1787837400000,145.2046560974121,mean reversion or trend exit,6.16160249450691,0.4285881636657714,0.43561396829223636,1
NVDA,Information Technology,rsi2,1787601600000,1787664600000,211.24102877807616,2,195.67499694824218,,1787923800000,227.1326406097412,mean reversion or trend exit,30.906476324554458,0.4224820575561523,0.4542652812194824,3
TXN,Information Technology,rsi2,1787601600000,1787664600000,263.0427787780761,1,239.01900939941407,,1787923800000,264.97475024414064,mean reversion or trend exit,1.4039539370422935,0.26304277877807614,0.26497475024414063,3
EXR,Real Estate,rsi2,1787774400000,1787837400000,144.574422668457,4,138.71499633789062,,1788269400000,140.93892182922363,mean reversion or trend exit,-15.684056734924216,0.5782976906738281,0.5637556873168945,3
XOM,Energy,rsi2,1787774400000,1787837400000,157.7876348876953,4,150.84000396728516,,1788269400000,163.43640609741212,mean reversion or trend exit,21.31018867492682,0.6311505395507813,0.6537456243896484,3
HST,Real Estate,rsi2,1787860800000,1787923800000,22.482459083557128,27,21.285000801086426,,1788442200000,22.127849618911743,mean reversion or trend exit,-10.77893388039206,0.6070263952560424,0.597451939710617,4
GD,Industrials,rsi2,1787688000000,1787751000000,378.42803778076166,1,361.7159881591797,,1788465600000,361.3542721710205,stop,-17.813547919692926,0.3784280377807617,0.3613542721710205,7
ALLE,Industrials,rsi2,1788206400000,1788269400000,155.9958363342285,3,147.78099975585937,,1788528600000,155.3345154876709,mean reversion or trend exit,-2.9179535951385005,0.4679875090026855,0.46600354646301273,3
PKG,Materials,rsi2,1788206400000,1788269400000,234.03380305480954,2,223.15400390625,,1788528600000,234.07568756103515,mean reversion or trend exit,-0.8524499687804616,0.46806760610961906,0.46815137512207033,3
ABT,Health Care,rsi2,1787860800000,1787923800000,111.7115984725952,6,106.72199478149415,,1788897600000,106.61527278671265,stop,-31.88791534285113,0.6702695908355712,0.639691636720276,7
SPG,Real Estate,rsi2,1788379200000,1788442200000,211.78157733154293,3,203.40899810791015,,1788960600000,209.3004845123291,mean reversion or trend exit,-8.706524643173141,0.6353447319946288,0.6279014535369872,3
INVH,Real Estate,rsi2,1788465600000,1788528600000,28.338309465408322,24,27.568800926208496,,1789070400000,27.54123212528229,stop,-20.470965161201384,0.6801194271697998,0.6609895710067749,4
MMM,Industrials,rsi2,1788465600000,1788528600000,168.03786511230467,4,161.81699981689454,,1789070400000,161.65518281707764,stop,-26.84950137262564,0.6721514604492187,0.6466207312683105,4
MNST,Consumer Staples,rsi2,1788897600000,1788960600000,42.90286061096191,15,41.00500221252442,,1789392600000,43.46648832321167,mean reversion or trend exit,7.158875449733822,0.6435429091644287,0.6519973248481751,3
ZBH,Health Care,rsi2,1788897600000,1788960600000,93.11301663970946,7,88.80900039672852,,1789479000000,96.34356243896484,mean reversion or trend exit,21.287624541236948,0.6517911164779662,0.674404937072754,4
LH,Health Care,rsi2,1789070400000,1789133400000,310.85054855346675,1,291.69199829101564,,1789565400000,323.18649975585936,mean reversion or trend exit,11.701914154083282,0.3108505485534668,0.3231864997558594,3
SBUX,Consumer Discretionary,rsi2,1789156800000,1789392600000,98.88879091644286,6,93.91699752807617,,1789565400000,97.29260939025879,mean reversion or trend exit,-10.754177558944619,0.5933327454986571,0.5837556563415527,2
SJM,Consumer Staples,rsi2,1789070400000,1789133400000,122.09197122192381,4,114.28400039672852,,1789651800000,124.08578908538819,mean reversion or trend exit,6.99056041262824,0.4883678848876953,0.49634315634155274,4
TROW,Financials,rsi2,1789502400000,1789565400000,104.47437274932861,6,100.02300491333008,,1789651800000,103.64625,mean reversion or trend exit,-6.217460232467655,0.6268462364959717,0.6218775,1
FRT,Real Estate,rsi2,1789588800000,1789651800000,112.9728606109619,5,109.26699600219726,,1789738200000,111.72815634155273,mean reversion or trend exit,-7.34702643180842,0.5648643030548095,0.5586407817077637,1
UNP,Industrials,rsi2,1788465600000,1788528600000,287.40711511230467,2,277.18198852539064,,1789997400000,278.52118780517577,holding limit at next open,-18.903711220092752,0.5748142302246093,0.5570423756103515,10
APD,Materials,rsi2,1789416000000,1789479000000,288.28799999999995,2,274.94300842285156,,1790083800000,280.65906243896484,mean reversion or trend exit,-16.39576924694816,0.5765759999999999,0.5613181248779296,5
BNY,Financials,rsi2,1789502400000,1789565400000,154.96480755615232,4,148.35699615478515,,1790083800000,152.96687512207032,mean reversion or trend exit,-9.223456467040902,0.6198592302246093,0.6118675004882813,4
RJF,Financials,rsi2,1789588800000,1789651800000,166.10594244384762,3,156.29400634765625,,1790107200000,156.1377123413086,stop,-30.871421271972544,0.49831782733154284,0.4684131370239258,4
ALL,Financials,rsi2,1790020800000,1790083800000,240.9406969451904,2,232.68000030517578,,1790107200000,232.4473203048706,stop,-17.93352931513974,0.4818813938903808,0.4648946406097412,1
BAX,Health Care,rsi2,1789761600000,1789997400000,23.01298977088928,19,21.34799919128418,,1790170200000,23.566410152435303,mean reversion or trend exit,9.629978650831257,0.43724680564689633,0.44776179289627077,2
CSX,Industrials,rsi2,1790020800000,1790083800000,46.306258319854734,13,43.98000297546387,,1790256600000,46.98296878051758,mean reversion or trend exit,7.584476036312164,0.6019813581581116,0.6107785941467285,2
VZ,Communication Services,rsi2,1790107200000,1790170200000,46.64659847259521,14,44.469001388549806,,1790343000000,47.18276954269409,mean reversion or trend exit,6.192783829170282,0.6530523786163329,0.6605587735977173,2
PAYX,Industrials,rsi2,1790193600000,1790256600000,105.59548786163329,4,98.58699798583984,,1790343000000,101.0788203048706,mean reversion or trend exit,-18.89336745971675,0.4223819514465332,0.4043152812194824,1
ALL,Financials,rsi2,1790107200000,1790170200000,228.87864389038083,2,218.41800079345703,,1790688600000,225.72404695129396,mean reversion or trend exit,-7.218399259857094,0.4577572877807617,0.45144809390258794,4
AIZ,Financials,rsi2,1790107200000,1790170200000,270.450172668457,2,260.68397827148436,,1790712000000,260.4232942932129,stop,-21.11550368441156,0.540900345336914,0.5208465885864259,5
CAH,Health Care,rsi2,1789675200000,1789738200000,225.51528327941892,2,216.51599731445313,,1790775000000,223.43634365844727,mean reversion or trend exit,-5.055782495819038,0.45103056655883783,0.44687268731689456,8
CB,Financials,rsi2,1790625600000,1790688600000,329.6393075561523,1,321.62000427246096,,1790861400000,324.92475,mean reversion or trend exit,-5.369121613708424,0.3296393075561523,0.32492475000000004,2
ADP,Industrials,rsi2,1790280000000,1790343000000,262.15190466308593,2,252.306982421875,,1790947800000,264.65509341430663,mean reversion or trend exit,3.9527635062866247,0.5243038093261718,0.5293101868286133,5
J,Industrials,rsi2,1790280000000,1790343000000,135.05491816711424,4,128.7489990234375,,1790947800000,138.43143731689455,mean reversion or trend exit,12.412131177185195,0.5402196726684569,0.5537257492675782,5
TRGP,Energy,rsi2,1790798400000,1790861400000,269.14888488769526,2,256.25099792480466,,1790947800000,276.2334997558594,mean reversion or trend exit,13.078464967041139,0.5382977697753906,0.5524669995117187,1
