date,at,phase,equity,cash,exposure,positions,maxSectorPositions
2017-10-02,1506951000000,beforeFirstOpen,10000,10000,0,,
2017-10-02,1506974400000,,10000,10000,0,0,0
2017-10-03,1507060800000,,9989.104861665763,603.6708597431555,9385.434001922607,5,2
2017-10-04,1507147200000,,10046.256678991243,196.40655844681055,9849.850120544434,5,2
2017-10-05,1507233600000,,10066.63998420224,178.84997947201623,9887.790004730225,5,2
2017-10-06,1507320000000,,10028.810664480923,2186.590716665982,7842.219947814941,4,2
2017-10-09,1507579200000,,10083.875503561001,200.10572054098247,9883.76978302002,5,2
2017-10-10,1507665600000,,10091.174446592691,174.36447001493184,9916.809976577759,5,2
2017-10-11,1507752000000,,10131.337533253034,210.52750517686377,9920.810028076172,5,2
2017-10-12,1507838400000,,10116.031979444433,239.29209792893266,9876.739881515503,5,2
2017-10-13,1507924800000,,10170.673913295484,165.53388529560448,10005.140027999878,5,2
2017-10-16,1508184000000,,10263.173814113356,165.53388529560448,10097.639928817749,5,2
2017-10-17,1508270400000,,10231.647371712066,123.49728817019627,10108.15008354187,5,2
2017-10-18,1508356800000,,10318.290036680946,224.78001356388063,10093.510023117065,5,2
2017-10-19,1508443200000,,10290.103955624518,280.6289666871403,10009.474988937378,5,2
2017-10-20,1508529600000,,10276.783963766422,773.7996059325592,9502.984357833862,5,2
2017-10-23,1508788800000,,10297.266036255898,784.6958172159798,9512.570219039917,5,2
2017-10-24,1508875200000,,10302.030550322504,2688.3707240438184,7613.6598262786865,4,2
2017-10-25,1508961600000,,10322.175143089875,710.2039993673411,9611.971143722534,5,2
2017-10-26,1509048000000,,10316.90176826099,2141.4387860832544,8175.462982177734,4,2
2017-10-27,1509134400000,,10551.920405281515,66.44525040480494,10485.475154876709,5,2
2017-10-30,1509393600000,,10493.57631410323,431.2363101359433,10062.340003967285,5,2
2017-10-31,1509480000000,,10549.28969300948,431.2363101359433,10118.053382873535,5,2
2017-11-01,1509566400000,,10555.154488942931,471.40454997808774,10083.749938964844,5,2
2017-11-02,1509652800000,,10436.587205932523,4219.25720219412,6217.330003738403,3,2
2017-11-03,1509739200000,,10469.782590693028,99.52767164090392,10370.254919052124,5,2
2017-11-06,1510002000000,,10482.182489222081,99.52767164090392,10382.654817581177,5,2
2017-11-07,1510088400000,,10414.717042484233,2079.322778263043,8335.394264221191,4,2
2017-11-08,1510174800000,,10421.852978854846,207.67861667223042,10214.174362182617,5,1
2017-11-09,1510261200000,,10392.630146908507,241.15025036309498,10151.47989654541,5,1
2017-11-10,1510347600000,,10367.329630619188,166.39853168119862,10200.931098937988,5,2
2017-11-13,1510606800000,,10411.099091392109,72.57808766896369,10338.521003723145,5,2
2017-11-14,1510693200000,,10415.593065918869,56.95189160246218,10358.641174316406,5,2
2017-11-15,1510779600000,,10333.47034360279,94.86929990161775,10238.601043701172,5,2
2017-11-16,1510866000000,,10380.860465062751,94.86929990161775,10285.991165161133,5,2
2017-11-17,1510952400000,,10370.812563126967,144.71134394972114,10226.101219177246,5,2
2017-11-20,1511211600000,,10410.712473100111,144.71134394972114,10266.00112915039,5,2
2017-11-21,1511298000000,,10410.38377053975,875.2028260969998,9535.180944442749,5,2
2017-11-22,1511384400000,,10420.40377481221,875.2028260969998,9545.20094871521,5,2
2017-11-24,1511557200000,,10439.29586315874,115.27481556657744,10324.021047592163,5,2
2017-11-27,1511816400000,,10502.346589960527,19.136650003862087,10483.209939956665,5,2
2017-11-28,1511902800000,,10563.773016443052,119.24296425799321,10444.530052185059,5,2
2017-11-29,1511989200000,,10609.321421580591,331.0717114975839,10278.249710083008,5,2
2017-11-30,1512075600000,,10647.10329749796,972.7132294437624,9674.3900680542,5,2
2017-12-01,1512162000000,,10628.616982707952,1315.857018718696,9312.759963989258,5,2
2017-12-04,1512421200000,,10394.000405559105,5083.16033292727,5310.840072631836,3,2
2017-12-05,1512507600000,,10490.645363329026,1955.945457933517,8534.699905395508,5,2
2017-12-06,1512594000000,,10541.13562059221,1955.945457933517,8585.190162658691,5,2
2017-12-07,1512680400000,,10688.121776197377,1465.1117855052364,9223.009990692139,5,2
2017-12-08,1512766800000,,10773.432771338947,749.7820545573318,10023.650716781616,5,2
2017-12-11,1513026000000,,10801.22564947993,298.9851595202126,10502.240489959717,5,2
2017-12-12,1513112400000,,10805.345135733683,163.86514572819078,10641.479990005493,5,2
2017-12-13,1513198800000,,10814.074256341726,153.61872808244834,10660.455528259277,5,2
2017-12-14,1513285200000,,10773.386186168105,156.635493800552,10616.750692367554,5,2
2017-12-15,1513371600000,,10821.961607289322,156.76727135182273,10665.1943359375,5,1
2017-12-18,1513630800000,,10908.066848499562,156.50459264018718,10751.562255859375,5,2
2017-12-19,1513717200000,,10850.744819419715,138.68190933975893,10712.062910079956,5,2
2017-12-20,1513803600000,,10840.566065801362,2330.8861837518025,8509.67988204956,4,1
2017-12-21,1513890000000,,10860.30650291362,192.08797798075693,10668.218524932861,5,2
2017-12-22,1513976400000,,11020.788329695846,192.08797798075693,10828.700351715088,5,2
2017-12-26,1514322000000,,10978.578015560299,352.851338619379,10625.726676940918,5,2
2017-12-27,1514408400000,,11073.152489895016,352.851338619379,10720.301151275635,5,2
2017-12-28,1514494800000,,11114.318699248272,469.96859014792994,10644.350109100342,5,2
2017-12-29,1514581200000,,11087.539444100286,340.94145120325356,10746.597992897034,5,2
2018-01-02,1514926800000,,11225.575833451177,340.94145120325356,10884.634382247925,5,2
2018-01-03,1515013200000,,11303.857719899172,252.80792284106428,11051.049797058105,5,2
2018-01-04,1515099600000,,11351.650738795233,423.7707262830254,10927.880012512207,5,2
2018-01-05,1515186000000,,11332.69065578742,423.7707262830254,10908.919929504395,5,2
2018-01-08,1515445200000,,11338.801611272662,234.46153864082316,11104.340072631836,5,2
2018-01-09,1515531600000,,11425.568050105201,347.94824572287416,11077.619804382324,5,2
2018-01-10,1515618000000,,11380.797457026343,215.87770299802014,11164.91975402832,5,2
2018-01-11,1515704400000,,11509.097612665992,215.87770299802014,11293.219909667969,5,2
2018-01-12,1515790800000,,11476.980121937291,2442.500011768834,9034.480110168457,4,2
2018-01-16,1516136400000,,11564.694712030407,479.5245689029671,11085.170143127441,5,2
2018-01-17,1516222800000,,11610.195771371698,402.30593219933417,11207.889839172363,5,2
2018-01-18,1516309200000,,11606.709948880436,243.87997756695722,11362.829971313477,5,2
2018-01-19,1516395600000,,11691.113816716388,419.1340365192423,11271.979780197144,5,2
2018-01-22,1516654800000,,11718.332429274771,2633.512206420158,9084.820222854614,4,2
2018-01-23,1516741200000,,11719.309259733374,5014.609241804297,6704.700017929077,3,2
2018-01-24,1516827600000,,11777.747132883556,285.72699318934156,11492.020139694214,5,2
2018-01-25,1516914000000,,11716.443789014364,1319.578650006796,10396.865139007568,5,2
2018-01-26,1517000400000,,11713.684140384448,1313.3791362645743,10400.305004119873,5,2
2018-01-29,1517259600000,,11633.341776794008,5819.851767486149,5813.490009307861,3,2
2018-01-30,1517346000000,,11653.359376410393,1211.4235129155218,10441.935863494873,5,2
2018-01-31,1517432400000,,11542.533347592233,1202.1671976898883,10340.366149902344,5,2
2018-02-01,1517518800000,,11519.437782357945,3413.0775376069682,8106.360244750977,4,1
2018-02-02,1517605200000,,11211.083473485258,4591.5736163075235,6619.509857177734,3,1
2018-02-05,1517864400000,,10810.956445358643,3259.8873917087394,7551.069053649902,4,2
2018-02-06,1517950800000,,10906.163501938954,5107.941642960684,5798.2218589782715,3,2
2018-02-07,1518037200000,,10791.814217956384,963.1086057737657,9828.705612182617,5,2
2018-02-08,1518123600000,,10485.386304818043,4918.636320076833,5566.749984741211,3,1
2018-02-09,1518210000000,,10515.705117616037,2780.4252332776573,7735.279884338379,4,1
2018-02-12,1518469200000,,10614.531325850927,1305.3111949305162,9309.22013092041,5,1
2018-02-13,1518555600000,,10641.939294106147,2528.0592072073428,8113.880086898804,5,1
2018-02-14,1518642000000,,10752.400149666122,2195.2570050585773,8557.143144607544,5,2
2018-02-15,1518728400000,,10824.336403478597,5854.915119756673,4969.421283721924,3,2
2018-02-16,1518814800000,,10848.380559053858,6036.310513582665,4812.070045471191,3,2
2018-02-20,1519160400000,,10816.551419532178,3971.851517951367,6844.699901580811,4,2
2018-02-21,1519246800000,,10764.781914319525,2245.282250012884,8519.49966430664,5,2
2018-02-22,1519333200000,,10778.29674967719,2245.282250012884,8533.014499664307,5,2
2018-02-23,1519419600000,,10860.708778943548,2245.282250012884,8615.426528930664,5,2
2018-02-26,1519678800000,,10919.955936428076,5373.008747097021,5546.947189331055,3,1
2018-02-27,1519765200000,,10863.049674033478,5803.047626494722,5060.002047538757,3,2
2018-02-28,1519851600000,,10770.048084008875,2879.206023919763,7890.842060089111,5,2
2018-03-01,1519938000000,,10708.789875734034,2879.206023919763,7829.58385181427,5,2
2018-03-02,1520024400000,,10692.858271516343,4969.490239060899,5723.368032455444,4,2
2018-03-05,1520283600000,,10743.504584412934,2635.1167012265946,8108.38788318634,5,2
2018-03-06,1520370000000,,10797.306475877673,2539.4143183230467,8257.892157554626,5,2
2018-03-07,1520456400000,,10777.891306163836,1210.3242857475761,9567.56702041626,5,1
2018-03-08,1520542800000,,10671.922454942123,1972.9623948224953,8698.960060119629,5,2
2018-03-09,1520629200000,,10772.494165926675,1729.374132662515,9043.12003326416,5,2
2018-03-12,1520884800000,,10776.766810242123,5643.706812683529,5133.059997558594,3,2
2018-03-13,1520971200000,,10801.33753835777,3633.017637845074,7168.319900512695,4,2
2018-03-14,1521057600000,,10808.24084940206,1259.0008706117762,9549.239978790283,5,2
2018-03-15,1521144000000,,10754.950144296645,1180.440260416029,9574.509883880615,5,2
2018-03-16,1521230400000,,10727.425306802748,1180.440260416029,9546.985046386719,5,2
2018-03-19,1521489600000,,10728.15527201271,1180.440260416029,9547.71501159668,5,2
2018-03-20,1521576000000,,10738.196783478294,3168.8566536259987,7569.340129852295,4,2
2018-03-21,1521662400000,,10732.771056058542,1864.1911381508264,8868.579917907715,5,2
2018-03-22,1521748800000,,10506.45669587359,1769.511555034967,8736.945140838623,5,2
2018-03-23,1521835200000,,10340.115674098257,4770.975735743765,5569.139938354492,3,1
2018-03-26,1522094400000,,10388.094216372261,10388.094216372261,0,0,0
2018-03-27,1522180800000,,10331.794130445398,4753.814081312097,5577.980049133301,3,2
2018-03-28,1522267200000,,10337.466985294759,2735.166863987386,7602.300121307373,4,2
2018-03-29,1522353600000,,10538.364475841696,538.6595312310974,9999.704944610596,5,2
2018-04-02,1522699200000,,10462.093363517237,6465.373293631983,3996.720069885254,2,1
2018-04-03,1522785600000,,10519.146586623445,10519.146586623445,0,0,0
2018-04-04,1522872000000,,10611.800642639117,2457.0770708617724,8154.723571777344,4,2
2018-04-05,1522958400000,,10636.35233941646,2457.0770708617724,8179.2752685546875,4,2
2018-04-06,1523044800000,,10590.787003709574,6549.271699144146,4041.5153045654297,2,1
2018-04-09,1523304000000,,10605.56262974926,1180.8174706000898,9424.74515914917,5,2
2018-04-10,1523390400000,,10749.862170475533,3259.9768021283644,7489.885368347168,4,2
2018-04-11,1523476800000,,10744.479674552233,7249.494460318834,3494.9852142333984,2,2
2018-04-12,1523563200000,,10695.790719602152,5151.433904264017,5544.356815338135,3,1
2018-04-13,1523649600000,,10720.657689551374,795.602540473003,9925.05514907837,5,2
2018-04-16,1523908800000,,10810.751401914727,1525.413927091729,9285.337474822998,5,2
2018-04-17,1523995200000,,10838.86301434757,5357.9804383588,5480.8825759887695,3,2
2018-04-18,1524081600000,,10861.951023289994,6133.640985677079,4728.310037612915,3,1
2018-04-19,1524168000000,,10829.408335427857,3982.7198941513066,6846.68844127655,4,2
2018-04-20,1524254400000,,10720.165434935672,5276.165320494753,5444.000114440918,3,2
2018-04-23,1524513600000,,10683.334996124951,1805.1015442816902,8878.233451843262,5,2
2018-04-24,1524600000000,,10662.656081714686,1932.8659320259646,8729.79014968872,5,2
2018-04-25,1524686400000,,10674.12816006148,636.604821743611,10037.523338317871,5,2
2018-04-26,1524772800000,,10716.321932102339,1402.2351477395468,9314.086784362793,5,2
2018-04-27,1524859200000,,10607.73007026064,1520.7867566620073,9086.943313598633,5,2
2018-04-30,1525118400000,,10502.693666604635,1520.7867566620073,8981.906909942627,5,2
2018-05-01,1525204800000,,10442.663471861044,4610.4902273847265,5832.173244476318,3,1
2018-05-02,1525291200000,,10361.658933268933,631.3890358079952,9730.269897460938,5,2
2018-05-03,1525377600000,,10358.758969890026,631.3890358079952,9727.369934082031,5,2
2018-05-04,1525464000000,,10529.009038554577,631.3890358079952,9897.620002746582,5,2
2018-05-07,1525723200000,,10487.692864661398,492.1430447151092,9995.549819946289,5,2
2018-05-08,1525809600000,,10510.098675307841,154.1488462062789,10355.949829101562,5,2
2018-05-09,1525896000000,,10508.440906645634,261.1560250538364,10247.284881591797,5,2
2018-05-10,1525982400000,,10559.639242297404,298.1292897522376,10261.509952545166,5,2
2018-05-11,1526068800000,,10517.278824942092,6380.128800528029,4137.1500244140625,2,1
2018-05-14,1526328000000,,10502.134237549166,6305.644224426607,4196.490013122559,2,1
2018-05-15,1526414400000,,10459.844543065034,847.4292617692565,9612.415281295776,5,1
2018-05-16,1526500800000,,10518.674283589326,847.4292617692565,9671.245021820068,5,1
2018-05-17,1526587200000,,10485.011925789528,693.6366778342081,9791.375247955322,5,1
2018-05-18,1526673600000,,10462.189738218236,329.5846547526594,10132.605083465576,5,1
2018-05-21,1526932800000,,10527.473036037716,360.6878073084688,10166.785228729248,5,1
2018-05-22,1527019200000,,10602.699580358812,695.5025665038315,9907.19701385498,5,2
2018-05-23,1527105600000,,10563.207303385509,843.1471494243276,9720.060153961182,5,2
2018-05-24,1527192000000,,10552.913860155773,1087.5937441126825,9465.32011604309,5,2
2018-05-25,1527278400000,,10528.153674803447,603.568622313212,9924.585052490234,5,2
2018-05-29,1527624000000,,10429.256415945552,2769.786254507564,7659.470161437988,4,1
2018-05-30,1527710400000,,10602.151586725948,549.8215810801948,10052.330005645752,5,1
2018-05-31,1527796800000,,10471.95152497454,1123.3915693776155,9348.559955596924,5,1
2018-06-01,1527883200000,,10532.88591118465,480.38571663508947,10052.50019454956,5,1
2018-06-04,1528142400000,,10370.604881547017,4816.1548121195265,5554.45006942749,3,1
2018-06-05,1528228800000,,10277.618609242745,1027.8186138203805,9249.799995422363,5,1
2018-06-06,1528315200000,,10352.238489919015,1027.8186138203805,9324.419876098633,5,1
2018-06-07,1528401600000,,10352.160280201533,1087.9552097059272,9264.205070495605,5,2
2018-06-08,1528488000000,,10419.63577699792,752.3724446309773,9667.263332366943,5,2
2018-06-11,1528747200000,,10403.89731271425,719.0106607214532,9684.886651992798,5,2
2018-06-12,1528833600000,,10574.928482373372,462.35584290804127,10112.572639465332,5,2
2018-06-13,1528920000000,,10537.57421953833,1016.3543346658939,9521.219884872437,5,1
2018-06-14,1529006400000,,10572.752518569214,709.6324566948247,9863.12006187439,5,2
2018-06-15,1529092800000,,10505.622658016895,707.1825048949477,9798.440153121948,5,2
2018-06-18,1529352000000,,10591.144172661656,607.5502395561866,9983.593933105469,5,2
2018-06-19,1529438400000,,10516.618956128414,129.800404111204,10386.818552017212,5,2
2018-06-20,1529524800000,,10525.325113349912,116.72793775176865,10408.597175598145,5,2
2018-06-21,1529611200000,,10424.489473667927,178.7477382095551,10245.741735458374,5,2
2018-06-22,1529697600000,,10524.974924412556,178.7477382095551,10346.227186203003,5,2
2018-06-25,1529956800000,,10447.24918779371,347.28100618360304,10099.968181610107,5,2
2018-06-26,1530043200000,,10436.274160235163,445.4244328429688,9990.849727392197,5,2
2018-06-27,1530129600000,,10334.644719569387,2438.674566714468,7895.970152854919,4,2
2018-06-28,1530216000000,,10281.734349009083,2328.066044565722,7953.668304443359,4,1
2018-06-29,1530302400000,,10199.359071201527,498.18755359097645,9701.17151761055,5,2
2018-07-02,1530561600000,,10206.944887956926,2464.48638614113,7742.458501815796,4,2
2018-07-03,1530648000000,,10197.005803119895,299.01249791359646,9897.993305206299,5,2
2018-07-05,1530820800000,,10224.234387566099,326.57110707903826,9897.66328048706,5,2
2018-07-06,1530907200000,,10259.680043650773,532.3501410018475,9727.329902648926,5,2
2018-07-09,1531166400000,,10301.743036241016,4467.299844712696,5834.44319152832,3,1
2018-07-10,1531252800000,,10336.552744292474,4255.302580260492,6081.250164031982,3,2
2018-07-11,1531339200000,,10441.612519644952,4255.302580260492,6186.30993938446,3,2
2018-07-12,1531425600000,,10490.487849529658,1008.2077935299023,9482.280055999756,5,1
2018-07-13,1531512000000,,10426.689627506741,705.4148338818632,9721.274793624878,5,2
2018-07-16,1531771200000,,10401.533391093135,2710.3784552563434,7691.154935836792,4,1
2018-07-17,1531857600000,,10402.072372769519,572.0123370639512,9830.060035705566,5,2
2018-07-18,1531944000000,,10420.775070101718,2611.145065218904,7809.6300048828125,4,2
2018-07-19,1532030400000,,10436.724158588566,605.9441292916886,9830.780029296875,5,2
2018-07-20,1532116800000,,10395.212520779067,571.7124959835355,9823.500024795532,5,1
2018-07-23,1532376000000,,10379.690946957744,562.7808746310843,9816.91007232666,5,2
2018-07-24,1532462400000,,10363.55551001112,369.5254521040158,9994.030057907104,5,2
2018-07-25,1532548800000,,10380.274859895406,367.69496487587526,10012.579895019531,5,2
2018-07-26,1532635200000,,10440.854607344727,409.3447380076452,10031.509869337082,5,2
2018-07-27,1532721600000,,10269.810098367037,2791.1042859128147,7478.705812454224,4,1
2018-07-30,1532980800000,,10218.780044664112,823.8385068070563,9394.941537857056,5,2
2018-07-31,1533067200000,,10406.023307908741,823.8385068070563,9582.184801101685,5,2
2018-08-01,1533153600000,,10364.512318337895,707.7424170622605,9656.769901275635,5,2
2018-08-02,1533240000000,,10375.442326272465,707.7424170622605,9667.699909210205,5,2
2018-08-03,1533326400000,,10508.492480958439,707.7424170622605,9800.75006389618,5,2
2018-08-06,1533585600000,,10453.03715495392,505.79703501983795,9947.240119934082,5,2
2018-08-07,1533672000000,,10503.447068970643,505.79703501983795,9997.650033950806,5,2
2018-08-08,1533758400000,,10450.175468009455,704.6154475626772,9745.560020446777,5,2
2018-08-09,1533844800000,,10445.253896274611,802.1740909004668,9643.079805374146,5,1
2018-08-10,1533931200000,,10370.624799244875,2798.8649725847204,7571.759826660156,4,1
2018-08-13,1534190400000,,10284.61386862452,684.7036933010309,9599.910175323486,5,2
2018-08-14,1534276800000,,10360.302918383664,700.3230370970432,9659.979881286621,5,2
2018-08-15,1534363200000,,10296.902371410268,469.86241627110803,9827.03995513916,5,2
2018-08-16,1534449600000,,10379.043849344793,438.5437883096365,9940.500061035156,5,2
2018-08-17,1534536000000,,10354.27735723431,1489.533332957576,8864.744024276733,5,2
2018-08-20,1534795200000,,10484.780311717343,1489.533332957576,8995.246978759766,5,2
2018-08-21,1534881600000,,10547.735044246965,3380.59603095656,7167.139013290405,4,2
2018-08-22,1534968000000,,10555.171918034526,6506.111920475933,4049.0599975585938,2,1
2018-08-23,1535054400000,,10574.727466288465,414.7575451764037,10159.96992111206,5,2
2018-08-24,1535140800000,,10633.317714396375,414.7575451764037,10218.56016921997,5,2
2018-08-27,1535400000000,,10582.70575777435,353.63721052551045,10229.06854724884,5,1
2018-08-28,1535486400000,,10610.844961769264,317.082157737892,10293.762804031372,5,2
2018-08-29,1535572800000,,10587.21973829178,133.8679888716133,10453.351749420166,5,2
2018-08-30,1535659200000,,10484.959450080969,138.6473887711536,10346.312061309814,5,2
2018-08-31,1535745600000,,10476.039884002545,2157.2074178770563,8318.832466125488,4,2
2018-09-04,1536091200000,,10487.953571142396,2153.8135717527502,8334.139999389648,4,2
2018-09-05,1536177600000,,10614.134217775778,223.27439836354688,10390.859819412231,5,2
2018-09-06,1536264000000,,10489.952858830458,209.06298532582014,10280.889873504639,5,2
2018-09-07,1536350400000,,10401.16292848683,209.06298532582014,10192.09994316101,5,2
2018-09-10,1536609600000,,10562.090800502994,87.84059832403864,10474.250202178955,5,2
2018-09-11,1536696000000,,10546.940544066463,149.43057626250902,10397.509967803955,5,2
2018-09-12,1536782400000,,10535.449766287958,198.33986104503924,10337.10990524292,5,2
2018-09-13,1536868800000,,10479.450807266825,2257.2507798010047,8222.20002746582,4,1
2018-09-14,1536955200000,,10497.18316888842,1329.4482254985273,9167.734943389893,5,2
2018-09-17,1537214400000,,10365.224449995538,1499.7843197617744,8865.440130233765,5,2
2018-09-18,1537300800000,,10443.632793755887,732.8627608731965,9710.77003288269,5,2
2018-09-19,1537387200000,,10481.023280672256,1249.2831588308263,9231.74012184143,5,2
2018-09-20,1537473600000,,10503.736494856204,688.7815044692411,9814.954990386963,5,1
2018-09-21,1537560000000,,10455.269586507184,445.29449648033096,10009.975090026855,5,2
2018-09-24,1537819200000,,10420.624685231549,445.29449648033096,9975.33018875122,5,2
2018-09-25,1537905600000,,10407.169588033063,445.29449648033096,9961.875091552734,5,2
2018-09-26,1537992000000,,10318.283561867967,2274.143650216357,8044.139911651611,4,1
2018-09-27,1538078400000,,10320.295825524125,302.21493486860754,10018.080890655518,5,2
2018-09-28,1538164800000,,10394.186598656055,186.2714832996071,10207.915115356445,5,2
2018-10-01,1538424000000,,10373.145965675198,247.99357614883002,10125.152389526367,5,2
2018-10-02,1538510400000,,10304.566551483902,365.18679074171473,9939.379760742188,5,2
2018-10-03,1538596800000,,10292.444958799333,2346.731839292497,7945.713119506836,4,2
2018-10-04,1538683200000,,10217.660812203212,3002.044427696986,7215.616384506226,4,1
2018-10-05,1538769600000,,10205.029704782417,1011.5479924411079,9193.481712341309,5,1
2018-10-08,1539028800000,,10103.89049554483,2796.2612307132877,7307.629264831543,4,2
2018-10-09,1539115200000,,10079.75592423751,781.3879661686617,9298.367958068848,5,2
2018-10-10,1539201600000,,9801.476204605437,2614.526138992644,7186.950065612793,4,1
2018-10-11,1539288000000,,9743.07612978272,4602.056171286626,5141.019958496094,3,1
2018-10-12,1539374400000,,9826.987398702744,9826.987398702744,0,0,0
2018-10-15,1539633600000,,9826.987398702744,9826.987398702744,0,0,0
2018-10-16,1539720000000,,9826.987398702744,9826.987398702744,0,0,0
2018-10-17,1539806400000,,9857.430402563637,8518.980390356606,1338.4500122070312,1,1
2018-10-18,1539892800000,,9824.380803760083,3295.380590137035,6529.000213623047,4,2
2018-10-19,1539979200000,,9808.832278025202,9808.832278025202,0,0,0
2018-10-22,1540238400000,,9808.832278025202,9808.832278025202,0,0,0
2018-10-23,1540324800000,,9808.832278025202,9808.832278025202,0,0,0
2018-10-24,1540411200000,,9808.832278025202,9808.832278025202,0,0,0
2018-10-25,1540497600000,,9808.832278025202,9808.832278025202,0,0,0
2018-10-26,1540584000000,,9808.832278025202,9808.832278025202,0,0,0
2018-10-29,1540843200000,,9808.832278025202,9808.832278025202,0,0,0
2018-10-30,1540929600000,,9808.832278025202,9808.832278025202,0,0,0
2018-10-31,1541016000000,,9808.832278025202,9808.832278025202,0,0,0
2018-11-01,1541102400000,,9808.832278025202,9808.832278025202,0,0,0
2018-11-02,1541188800000,,9808.832278025202,9808.832278025202,0,0,0
2018-11-05,1541451600000,,9808.832278025202,9808.832278025202,0,0,0
2018-11-06,1541538000000,,9808.832278025202,9808.832278025202,0,0,0
2018-11-07,1541624400000,,9808.832278025202,9808.832278025202,0,0,0
2018-11-08,1541710800000,,9808.832278025202,9808.832278025202,0,0,0
2018-11-09,1541797200000,,9795.540811750147,7956.040811750147,1839.5,1,1
2018-11-12,1542056400000,,9714.159144017183,4792.079203221286,4922.079940795898,3,2
2018-11-13,1542142800000,,9732.734838096932,9732.734838096932,0,0,0
2018-11-14,1542229200000,,9732.734838096932,9732.734838096932,0,0,0
2018-11-15,1542315600000,,9732.734838096932,9732.734838096932,0,0,0
2018-11-16,1542402000000,,9732.734838096932,9732.734838096932,0,0,0
2018-11-19,1542661200000,,9732.734838096932,9732.734838096932,0,0,0
2018-11-20,1542747600000,,9732.734838096932,9732.734838096932,0,0,0
2018-11-21,1542834000000,,9732.734838096932,9732.734838096932,0,0,0
2018-11-23,1543006800000,,9732.734838096932,9732.734838096932,0,0,0
2018-11-26,1543266000000,,9732.734838096932,9732.734838096932,0,0,0
2018-11-27,1543352400000,,9732.734838096932,9732.734838096932,0,0,0
2018-11-28,1543438800000,,9732.734838096932,9732.734838096932,0,0,0
2018-11-29,1543525200000,,9732.734838096932,9732.734838096932,0,0,0
2018-11-30,1543611600000,,9732.734838096932,9732.734838096932,0,0,0
2018-12-03,1543870800000,,9732.734838096932,9732.734838096932,0,0,0
2018-12-04,1543957200000,,9732.734838096932,9732.734838096932,0,0,0
2018-12-06,1544130000000,,9732.734838096932,9732.734838096932,0,0,0
2018-12-07,1544216400000,,9732.734838096932,9732.734838096932,0,0,0
2018-12-10,1544475600000,,9732.734838096932,9732.734838096932,0,0,0
2018-12-11,1544562000000,,9732.734838096932,9732.734838096932,0,0,0
2018-12-12,1544648400000,,9732.734838096932,9732.734838096932,0,0,0
2018-12-13,1544734800000,,9732.734838096932,9732.734838096932,0,0,0
2018-12-14,1544821200000,,9732.734838096932,9732.734838096932,0,0,0
2018-12-17,1545080400000,,9732.734838096932,9732.734838096932,0,0,0
2018-12-18,1545166800000,,9732.734838096932,9732.734838096932,0,0,0
2018-12-19,1545253200000,,9732.734838096932,9732.734838096932,0,0,0
2018-12-20,1545339600000,,9732.734838096932,9732.734838096932,0,0,0
2018-12-21,1545426000000,,9732.734838096932,9732.734838096932,0,0,0
2018-12-24,1545685200000,,9732.734838096932,9732.734838096932,0,0,0
2018-12-26,1545858000000,,9732.734838096932,9732.734838096932,0,0,0
2018-12-27,1545944400000,,9732.734838096932,9732.734838096932,0,0,0
2018-12-28,1546030800000,,9732.734838096932,9732.734838096932,0,0,0
2018-12-31,1546290000000,,9732.734838096932,9732.734838096932,0,0,0
2019-01-02,1546462800000,,9732.734838096932,9732.734838096932,0,0,0
2019-01-03,1546549200000,,9732.734838096932,9732.734838096932,0,0,0
2019-01-04,1546635600000,,9732.734838096932,9732.734838096932,0,0,0
2019-01-07,1546894800000,,9732.734838096932,9732.734838096932,0,0,0
2019-01-08,1546981200000,,9732.734838096932,9732.734838096932,0,0,0
2019-01-09,1547067600000,,9732.734838096932,9732.734838096932,0,0,0
2019-01-10,1547154000000,,9732.734838096932,9732.734838096932,0,0,0
2019-01-11,1547240400000,,9732.734838096932,9732.734838096932,0,0,0
2019-01-14,1547499600000,,9732.734838096932,9732.734838096932,0,0,0
2019-01-15,1547586000000,,9732.734838096932,9732.734838096932,0,0,0
2019-01-16,1547672400000,,9732.734838096932,9732.734838096932,0,0,0
2019-01-17,1547758800000,,9732.734838096932,9732.734838096932,0,0,0
2019-01-18,1547845200000,,9732.734838096932,9732.734838096932,0,0,0
2019-01-22,1548190800000,,9732.734838096932,9732.734838096932,0,0,0
2019-01-23,1548277200000,,9732.734838096932,9732.734838096932,0,0,0
2019-01-24,1548363600000,,9732.734838096932,9732.734838096932,0,0,0
2019-01-25,1548450000000,,9732.734838096932,9732.734838096932,0,0,0
2019-01-28,1548709200000,,9732.734838096932,9732.734838096932,0,0,0
2019-01-29,1548795600000,,9732.734838096932,9732.734838096932,0,0,0
2019-01-30,1548882000000,,9732.734838096932,9732.734838096932,0,0,0
2019-01-31,1548968400000,,9732.734838096932,9732.734838096932,0,0,0
2019-02-01,1549054800000,,9732.734838096932,9732.734838096932,0,0,0
2019-02-04,1549314000000,,9732.734838096932,9732.734838096932,0,0,0
2019-02-05,1549400400000,,9732.734838096932,9732.734838096932,0,0,0
2019-02-06,1549486800000,,9732.734838096932,9732.734838096932,0,0,0
2019-02-07,1549573200000,,9732.734838096932,9732.734838096932,0,0,0
2019-02-08,1549659600000,,9732.734838096932,9732.734838096932,0,0,0
2019-02-11,1549918800000,,9732.734838096932,9732.734838096932,0,0,0
2019-02-12,1550005200000,,9732.734838096932,9732.734838096932,0,0,0
2019-02-13,1550091600000,,9762.028059527038,78.71813826238849,9683.309921264648,5,2
2019-02-14,1550178000000,,9750.278250261901,78.71813826238849,9671.560111999512,5,2
2019-02-15,1550264400000,,9808.380483229057,2072.7605567764203,7735.619926452637,4,2
2019-02-19,1550610000000,,9811.68105756727,2357.7209516712737,7453.960105895996,4,2
2019-02-20,1550696400000,,9849.362957445848,538.3029522578597,9311.060005187988,5,2
2019-02-21,1550782800000,,9798.462090719628,394.02215694277197,9404.439933776855,5,2
2019-02-22,1550869200000,,9905.94854503273,588.7884536325842,9317.160091400146,5,2
2019-02-25,1551128400000,,9857.0974877656,600.2042077363039,9256.893280029297,5,2
2019-02-26,1551214800000,,9826.42742074469,452.50414956549093,9373.9232711792,5,2
2019-02-27,1551301200000,,9810.597948316521,584.5532019175948,9226.044746398926,5,2
2019-02-28,1551387600000,,9814.413034681267,584.5532019175948,9229.859832763672,5,2
2019-03-01,1551474000000,,9926.463523777771,689.7701109970096,9236.693412780762,5,2
2019-03-04,1551733200000,,9929.657135667654,373.6204344652624,9556.036701202393,5,2
2019-03-05,1551819600000,,9925.120230859411,359.75693053592545,9565.363300323486,5,2
2019-03-06,1551906000000,,9870.686995690954,359.75693053592545,9510.93006515503,5,2
2019-03-07,1551992400000,,9777.703665918005,359.75693053592545,9417.94673538208,5,2
2019-03-08,1552078800000,,9812.55444812488,2314.950974461549,7497.60347366333,4,1
2019-03-11,1552334400000,,9819.777079092932,9819.777079092932,0,0,0
2019-03-12,1552420800000,,9858.23834852954,2255.3822637059316,7602.856084823608,4,1
2019-03-13,1552507200000,,9909.982278657526,1113.7161653762757,8796.26611328125,5,1
2019-03-14,1552593600000,,9874.099237971946,4943.799212032005,4930.300025939941,3,1
2019-03-15,1552680000000,,9913.286196711573,1197.8661451368637,8715.420051574707,5,2
2019-03-18,1552939200000,,10005.584878534788,1212.5648971505111,8793.019981384277,5,2
2019-03-19,1553025600000,,9999.637270044625,1013.877342294991,8985.759927749634,5,2
2019-03-20,1553112000000,,10024.837379526436,1013.877342294991,9010.960037231445,5,2
2019-03-21,1553198400000,,10220.58842705092,616.5584225495763,9604.030004501343,5,2
2019-03-22,1553284800000,,10037.002777315498,2675.20277426374,7361.800003051758,4,2
2019-03-25,1553544000000,,10101.211413621,782.3914253702685,9318.819988250732,5,2
2019-03-26,1553630400000,,10200.771250962309,782.3914253702685,9418.379825592041,5,2
2019-03-27,1553716800000,,10133.39435940701,1721.3844678969997,8412.00989151001,5,2
2019-03-28,1553803200000,,10189.334575471463,1721.3844678969997,8467.950107574463,5,2
2019-03-29,1553889600000,,10269.139991439924,1257.1270138398272,9012.012977600098,5,2
2019-04-01,1554148800000,,10378.458910632544,1009.6230723146732,9368.835838317871,5,2
2019-04-02,1554235200000,,10403.02386910786,4600.313770841259,5802.710098266602,3,2
2019-04-03,1554321600000,,10385.90055510375,493.88048979613086,9892.020065307617,5,2
2019-04-04,1554408000000,,10380.380718677969,493.88048979613086,9886.500228881836,5,2
2019-04-05,1554494400000,,10441.68983463932,574.5197525470358,9867.170082092285,5,2
2019-04-08,1554753600000,,10395.302836685409,431.7994416048432,9963.503395080566,5,2
2019-04-09,1554840000000,,10390.360203887858,511.8280993956712,9878.532104492188,5,2
2019-04-10,1554926400000,,10470.606301452555,511.8280993956712,9958.778202056885,5,2
2019-04-11,1555012800000,,10443.470018892931,773.6166100794542,9669.853408813477,5,2
2019-04-12,1555099200000,,10424.361360034807,660.0798201178145,9764.281539916992,5,2
2019-04-15,1555358400000,,10376.584947657791,2619.084920954912,7757.500026702881,4,2
2019-04-16,1555444800000,,10276.126871486205,889.696855922243,9386.430015563965,5,2
2019-04-17,1555531200000,,10145.533097657943,4103.143037233139,6042.390060424805,3,2
2019-04-18,1555617600000,,10175.810467182368,90.84228557226174,10084.968181610107,5,2
2019-04-22,1555963200000,,10197.759065703782,571.1603794855196,9626.598686218262,5,2
2019-04-23,1556049600000,,10308.053329100952,698.3972965386961,9609.656032562256,5,2
2019-04-24,1556136000000,,10287.80112089866,637.9410497164113,9649.860071182251,5,1
2019-04-25,1556222400000,,10280.66637874211,696.1462523993332,9584.520126342773,5,1
2019-04-26,1556308800000,,10314.806339984785,696.1462523993332,9618.66008758545,5,1
2019-04-29,1556568000000,,10181.195235808123,856.0052467181579,9325.189989089966,5,2
2019-04-30,1556654400000,,10190.127408102337,2140.207358434979,8049.920049667358,4,2
2019-05-01,1556740800000,,10080.433282769827,2624.5711745392355,7455.862108230591,4,2
2019-05-02,1556827200000,,10098.724119105951,616.2242602497497,9482.499858856201,5,2
2019-05-03,1556913600000,,10143.368753352777,616.2242602497497,9527.144493103027,5,2
2019-05-06,1557172800000,,9934.888159219581,4534.7647938173595,5400.123365402222,3,1
2019-05-07,1557259200000,,9789.012951071525,3166.555286581779,6622.457664489746,4,2
2019-05-08,1557345600000,,9789.002887605991,1232.2324446433445,8556.770442962646,5,2
2019-05-09,1557432000000,,9765.39889895853,1232.2324446433445,8533.166454315186,5,2
2019-05-10,1557518400000,,9825.70808017191,1232.2324446433445,8593.475635528564,5,2
2019-05-13,1557777600000,,9556.80236614944,5778.268888366239,3778.533477783203,2,1
2019-05-14,1557864000000,,9576.410268117937,242.71254937842969,9333.69771873951,5,1
2019-05-15,1557950400000,,9611.55150191978,242.71254937842969,9368.838952541351,5,1
2019-05-16,1558036800000,,9659.034949435358,752.251639498835,8906.783309936523,5,2
2019-05-17,1558123200000,,9595.161255467645,348.9612241871273,9246.200031280518,5,1
2019-05-20,1558382400000,,9559.163573878803,2185.093581813372,7374.06999206543,4,2
2019-05-21,1558468800000,,9623.422236608083,1036.672270940358,8586.749965667725,5,2
2019-05-22,1558555200000,,9634.14230267864,1036.672270940358,8597.470031738281,5,2
2019-05-23,1558641600000,,9553.495679520787,2896.0357491008645,6657.459930419922,4,1
2019-05-24,1558728000000,,9563.768940862434,1127.9290170037918,8435.839923858643,5,1
2019-05-28,1559073600000,,9519.414130148767,1571.6142320011838,7947.799898147583,5,2
2019-05-29,1559160000000,,9449.294253287195,1571.6142320011838,7877.680021286011,5,2
2019-05-30,1559246400000,,9660.534050879358,1571.6142320011838,8088.919818878174,5,2
2019-05-31,1559332800000,,9496.446416284638,2121.8173498173537,7374.629066467285,4,1
2019-06-03,1559592000000,,9489.331258034179,9489.331258034179,0,0,0
2019-06-04,1559678400000,,9489.331258034179,9489.331258034179,0,0,0
2019-06-05,1559764800000,,9567.929977758416,1962.59004627038,7605.339931488037,4,2
2019-06-06,1559851200000,,9573.59237561194,5860.192423677126,3713.3999519348145,2,1
2019-06-07,1559937600000,,9565.636944024976,6365.45191690248,3200.1850271224976,2,1
2019-06-10,1560196800000,,9573.457885711607,6365.45191690248,3208.005968809128,2,1
2019-06-11,1560283200000,,9558.157278602244,6604.003223126056,2954.1540554761887,2,1
2019-06-12,1560369600000,,9572.578735084293,855.6807764480075,8716.897958636284,5,2
2019-06-13,1560456000000,,9561.35982629752,855.6807764480075,8705.67904984951,5,2
2019-06-14,1560542400000,,9598.409276906621,364.9867038170214,9233.4225730896,5,2
2019-06-17,1560801600000,,9659.380861581709,856.090963663007,8803.289897918701,5,2
2019-06-18,1560888000000,,9714.276416321287,472.3166146473977,9241.95980167389,5,2
2019-06-19,1560974400000,,9723.18408205115,484.9592933853778,9238.224788665771,5,2
2019-06-20,1561060800000,,9780.794531850683,510.93464186655274,9269.85988998413,5,2
2019-06-21,1561147200000,,9722.838408016429,4021.2443833582247,5701.594024658203,3,2
2019-06-24,1561406400000,,9697.788434122811,117.7704554545976,9580.017978668213,5,1
2019-06-25,1561492800000,,9591.841975473133,234.55990149852187,9357.28207397461,5,1
2019-06-26,1561579200000,,9535.705251313913,2063.8572479264612,7471.848003387451,4,1
2019-06-27,1561665600000,,9600.13107057847,182.29704424179954,9417.83402633667,5,1
2019-06-28,1561752000000,,9670.587245930963,116.14880751543501,9554.438438415527,5,2
2019-07-01,1562011200000,,9675.925766412705,244.41954082676784,9431.506225585938,5,2
2019-07-02,1562097600000,,9796.767438854538,310.41370960649124,9486.353729248047,5,2
2019-07-03,1562184000000,,9846.932241725179,7946.932241725178,1900,1,1
2019-07-05,1562356800000,,9792.194961377007,7912.585020132881,1879.6099412441254,1,1
2019-07-08,1562616000000,,9783.984181676049,4018.894320998329,5765.089860677719,3,2
2019-07-09,1562702400000,,9782.336029810274,150.0154173797016,9632.320612430573,5,2
2019-07-10,1562788800000,,9787.676680558938,124.9261238515553,9662.750556707382,5,2
2019-07-11,1562875200000,,9786.94334035345,292.0984249634339,9494.844915390015,5,2
2019-07-12,1562961600000,,9939.096509985407,292.0984249634339,9646.998085021973,5,2
2019-07-15,1563220800000,,9900.859077547871,557.349281405294,9343.509796142578,5,2
2019-07-16,1563307200000,,9887.194237267842,463.77421621071426,9423.420021057129,5,2
2019-07-17,1563393600000,,9887.296163084098,452.96629095274966,9434.329872131348,5,2
2019-07-18,1563480000000,,9959.382027656078,2367.0419626536363,7592.340065002441,4,2
2019-07-19,1563566400000,,9874.491238044244,371.9712280497374,9502.520009994507,5,2
2019-07-22,1563825600000,,9905.691233085137,371.9712280497374,9533.7200050354,5,2
2019-07-23,1563912000000,,9945.006132153261,511.2792778289197,9433.72685432434,5,2
2019-07-24,1563998400000,,10008.818032033265,349.6873996327529,9659.130632400513,5,2
2019-07-25,1564084800000,,10016.556376140972,797.2918421443926,9219.264533996582,5,1
2019-07-26,1564171200000,,10012.893477910779,591.7202296197627,9421.173248291016,5,1
2019-07-29,1564430400000,,9949.101527684948,591.7202296197627,9357.381298065186,5,1
2019-07-30,1564516800000,,9955.099842948466,1994.9640969462673,7960.135746002197,4,1
2019-07-31,1564603200000,,9864.802724396082,969.9993300784565,8894.803394317627,5,1
2019-08-01,1564689600000,,9875.399214527872,2865.7691905715737,7009.630023956299,4,2
2019-08-02,1564776000000,,9653.802800423373,5835.24083448099,3818.561965942383,2,1
2019-08-05,1565035200000,,9455.51728908071,4326.017350115866,5129.499938964844,3,1
2019-08-06,1565121600000,,9664.185745636112,1447.2358631287887,8216.949882507324,5,2
2019-08-07,1565208000000,,9658.95443013764,1023.3543629989715,8635.600067138672,5,2
2019-08-08,1565294400000,,9864.690340709656,1267.1102740287472,8597.580066680908,5,2
2019-08-09,1565380800000,,9842.53191281365,8120.551825533378,1721.9800872802734,1,1
2019-08-12,1565640000000,,9792.002694163099,5914.928917917981,3877.073776245117,2,1
2019-08-13,1565726400000,,9894.709764853906,716.4844154276361,9178.22534942627,5,2
2019-08-14,1565812800000,,9649.856562096604,2173.4063744134987,7476.4501876831055,4,2
2019-08-15,1565899200000,,9657.948526882235,1005.8043122521094,8652.144214630127,5,2
2019-08-16,1565985600000,,9742.476843380038,1005.8043122521094,8736.67253112793,5,2
2019-08-19,1566244800000,,9815.338701238885,3964.018640508905,5851.3200607299805,3,2
2019-08-20,1566331200000,,9759.484568593398,5905.904582021133,3853.5799865722656,2,1
2019-08-21,1566417600000,,9779.731396265457,3971.2514081673125,5808.4799880981445,3,1
2019-08-22,1566504000000,,9775.091427393387,3971.2514081673125,5803.840019226074,3,1
2019-08-23,1566590400000,,9653.88964638942,3922.0470407986004,5731.84260559082,3,1
2019-08-26,1566849600000,,9732.75205805598,2574.2621822625233,7158.489875793457,5,2
2019-08-27,1566936000000,,9712.708735063388,3077.8660856035485,6634.842649459839,5,2
2019-08-28,1567022400000,,9706.127639586413,3221.3501146382932,6484.77752494812,5,2
2019-08-29,1567108800000,,9854.318201898997,3254.3957661384993,6599.922435760498,5,2
2019-08-30,1567195200000,,9712.75048253703,4579.240350701094,5133.5101318359375,3,1
2019-09-03,1567540800000,,9899.280050204798,763.6401805148569,9135.639869689941,5,2
2019-09-04,1567627200000,,9935.469314294405,3234.9292809539506,6700.540033340454,4,1
2019-09-05,1567713600000,,9965.690410949404,1609.44033274811,8356.250078201294,5,2
2019-09-06,1567800000000,,10149.888782800728,1253.4286082401813,8896.460174560547,5,2
2019-09-09,1568059200000,,9874.668616057046,4910.25871920646,4964.409896850586,3,1
2019-09-10,1568145600000,,9748.305907315871,5022.995734281202,4725.310173034668,3,2
2019-09-11,1568232000000,,9744.483980246087,3074.3840504365153,6670.09992980957,4,2
2019-09-12,1568318400000,,9824.460652262338,1189.520680338508,8634.939971923828,5,2
2019-09-13,1568404800000,,9704.55161944159,2523.591582210144,7180.960037231445,4,2
2019-09-16,1568664000000,,9665.202127703127,218.96219850390867,9446.239929199219,5,1
2019-09-17,1568750400000,,9874.422250994143,218.96219850390867,9655.460052490234,5,1
2019-09-18,1568836800000,,9891.348583653511,4210.698513463081,5680.65007019043,3,1
2019-09-19,1568923200000,,9860.22288014144,872.5779178306495,8987.644962310791,5,2
2019-09-20,1569009600000,,9867.678308122855,1199.753373735648,8667.924934387207,5,2
2019-09-23,1569268800000,,9868.603479021293,1199.753373735648,8668.850105285645,5,2
2019-09-24,1569355200000,,9815.223833213686,1631.3838445051902,8183.839988708496,5,2
2019-09-25,1569441600000,,9884.423629966725,762.8155672225837,9121.60806274414,5,1
2019-09-26,1569528000000,,9807.065848877031,585.5659556885555,9221.499893188477,5,2
2019-09-27,1569614400000,,9714.091695533096,2374.6717469552145,7339.419948577881,4,2
2019-09-30,1569873600000,,9800.059596446714,88.5579847371182,9711.501611709595,5,2
2019-10-01,1569960000000,,9661.129851131376,1948.8473785209017,7712.282472610474,4,1
2019-10-02,1570046400000,,9557.201614154515,24.224277270970333,9532.977336883545,5,2
2019-10-03,1570132800000,,9512.762663772513,2698.477713516166,6814.284950256348,4,2
2019-10-04,1570219200000,,9621.289957448995,959.5325779171326,8661.75737953186,5,2
2019-10-07,1570478400000,,9695.093296995368,1637.073155393804,8058.0201416015625,5,1
2019-10-08,1570564800000,,9602.741923927848,1738.0418201680807,7864.700103759766,5,2
2019-10-09,1570651200000,,9691.85200846154,1738.0418201680807,7953.810188293457,5,2
2019-10-10,1570737600000,,9726.440962758768,2472.960844960917,7253.480117797852,4,1
2019-10-11,1570824000000,,9802.74332104695,2297.6932645894294,7505.0500564575195,4,2
2019-10-14,1571083200000,,9760.256928484632,328.3569193293588,9431.900009155273,5,2
2019-10-15,1571169600000,,9692.045082526469,296.04494519736704,9396.000137329102,5,2
2019-10-16,1571256000000,,9684.82659194791,320.74182937466844,9364.084762573242,5,2
2019-10-17,1571342400000,,9731.572014311192,320.74182937466844,9410.830184936523,5,2
2019-10-18,1571428800000,,9731.454621836861,365.1495757553182,9366.305046081543,5,2
2019-10-21,1571688000000,,9779.349296651277,401.56932838955777,9377.779968261719,5,2
2019-10-22,1571774400000,,9634.416659001878,2487.3666826529998,7147.049976348877,4,1
2019-10-23,1571860800000,,9565.358520507047,2492.578529357144,7072.779991149902,4,2
2019-10-24,1571947200000,,9590.813583912033,586.2735829965063,9004.540000915527,5,2
2019-10-25,1572033600000,,9538.438875378892,551.5889531987159,8986.849922180176,5,1
2019-10-28,1572292800000,,9475.339066813045,3942.099046061091,5533.240020751953,3,1
2019-10-29,1572379200000,,9585.896810530194,218.4468898758978,9367.449920654297,5,2
2019-10-30,1572465600000,,9628.698043935816,55.49786006740737,9573.200183868408,5,2
2019-10-31,1572552000000,,9569.183420074141,937.1952380062708,8631.988182067871,5,2
2019-11-01,1572638400000,,9618.22688495918,1287.7538052777834,8330.473079681396,5,2
2019-11-04,1572901200000,,9509.3286861513,4410.130726251398,5099.197959899902,3,1
2019-11-05,1572987600000,,9511.362675301576,933.985119454408,8577.377555847168,5,2
2019-11-06,1573074000000,,9581.802024245408,403.979247450975,9177.822776794434,5,2
2019-11-07,1573160400000,,9427.275173377355,2895.755085181553,6531.520088195801,4,1
2019-11-08,1573246800000,,9404.858531084561,864.1784926324101,8540.680038452148,5,2
2019-11-11,1573506000000,,9352.34205314651,788.4021422578396,8563.939910888672,5,2
2019-11-12,1573592400000,,9335.302075119167,788.4021422578396,8546.899932861328,5,2
2019-11-13,1573678800000,,9455.673332175076,737.2633895481231,8718.409942626953,5,2
2019-11-14,1573765200000,,9483.4443117114,175.32444438657126,9308.11986732483,5,2
2019-11-15,1573851600000,,9538.693472189092,165.59352330603542,9373.099948883057,5,2
2019-11-18,1574110800000,,9467.782687169376,169.35260103351175,9298.430086135864,5,2
2019-11-19,1574197200000,,9381.602039219264,2475.0219916118426,6906.580047607422,4,1
2019-11-20,1574283600000,,9359.14821610758,1089.7782553226689,8269.369960784912,5,1
2019-11-21,1574370000000,,9389.388233044836,1089.7782553226689,8299.609977722168,5,1
2019-11-22,1574456400000,,9429.151358956797,717.1612352080188,8711.99012374878,5,2
2019-11-25,1574715600000,,9500.765334451873,1459.5404351598804,8041.224899291992,5,2
2019-11-26,1574802000000,,9501.697034762168,1374.9741820552588,8126.722852706909,5,2
2019-11-27,1574888400000,,9600.955782826482,1425.8907059984801,8175.065076828003,5,2
2019-11-29,1575061200000,,9582.830267791356,982.4201802059076,8600.41008758545,5,1
2019-12-02,1575320400000,,9497.631387792342,1045.7513066155834,8451.880081176758,5,1
2019-12-03,1575406800000,,9433.130336187818,971.2203248963149,8461.910011291504,5,1
2019-12-04,1575493200000,,9459.284583268003,1010.1345741127302,8449.150009155273,5,1
2019-12-05,1575579600000,,9483.83156791605,1109.5006658164405,8374.33090209961,5,2
2019-12-06,1575666000000,,9578.868903038156,521.1304234238983,9057.738479614258,5,2
2019-12-09,1575925200000,,9539.015945693449,370.04606654305803,9168.96987915039,5,2
2019-12-10,1576011600000,,9560.855545302824,370.04606654305803,9190.809478759766,5,2
2019-12-11,1576098000000,,9545.020996960744,2258.9009789553734,7286.120018005371,4,2
2019-12-12,1576184400000,,9571.779847475183,366.15969595540764,9205.620151519775,5,2
2019-12-13,1576270800000,,9745.195247909563,992.9825747223069,8752.212673187256,5,2
2019-12-16,1576530000000,,9824.885182009617,816.3775297269046,9008.507652282715,5,2
2019-12-17,1576616400000,,9812.790063268218,294.4201291861855,9518.369934082031,5,2
2019-12-18,1576702800000,,9772.488074969006,208.6482922541611,9563.839782714844,5,2
2019-12-19,1576789200000,,9756.308398913097,208.6482922541611,9547.660106658936,5,2
2019-12-20,1576875600000,,9906.843877811956,217.09280206732728,9689.751075744629,5,2
2019-12-23,1577134800000,,9884.419957238537,258.9286452115589,9625.491312026978,5,2
2019-12-24,1577221200000,,9986.966893659706,277.18825672733306,9709.778636932373,5,2
2019-12-26,1577394000000,,10019.2852603647,2161.673794910599,7857.611465454102,4,2
2019-12-27,1577480400000,,10028.293623480498,4155.7136178347455,5872.580005645752,3,1
2019-12-30,1577739600000,,10015.09346083234,188.45352629254603,9826.639934539795,5,2
2019-12-31,1577826000000,,10108.383572374089,188.45352629254603,9919.930046081543,5,2
2020-01-02,1577998800000,,10196.017169216417,584.7724201472026,9611.244749069214,5,2
2020-01-03,1578085200000,,10140.100205008106,679.7400994935795,9460.360105514526,5,2
2020-01-06,1578344400000,,10174.550215307789,679.7400994935795,9494.810115814209,5,2
2020-01-07,1578430800000,,10147.73619075256,636.5361690087855,9511.200021743774,5,1
2020-01-08,1578517200000,,10158.498927000841,316.91895568736345,9841.579971313477,5,2
2020-01-09,1578603600000,,10163.38089049218,227.55110037682402,9935.829790115356,5,2
2020-01-10,1578690000000,,10125.32929993779,357.27917863041694,9768.050121307373,5,2
2020-01-13,1578949200000,,10148.817292055115,2125.811405977235,8023.005886077881,4,1
2020-01-14,1579035600000,,10170.444549097658,255.41854049170047,9915.026008605957,5,2
2020-01-15,1579122000000,,10247.863584641673,465.07353794977803,9782.790046691895,5,2
2020-01-16,1579208400000,,10331.782305623861,487.10927095589204,9844.673034667969,5,1
2020-01-17,1579294800000,,10409.61825768881,323.2664586775795,10086.35179901123,5,2
2020-01-21,1579640400000,,10326.176891143596,803.0902288511165,9523.08666229248,5,2
2020-01-22,1579726800000,,10327.92662398731,785.6168781987371,9542.309745788574,5,2
2020-01-23,1579813200000,,10532.527997274861,2193.3381741242256,8339.189823150635,4,1
2020-01-24,1579899600000,,10431.40194681947,228.37181834046532,10203.030128479004,5,2
2020-01-27,1580158800000,,10242.937635502843,2048.559873662023,8194.37776184082,4,2
2020-01-28,1580245200000,,10202.382220536932,2100.890139848456,8101.492080688477,4,1
2020-01-29,1580331600000,,10132.855765952836,84.90482677436876,10047.950939178467,5,2
2020-01-30,1580418000000,,10176.447098329918,2064.5316549095082,8111.91544342041,4,2
2020-01-31,1580504400000,,10040.343036346714,2060.2730538180276,7980.0699825286865,4,2
2020-02-03,1580763600000,,10176.893673384497,223.88375517160534,9953.00991821289,5,1
2020-02-04,1580850000000,,10267.413790022036,133.69368580450646,10133.72010421753,5,1
2020-02-05,1580936400000,,10562.490249836756,374.21025105745775,10188.279998779297,5,1
2020-02-06,1581022800000,,10512.39148704974,686.7913436171227,9825.600143432617,5,2
2020-02-07,1581109200000,,10443.164394565174,2622.3044244724015,7820.859970092773,4,2
2020-02-10,1581368400000,,10491.821489434124,547.7113286064864,9944.110160827637,5,2
2020-02-11,1581454800000,,10633.525182336776,2690.7051826419515,7942.819999694824,4,1
2020-02-12,1581541200000,,10679.351605071437,2705.1916128534194,7974.159992218018,4,1
2020-02-13,1581627600000,,10754.510659347654,669.9908763276349,10084.51978302002,5,1
2020-02-14,1581714000000,,10855.65385537867,1006.8736906600427,9848.780164718628,5,1
2020-02-18,1582059600000,,10703.322469488421,988.4824597990919,9714.840009689331,5,2
2020-02-19,1582146000000,,10637.94705260316,1080.527025823985,9557.420026779175,5,2
2020-02-20,1582232400000,,10667.36732585805,2676.9873743809976,7990.379951477051,4,2
2020-02-21,1582318800000,,10603.507843281373,611.9479944959735,9991.5598487854,5,2
2020-02-24,1582578000000,,10420.71784050977,577.8581641486876,9842.859676361084,5,2
2020-02-25,1582664400000,,10047.600000648354,4675.140081672524,5372.45991897583,3,1
2020-02-26,1582750800000,,10032.522563739756,1517.1845815620238,8515.337982177734,5,2
2020-02-27,1582837200000,,9873.483415698576,6767.743562793303,3105.7398529052734,2,1
2020-02-28,1582923600000,,9708.240868714036,9708.240868714036,0,0,0
2020-03-02,1583182800000,,9708.240868714036,9708.240868714036,0,0,0
2020-03-03,1583269200000,,9657.514762355459,6479.714728786123,3177.800033569336,2,1
2020-03-04,1583355600000,,9788.99294803164,9788.99294803164,0,0,0
2020-03-05,1583442000000,,9788.99294803164,9788.99294803164,0,0,0
2020-03-06,1583528400000,,9788.99294803164,9788.99294803164,0,0,0
2020-03-09,1583784000000,,9788.99294803164,9788.99294803164,0,0,0
2020-03-10,1583870400000,,9788.99294803164,9788.99294803164,0,0,0
2020-03-11,1583956800000,,9788.99294803164,9788.99294803164,0,0,0
2020-03-12,1584043200000,,9788.99294803164,9788.99294803164,0,0,0
2020-03-13,1584129600000,,9788.99294803164,9788.99294803164,0,0,0
2020-03-16,1584388800000,,9788.99294803164,9788.99294803164,0,0,0
2020-03-17,1584475200000,,9788.99294803164,9788.99294803164,0,0,0
2020-03-18,1584561600000,,9788.99294803164,9788.99294803164,0,0,0
2020-03-19,1584648000000,,9788.99294803164,9788.99294803164,0,0,0
2020-03-20,1584734400000,,9788.99294803164,9788.99294803164,0,0,0
2020-03-23,1584993600000,,9788.99294803164,9788.99294803164,0,0,0
2020-03-24,1585080000000,,9788.99294803164,9788.99294803164,0,0,0
2020-03-25,1585166400000,,9788.99294803164,9788.99294803164,0,0,0
2020-03-26,1585252800000,,9788.99294803164,9788.99294803164,0,0,0
2020-03-27,1585339200000,,9788.99294803164,9788.99294803164,0,0,0
2020-03-30,1585598400000,,9788.99294803164,9788.99294803164,0,0,0
2020-03-31,1585684800000,,9788.99294803164,9788.99294803164,0,0,0
2020-04-01,1585771200000,,9788.99294803164,9788.99294803164,0,0,0
2020-04-02,1585857600000,,9788.99294803164,9788.99294803164,0,0,0
2020-04-03,1585944000000,,9788.99294803164,9788.99294803164,0,0,0
2020-04-06,1586203200000,,9788.99294803164,9788.99294803164,0,0,0
2020-04-07,1586289600000,,9788.99294803164,9788.99294803164,0,0,0
2020-04-08,1586376000000,,9788.99294803164,9788.99294803164,0,0,0
2020-04-09,1586462400000,,9788.99294803164,9788.99294803164,0,0,0
2020-04-13,1586808000000,,9788.99294803164,9788.99294803164,0,0,0
2020-04-14,1586894400000,,9788.99294803164,9788.99294803164,0,0,0
2020-04-15,1586980800000,,9788.99294803164,9788.99294803164,0,0,0
2020-04-16,1587067200000,,9788.99294803164,9788.99294803164,0,0,0
2020-04-17,1587153600000,,9788.99294803164,9788.99294803164,0,0,0
2020-04-20,1587412800000,,9788.99294803164,9788.99294803164,0,0,0
2020-04-21,1587499200000,,9788.99294803164,9788.99294803164,0,0,0
2020-04-22,1587585600000,,9788.99294803164,9788.99294803164,0,0,0
2020-04-23,1587672000000,,9788.99294803164,9788.99294803164,0,0,0
2020-04-24,1587758400000,,9788.99294803164,9788.99294803164,0,0,0
2020-04-27,1588017600000,,9788.99294803164,9788.99294803164,0,0,0
2020-04-28,1588104000000,,9788.99294803164,9788.99294803164,0,0,0
2020-04-29,1588190400000,,9788.99294803164,9788.99294803164,0,0,0
2020-04-30,1588276800000,,9788.99294803164,9788.99294803164,0,0,0
2020-05-01,1588363200000,,9788.99294803164,9788.99294803164,0,0,0
2020-05-04,1588622400000,,9788.99294803164,9788.99294803164,0,0,0
2020-05-05,1588708800000,,9788.99294803164,9788.99294803164,0,0,0
2020-05-06,1588795200000,,9788.99294803164,9788.99294803164,0,0,0
2020-05-07,1588881600000,,9788.99294803164,9788.99294803164,0,0,0
2020-05-08,1588968000000,,9788.99294803164,9788.99294803164,0,0,0
2020-05-11,1589227200000,,9788.99294803164,9788.99294803164,0,0,0
2020-05-12,1589313600000,,9788.99294803164,9788.99294803164,0,0,0
2020-05-13,1589400000000,,9788.99294803164,9788.99294803164,0,0,0
2020-05-14,1589486400000,,9788.99294803164,9788.99294803164,0,0,0
2020-05-15,1589572800000,,9788.99294803164,9788.99294803164,0,0,0
2020-05-18,1589832000000,,9788.99294803164,9788.99294803164,0,0,0
2020-05-19,1589918400000,,9788.99294803164,9788.99294803164,0,0,0
2020-05-20,1590004800000,,9788.99294803164,9788.99294803164,0,0,0
2020-05-21,1590091200000,,9788.99294803164,9788.99294803164,0,0,0
2020-05-22,1590177600000,,9788.99294803164,9788.99294803164,0,0,0
2020-05-26,1590523200000,,9788.99294803164,9788.99294803164,0,0,0
2020-05-27,1590609600000,,9788.99294803164,9788.99294803164,0,0,0
2020-05-28,1590696000000,,9849.76637522622,3027.376417798242,6822.3899574279785,5,2
2020-05-29,1590782400000,,9912.510123977097,2761.2233655542454,7151.286758422852,5,2
2020-06-01,1591041600000,,9903.31431649582,7010.44428323166,2892.87003326416,2,1
2020-06-02,1591128000000,,9911.61101516196,9911.61101516196,0,0,0
2020-06-03,1591214400000,,9911.61101516196,9911.61101516196,0,0,0
2020-06-04,1591300800000,,9911.61101516196,9911.61101516196,0,0,0
2020-06-05,1591387200000,,9905.340998601283,2425.9009046071424,7479.440093994141,5,2
2020-06-08,1591646400000,,9999.75566781838,2145.1556159384945,7854.600051879883,5,2
2020-06-09,1591732800000,,10018.980738314263,3981.300745638481,6037.679992675781,4,1
2020-06-10,1591819200000,,9979.690398325989,2403.440611949036,7576.249786376953,5,2
2020-06-11,1591905600000,,9825.189154964792,4862.959258419381,4962.22989654541,3,2
2020-06-12,1591992000000,,9884.773557144428,9884.773557144428,0,0,0
2020-06-15,1592251200000,,10180.587044480997,726.3659942185454,9454.221050262451,5,2
2020-06-16,1592337600000,,10351.496872115767,2789.021783996261,7562.475088119507,4,2
2020-06-17,1592424000000,,10351.443680548784,10351.443680548784,0,0,0
2020-06-18,1592510400000,,10351.443680548784,10351.443680548784,0,0,0
2020-06-19,1592596800000,,10351.443680548784,10351.443680548784,0,0,0
2020-06-22,1592856000000,,10398.840674248524,2772.7406605156148,7626.10001373291,5,2
2020-06-23,1592942400000,,10310.191902496037,3175.761925079046,7134.429977416992,5,2
2020-06-24,1593028800000,,10184.061966277775,3175.761925079046,7008.3000411987305,5,2
2020-06-25,1593115200000,,10196.08660744892,2214.00652932392,7982.080078125,5,2
2020-06-26,1593201600000,,10131.244205341483,1900.7444571115027,8230.49974822998,5,2
2020-06-29,1593460800000,,10173.085925253872,10173.085925253872,0,0,0
2020-06-30,1593547200000,,10173.085925253872,10173.085925253872,0,0,0
2020-07-01,1593633600000,,10207.271152066598,8977.381156491647,1229.8899955749512,1,1
2020-07-02,1593720000000,,10235.55377929045,8216.193702386154,2019.3600769042969,1,1
2020-07-06,1594065600000,,10246.122295192145,10246.122295192145,0,0,0
2020-07-07,1594152000000,,10264.9767646403,8198.956684073893,2066.0200805664062,1,1
2020-07-08,1594238400000,,10234.616799275162,3005.0966881911763,7229.520111083984,5,1
2020-07-09,1594324800000,,10247.046791950943,3005.0966881911763,7241.950103759766,5,1
2020-07-10,1594411200000,,10254.480792644696,3115.460910442548,7139.019882202148,5,1
2020-07-13,1594670400000,,10225.710910442547,3115.460910442548,7110.25,5,1
2020-07-14,1594756800000,,10317.991000774578,3115.460910442548,7202.530090332031,5,1
2020-07-15,1594843200000,,10405.439190853227,2749.8010225182666,7655.638168334961,5,2
2020-07-16,1594929600000,,10372.743429197191,4396.35330773723,5976.390121459961,4,2
2020-07-17,1595016000000,,10426.800714510566,3379.884332674628,7046.9163818359375,5,2
2020-07-20,1595275200000,,10582.444841742725,5600.466822028369,4981.9780197143555,3,2
2020-07-21,1595361600000,,10626.641945502084,6948.636974951546,3678.004970550537,2,1
2020-07-22,1595448000000,,10699.686594573373,9007.476618377084,1692.209976196289,1,1
2020-07-23,1595534400000,,10598.056758149829,5784.886645539965,4813.170112609863,3,1
2020-07-24,1595620800000,,10583.935897459543,1910.365901579417,8673.569995880127,5,2
2020-07-27,1595880000000,,10761.836036314524,1910.365901579417,8851.470134735107,5,2
2020-07-28,1595966400000,,10669.3666443872,1379.9167008447207,9289.44994354248,5,2
2020-07-29,1596052800000,,10713.182667879782,1967.872609286032,8745.31005859375,5,2
2020-07-30,1596139200000,,10683.623800669939,5273.983923350604,5409.639877319336,3,2
2020-07-31,1596225600000,,10683.449650340961,1415.969845348286,9267.479804992676,5,2
2020-08-03,1596484800000,,10811.110077434467,1415.969845348286,9395.140232086182,5,2
2020-08-04,1596571200000,,10881.648402572011,669.6483453515477,10212.000057220459,5,2
2020-08-05,1596657600000,,10812.904683661078,1984.2846885438903,8828.619995117188,5,2
2020-08-06,1596744000000,,10734.384625982855,1984.2846885438903,8750.099937438965,5,2
2020-08-07,1596830400000,,10828.8234380097,1842.3033269257153,8986.520111083984,5,2
2020-08-10,1597089600000,,10848.302870775919,4259.86288550065,6588.439985275269,4,2
2020-08-11,1597176000000,,10740.03736923665,2272.777344212236,8467.260025024414,5,2
2020-08-12,1597262400000,,10806.52736710042,2272.777344212236,8533.750022888184,5,2
2020-08-13,1597348800000,,10720.622335893226,6268.262361985755,4452.359973907471,3,2
2020-08-14,1597435200000,,10705.78693672182,5283.82442375185,5421.962512969971,3,1
2020-08-17,1597694400000,,10767.729027940113,1392.7494937909426,9374.97953414917,5,2
2020-08-18,1597780800000,,10872.39909082662,740.3054628969326,10132.093627929688,5,2
2020-08-19,1597867200000,,10856.203714839437,1395.5681729235448,9460.635541915894,5,2
2020-08-20,1597953600000,,10780.130028716543,1395.5681729235448,9384.561855793,5,2
2020-08-21,1598040000000,,10775.703906466235,739.022021700609,10036.681884765625,5,2
2020-08-24,1598299200000,,10879.983818822506,1042.213295751219,9837.770523071289,5,2
2020-08-25,1598385600000,,10905.974970843263,949.6761732358445,9956.298797607422,5,2
2020-08-26,1598472000000,,10916.707592444855,1127.3348507456371,9789.372741699219,5,2
2020-08-27,1598558400000,,10850.33316705879,704.1840848749553,10146.149082183838,5,2
2020-08-28,1598644800000,,10834.705748814498,1191.1666786851056,9643.539070129395,5,2
2020-08-31,1598904000000,,10924.772357243453,1191.1666786851056,9733.60567855835,5,2
2020-09-01,1598990400000,,10899.182188138717,1173.2738476846139,9725.908340454102,5,2
2020-09-02,1599076800000,,10955.701521024459,1173.2738476846139,9782.427673339844,5,2
2020-09-03,1599163200000,,10903.723214143138,10903.723214143138,0,0,0
2020-09-04,1599249600000,,10583.170320461188,6634.330354640874,3948.8399658203125,2,1
2020-09-08,1599595200000,,10450.640911664657,2437.320881452254,8013.320030212402,4,1
2020-09-09,1599681600000,,10547.426833626889,669.4542956325042,9877.972537994385,5,2
2020-09-10,1599768000000,,10488.982454401888,1752.1075707501573,8736.874883651733,5,2
2020-09-11,1599854400000,,10505.393526051806,1869.103811238576,8636.289714813232,5,2
2020-09-14,1600113600000,,10594.751706722287,2345.1006943016337,8249.651012420654,5,2
2020-09-15,1600200000000,,10585.387065676025,2081.56191613989,8503.825149536133,5,2
2020-09-16,1600286400000,,10583.270929125121,2081.56191613989,8501.70901298523,5,2
2020-09-17,1600372800000,,10492.8352410484,3753.995279042785,6738.839962005615,4,2
2020-09-18,1600459200000,,10447.260827275844,3332.910845967862,7114.349981307983,4,2
2020-09-21,1600718400000,,10488.134255389818,1915.4310388370839,8572.703216552734,5,2
2020-09-22,1600804800000,,10611.594631197522,854.2028923059211,9757.391738891602,5,2
2020-09-23,1600891200000,,10429.940605166028,854.2028923059211,9575.737712860107,5,2
2020-09-24,1600977600000,,10412.720623018811,854.2028923059211,9558.51773071289,5,2
2020-09-25,1601064000000,,10521.041509559303,672.3691691662366,9848.672340393066,5,2
2020-09-28,1601323200000,,10711.717731361743,1411.7926424792959,9299.925088882446,5,2
2020-09-29,1601409600000,,10713.57848966785,10713.57848966785,0,0,0
2020-09-30,1601496000000,,10728.075727247626,8749.306615614325,1978.7691116333008,1,1
2020-10-01,1601582400000,,10707.694817240077,9406.734802896815,1300.9600143432617,1,1
2020-10-02,1601668800000,,10756.956828123984,7657.50689030355,3099.4499378204346,2,1
2020-10-05,1601928000000,,10806.628739306565,3286.0587396117417,7520.569999694824,5,2
2020-10-06,1602014400000,,10782.097630436874,5806.067654545761,4976.029975891113,3,1
2020-10-07,1602100800000,,10864.552280260063,2151.3422125110396,8713.210067749023,5,1
2020-10-08,1602187200000,,10894.758397766791,6719.538411804877,4175.219985961914,2,1
2020-10-09,1602273600000,,10850.202982491926,7207.4029336638005,3642.800048828125,2,1
2020-10-12,1602532800000,,10978.522944039778,7207.4029336638005,3771.1200103759766,2,1
2020-10-13,1602619200000,,11036.882752769456,9406.002747886643,1630.8800048828125,1,1
2020-10-14,1602705600000,,10987.76567798989,4048.645537914206,6939.120140075684,5,2
2020-10-15,1602792000000,,11026.945544780661,4048.645537914206,6978.300006866455,5,2
2020-10-16,1602878400000,,11049.21352244496,2957.5734353172747,8091.640087127686,5,1
2020-10-19,1603137600000,,10929.163576774783,2604.2435366441678,8324.920040130615,5,2
2020-10-20,1603224000000,,11043.948596708266,2192.158443204848,8851.790153503418,5,1
2020-10-21,1603310400000,,11023.266051234035,1606.98186773184,9416.284183502197,5,2
2020-10-22,1603396800000,,11032.008640692131,2108.846741125483,8923.16189956665,5,2
2020-10-23,1603483200000,,11047.6605252,2284.578268882863,8763.082256317139,5,2
2020-10-26,1603742400000,,10944.734253761402,2284.578268882863,8660.15598487854,5,2
2020-10-27,1603828800000,,10903.771321417355,2030.3972941651568,8873.374027252197,5,2
2020-10-28,1603915200000,,10729.10776042628,2724.6731233565765,8004.434637069702,4,2
2020-10-29,1604001600000,,10830.106442657798,608.5586483157576,10221.547794342041,5,2
2020-10-30,1604088000000,,10794.16379090914,608.5586483157576,10185.605142593384,5,2
2020-11-02,1604350800000,,10975.678101745933,608.5586483157576,10367.119453430176,5,2
2020-11-03,1604437200000,,11217.652348197824,2648.7688871992887,8568.883460998535,5,1
2020-11-04,1604523600000,,11429.765170987252,4988.831073697213,6440.934097290039,4,1
2020-11-05,1604610000000,,11535.22866803152,8175.718612489527,3359.510055541992,2,1
2020-11-06,1604696400000,,11587.798576173609,8175.718612489527,3412.079963684082,2,1
2020-11-09,1604955600000,,11725.436341779956,11725.436341779956,0,0,0
2020-11-10,1605042000000,,12047.381528665002,2513.591535378869,9533.789993286133,5,2
2020-11-11,1605128400000,,12235.228978193296,5392.378907239927,6842.850070953369,4,2
2020-11-12,1605214800000,,12168.267860660431,8886.337837467072,3281.9300231933594,2,1
2020-11-13,1605301200000,,12202.74403120657,5684.964154497585,6517.779876708984,4,1
2020-11-16,1605560400000,,12228.01799921551,9689.717980904963,2538.300018310547,2,1
2020-11-17,1605646800000,,12227.768060250666,9689.717980904963,2538.050079345703,2,1
2020-11-18,1605733200000,,12111.105103159949,2870.37510743241,9240.729995727539,5,1
2020-11-19,1605819600000,,12138.496952771675,2677.3302733893497,9461.166679382324,5,2
2020-11-20,1605906000000,,12156.337335784125,2649.8074094840754,9506.529926300049,5,2
2020-11-23,1606165200000,,12043.294692137002,2973.5746298811428,9069.72006225586,5,2
2020-11-24,1606251600000,,12004.091020223306,3374.3309303490387,8629.760089874268,5,2
2020-11-25,1606338000000,,12045.412545872545,3363.2124726303573,8682.200073242188,5,2
2020-11-27,1606510800000,,12009.893339703134,2381.393202374032,9628.500137329102,5,2
2020-11-30,1606770000000,,11979.1829989051,2496.9023287390837,9482.280670166016,5,2
2020-12-01,1606856400000,,12082.060549805887,2809.9203367931914,9272.140213012695,5,2
2020-12-02,1606942800000,,12027.362520624285,3393.7225212346366,8633.639999389648,5,2
2020-12-03,1607029200000,,11995.622621942644,3393.7225212346366,8601.900100708008,5,2
2020-12-04,1607115600000,,12060.787008468778,4745.066915695341,7315.7200927734375,4,2
2020-12-07,1607374800000,,11994.182852968046,2434.6427223528126,9559.540130615234,5,2
2020-12-08,1607461200000,,12032.729320717326,1868.2893487934957,10164.439971923828,5,2
2020-12-09,1607547600000,,12065.326765676875,1122.0067850555365,10943.319980621338,5,2
2020-12-10,1607634000000,,11954.37679001626,612.136803596582,11342.239986419678,5,2
2020-12-11,1607720400000,,11927.421335634332,549.9612144795474,11377.460121154785,5,2
2020-12-14,1607979600000,,11881.60632556353,549.9612144795474,11331.645111083984,5,2
2020-12-15,1608066000000,,11996.918303876146,3366.4183115055403,8630.499992370605,4,1
2020-12-16,1608152400000,,11918.209800113516,1474.2031892431542,10444.006610870361,5,2
2020-12-17,1608238800000,,11934.489295587096,809.2492557616561,11125.24003982544,5,1
2020-12-18,1608325200000,,11829.847342014902,1599.2872681623624,10230.560073852539,5,2
2020-12-21,1608584400000,,11760.687336153189,3772.597362703482,7988.089973449707,4,1
2020-12-22,1608670800000,,11624.076438083415,1560.126494540934,10063.94994354248,5,2
2020-12-23,1608757200000,,11790.556235446697,1560.126494540934,10230.429740905762,5,2
2020-12-24,1608843600000,,11827.40836324061,1424.5450858053077,10402.863277435303,5,2
2020-12-28,1609189200000,,11842.326255355814,1250.4196505889681,10591.906604766846,5,2
2020-12-29,1609275600000,,11869.161377511187,2606.3571782924364,9262.80419921875,5,2
2020-12-30,1609362000000,,11873.275123811642,2089.9213945635943,9783.353729248047,5,1
2020-12-31,1609448400000,,11890.987086067731,1484.2692515950744,10406.717834472656,5,2
2021-01-04,1609794000000,,11784.39823236781,1966.1097401650518,9818.288492202759,5,2
2021-01-05,1609880400000,,11808.167128470715,1966.1097401650518,9842.057388305664,5,2
2021-01-06,1609966800000,,11831.718558984772,3806.2338444767156,8025.484714508057,4,2
2021-01-07,1610053200000,,12033.79856432796,4336.246783627279,7697.551780700684,4,2
2021-01-08,1610139600000,,12139.446389245906,1805.0534449099682,10334.392944335938,5,2
2021-01-11,1610398800000,,12111.100311791133,5656.419159447383,6454.68115234375,3,2
2021-01-12,1610485200000,,12061.521927083959,895.3700220241458,11166.151905059814,5,2
2021-01-13,1610571600000,,12092.721328254831,345.9113535844226,11746.80997467041,5,2
2021-01-14,1610658000000,,11945.720138996068,572.1099533728998,11373.610185623169,5,2
2021-01-15,1610744400000,,11882.737991323118,2728.4178867241194,9154.320104598999,4,1
2021-01-19,1611090000000,,11831.856531694637,1686.8466363699313,10145.009895324707,5,2
2021-01-20,1611176400000,,12056.659182146297,1686.8466363699313,10369.812545776367,5,2
2021-01-21,1611262800000,,12029.514570884967,817.8547503283257,11211.65982055664,5,2
2021-01-22,1611349200000,,11890.864958458209,817.8547503283257,11073.010208129883,5,2
2021-01-25,1611608400000,,11855.739227319966,3017.8091507208433,8837.930076599121,4,2
2021-01-26,1611694800000,,11747.879774801442,1249.999808065601,10497.87996673584,5,2
2021-01-27,1611781200000,,11455.093676573028,6946.633654600371,4508.460021972656,2,1
2021-01-28,1611867600000,,11561.078250740396,1907.5182836993818,9653.559967041016,5,2
2021-01-29,1611954000000,,11477.359000846354,2008.049026175945,9469.30997467041,5,2
2021-02-01,1612213200000,,11635.238982840983,2008.049026175945,9627.189956665039,5,2
2021-02-02,1612299600000,,11810.496599488248,2686.0966895151014,9124.399909973145,5,2
2021-02-03,1612386000000,,11769.43055295795,2766.2904849037504,9003.1400680542,5,2
2021-02-04,1612472400000,,12002.576731911047,2197.94673465763,9804.629997253418,5,2
2021-02-05,1612558800000,,11924.746860873634,2962.737404239114,8962.009456634521,5,2
2021-02-08,1612818000000,,12043.383274447853,2962.737404239114,9080.64587020874,5,2
2021-02-09,1612904400000,,12098.663234118432,2751.559687975854,9347.103546142578,5,2
2021-02-10,1612990800000,,12235.909474209635,2864.6095932281883,9371.299880981445,5,2
2021-02-11,1613077200000,,12166.512042466056,2891.5919069680094,9274.920135498047,5,2
2021-02-12,1613163600000,,12218.501903000724,2891.5919069680094,9326.909996032715,5,2
2021-02-16,1613509200000,,12198.823925242428,1793.6157419538536,10405.208183288574,5,2
2021-02-17,1613595600000,,12289.77031258905,1768.285184186339,10521.48512840271,5,1
2021-02-18,1613682000000,,12392.740175150291,1441.9442900642307,10950.79588508606,5,2
2021-02-19,1613768400000,,12367.293810587926,2849.313883524938,9517.979927062988,5,1
2021-02-22,1614027600000,,12181.492719153179,4921.242604712262,7260.250114440918,4,2
2021-02-23,1614114000000,,12156.52898029544,4528.439098398467,7628.089881896973,4,2
2021-02-24,1614200400000,,12085.70526394603,2122.7652767634136,9962.939987182617,5,2
2021-02-25,1614286800000,,11925.327781482534,2166.8779066046036,9758.44987487793,5,2
2021-02-26,1614373200000,,11820.255452200334,5058.935345693986,6761.320106506348,4,1
2021-03-01,1614632400000,,12076.378994760376,3080.9587905977796,8995.420204162598,5,1
2021-03-02,1614718800000,,12093.39269023245,3848.7726798564718,8244.620010375977,4,2
2021-03-03,1614805200000,,11959.176288449798,3459.6562994361266,8499.519989013672,4,2
2021-03-04,1614891600000,,11834.409354809835,323.2891918459668,11511.120162963867,5,2
2021-03-05,1614978000000,,12030.720809018869,1144.7406607034384,10885.98014831543,5,2
2021-03-08,1615237200000,,12072.186902858308,1971.5269716754462,10100.659931182861,5,2
2021-03-09,1615323600000,,12193.236414389077,6407.296396688882,5785.940017700195,3,1
2021-03-10,1615410000000,,12228.787204474716,7433.257159919051,4795.530044555664,3,1
2021-03-11,1615496400000,,12253.882075564798,8897.262004153665,3356.620071411133,2,1
2021-03-12,1615582800000,,12402.427314314798,9851.307242903666,2551.120071411133,1,1
2021-03-15,1615838400000,,12283.513195710391,12283.513195710391,0,0,0
2021-03-16,1615924800000,,12270.516528322181,5881.916583253822,6388.599945068359,3,1
2021-03-17,1616011200000,,12309.787114029095,2249.8471916963317,10059.939922332764,5,2
2021-03-18,1616097600000,,12239.229726505862,1580.419648838626,10658.810077667236,5,2
2021-03-19,1616184000000,,12150.369580937015,1580.419648838626,10569.949932098389,5,2
2021-03-22,1616443200000,,12161.192500129542,2089.7623701246603,10071.430130004883,5,2
2021-03-23,1616529600000,,12078.248829282638,1754.0388874186237,10324.209941864014,5,1
2021-03-24,1616616000000,,12098.088982023117,1754.0388874186237,10344.050094604492,5,1
2021-03-25,1616702400000,,12343.81092031766,2516.1210056142877,9827.68991470337,5,2
2021-03-26,1616788800000,,12472.493155748969,4429.553275377877,8042.939880371094,5,2
2021-03-29,1617048000000,,12431.272190869355,7833.047221005463,4598.224969863892,3,1
2021-03-30,1617134400000,,12420.20431316163,7143.024257543343,5277.180055618286,3,2
2021-03-31,1617220800000,,12595.984212758798,7143.024257543343,5452.959955215454,3,2
2021-04-01,1617307200000,,12631.075565745135,1300.777737070819,11330.297828674316,5,2
2021-04-05,1617652800000,,12678.250247988279,1551.0441665978983,11127.20608139038,5,1
2021-04-06,1617739200000,,12636.718367789079,6246.678580496599,6390.0397872924805,3,1
2021-04-07,1617825600000,,12946.148090209506,3794.187949981234,9151.960140228271,4,2
2021-04-08,1617912000000,,12824.356860260803,4456.71506796344,8367.641792297363,4,2
2021-04-09,1617998400000,,12973.097527202346,2570.350197490433,10402.747329711914,5,2
2021-04-12,1618257600000,,12959.554561529485,1740.0078696349542,11219.546691894531,5,2
2021-04-13,1618344000000,,12844.12610016633,4175.9132782058805,8668.21282196045,4,2
2021-04-14,1618430400000,,12967.563474423441,2564.703300244363,10402.860174179077,5,2
2021-04-15,1618516800000,,12910.821703923797,4044.701594365692,8866.120109558105,5,2
2021-04-16,1618603200000,,12905.03953203797,5009.959575983283,7895.0799560546875,5,2
2021-04-19,1618862400000,,12810.879650446173,5009.959575983283,7800.920074462891,5,2
2021-04-20,1618948800000,,12537.251310126954,7938.1713082959,4599.080001831055,3,2
2021-04-21,1619035200000,,12839.982091428483,3995.992146970474,8843.989944458008,5,2
2021-04-22,1619121600000,,12796.421057791671,2083.1803542089074,10713.240703582764,5,2
2021-04-23,1619208000000,,12867.375443406921,2160.488177247866,10706.887266159058,5,2
2021-04-26,1619467200000,,12845.627829862366,1248.0653622872933,11597.562467575073,5,2
2021-04-27,1619553600000,,12938.681955623426,682.9883902547726,12255.693565368652,5,2
2021-04-28,1619640000000,,12970.588381097146,677.3360045407471,12293.252376556396,5,2
2021-04-29,1619726400000,,13044.61691346673,519.6866613915358,12524.930252075195,5,2
2021-04-30,1619812800000,,12949.352418749915,347.3824022704234,12601.970016479492,5,1
2021-05-03,1620072000000,,13015.710275970147,324.6803344113082,12691.029941558838,5,2
2021-05-04,1620158400000,,12857.618814826294,646.7687247994359,12210.850090026855,5,2
2021-05-05,1620244800000,,12725.591079457365,6470.620959981048,6254.970119476318,3,1
2021-05-06,1620331200000,,12616.011269843866,5615.511224067499,7000.500045776367,3,1
2021-05-07,1620417600000,,12734.587535296994,1343.0249742618385,11391.562561035156,5,2
2021-05-10,1620676800000,,12580.573674408493,1776.4037677922815,10804.169906616211,5,2
2021-05-11,1620763200000,,12555.445398417838,1877.1703244127116,10678.275074005127,5,2
2021-05-12,1620849600000,,12320.507256581852,1312.8122187400554,11007.695037841797,5,2
2021-05-13,1620936000000,,12391.405507455926,3646.388177286247,8745.017330169678,4,2
2021-05-14,1621022400000,,12562.465651665698,1528.9247008905518,11033.540950775146,5,2
2021-05-17,1621281600000,,12487.116013452298,5213.385941430814,7273.730072021484,3,1
2021-05-18,1621368000000,,12440.995269841687,2831.0453644461795,9609.949905395508,4,2
2021-05-19,1621454400000,,12437.71237035736,376.13227697357115,12061.580093383789,5,2
2021-05-20,1621540800000,,12481.84440308282,390.53430634209644,12091.310096740723,5,2
2021-05-21,1621627200000,,12688.341771006051,1055.7216767067348,11632.620094299316,5,2
2021-05-24,1621886400000,,12374.970813296943,1412.1407046543618,10962.830108642578,5,1
2021-05-25,1621972800000,,12323.341054144968,1226.661072913279,11096.67998123169,5,1
2021-05-26,1622059200000,,12358.039029023628,1379.0744332289514,10978.964595794678,5,2
2021-05-27,1622145600000,,12293.836787632761,1209.7466158187954,11084.090171813965,5,2
2021-05-28,1622232000000,,12343.060236510899,1213.41047149625,11129.649765014648,5,2
2021-06-01,1622577600000,,12351.381637224196,2319.8717190113066,10031.50991821289,5,2
2021-06-02,1622664000000,,12397.901733049392,2319.8717190113066,10078.030014038086,5,2
2021-06-03,1622750400000,,12446.942533876743,2508.3725875876826,9938.569946289062,5,2
2021-06-04,1622836800000,,12461.856705515249,2540.686890451773,9921.169815063477,5,2
2021-06-07,1623096000000,,12363.36434709184,3887.0352150117615,8476.329132080078,4,2
2021-06-08,1623182400000,,12363.18565889959,1440.7206625617,10922.46499633789,5,2
2021-06-09,1623268800000,,12274.088571855707,292.31793434350175,11981.770637512207,5,2
2021-06-10,1623355200000,,12296.647653886957,292.31793434350175,12004.329719543457,5,2
2021-06-11,1623441600000,,12343.419774596176,351.1863608998892,11992.233413696289,5,2
2021-06-14,1623700800000,,12157.911597745844,476.3532405070787,11681.55835723877,5,2
2021-06-15,1623787200000,,12272.137908475825,476.3532405070787,11795.78466796875,5,2
2021-06-16,1623873600000,,12241.242325693069,2793.802170663772,9447.440155029297,4,2
2021-06-17,1623960000000,,11853.290858573746,11853.290858573746,0,0,0
2021-06-18,1624046400000,,11735.834940233264,589.1749632740352,11146.659976959229,5,1
2021-06-21,1624305600000,,11987.306952521745,566.4771948313155,11420.82975769043,5,2
2021-06-22,1624392000000,,11964.792957162166,932.525508736873,11032.267448425293,5,2
2021-06-23,1624478400000,,12013.088870900949,980.2964724481908,11032.792398452759,5,2
2021-06-24,1624564800000,,12017.133294745088,954.6832501131307,11062.450044631958,5,2
2021-06-25,1624651200000,,12283.370549907846,438.4881722833338,11844.882377624512,5,2
2021-06-28,1624910400000,,12199.509163157858,154.73902537099002,12044.770137786865,5,2
2021-06-29,1624996800000,,12114.150820696428,559.9609174371485,11554.189903259277,5,2
2021-06-30,1625083200000,,12203.851031267717,559.9609174371485,11643.890113830566,5,2
2021-07-01,1625169600000,,12373.965144206963,525.9450674552536,11848.020076751709,5,2
2021-07-02,1625256000000,,12416.714120034101,187.2341052330762,12229.480014801025,5,2
2021-07-06,1625601600000,,12280.206434379023,229.46286595861193,12050.74356842041,5,1
2021-07-07,1625688000000,,12398.862974296015,229.46286595861193,12169.400108337402,5,1
2021-07-08,1625774400000,,12324.78475510702,185.6124681197157,12139.172286987305,5,1
2021-07-09,1625860800000,,12481.067237254238,185.6124681197157,12295.454769134521,5,1
2021-07-12,1626120000000,,12490.158725521553,7511.8500287747265,4978.308696746826,2,1
2021-07-13,1626206400000,,12379.548550935866,530.472119661451,11849.076431274414,5,2
2021-07-14,1626292800000,,12258.889046786451,2877.4924784881114,9381.39656829834,4,2
2021-07-15,1626379200000,,12258.418828541864,821.9388022967478,11436.480026245117,5,2
2021-07-16,1626465600000,,12208.443971832266,1361.1640684204035,10847.279903411865,5,2
2021-07-19,1626724800000,,12094.902682905882,697.0175510699437,11397.885131835938,5,2
2021-07-20,1626811200000,,12320.19251597473,697.0175510699437,11623.174964904785,5,2
2021-07-21,1626897600000,,12392.95748365549,1362.4074958625197,11030.549987792969,5,1
2021-07-22,1626984000000,,12704.952543691525,1333.0726608790246,11371.8798828125,5,1
2021-07-23,1627070400000,,12768.894519923584,606.4043465837399,12162.490173339844,5,1
2021-07-26,1627329600000,,12812.911697943413,3067.241680700981,9745.670017242432,4,1
2021-07-27,1627416000000,,12862.774615107708,3547.0945919143496,9315.68002319336,4,1
2021-07-28,1627502400000,,12732.04670028559,756.5367362963316,11975.509963989258,5,2
2021-07-29,1627588800000,,12645.766976164496,756.5367362963316,11889.230239868164,5,2
2021-07-30,1627675200000,,12638.526772307074,756.5367362963316,11881.990036010742,5,2
2021-08-02,1627934400000,,12667.946648405707,756.5367362963316,11911.409912109375,5,2
2021-08-03,1628020800000,,12745.696918487807,876.2368507387832,11869.460067749023,5,2
2021-08-04,1628107200000,,12591.067822384255,3008.3377198451926,9582.730102539062,4,2
2021-08-05,1628193600000,,12840.103416642158,2053.2236253823935,10786.879791259766,5,2
2021-08-06,1628280000000,,12763.051719677085,1194.5618686791595,11568.489850997925,5,1
2021-08-09,1628539200000,,12675.294703466681,637.7246503660954,12037.570053100586,5,2
2021-08-10,1628625600000,,12733.082178471645,3085.1121753435928,9647.970003128052,4,2
2021-08-11,1628712000000,,12891.542599357253,927.8225943218517,11963.7200050354,5,2
2021-08-12,1628798400000,,12906.922478355056,927.8225943218517,11979.099884033203,5,2
2021-08-13,1628884800000,,12980.66087932187,1639.540949054533,11341.119930267334,5,2
2021-08-16,1629144000000,,13060.141375526007,1169.1912832103317,11890.950092315674,5,2
2021-08-17,1629230400000,,12788.869612589082,3608.0895375158416,9180.780075073242,4,2
2021-08-18,1629316800000,,12568.843640554649,3389.963773000938,9178.879867553711,4,2
2021-08-19,1629403200000,,12620.73752663105,922.037674641304,11698.699851989746,5,2
2021-08-20,1629489600000,,12699.917694782906,922.037674641304,11777.880020141602,5,2
2021-08-23,1629748800000,,12867.706787072832,2255.5967216126264,10612.110065460205,5,2
2021-08-24,1629835200000,,12972.27996877781,1393.434565106546,11578.845403671265,5,2
2021-08-25,1629921600000,,13077.184329955204,349.62428280554377,12727.560047149658,5,2
2021-08-26,1630008000000,,13001.52902844547,2808.818991214024,10192.710037231445,4,1
2021-08-27,1630094400000,,13060.95574408039,380.67555456623086,12680.28018951416,5,2
2021-08-30,1630353600000,,13035.06559210285,380.67555456623086,12654.390037536621,5,2
2021-08-31,1630440000000,,12974.691770906256,1269.1689742753977,11705.52279663086,5,1
2021-09-01,1630526400000,,12945.564044576942,3833.914943319618,9111.649101257324,4,2
2021-09-02,1630612800000,,12901.461970301292,2071.1827077585676,10830.279262542725,5,2
2021-09-03,1630699200000,,12838.496822287148,4335.758781363076,8502.738040924072,4,2
2021-09-07,1631044800000,,12696.116570274928,1936.6225212026616,10759.494049072266,5,2
2021-09-08,1631131200000,,12694.092681437076,1091.6127658181786,11602.479915618896,5,2
2021-09-09,1631217600000,,12587.684660069863,3509.2646924184946,9078.419967651367,4,2
2021-09-10,1631304000000,,12596.549592583866,1158.4595352108186,11438.090057373047,5,2
2021-09-13,1631563200000,,12592.324863444628,1148.2648811448244,11444.059982299805,5,2
2021-09-14,1631649600000,,12443.80498124248,1148.2648811448244,11295.540100097656,5,2
2021-09-15,1631736000000,,12486.748165513516,3434.3483547224982,9052.399810791016,4,2
2021-09-16,1631822400000,,12567.32368552251,1300.3154305176267,11267.008255004883,5,2
2021-09-17,1631908800000,,12523.35524106451,3205.615113501034,9317.740127563477,4,1
2021-09-20,1632168000000,,12411.51635154481,5276.136316144419,7135.380035400391,3,1
2021-09-21,1632254400000,,12378.293139091686,929.793230644419,11448.499908447266,5,1
2021-09-22,1632340800000,,12392.295599445219,2975.9955658758827,9416.300033569336,4,1
2021-09-23,1632427200000,,12411.104395171395,540.5505392753985,11870.553855895996,5,2
2021-09-24,1632513600000,,12293.152809887139,729.5926406671688,11563.56016921997,5,2
2021-09-27,1632772800000,,12148.189065777664,5328.959630810623,6819.229434967041,3,2
2021-09-28,1632859200000,,12113.10561178237,301.7744083216762,11811.331203460693,5,2
2021-09-29,1632945600000,,12230.515287198868,243.66387728676,11986.85140991211,5,2
2021-09-30,1633032000000,,12040.18813621805,2710.0781661252777,9330.109970092773,4,1
2021-10-01,1633118400000,,12133.84572703622,476.02568919442274,11657.820037841797,5,2
2021-10-04,1633377600000,,11942.392884453506,427.1926815116112,11515.200202941895,5,2
2021-10-05,1633464000000,,12029.152520378799,427.1926815116112,11601.959838867188,5,2
2021-10-06,1633550400000,,12079.10430475673,1123.7043566366115,10955.399948120117,5,2
2021-10-07,1633636800000,,12155.473393298751,5931.31318364299,6224.160209655762,3,2
2021-10-08,1633723200000,,12160.490578408295,10510.430519814545,1650.06005859375,1,1
2021-10-11,1633982400000,,12105.325611732924,1889.3258100971802,10215.999801635742,5,1
2021-10-12,1634068800000,,12143.215595863783,1889.3258100971802,10253.889785766602,5,1
2021-10-13,1634155200000,,12138.993702990854,2069.054864032113,10069.93883895874,5,1
2021-10-14,1634241600000,,12314.842153053783,2733.1401152425065,9581.70203781128,5,1
2021-10-15,1634328000000,,12426.116646965089,3972.2966396408706,8453.820007324219,4,2
2021-10-18,1634587200000,,12439.001140915172,1550.0910685885115,10888.91007232666,5,2
2021-10-19,1634673600000,,12526.89090379359,1550.0910685885115,10976.799835205078,5,2
2021-10-20,1634760000000,,12523.469219902398,1508.219177940728,11015.25004196167,5,2
2021-10-21,1634846400000,,12642.788046062446,1911.9882947807068,10730.799751281738,5,2
2021-10-22,1634932800000,,12671.658917038712,2074.479115097794,10597.179801940918,5,2
2021-10-25,1635192000000,,12668.631488487947,2010.4814221122137,10658.150066375732,5,2
2021-10-26,1635278400000,,12700.080744697425,2174.055577232214,10526.02516746521,5,2
2021-10-27,1635364800000,,12666.704323691945,1160.014031333546,11506.690292358398,5,2
2021-10-28,1635451200000,,12748.820979759465,1369.6060063097575,11379.214973449707,5,2
2021-10-29,1635537600000,,12700.593576511108,1070.4336796605198,11630.159896850586,5,2
2021-11-01,1635796800000,,12810.053796848022,1070.4336796605198,11739.6201171875,5,2
2021-11-02,1635883200000,,12772.884975054138,745.1583095573119,12027.726665496826,5,2
2021-11-03,1635969600000,,12765.466071703308,745.1583095573119,12020.307762145996,5,2
2021-11-04,1636056000000,,12749.680438517118,871.782561777618,11877.897876739502,5,2
2021-11-05,1636142400000,,12865.033783282126,1309.9838145626436,11555.049968719482,5,2
2021-11-08,1636405200000,,13052.260622010424,1568.3507404186266,11483.909881591797,5,2
2021-11-09,1636491600000,,13105.114238307438,1142.4342303728677,11962.68000793457,5,1
2021-11-10,1636578000000,,13038.965153940037,1237.3748791292455,11801.590274810791,5,1
2021-11-11,1636664400000,,13039.385874696669,1259.3557996234267,11780.030075073242,5,1
2021-11-12,1636750800000,,13109.347397860452,1496.9375620450232,11612.40983581543,5,2
2021-11-15,1637010000000,,13056.782539889075,1842.4124837367317,11214.370056152344,5,2
2021-11-16,1637096400000,,13224.518864430898,1761.6489456076579,11462.869918823242,5,2
2021-11-17,1637182800000,,13145.042597488899,635.3893153233707,12509.653282165527,5,2
2021-11-18,1637269200000,,13192.41943617298,635.3893153233707,12557.03012084961,5,2
2021-11-19,1637355600000,,13146.280972418812,2948.1177186346317,10198.16325378418,4,1
2021-11-22,1637614800000,,13247.712504169787,781.4526775096319,12466.259826660156,5,2
2021-11-23,1637701200000,,13386.63602679288,1105.3722328475692,12281.263793945312,5,1
2021-11-24,1637787600000,,13442.005679323342,1900.9464447042,11541.05923461914,5,1
2021-11-26,1637960400000,,13220.112954114169,4347.6977929813565,8872.415161132812,4,1
2021-11-29,1638219600000,,13276.92214608075,1294.9065935599983,11982.015552520752,5,1
2021-11-30,1638306000000,,12947.10146521232,6539.828912722084,6407.272552490234,3,1
2021-12-01,1638392400000,,12713.255819852482,2815.0282884193766,9898.227531433105,5,2
2021-12-02,1638478800000,,12872.984034747114,4749.220545977582,8123.763488769531,4,2
2021-12-03,1638565200000,,12715.560408278849,3111.879591628459,9603.68081665039,5,2
2021-12-06,1638824400000,,12877.008330031778,3111.879591628459,9765.12873840332,5,2
2021-12-07,1638910800000,,13020.203440046458,9783.542887067943,3236.6605529785156,2,1
2021-12-08,1638997200000,,13027.609694303375,13027.609694303375,0,0,0
2021-12-09,1639083600000,,13027.609694303375,13027.609694303375,0,0,0
2021-12-10,1639170000000,,13054.597115747963,10613.19712185148,2441.3999938964844,1,1
2021-12-13,1639429200000,,13052.906836489405,7180.4768743312,5872.429962158203,3,1
2021-12-14,1639515600000,,12997.376672845621,3217.186884027261,9780.18978881836,5,2
2021-12-15,1639602000000,,13149.766779046793,3217.186884027261,9932.579895019531,5,2
2021-12-16,1639688400000,,12986.962880421803,3127.7429135333755,9859.219966888428,5,1
2021-12-17,1639774800000,,12894.07720208378,3958.937179805948,8935.140022277832,4,1
2021-12-20,1640034000000,,12567.792047419949,5899.7970217851835,6667.995025634766,3,1
2021-12-21,1640120400000,,12835.125226783526,2625.5151384351357,10209.610088348389,5,1
2021-12-22,1640206800000,,12946.368927748053,2310.703964979497,10635.664962768555,5,2
2021-12-23,1640293200000,,12987.617882984756,8980.53254057753,4007.0853424072266,2,1
2021-12-27,1640638800000,,13022.12150565875,7463.1662635017665,5558.955242156982,3,1
2021-12-28,1640725200000,,13048.390925554078,7719.360884813112,5329.030040740967,3,1
2021-12-29,1640811600000,,13034.252633882921,11534.682649446886,1499.5699844360352,1,1
2021-12-30,1640898000000,,13030.852685762804,11534.682649446886,1496.170036315918,1,1
2021-12-31,1640984400000,,13014.187693951068,9188.137790081439,3826.049903869629,2,1
2022-01-03,1641243600000,,12974.283688906855,2035.9972509185714,10938.286437988281,5,2
2022-01-04,1641330000000,,12945.185834292597,2035.9972509185714,10909.188583374023,5,2
2022-01-05,1641416400000,,12605.04814745385,6103.938261284415,6501.109886169434,3,1
2022-01-06,1641502800000,,12618.06511115791,1348.958478925245,11269.106632232666,5,2
2022-01-07,1641589200000,,12378.117805534412,3781.591842704822,8596.52596282959,4,1
2022-01-10,1641848400000,,12361.347456986827,5672.2764959882925,6689.070960998535,3,1
2022-01-11,1641934800000,,12431.125012419845,1437.6897516471404,10993.435260772705,5,2
2022-01-12,1642021200000,,12460.496099977401,1601.9775452899012,10858.5185546875,5,2
2022-01-13,1642107600000,,12247.479590785655,1988.39465273634,10259.084938049316,5,1
2022-01-14,1642194000000,,12121.878412194063,7879.718530602265,4242.159881591797,2,1
2022-01-18,1642539600000,,12107.180154439842,1148.1400009364247,10959.040153503418,5,2
2022-01-19,1642626000000,,12032.555070516502,1148.1400009364247,10884.415069580078,5,2
2022-01-20,1642712400000,,11877.123189937305,1704.5743007771498,10172.548889160156,5,2
2022-01-21,1642798800000,,11809.759989592683,5086.2800701590895,6723.479919433594,3,2
2022-01-24,1643058000000,,11740.550889535898,11740.550889535898,0,0,0
2022-01-25,1643144400000,,11740.550889535898,11740.550889535898,0,0,0
2022-01-26,1643230800000,,11740.550889535898,11740.550889535898,0,0,0
2022-01-27,1643317200000,,11740.550889535898,11740.550889535898,0,0,0
2022-01-28,1643403600000,,11740.550889535898,11740.550889535898,0,0,0
2022-01-31,1643662800000,,11740.550889535898,11740.550889535898,0,0,0
2022-02-01,1643749200000,,11762.17253200413,10321.21257106663,1440.9599609375,1,1
2022-02-02,1643835600000,,11758.97368208732,11758.97368208732,0,0,0
2022-02-03,1643922000000,,11758.97368208732,11758.97368208732,0,0,0
2022-02-04,1644008400000,,11752.552441032973,7634.812466057387,4117.739974975586,2,1
2022-02-07,1644267600000,,11712.594329662392,2462.6041868401253,9249.990142822266,5,2
2022-02-08,1644354000000,,11737.474372692177,2462.6041868401253,9274.87018585205,5,2
2022-02-09,1644440400000,,11871.81272636282,3753.032574995631,8118.7801513671875,4,2
2022-02-10,1644526800000,,11753.722361224169,7620.242380755418,4133.47998046875,2,1
2022-02-11,1644613200000,,11754.465960658186,1007.8460723525227,10746.619888305664,5,2
2022-02-14,1644872400000,,11708.407488249097,11708.407488249097,0,0,0
2022-02-15,1644958800000,,11708.407488249097,11708.407488249097,0,0,0
2022-02-16,1645045200000,,11714.783026330937,235.33299314307078,11479.450033187866,5,2
2022-02-17,1645131600000,,11727.812864892949,235.33299314307078,11492.479871749878,5,2
2022-02-18,1645218000000,,11701.67808230748,11701.67808230748,0,0,0
2022-02-22,1645563600000,,11701.67808230748,11701.67808230748,0,0,0
2022-02-23,1645650000000,,11701.67808230748,11701.67808230748,0,0,0
2022-02-24,1645736400000,,11701.67808230748,11701.67808230748,0,0,0
2022-02-25,1645822800000,,11701.67808230748,11701.67808230748,0,0,0
2022-02-28,1646082000000,,11701.67808230748,11701.67808230748,0,0,0
2022-03-01,1646168400000,,11701.67808230748,11701.67808230748,0,0,0
2022-03-02,1646254800000,,11701.67808230748,11701.67808230748,0,0,0
2022-03-03,1646341200000,,11701.67808230748,11701.67808230748,0,0,0
2022-03-04,1646427600000,,11701.67808230748,11701.67808230748,0,0,0
2022-03-07,1646686800000,,11701.67808230748,11701.67808230748,0,0,0
2022-03-08,1646773200000,,11701.67808230748,11701.67808230748,0,0,0
2022-03-09,1646859600000,,11701.67808230748,11701.67808230748,0,0,0
2022-03-10,1646946000000,,11701.67808230748,11701.67808230748,0,0,0
2022-03-11,1647032400000,,11701.67808230748,11701.67808230748,0,0,0
2022-03-14,1647288000000,,11701.67808230748,11701.67808230748,0,0,0
2022-03-15,1647374400000,,11701.67808230748,11701.67808230748,0,0,0
2022-03-16,1647460800000,,11701.67808230748,11701.67808230748,0,0,0
2022-03-17,1647547200000,,11701.67808230748,11701.67808230748,0,0,0
2022-03-18,1647633600000,,11701.67808230748,11701.67808230748,0,0,0
2022-03-21,1647892800000,,11701.67808230748,11701.67808230748,0,0,0
2022-03-22,1647979200000,,11701.67808230748,11701.67808230748,0,0,0
2022-03-23,1648065600000,,11689.755569834824,9737.71559180748,1952.0399780273438,1,1
2022-03-24,1648152000000,,11689.002891335755,11689.002891335755,0,0,0
2022-03-25,1648238400000,,11680.393099301597,4994.2332558567705,6686.159843444824,4,2
2022-03-28,1648497600000,,11762.902035240852,5507.602070336067,6255.299964904785,4,2
2022-03-29,1648584000000,,11877.005271674872,7243.105254890205,4633.900016784668,3,2
2022-03-30,1648670400000,,11861.486818601617,4608.966722776422,7252.520095825195,4,2
2022-03-31,1648756800000,,11644.738645514157,2749.658872564939,8895.079772949219,5,2
2022-04-01,1648843200000,,11580.349054513921,5850.069223581303,5730.279830932617,3,1
2022-04-04,1649102400000,,11516.35489197833,4055.3248474226657,7461.030044555664,4,2
2022-04-05,1649188800000,,11472.338187112873,785.628081216878,10686.710105895996,5,2
2022-04-06,1649275200000,,11469.367037455462,760.9468180340759,10708.420219421387,5,2
2022-04-07,1649361600000,,11441.108608735154,11441.108608735154,0,0,0
2022-04-08,1649448000000,,11395.68195022942,2327.771937030565,9067.910013198853,5,1
2022-04-11,1649707200000,,11379.85312077452,11379.85312077452,0,0,0
2022-04-12,1649793600000,,11379.85312077452,11379.85312077452,0,0,0
2022-04-13,1649880000000,,11379.85312077452,11379.85312077452,0,0,0
2022-04-14,1649966400000,,11379.85312077452,11379.85312077452,0,0,0
2022-04-18,1650312000000,,11379.85312077452,11379.85312077452,0,0,0
2022-04-19,1650398400000,,11379.85312077452,11379.85312077452,0,0,0
2022-04-20,1650484800000,,11379.85312077452,11379.85312077452,0,0,0
2022-04-21,1650571200000,,11379.85312077452,11379.85312077452,0,0,0
2022-04-22,1650657600000,,11379.85312077452,11379.85312077452,0,0,0
2022-04-25,1650916800000,,11379.85312077452,11379.85312077452,0,0,0
2022-04-26,1651003200000,,11379.85312077452,11379.85312077452,0,0,0
2022-04-27,1651089600000,,11379.85312077452,11379.85312077452,0,0,0
2022-04-28,1651176000000,,11379.85312077452,11379.85312077452,0,0,0
2022-04-29,1651262400000,,11379.85312077452,11379.85312077452,0,0,0
2022-05-02,1651521600000,,11379.85312077452,11379.85312077452,0,0,0
2022-05-03,1651608000000,,11379.85312077452,11379.85312077452,0,0,0
2022-05-04,1651694400000,,11379.85312077452,11379.85312077452,0,0,0
2022-05-05,1651780800000,,11379.85312077452,11379.85312077452,0,0,0
2022-05-06,1651867200000,,11379.85312077452,11379.85312077452,0,0,0
2022-05-09,1652126400000,,11379.85312077452,11379.85312077452,0,0,0
2022-05-10,1652212800000,,11379.85312077452,11379.85312077452,0,0,0
2022-05-11,1652299200000,,11379.85312077452,11379.85312077452,0,0,0
2022-05-12,1652385600000,,11379.85312077452,11379.85312077452,0,0,0
2022-05-13,1652472000000,,11379.85312077452,11379.85312077452,0,0,0
2022-05-16,1652731200000,,11379.85312077452,11379.85312077452,0,0,0
2022-05-17,1652817600000,,11379.85312077452,11379.85312077452,0,0,0
2022-05-18,1652904000000,,11379.85312077452,11379.85312077452,0,0,0
2022-05-19,1652990400000,,11379.85312077452,11379.85312077452,0,0,0
2022-05-20,1653076800000,,11379.85312077452,11379.85312077452,0,0,0
2022-05-23,1653336000000,,11379.85312077452,11379.85312077452,0,0,0
2022-05-24,1653422400000,,11379.85312077452,11379.85312077452,0,0,0
2022-05-25,1653508800000,,11379.85312077452,11379.85312077452,0,0,0
2022-05-26,1653595200000,,11379.85312077452,11379.85312077452,0,0,0
2022-05-27,1653681600000,,11379.85312077452,11379.85312077452,0,0,0
2022-05-31,1654027200000,,11379.85312077452,11379.85312077452,0,0,0
2022-06-01,1654113600000,,11379.85312077452,11379.85312077452,0,0,0
2022-06-02,1654200000000,,11379.85312077452,11379.85312077452,0,0,0
2022-06-03,1654286400000,,11379.85312077452,11379.85312077452,0,0,0
2022-06-06,1654545600000,,11379.85312077452,11379.85312077452,0,0,0
2022-06-07,1654632000000,,11379.85312077452,11379.85312077452,0,0,0
2022-06-08,1654718400000,,11379.85312077452,11379.85312077452,0,0,0
2022-06-09,1654804800000,,11379.85312077452,11379.85312077452,0,0,0
2022-06-10,1654891200000,,11379.85312077452,11379.85312077452,0,0,0
2022-06-13,1655150400000,,11379.85312077452,11379.85312077452,0,0,0
2022-06-14,1655236800000,,11379.85312077452,11379.85312077452,0,0,0
2022-06-15,1655323200000,,11379.85312077452,11379.85312077452,0,0,0
2022-06-16,1655409600000,,11379.85312077452,11379.85312077452,0,0,0
2022-06-17,1655496000000,,11379.85312077452,11379.85312077452,0,0,0
2022-06-21,1655841600000,,11379.85312077452,11379.85312077452,0,0,0
2022-06-22,1655928000000,,11379.85312077452,11379.85312077452,0,0,0
2022-06-23,1656014400000,,11379.85312077452,11379.85312077452,0,0,0
2022-06-24,1656100800000,,11379.85312077452,11379.85312077452,0,0,0
2022-06-27,1656360000000,,11379.85312077452,11379.85312077452,0,0,0
2022-06-28,1656446400000,,11379.85312077452,11379.85312077452,0,0,0
2022-06-29,1656532800000,,11379.85312077452,11379.85312077452,0,0,0
2022-06-30,1656619200000,,11379.85312077452,11379.85312077452,0,0,0
2022-07-01,1656705600000,,11379.85312077452,11379.85312077452,0,0,0
2022-07-05,1657051200000,,11379.85312077452,11379.85312077452,0,0,0
2022-07-06,1657137600000,,11379.85312077452,11379.85312077452,0,0,0
2022-07-07,1657224000000,,11379.85312077452,11379.85312077452,0,0,0
2022-07-08,1657310400000,,11379.85312077452,11379.85312077452,0,0,0
2022-07-11,1657569600000,,11379.85312077452,11379.85312077452,0,0,0
2022-07-12,1657656000000,,11379.85312077452,11379.85312077452,0,0,0
2022-07-13,1657742400000,,11379.85312077452,11379.85312077452,0,0,0
2022-07-14,1657828800000,,11379.85312077452,11379.85312077452,0,0,0
2022-07-15,1657915200000,,11379.85312077452,11379.85312077452,0,0,0
2022-07-18,1658174400000,,11379.85312077452,11379.85312077452,0,0,0
2022-07-19,1658260800000,,11379.85312077452,11379.85312077452,0,0,0
2022-07-20,1658347200000,,11379.85312077452,11379.85312077452,0,0,0
2022-07-21,1658433600000,,11379.85312077452,11379.85312077452,0,0,0
2022-07-22,1658520000000,,11379.85312077452,11379.85312077452,0,0,0
2022-07-25,1658779200000,,11379.85312077452,11379.85312077452,0,0,0
2022-07-26,1658865600000,,11379.85312077452,11379.85312077452,0,0,0
2022-07-27,1658952000000,,11379.85312077452,11379.85312077452,0,0,0
2022-07-28,1659038400000,,11379.85312077452,11379.85312077452,0,0,0
2022-07-29,1659124800000,,11379.85312077452,11379.85312077452,0,0,0
2022-08-01,1659384000000,,11379.85312077452,11379.85312077452,0,0,0
2022-08-02,1659470400000,,11379.85312077452,11379.85312077452,0,0,0
2022-08-03,1659556800000,,11379.85312077452,11379.85312077452,0,0,0
2022-08-04,1659643200000,,11379.85312077452,11379.85312077452,0,0,0
2022-08-05,1659729600000,,11379.85312077452,11379.85312077452,0,0,0
2022-08-08,1659988800000,,11379.85312077452,11379.85312077452,0,0,0
2022-08-09,1660075200000,,11379.85312077452,11379.85312077452,0,0,0
2022-08-10,1660161600000,,11379.85312077452,11379.85312077452,0,0,0
2022-08-11,1660248000000,,11379.85312077452,11379.85312077452,0,0,0
2022-08-12,1660334400000,,11379.85312077452,11379.85312077452,0,0,0
2022-08-15,1660593600000,,11379.85312077452,11379.85312077452,0,0,0
2022-08-16,1660680000000,,11379.85312077452,11379.85312077452,0,0,0
2022-08-17,1660766400000,,11379.85312077452,11379.85312077452,0,0,0
2022-08-18,1660852800000,,11379.85312077452,11379.85312077452,0,0,0
2022-08-19,1660939200000,,11379.85312077452,11379.85312077452,0,0,0
2022-08-22,1661198400000,,11379.85312077452,11379.85312077452,0,0,0
2022-08-23,1661284800000,,11379.85312077452,11379.85312077452,0,0,0
2022-08-24,1661371200000,,11379.85312077452,11379.85312077452,0,0,0
2022-08-25,1661457600000,,11379.85312077452,11379.85312077452,0,0,0
2022-08-26,1661544000000,,11379.85312077452,11379.85312077452,0,0,0
2022-08-29,1661803200000,,11379.85312077452,11379.85312077452,0,0,0
2022-08-30,1661889600000,,11379.85312077452,11379.85312077452,0,0,0
2022-08-31,1661976000000,,11379.85312077452,11379.85312077452,0,0,0
2022-09-01,1662062400000,,11379.85312077452,11379.85312077452,0,0,0
2022-09-02,1662148800000,,11379.85312077452,11379.85312077452,0,0,0
2022-09-06,1662494400000,,11379.85312077452,11379.85312077452,0,0,0
2022-09-07,1662580800000,,11379.85312077452,11379.85312077452,0,0,0
2022-09-08,1662667200000,,11379.85312077452,11379.85312077452,0,0,0
2022-09-09,1662753600000,,11379.85312077452,11379.85312077452,0,0,0
2022-09-12,1663012800000,,11379.85312077452,11379.85312077452,0,0,0
2022-09-13,1663099200000,,11379.85312077452,11379.85312077452,0,0,0
2022-09-14,1663185600000,,11379.85312077452,11379.85312077452,0,0,0
2022-09-15,1663272000000,,11379.85312077452,11379.85312077452,0,0,0
2022-09-16,1663358400000,,11379.85312077452,11379.85312077452,0,0,0
2022-09-19,1663617600000,,11379.85312077452,11379.85312077452,0,0,0
2022-09-20,1663704000000,,11379.85312077452,11379.85312077452,0,0,0
2022-09-21,1663790400000,,11379.85312077452,11379.85312077452,0,0,0
2022-09-22,1663876800000,,11379.85312077452,11379.85312077452,0,0,0
2022-09-23,1663963200000,,11379.85312077452,11379.85312077452,0,0,0
2022-09-26,1664222400000,,11379.85312077452,11379.85312077452,0,0,0
2022-09-27,1664308800000,,11379.85312077452,11379.85312077452,0,0,0
2022-09-28,1664395200000,,11379.85312077452,11379.85312077452,0,0,0
2022-09-29,1664481600000,,11379.85312077452,11379.85312077452,0,0,0
2022-09-30,1664568000000,,11379.85312077452,11379.85312077452,0,0,0
2022-10-03,1664827200000,,11379.85312077452,11379.85312077452,0,0,0
2022-10-04,1664913600000,,11379.85312077452,11379.85312077452,0,0,0
2022-10-05,1665000000000,,11379.85312077452,11379.85312077452,0,0,0
2022-10-06,1665086400000,,11379.85312077452,11379.85312077452,0,0,0
2022-10-07,1665172800000,,11379.85312077452,11379.85312077452,0,0,0
2022-10-10,1665432000000,,11379.85312077452,11379.85312077452,0,0,0
2022-10-11,1665518400000,,11379.85312077452,11379.85312077452,0,0,0
2022-10-12,1665604800000,,11379.85312077452,11379.85312077452,0,0,0
2022-10-13,1665691200000,,11379.85312077452,11379.85312077452,0,0,0
2022-10-14,1665777600000,,11379.85312077452,11379.85312077452,0,0,0
2022-10-17,1666036800000,,11379.85312077452,11379.85312077452,0,0,0
2022-10-18,1666123200000,,11379.85312077452,11379.85312077452,0,0,0
2022-10-19,1666209600000,,11379.85312077452,11379.85312077452,0,0,0
2022-10-20,1666296000000,,11379.85312077452,11379.85312077452,0,0,0
2022-10-21,1666382400000,,11379.85312077452,11379.85312077452,0,0,0
2022-10-24,1666641600000,,11379.85312077452,11379.85312077452,0,0,0
2022-10-25,1666728000000,,11379.85312077452,11379.85312077452,0,0,0
2022-10-26,1666814400000,,11379.85312077452,11379.85312077452,0,0,0
2022-10-27,1666900800000,,11379.85312077452,11379.85312077452,0,0,0
2022-10-28,1666987200000,,11379.85312077452,11379.85312077452,0,0,0
2022-10-31,1667246400000,,11379.85312077452,11379.85312077452,0,0,0
2022-11-01,1667332800000,,11379.85312077452,11379.85312077452,0,0,0
2022-11-02,1667419200000,,11379.85312077452,11379.85312077452,0,0,0
2022-11-03,1667505600000,,11379.85312077452,11379.85312077452,0,0,0
2022-11-04,1667592000000,,11379.85312077452,11379.85312077452,0,0,0
2022-11-07,1667854800000,,11379.85312077452,11379.85312077452,0,0,0
2022-11-08,1667941200000,,11379.85312077452,11379.85312077452,0,0,0
2022-11-09,1668027600000,,11379.85312077452,11379.85312077452,0,0,0
2022-11-10,1668114000000,,11379.85312077452,11379.85312077452,0,0,0
2022-11-11,1668200400000,,11379.85312077452,11379.85312077452,0,0,0
2022-11-14,1668459600000,,11379.85312077452,11379.85312077452,0,0,0
2022-11-15,1668546000000,,11379.85312077452,11379.85312077452,0,0,0
2022-11-16,1668632400000,,11379.85312077452,11379.85312077452,0,0,0
2022-11-17,1668718800000,,11379.85312077452,11379.85312077452,0,0,0
2022-11-18,1668805200000,,11379.85312077452,11379.85312077452,0,0,0
2022-11-21,1669064400000,,11379.85312077452,11379.85312077452,0,0,0
2022-11-22,1669150800000,,11379.85312077452,11379.85312077452,0,0,0
2022-11-23,1669237200000,,11379.85312077452,11379.85312077452,0,0,0
2022-11-25,1669410000000,,11379.85312077452,11379.85312077452,0,0,0
2022-11-28,1669669200000,,11379.85312077452,11379.85312077452,0,0,0
2022-11-29,1669755600000,,11379.85312077452,11379.85312077452,0,0,0
2022-11-30,1669842000000,,11379.85312077452,11379.85312077452,0,0,0
2022-12-01,1669928400000,,11379.85312077452,11379.85312077452,0,0,0
2022-12-02,1670014800000,,11338.279970876796,7704.109995596035,3634.1699752807617,2,1
2022-12-05,1670274000000,,11215.677221743013,8053.637274233248,3162.0399475097656,2,1
2022-12-06,1670360400000,,11201.856671954283,11201.856671954283,0,0,0
2022-12-07,1670446800000,,11201.856671954283,11201.856671954283,0,0,0
2022-12-08,1670533200000,,11201.856671954283,11201.856671954283,0,0,0
2022-12-09,1670619600000,,11201.856671954283,11201.856671954283,0,0,0
2022-12-12,1670878800000,,11201.856671954283,11201.856671954283,0,0,0
2022-12-13,1670965200000,,11201.856671954283,11201.856671954283,0,0,0
2022-12-14,1671051600000,,11201.856671954283,11201.856671954283,0,0,0
2022-12-15,1671138000000,,11201.856671954283,11201.856671954283,0,0,0
2022-12-16,1671224400000,,11201.856671954283,11201.856671954283,0,0,0
2022-12-19,1671483600000,,11201.856671954283,11201.856671954283,0,0,0
2022-12-20,1671570000000,,11201.856671954283,11201.856671954283,0,0,0
2022-12-21,1671656400000,,11201.856671954283,11201.856671954283,0,0,0
2022-12-22,1671742800000,,11201.856671954283,11201.856671954283,0,0,0
2022-12-23,1671829200000,,11201.856671954283,11201.856671954283,0,0,0
2022-12-27,1672174800000,,11201.856671954283,11201.856671954283,0,0,0
2022-12-28,1672261200000,,11201.856671954283,11201.856671954283,0,0,0
2022-12-29,1672347600000,,11201.856671954283,11201.856671954283,0,0,0
2022-12-30,1672434000000,,11201.856671954283,11201.856671954283,0,0,0
2023-01-03,1672779600000,,11201.856671954283,11201.856671954283,0,0,0
2023-01-04,1672866000000,,11201.856671954283,11201.856671954283,0,0,0
2023-01-05,1672952400000,,11201.856671954283,11201.856671954283,0,0,0
2023-01-06,1673038800000,,11201.856671954283,11201.856671954283,0,0,0
2023-01-09,1673298000000,,11201.856671954283,11201.856671954283,0,0,0
2023-01-10,1673384400000,,11201.856671954283,11201.856671954283,0,0,0
2023-01-11,1673470800000,,11201.856671954283,11201.856671954283,0,0,0
2023-01-12,1673557200000,,11201.856671954283,11201.856671954283,0,0,0
2023-01-13,1673643600000,,11201.856671954283,11201.856671954283,0,0,0
2023-01-17,1673989200000,,11242.449726415389,556.7996028191974,10685.650123596191,5,2
2023-01-18,1674075600000,,10990.86200351627,2805.722080420566,8185.139923095703,4,2
2023-01-19,1674162000000,,10979.682092050563,10979.682092050563,0,0,0
2023-01-20,1674248400000,,10979.682092050563,10979.682092050563,0,0,0
2023-01-23,1674507600000,,10979.682092050563,10979.682092050563,0,0,0
2023-01-24,1674594000000,,10979.09387279694,317.47724987213587,10661.616622924805,5,2
2023-01-25,1674680400000,,11063.923490145113,1287.3232856773384,9776.600204467773,5,2
2023-01-26,1674766800000,,11181.972820370385,2009.8027611662815,9172.170059204102,5,2
2023-01-27,1674853200000,,11127.594042710709,1715.8842572492822,9411.709785461426,5,2
2023-01-30,1675112400000,,11079.974154405045,1715.8842572492822,9364.089897155762,5,2
2023-01-31,1675198800000,,11176.354595745346,1613.8045087702485,9562.550086975098,5,2
2023-02-01,1675285200000,,11211.169925192891,1451.9100756445519,9759.25984954834,5,1
2023-02-02,1675371600000,,11297.682036666029,5026.471938399425,6271.210098266602,3,2
2023-02-03,1675458000000,,11171.475022619963,851.3450101077556,10320.130012512207,5,2
2023-02-06,1675717200000,,11194.435174292326,851.3450101077556,10343.09016418457,5,2
2023-02-07,1675803600000,,11382.996470718814,1818.7064621738925,9564.290008544922,5,2
2023-02-08,1675890000000,,11428.68039244593,1206.6404830831366,10222.039909362793,5,2
2023-02-09,1675976400000,,11368.285208907158,1114.3253299856483,10253.959878921509,5,1
2023-02-10,1676062800000,,11492.305196013482,1114.3253299856483,10377.979866027832,5,1
2023-02-13,1676322000000,,11656.733067614177,1424.6930152002367,10232.04005241394,5,2
2023-02-14,1676408400000,,11808.93652414452,2240.156666509022,9568.779857635498,5,2
2023-02-15,1676494800000,,11848.734836768923,648.9549295423603,11199.779907226562,5,2
2023-02-16,1676581200000,,11769.604486192064,696.2544800885485,11073.350006103516,5,2
2023-02-17,1676667600000,,11805.694436753587,696.2544800885485,11109.439956665039,5,2
2023-02-21,1677013200000,,11708.47725640776,862.677367796919,10845.79988861084,5,2
2023-02-22,1677099600000,,11695.867217650435,862.677367796919,10833.189849853516,5,2
2023-02-23,1677186000000,,11770.517440428755,862.677367796919,10907.840072631836,5,2
2023-02-24,1677272400000,,11510.78784375625,1304.6728725953622,10206.114971160889,5,2
2023-02-27,1677531600000,,11539.7752766137,897.2122311119915,10642.563045501709,5,2
2023-02-28,1677618000000,,11602.535374117362,897.2122311119915,10705.323143005371,5,2
2023-03-01,1677704400000,,11490.088276558445,926.2202002339818,10563.868076324463,5,2
2023-03-02,1677790800000,,11483.508198433445,926.2202002339818,10557.287998199463,5,2
2023-03-03,1677877200000,,11566.184521105091,2891.2664855978874,8674.918035507202,4,1
2023-03-06,1678136400000,,11492.303297722956,799.6203734523256,10692.68292427063,5,2
2023-03-07,1678222800000,,11260.878030615635,3001.600982504673,8259.277048110962,4,1
2023-03-08,1678309200000,,11275.196962283651,806.7377890811372,10468.459173202515,5,2
2023-03-09,1678395600000,,11033.072779566508,4537.822795778971,6495.249983787537,3,1
2023-03-10,1678482000000,,11008.277381469767,11008.277381469767,0,0,0
2023-03-13,1678737600000,,11008.277381469767,11008.277381469767,0,0,0
2023-03-14,1678824000000,,11008.277381469767,11008.277381469767,0,0,0
2023-03-15,1678910400000,,11008.277381469767,11008.277381469767,0,0,0
2023-03-16,1678996800000,,11008.277381469767,11008.277381469767,0,0,0
2023-03-17,1679083200000,,10966.06234920228,8831.62225520814,2134.4400939941406,1,1
2023-03-20,1679342400000,,10981.830510125552,10981.830510125552,0,0,0
2023-03-21,1679428800000,,10981.830510125552,10981.830510125552,0,0,0
2023-03-22,1679515200000,,10981.830510125552,10981.830510125552,0,0,0
2023-03-23,1679601600000,,10981.830510125552,10981.830510125552,0,0,0
2023-03-24,1679688000000,,11119.265071087673,7123.304994755582,3995.9600763320923,2,2
2023-03-27,1679947200000,,11132.307446928202,5636.08743044871,5496.220016479492,3,1
2023-03-28,1680033600000,,11173.540888612664,7520.620966737664,3652.919921875,2,2
2023-03-29,1680120000000,,11167.273435822663,6150.228361359772,5017.045074462891,3,2
2023-03-30,1680206400000,,11203.030648826141,7799.298024772186,3403.732624053955,2,2
2023-03-31,1680292800000,,11254.998661519661,9702.29365587391,1552.705005645752,1,1
2023-04-03,1680552000000,,11233.024220038458,11233.024220038458,0,0,0
2023-04-04,1680638400000,,11233.024220038458,11233.024220038458,0,0,0
2023-04-05,1680724800000,,11147.652325710635,5747.002247890809,5400.650077819824,3,2
2023-04-06,1680811200000,,11157.637012586367,1658.877147779236,9498.759864807129,5,2
2023-04-10,1681156800000,,11244.137127027285,1658.877147779236,9585.259979248047,5,2
2023-04-11,1681243200000,,11237.797176465761,1658.877147779236,9578.920028686523,5,2
2023-04-12,1681329600000,,11268.554637585745,1139.3246037112335,10129.230033874512,5,2
2023-04-13,1681416000000,,11406.621152238247,955.9870579999665,10450.634094238281,5,2
2023-04-14,1681502400000,,11362.598146004773,808.1280303431531,10554.470115661621,5,2
2023-04-17,1681761600000,,11418.174370751562,672.9243631221675,10745.250007629395,5,2
2023-04-18,1681848000000,,11377.099782846608,569.9095438939717,10807.190238952637,5,2
2023-04-19,1681934400000,,11397.40368855041,1137.2735005621296,10260.130187988281,5,1
2023-04-20,1682020800000,,11406.547887235742,2305.127873808006,9101.420013427734,5,2
2023-04-21,1682107200000,,11383.429939227646,853.5399245792082,10529.890014648438,5,2
2023-04-24,1682366400000,,11449.929801898545,853.5399245792082,10596.389877319336,5,2
2023-04-25,1682452800000,,11273.041588988033,336.4416439196739,10936.59994506836,5,2
2023-04-26,1682539200000,,11050.199069536679,1272.4990420708602,9777.70002746582,5,2
2023-04-27,1682625600000,,11161.972142905563,1465.2452294534137,9696.726913452148,5,2
2023-04-28,1682712000000,,11205.580249535571,1549.5401112909403,9656.040138244629,5,2
2023-05-01,1682971200000,,11249.607829279794,1085.9777557324292,10163.630073547363,5,2
2023-05-02,1683057600000,,11190.8892250007,2446.7791824286783,8744.110042572021,4,2
2023-05-03,1683144000000,,10976.043754455786,3398.141250488501,7577.902503967285,4,2
2023-05-04,1683230400000,,10953.431157540155,941.9563269127138,10011.474830627441,5,2
2023-05-05,1683316800000,,11248.051217507196,941.9563269127138,10306.094890594482,5,2
2023-05-08,1683576000000,,11298.550162808999,1373.1579966713043,9925.392166137695,5,2
2023-05-09,1683662400000,,11229.344185202957,1441.614219992995,9787.729965209961,5,2
2023-05-10,1683748800000,,11226.837267248284,899.6473411008214,10327.189926147461,5,2
2023-05-11,1683835200000,,11352.210924679519,848.2811456267855,10503.929779052734,5,2
2023-05-12,1683921600000,,11427.88098388362,848.2811456267855,10579.599838256836,5,2
2023-05-15,1684180800000,,11521.168638854513,337.86867394972796,11183.299964904785,5,2
2023-05-16,1684267200000,,11327.3751504231,348.47494290356644,10978.900207519531,5,2
2023-05-17,1684353600000,,11391.276125007294,312.08627515377657,11079.189849853516,5,2
2023-05-18,1684440000000,,11504.970098861551,452.2921966398726,11052.67790222168,5,2
2023-05-19,1684526400000,,11350.279702582424,474.66551343447463,10875.61418914795,5,2
2023-05-22,1684785600000,,11310.089806952541,474.66551343447463,10835.424293518066,5,2
2023-05-23,1684872000000,,11176.089625065884,518.0176188402975,10658.072006225586,5,2
2023-05-24,1684958400000,,11162.69969052609,518.0176188402975,10644.682071685791,5,2
2023-05-25,1685044800000,,11059.020747163137,2611.2606687329608,8447.760078430176,4,2
2023-05-26,1685131200000,,11031.5398140983,637.8797875480079,10393.660026550293,5,2
2023-05-30,1685476800000,,10918.892224875708,4761.262349692602,6157.6298751831055,3,1
2023-05-31,1685563200000,,10998.946216538036,2800.9060554052226,8198.040161132812,4,2
2023-06-01,1685649600000,,11012.556159499885,805.7160716092599,10206.840087890625,5,2
2023-06-02,1685736000000,,11494.785648472407,1369.5359460187933,10125.249702453613,5,2
2023-06-05,1685995200000,,11493.174893011776,9207.829548468319,2285.345344543457,1,1
2023-06-06,1686081600000,,11425.004237700978,4853.353305388965,6571.650932312012,3,1
2023-06-07,1686168000000,,11373.103708117484,2625.1267488889653,8747.976959228516,4,1
2023-06-08,1686254400000,,11445.81169877587,1111.3941801601445,10334.417518615723,5,2
2023-06-09,1686340800000,,11411.870853819953,1260.495937743292,10151.37491607666,5,2
2023-06-12,1686600000000,,11586.60487195704,1188.5249769375082,10398.079895019531,5,2
2023-06-13,1686686400000,,11694.223248150014,7025.173313762805,4669.049934387207,2,1
2023-06-14,1686772800000,,11778.29055528326,2559.210721298883,9219.079833984375,4,1
2023-06-15,1686859200000,,11740.760230770142,7087.010238399536,4653.7499923706055,2,1
2023-06-16,1686945600000,,11681.159509397141,3343.5295121437234,8337.629997253418,4,2
2023-06-20,1687291200000,,11620.954067009892,2017.1741979303026,9603.77986907959,5,2
2023-06-21,1687377600000,,11597.305614131688,4238.975635188818,7358.329978942871,4,2
2023-06-22,1687464000000,,11655.2054823653,2145.2754286543645,9509.930053710938,5,2
2023-06-23,1687550400000,,11576.53556071455,1479.2055283659165,10097.330032348633,5,2
2023-06-26,1687809600000,,11525.05534373457,1479.2055283659165,10045.849815368652,5,2
2023-06-27,1687896000000,,11715.457279337865,1625.057407511692,10090.399871826172,5,2
2023-06-28,1687982400000,,11781.222582095037,4101.142503970037,7680.080078125,4,2
2023-06-29,1688068800000,,11866.771530630007,2641.8616871851827,9224.909843444824,4,2
2023-06-30,1688155200000,,11919.206782520632,7293.206851185183,4625.999931335449,2,1
2023-07-03,1688414400000,,11929.780764983665,8130.610766814719,3799.1699981689453,2,1
2023-07-05,1688587200000,,11859.340777801048,8130.610766814719,3728.730010986328,2,1
2023-07-06,1688673600000,,11834.098826563106,5796.898814356074,6037.200012207031,3,2
2023-07-07,1688760000000,,11757.479970576544,1574.8799492142375,10182.600021362305,5,2
2023-07-10,1689019200000,,11962.033697264797,3745.4336835318863,8216.60001373291,4,2
2023-07-11,1689105600000,,12018.019658524317,947.5197577064446,11070.499900817871,5,2
2023-07-12,1689192000000,,12151.942612459343,889.30277328698,11262.639839172363,5,2
2023-07-13,1689278400000,,12137.959972007708,3171.5699573592697,8966.390014648438,4,2
2023-07-14,1689364800000,,12259.83283646217,742.6528476010853,11517.179988861084,5,2
2023-07-17,1689624000000,,12269.130255923435,558.6703941680635,11710.459861755371,5,2
2023-07-18,1689710400000,,12375.396610307063,175.51642804082894,12199.880182266235,5,2
2023-07-19,1689796800000,,12410.855489752545,370.0853653171198,12040.770124435425,5,2
2023-07-20,1689883200000,,12494.575211880618,500.28531873028805,11994.28989315033,5,2
2023-07-21,1689969600000,,12497.236329194064,1505.9362879953335,10991.30004119873,5,2
2023-07-24,1690228800000,,12492.346237298007,1505.9362879953335,10986.409949302673,5,2
2023-07-25,1690315200000,,12405.366358872408,1505.9362879953335,10899.430070877075,5,2
2023-07-26,1690401600000,,12257.890857475093,1657.8008783033406,10600.089979171753,5,2
2023-07-27,1690488000000,,12455.513644334087,596.9237433636285,11858.589900970459,5,2
2023-07-28,1690574400000,,12399.470864040326,2938.1807639426693,9461.290100097656,4,2
2023-07-31,1690833600000,,12451.011369740274,633.0416126601949,11817.969757080078,5,2
2023-08-01,1690920000000,,12467.892015028772,1132.982224989709,11334.909790039062,5,2
2023-08-02,1691006400000,,12400.803073309373,1161.672992132616,11239.130081176758,5,1
2023-08-03,1691092800000,,12241.380478523866,5836.94032349457,6404.440155029297,3,1
2023-08-04,1691179200000,,12228.822651334305,1255.8126339392861,10973.01001739502,5,2
2023-08-07,1691438400000,,12288.8363515704,805.2362691729386,11483.600082397461,5,2
2023-08-08,1691524800000,,12102.766397651943,805.2362691729386,11297.530128479004,5,2
2023-08-09,1691611200000,,12038.135219197799,3125.285243611861,8912.849975585938,4,1
2023-08-10,1691697600000,,12002.106165382429,1887.7949166031299,10114.311248779297,5,2
2023-08-11,1691784000000,,12082.249826881452,1887.7949166031299,10194.45491027832,5,2
2023-08-14,1692043200000,,12148.588766012499,1883.6309146025874,10264.957851409912,5,2
2023-08-15,1692129600000,,12085.752195855664,735.1562943664076,11350.595901489258,5,2
2023-08-16,1692216000000,,11976.54528286128,735.1562943664076,11241.388988494873,5,2
2023-08-17,1692302400000,,11875.751119908535,880.9911330310927,10994.759986877441,5,1
2023-08-18,1692388800000,,11813.490586945964,3042.840455720377,8770.650131225586,4,2
2023-08-21,1692648000000,,11756.104186818737,3875.2742612816282,7880.829925537109,4,1
2023-08-22,1692734400000,,11663.124765865497,1613.4547676965526,10049.669998168945,5,2
2023-08-23,1692820800000,,11765.675028672957,556.6449230821345,11209.03010559082,5,2
2023-08-24,1692907200000,,11780.147297430849,524.7175326832271,11255.42976474762,5,2
2023-08-25,1692993600000,,11834.053877112514,566.2137958976082,11267.840081214905,5,2
2023-08-28,1693252800000,,11824.21810057453,308.9231453209277,11515.294955253601,5,2
2023-08-29,1693339200000,,12078.835115988912,247.19003542250357,11831.645080566406,5,2
2023-08-30,1693425600000,,12079.706930715016,9743.746924001149,2335.960006713867,1,1
2023-08-31,1693512000000,,11926.093370249215,9562.593480875435,2363.4998893737793,1,1
2023-09-01,1693598400000,,12010.492954154677,2116.453063865371,9894.039890289307,5,2
2023-09-05,1693944000000,,11820.431323986762,2079.9612960631785,9740.470027923584,5,2
2023-09-06,1694030400000,,11768.152073400868,6148.142124670399,5620.009948730469,3,1
2023-09-07,1694116800000,,11829.398367451315,1508.9171433912556,10320.481224060059,5,2
2023-09-08,1694203200000,,11773.768369006859,1296.546519565331,10477.221849441528,5,2
2023-09-11,1694462400000,,11857.89534692739,1296.546519565331,10561.34882736206,5,2
2023-09-12,1694548800000,,11851.769857007032,395.4752498445555,11456.294607162476,5,2
2023-09-13,1694635200000,,11831.75284900536,390.9895490633435,11440.763299942017,5,1
2023-09-14,1694721600000,,11978.395021644026,277.12445661106904,11701.270565032959,5,1
2023-09-15,1694808000000,,11982.545484062697,911.5649619069375,11070.980522155762,5,1
2023-09-18,1695067200000,,11912.685616662175,1494.489590813786,10418.196025848389,5,2
2023-09-19,1695153600000,,11953.17705779482,2234.80908828188,9718.36796951294,5,2
2023-09-20,1695240000000,,11867.279302894027,2839.555261908918,9027.724040985107,5,2
2023-09-21,1695326400000,,11705.026342688949,2839.555261908918,8865.47108078003,5,2
2023-09-22,1695412800000,,11682.164069313407,3488.7731696552028,8193.390899658203,5,2
2023-09-25,1695672000000,,11732.365229744315,3488.7731696552028,8243.592060089111,5,2
2023-09-26,1695758400000,,11592.273488810974,2408.258374980406,9184.015113830566,5,2
2023-09-27,1695844800000,,11662.09926644417,2376.6942371472946,9285.405029296875,5,2
2023-09-28,1695931200000,,11680.272474920492,2516.0024706480303,9164.270004272461,4,1
2023-09-29,1696017600000,,11527.81958828708,207.6898046567071,11320.129783630371,5,2
2023-10-02,1696276800000,,11470.783036349128,4702.093056795906,6768.689979553223,3,1
2023-10-03,1696363200000,,11423.36632239966,2412.226185680908,9011.14013671875,4,1
2023-10-04,1696449600000,,11545.480311018006,361.1500955639044,11184.330215454102,5,2
2023-10-05,1696536000000,,11607.123951063804,746.4641762835331,10860.659774780273,5,2
2023-10-06,1696622400000,,11620.504131422691,746.4641762835331,10874.03995513916,5,2
2023-10-09,1696881600000,,11803.569227982873,2809.8391941083623,8993.730033874512,4,2
2023-10-10,1696968000000,,11822.924620243874,7182.784353825416,4640.140266418457,2,1
2023-10-11,1697054400000,,11820.585699650612,7182.784353825416,4637.801345825195,2,1
2023-10-12,1697140800000,,11792.394161817716,9558.357037183927,2234.037124633789,1,1
2023-10-13,1697227200000,,11661.060339819318,4946.485625158673,6714.5747146606445,3,1
2023-10-16,1697486400000,,11805.307530241316,708.6997459700751,11096.60778427124,5,2
2023-10-17,1697572800000,,11862.604714231795,708.6997459700751,11153.904968261719,5,2
2023-10-18,1697659200000,,11674.680198293936,796.1997142851442,10878.480484008789,5,2
2023-10-19,1697745600000,,11512.741042715323,796.1997142851442,10716.541328430176,5,2
2023-10-20,1697832000000,,11383.099692335923,5186.617144575912,6196.48254776001,3,1
2023-10-23,1698091200000,,11362.521992892669,11362.521992892669,0,0,0
2023-10-24,1698177600000,,11362.521992892669,11362.521992892669,0,0,0
2023-10-25,1698264000000,,11402.717745039026,1260.7477171154428,10141.970027923584,5,2
2023-10-26,1698350400000,,11341.109840031608,11341.109840031608,0,0,0
2023-10-27,1698436800000,,11341.109840031608,11341.109840031608,0,0,0
2023-10-30,1698696000000,,11341.109840031608,11341.109840031608,0,0,0
2023-10-31,1698782400000,,11341.109840031608,11341.109840031608,0,0,0
2023-11-01,1698868800000,,11341.109840031608,11341.109840031608,0,0,0
2023-11-02,1698955200000,,11341.109840031608,11341.109840031608,0,0,0
2023-11-03,1699041600000,,11353.034102406002,9544.024077381588,1809.010025024414,1,1
2023-11-06,1699304400000,,11303.50402733276,9544.024077381588,1759.4799499511719,1,1
2023-11-07,1699390800000,,11228.74205772739,11228.74205772739,0,0,0
2023-11-08,1699477200000,,11181.12612149192,6311.344963044654,4869.781158447266,3,2
2023-11-09,1699563600000,,11061.370576998928,1796.0306493255875,9265.33992767334,5,2
2023-11-10,1699650000000,,11195.330736300686,1796.0306493255875,9399.300086975098,5,2
2023-11-13,1699909200000,,11232.963114441196,2409.7732226260105,8823.189891815186,5,2
2023-11-14,1699995600000,,11285.842460021686,5937.622367248248,5348.2200927734375,3,2
2023-11-15,1700082000000,,11288.393599213527,9703.633589447902,1584.760009765625,1,1
2023-11-16,1700168400000,,11301.760234292808,4026.180346902671,7275.579887390137,4,2
2023-11-17,1700254800000,,11401.850850288003,2250.1510288158343,9151.699821472168,5,2
2023-11-20,1700514000000,,11449.94477154492,2259.8348777460933,9190.109893798828,5,2
2023-11-21,1700600400000,,11467.187649587215,898.7010544334062,10568.486595153809,5,2
2023-11-22,1700686800000,,11440.398218199965,1110.6947727653946,10329.70344543457,5,1
2023-11-24,1700859600000,,11487.134820983169,1110.6947727653946,10376.440048217773,5,1
2023-11-27,1701118800000,,11480.912654341297,3255.2346109758178,8225.678043365479,4,1
2023-11-28,1701205200000,,11434.382085212002,1449.703091986903,9984.678993225098,5,2
2023-11-29,1701291600000,,11486.12297094656,1449.703091986903,10036.419878959656,5,2
2023-11-30,1701378000000,,11509.027819250558,1550.3477731690136,9958.680046081543,5,2
2023-12-01,1701464400000,,11661.19627255084,1648.3663393843362,10012.829933166504,5,2
2023-12-04,1701723600000,,11603.369849622562,3886.8299021127978,7716.539947509766,4,2
2023-12-05,1701810000000,,11536.883336055498,1408.8881273152642,10127.995208740234,5,2
2023-12-06,1701896400000,,11447.863955573674,3622.4409247204026,7825.4230308532715,4,2
2023-12-07,1701982800000,,11476.952147791735,1087.9521744946142,10388.99997329712,5,2
2023-12-08,1702069200000,,11511.80818940272,821.0722351180511,10690.735954284668,5,1
2023-12-11,1702328400000,,11767.79421166876,977.9542954395129,10789.839916229248,5,2
2023-12-12,1702414800000,,11826.879203109133,3547.569247512208,8279.309955596924,4,2
2023-12-13,1702501200000,,12024.164488375052,3796.704466402395,8227.460021972656,4,2
2023-12-14,1702587600000,,12154.030915994465,12154.030915994465,0,0,0
2023-12-15,1702674000000,,12137.284177008043,2864.5943881896837,9272.68978881836,4,2
2023-12-18,1702933200000,,12288.692330978838,680.9322601780564,11607.760070800781,5,2
2023-12-19,1703019600000,,12351.892312668291,680.9322601780564,11670.960052490234,5,2
2023-12-20,1703106000000,,12216.764016253775,5681.7740260194005,6534.989990234375,3,1
2023-12-21,1703192400000,,12252.66034729014,1634.3824542237353,10618.277893066406,5,1
2023-12-22,1703278800000,,12307.139473266703,1634.3824542237353,10672.757019042969,5,1
2023-12-26,1703624400000,,12328.436869809611,2024.7108261084395,10303.726043701172,5,2
2023-12-27,1703710800000,,12359.521907041057,2024.7108261084395,10334.811080932617,5,2
2023-12-28,1703797200000,,12368.346981686991,6575.15704028074,5793.18994140625,3,2
2023-12-29,1703883600000,,12310.001639531962,1751.2466651667282,10558.754974365234,5,2
2024-01-02,1704229200000,,12236.362103066169,1753.7919889304271,10482.570114135742,5,2
2024-01-03,1704315600000,,12194.598099925171,1795.5582668563234,10399.039833068848,5,2
2024-01-04,1704402000000,,12103.757027288455,1815.2971044979276,10288.459922790527,5,2
2024-01-05,1704488400000,,12108.40715485617,3276.937260446991,8831.46989440918,4,2
2024-01-08,1704747600000,,12299.014390929071,442.6442432239951,11856.370147705078,5,2
2024-01-09,1704834000000,,12093.192005535297,736.3020137750418,11356.889991760254,5,2
2024-01-10,1704920400000,,12059.145360762366,1084.6554315631474,10974.489929199219,5,1
2024-01-11,1705006800000,,12059.926959573424,3205.7067142120977,8854.220245361328,4,1
2024-01-12,1705093200000,,12122.73085900291,763.4409572695122,11359.289901733398,5,1
2024-01-16,1705438800000,,12063.55654768466,645.4863648843684,11418.070182800293,5,2
2024-01-17,1705525200000,,11958.207571680632,2472.727701838103,9485.47986984253,4,1
2024-01-18,1705611600000,,11807.211376945492,2371.807091514586,9435.404285430908,4,1
2024-01-19,1705698000000,,11913.581453541286,767.2873403821068,11146.29411315918,5,2
2024-01-22,1705957200000,,12045.076268314911,327.36207687814203,11717.714191436768,5,2
2024-01-23,1706043600000,,12071.03796099384,201.38301752765437,11869.654943466187,5,2
2024-01-24,1706130000000,,11908.007230671614,331.11711684104694,11576.890113830566,5,1
2024-01-25,1706216400000,,11961.12429424042,411.9442100119045,11549.180084228516,5,2
2024-01-26,1706302800000,,11957.477875945451,512.3777630304116,11445.100112915039,5,2
2024-01-29,1706562000000,,12030.754588282187,519.7046615243748,11511.049926757812,5,2
2024-01-30,1706648400000,,12012.23872711645,698.7385897873478,11313.500137329102,5,2
2024-01-31,1706734800000,,12000.885890507563,698.7385897873478,11302.147300720215,5,2
2024-02-01,1706821200000,,12084.298316124496,2751.498503807602,9332.799812316895,4,1
2024-02-02,1706907600000,,12090.801157571932,407.9211984654853,11682.879959106445,5,2
2024-02-05,1707166800000,,12060.888743582005,489.69878691696476,11571.189956665039,5,2
2024-02-06,1707253200000,,12136.379500118297,1294.5095050011091,10841.869995117188,5,2
2024-02-07,1707339600000,,12278.41773283882,2203.07772124214,10075.34001159668,5,2
2024-02-08,1707426000000,,12253.728192913351,2083.75813447219,10169.970058441162,5,1
2024-02-09,1707512400000,,12189.796956016318,1861.0568551557217,10328.740100860596,5,2
2024-02-12,1707771600000,,12299.56253132469,978.8927162612135,11320.669815063477,5,2
2024-02-13,1707858000000,,12259.286253621314,1004.9262472889177,11254.360006332397,5,2
2024-02-14,1707944400000,,12296.837646251963,1087.0475690424923,11209.790077209473,5,1
2024-02-15,1708030800000,,12335.636828683862,1194.0468285312736,11141.590000152588,5,1
2024-02-16,1708117200000,,12203.60710636827,305.45693699571393,11898.150169372559,5,2
2024-02-20,1708462800000,,12193.984308382007,2781.7943936786373,9412.18991470337,4,2
2024-02-21,1708549200000,,12214.859909796047,785.9200408690442,11428.939868927002,5,2
2024-02-22,1708635600000,,12350.46323884907,1447.55329240742,10902.90994644165,5,1
2024-02-23,1708722000000,,12471.902639764125,1039.5127471860005,11432.389892578125,5,2
2024-02-26,1708981200000,,12427.227172912255,181.28701025356304,12245.940162658691,5,2
2024-02-27,1709067600000,,12524.696830810204,181.28701025356304,12343.40982055664,5,2
2024-02-28,1709154000000,,12475.519365698943,661.769205481658,11813.750160217285,5,2
2024-02-29,1709240400000,,12508.57364194341,1154.1236116165674,11354.450030326843,5,2
2024-03-01,1709326800000,,12524.584762827175,1226.1449320471452,11298.43983078003,5,2
2024-03-04,1709586000000,,12513.164754167812,1226.1449320471452,11287.019822120667,5,2
2024-03-05,1709672400000,,12449.872984467822,1491.8030009854615,10958.06998348236,5,2
2024-03-06,1709758800000,,12479.312656937915,1491.8030009854615,10987.509655952454,5,2
2024-03-07,1709845200000,,12457.888678839357,1943.4787037874778,10514.40997505188,5,2
2024-03-08,1709931600000,,12437.112886256551,1743.8627241319168,10693.250162124634,5,2
2024-03-11,1710187200000,,12460.372826403951,1743.8627241319168,10716.510102272034,5,2
2024-03-12,1710273600000,,12522.048138241913,3151.3779598285214,9370.670178413391,5,2
2024-03-13,1710360000000,,12564.447970013764,3151.3779598285214,9413.070010185242,5,2
2024-03-14,1710446400000,,12476.129856275093,3284.7498742804632,9191.379981994629,5,1
2024-03-15,1710532800000,,12472.08213747116,1780.292029744111,10691.79010772705,5,2
2024-03-18,1710792000000,,12478.402213459929,1780.292029744111,10698.11018371582,5,2
2024-03-19,1710878400000,,12541.841918354949,1780.292029744111,10761.54988861084,5,2
2024-03-20,1710964800000,,12529.753638448341,232.1037666221696,12297.649871826172,5,2
2024-03-21,1711051200000,,12499.056084290998,811.6962000289127,11687.359884262085,5,2
2024-03-22,1711137600000,,12464.074115525864,3093.8842046371938,9370.189910888672,4,2
2024-03-25,1711396800000,,12341.739857847366,647.639867002642,11694.099990844727,5,2
2024-03-26,1711483200000,,12418.570548751453,982.460578658679,11436.109970092773,5,2
2024-03-27,1711569600000,,12610.440757491688,982.460578658679,11627.980178833008,5,2
2024-03-28,1711656000000,,12661.567342646193,1749.2024821115253,10912.364860534668,5,2
2024-04-01,1712001600000,,12765.16993992078,1335.1863583778113,11429.983581542969,5,2
2024-04-02,1712088000000,,12708.84169455232,787.9905669278082,11920.851127624512,5,2
2024-04-03,1712174400000,,12713.319731950804,190.28680920605302,12523.032922744751,5,1
2024-04-04,1712260800000,,12641.591253326022,584.2113705135212,12057.3798828125,5,2
2024-04-05,1712347200000,,12752.9516354061,584.2113705135212,12168.740264892578,5,2
2024-04-08,1712606400000,,12717.600759949153,244.14096685833374,12473.45979309082,5,1
2024-04-09,1712692800000,,12783.510778870052,244.14096685833374,12539.369812011719,5,1
2024-04-10,1712779200000,,12629.559220822828,137.57936242438836,12491.979858398438,5,2
2024-04-11,1712865600000,,12551.98703525007,145.6970534080242,12406.289981842041,5,2
2024-04-12,1712952000000,,12421.113026757514,2646.5129214718704,9774.600105285645,4,1
2024-04-15,1713211200000,,12404.638614956379,150.37858230257416,12254.260032653809,5,2
2024-04-16,1713297600000,,12312.504622791697,4975.074599598338,7337.430023193359,3,1
2024-04-17,1713384000000,,12247.564516902916,321.34432494734847,11926.220191955566,5,2
2024-04-18,1713470400000,,12215.061751253337,2474.1818913290203,9740.879859924316,4,2
2024-04-19,1713556800000,,12336.903677532366,1003.5835633966235,11333.320114135742,5,2
2024-04-22,1713816000000,,12500.263517925432,1003.5835633966235,11496.679954528809,5,2
2024-04-23,1713902400000,,12670.491250634397,1581.7061096431867,11088.785140991211,5,2
2024-04-24,1713988800000,,12627.041996573764,1832.5361295693692,10794.505867004395,5,2
2024-04-25,1714075200000,,12599.47939963288,4297.469386052559,8302.010013580322,4,2
2024-04-26,1714161600000,,12673.20422285381,1171.592280562551,11501.61194229126,5,2
2024-04-29,1714420800000,,12768.154916487932,693.9786393272884,12074.176277160645,5,2
2024-04-30,1714507200000,,12640.425226914984,2776.905237901311,9863.519989013672,4,2
2024-05-01,1714593600000,,12691.74132086597,293.0800049480008,12398.661315917969,5,2
2024-05-02,1714680000000,,12758.414714589504,1212.7408483175307,11545.673866271973,5,2
2024-05-03,1714766400000,,12782.750690236477,1212.7408483175307,11570.009841918945,5,2
2024-05-06,1715025600000,,12818.259346564964,1251.483894904808,11566.775451660156,5,2
2024-05-07,1715112000000,,12902.82298445942,569.7228105092245,12333.100173950195,5,1
2024-05-08,1715198400000,,12891.102761860402,5519.572854633838,7371.5299072265625,3,2
2024-05-09,1715284800000,,13001.700488691156,1123.980620984855,11877.719867706299,5,2
2024-05-10,1715371200000,,12962.61205372922,2453.251976824924,10509.360076904297,5,2
2024-05-13,1715630400000,,13110.091965533422,2453.251976824924,10656.839988708496,5,2
2024-05-14,1715716800000,,13022.320457925443,2229.360565652493,10792.95989227295,5,2
2024-05-15,1715803200000,,12995.000626077299,2229.360565652493,10765.640060424805,5,2
2024-05-16,1715889600000,,12993.341779744378,2239.9316692707457,10753.410110473633,5,1
2024-05-17,1715976000000,,12966.606743116688,1311.006813307119,11655.59992980957,5,1
2024-05-20,1716235200000,,12962.325470327047,1507.8755344139613,11454.449935913086,5,2
2024-05-21,1716321600000,,12877.883455919968,1653.3134333369603,11224.570022583008,5,2
2024-05-22,1716408000000,,12858.83717022247,3929.8272520095798,8929.00991821289,4,1
2024-05-23,1716494400000,,12682.19256841152,755.2226587435503,11926.969909667969,5,1
2024-05-24,1716580800000,,12759.415563249275,675.4653564926825,12083.950206756592,5,1
2024-05-28,1716926400000,,12677.905519151374,675.4653564926825,12002.440162658691,5,1
2024-05-29,1717012800000,,12576.823750830092,497.7836049560692,12079.040145874023,5,2
2024-05-30,1717099200000,,12652.679318486247,767.4492769823419,11885.230041503906,5,2
2024-05-31,1717185600000,,12846.477427743417,1439.5872605070901,11406.890167236328,5,2
2024-06-03,1717444800000,,12800.191185731603,1635.8713615128522,11164.31982421875,5,2
2024-06-04,1717531200000,,12752.871300477696,1635.8713615128522,11116.999938964844,5,2
2024-06-05,1717617600000,,12957.54565405537,2188.1522214381826,10769.393432617188,5,2
2024-06-06,1717704000000,,12931.180256737123,1588.0269554981096,11343.153301239014,5,1
2024-06-07,1717790400000,,12758.436020411284,847.302811182768,11911.133209228516,5,2
2024-06-10,1718049600000,,13185.15273211547,669.9093506152235,12515.243381500244,5,2
2024-06-11,1718136000000,,13074.056235753666,2868.8461126915304,10205.210123062134,4,1
2024-06-12,1718222400000,,12999.833914824054,2737.1339207368324,10262.69999408722,4,2
2024-06-13,1718308800000,,12942.785369506099,166.60526620409473,12776.180103302002,5,2
2024-06-14,1718395200000,,12818.574324665762,137.18412977287926,12681.390194892883,5,2
2024-06-17,1718654400000,,12893.928717942465,2630.7386229946487,10263.190094947815,4,2
2024-06-18,1718740800000,,12867.016764358847,204.2966219943437,12662.720142364502,5,2
2024-06-20,1718913600000,,12863.440615217125,733.2908540171711,12130.149761199951,5,2
2024-06-21,1719000000000,,12789.923937504393,1193.2739970136695,11596.649940490723,5,1
2024-06-24,1719259200000,,12908.78182860913,1609.3318392902816,11299.449989318848,5,1
2024-06-25,1719345600000,,12896.390981411634,3684.110889172255,9212.28009223938,5,2
2024-06-26,1719432000000,,12896.073860160097,3256.193681708559,9639.880178451538,5,2
2024-06-27,1719518400000,,13001.572860006108,3199.5027534997616,9802.070106506348,5,1
2024-06-28,1719604800000,,12968.982378393932,975.9923729007683,11992.990005493164,5,2
2024-07-01,1719864000000,,12826.66900929785,1720.2289305624972,11106.440078735352,5,1
2024-07-02,1719950400000,,12855.452083487402,3635.2522086094723,9220.19987487793,5,2
2024-07-03,1720036800000,,12879.909063612256,2990.249098097119,9889.659965515137,5,2
2024-07-05,1720209600000,,12845.54462846597,1955.794834459622,10889.749794006348,5,1
2024-07-08,1720468800000,,12892.72505601724,1955.794834459622,10936.930221557617,5,1
2024-07-09,1720555200000,,12749.779804177648,3372.599636025793,9377.180168151855,4,2
2024-07-10,1720641600000,,12819.929859228072,1995.2497978877382,10824.680061340332,5,2
2024-07-11,1720728000000,,13042.863470712913,2076.543478647481,10966.31999206543,5,2
2024-07-12,1720814400000,,13047.133734836578,932.7437316322325,12114.390003204346,5,1
2024-07-15,1721073600000,,13141.42766671899,549.9077997756308,12591.51986694336,5,1
2024-07-16,1721160000000,,13379.023053817258,779.5428597254606,12599.480194091797,5,1
2024-07-17,1721246400000,,13206.84954142634,5795.829521895092,7411.02001953125,3,1
2024-07-18,1721332800000,,12937.122463493317,6049.659969596834,6887.462493896484,3,1
2024-07-19,1721419200000,,12893.509221303848,2296.909230459122,10596.599990844727,5,2
2024-07-22,1721678400000,,13137.668336141494,2296.909230459122,10840.759105682373,5,2
2024-07-23,1721764800000,,13087.360943610642,1248.6710289072744,11838.68991470337,5,2
2024-07-24,1721851200000,,12912.070420665512,967.2305044362638,11944.839916229248,5,2
2024-07-25,1721937600000,,12900.442711649066,3417.172722635395,9483.269989013672,4,2
2024-07-26,1722024000000,,12871.1792947374,1469.3193704209948,11401.859924316406,5,1
2024-07-29,1722283200000,,13007.596172780159,957.1661648455893,12050.43000793457,5,2
2024-07-30,1722369600000,,12860.137093414978,308.3971871039439,12551.739906311035,5,2
2024-07-31,1722456000000,,12922.899593570031,401.66949103097113,12521.230102539062,5,1
2024-08-01,1722542400000,,12798.680307955128,4703.620276064261,8095.060031890869,4,1
2024-08-02,1722628800000,,12455.905996271082,4168.6361598453,8287.269836425781,4,1
2024-08-05,1722888000000,,12022.963696188568,1238.0135046907658,10784.950191497803,5,2
2024-08-06,1722974400000,,12086.029539198546,3879.869733900694,8206.159805297852,4,2
2024-08-07,1723060800000,,12129.922742760731,1947.9626616602666,10181.960081100464,5,2
2024-08-08,1723147200000,,12487.722782052113,1947.9626616602666,10539.760120391846,5,2
2024-08-09,1723233600000,,12401.924664694425,8521.884671408292,3880.039993286133,2,2
2024-08-12,1723492800000,,12395.444699484464,8521.884671408292,3873.560028076172,2,2
2024-08-13,1723579200000,,12434.73021100596,5626.750154243266,6807.980056762695,3,2
2024-08-14,1723665600000,,12502.964119253269,2931.964168844334,9570.999950408936,4,2
2024-08-15,1723752000000,,12557.046492263325,7596.216520949849,4960.829971313477,2,1
2024-08-16,1723838400000,,12623.467919595289,541.6081707549561,12081.859748840332,5,2
2024-08-19,1724097600000,,12699.454320844066,510.10416215266105,12189.350158691406,5,2
2024-08-20,1724184000000,,12707.540059921806,5100.919980881279,7606.620079040527,3,1
2024-08-21,1724270400000,,12671.569715566635,8275.199735708236,4396.369979858398,2,2
2024-08-22,1724356800000,,12697.505474359605,4417.845272333237,8279.660202026367,4,2
2024-08-23,1724443200000,,12791.511710570847,3033.181617187058,9758.330093383789,5,2
2024-08-26,1724702400000,,12840.537049705998,5919.85717910053,6920.679870605469,3,2
2024-08-27,1724788800000,,12838.234673968645,1805.1145262635669,11033.120147705078,5,2
2024-08-28,1724875200000,,12930.59465784513,2615.484550423257,10315.110107421875,5,2
2024-08-29,1724961600000,,12910.023180580145,3603.7432733535848,9306.279907226562,5,1
2024-08-30,1725048000000,,12976.925902571174,4056.75573655555,8920.170166015625,5,1
2024-09-03,1725393600000,,13094.800244726186,1251.9404806270645,11842.859764099121,5,1
2024-09-04,1725480000000,,13152.914216314086,1076.6342709405499,12076.279945373535,5,2
2024-09-05,1725566400000,,13089.364304815062,1076.6342709405499,12012.730033874512,5,2
2024-09-06,1725652800000,,12907.62439279669,1555.2044709216902,11352.419921875,5,2
2024-09-09,1725912000000,,12987.084658909971,1555.2044709216902,11431.880187988281,5,2
2024-09-10,1725998400000,,13064.549298039336,1944.2492492112106,11120.300048828125,5,2
2024-09-11,1726084800000,,13149.866730789512,1864.8466654818935,11285.020065307617,5,1
2024-09-12,1726171200000,,13145.610461174661,481.91046422641784,12663.699996948242,5,2
2024-09-13,1726257600000,,13239.68219440468,899.2724272537998,12340.409767150879,5,2
2024-09-16,1726516800000,,13287.534897788126,819.6149606543327,12467.919937133789,5,2
2024-09-17,1726603200000,,13297.930071392906,781.3501382263998,12516.579933166504,5,1
2024-09-18,1726689600000,,13318.160926994753,416.6709749073502,12901.489952087402,5,2
2024-09-19,1726776000000,,13400.050105500817,2915.760127473475,10484.289978027344,4,1
2024-09-20,1726862400000,,13434.963707929272,255.8238420540274,13179.139865875244,5,2
2024-09-23,1727121600000,,13608.033719068188,255.8238420540274,13352.20987701416,5,2
2024-09-24,1727208000000,,13554.152261722518,749.8823490027912,12804.269912719727,5,2
2024-09-25,1727294400000,,13395.80324434071,791.243231523325,12604.560012817383,5,2
2024-09-26,1727380800000,,13442.570591310623,1235.990749696852,12206.57984161377,5,2
2024-09-27,1727467200000,,13539.63048587239,1235.990749696852,12303.639736175537,5,2
2024-09-30,1727726400000,,13495.054327167358,1699.524484790649,11795.529842376709,5,2
2024-10-01,1727812800000,,13458.273906244125,2091.383937372054,11366.88996887207,5,2
2024-10-02,1727899200000,,13418.484050287094,2091.383937372054,11327.100112915039,5,2
2024-10-03,1727985600000,,13272.853650927405,4249.963697314124,9022.889953613281,4,1
2024-10-04,1728072000000,,13315.638962708746,2513.908997498786,10801.729965209961,5,2
2024-10-07,1728331200000,,13067.676071826269,6932.856293383886,6134.819778442383,3,2
2024-10-08,1728417600000,,13102.740314620904,1743.2705270232482,11359.469787597656,5,2
2024-10-09,1728504000000,,13116.08506225329,1746.8649771092473,11369.220085144043,5,2
2024-10-10,1728590400000,,13048.729655474106,3556.189784258286,9492.53987121582,4,1
2024-10-11,1728676800000,,13136.91579825075,960.3958626428384,12176.51993560791,5,1
2024-10-14,1728936000000,,13266.925397484838,242.92570266061784,13023.999694824219,5,2
2024-10-15,1729022400000,,13328.471531019652,5479.121440992796,7849.3500900268555,3,2
2024-10-16,1729108800000,,13455.800597816478,474.37049451447683,12981.430103302002,5,2
2024-10-17,1729195200000,,13263.47246643364,3091.422512972947,10172.049953460693,4,1
2024-10-18,1729281600000,,13153.704158453489,1736.4240795655496,11417.28007888794,5,1
2024-10-21,1729540800000,,13047.914138464475,1736.4240795655496,11311.490058898926,5,1
2024-10-22,1729627200000,,12953.568988317062,1917.408874028732,11036.16011428833,5,1
2024-10-23,1729713600000,,12955.638854497482,1917.408874028732,11038.22998046875,5,1
2024-10-24,1729800000000,,12852.12261525073,575.8625444499494,12276.260070800781,5,1
2024-10-25,1729886400000,,12752.08185802764,5297.981821406545,7454.100036621094,3,1
2024-10-28,1730145600000,,12729.729867933132,1398.3799152353804,11331.349952697754,5,2
2024-10-29,1730232000000,,12671.88524036727,1489.3753831895356,11182.509857177734,5,2
2024-10-30,1730318400000,,12728.855157664633,1489.3753831895356,11239.479774475098,5,2
2024-10-31,1730404800000,,12644.859921148098,4283.12991016177,8361.730010986328,4,2
2024-11-01,1730491200000,,12568.216099182773,3052.5162548224207,9515.699844360352,4,2
2024-11-04,1730754000000,,12658.22174545183,1416.8418283070553,11241.379917144775,5,2
2024-11-05,1730840400000,,12778.641858061694,1416.8418283070553,11361.800029754639,5,2
2024-11-06,1730926800000,,12845.856673596358,8227.756610272383,4618.100063323975,2,1
2024-11-07,1731013200000,,12900.04751198982,1212.987384731519,11687.0601272583,5,2
2024-11-08,1731099600000,,12960.606248863372,836.9361362535092,12123.670112609863,5,1
2024-11-11,1731358800000,,12987.6424299223,5947.442349050719,7040.200080871582,3,1
2024-11-12,1731445200000,,12916.860899828946,1422.4008015623463,11494.460098266602,5,2
2024-11-13,1731531600000,,12855.030730151211,1422.4008015623463,11432.629928588867,5,2
2024-11-14,1731618000000,,12766.59072008041,1422.4008015623463,11344.189918518066,5,2
2024-11-15,1731704400000,,12664.3370367885,5858.467041671312,6805.8699951171875,3,1
2024-11-18,1731963600000,,12571.71915411056,2260.789100399621,10310.930053710938,5,2
2024-11-19,1732050000000,,12627.059303036342,2260.789100399621,10366.270202636719,5,2
2024-11-20,1732136400000,,12567.096840484639,4512.196816070575,8054.9000244140625,4,2
2024-11-21,1732222800000,,12731.70862135573,2862.548404070575,9869.160217285156,5,2
2024-11-22,1732309200000,,12816.042124588741,2004.9777401282918,10811.06438446045,5,2
2024-11-25,1732568400000,,12984.469008073811,2785.4490419483254,10199.019966125488,5,2
2024-11-26,1732654800000,,12983.832593811994,3345.4126566782074,9638.419937133789,5,2
2024-11-27,1732741200000,,12947.213809286535,2720.183688436928,10227.03012084961,5,2
2024-11-29,1732914000000,,13022.818000023735,2672.2180625847705,10350.599937438965,5,2
2024-12-02,1733173200000,,13114.899568426981,1394.3696306828388,11720.52993774414,5,2
2024-12-03,1733259600000,,13135.954535422188,992.6245869968957,12143.329948425293,5,2
2024-12-04,1733346000000,,13097.45331900172,751.8609728103106,12345.592346191406,5,2
2024-12-05,1733432400000,,13038.934271752008,1085.0859746328679,11953.84829711914,5,2
2024-12-06,1733518800000,,12998.982825218805,1085.0859746328679,11913.896850585938,5,2
2024-12-09,1733778000000,,12841.729529320368,1085.0859746328679,11756.6435546875,5,2
2024-12-10,1733864400000,,12767.615266091867,2973.6230785918665,9793.9921875,4,2
2024-12-11,1733950800000,,12711.894492385713,2891.403113601532,9820.49137878418,4,1
2024-12-12,1734037200000,,12706.881170954144,579.5213076728937,12127.35986328125,5,2
2024-12-13,1734123600000,,12670.841223444379,579.5213076728937,12091.319915771484,5,2
2024-12-16,1734382800000,,12560.59333600699,594.9132098168038,11965.680126190186,5,2
2024-12-17,1734469200000,,12408.070533525468,7488.190490495683,4919.880043029785,2,1
2024-12-18,1734555600000,,12028.63215888308,7427.78219855593,4600.849960327148,2,1
2024-12-19,1734642000000,,11941.530232571724,2576.8903743258747,9364.63985824585,4,1
2024-12-20,1734728400000,,12079.932205663008,344.402267918867,11735.52993774414,5,2
2024-12-23,1734987600000,,12090.122215733809,344.402267918867,11745.719947814941,5,2
2024-12-24,1735074000000,,12177.193162074116,1584.1631327772407,10593.030029296875,5,2
2024-12-26,1735246800000,,12136.323386698032,10377.423392801547,1758.8999938964844,1,1
2024-12-27,1735333200000,,12121.609068649648,9712.129019516347,2409.480049133301,1,1
2024-12-30,1735592400000,,12034.968467997933,934.998428630257,11099.970039367676,5,2
2024-12-31,1735678800000,,12031.14051564465,860.4005177808808,11170.73999786377,5,2
2025-01-02,1735851600000,,12075.960454304319,860.4005177808808,11215.559936523438,5,2
2025-01-03,1735938000000,,12100.568849907824,1460.0087989434674,10640.560050964355,5,2
2025-01-06,1736197200000,,12063.98880108641,384.4995013122393,11679.48929977417,5,2
2025-01-07,1736283600000,,12019.60219195602,400.8040428471363,11618.798149108887,5,2
2025-01-08,1736370000000,,12158.325653107144,400.8040428471363,11757.52161026001,5,2
2025-01-10,1736542800000,,11897.923740156899,7441.973727949868,4455.950012207031,2,1
2025-01-13,1736802000000,,11911.91199697084,487.06006825990426,11424.851928710938,5,2
2025-01-14,1736888400000,,11960.92122884158,473.5712952173121,11487.349933624268,5,2
2025-01-15,1736974800000,,12111.806099489933,619.1681867396896,11492.637912750244,5,2
2025-01-16,1737061200000,,12176.400673508542,6325.9407736061985,5850.459899902344,3,2
2025-01-17,1737147600000,,12203.086111795012,8353.846136819426,3849.239974975586,2,1
2025-01-21,1737493200000,,12236.486059915129,8353.846136819426,3882.639923095703,2,1
2025-01-22,1737579600000,,12304.655203210856,8318.23520504191,3986.4199981689453,2,1
2025-01-23,1737666000000,,12366.139778957851,7766.899716244227,4599.240062713623,2,1
2025-01-24,1737752400000,,12315.011689416635,1130.0517399232249,11184.959949493408,5,2
2025-01-27,1738011600000,,12511.911721460092,1130.0517399232249,11381.859981536865,5,2
2025-01-28,1738098000000,,12579.095028440894,1642.7150159286866,10936.380012512207,5,2
2025-01-29,1738184400000,,12586.181448439214,1045.2215943132383,11540.959854125977,5,2
2025-01-30,1738270800000,,12710.451673964117,1045.2215943132383,11665.230079650879,5,2
2025-01-31,1738357200000,,12574.227989198087,923.1780853284577,11651.049903869629,5,2
2025-02-03,1738616400000,,12435.716668934687,3138.616632313595,9297.100036621094,4,2
2025-02-04,1738702800000,,12445.37906759567,1774.6490184623683,10670.7300491333,5,2
2025-02-05,1738789200000,,12542.636417089578,1969.2763554440694,10573.360061645508,5,2
2025-02-06,1738875600000,,12665.716761459642,1655.2851132052492,11010.431648254395,5,2
2025-02-07,1738962000000,,12600.804621168229,1687.2232841931304,10913.581336975098,5,2
2025-02-10,1739221200000,,12574.782427259537,1687.2232841931304,10887.559143066406,5,2
2025-02-11,1739307600000,,12431.126149811125,1539.806035675383,10891.320114135742,5,2
2025-02-12,1739394000000,,12423.403853580068,3478.783660098623,8944.620193481445,4,2
2025-02-13,1739480400000,,12578.189880463613,1413.5999070139064,11164.589973449707,5,2
2025-02-14,1739566800000,,12198.707551823529,3105.947603093061,9092.759948730469,5,2
2025-02-18,1739912400000,,12285.910774238044,2922.670600898199,9363.240173339844,5,2
2025-02-19,1739998800000,,12315.65073395484,2922.670600898199,9392.98013305664,5,2
2025-02-20,1740085200000,,12280.609683635683,1825.8894382743547,10454.720245361328,5,2
2025-02-21,1740171600000,,12077.869403484316,1825.8894382743547,10251.979965209961,5,2
2025-02-24,1740430800000,,12061.422302713525,6392.592224588525,5668.830078125,3,1
2025-02-25,1740517200000,,12024.037790260592,1685.3379611590303,10338.699829101562,5,2
2025-02-26,1740603600000,,12130.334310981623,2018.674368354671,10111.659942626953,5,2
2025-02-27,1740690000000,,11902.935078821194,2686.5349094486355,9216.400169372559,5,2
2025-02-28,1740776400000,,12019.894787988675,2686.5349094486355,9333.359878540039,5,2
2025-03-03,1741035600000,,11867.71564483138,6569.545799250324,5298.169845581055,3,2
2025-03-04,1741122000000,,11715.579566611188,3416.719501150984,8298.860065460205,4,2
2025-03-05,1741208400000,,11805.26798860507,1322.7840942569278,10482.483894348145,5,2
2025-03-06,1741294800000,,11686.087713641691,1322.7840942569278,10363.303619384766,5,2
2025-03-07,1741381200000,,11723.973615593839,1048.3858928155182,10675.58772277832,5,1
2025-03-10,1741636800000,,11366.135874992786,4844.018954521594,6522.116920471191,3,2
2025-03-11,1741723200000,,11354.901729638443,11354.901729638443,0,0,0
2025-03-12,1741809600000,,11354.901729638443,11354.901729638443,0,0,0
2025-03-13,1741896000000,,11354.901729638443,11354.901729638443,0,0,0
2025-03-14,1741982400000,,11354.901729638443,11354.901729638443,0,0,0
2025-03-17,1742241600000,,11354.901729638443,11354.901729638443,0,0,0
2025-03-18,1742328000000,,11354.901729638443,11354.901729638443,0,0,0
2025-03-19,1742414400000,,11354.901729638443,11354.901729638443,0,0,0
2025-03-20,1742500800000,,11354.901729638443,11354.901729638443,0,0,0
2025-03-21,1742587200000,,11354.901729638443,11354.901729638443,0,0,0
2025-03-24,1742846400000,,11354.901729638443,11354.901729638443,0,0,0
2025-03-25,1742932800000,,11167.887722101686,2710.5276680855727,8457.360054016113,4,2
2025-03-26,1743019200000,,11240.762502323034,862.0123878821146,10378.750114440918,5,2
2025-03-27,1743105600000,,11266.330364001164,11266.330364001164,0,0,0
2025-03-28,1743192000000,,11266.330364001164,11266.330364001164,0,0,0
2025-03-31,1743451200000,,11266.330364001164,11266.330364001164,0,0,0
2025-04-01,1743537600000,,11266.330364001164,11266.330364001164,0,0,0
2025-04-02,1743624000000,,11266.330364001164,11266.330364001164,0,0,0
2025-04-03,1743710400000,,11266.330364001164,11266.330364001164,0,0,0
2025-04-04,1743796800000,,11266.330364001164,11266.330364001164,0,0,0
2025-04-07,1744056000000,,11266.330364001164,11266.330364001164,0,0,0
2025-04-08,1744142400000,,11266.330364001164,11266.330364001164,0,0,0
2025-04-09,1744228800000,,11266.330364001164,11266.330364001164,0,0,0
2025-04-10,1744315200000,,11266.330364001164,11266.330364001164,0,0,0
2025-04-11,1744401600000,,11266.330364001164,11266.330364001164,0,0,0
2025-04-14,1744660800000,,11266.330364001164,11266.330364001164,0,0,0
2025-04-15,1744747200000,,11266.330364001164,11266.330364001164,0,0,0
2025-04-16,1744833600000,,11266.330364001164,11266.330364001164,0,0,0
2025-04-17,1744920000000,,11266.330364001164,11266.330364001164,0,0,0
2025-04-21,1745265600000,,11266.330364001164,11266.330364001164,0,0,0
2025-04-22,1745352000000,,11266.330364001164,11266.330364001164,0,0,0
2025-04-23,1745438400000,,11266.330364001164,11266.330364001164,0,0,0
2025-04-24,1745524800000,,11266.330364001164,11266.330364001164,0,0,0
2025-04-25,1745611200000,,11266.330364001164,11266.330364001164,0,0,0
2025-04-28,1745870400000,,11266.330364001164,11266.330364001164,0,0,0
2025-04-29,1745956800000,,11266.330364001164,11266.330364001164,0,0,0
2025-04-30,1746043200000,,11266.330364001164,11266.330364001164,0,0,0
2025-05-01,1746129600000,,11266.330364001164,11266.330364001164,0,0,0
2025-05-02,1746216000000,,11266.330364001164,11266.330364001164,0,0,0
2025-05-05,1746475200000,,11266.330364001164,11266.330364001164,0,0,0
2025-05-06,1746561600000,,11266.330364001164,11266.330364001164,0,0,0
2025-05-07,1746648000000,,11266.330364001164,11266.330364001164,0,0,0
2025-05-08,1746734400000,,11266.330364001164,11266.330364001164,0,0,0
2025-05-09,1746820800000,,11266.330364001164,11266.330364001164,0,0,0
2025-05-12,1747080000000,,11266.330364001164,11266.330364001164,0,0,0
2025-05-13,1747166400000,,11113.644027565088,938.2808836441873,10175.363143920898,5,2
2025-05-14,1747252800000,,11064.062151852482,3068.3580121430095,7995.704139709473,4,1
2025-05-15,1747339200000,,11308.604962816571,1069.8609213736995,10238.744041442871,5,2
2025-05-16,1747425600000,,11331.985499611495,9266.485545387863,2065.499954223633,1,1
2025-05-19,1747684800000,,11337.113253809417,11337.113253809417,0,0,0
2025-05-20,1747771200000,,11337.113253809417,11337.113253809417,0,0,0
2025-05-21,1747857600000,,11200.187076705482,5306.387127059486,5893.799949645996,3,2
2025-05-22,1747944000000,,11199.997695810165,1515.4576586550133,9684.540037155151,5,2
2025-05-23,1748030400000,,11120.88768566307,1515.4576586550133,9605.430027008057,5,2
2025-05-27,1748376000000,,11313.79778659996,1515.4576586550133,9798.340127944946,5,2
2025-05-28,1748462400000,,11197.54696003477,827.8869277624312,10369.660032272339,5,2
2025-05-29,1748548800000,,11250.73259875113,790.2527403526924,10460.479858398438,5,1
2025-05-30,1748635200000,,11324.492257948395,741.15218531656,10583.340072631836,5,1
2025-06-02,1748894400000,,11325.770079275859,1647.019987723124,9678.750091552734,5,2
2025-06-03,1748980800000,,11258.727243646292,2218.7673132263703,9039.959930419922,5,2
2025-06-04,1749067200000,,11344.037241204886,2218.7673132263703,9125.269927978516,5,2
2025-06-05,1749153600000,,11347.689675113768,2029.8598716469714,9317.829803466797,5,2
2025-06-06,1749240000000,,11418.313786343444,1803.853916958678,9614.459869384766,5,1
2025-06-09,1749499200000,,11388.441938863314,1381.9120125632644,10006.529926300049,5,1
2025-06-10,1749585600000,,11255.554581576787,2704.7843789400686,8550.770202636719,4,1
2025-06-11,1749672000000,,11319.194263534393,603.2443199919103,10715.94994354248,5,1
2025-06-12,1749758400000,,11391.964271621551,603.2443199919103,10788.719951629639,5,1
2025-06-13,1749844800000,,11456.739925527387,388.28979887943797,11068.45012664795,5,2
2025-06-16,1750104000000,,11518.459898839053,564.1340473986247,10954.32585144043,5,2
2025-06-17,1750190400000,,11449.354185948428,564.1340473986247,10885.220138549805,5,2
2025-06-18,1750276800000,,11418.387938389835,564.1340473986247,10854.253890991211,5,2
2025-06-20,1750449600000,,11406.472283637648,2667.3202603222203,8739.15202331543,4,2
2025-06-23,1750708800000,,11512.388734603055,355.8508394004184,11156.537895202637,5,2
2025-06-24,1750795200000,,11767.50086192423,3577.840863984168,8189.6599979400635,4,2
2025-06-25,1750881600000,,11564.095232535334,1305.7451730260564,10258.350059509277,5,2
2025-06-26,1750968000000,,11522.245234061213,1305.7451730260564,10216.500061035156,5,2
2025-06-27,1751054400000,,11572.98519377801,1305.7451730260564,10267.240020751953,5,2
2025-06-30,1751313600000,,11762.558289425206,1314.6583374903907,10447.899951934814,5,2
2025-07-01,1751400000000,,11628.442589720702,9360.982613524413,2267.459976196289,1,1
2025-07-02,1751486400000,,11692.421399100273,2594.7915315465607,9097.629867553711,5,2
2025-07-03,1751572800000,,11658.702883202057,2648.87275930069,9009.830123901367,5,2
2025-07-07,1751918400000,,11619.272768455963,2648.87275930069,8970.400009155273,5,2
2025-07-08,1752004800000,,11613.072740990143,2648.87275930069,8964.199981689453,5,2
2025-07-09,1752091200000,,11591.617741743943,3167.497807661911,8424.119934082031,4,1
2025-07-10,1752177600000,,11548.926752817726,1236.8918025613757,10312.034950256348,5,2
2025-07-11,1752264000000,,11516.936915171242,1236.8918025613757,10280.045112609863,5,2
2025-07-14,1752523200000,,11679.591174260979,736.2462417048241,10943.344932556152,5,2
2025-07-15,1752609600000,,11591.234120212728,2528.8943317758376,9062.33978843689,4,1
2025-07-16,1752696000000,,11586.76637745821,224.09125615083758,11362.675121307373,5,2
2025-07-17,1752782400000,,11587.396151551839,224.09125615083758,11363.304895401001,5,2
2025-07-18,1752868800000,,11537.148572233516,928.0087101729687,10609.139862060547,5,2
2025-07-21,1753128000000,,11560.18132522508,1386.0712788383598,10174.110046386719,5,2
2025-07-22,1753214400000,,11524.100278131635,887.5902340337348,10636.5100440979,5,2
2025-07-23,1753300800000,,11356.276183348364,627.7164490038813,10728.559734344482,5,2
2025-07-24,1753387200000,,11441.522255749096,3474.0623558467532,7967.459899902344,4,2
2025-07-25,1753473600000,,11478.51587863248,1473.6957034615832,10004.820175170898,5,2
2025-07-28,1753732800000,,11554.191306223147,928.841025461431,10625.350280761719,5,2
2025-07-29,1753819200000,,11573.882340826798,1019.9223531864179,10553.95998764038,5,2
2025-07-30,1753905600000,,11550.467785640856,621.7676971398803,10928.700088500977,5,1
2025-07-31,1753992000000,,11534.811139841517,664.7012765602672,10870.10986328125,5,1
2025-08-01,1754078400000,,11467.35423930729,3147.86405833805,8319.490180969238,4,1
2025-08-04,1754337600000,,11554.17992927777,199.59000541912792,11354.589923858643,5,2
2025-08-05,1754424000000,,11503.272025357712,716.172005902755,10787.100019454956,5,2
2025-08-06,1754510400000,,11525.891902219284,716.172005902755,10809.719896316528,5,2
2025-08-07,1754596800000,,11498.278731672606,1738.7487595961893,9759.529972076416,5,2
2025-08-08,1754683200000,,11769.248652784667,1738.7487595961893,10030.499893188477,5,2
2025-08-11,1754942400000,,11615.947438091875,3610.227375836015,8005.720062255859,4,2
2025-08-12,1755028800000,,11710.590649927812,2022.3907292735153,9688.199920654297,5,2
2025-08-13,1755115200000,,11674.389604561753,1353.6497058801147,10320.73989868164,5,2
2025-08-14,1755201600000,,11663.40966986937,1353.6497058801147,10309.759963989258,5,2
2025-08-15,1755288000000,,11749.352103101208,676.6620091070668,11072.69009399414,5,2
2025-08-18,1755547200000,,11661.768330521025,316.76839155618063,11344.999938964844,5,1
2025-08-19,1755633600000,,11717.921219534772,2475.9809119175848,9241.940307617188,4,1
2025-08-20,1755720000000,,11736.461875731417,2799.5517805165728,8936.910095214844,5,2
2025-08-21,1755806400000,,11706.685243580614,3183.3253497817855,8523.359893798828,5,2
2025-08-22,1755892800000,,11831.465394947802,3183.3253497817855,8648.140045166016,5,2
2025-08-25,1756152000000,,11672.102962572168,4453.13293655593,7218.970026016235,4,1
2025-08-26,1756238400000,,11699.684898019657,1593.6049362429233,10106.079961776733,5,2
2025-08-27,1756324800000,,11689.573097818744,854.3780924018743,10835.19500541687,5,2
2025-08-28,1756411200000,,11619.20813428725,854.3780924018743,10764.830041885376,5,2
2025-08-29,1756497600000,,11615.852201743472,901.7972376779194,10714.054964065552,5,2
2025-09-02,1756843200000,,11606.577884062453,926.6279519640643,10679.949932098389,5,2
2025-09-03,1756929600000,,11620.87947872722,296.75946453654706,11324.120014190674,5,2
2025-09-04,1757016000000,,11655.499515806077,296.75946453654706,11358.740051269531,5,2
2025-09-05,1757102400000,,11678.771373365196,354.21123084810597,11324.56014251709,5,2
2025-09-08,1757361600000,,11660.278098301753,234.37802429662543,11425.900074005127,5,2
2025-09-09,1757448000000,,11711.269104776355,417.1189087009143,11294.15019607544,5,2
2025-09-10,1757534400000,,11739.414124310122,447.32422715435996,11292.089897155762,5,2
2025-09-11,1757620800000,,11789.824118543356,593.1642140633771,11196.65990447998,5,2
2025-09-12,1757707200000,,11623.954994619684,693.5050587065966,10930.449935913086,5,2
2025-09-15,1757966400000,,11550.81275711173,737.8325935375087,10812.980163574219,5,2
2025-09-16,1758052800000,,11555.760906973659,3683.120739737331,7872.640167236328,4,2
2025-09-17,1758139200000,,11577.25945483559,1043.939600099262,10533.319854736328,5,2
2025-09-18,1758225600000,,11584.469508325814,949.9594127295004,10634.510095596313,5,2
2025-09-19,1758312000000,,11436.917573392,3056.6974977847003,8380.2200756073,4,1
2025-09-22,1758571200000,,11400.932456656996,116.0924565044088,11284.840000152588,5,2
2025-09-23,1758657600000,,11369.861733638692,874.4016296500447,10495.460103988647,5,2
2025-09-24,1758744000000,,11330.078212799424,1075.1082325595562,10254.969980239868,5,2
2025-09-25,1758830400000,,11198.14435606645,1091.2844737117134,10106.859882354736,5,2
2025-09-26,1758916800000,,11256.46915222102,1262.299384841261,9994.16976737976,5,2
2025-09-29,1759176000000,,11264.528863724041,536.5986803133987,10727.930183410645,5,2
2025-09-30,1759262400000,,11231.018897551761,1093.1689772789339,10137.849920272827,5,1
2025-10-01,1759348800000,,10987.996807188845,4514.706779570436,6473.290027618408,3,1
2025-10-02,1759435200000,,11077.618308944278,3701.8483962245505,7375.769912719727,4,1
2025-10-03,1759521600000,,11112.553753421382,1670.8578610873976,9441.695892333984,5,2
2025-10-06,1759780800000,,11050.42121523312,1765.5933191149552,9284.827896118164,5,2
2025-10-07,1759867200000,,11089.05141848019,1765.5933191149552,9323.458099365234,5,2
2025-10-08,1759953600000,,11055.41188289316,1761.391771809177,9294.020111083984,5,2
2025-10-09,1760040000000,,11026.647997476528,3002.848009683559,8023.799987792969,4,2
2025-10-10,1760126400000,,10971.916395630073,2749.016157592964,8222.90023803711,4,2
2025-10-13,1760385600000,,11055.859475614878,1166.7194685958366,9889.140007019043,5,2
2025-10-14,1760472000000,,11139.619902946819,1122.4598992847104,10017.16000366211,5,1
2025-10-15,1760558400000,,11133.099905830768,1294.5399235309621,9838.559982299805,5,1
2025-10-16,1760644800000,,11102.062660087457,3523.262801994196,7578.799858093262,4,1
2025-10-17,1760731200000,,11173.117054660654,1441.068974216318,9732.048080444336,5,2
2025-10-20,1760990400000,,11257.118636631272,2343.9707179301004,8913.147918701172,5,2
2025-10-21,1761076800000,,11151.10618515883,8446.756293496232,2704.3498916625977,2,1
2025-10-22,1761163200000,,11054.694196509641,5434.764104651731,5619.93009185791,4,2
2025-10-23,1761249600000,,11130.106436525588,3865.916464601759,7264.189971923828,5,2
2025-10-24,1761336000000,,11110.771614473475,2379.5315784627323,8731.240036010742,5,2
2025-10-27,1761595200000,,11141.631454838633,1549.151260746836,9592.480194091797,5,2
2025-10-28,1761681600000,,11085.611660463885,3621.17171142824,7464.4399490356445,4,2
2025-10-29,1761768000000,,10958.67709017077,2233.0670132664727,8725.610076904297,5,2
2025-10-30,1761854400000,,10919.225133594155,1810.1253334842922,9109.099800109863,5,2
2025-10-31,1761940800000,,10805.722365096564,5905.72238798475,4899.999977111816,3,1
2025-11-03,1762203600000,,10735.111641863183,2022.0917291434564,8713.019912719727,5,1
2025-11-04,1762290000000,,10754.331310141813,2122.351291526091,8631.980018615723,5,2
2025-11-05,1762376400000,,10887.471119166446,2691.511223078801,8195.959896087646,5,2
2025-11-06,1762462800000,,10648.125133903952,2874.705212028952,7773.419921875,5,1
2025-11-07,1762549200000,,10697.235199364157,2874.705212028952,7822.529987335205,5,1
2025-11-10,1762808400000,,10746.079672585875,2862.61963535443,7883.460037231445,5,2
2025-11-11,1762894800000,,10852.791635257545,2859.4117104833754,7993.37992477417,5,1
2025-11-12,1762981200000,,10849.138656621335,4217.508590703365,6631.630065917969,4,2
2025-11-13,1763067600000,,10686.011397203722,5599.011397203721,5087,3,2
2025-11-14,1763154000000,,10680.992964595196,1977.8128193315242,8703.180145263672,5,2
2025-11-17,1763413200000,,10625.703001826641,1977.8128193315242,8647.890182495117,5,2
2025-11-18,1763499600000,,10563.303665556672,1564.6634678027658,8998.640197753906,5,2
2025-11-19,1763586000000,,10533.263214506867,1564.6634678027658,8968.599746704102,5,2
2025-11-20,1763672400000,,10435.930880961252,3235.7910494182843,7200.139831542969,4,2
2025-11-21,1763758800000,,10571.962793690456,1734.772867542995,8837.189926147461,5,2
2025-11-24,1764018000000,,10650.900924983345,2015.8208621171343,8635.080062866211,5,2
2025-11-25,1764104400000,,10663.70642946426,5237.246514303128,5426.459915161133,3,1
2025-11-26,1764190800000,,10692.586556417386,5237.246514303128,5455.340042114258,3,1
2025-11-28,1764363600000,,10735.974082426228,6698.584098295369,4037.3899841308594,2,1
2025-12-01,1764622800000,,10717.342398988556,10717.342398988556,0,0,0
2025-12-02,1764709200000,,10653.182599835432,1070.2025430727376,9582.980056762695,5,2
2025-12-03,1764795600000,,10648.405549682511,1128.025491393937,9520.380058288574,5,2
2025-12-04,1764882000000,,10646.263751560964,1416.0436587875265,9230.220092773438,5,2
2025-12-05,1764968400000,,10521.206257921101,1281.1264926012768,9240.079765319824,5,2
2025-12-08,1765227600000,,10476.71284929275,517.8528791999761,9958.859970092773,5,2
2025-12-09,1765314000000,,10428.192631397242,517.8528791999761,9910.339752197266,5,2
2025-12-10,1765400400000,,10479.462864551539,517.8528791999761,9961.609985351562,5,2
2025-12-11,1765486800000,,10613.522849287318,564.6128151076296,10048.910034179688,5,2
2025-12-12,1765573200000,,10621.268334601225,1432.0583812931225,9189.209953308105,5,2
2025-12-15,1765832400000,,10713.77852747232,1432.0583812931225,9281.7201461792,5,2
2025-12-16,1765918800000,,10604.364901341485,4746.397318638849,5857.967582702637,4,2
2025-12-17,1766005200000,,10438.876073614238,3342.5809457455853,7096.295127868652,5,2
2025-12-18,1766091600000,,10444.945966497538,3342.5809457455853,7102.365020751953,5,2
2025-12-19,1766178000000,,10565.273668271995,2772.97368810842,7792.299980163574,5,2
2025-12-22,1766437200000,,10587.679211071598,3016.6290859495275,7571.05012512207,5,2
2025-12-23,1766523600000,,10531.769826803193,2310.7598780727235,8221.009948730469,5,2
2025-12-24,1766610000000,,10585.43994704245,2310.7598780727235,8274.680068969727,5,2
2025-12-26,1766782800000,,10570.569921407685,2310.7598780727235,8259.810043334961,5,2
2025-12-29,1767042000000,,10550.526383979213,1518.946359259974,9031.580024719238,5,2
2025-12-30,1767128400000,,10497.85906759757,2312.598935761634,8185.2601318359375,5,2
2025-12-31,1767214800000,,10430.35760067424,3055.0275835843963,7375.330017089844,5,2
2026-01-02,1767387600000,,10381.641411226039,4225.671410005336,6155.970001220703,4,2
2026-01-05,1767646800000,,10526.820148218942,1877.119998682811,8649.700149536133,5,2
2026-01-06,1767733200000,,10507.89372143598,402.7337101444766,10105.160011291504,5,2
2026-01-07,1767819600000,,10495.495741396124,671.9757294942692,9823.520011901855,5,2
2026-01-08,1767906000000,,10508.968054774072,708.6479101207506,9800.32014465332,5,2
2026-01-09,1767992400000,,10439.417933466699,708.6479101207506,9730.770023345947,5,2
2026-01-12,1768251600000,,10463.995471538592,789.4255252495291,9674.569946289062,5,1
2026-01-13,1768338000000,,10511.840949563813,755.7410731600044,9756.099876403809,5,1
2026-01-14,1768424400000,,10406.027280721648,2916.687314901335,7489.3399658203125,4,2
2026-01-15,1768510800000,,10388.133105187262,544.8130406425839,9843.320064544678,5,2
2026-01-16,1768597200000,,10315.761509429494,760.9715314021512,9554.789978027344,5,2
2026-01-20,1768942800000,,10210.913418417365,1158.2533460907046,9052.66007232666,5,2
2026-01-21,1769029200000,,10212.153286581428,1158.2533460907046,9053.899940490723,5,2
2026-01-22,1769115600000,,10316.917800414161,1320.0776705618666,8996.840129852295,5,2
2026-01-23,1769202000000,,10281.252693268063,1946.1027451479454,8335.149948120117,5,1
2026-01-26,1769461200000,,10279.405225366605,1842.6652122440491,8436.740013122559,5,2
2026-01-27,1769547600000,,10153.599542760234,3586.9696294301557,6566.629913330078,4,2
2026-01-28,1769634000000,,10106.919347533914,2925.18947006199,7181.729877471924,4,2
2026-01-29,1769720400000,,10126.302403831904,1186.8523992542664,8939.450004577637,5,2
2026-01-30,1769806800000,,10092.744063017759,2776.664061186704,7316.080001831055,4,2
2026-02-02,1770066000000,,10092.153389002768,1468.9634208936359,8623.18996810913,5,2
2026-02-03,1770152400000,,10090.780334414963,2136.620338382249,7954.159996032715,5,2
2026-02-04,1770238800000,,10107.581495329145,2279.211572691205,7828.369922637939,5,2
2026-02-05,1770325200000,,9978.99064546352,4147.160563523824,5831.830081939697,4,2
2026-02-06,1770411600000,,10178.433934604025,3059.59383145461,7118.840103149414,5,2
2026-02-09,1770670800000,,10057.501763550128,3511.5218593753234,6545.979904174805,4,2
2026-02-10,1770757200000,,10135.890074958941,1628.200007667682,8507.69006729126,5,2
2026-02-11,1770843600000,,9841.68300795614,7815.423059225672,2026.2599487304688,2,1
2026-02-12,1770930000000,,9681.765616542136,4638.9856673539025,5042.779949188232,4,2
2026-02-13,1771016400000,,9726.460025526549,3232.380073286558,6494.07995223999,5,2
2026-02-17,1771362000000,,9742.360004164244,3232.380073286558,6509.979930877686,5,2
2026-02-18,1771448400000,,9799.31998417523,3232.380073286558,6566.939910888672,5,2
2026-02-19,1771534800000,,9777.484499056498,2025.0945301844279,7752.38996887207,5,2
2026-02-20,1771621200000,,9961.921641770785,1944.4916796125824,8017.429962158203,5,2
2026-02-23,1771880400000,,9949.303170891044,1209.7033345415564,8739.599836349487,5,2
2026-02-24,1771966800000,,10015.603230049599,1496.7232251667858,8518.880004882812,5,2
2026-02-25,1772053200000,,9966.699735933955,1892.8197997156926,8073.879936218262,5,2
2026-02-26,1772139600000,,9996.71984701794,1892.8197997156926,8103.900047302246,5,2
2026-02-27,1772226000000,,10040.205639298312,2046.2757458046592,7993.929893493652,5,2
2026-03-02,1772485200000,,10073.718434149461,3337.9684207980217,6735.75001335144,4,2
2026-03-03,1772571600000,,9993.369092575516,1542.7039657749792,8450.665126800537,5,2
2026-03-04,1772658000000,,9964.568902603593,1542.7039657749792,8421.864936828613,5,2
2026-03-05,1772744400000,,9866.930493615886,3442.3703587281907,6424.560134887695,4,1
2026-03-06,1772830800000,,9755.29461185624,2194.0446118562395,7561.25,5,2
2026-03-09,1773086400000,,9680.272757231429,3493.9527384631187,6186.320018768311,4,1
2026-03-10,1773172800000,,9721.703906549697,2404.2238116400295,7317.480094909668,5,1
2026-03-11,1773259200000,,9644.36090364859,2038.1809109728101,7606.179992675781,5,2
2026-03-12,1773345600000,,9517.46321412376,4504.2131797914835,5013.250034332275,3,2
2026-03-13,1773432000000,,9494.580387376891,2213.6804964772327,7280.899890899658,5,2
2026-03-16,1773691200000,,9533.708793224107,2275.5488353383644,7258.159957885742,5,2
2026-03-17,1773777600000,,9572.048873485337,2275.5488353383644,7296.500038146973,5,2
2026-03-18,1773864000000,,9418.782941331949,3286.392941942301,6132.389999389648,4,1
2026-03-19,1773950400000,,9392.613877899006,1626.0337997740082,7766.580078125,5,1
2026-03-20,1774036800000,,9369.324797531592,9369.324797531592,0,0,0
2026-03-23,1774296000000,,9369.324797531592,9369.324797531592,0,0,0
2026-03-24,1774382400000,,9369.324797531592,9369.324797531592,0,0,0
2026-03-25,1774468800000,,9369.324797531592,9369.324797531592,0,0,0
2026-03-26,1774555200000,,9369.324797531592,9369.324797531592,0,0,0
2026-03-27,1774641600000,,9369.324797531592,9369.324797531592,0,0,0
2026-03-30,1774900800000,,9369.324797531592,9369.324797531592,0,0,0
2026-03-31,1774987200000,,9369.324797531592,9369.324797531592,0,0,0
2026-04-01,1775073600000,,9369.324797531592,9369.324797531592,0,0,0
2026-04-02,1775160000000,,9369.324797531592,9369.324797531592,0,0,0
2026-04-06,1775505600000,,9369.324797531592,9369.324797531592,0,0,0
2026-04-07,1775592000000,,9369.324797531592,9369.324797531592,0,0,0
2026-04-08,1775678400000,,9369.324797531592,9369.324797531592,0,0,0
2026-04-09,1775764800000,,9258.698091850034,3207.968065604916,6050.730026245117,4,2
2026-04-10,1775851200000,,9135.745827697268,4494.805756591312,4640.940071105957,4,2
2026-04-13,1776110400000,,9124.317699399024,2695.497791256932,6428.81990814209,5,2
2026-04-14,1776196800000,,9039.687698330908,2695.497791256932,6344.189907073975,5,2
2026-04-15,1776283200000,,8972.604142450937,3868.204224848397,5104.399917602539,4,2
2026-04-16,1776369600000,,9127.177848470012,2865.5279308674717,6261.649917602539,5,2
2026-04-17,1776456000000,,9035.610985273846,2399.373123640545,6636.237861633301,5,2
2026-04-20,1776715200000,,9032.344747675044,2137.854581964596,6894.490165710449,5,1
2026-04-21,1776801600000,,8979.224730715132,1520.4648735373978,7458.759857177734,5,1
2026-04-22,1776888000000,,8849.253541943577,4626.313554760961,4222.939987182617,3,1
2026-04-23,1776974400000,,8911.288615487547,1539.1086380705542,7372.179977416992,5,2
2026-04-24,1777060800000,,8831.961148282944,1610.5410700053562,7221.420078277588,5,2
2026-04-27,1777320000000,,8836.510998746811,1610.5410700053562,7225.969928741455,5,2
2026-04-28,1777406400000,,8842.266640040225,2316.536522242374,6525.730117797852,4,1
2026-04-29,1777492800000,,8865.22419828646,539.8641423629972,8325.360055923462,5,1
2026-04-30,1777579200000,,8970.990093735041,1853.1600175173894,7117.830076217651,4,1
2026-05-01,1777665600000,,8898.547640316749,2476.3977608611817,6422.149879455566,5,2
2026-05-04,1777924800000,,8826.33766412046,2476.3977608611817,6349.939903259277,5,2
2026-05-05,1778011200000,,8793.265557309092,2359.825567265453,6433.43999004364,5,2
2026-05-06,1778097600000,,8865.98195099268,3610.9719107094757,5255.010040283203,5,2
2026-05-07,1778184000000,,8840.726359611792,2279.006449943824,6561.719909667969,5,2
2026-05-08,1778270400000,,8787.865872442711,2182.615963995445,6605.249908447266,5,2
2026-05-11,1778529600000,,8800.221420064758,1467.4014432581175,7332.819976806641,5,2
2026-05-12,1778616000000,,8833.46420927417,1583.244223312256,7250.219985961914,5,1
2026-05-13,1778702400000,,8585.430506756165,2633.0404615901493,5952.390045166016,4,2
2026-05-14,1778788800000,,8558.77405700542,1551.1740280137192,7007.600028991699,5,2
2026-05-15,1778875200000,,8492.634440097509,852.8545176121575,7639.779922485352,5,2
2026-05-18,1779134400000,,8577.114443454442,852.8545176121575,7724.259925842285,5,2
2026-05-19,1779220800000,,8562.899041149685,1594.889107678005,6968.00993347168,5,2
2026-05-20,1779307200000,,8692.055778193724,1627.6858746292694,7064.369903564453,5,2
2026-05-21,1779393600000,,8620.063999513475,2494.794018129198,6125.269981384277,5,2
2026-05-22,1779480000000,,8692.703960756151,2494.794018129198,6197.909942626953,5,2
2026-05-26,1779825600000,,8764.510557729553,2519.4605851953734,6245.04997253418,5,1
2026-05-27,1779912000000,,8776.08220652569,2297.1022107981507,6478.979995727539,5,2
2026-05-28,1779998400000,,8769.122138776667,2297.1022107981507,6472.019927978516,5,2
2026-05-29,1780084800000,,8645.189839166767,3071.9398315373724,5573.2500076293945,4,2
2026-06-01,1780344000000,,8603.189043244985,4391.979074678091,4211.2099685668945,3,1
2026-06-02,1780430400000,,8583.00483987634,2864.534880617306,5718.469959259033,4,1
2026-06-03,1780516800000,,8614.978448381036,1172.3683333297672,7442.6101150512695,5,2
2026-06-04,1780603200000,,8677.124542454463,1299.5945970809273,7377.529945373535,5,2
2026-06-05,1780689600000,,8651.222913277437,1812.3088011863729,6838.914112091064,5,2
2026-06-08,1780948800000,,8631.335224356299,2328.7702791353504,6302.564945220947,5,2
2026-06-09,1781035200000,,8623.17391637736,3055.763889827065,5567.410026550293,4,2
2026-06-10,1781121600000,,8721.180396179603,2290.340483765053,6430.839912414551,5,2
2026-06-11,1781208000000,,8844.319659389565,1921.99959103019,6922.320068359375,5,1
2026-06-12,1781294400000,,8813.237625473965,1715.9776042642486,7097.260021209717,5,1
2026-06-15,1781553600000,,8828.434491734646,5076.674436192653,3751.760055541992,3,1
2026-06-16,1781640000000,,8774.267474443377,2855.117522508562,5919.149951934814,5,2
2026-06-17,1781726400000,,8650.491848407084,3862.061821399028,4788.430027008057,4,2
2026-06-18,1781812800000,,8573.438205489787,4024.788108596476,4548.650096893311,4,2
2026-06-22,1782158400000,,8530.73892131698,3893.5989638890032,4637.1399574279785,4,2
2026-06-23,1782244800000,,8535.225892321501,2301.725877062713,6233.500015258789,5,2
2026-06-24,1782331200000,,8335.405974779953,4948.285968218674,3387.1200065612793,3,1
2026-06-25,1782417600000,,8398.046188388298,2436.5563240389324,5961.489864349365,5,2
2026-06-26,1782504000000,,8464.159917153842,2180.3599331755713,6283.7999839782715,5,2
2026-06-29,1782763200000,,8458.258726557979,3039.778692683468,5418.480033874512,5,2
2026-06-30,1782849600000,,8500.725736885463,2488.925791054165,6011.799945831299,5,2
2026-07-01,1782936000000,,8508.29329256731,2577.823379084644,5930.469913482666,5,2
2026-07-02,1783022400000,,8521.328578390336,2276.018634237503,6245.309944152832,5,2
2026-07-06,1783368000000,,8529.627243805648,3016.647217560529,5512.980026245117,5,2
2026-07-07,1783454400000,,8526.494470041527,3168.854409616723,5357.640060424805,5,2
2026-07-08,1783540800000,,8492.746959254757,2754.5969882464556,5738.149971008301,5,2
2026-07-09,1783627200000,,8556.783091940391,2245.4330095429304,6311.350082397461,5,2
2026-07-10,1783713600000,,8703.08616708538,1731.0861976029587,6971.999969482422,5,2
2026-07-13,1783972800000,,8613.731243198377,2085.211193149549,6528.520050048828,5,2
2026-07-14,1784059200000,,8558.371090000135,2085.211193149549,6473.159896850586,5,2
2026-07-15,1784145600000,,8579.331173007948,2085.211193149549,6494.119979858398,5,2
2026-07-16,1784232000000,,8730.738191428309,1649.0981920386596,7081.639999389648,5,2
2026-07-17,1784318400000,,8783.388707108335,2289.258824295836,6494.1298828125,5,2
2026-07-20,1784577600000,,8791.478749222593,2289.258824295836,6502.219924926758,5,2
2026-07-21,1784664000000,,8856.548880837361,2007.7089302758375,6848.839950561523,5,2
2026-07-22,1784750400000,,8870.191082664915,938.3309828724334,7931.8600997924805,5,1
2026-07-23,1784836800000,,8811.544629694414,1953.8945976509558,6857.650032043457,5,2
2026-07-24,1784923200000,,8908.074697138261,1953.8945976509558,6954.180099487305,5,2
2026-07-27,1785182400000,,8898.94411045717,3541.3941379229914,5357.54997253418,4,1
2026-07-28,1785268800000,,8988.879381378722,1972.4895498357535,7016.389831542969,5,2
2026-07-29,1785355200000,,8885.385929396736,2634.665836623298,6250.7200927734375,5,2
2026-07-30,1785441600000,,8869.575779250252,2634.665836623298,6234.909942626953,5,2
2026-07-31,1785528000000,,8904.163080408876,1288.6031972912003,7615.559883117676,5,2
2026-08-03,1785787200000,,8948.073053553408,1288.6031972912003,7659.469856262207,5,2
2026-08-04,1785873600000,,9004.40091762353,1318.2507253627873,7686.150192260742,5,2
2026-08-05,1785960000000,,8984.198469850173,153.32841179048046,8830.870058059692,5,2
2026-08-06,1786046400000,,8955.022761647742,1811.7727387595583,7143.250022888184,5,2
2026-08-07,1786132800000,,8963.316811297853,1982.9469229921876,6980.369888305664,5,2
2026-08-10,1786392000000,,8948.216919441424,3976.6968636705487,4971.520055770874,4,1
2026-08-11,1786478400000,,8901.99597520656,2076.795911501116,6825.200063705444,5,2
2026-08-12,1786564800000,,8974.828580272802,2034.1686090356206,6940.659971237183,5,2
2026-08-13,1786651200000,,9047.810757488543,2318.0507019465513,6729.760055541992,5,2
2026-08-14,1786737600000,,9100.40780485623,1540.7478889321576,7559.659915924072,5,2
2026-08-17,1786996800000,,8990.773332551034,2371.023454621348,6619.7498779296875,4,2
2026-08-18,1787083200000,,8989.988104830798,984.7582540617548,8005.229850769043,5,2
2026-08-19,1787169600000,,8980.584296817555,1022.7542034337644,7957.830093383789,5,2
2026-08-20,1787256000000,,8914.840726463583,1057.120816795612,7857.719909667969,5,2
2026-08-21,1787342400000,,8936.850980369833,1057.120816795612,7879.730163574219,5,2
2026-08-24,1787601600000,,8983.801049391002,714.231011549206,8269.570037841797,5,2
2026-08-25,1787688000000,,8979.576477033392,2549.7164916818288,6429.8599853515625,5,2
2026-08-26,1787774400000,,9002.47642286707,2746.486371597539,6255.990051269531,5,2
2026-08-27,1787860800000,,9058.138173075673,2164.0582322797745,6894.079940795898,5,2
2026-08-28,1787947200000,,9036.450977376866,1257.1107941188097,7779.340183258057,5,2
2026-08-31,1788206400000,,8985.710861257481,1257.1107941188097,7728.600067138672,5,2
2026-09-01,1788292800000,,8909.023421350023,1547.9834128051011,7361.040008544922,5,2
2026-09-02,1788379200000,,8985.963469567796,1547.9834128051011,7437.980056762695,5,2
2026-09-03,1788465600000,,8995.664428290833,3512.3244014353645,5483.340026855469,4,1
2026-09-04,1788552000000,,8997.603965902734,1514.0640336517577,7483.539932250977,5,2
2026-09-08,1788897600000,,8917.104135656762,1514.0640336517577,7403.040102005005,5,2
2026-09-09,1788984000000,,8838.0839234833,1514.0640336517577,7324.019889831543,5,2
2026-09-10,1789070400000,,8766.959872813854,5929.279880138072,2837.6799926757812,2,1
2026-09-11,1789156800000,,8720.701014761844,1937.5411026524694,6783.159912109375,5,2
2026-09-14,1789416000000,,8769.13296460146,1931.6330256366157,6837.499938964844,5,2
2026-09-15,1789502400000,,8749.222945680562,1931.6330256366157,6817.589920043945,5,2
2026-09-16,1789588800000,,8710.572640047527,1210.2725301842459,7500.300109863281,5,2
2026-09-17,1789675200000,,8714.11593835687,1210.1157628807962,7504.000175476074,5,2
2026-09-18,1789761600000,,8690.377797475483,1172.80790840688,7517.5698890686035,5,2
2026-09-21,1790020800000,,8703.109691981732,1106.7996867937438,7596.310005187988,5,2
2026-09-22,1790107200000,,8642.632017168024,2371.51202968023,6271.119987487793,4,2
2026-09-23,1790193600000,,8621.106051019082,386.23604064310484,8234.870010375977,5,1
2026-09-24,1790280000000,,8618.207103894516,810.4771692021334,7807.729934692383,5,1
2026-09-25,1790366400000,,8664.041669468534,696.8415962263471,7967.2000732421875,5,2
2026-09-28,1790625600000,,8644.141431431424,696.8415962263471,7947.299835205078,5,2
2026-09-29,1790712000000,,8646.943168242922,628.7133708796409,8018.229797363281,5,2
2026-09-30,1790798400000,,8557.690187238657,623.560121320689,7934.130065917969,5,2
2026-10-01,1790884800000,,8639.319515211708,822.5997123552615,7816.719802856445,5,2
2026-10-02,1790971200000,,8677.76654102077,748.2566781209889,7929.50986289978,5,2
