symbol,sector,pattern,signalAt,entryAt,entry,qty,stop,target,exitAt,exit,exitReason,net,entryFee,exitFee,bars
WDC,Information Technology,rsi2,1506974400000,1507037400000,62.933943769454956,24,58.99697608947754,,1507123800000,62.58396107292176,mean reversion or trend exit,-9.905799574905231,0.7552073252334595,0.7510075328750611,1
CPT,Real Estate,rsi2,1506974400000,1507037400000,90.94545152664185,21,88.5469955444336,,1507210200000,92.43376335525514,mean reversion or trend exit,29.329066644619196,0.9549272410297395,0.970554515230179,2
INTU,Information Technology,rsi2,1506974400000,1507037400000,141.84088927459717,14,137.84400787353516,,1507210200000,142.91851049041748,mean reversion or trend exit,13.093381223129109,0.9928862249221803,1.0004295734329223,2
SRE,Utilities,rsi2,1506974400000,1507037400000,57.03850332069397,35,55.6585018157959,,1507210200000,56.971500000000006,mean reversion or trend exit,-4.340291282400869,0.9981738081121445,0.9970012500000002,2
DTE,Utilities,rsi2,1507060800000,1507123800000,90.83688439178466,21,88.37957458496093,,1507210200000,91.60523648071289,mean reversion or trend exit,14.219751598331499,0.9537872861137391,0.9618549830474854,1
CVS,Health Care,rsi2,1507147200000,1507210200000,80.14004847335815,25,77.41100006103515,,1507296600000,80.34980438995362,mean reversion or trend exit,3.2377747540953337,1.001750605916977,1.0043725548744202,1
IT,Information Technology,rsi2,1507147200000,1507210200000,123.24159030532836,16,119.28999786376953,,1507642200000,123.98797805023194,mean reversion or trend exit,9.964367371612898,0.9859327224426269,0.9919038244018555,3
NWS,Communication Services,rsi2,1507579200000,1507642200000,13.656824618339538,147,13.07600040435791,,1507728600000,13.793100190639496,mean reversion or trend exit,18.014939654633867,1.003776609447956,1.013792864012003,1
NDAQ,Financials,rsi2,1507320000000,1507555800000,24.512249999999998,81,23.891333198547365,,1507815000000,25.224049299240114,mean reversion or trend exit,55.6414231168302,0.9927461249999999,1.0215739966192248,3
UNP,Industrials,rsi2,1507147200000,1507210200000,113.62678469467163,17,110.9229949951172,,1507901400000,114.29282347488405,mean reversion or trend exit,9.385342594169877,0.9658276699047088,0.9714889995365144,6
RSG,Industrials,rsi2,1507147200000,1507210200000,63.30163545799255,31,61.88600082397461,,1507901400000,63.74810877990723,mean reversion or trend exit,11.871401943667438,0.9811753495988846,0.988095686088562,6
AMCR,Materials,rsi2,1506974400000,1507037400000,60.280125,33,59.885000228881836,,1508247000000,60.219875,holding limit at next open,-3.97649999999988,0.9946220625,0.9936279375,10
WYNN,Consumer Discretionary,rsi2,1507665600000,1507728600000,142.1010137786865,14,136.35199127197265,,1508247000000,146.48671755981445,mean reversion or trend exit,59.379738816421714,0.9947070964508056,1.0254070229187011,4
LVS,Consumer Discretionary,rsi2,1507838400000,1507901400000,61.820895915985105,32,59.37200088500977,,1508247000000,62.56869847488404,mean reversion or trend exit,21.939448374511933,0.9891343346557617,1.0010991755981447,2
CI,Health Care,rsi2,1508184000000,1508247000000,185.48269438934327,11,179.21600341796875,,1508333400000,187.7560811004639,mean reversion or trend exit,22.954440557132905,1.020154819141388,1.0326584460525514,1
TKO,Communication Services,rsi2,1507838400000,1507901400000,22.341164923667908,90,21.49699935913086,,1508419800000,22.328830152511596,mean reversion or trend exit,-3.1202791824960965,1.0053524215650558,1.004797356863022,4
LYV,Communication Services,rsi2,1508184000000,1508247000000,41.92095152664184,48,40.347998046875,,1508419800000,42.388794847488406,mean reversion or trend exit,20.43304548765585,1.0061028366394043,1.0173310763397216,2
C,Financials,rsi2,1508184000000,1508247000000,72.27611786270141,28,69.34099807739258,,1508419800000,72.31382347488403,mean reversion or trend exit,-0.9685020376128355,1.0118656500778198,1.0123935286483765,2
UNP,Industrials,rsi2,1508356800000,1508419800000,110.08501377868652,18,107.60999603271485,,1508506200000,112.89352194976807,mean reversion or trend exit,48.546340257911915,0.9907651240081786,1.0160416975479127,1
DD,Industrials,rsi2,1508356800000,1508419800000,126.28153114700316,16,123.65831909179687,,1508765400000,128.47663835906982,mean reversion or trend exit,33.08365003701797,1.0102522491760253,1.0278131068725587,2
HD,Consumer Discretionary,rsi2,1508270400000,1508333400000,163.50170816802978,12,160.41900329589845,,1508851800000,164.58766316986086,mean reversion or trend exit,11.06292379394563,0.9810102490081787,0.9875259790191652,4
MAA,Real Estate,rsi2,1508356800000,1508419800000,105.53274335861205,19,103.60599670410156,,1508875200000,103.55419370574951,stop,-39.5787693064997,1.0025610619068146,0.9837648402046203,4
SW,Materials,rsi2,1507752000000,1507815000000,29.164574618339536,69,28.707999610900877,,1509024600000,29.77510591506958,holding limit at next open,40.093240495970484,1.006177824332714,1.0272411540699007,10
NCLH,Consumer Discretionary,rsi2,1508443200000,1508506200000,54.897433931350704,28,51.31899719238281,,1509024600000,54.77259923744202,mean reversion or trend exit,-5.030751893806181,0.7685640750389099,0.7668163893241884,4
MAA,Real Estate,rsi2,1508875200000,1508938200000,104.06200713729858,19,101.77900085449218,,1509048000000,101.72811135406494,stop,-46.29902600710717,0.9885890678043365,0.966417057863617,2
AMZN,Consumer Discretionary,rsi2,1508788800000,1508851800000,48.47422576332092,42,46.88699836730957,,1509370200000,54.72312447547913,mean reversion or trend exit,260.28660155562994,1.0179587410297395,1.1491856139850618,4
ICE,Financials,rsi2,1508529600000,1508765400000,65.89293061065673,31,64.11800155639648,,1509543000000,66.16689694976807,mean reversion or trend exit,6.446029185264943,1.0213404244651794,1.025586902721405,7
ROL,Industrials,rsi2,1508961600000,1509024600000,19.60980038166046,105,19.023555946350097,,1509543000000,19.55466136646271,mean reversion or trend exit,-7.845730837540146,1.0295145200371743,1.0266197217392923,4
NEM,Materials,rsi2,1509048000000,1509111000000,35.75787167930603,58,34.46500205993652,,1509543000000,36.34182061004639,mean reversion or trend exit,31.7781469065498,1.036978278699875,1.0539127976913454,3
AMGN,Health Care,rsi2,1509134400000,1509370200000,175.58775,11,168.35899658203124,,1509629400000,174.68261927032472,mean reversion or trend exit,-11.882925057414845,0.965732625,0.960754405986786,3
MSCI,Financials,rsi2,1508961600000,1509024600000,119.16955561065673,17,115.47299880981446,,1509652800000,115.41526231040956,stop,-65.81695705653095,1.0129412226905823,0.9810297296384813,6
AON,Financials,rsi2,1509480000000,1509543000000,143.89191732788086,14,140.1449951171875,,1509652800000,140.07492261962892,stop,-55.425693795159724,1.007243421295166,0.9805244583374024,2
TGT,Consumer Staples,rsi2,1509480000000,1509543000000,58.82939923667907,35,56.491001510620116,,1509715800000,59.64016316986084,mean reversion or trend exit,26.303520319247433,1.029514486641884,1.043702855472565,2
WTW,Financials,rsi2,1509652800000,1509715800000,157.57874999999999,13,153.13599395751953,,1510065000000,161.08941316986085,mean reversion or trend exit,43.56727814758712,1.0242618749999999,1.0470811856040956,2
WSM,Consumer Discretionary,rsi2,1509652800000,1509715800000,24.94246530532837,83,23.808500862121583,,1510088400000,23.796596611690525,stop,-97.12977264149734,1.0351123101711273,0.9875587593851568,3
BSX,Health Care,rsi2,1509566400000,1509629400000,27.90394438934326,75,27.086000442504883,,1510151400000,27.80608969497681,mean reversion or trend exit,-9.428228355645787,1.0463979146003721,1.0427283635616305,4
AON,Financials,rsi2,1509652800000,1509715800000,138.9494448852539,15,135.12801055908204,,1510151400000,140.56967938995362,mean reversion or trend exit,22.207124138431585,1.0421208366394044,1.0542725954246521,3
FERG,Industrials,rsi2,1510002000000,1510065000000,74.51453356933594,28,74.04751510620117,,1510237800000,73.83845903015137,stop gap,-21.00702899356075,1.0432034699707031,1.0337384264221192,2
GM,Consumer Discretionary,rsi2,1510088400000,1510151400000,41.88093061065673,46,39.68800048828125,,1510324200000,42.118929389953614,mean reversion or trend exit,9.015947067642466,0.9632614040451049,0.9687353759689331,2
FIS,Financials,rsi2,1510088400000,1510151400000,90.45520866394043,23,88.0290023803711,,1510324200000,92.28383683013917,mean reversion or trend exit,39.95694879938911,1.0402348996353148,1.0612641235466003,2
GILD,Health Care,rsi2,1509480000000,1509543000000,74.72734744262695,28,71.57699966430664,,1510583400000,73.213375,mean reversion or trend exit,-44.46239850775141,1.0461828641967772,1.02498725,8
BALL,Materials,rsi2,1510088400000,1510151400000,41.07052423667908,50,39.84399948120117,,1510583400000,39.81008683013916,stop gap,-65.04388560366615,1.0267631059169768,0.995252170753479,3
UPS,Industrials,rsi2,1510174800000,1510237800000,112.88641683197021,18,109.79799728393554,,1510669800000,114.24285305023194,mean reversion or trend exit,22.371688499771402,1.015977751487732,1.0281856774520874,3
TFC,Financials,rsi2,1510261200000,1510324200000,46.84340969467163,44,45.1870002746582,,1510756200000,46.41677862739563,mean reversion or trend exit,-20.823491103229415,1.0305550132827759,1.021169129802704,3
A,Health Care,rsi2,1510347600000,1510583400000,66.4832219467163,31,65.31699447631836,,1510756200000,67.25635591506959,mean reversion or trend exit,21.89418956209438,1.0304899401741028,1.0424735166835788,2
KKR,Financials,rsi2,1510347600000,1510583400000,19.159574618339537,108,18.42600040435791,,1510929000000,19.49025,mean reversion or trend exit,33.62585068993963,1.034617029390335,1.0524735,4
HUBB,Industrials,rsi2,1510606800000,1510669800000,121.7608469467163,17,118.17228240966797,,1511274600000,120.69962213516236,mean reversion or trend exit,-20.101735783612973,1.0349671990470886,1.02594678814888,5
PPG,Materials,rsi2,1510693200000,1510756200000,114.14704133605956,18,111.29299850463867,,1511274600000,115.5521956100464,mean reversion or trend exit,23.22548379924813,1.027323372024536,1.0399697604904177,4
MET,Financials,rsi2,1510866000000,1510929000000,51.32564923667908,40,49.90300064086914,,1511274600000,52.01398091506958,mean reversion or trend exit,25.466474532585206,1.0265129847335817,1.0402796183013916,2
COP,Energy,rsi2,1510693200000,1510756200000,50.76537167930603,40,49.08599967956543,,1511533800000,50.424775762557985,mean reversion or trend exit,-15.647639618759008,1.0153074335861207,1.0084955152511599,6
VRTX,Health Care,rsi2,1511211600000,1511274600000,145.7828617172241,9,135.13800201416015,,1511533800000,146.00696183013918,mean reversion or trend exit,0.7038468102724725,0.6560228777275084,0.6570313282356263,2
FERG,Industrials,rsi2,1510261200000,1510324200000,73.91233442687988,28,73.57022171020508,,1511793000000,73.83845903015137,holding limit at next open,-4.137022216796735,1.0347726819763183,1.0337384264221192,10
JNJ,Health Care,rsi2,1511211600000,1511274600000,138.5192219467163,15,134.75499877929687,,1511793000000,137.44123950958252,mean reversion or trend exit,-18.239440017929,1.0388941646003722,1.030809296321869,3
FIS,Financials,rsi2,1511384400000,1511533800000,91.63579133605957,22,88.52699813842773,,1511793000000,92.29382633972169,mean reversion or trend exit,12.453544286133072,1.0079937046966554,1.0152320897369387,1
SW,Materials,rsi2,1511211600000,1511274600000,30.23510931301117,69,30.02299919128418,,1511879400000,31.564209923744205,mean reversion or trend exit,89.57586562691144,1.0431112712988855,1.0889652423691751,4
WTW,Financials,rsi2,1511384400000,1511533800000,159.329625,13,153.9169937133789,,1511965800000,159.88002671051026,mean reversion or trend exit,5.080359500515218,1.0356425624999999,1.0392201736183166,3
PRU,Financials,rsi2,1511557200000,1511793000000,109.11452755737304,19,105.71000137329102,,1511965800000,113.71311164474488,mean reversion or trend exit,85.25623508764498,1.036588011795044,1.0802745606250765,2
ADP,Industrials,rsi2,1511557200000,1511793000000,110.46520866394043,19,106.64799652099609,,1511965800000,111.08442938995361,mean reversion or trend exit,9.660472232738472,1.049419482307434,1.0553020792045593,2
WST,Health Care,rsi2,1511902800000,1511965800000,96.80838213729858,21,93.28899917602538,,1512052200000,100.27983683013916,mean reversion or trend exit,70.8311222504941,1.0164880124416351,1.0529382867164612,1
FE,Utilities,rsi2,1511557200000,1511793000000,34.057020915985106,61,32.83499813079834,,1512138600000,34.272855915069584,mean reversion or trend exit,11.08187370080601,1.038739137937546,1.0453221054096222,4
NXPI,Information Technology,rsi2,1511902800000,1511965800000,113.90692347335815,18,111.33700180053711,,1512397800000,114.94250000000001,mean reversion or trend exit,16.580732668293283,1.0251623112602233,1.0344825000000002,3
TTWO,Communication Services,rsi2,1511989200000,1512052200000,112.49622244262694,13,104.7099983215332,,1512421200000,104.65764332237245,stop,-103.31302869078091,0.7312254458770752,0.6802746815954209,3
WDAY,Information Technology,rsi2,1512075600000,1512138600000,102.68131225204468,17,96.64099960327148,,1512421200000,96.59267910346985,stop,-105.20059245229396,0.8727911541423798,0.8210377723794937,2
EXR,Real Estate,rsi2,1511902800000,1511965800000,85.34265305328368,24,82.06800155639648,,1512657000000,85.65714694976808,mean reversion or trend exit,5.4958559155888125,1.0241118366394042,1.0278857633972172,6
MU,Information Technology,rsi2,1512162000000,1512397800000,41.97097576332092,31,38.695001220703126,,1512657000000,42.1589103050232,mean reversion or trend exit,4.521957558711229,0.6505501243314743,0.6534631097278596,3
TER,Information Technology,rsi2,1512421200000,1512484200000,39.269625,46,37.074001693725585,,1512657000000,40.249865457534796,mean reversion or trend exit,43.2621127660774,0.903201375,0.9257469055233003,2
WY,Real Estate,rsi2,1511816400000,1511879400000,35.78788545799255,58,34.541999435424806,,1512743400000,35.69214408493042,mean reversion or trend exit,-7.625920494348457,1.037848678281784,1.0350721784629824,8
TTWO,Communication Services,rsi2,1512421200000,1512484200000,101.48071530532836,13,94.17700119018555,,1512743400000,107.56619274520875,mean reversion or trend exit,77.7524018161166,0.6596246494846344,0.699180252843857,3
LYV,Communication Services,rsi2,1512594000000,1512657000000,42.82139923667908,47,40.639998245239255,,1513002600000,43.28834637260437,mean reversion or trend exit,19.922936366670715,1.0063028820619584,1.0172761397562027,2
VRTX,Health Care,rsi2,1512594000000,1512657000000,137.98895816802977,13,130.3489990234375,,1513002600000,143.6581307296753,mean reversion or trend exit,71.86853722355673,0.8969282280921935,0.9337778497428895,2
HPQ,Information Technology,rsi2,1512680400000,1512743400000,21.060524236679075,98,19.997999000549317,,1513002600000,20.959514313697817,mean reversion or trend exit,-11.957954341131838,1.0319656875972747,1.0270162013711932,1
VST,Utilities,rsi2,1512594000000,1512657000000,17.528760457992554,108,16.580500411987305,,1513089000000,18.130929389953614,mean reversion or trend exit,63.1086214000054,0.946553064731598,0.9790701870574953,3
EXC,Utilities,rsi2,1512680400000,1512743400000,28.987383024215696,73,28.206847763061525,,1513089000000,29.78538519668579,mean reversion or trend exit,56.10895255025405,1.0580394803838729,1.0871665596790314,2
TRV,Financials,rsi2,1512766800000,1513002600000,133.9869581680298,16,130.10100250244142,,1513175400000,134.3028101196289,mean reversion or trend exit,2.9073130792845623,1.0718956653442384,1.0744224809570313,2
IFF,Materials,rsi2,1513026000000,1513089000000,152.38615255737304,14,148.2220016479492,,1513261800000,153.1533807296753,mean reversion or trend exit,8.602417679222212,1.0667030679016114,1.0720736651077272,2
TECH,Health Care,rsi2,1513026000000,1513089000000,31.790887118339537,67,30.387249755859376,,1513348200000,32.02398091506958,mean reversion or trend exit,13.479486301793619,1.0649947184643744,1.0728033606548308,3
FERG,Industrials,rsi2,1513112400000,1513175400000,74.37718923568725,29,73.71277542114258,,1513348200000,73.61681392669678,stop gap,-24.19679700657836,1.0784692439174652,1.0674438019371033,2
STE,Health Care,rsi2,1512766800000,1513002600000,88.3341459159851,24,86.22599792480469,,1513607400000,89.37528816986084,mean reversion or trend exit,22.854900883987455,1.0600097509918212,1.0725034580383301,5
CBRE,Real Estate,rsi2,1513285200000,1513348200000,42.921451526641846,50,41.27100105285645,,1513607400000,43.968006677627564,mean reversion or trend exit,50.15552109417916,1.0730362881660462,1.099200166940689,1
GM,Consumer Discretionary,rsi2,1512766800000,1513002600000,41.90094106864929,51,40.268000793457034,,1513693800000,42.688644084930424,mean reversion or trend exit,38.01581940892161,1.0684739972505568,1.0885604241657258,6
FTV,Industrials,rsi2,1513285200000,1513348200000,45.319397489547725,47,43.677151107788085,,1513693800000,45.967426084518436,mean reversion or trend exit,28.31210360963286,1.0650058410043717,1.0802345129861832,2
FE,Utilities,rsi2,1513630800000,1513693800000,31.485734313011168,69,30.44499969482422,,1513780200000,30.964509542465212,mean reversion or trend exit,-38.1190425806849,1.0862578337988853,1.06827557921505,1
DTE,Utilities,rsi2,1513630800000,1513693800000,94.71967656326294,23,92.25191497802734,,1513803600000,92.20578902053833,stop,-59.96905633687959,1.0892762804775238,1.0603665737361907,2
GRMN,Consumer Discretionary,rsi2,1513371600000,1513607400000,58.52925,37,56.29199905395508,,1513866600000,59.12042652511597,mean reversion or trend exit,19.697012413576218,1.082791125,1.0937278907146453,3
SW,Materials,rsi2,1513198800000,1513261800000,31.455720534324644,68,31.245000457763673,,1514298600000,33.25336545753479,mean reversion or trend exit,120.03974585456675,1.0694944981670378,1.1306144255561827,7
SBAC,Real Estate,rsi2,1513717200000,1513780200000,158.6092637786865,13,150.94300537109376,,1514298600000,159.4402442703247,mean reversion or trend exit,8.735424588978036,1.0309602145614625,1.0363615877571106,3
NDAQ,Financials,rsi2,1513803600000,1513866600000,25.109214669227597,86,24.27199935913086,,1514298600000,25.403959604263306,mean reversion or trend exit,23.175997919310863,1.0796962307767868,1.0923702629833223,2
EXC,Utilities,rsi2,1513803600000,1513866600000,27.738542286872864,78,26.858059120178222,,1514471400000,27.753591390609742,mean reversion or trend exit,-0.9903631219453324,1.0818031491880418,1.0823900642337798,4
MRSH,Financials,rsi2,1513976400000,1514298600000,80.7403469467163,27,78.29500198364258,,1514471400000,81.80907347488404,mean reversion or trend exit,26.661199084837484,1.0899946837806702,1.1044224919109347,2
MET,Financials,rsi2,1513371600000,1513607400000,51.755864542007444,42,49.62799911499023,,1514557800000,51.0644551525116,mean reversion or trend exit,-31.19842107241041,1.0868731553821562,1.0723535582027437,8
AEP,Utilities,rsi2,1513976400000,1514298600000,73.786875,29,71.76700134277344,,1514557800000,73.83306774520875,mean reversion or trend exit,-0.8008995587515886,1.0699096875,1.0705794823055268,3
TKO,Communication Services,rsi2,1513976400000,1514298600000,29.44471530532837,69,27.896999740600585,,1514557800000,30.374804389953614,mean reversion or trend exit,62.11237340965464,1.0158426780338288,1.0479307514533995,3
XEL,Utilities,rsi2,1514408400000,1514471400000,47.94395816802978,46,46.48799781799316,,1514557800000,48.08594561004639,mean reversion or trend exit,4.322734545868158,1.102711037864685,1.105976749031067,1
KEYS,Information Technology,rsi2,1514408400000,1514471400000,41.770875,49,39.593001174926755,,1514557800000,42.1589103050232,mean reversion or trend exit,16.957450206163813,1.0233864375,1.0328933024730684,1
GOOGL,Communication Services,rsi2,1514494800000,1514557800000,52.80088905143737,42,51.29335060119629,,1514989800000,53.669650621414185,mean reversion or trend exit,34.25210460589621,1.1088186700801848,1.1270626630496978,2
CPRT,Industrials,rsi2,1514494800000,1514557800000,10.835414923667907,205,10.432500267028809,,1514989800000,10.902046516895295,mean reversion or trend exit,11.431386813956856,1.1106300296759606,1.1174597679817677,2
GOOG,Communication Services,rsi2,1514494800000,1514557800000,52.36216653442383,42,50.929952239990236,,1514989800000,53.18889212799073,mean reversion or trend exit,32.505902697899025,1.0996054972229004,1.1169667346878052,2
PRU,Financials,rsi2,1514494800000,1514557800000,115.67781274795531,19,111.77900085449218,,1514989800000,115.20237213516236,mean reversion or trend exit,-11.226733399455695,1.0989392211055755,1.0944225352840424,2
DELL,Information Technology,rsi2,1514494800000,1514557800000,22.844580797195434,85,21.579810523986815,,1514989800000,23.161156472206116,mean reversion or trend exit,24.953688541958428,0.9708946838808059,0.98434915006876,2
GNRC,Industrials,rsi2,1514926800000,1514989800000,48.05401377868652,46,46.33399772644043,,1515076200000,50.17490076255799,mean reversion or trend exit,95.30153622363908,1.10524231690979,1.1540227175388338,1
GPN,Financials,rsi2,1514926800000,1514989800000,100.08001377868652,22,95.90099792480468,,1515076200000,102.26883969497682,mean reversion or trend exit,45.92833277017626,1.100880151565552,1.1249572366447451,1
PAYX,Industrials,rsi2,1514926800000,1514989800000,67.4837219467163,33,65.3610008239746,,1515076200000,68.31582347488404,mean reversion or trend exit,25.218657930079026,1.113481412120819,1.1272110873355867,1
HSY,Consumer Staples,rsi2,1514926800000,1514989800000,112.28611835861206,19,109.40500030517578,,1515421800000,113.17338835525513,mean reversion or trend exit,14.716264622436594,1.0667181244068145,1.0751471893749238,3
CLX,Consumer Staples,rsi2,1514926800000,1514989800000,145.67280610656738,15,141.3260055541992,,1515421800000,145.12739694976807,mean reversion or trend exit,-10.362138874912148,1.0925460457992553,1.0884554771232606,3
PLD,Real Estate,rsi2,1515186000000,1515421800000,62.471218626022335,36,60.65100212097168,,1515508200000,63.45825667762757,mean reversion or trend exit,33.266639302322666,1.1244819352684021,1.1422486201972963,1
WYNN,Consumer Discretionary,rsi2,1515013200000,1515076200000,163.27159744262696,13,156.46800842285157,,1515594600000,162.07892366027832,mean reversion or trend exit,-17.61953755770114,1.0612653833770753,1.053513003791809,4
LVS,Consumer Discretionary,rsi2,1515013200000,1515076200000,68.70433316802978,33,66.25400009155274,,1515594600000,69.07544561004639,mean reversion or trend exit,9.973344236709876,1.1336214972724914,1.1397448525657654,4
FIX,Industrials,rsi2,1515013200000,1515076200000,43.17157652664184,52,41.46499938964844,,1515767400000,43.728125000000006,mean reversion or trend exit,26.681128374931774,1.122460989692688,1.1369312500000002,6
LUV,Industrials,rsi2,1515531600000,1515594600000,62.55126045799255,36,60.48700065612793,,1515767400000,65.17739408493043,mean reversion or trend exit,92.24169478799102,1.125922688243866,1.1731930935287478,2
VZ,Communication Services,rsi2,1515531600000,1515594600000,51.41569438934326,44,50.02800178527832,,1515767400000,51.91402862739563,mean reversion or trend exit,19.653452567936128,1.1311452765655519,1.142108629802704,2
AWK,Utilities,rsi2,1515186000000,1515421800000,87.0435,26,83.70800094604492,,1515790800000,83.6661469455719,stop,-90.03040482542299,1.1315655,1.0876599102924347,5
PAYX,Industrials,rsi2,1515704400000,1515767400000,67.02349286270142,34,64.78000335693359,,1516113000000,67.88603816986084,mean reversion or trend exit,27.033078415866797,1.1393993786659242,1.1540626488876342,1
CCI,Real Estate,rsi2,1515704400000,1515767400000,104.10202805328369,22,100.46599960327148,,1516199400000,105.34730152511597,mean reversion or trend exit,25.092073754947705,1.1451223085861206,1.1588203167762756,2
SBAC,Real Estate,rsi2,1515790800000,1516113000000,157.5587357254028,13,149.38900299072264,,1516199400000,159.64014122009277,mean reversion or trend exit,24.996478730823764,1.0241317822151181,1.037660917930603,1
STZ,Consumer Staples,rsi2,1515445200000,1515508200000,216.87838927459717,10,209.2919952392578,,1516285800000,219.2803043899536,mean reversion or trend exit,21.838357685241697,1.0843919463729859,1.096401521949768,6
HRL,Consumer Staples,rsi2,1515704400000,1515767400000,34.48723622131347,66,33.32200126647949,,1516285800000,34.44276908493042,mean reversion or trend exit,-5.209521176387685,1.1380787953033447,1.1366113798027038,3
CRL,Health Care,rsi2,1515790800000,1516113000000,105.69281938934326,21,101.37799606323242,,1516372200000,106.50671755981446,mean reversion or trend exit,14.863766441929153,1.1097746035881042,1.118320534378052,3
META,Communication Services,rsi2,1516136400000,1516199400000,179.34962450408935,12,172.86700134277345,,1516631400000,180.70960305023195,mean reversion or trend exit,14.159387188385267,1.076097747024536,1.0842576183013917,3
LULU,Consumer Discretionary,rsi2,1516136400000,1516199400000,77.1185418319702,30,73.58599548339843,,1516631400000,79.37029866027832,mean reversion or trend exit,65.20537224185979,1.1567781274795532,1.1905544799041747,3
FAST,Industrials,rsi2,1516222800000,1516285800000,13.094043368339538,176,12.52625036239624,,1516717800000,13.53572829246521,mean reversion or trend exit,75.39312673996753,1.1522758164138793,1.1911440897369385,3
NRG,Utilities,rsi2,1516309200000,1516372200000,26.743364542007445,77,25.284999465942384,,1516804200000,27.00649045753479,mean reversion or trend exit,18.191326078123332,1.0296195348672865,1.0397498826150895,3
F,Consumer Discretionary,rsi2,1516222800000,1516285800000,12.186090305328369,190,11.757000255584718,,1516890600000,11.924035305023194,mean reversion or trend exit,-52.08091199096659,1.1576785790061952,1.1327833539772034,5
GM,Consumer Discretionary,rsi2,1516395600000,1516631400000,43.18157984733581,54,41.40000267028809,,1516890600000,44.43776908493042,mean reversion or trend exit,65.46849640893782,1.165902655878067,1.1998197652931215,3
LIN,Materials,rsi2,1516741200000,1516804200000,159.17955610656736,14,154.53899536132812,,1516890600000,166.17686450958251,mean reversion or trend exit,95.68482269789911,1.1142568927459715,1.1632380515670775,1
LLY,Health Care,rsi2,1516741200000,1516804200000,84.90243061065674,27,82.18899688720703,,1516977000000,84.71762213516236,mean reversion or trend exit,-7.279699550416774,1.1461828132438658,1.1436878988246917,2
LHX,Industrials,rsi2,1516741200000,1516804200000,142.6913051147461,16,138.63699645996093,,1516977000000,144.9275,mean reversion or trend exit,33.4781677231448,1.1415304409179687,1.1594200000000001,2
AAPL,Information Technology,rsi2,1516827600000,1516890600000,43.64931237602234,54,42.38024978637695,,1517259600000,42.35905966148376,stop,-71.9958726300957,1.1785314341526032,1.1436946108600616,3
LEN,Consumer Discretionary,rsi2,1516914000000,1516977000000,66.62574159622191,35,63.49854278564453,,1517259600000,63.46679351425171,stop,-112.83980223339036,1.1659504779338836,1.110668886499405,2
DAL,Industrials,rsi2,1516827600000,1516890600000,57.028499999999994,39,54.0759994506836,,1517409000000,56.27184923744202,mean reversion or trend exit,-31.718736549891126,1.1120557500000001,1.0973010601301194,4
LEN,Consumer Discretionary,rsi2,1517259600000,1517322600000,62.46103210830688,37,59.81413269042969,,1517518800000,59.78422562408448,stop,-101.30337718427816,1.1555290940036773,1.1060081740455627,3
COHR,Information Technology,rsi2,1516827600000,1516890600000,45.67282652664184,30,41.84200096130371,,1517605200000,41.82107996082306,stop,-116.86480557187534,0.6850923978996276,0.627316199412346,7
UNP,Industrials,rsi2,1516914000000,1516977000000,133.87690255737303,17,128.64800567626952,,1517605200000,128.58368167343139,stop,-92.21566999296978,1.1379536717376706,1.0929612942241669,6
DHI,Consumer Discretionary,rsi2,1517259600000,1517322600000,47.81389591598511,48,45.78699989318848,,1517841000000,45.71713167762756,stop gap,-102.8894281034088,1.1475335019836426,1.0972111602630616,4
DVN,Energy,rsi2,1517346000000,1517409000000,41.540760457992555,53,39.38200073242187,,1517841000000,39.35031393241883,stop gap,-118.2372793267534,1.100830152136803,1.042783319209099,3
GIS,Consumer Staples,rsi2,1517605200000,1517841000000,55.857916831970215,39,54.07600059509277,,1517864400000,54.04896259479523,stop,-72.69239939864643,1.0892293782234193,1.0539547705985068,1
DVA,Health Care,rsi2,1517605200000,1517841000000,75.26761835861205,29,72.76000213623047,,1517927400000,71.53421469497681,stop gap,-110.3973328246991,1.0913804661998747,1.0372461130771637,1
AXON,Industrials,rsi2,1517518800000,1517581800000,25.672829847335812,88,24.655000686645508,,1517950800000,24.642673186302186,stop,-92.86766830443915,1.129604513282776,1.0842776201972963,3
TSCO,Consumer Discretionary,rsi2,1517605200000,1517841000000,13.548770816802978,136,12.750600051879882,,1517950800000,12.744224751853944,stop,-111.20618853173741,0.9213164155426026,0.8666072831260682,2
TECH,Health Care,rsi2,1517864400000,1517927400000,32.90394451332092,65,31.963501358032225,,1518013800000,34.52772566986084,mean reversion or trend exit,103.35424589414137,1.0693781966829299,1.1221510842704774,1
ILMN,Health Care,rsi2,1517605200000,1517841000000,215.52599832916258,7,201.83171539306642,,1518100200000,214.83416431427003,mean reversion or trend exit,-6.349098673499861,0.754340994152069,0.7519195750999451,3
IT,Information Technology,rsi2,1517950800000,1518013800000,123.19156225204468,17,118.23099822998047,,1518100200000,119.94000000000001,mean reversion or trend exit,-57.343176563901665,1.04712827914238,1.0194900000000002,1
GL,Financials,rsi2,1517950800000,1518013800000,83.10152755737305,26,80.59099884033203,,1518123600000,80.55070334091187,stop,-68.44890862966838,1.0803198582458498,1.0471591434318543,2
JKHY,Financials,rsi2,1517950800000,1518013800000,118.32913164138793,18,114.27200088500976,,1518123600000,114.21486488456726,stop,-76.14969759150564,1.0649621847724913,1.0279337839611054,2
PH,Industrials,rsi2,1517864400000,1517927400000,180.40015255737305,11,174.26599884033203,,1518186600000,176.97146755981447,mean reversion or trend exit,-39.68107888378888,0.9922008390655518,0.9733430715789796,3
ZBRA,Information Technology,rsi2,1518037200000,1518100200000,116.95845152664184,16,110.76800231933593,,1518210000000,110.71261831817627,stop,-101.75469989420766,0.9356676122131348,0.8857009465454102,2
JKHY,Financials,rsi2,1518123600000,1518186600000,115.33763877868651,18,110.33000259399414,,1518532200000,115.73210591506958,mean reversion or trend exit,5.0207807526514685,1.0380387490081786,1.0415889532356262,2
SYK,Health Care,rsi2,1518123600000,1518186600000,149.34463927459717,13,141.5719955444336,,1518532200000,152.5336956100464,mean reversion or trend exit,39.495523184089905,0.9707401552848817,0.9914690214653017,2
SNPS,Information Technology,rsi2,1518123600000,1518186600000,83.36165969467163,22,78.87300186157226,,1518532200000,84.71762213516236,mean reversion or trend exit,27.982301590667845,0.916978256641388,0.9318938434867859,2
NEM,Materials,rsi2,1518037200000,1518100200000,37.208593626022335,50,35.13399887084961,,1518618600000,36.91153530502319,mean reversion or trend exit,-16.705919273233228,0.9302148406505584,0.9227883826255798,4
KR,Consumer Staples,rsi2,1518469200000,1518532200000,27.18358507633209,57,25.399000930786134,,1518618600000,27.83607538127899,mean reversion or trend exit,35.62388705893149,0.7747321746754645,0.7933281483664513,1
COP,Energy,rsi2,1518210000000,1518445800000,52.65631606864929,28,49.00899963378906,,1518705000000,55.61217938995362,mean reversion or trend exit,81.24841406010074,0.73718842496109,0.7785705114593506,3
SBAC,Real Estate,rsi2,1518469200000,1518532200000,159.17955610656736,11,150.50100402832032,,1518705000000,162.80855438995363,mean reversion or trend exit,38.14804650951807,0.8754875585861205,0.8954470491447449,2
MGM,Consumer Discretionary,rsi2,1518469200000,1518532200000,33.366673473358155,42,30.951000213623047,,1518705000000,34.732625,mean reversion or trend exit,55.93987885101692,0.7007001429405213,0.7293851250000001,2
ORLY,Consumer Discretionary,rsi2,1518555600000,1518618600000,16.278801455497742,103,15.27793321609497,,1518791400000,16.790933905601502,mean reversion or trend exit,51.04655098959065,0.8383582749581338,0.8647330961384774,2
BG,Consumer Staples,rsi2,1518642000000,1518705000000,76.27811786270141,15,69.3989974975586,,1519137000000,78.58069274520875,mean reversion or trend exit,33.37718215805083,0.5720858839702605,0.5893551955890656,2
KDP,Consumer Staples,rsi2,1518555600000,1518618600000,115.81788213729858,18,110.33999710083008,,1519223400000,115.73210591506958,mean reversion or trend exit,-3.6279218925933243,1.0423609392356874,1.0415889532356262,4
CNC,Health Care,rsi2,1518728400000,1518791400000,49.88493061065674,31,46.567501831054685,,1519655400000,50.28484637260437,mean reversion or trend exit,10.844757077136048,0.7732164244651795,0.7794151187753678,5
PSX,Energy,rsi2,1518814800000,1519137000000,91.99597194671631,18,86.35099945068359,,1519655400000,92.57369274520875,mean reversion or trend exit,8.737847390636523,0.8279637475204468,0.8331632347068787,4
OXY,Energy,rsi2,1518814800000,1519137000000,68.91443725204468,23,64.36200485229492,,1519655400000,68.32582061004639,mean reversion or trend exit,-15.116445731374617,0.7925160283985138,0.7857469370155336,4
CHRW,Industrials,rsi2,1519160400000,1519223400000,90.05500713729857,19,84.75600128173828,,1519655400000,92.9535,mean reversion or trend exit,53.33278357352286,0.8555225678043364,0.88305825,3
FERG,Industrials,rsi2,1519160400000,1519223400000,77.62063143539429,27,76.74129180908203,,1519741800000,75.89656489944458,stop gap,-48.6222786211623,1.047878524377823,1.024603626142502,4
CASY,Consumer Staples,rsi2,1519419600000,1519655400000,112.21608366394042,16,105.76499938964844,,1519741800000,114.14289694976807,mean reversion or trend exit,29.018140728332714,0.8977286693115234,0.9131431755981446,1
SW,Materials,rsi2,1519678800000,1519741800000,35.05752091598511,62,33.74800109863281,,1520024400000,33.7311270980835,stop,-84.368864798336,1.0867831483955384,1.0456649400405884,4
DLTR,Consumer Staples,rsi2,1519765200000,1519828200000,104.62228469467162,12,96.04499664306641,,1520260200000,103.42826335525513,mean reversion or trend exit,-15.576559361297491,0.6277337081680298,0.6205695801315307,3
GRMN,Consumer Discretionary,rsi2,1519419600000,1519655400000,60.540253320693964,27,56.72399749755859,,1520346600000,59.60018606758118,mean reversion or trend exit,-27.003711765786957,0.8172934198293685,0.8046025119123459,6
TSCO,Consumer Discretionary,rsi2,1519678800000,1519741800000,13.074533839702605,97,11.973399925231934,,1520433000000,12.783604961872102,mean reversion or trend exit,-29.474220881435123,0.6341148912255764,0.620004840650797,6
A,Health Care,rsi2,1519765200000,1519828200000,69.45470816802978,24,65.11200103759765,,1520433000000,67.3263206100464,mean reversion or trend exit,-52.72267373693822,0.8334564980163573,0.8079158473205568,5
SBAC,Real Estate,rsi2,1520024400000,1520260200000,152.21606938934326,10,142.45600280761718,,1520433000000,155.93198950958254,mean reversion or trend exit,35.618460907898125,0.7610803469467163,0.7796599475479127,2
RCL,Consumer Discretionary,rsi2,1520283600000,1520346600000,121.66079847335814,14,114.56600494384766,,1520433000000,122.71860877990723,mean reversion or trend exit,13.098688440914353,0.8516255893135071,0.8590302614593507,1
AVY,Materials,rsi2,1520370000000,1520433000000,113.91693061065673,18,109.65299758911132,,1520519400000,115.85204866027833,mean reversion or trend exit,32.764204079750264,1.0252523754959106,1.0426684379425049,1
BDX,Health Care,rsi2,1520370000000,1520433000000,165.476159866333,12,157.4996078491211,,1520519400000,167.82524034881592,mean reversion or trend exit,26.189157388504128,0.9928569591979981,1.0069514420928956,1
NKE,Consumer Discretionary,rsi2,1520456400000,1520519400000,64.59227755737304,28,60.85799674987793,,1520605800000,65.47724713516236,mean reversion or trend exit,22.958174832405472,0.9042918858032225,0.916681459892273,1
QCOM,Information Technology,rsi2,1520370000000,1520433000000,61.52074667930603,29,58.03300018310547,,1520861400000,63.01847423744202,mean reversion or trend exit,41.628280482650915,0.8920508268499374,0.9137678764429092,3
ELV,Health Care,rsi2,1520542800000,1520605800000,230.55522244262693,9,219.10799407958984,,1520861400000,232.08389694976808,mean reversion or trend exit,11.676194527004549,1.0374985009918212,1.0443775362739565,1
TGT,Consumer Staples,rsi2,1520370000000,1520433000000,71.09552755737305,23,66.64200057983399,,1521034200000,71.40428244018555,mean reversion or trend exit,5.462614489715759,0.81759856690979,0.821149248062134,5
DG,Consumer Staples,rsi2,1520456400000,1520519400000,89.66481274795532,17,83.79899826049805,,1521034200000,89.50522805023193,mean reversion or trend exit,-4.235885208082205,0.7621509083576202,0.7607944384269714,4
HUBB,Industrials,rsi2,1520024400000,1520260200000,128.1840551147461,16,122.26124267578125,,1521120600000,126.06693225479127,mean reversion or trend exit,-35.907973658233395,1.0254724409179687,1.0085354580383301,8
LMT,Industrials,rsi2,1520884800000,1520947800000,334.9473887786865,6,320.01500244140624,,1521552600000,335.562145980835,mean reversion or trend exit,1.6770146086124122,1.0048421663360596,1.0066864379425051,5
NXPI,Information Technology,rsi2,1520971200000,1521034200000,122.811375,17,119.93599700927734,,1521552600000,122.65864122009278,mean reversion or trend exit,-4.682969396293577,1.0438966875000002,1.0425984503707888,4
DVA,Health Care,rsi2,1520971200000,1521034200000,70.5752709159851,26,66.63400192260742,,1521576000000,66.60068492164612,stop,-105.1225232787027,0.9174785219078063,0.8658089039813995,5
TJX,Consumer Discretionary,rsi2,1521057600000,1521120600000,41.05051377868652,51,39.01199836730957,,1521639000000,40.919528627395636,mean reversion or trend exit,-8.770478797190302,1.0467881013565064,1.0434479799985887,4
FICO,Information Technology,rsi2,1521489600000,1521552600000,167.7938617172241,12,160.29000701904297,,1521725400000,169.45522328948977,mean reversion or trend exit,17.91284435714766,1.0067631703033446,1.0167313397369386,2
COR,Health Care,rsi2,1521576000000,1521639000000,89.4947219467163,17,83.43000259399415,,1521811800000,85.29732633972168,mean reversion or trend exit,-72.84145772934323,0.7607051365470885,0.7250272738876342,2
MRVL,Information Technology,rsi2,1520971200000,1521034200000,23.011499999999998,70,21.511000061035155,,1521835200000,21.50024456100464,stop,-107.34579178931031,0.8054024999999999,0.7525085596351624,8
AAPL,Information Technology,rsi2,1521662400000,1521725400000,42.521249999999995,50,41.26950187683106,,1521835200000,41.248867125892644,stop,-65.71339663351483,1.0630312499999999,1.0312216781473162,2
TKO,Communication Services,rsi2,1521489600000,1521552600000,36.46822576332092,50,34.40399856567383,,1522071000000,36.101938932418825,SPY below SMA200,-20.12859566249839,0.9117056440830231,0.9025484733104706,4
DVA,Health Care,rsi2,1521576000000,1521639000000,66.69333366394042,28,63.080003356933595,,1522071000000,65.66714694976807,SPY below SMA200,-30.586274725417837,0.9337066712951659,0.919340057296753,3
AVY,Materials,rsi2,1521748800000,1521811800000,105.92293774795532,19,101.50999755859375,,1522071000000,104.00796755981446,SPY below SMA200,-38.378777175100076,1.0062679086055755,0.9880756918182374,1
UHS,Health Care,rsi2,1522094400000,1522157400000,121.1005209159851,13,113.8330062866211,,1522330200000,121.32930438995362,mean reversion or trend exit,1.398391297102152,0.7871533859539032,0.7886404785346985,2
KKR,Financials,rsi2,1522180800000,1522243800000,20.380185839653013,99,19.370001220703124,,1522330200000,20.25986545753479,mean reversion or trend exit,-13.923400368914855,1.0088191990628241,1.002863340147972,1
STZ,Consumer Staples,rsi2,1522094400000,1522157400000,221.43066732788085,9,213.12700805664062,,1522675800000,229.3652557296753,mean reversion or trend exit,69.38271396239111,0.9964380029754639,1.032143650783539,3
CNC,Health Care,rsi2,1522267200000,1522330200000,50.65531606864929,35,47.79649887084961,,1522675800000,53.70813311004639,mean reversion or trend exit,105.02223608827126,0.8864680312013626,0.9398923294258118,1
OKE,Energy,rsi2,1522267200000,1522330200000,55.767871679306026,35,52.946001052856445,,1522675800000,56.73161832237244,mean reversion or trend exit,31.762391432295143,0.9759377543878555,0.9928033206415178,1
HCA,Health Care,rsi2,1522094400000,1522157400000,98.29912499999999,21,93.78700332641601,,1522762200000,95.68213835525513,SPY below SMA200,-56.99352280487215,1.0321408124999998,1.0046624527301788,4
SW,Materials,rsi2,1522267200000,1522330200000,41.00048954200744,50,39.281999588012695,,1522762200000,40.92952576255799,SPY below SMA200,-5.596439355086979,1.025012238550186,1.0232381440639498,2
CCI,Real Estate,rsi2,1522785600000,1522848600000,106.99347244262695,19,103.57999877929687,,1523021400000,109.79507347488403,mean reversion or trend exit,51.170928426668205,1.0164379882049561,1.0430531980113984,2
AMT,Real Estate,rsi2,1522785600000,1522848600000,141.05048572540284,14,135.2510009765625,,1523021400000,143.43823950958253,mean reversion or trend exit,31.43713190187081,0.9873534000778199,1.0040676765670777,2
MSCI,Financials,rsi2,1522785600000,1522848600000,144.322125,14,138.51800384521485,,1523367000000,148.58567366027833,mean reversion or trend exit,57.63932665327469,1.010254875,1.0400997156219483,4
ROP,Information Technology,rsi2,1523044800000,1523280600000,268.9944153442383,7,254.85999755859376,,1523453400000,270.59464598083497,mean reversion or trend exit,9.313052741538986,0.941480453704834,0.9470812609329224,2
HPE,Information Technology,rsi2,1523044800000,1523280600000,16.738364542007446,122,15.896501541137695,,1523453400000,17.191400762557983,mean reversion or trend exit,53.20070322358702,1.0210402370624543,1.048675446516037,2
JBHT,Industrials,rsi2,1523044800000,1523280600000,110.82538164138793,13,103.37900085449219,,1523539800000,111.95399713516235,mean reversion or trend exit,13.223935457019865,0.7203649806690217,0.7277009813785553,3
FERG,Industrials,rsi2,1522785600000,1522848600000,78.0749218826294,26,77.40126876831054,,1523626200000,79.31617992019653,mean reversion or trend exit,30.226624653308782,1.0149739844741823,1.031110338962555,7
LEN,Consumer Discretionary,rsi2,1523476800000,1523539800000,56.64980122375488,25,52.47241020202637,,1523626200000,55.025715108871466,mean reversion or trend exit,-41.99809682624311,0.7081225152969359,0.6878214388608933,1
PEG,Utilities,rsi2,1523563200000,1523626200000,49.73485408401489,43,47.680999755859375,,1523885400000,50.27484923744202,mean reversion or trend exit,21.069582975955186,1.0692993628063203,1.0809092586050035,1
EXR,Real Estate,rsi2,1523563200000,1523626200000,86.10302755737304,24,81.95299987792968,,1523885400000,87.20637500000001,mean reversion or trend exit,24.40062579235878,1.0332363306884766,1.0464765000000003,1
NEE,Utilities,rsi2,1523476800000,1523539800000,40.27762844467163,53,38.87474746704102,,1523971800000,40.53972137260437,mean reversion or trend exit,11.749265410277475,1.0673571537837983,1.0743026163740157,3
PHM,Consumer Discretionary,rsi2,1523563200000,1523626200000,29.32465446567535,53,27.38100070953369,,1523971800000,29.77510591506958,mean reversion or trend exit,22.307783167804427,0.7771033433403968,0.7890403067493439,2
STZ,Consumer Staples,rsi2,1523563200000,1523626200000,225.42265255737303,9,216.14800262451172,,1523971800000,227.53616889953614,mean reversion or trend exit,16.98333238291189,1.0144019365081787,1.0239127600479125,2
DLTR,Consumer Staples,rsi2,1523649600000,1523885400000,97.47871530532836,22,92.73199768066407,,1524058200000,100.3797853050232,mean reversion or trend exit,61.64709648657262,1.072265868358612,1.1041776383552553,2
FAST,Industrials,rsi2,1523649600000,1523885400000,12.628811669826506,109,11.665750503540039,,1524144600000,12.743625000000002,mean reversion or trend exit,11.131855190405464,0.6882702360055446,0.6945275625,3
MTB,Financials,rsi2,1523995200000,1524058200000,178.85938927459716,8,166.68699340820314,,1524231000000,180.20985305023194,mean reversion or trend exit,9.367433235778917,0.7154375570983886,0.7208394122009277,2
TFC,Financials,rsi2,1524081600000,1524144600000,51.275625,29,47.66299896240234,,1524231000000,52.49374045753479,mean reversion or trend exit,33.82069246937475,0.7434965625,0.7611592366342546,1
SJM,Consumer Staples,rsi2,1523908800000,1523971800000,121.13053469467162,16,114.8339973449707,,1524254400000,114.77658034629822,stop,-103.55052649430226,0.969044277557373,0.9182126427703857,4
DECK,Consumer Discretionary,rsi2,1524081600000,1524144600000,15.652822957992553,131,14.85016679763794,,1524254400000,14.842741714239121,stop,-108.11810241773074,1.0252599037485122,0.9721995822826626,2
EG,Financials,rsi2,1524168000000,1524231000000,243.41163828277587,8,230.72600250244142,,1524490200000,246.86651049041748,mean reversion or trend exit,25.677865066040138,0.9736465531311035,0.98746604196167,1
TER,Information Technology,rsi2,1524168000000,1524231000000,41.310645915985106,33,38.1430004119873,,1524576600000,41.09943893241883,mean reversion or trend exit,-8.329596857685837,0.6816256576137543,0.6781407423849107,2
AAPL,Information Technology,rsi2,1524254400000,1524490200000,41.72835420799255,41,39.21075096130371,,1524576600000,41.39679079246521,mean reversion or trend exit,-15.298165509130385,0.8554312612638474,0.8486342112455368,1
GS,Financials,rsi2,1524513600000,1524576600000,248.94441732788084,6,232.45299224853517,,1524663000000,242.06890744018557,mean reversion or trend exit,-42.72609930047584,0.7468332519836426,0.7262067223205568,1
SOXX,ETF / index,rsi2,1524513600000,1524576600000,57.1652336769104,25,53.01566619873047,,1524663000000,56.4084500617981,mean reversion or trend exit,-20.339261424541295,0.71456542096138,0.7051056257724763,1
FDS,Financials,rsi2,1524168000000,1524231000000,194.06698622131347,11,185.08699645996094,,1524749400000,193.50320610046387,mean reversion or trend exit,-8.333217387115376,1.067368424217224,1.0642676335525514,4
DECK,Consumer Discretionary,rsi2,1524254400000,1524490200000,14.92746007633209,110,13.975833320617676,,1524749400000,15.267362118721008,mean reversion or trend exit,35.72850944205302,0.821010304198265,0.8397049165296555,3
FIS,Financials,rsi2,1524600000000,1524663000000,94.84740305328368,22,91.40199737548828,,1524749400000,94.65264694976807,mean reversion or trend exit,-6.369134827377112,1.0433214335861205,1.0411791164474486,1
SBUX,Consumer Discretionary,rsi2,1524254400000,1524490200000,58.039003320693965,36,55.77200088500977,,1524835800000,58.04096469497681,mean reversion or trend exit,-2.0188299500997404,1.0447020597724914,1.0447373645095825,4
AME,Industrials,rsi2,1524600000000,1524663000000,71.33565305328369,29,68.47900085449218,,1525181400000,69.70512786483765,mean reversion or trend exit,-49.33032178824801,1.0343669692726134,1.010724354040146,4
TEL,Information Technology,rsi2,1524772800000,1524835800000,93.75685408401489,21,89.01000137329102,,1525181400000,91.3143206100464,mean reversion or trend exit,-53.23645028762605,0.9844469678821564,0.9588003664054872,2
NOC,Industrials,rsi2,1524686400000,1524749400000,335.16749999999996,4,314.243994140625,,1525204800000,314.0868721435547,stop,-85.62102017006826,0.6703349999999999,0.6281737442871094,4
TDY,Information Technology,rsi2,1525118400000,1525181400000,187.06348622131347,11,178.5909912109375,,1525204800000,178.50169571533203,stop,-96.19030406644734,1.028849174217224,0.9817593264343263,1
CBRE,Real Estate,rsi2,1524686400000,1524749400000,45.47272576332092,47,43.45699958801269,,1525267800000,45.98699332237244,mean reversion or trend exit,22.021271876907562,1.0686090554380416,1.0806943430757525,4
EW,Health Care,rsi2,1524686400000,1524749400000,43.19158316802978,38,40.49433135986328,,1525267800000,43.98133237838746,mean reversion or trend exit,28.354184598209788,0.8206400801925658,0.8356453151893617,4
IEX,Industrials,rsi2,1525118400000,1525181400000,133.72683366394043,15,127.2530014038086,,1525699800000,136.6616307296753,mean reversion or trend exit,41.99404250307092,1.0029512524795532,1.0249622304725647,4
TDY,Information Technology,rsi2,1525204800000,1525267800000,180.9704448852539,10,171.57098846435548,,1525699800000,193.04342938995362,mean reversion or trend exit,118.85977567562115,0.9048522244262694,0.9652171469497681,3
XYL,Industrials,rsi2,1525204800000,1525267800000,69.97497244262695,29,66.85000381469726,,1525786200000,69.715125,mean reversion or trend exit,-9.561082249099613,1.0146371004180907,1.0108693125,4
TPR,Consumer Discretionary,rsi2,1525204800000,1525267800000,47.0235,40,44.5419979095459,,1525786200000,45.39728816986084,mean reversion or trend exit,-66.89688896896344,0.94047,0.9079457633972169,4
LULU,Consumer Discretionary,rsi2,1525464000000,1525699800000,95.80788213729858,21,92.31299743652343,,1525872600000,98.14090744018556,mean reversion or trend exit,46.95706907006301,1.005982762441635,1.0304795281219483,2
TJX,Consumer Discretionary,rsi2,1525723200000,1525786200000,41.00549311065674,51,39.28600082397461,,1525959000000,41.674152194976806,mean reversion or trend exit,31.99328234502987,1.0456400743217469,1.0626908809719087,2
TGT,Consumer Staples,rsi2,1525723200000,1525786200000,69.34465255737304,30,66.3390022277832,,1526045400000,69.90503244018555,mean reversion or trend exit,14.722651209411987,1.0401697883605956,1.0485754866027832,3
HUM,Health Care,rsi2,1525809600000,1525872600000,278.8493464508056,7,267.50099487304686,,1526045400000,281.75904389953615,mean reversion or trend exit,18.405752774887485,0.9759727125778197,0.9861566536483766,2
DG,Consumer Staples,rsi2,1525464000000,1525699800000,95.61778469467163,22,91.66300201416016,,1526068800000,91.61717051315308,stop,-90.073096500694,1.051795631641388,1.007788875644684,5
DRI,Consumer Discretionary,rsi2,1526068800000,1526304600000,90.30513213729859,23,87.19900207519531,,1526328000000,87.15540257415772,stop,-74.48457610142168,1.0385090195789337,1.0022871296028137,1
SW,Materials,rsi2,1525204800000,1525267800000,41.72085076332092,50,40.639001083374026,,1526391000000,42.17890076255799,mean reversion or trend exit,20.805006173706477,1.043021269083023,1.0544725190639497,9
KKR,Financials,rsi2,1526328000000,1526391000000,21.740864542007444,85,20.547000122070312,,1526563800000,22.298844466209413,mean reversion or trend exit,45.556605924318205,0.9239867430353164,0.9477008898139001,2
CIEN,Information Technology,rsi2,1526328000000,1526391000000,25.162574618339537,68,23.678000450134277,,1526650200000,25.36730916118622,mean reversion or trend exit,12.203932865070593,0.8555275370235442,0.8624885114803315,3
PSA,Real Estate,rsi2,1526500800000,1526563800000,204.7223051147461,10,198.4050079345703,,1526909400000,203.99795610046388,mean reversion or trend exit,-9.287091448898162,1.0236115255737304,1.0199897805023195,2
PEG,Utilities,rsi2,1525896000000,1525959000000,50.885430610656734,41,48.89500007629395,,1526995800000,49.975,mean reversion or trend exit,-39.39529386444448,1.043151327518463,1.0244875,8
DPZ,Consumer Discretionary,rsi2,1526328000000,1526391000000,247.18352755737303,8,234.57599945068358,,1526995800000,249.11538549041748,mean reversion or trend exit,13.469667812164477,0.9887341102294921,0.9964615419616699,5
FERG,Industrials,rsi2,1526328000000,1526391000000,81.03310342025756,25,80.2270294189453,,1527082200000,83.49571447372438,mean reversion or trend exit,59.50866611299562,1.0129137927532195,1.0436964309215548,6
MTB,Financials,rsi2,1526673600000,1526909400000,182.44118110656737,11,174.96900024414063,,1527082200000,182.69859828948975,mean reversion or trend exit,0.823320225467882,1.0034264960861206,1.0048422905921937,2
CSCO,Information Technology,rsi2,1526587200000,1526650200000,43.48172908401489,48,41.428998184204104,,1527168600000,43.57819847488403,mean reversion or trend exit,2.5410925003054268,1.0435614980163572,1.0458767633972168,4
NTAP,Information Technology,rsi2,1526932800000,1526995800000,68.43420152664184,30,65.3689956665039,,1527168600000,63.968,stop gap,-135.9720788221548,1.0265130228996278,0.9595200000000002,2
GPN,Financials,rsi2,1527019200000,1527082200000,111.43568725204467,18,107.92499771118165,,1527255000000,112.76358969497682,mean reversion or trend exit,21.88445048025537,1.0029211852684021,1.0148723072547914,2
CIEN,Information Technology,rsi2,1527105600000,1527168600000,24.672329847335813,68,23.189999961853026,,1527255000000,24.747620228767396,mean reversion or trend exit,3.4394676347600788,0.8388592148094176,0.8414190877780915,1
HPE,Information Technology,rsi2,1527105600000,1527168600000,15.55777519083023,134,14.839999866485595,,1527600600000,15.422285305023195,mean reversion or trend exit,-20.231308751364814,1.0423709377856254,1.033293115436554,2
CPRT,Industrials,rsi2,1527192000000,1527255000000,13.256625,158,12.618749713897705,,1527600600000,13.533229961872102,mean reversion or trend exit,41.58718543380433,1.047273375,1.069125166987896,1
L,Financials,rsi2,1527192000000,1527255000000,49.954965305328365,42,48.806999588012694,,1527624000000,48.78259608821869,stop,-51.31299590787087,1.0490542714118956,1.0244345178525927,2
FITB,Financials,rsi2,1526932800000,1526995800000,31.135560839653014,53,29.20599994659424,,1527687000000,30.59469561004639,mean reversion or trend exit,-30.301708965068087,0.8250923622508048,0.8107594336662294,5
STZ,Consumer Staples,rsi2,1527019200000,1527082200000,215.50769389343262,9,208.91699676513673,,1527687000000,220.38975000000002,mean reversion or trend exit,41.97696646158619,0.9697846225204467,0.9917538750000001,4
ABBV,Health Care,rsi2,1527278400000,1527600600000,100.32013164138793,20,96.32700119018554,,1527773400000,100.8795353050232,mean reversion or trend exit,9.1760766032412,1.0032013164138793,1.008795353050232,2
TTWO,Communication Services,rsi2,1527710400000,1527773400000,110.94544438934325,13,103.29200057983398,,1527859800000,112.49372805023194,mean reversion or trend exit,18.675332970695674,0.7211453885307312,0.7312092323265076,1
NTRS,Financials,rsi2,1527624000000,1527687000000,103.35165305328368,20,98.25600128173828,,1528119000000,105.93700286483765,mean reversion or trend exit,49.61410967189815,1.0335165305328369,1.0593700286483765,3
ECL,Materials,rsi2,1527624000000,1527687000000,142.55123572540282,14,137.2699996948242,,1528119000000,144.20785877990724,mean reversion or trend exit,21.185409101524737,0.9978586500778197,1.0094550114593506,3
CSCO,Information Technology,rsi2,1527796800000,1527859800000,42.931454847335814,49,41.122998809814455,,1528119000000,43.47825,mean reversion or trend exit,24.675924711785502,1.0518206437597275,1.0652171250000002,1
FSLR,Information Technology,rsi2,1527883200000,1528119000000,66.12304133605957,22,61.59199829101563,,1528142400000,61.561202291870124,stop,-101.76498565207507,0.7273534546966552,0.6771732252105713,1
IBKR,Financials,rsi2,1527883200000,1528119000000,18.114052042007444,109,17.176748275756836,,1528142400000,17.16815990161896,stop,-105.02512385327236,0.9872158362894058,0.9356647146382334,1
ULTA,Consumer Discretionary,rsi2,1527883200000,1528119000000,245.93290255737304,7,231.7459930419922,,1528205400000,252.31378244018555,mean reversion or trend exit,42.9222957821961,0.8607651589508057,0.8830982385406494,1
IR,Industrials,rsi2,1527278400000,1527600600000,32.436208168029786,64,30.929201126098633,,1528378200000,32.96350954246521,mean reversion or trend exit,31.654496997131325,1.0379586613769531,1.0548323053588868,7
NEM,Materials,rsi2,1528142400000,1528205400000,38.33915969467163,53,36.95799942016602,,1528378200000,38.78059923744202,mean reversion or trend exit,21.35262215512963,1.0159877319087982,1.0276858797922135,2
HAL,Energy,rsi2,1527624000000,1527687000000,50.21509362602234,35,47.31099891662598,,1528464600000,48.84556393241883,mean reversion or trend exit,-49.66710078339559,0.8787641384553909,0.8547973688173295,7
IBKR,Financials,rsi2,1528142400000,1528205400000,17.636314284324644,96,16.59574966430664,,1528723800000,17.813588978767395,mean reversion or trend exit,15.31677530987568,0.846543085647583,0.8550522709808349,4
WYNN,Consumer Discretionary,rsi2,1528142400000,1528205400000,182.58125049591064,10,173.1290023803711,,1528810200000,182.00895610046388,mean reversion or trend exit,-7.545894987449483,0.9129062524795531,0.9100447805023193,5
NEE,Utilities,rsi2,1528315200000,1528378200000,39.06702436065674,53,37.81875114440918,,1528896600000,39.38779747009278,mean reversion or trend exit,14.921922021595245,1.0352761455574038,1.0437766329574585,4
PEG,Utilities,rsi2,1528315200000,1528378200000,50.75536454200744,40,49.4390007019043,,1528896600000,51.884044847488404,mean reversion or trend exit,43.09442403144858,1.0151072908401488,1.0376808969497682,4
PANW,Information Technology,rsi2,1528401600000,1528464600000,32.956468626022335,62,31.423332977294923,,1528896600000,34.64933460426331,mean reversion or trend exit,102.86191075080153,1.0216505274066925,1.0741293727321626,3
ON,Information Technology,rsi2,1528488000000,1528723800000,25.242614542007445,69,23.770000839233397,,1528983000000,25.487250000000003,mean reversion or trend exit,15.129666274787262,0.8708702016992569,0.879310125,3
FERG,Industrials,rsi2,1528747200000,1528810200000,79.79988213729858,26,78.82470245361328,,1529069400000,81.10942652511598,mean reversion or trend exit,31.956333070640923,1.0373984677848818,1.0544225448265077,3
ARES,Financials,rsi2,1528833600000,1528896600000,21.210600763320922,97,20.15750026702881,,1529328600000,20.53972423744202,mean reversion or trend exit,-67.09991377279059,1.0287141370210648,0.996176625515938,3
MPC,Energy,rsi2,1528833600000,1528896600000,75.64780561065673,21,70.85699996948242,,1529415000000,73.97299713516236,mean reversion or trend exit,-36.74199641421294,0.7943019589118957,0.7767164699192047,4
TSCO,Consumer Discretionary,rsi2,1529006400000,1529069400000,14.853422717571258,142,14.322400188446045,,1529415000000,15.00449408388138,mean reversion or trend exit,19.33222192313415,1.0545930129475594,1.065319079955578,2
PLD,Real Estate,rsi2,1528920000000,1528983000000,64.48222194671631,32,62.3610034942627,,1529501400000,63.57819561004639,mean reversion or trend exit,-30.977809454345483,1.031715551147461,1.0172511297607423,4
HST,Real Estate,rsi2,1528833600000,1528896600000,21.48073431301117,98,20.707999229431152,,1529587800000,21.399294847488406,mean reversion or trend exit,-10.08218905009526,1.0525559813375474,1.048565447526932,6
STLD,Materials,rsi2,1529092800000,1529328600000,46.443208168029784,45,44.24099845886231,,1529933400000,47.636169847488404,mean reversion or trend exit,51.56648957028872,1.04497218378067,1.0718138215684891,5
MAR,Consumer Discretionary,rsi2,1529697600000,1529933400000,131.53573622131347,15,127.91000061035156,,1530019800000,129.38527194976808,mean reversion or trend exit,-34.213871634463935,0.986518021659851,0.9703895396232606,1
DHR,Health Care,rsi2,1529438400000,1529501400000,88.93629162597655,23,86.18173675537109,,1530106200000,88.17397719955444,mean reversion or trend exit,-19.569999899202095,1.0227673536987303,1.014000737794876,5
WRB,Financials,rsi2,1529352000000,1529415000000,21.895385504722594,95,21.36918411254883,,1530129600000,21.358499520492558,stop,-53.05872804055113,1.0400308114743233,1.0145287272233965,7
TFC,Financials,rsi2,1529352000000,1529415000000,51.94595816802978,40,50.32699813842773,,1530192600000,50.77459923744202,mean reversion or trend exit,-48.90876837162003,1.0389191633605956,1.0154919847488404,7
EMR,Industrials,rsi2,1529524800000,1529587800000,70.10503469467163,29,68.03899765014648,,1530216000000,68.00497815132141,stop,-62.90423494342329,1.0165230030727388,0.9860721831941605,6
FERG,Industrials,rsi2,1530043200000,1530106200000,79.25961122131348,26,78.46273345947266,,1530538200000,79.28033969497682,mean reversion or trend exit,-1.5220790466649408,1.0303749458770752,1.0306444160346988,3
RJF,Financials,rsi2,1530129600000,1530192600000,60.75702882957458,34,58.441999435424805,,1530538200000,58.99049045753479,mean reversion or trend exit,-62.098012477233716,1.032869490102768,1.0028383377780914,2
SCHW,Financials,rsi2,1530216000000,1530279000000,52.256114542007445,35,49.40199775695801,,1530538200000,50.53472137260437,mean reversion or trend exit,-62.04760055761322,0.9144820044851304,0.8843576240205765,1
APTV,Consumer Discretionary,rsi2,1530129600000,1530192600000,92.90643061065673,22,89.81199798583984,,1530561600000,89.76709198684692,stop,-71.07485847238827,1.021970736717224,0.9874380118553162,3
SMCI,Information Technology,rsi2,1529956800000,1530019800000,2.4062024713754653,765,2.2731000900268556,,1530624600000,2.4587700381278994,mean reversion or trend exit,38.353336580727074,0.9203724453011155,0.9404795395839216,5
HCA,Health Care,rsi2,1530302400000,1530538200000,102.3411459159851,19,99.85999755859375,,1530797400000,103.96798664474488,mean reversion or trend exit,28.95003708710904,0.9722408862018584,0.9876958731250763,2
ADM,Consumer Staples,rsi2,1530561600000,1530624600000,45.382680610656735,45,43.89100036621094,,1530883800000,46.35681106758118,mean reversion or trend exit,41.771731998839535,1.0211103137397766,1.0430282490205764,2
LOW,Consumer Discretionary,rsi2,1530561600000,1530624600000,95.297625,21,92.01200103759766,,1530883800000,95.202375,mean reversion or trend exit,-4.000499999999852,1.0006250625,0.9996249375,2
DVA,Health Care,rsi2,1530302400000,1530538200000,69.31463877868651,29,66.81000137329102,,1531143000000,70.35480438995361,mean reversion or trend exit,28.139595800800592,1.0050622622909544,1.0201446636543274,4
HD,Consumer Discretionary,rsi2,1530648000000,1530797400000,194.58725049591064,10,188.19699249267578,,1531143000000,195.60214694976807,mean reversion or trend exit,8.198017551345925,0.9729362524795533,0.9780107347488404,2
PEG,Utilities,rsi2,1530907200000,1531143000000,53.34665969467163,38,51.86300048828125,,1531166400000,51.83706898803711,stop,-59.36293769708319,1.013586534198761,0.9849043107727051,1
ODFL,Industrials,rsi2,1530302400000,1530538200000,49.54809617042541,38,47.01399726867676,,1531229400000,50.79792207336426,mean reversion or trend exit,45.58680996504438,0.9414138272380829,0.965160519393921,5
CME,Financials,rsi2,1530820800000,1530883800000,160.1600418319702,12,154.84600372314452,,1531229400000,163.55817938995364,mean reversion or trend exit,38.83534136846964,0.9609602509918213,0.9813490763397218,2
DPZ,Consumer Discretionary,rsi2,1530820800000,1530883800000,279.08948721313476,7,265.45799255371094,,1531402200000,280.50966889953617,mean reversion or trend exit,7.982674758415496,0.9768132052459717,0.9817838411483766,4
PEG,Utilities,rsi2,1531166400000,1531229400000,51.195583168029785,40,49.808999633789064,,1531402200000,52.67365076255798,mean reversion or trend exit,57.04531910251619,1.0239116633605956,1.0534730152511598,2
AES,Utilities,rsi2,1531166400000,1531229400000,12.596295152664183,163,12.09600019454956,,1531402200000,13.053470419406892,mean reversion or trend exit,72.4291125849378,1.0265980549421307,1.0638578391816618,2
EW,Health Care,rsi2,1531339200000,1531402200000,48.614295152664184,42,46.38699951171875,,1531488600000,49.04213231658936,mean reversion or trend exit,15.918375908003064,1.0209001982059478,1.0298847786483767,1
UAL,Industrials,rsi2,1531339200000,1531402200000,69.56476377868653,25,65.5339958190918,,1531488600000,70.8945353050232,mean reversion or trend exit,31.488546919870412,0.8695595472335816,0.88618169131279,1
EXR,Real Estate,rsi2,1531425600000,1531488600000,98.92943725204468,21,95.57000427246093,,1531771200000,95.52221927032471,stop,-73.59332000960418,1.038759091146469,1.0029833023384094,2
DECK,Consumer Discretionary,rsi2,1531339200000,1531402200000,18.769380228996276,105,17.808500671386717,,1531834200000,18.792265426635744,mean reversion or trend exit,0.4309593552234534,0.9853924620223045,0.9865939348983765,3
KR,Consumer Staples,rsi2,1531339200000,1531402200000,28.064024236679074,60,26.366999435424805,,1531920600000,28.445769084930422,mean reversion or trend exit,21.209397095432575,0.8419207271003722,0.8533730725479127,4
PGR,Financials,rsi2,1531425600000,1531488600000,58.66931938934326,35,56.83499946594238,,1531920600000,59.53022137260437,mean reversion or trend exit,28.063077450804954,1.026713089313507,1.0417788740205765,3
EXR,Real Estate,rsi2,1531771200000,1531834200000,96.75835408401488,21,93.47399978637695,,1531944000000,93.42726278648377,stop,-71.94986622529369,1.0159627178821564,0.9809862592580796,2
UNP,Industrials,rsi2,1531771200000,1531834200000,138.43918011474608,15,133.5209945678711,,1532007000000,137.3113148803711,mean reversion or trend exit,-18.986107228088073,1.0382938508605954,1.0298348616027835,2
FRT,Real Estate,rsi2,1531339200000,1531402200000,125.12252755737303,16,120.51800155639648,,1532093400000,124.26783683013916,mean reversion or trend exit,-15.670174550842063,1.0009802204589844,0.9941426946411133,6
HRL,Consumer Staples,rsi2,1531944000000,1532007000000,36.40819438934326,57,35.23399887084961,,1532093400000,37.06146183013916,mean reversion or trend exit,35.1423589231111,1.0376335400962828,1.056251662158966,1
EFX,Industrials,rsi2,1531857600000,1531920600000,125.96295152664185,16,121.99699630737305,,1532352600000,126.39676908493043,mean reversion or trend exit,4.922203167724719,1.0077036122131349,1.0111741526794433,3
WBD,Communication Services,rsi2,1531857600000,1531920600000,26.453220534324643,64,24.889999198913575,,1532439000000,26.9065400762558,mean reversion or trend exit,27.30493834405555,0.8465030570983886,0.8610092824401857,4
AMGN,Health Care,rsi2,1532376000000,1532439000000,191.34562499999998,10,184.5,,1532525400000,191.52418511962892,mean reversion or trend exit,-0.1287478543087387,0.9567281249999999,0.9576209255981446,1
STX,Information Technology,rsi2,1532116800000,1532352600000,56.368170152664185,36,53.724999237060544,,1532611800000,56.511730915069585,mean reversion or trend exit,3.1363492273751943,1.0146270627479552,1.0172111564712525,3
EXR,Real Estate,rsi2,1531944000000,1532007000000,94.59727805328369,21,90.98400039672852,,1532698200000,94.93251335525514,mean reversion or trend exit,5.049878531610821,0.9932714195594788,0.996791390230179,6
CIEN,Information Technology,rsi2,1532030400000,1532093400000,26.053020915985105,79,24.957000541687012,,1532698200000,25.727129771232608,mean reversion or trend exit,-27.79071638759233,1.0290943261814116,1.016221625963688,5
SMCI,Information Technology,rsi2,1532548800000,1532611800000,2.296147576332092,867,2.17959988117218,,1532721600000,2.178510081231594,stop,-103.93147234668575,0.9953799743399621,0.9443841202138961,2
SW,Materials,rsi2,1532030400000,1532093400000,39.85992015266418,52,39.42900047302246,,1533130200000,41.35931106758118,mean reversion or trend exit,75.85662756395767,1.0363579239692688,1.0753420877571107,8
VST,Utilities,rsi2,1532462400000,1532525400000,22.531260457992552,85,21.35600128173828,,1533130200000,22.5687099237442,mean reversion or trend exit,1.2664558476663799,0.9575785694646834,0.9591701717591287,5
DPZ,Consumer Discretionary,rsi2,1532635200000,1532698200000,263.0014301147461,6,248.21599731445312,,1533130200000,263.36825,mean reversion or trend exit,0.6218102711791829,0.7890042903442382,0.79010475,3
LH,Health Care,rsi2,1532635200000,1532698200000,150.02343003845215,13,144.42611694335938,,1533130200000,150.74073877716066,mean reversion or trend exit,7.370046505909151,0.9751522952499391,0.9798148020515443,3
CME,Financials,rsi2,1533067200000,1533130200000,159.93993061065672,13,153.5449966430664,,1533562200000,161.5491898803711,mean reversion or trend exit,18.830691223095336,1.0396095489692687,1.0500697342224121,3
FIS,Financials,rsi2,1533067200000,1533130200000,103.32163164138794,20,100.34299545288086,,1533562200000,104.11791316986084,mean reversion or trend exit,13.851235121345576,1.0332163164138795,1.0411791316986085,3
TTWO,Communication Services,rsi2,1533067200000,1533130200000,112.39616633605957,16,106.30499725341797,,1533562200000,122.73860305023194,mean reversion or trend exit,163.59790927166776,0.8991693306884765,0.9819088244018556,3
SMCI,Information Technology,rsi2,1533067200000,1533130200000,2.211105038166046,802,2.0847999811172486,,1533562200000,2.0939525285959246,mean reversion or trend exit,-95.68264075950906,0.8866531203045845,0.8396749639669657,3
HD,Consumer Discretionary,rsi2,1532721600000,1532957400000,196.62826377868652,10,192.39300231933595,,1533735000000,197.34128244018555,mean reversion or trend exit,5.1603388838959905,0.9831413188934326,0.9867064122009277,7
ICE,Financials,rsi2,1533326400000,1533562200000,72.79638213729858,28,70.51799697875977,,1533735000000,73.70312786483765,mean reversion or trend exit,23.337887231064194,1.0191493499221802,1.0318437901077273,2
NUE,Materials,rsi2,1533326400000,1533562200000,64.29213213729858,32,61.93200149536133,,1533821400000,64.38778816986084,mean reversion or trend exit,1.0021143170777826,1.0286741141967772,1.0302046107177734,3
KKR,Financials,rsi2,1533326400000,1533562200000,26.953470534324644,77,25.957000923156738,,1533931200000,25.94402242269516,stop,-79.76405807431561,1.0377086155714987,0.9988448632737637,5
LIN,Materials,rsi2,1533672000000,1533735000000,157.48870866394043,13,150.56699829101564,,1534167000000,155.41226049041748,mean reversion or trend exit,-29.02768255530165,1.0236766063156129,1.0101796931877136,3
HST,Real Estate,rsi2,1533931200000,1534167000000,20.280135457992554,102,19.440000343322755,,1534253400000,20.089950381278992,mean reversion or trend exit,-21.457752202586107,1.0342869083576203,1.0245874694452286,1
EOG,Energy,rsi2,1533326400000,1533562200000,123.24159030532836,15,116.86000366210938,,1534339800000,121.40926622009277,mean reversion or trend exit,-29.319742702474414,0.9243119272899627,0.9105694966506958,7
EW,Health Care,rsi2,1533758400000,1533821400000,46.68666555976868,42,44.268999099731445,,1534426200000,46.18356551933289,mean reversion or trend exit,-23.080476550964303,0.9804199767551423,0.9698548759059906,5
CBRE,Real Estate,rsi2,1533931200000,1534167000000,46.88343061065674,44,45.392002487182616,,1534512600000,46.89653816986084,mean reversion or trend exit,-1.4864267081909233,1.0314354734344484,1.0317238397369386,4
TXT,Industrials,rsi2,1534190400000,1534253400000,65.53275,31,62.87099838256836,,1534512600000,66.26685305023194,mean reversion or trend exit,20.714300709911893,1.0157576249999998,1.0271362222785951,3
PLD,Real Estate,rsi2,1534276800000,1534339800000,64.05200664138793,32,62.17000274658203,,1534512600000,65.69713835525513,mean reversion or trend exit,50.568228523804144,1.024832106262207,1.0511542136840821,2
TDG,Industrials,rsi2,1533672000000,1533735000000,357.39861122131344,5,342.19301452636716,,1534858200000,356.23179866027834,mean reversion or trend exit,-7.618138829879486,0.8934965280532836,0.8905794966506959,9
NFLX,Communication Services,rsi2,1534449600000,1534512600000,31.91694956874847,57,30.167498779296874,,1534858200000,33.08344847488404,mean reversion or trend exit,64.6379263054837,0.9096330627093314,0.9428782815341951,2
MPC,Energy,rsi2,1534449600000,1534512600000,77.30863164138793,23,72.95300216674805,,1534858200000,78.99048377990724,mean reversion or trend exit,36.88515935859909,0.8890492638759613,0.9083905634689332,2
PSX,Energy,rsi2,1534363200000,1534426200000,115.82788164138793,17,111.05999755859375,,1534944600000,116.97148377990723,mean reversion or trend exit,17.46244174874707,0.9845369939517974,0.9942576121292115,4
NOW,Information Technology,rsi2,1534449600000,1534512600000,36.418201526641845,43,34.08619918823242,,1534944600000,36.27785343360901,mean reversion or trend exit,-7.5979331820572655,0.7829913328227996,0.7799738488225937,3
KLAC,Information Technology,rsi2,1534795200000,1534858200000,11.110552042007445,141,10.382800483703614,,1534944600000,11.29634904575348,mean reversion or trend exit,24.617691001503854,0.7832939189615248,0.7963926077256204,1
MSFT,Information Technology,rsi2,1534881600000,1534944600000,105.90292347335814,19,102.45100250244141,,1535031000000,107.09642652511597,mean reversion or trend exit,20.65306415841326,1.0060777729969024,1.0174160519886017,1
EVRG,Utilities,rsi2,1534968000000,1535031000000,56.93845484733581,37,55.20300064086914,,1535376600000,57.401285305023194,mean reversion or trend exit,15.009441741614477,1.0533614146757124,1.061923778142929,2
EXPE,Consumer Discretionary,rsi2,1534968000000,1535031000000,128.9444448852539,16,122.92500610351563,,1535376600000,130.2948206100464,mean reversion or trend exit,19.53209747271782,1.0315555590820311,1.0423585648803713,2
AEP,Utilities,rsi2,1534968000000,1535031000000,70.7353469467163,29,68.73199768066407,,1535376600000,71.46425,mean reversion or trend exit,19.076294389499964,1.0256625307273863,1.036231625,2
DIS,Communication Services,rsi2,1534795200000,1534858200000,112.306125,18,108.55699768066407,,1535463000000,112.51371469497681,mean reversion or trend exit,1.7132359523279306,1.010755125,1.0126234322547913,5
PSA,Real Estate,rsi2,1534968000000,1535031000000,211.10549999999998,9,202.17499694824218,,1535549400000,214.68259828948976,mean reversion or trend exit,30.27783816310534,0.9499747499999999,0.966071692302704,4
MNST,Consumer Staples,rsi2,1535140800000,1535376600000,15.26512844467163,139,14.567500019073487,,1535549400000,15.18240458059311,mean reversion or trend exit,-13.614720652170234,1.0609264269046783,1.0551771183512213,2
ZTS,Health Care,rsi2,1535400000000,1535463000000,89.55475713729858,23,86.07800064086913,,1535635800000,89.72511164474487,mean reversion or trend exit,1.8564351802711905,1.0298797070789338,1.031838783914566,2
EIX,Utilities,rsi2,1535140800000,1535376600000,68.00398622131347,31,65.1800033569336,,1535745600000,65.14741335525514,stop,-90.617605541245,1.0540617864303587,1.0097849070064546,5
LH,Health Care,rsi2,1535140800000,1535376600000,150.4188150100708,14,145.8599639892578,,1536091200000,145.78703400726317,stop,-66.91837498242813,1.0529317050704956,1.0205092380508423,6
KEY,Financials,rsi2,1535486400000,1535549400000,21.260624999999997,99,20.60900001525879,,1536154200000,21.249370228767397,mean reversion or trend exit,-3.21846711585144,1.0524009374999999,1.0518438263239862,4
FAST,Industrials,rsi2,1535486400000,1535549400000,14.699846364498137,144,14.111499881744384,,1536154200000,14.722634542465212,mean reversion or trend exit,1.1630790019573267,1.0583889382438658,1.0600296870574952,4
EIX,Utilities,rsi2,1535745600000,1536067800000,65.88292347335815,31,63.47200317382813,,1536154200000,66.75660591506958,mean reversion or trend exit,25.02824298753394,1.0211853138370512,1.0347273916835786,1
JBHT,Industrials,rsi2,1535572800000,1535635800000,120.99046530532836,17,117.45299987792968,,1536240600000,123.50821469497681,mean reversion or trend exit,40.72350084402119,1.0284189550952911,1.049819824907303,4
LYB,Materials,rsi2,1536091200000,1536154200000,110.55525,18,107.0320037841797,,1536586200000,109.53520133972168,mean reversion or trend exit,-20.34168994706726,0.99499725,0.9858168120574952,3
KKR,Financials,rsi2,1536177600000,1536240600000,25.442715305328367,83,24.49400043487549,,1536672600000,26.106940838813784,mean reversion or trend exit,52.99140854930777,1.055872685171127,1.083438044810772,3
TRGP,Energy,rsi2,1536091200000,1536154200000,54.43720484733581,38,52.18699836730957,,1536759000000,55.02247423744202,mean reversion or trend exit,20.160502921425024,1.0343068920993805,1.0454270105113983,5
WMB,Energy,rsi2,1536091200000,1536154200000,29.19459030532837,71,27.998001480102538,,1536845400000,28.3158349237442,mean reversion or trend exit,-64.43325218810793,1.036407955839157,1.0052121397929192,6
AES,Utilities,rsi2,1536091200000,1536154200000,13.196594580173493,158,12.645999526977539,,1536845400000,13.22338454246521,mean reversion or trend exit,2.1456356914028873,1.042530971833706,1.0446473788547517,6
BX,Financials,rsi2,1536350400000,1536586200000,35.437708168029786,59,34.00499954223633,,1536845400000,35.78209923744202,mean reversion or trend exit,18.218088776860284,1.0454123909568787,1.0555719275045397,3
MPWR,Information Technology,rsi2,1536782400000,1536845400000,140.8704030532837,14,134.87299346923828,,1536868800000,134.80555697250367,stop,-86.83757685110092,0.9860928213729859,0.9436388988075257,1
ACGL,Financials,rsi2,1536609600000,1536672600000,30.04501568698883,70,29.29500045776367,,1536931800000,30.38479961872101,mean reversion or trend exit,21.66983168555288,1.051575549044609,1.0634679866552355,3
VRTX,Health Care,rsi2,1536782400000,1536845400000,179.45968011474608,11,171.91399383544922,,1536931800000,180.41973950958254,mean reversion or trend exit,8.58131653526729,0.9870282406311035,0.992308567302704,1
PSX,Energy,rsi2,1536696000000,1536759000000,113.32663164138793,18,108.34099960327148,,1537191000000,113.59317652511598,mean reversion or trend exit,2.755529633606276,1.0199396847724915,1.0223385887260439,3
DD,Industrials,rsi2,1536868800000,1536931800000,123.7791361656189,16,118.87399520874024,,1537191000000,122.45904166793824,mean reversion or trend exit,-23.091417385558966,0.9902330893249511,0.9796723333435059,1
LITE,Information Technology,rsi2,1536868800000,1536931800000,60.48022576332092,21,55.75579986572266,,1537277400000,60.86955152511597,mean reversion or trend exit,6.901668336167604,0.6350423705148697,0.6391302910137178,2
DPZ,Consumer Discretionary,rsi2,1536955200000,1537191000000,279.0394438934326,7,268.69898681640626,,1537363800000,281.8489952392578,mean reversion or trend exit,17.70374988381227,0.976638053627014,0.9864714833374023,2
DG,Consumer Staples,rsi2,1537214400000,1537277400000,107.55375,19,103.59500045776367,,1537363800000,109.04544847488404,mean reversion or trend exit,26.28457863728548,1.021760625,1.0359317605113985,1
AZO,Consumer Discretionary,rsi2,1537300800000,1537363800000,739.3694999999999,2,703.4089965820312,,1537450200000,753.2731994018555,mean reversion or trend exit,26.31475610430944,0.7393694999999999,0.7532731994018556,1
MPWR,Information Technology,rsi2,1536868800000,1536931800000,137.24858267211914,13,129.3949966430664,,1537536600000,135.2923206100464,mean reversion or trend exit,-27.202922678279677,0.8921157873687744,0.8794000839653017,5
SYY,Consumer Staples,rsi2,1537300800000,1537363800000,73.06651377868651,28,71.32300415039063,,1537536600000,73.213375,mean reversion or trend exit,2.0641957538760005,1.0229311929016112,1.02498725,2
DECK,Consumer Discretionary,rsi2,1536955200000,1537191000000,18.95447219467163,99,17.92400016784668,,1537968600000,18.908873887062075,mean reversion or trend exit,-6.3884680843918265,0.9382463736362457,0.9359892574095727,7
EVRG,Utilities,rsi2,1537387200000,1537450200000,55.817895915985105,37,54.2729995727539,,1537992000000,54.24586307296753,stop,-60.201394732945865,1.0326310744457243,1.0035484668498993,5
SW,Materials,rsi2,1536782400000,1536845400000,40.90044106864929,51,40.19000091552734,,1538055000000,40.859561067581176,holding limit at next open,-4.169760108947876,1.042961247250557,1.04191880722332,10
SRE,Utilities,rsi2,1537473600000,1537536600000,57.278625,36,55.06400032043457,,1538055000000,55.56720372009278,mean reversion or trend exit,-63.64239099362162,1.03101525,1.00020966696167,4
LII,Industrials,rsi2,1537473600000,1537536600000,220.70029133605956,9,212.35999755859376,,1538141400000,216.08190744018555,mean reversion or trend exit,-43.53097495735927,0.9931513110122681,0.972368583480835,5
DTE,Utilities,rsi2,1537992000000,1538055000000,90.80282501220702,22,88.11574096679688,,1538400600000,92.50691554260254,mean reversion or trend exit,35.4735845225985,0.9988310751342773,1.017576070968628,2
EVRG,Utilities,rsi2,1537992000000,1538055000000,54.29713545799255,37,52.610998916625974,,1538400600000,54.932519084930426,mean reversion or trend exit,21.488445587657232,1.0044970059728622,1.016251603071213,2
ROP,Information Technology,rsi2,1538078400000,1538141400000,294.09698721313475,7,286.0699890136719,,1538487000000,298.28077767944336,mean reversion or trend exit,27.213211087036232,1.0293394552459718,1.0439827218780517,2
DLR,Real Estate,rsi2,1537905600000,1537968600000,113.73684030532836,18,110.19600448608398,,1538596800000,110.14090648384094,stop,-66.7417085078761,1.0236315627479553,0.9912681583545684,6
NDSN,Industrials,rsi2,1538164800000,1538400600000,139.70981938934327,14,133.37399597167968,,1538659800000,138.80056011962893,mean reversion or trend exit,-14.679202432563569,0.9779687357254029,0.9716039208374025,3
RSG,Industrials,rsi2,1537992000000,1538055000000,73.01649335861205,28,71.37399826049804,,1538683200000,71.33831126136779,stop,-49.010065987519006,1.0222309070205688,0.9987363576591491,6
SPGI,Financials,rsi2,1538164800000,1538400600000,185.99645516967772,11,178.9697296142578,,1538746200000,182.576589012146,mean reversion or trend exit,-39.64567947584889,1.0229805034332276,1.004171239566803,4
DRI,Consumer Discretionary,rsi2,1538424000000,1538487000000,109.37465969467162,18,104.5530014038086,,1539005400000,108.3757853050232,mean reversion or trend exit,-19.93949301866883,0.9843719372520446,0.9753820677452089,4
RSG,Industrials,rsi2,1538683200000,1538746200000,71.73584694671631,28,70.1839973449707,,1539005400000,72.18389122009278,mean reversion or trend exit,10.530363320205765,1.0043018572540283,1.0105744770812988,1
PANW,Information Technology,rsi2,1538596800000,1538659800000,36.985150508880615,49,34.94083023071289,,1539028800000,34.923359815597536,stop,-102.7895024738206,0.9061361874675751,0.8556223154821396,3
ILMN,Health Care,rsi2,1538769600000,1539005400000,320.2184093170166,6,305.8287811279297,,1539201600000,305.67586673736577,stop,-89.1329383060682,0.9606552279510499,0.9170276002120973,3
PANW,Information Technology,rsi2,1539028800000,1539091800000,35.33098826980591,57,33.64183349609375,,1539264600000,33.413285305023194,stop gap,-111.26828078949725,1.0069331656894682,0.952278631193161,2
DXCM,Health Care,rsi2,1538596800000,1538659800000,31.265625,47,29.12599983215332,,1539288000000,29.111436832237242,stop,-102.6657048379072,0.7347421875,0.6841187655575752,6
LOW,Consumer Discretionary,rsi2,1538769600000,1539005400000,109.57475664138794,18,105.98699798583985,,1539288000000,105.93400448684693,stop,-67.47311763189221,0.9861728097724914,0.9534060403816224,4
CASY,Consumer Staples,rsi2,1538683200000,1538746200000,124.20206938934325,16,118.80099716186524,,1539351000000,125.47723091506958,SPY below SMA200,18.405150009186016,0.993616555114746,1.0038178473205568,5
ALGN,Health Care,rsi2,1539201600000,1539264600000,312.4561377868652,4,290.7679840087891,,1539351000000,325.9669398803711,SPY below SMA200,52.76636221868914,0.6249122755737304,0.6519338797607422,1
GRMN,Consumer Discretionary,rsi2,1539201600000,1539264600000,64.60228469467162,30,62.39599761962891,,1539351000000,63.86805152511597,SPY below SMA200,-23.954050129966344,0.9690342704200744,0.9580207728767396,1
DPZ,Consumer Discretionary,rsi2,1539720000000,1539783000000,261.47066633605954,5,244.22701416015624,,1539955800000,265.7970276794434,SPY below SMA200,20.31363748188043,0.6536766658401488,0.6644925691986084,2
APA,Energy,rsi2,1539806400000,1539869400000,42.601291831970215,44,40.430998992919925,,1539955800000,42.02897423744202,SPY below SMA200,-27.043840012767596,0.9372284203033447,0.9246374332237245,1
AZO,Consumer Discretionary,rsi2,1539806400000,1539869400000,719.9498218688965,2,676.8470275878906,,1539955800000,732.0238196411133,SPY below SMA200,22.696021902923558,0.7199498218688966,0.7320238196411133,1
VST,Utilities,rsi2,1539806400000,1539869400000,23.25161977100372,82,22.090999031066893,,1539955800000,22.85856583881378,SPY below SMA200,-34.12094004957756,0.9533164106111526,0.9372011993913651,1
JKHY,Financials,rsi2,1541710800000,1541773800000,142.4511948852539,13,135.3070083618164,,1542119400000,142.22885305023195,SPY below SMA200,-4.740864166866013,0.9259327667541503,0.9244875448265077,2
CBOE,Financials,rsi2,1541797200000,1542033000000,108.51422908401489,15,102.22000198364258,,1542119400000,107.94600000000001,SPY below SMA200,-10.146887978353218,0.8138567181301116,0.8095950000000002,1
ALB,Materials,rsi2,1541797200000,1542033000000,102.31113213729857,15,96.33199768066406,,1542119400000,98.33080725479127,SPY below SMA200,-61.209687783050235,0.7673334910297394,0.7374810544109345,1
MCD,Consumer Discretionary,rsi2,1550005200000,1550068200000,174.087,11,168.2560012817383,,1550241000000,177.19135877990723,mean reversion or trend exit,32.21591560569019,0.9574785,0.9745524732894898,2
DOC,Real Estate,rsi2,1550005200000,1550068200000,30.245114542007446,64,29.371999549865723,,1550241000000,30.9045400762558,mean reversion or trend exit,40.246445244110156,0.9678436653442383,0.9889452824401855,2
SRE,Utilities,rsi2,1550005200000,1550068200000,56.813392347335814,34,55.4505012512207,,1550586600000,57.05645658493042,mean reversion or trend exit,6.328396646368189,0.9658276699047088,0.9699597619438172,3
FIS,Financials,rsi2,1550005200000,1550068200000,107.49372244262695,18,102.94000473022462,,1550586600000,108.84555152511598,mean reversion or trend exit,22.385870019092906,0.9674435019836425,0.9796099637260438,3
IRM,Real Estate,rsi2,1550005200000,1550068200000,35.777878320693965,54,34.68900032043457,,1550759400000,35.70214122009278,mean reversion or trend exit,-6.019763960065394,0.9660027146587371,0.963957812942505,5
PPL,Utilities,rsi2,1550178000000,1550241000000,30.635310839653012,63,29.58699951171875,,1550759400000,31.09444561004639,mean reversion or trend exit,26.981003206617178,0.96501229144907,0.9794750367164612,3
DUK,Utilities,rsi2,1550264400000,1550586600000,87.68381938934326,22,84.82700042724609,,1550759400000,88.27583969497681,mean reversion or trend exit,11.088890474010663,0.9645220132827758,0.9710342366447449,2
DPZ,Consumer Discretionary,rsi2,1550264400000,1550586600000,280.23004133605957,6,266.2019927978516,,1550759400000,261.349270980835,stop gap,-114.9093600682981,0.8406901240081788,0.784047812942505,2
SPG,Real Estate,rsi2,1550610000000,1550673000000,181.85087450408935,10,176.1259979248047,,1550845800000,182.5186956100464,mean reversion or trend exit,4.856363208999779,0.9092543725204467,0.9125934780502319,2
NRG,Utilities,rsi2,1550696400000,1550759400000,41.93095484733581,46,40.60500221252441,,1550845800000,42.62867652511597,mean reversion or trend exit,30.15032565632091,0.9644119614887238,0.9804595600776673,1
ALLE,Industrials,rsi2,1550696400000,1550759400000,87.51373622131347,22,84.57899856567383,,1551105000000,89.64515744018556,mean reversion or trend exit,44.942518984909526,0.9626510984344482,0.9860967318420412,2
GEN,Information Technology,rsi2,1550696400000,1550759400000,22.371180610656737,78,21.17199993133545,,1551191400000,22.588700381278993,mean reversion or trend exit,15.213106749850546,0.8724760438156127,0.8809593148698808,3
VEEV,Health Care,rsi2,1550782800000,1550845800000,117.38866683197021,14,110.54599685668946,,1551191400000,119.43025286483766,mean reversion or trend exit,26.924472022266542,0.8217206678237915,0.8360117700538635,2
CPT,Real Estate,rsi2,1550696400000,1550759400000,96.73834744262695,20,93.53000106811524,,1551277800000,97.12141316986084,mean reversion or trend exit,5.722716938553086,0.9673834744262695,0.9712141316986085,4
TSCO,Consumer Discretionary,rsi2,1551128400000,1551191400000,18.90144619846344,104,18.05119934082031,,1551450600000,19.164412786483766,mean reversion or trend exit,25.369100486896674,0.982875202320099,0.9965494648971558,3
EW,Health Care,rsi2,1550869200000,1551105000000,57.61212372779846,34,55.17000045776367,,1551709800000,58.12092652511597,mean reversion or trend exit,15.331833254495702,0.9794061033725738,0.9880557509269714,5
TKO,Communication Services,rsi2,1551128400000,1551191400000,84.86240969467163,19,79.89000244140625,,1551709800000,85.95700000000001,mean reversion or trend exit,19.174431409139864,0.8061928920993804,0.8165915000000001,4
SBAC,Real Estate,rsi2,1551214800000,1551277800000,180.85037450408936,10,175.19200439453124,,1551709800000,182.35877194976808,mean reversion or trend exit,13.267928724517958,0.9042518725204468,0.9117938597488404,3
WELL,Real Estate,rsi2,1550782800000,1550845800000,74.77736786270141,26,71.89500122070312,,1551796200000,74.45275286483765,mean reversion or trend exit,-10.379981513915816,0.9721057822151183,0.9678857872428895,7
UAL,Industrials,rsi2,1551733200000,1551796200000,84.68231938934326,23,80.7620002746582,,1552055400000,81.94900286483765,mean reversion or trend exit,-64.78254026955213,0.9738466729774475,0.9424135329456331,3
CDW,Information Technology,rsi2,1551387600000,1551450600000,94.297125,20,90.6349983215332,,1552078800000,90.58968082237244,stop,-75.99775161077474,0.9429712499999999,0.9058968082237244,6
VTR,Real Estate,rsi2,1551474000000,1551709800000,62.48122576332092,31,59.885001754760744,,1552311000000,62.08893893241883,SPY below SMA200,-14.091729310748885,0.9684589993314743,0.9623785534524918,5
PCAR,Industrials,rsi2,1551474000000,1551709800000,45.43604055976867,43,43.731333541870114,,1552311000000,44.90420292663575,SPY below SMA200,-24.811333459673396,0.9768748720350264,0.9654403629226685,5
LIN,Materials,rsi2,1551474000000,1551709800000,168.43418110656737,11,162.74100341796876,,1552311000000,169.3952557296753,SPY below SMA200,8.713758951588087,0.9263879960861205,0.9316739065132142,5
ARES,Financials,rsi2,1551992400000,1552055400000,22.29114068698883,78,21.077300834655762,,1552311000000,22.943522423744202,SPY below SMA200,49.121623605600526,0.8693544867925643,0.8947973745260239,1
PEG,Utilities,rsi2,1552334400000,1552397400000,58.819395915985105,33,57.291998291015624,,1552483800000,59.200384542465216,mean reversion or trend exit,10.625298296279226,0.9705200326137542,0.9768063449506761,1
TDY,Information Technology,rsi2,1552334400000,1552397400000,227.1135,8,220.50699462890626,,1552570200000,230.00493511962893,mean reversion or trend exit,21.303007216552984,0.908454,0.9200197404785158,2
TSCO,Consumer Discretionary,rsi2,1552334400000,1552397400000,17.882937549591063,109,17.139199256896973,,1552570200000,18.274858396530153,mean reversion or trend exit,40.74877243729723,0.974620096452713,0.9959797826108934,2
LLY,Health Care,rsi2,1552334400000,1552397400000,123.56174999999999,15,118.56400146484376,,1552915800000,123.92800286483765,mean reversion or trend exit,3.6376198260786503,0.9267131249999999,0.9294600214862824,4
NDSN,Industrials,rsi2,1552593600000,1552656600000,131.59576377868652,14,126.2399917602539,,1553002200000,133.11340267944337,mean reversion or trend exit,19.393980445388998,0.9211703464508056,0.9317938187561036,2
DG,Consumer Staples,rsi2,1552593600000,1552656600000,111.86590255737305,17,107.2869987487793,,1553002200000,117.30132061004639,mean reversion or trend exit,90.45418549852374,0.950860171737671,0.9970612251853943,2
LULU,Consumer Discretionary,rsi2,1552680000000,1552915800000,141.7208188934326,13,134.68300018310546,,1553002200000,144.58767366027834,mean reversion or trend exit,35.40810676739542,0.921185322807312,0.9398198787918092,1
BA,Industrials,rsi2,1552420800000,1552483800000,378.6192076721191,3,352.6459991455078,,1553175000000,373.85298854064945,mean reversion or trend exit,-15.427365688728115,0.5679288115081786,0.5607794828109742,6
HRL,Consumer Staples,rsi2,1552420800000,1552483800000,42.54126045799255,46,40.78099937438965,,1553261400000,43.12842652511597,mean reversion or trend exit,25.039236287065805,0.9784489905338287,0.9919538100776674,7
VTR,Real Estate,rsi2,1552939200000,1553002200000,61.48072576332092,32,59.39799842834473,,1553261400000,63.858054389953615,mean reversion or trend exit,74.06909556979389,0.9836916122131347,1.021728870239258,3
DOC,Real Estate,rsi2,1552939200000,1553002200000,30.455220534324646,65,29.404999351501466,,1553261400000,31.724129771232608,mean reversion or trend exit,80.45827151408695,0.989794667365551,1.03103421756506,3
BSX,Health Care,rsi2,1552939200000,1553002200000,38.139058931350704,52,36.57800102233887,,1553693400000,37.831073474884036,mean reversion or trend exit,-17.990467178828816,0.9916155322151183,0.9836079103469849,6
CASY,Consumer Staples,rsi2,1553198400000,1553261400000,126.08300664138794,16,120.76799926757812,,1553693400000,125.87703244018556,mean reversion or trend exit,-5.311267531890675,1.0086640531311035,1.0070162595214844,3
REGN,Health Care,rsi2,1553198400000,1553261400000,401.68075099182124,5,382.9829986572266,,1553693400000,404.86747232055666,mean reversion or trend exit,13.917236085396137,1.0042018774795531,1.0121686808013917,3
ARES,Financials,rsi2,1553284800000,1553520600000,23.071529465675354,82,21.891500663757324,,1553866200000,23.38829961872101,mean reversion or trend exit,24.07029955728355,0.9459327080926895,0.9589202843675614,4
FSLR,Information Technology,rsi2,1553630400000,1553693400000,51.005489542007446,31,47.81699829101562,,1553866200000,52.653660305023195,mean reversion or trend exit,49.486576830859235,0.7905850879011155,0.8161317347278596,2
EME,Industrials,rsi2,1553630400000,1553693400000,72.68632652664184,28,69.97400360107422,,1553866200000,73.80307633972168,mean reversion or trend exit,29.21814312610669,1.0176085713729857,1.0332430687561036,2
CIEN,Information Technology,rsi2,1553112000000,1553175000000,37.938958168029785,40,35.52699775695801,,1554125400000,37.60118893241882,mean reversion or trend exit,-15.021572366447508,0.7587791633605957,0.7520237786483766,7
ELV,Health Care,rsi2,1553630400000,1553693400000,288.9344035491943,5,271.91298828125,,1554211800000,289.28527767944337,mean reversion or trend exit,0.3088214481736731,0.7223360088729858,0.7232131941986084,4
GLW,Information Technology,rsi2,1553803200000,1553866200000,33.06652423667907,62,31.804999542236327,,1554211800000,33.99299332237244,mean reversion or trend exit,55.362238268658324,1.0250622513370513,1.0537827929935457,2
AJG,Financials,rsi2,1553803200000,1553866200000,77.59877755737304,26,74.98999710083008,,1554211800000,79.11042652511597,mean reversion or trend exit,37.26565350824379,1.0087841082458495,1.0284355448265077,2
GOOGL,Communication Services,rsi2,1553803200000,1553866200000,59.03850337028503,34,56.49789810180664,,1554211800000,59.972497377395634,mean reversion or trend exit,29.732609229050023,1.0036545572948454,1.0195324554157257,2
NRG,Utilities,rsi2,1554148800000,1554211800000,41.94095816802978,49,40.07299957275391,,1554471000000,42.308836830139164,mean reversion or trend exit,15.961934465904651,1.0275534751167297,1.0365665023384094,3
VZ,Communication Services,rsi2,1554235200000,1554298200000,58.80938877868652,35,56.71799926757812,,1554471000000,58.99049045753479,mean reversion or trend exit,4.277060873055639,1.0291643036270142,1.0323335830068587,2
CHTR,Communication Services,rsi2,1553889600000,1554125400000,349.984902557373,5,334.59600830078125,,1554730200000,350.35473377990724,mean reversion or trend exit,0.09830702182795237,0.8749622563934326,0.8758868344497681,5
AEP,Utilities,rsi2,1554148800000,1554211800000,83.26161122131347,24,80.69600067138671,,1554730200000,83.33830725479126,mean reversion or trend exit,-0.1584942182463508,0.9991393346557617,1.0000596870574952,4
CLX,Consumer Staples,rsi2,1554235200000,1554298200000,157.38865255737304,13,153.41800231933593,,1554730200000,152.38377671051026,stop gap,-67.0769067994573,1.0230262416229248,0.9904945486183167,3
AEE,Utilities,rsi2,1554408000000,1554471000000,71.77586786270142,28,69.61299667358398,,1554730200000,72.3238206100464,mean reversion or trend exit,13.32528128704095,1.0048621500778199,1.0125334885406496,1
HRL,Consumer Staples,rsi2,1554408000000,1554471000000,41.70084030532837,49,40.095001983642575,,1554816600000,42.27884923744202,mean reversion or trend exit,26.26493527977084,1.021670587480545,1.0358318063173295,2
COO,Health Care,rsi2,1554494400000,1554730200000,72.31864247131347,28,69.83625030517578,,1554989400000,73.24085758972168,mean reversion or trend exit,23.78419031457561,1.0124609945983885,1.0253720062561036,3
NOW,Information Technology,rsi2,1554494400000,1554730200000,47.30363877868652,41,44.9015998840332,,1554989400000,48.70363664054871,mean reversion or trend exit,55.431763190255445,0.9697245949630736,0.9984245511312486,3
ERIE,Financials,rsi2,1554494400000,1554730200000,174.44718061065672,11,168.03199462890626,,1555075800000,176.17186450958252,mean reversion or trend exit,17.043118140022525,0.9594594933586119,0.9689452548027039,4
CLX,Consumer Staples,rsi2,1554753600000,1554816600000,153.04648622131347,13,149.1060012817383,,1555075800000,155.44224427032472,mean reversion or trend exit,29.13967788895059,0.9948021604385376,1.0103745877571106,3
MRK,Health Care,rsi2,1554494400000,1554730200000,77.29053330230713,26,75.4217529296875,,1555358400000,75.38404205322266,stop,-51.55354195581805,1.0047769329299927,0.9799925466918945,6
PODD,Health Care,rsi2,1554926400000,1554989400000,93.92693725204467,18,88.28100128173828,,1555531200000,88.23686078109742,stop,-104.06085065934873,0.845342435268402,0.7941317470298769,5
INCY,Health Care,rsi2,1555358400000,1555421400000,78.56926377868652,22,73.98200073242188,,1555531200000,73.94500973205568,stop,-103.41124603449661,0.8642619015655517,0.8133951070526125,2
DRI,Consumer Discretionary,rsi2,1555012800000,1555075800000,116.55824999999999,17,112.09999618530273,,1555939800000,116.31181774520874,mean reversion or trend exit,-6.168743907285432,0.9907451249999999,0.9886504508342744,5
MRK,Health Care,rsi2,1555531200000,1555594200000,70.14955920410156,29,68.1717514038086,,1555939800000,69.77425374603271,mean reversion or trend exit,-12.912753571773635,1.0171686084594727,1.0117266793174744,1
FISV,Financials,rsi2,1554926400000,1554989400000,87.13354133605957,24,83.87300186157226,,1556026200000,85.71712213516236,mean reversion or trend exit,-36.06826878318769,1.0456024960327148,1.0286054656219483,7
EBAY,Consumer Discretionary,rsi2,1555012800000,1555075800000,36.60829515266418,57,35.109999084472655,,1556026200000,36.05196469497681,mean reversion or trend exit,-33.78165349383805,1.0433364118509292,1.027480993806839,6
ZBH,Health Care,rsi2,1555531200000,1555594200000,116.23284629058837,17,112.12912368774414,,1556112600000,120.4154930305481,mean reversion or trend exit,69.09348369508587,0.9879791934700012,1.023531690759659,3
INCY,Health Care,rsi2,1555617600000,1555939800000,73.99697908401488,21,69.39399795532226,,1556112600000,74.99248377990723,mean reversion or trend exit,19.341209253668175,0.7769682803821564,0.787421079689026,2
NRG,Utilities,rsi2,1555963200000,1556026200000,41.07052423667908,49,39.564999389648435,,1556112600000,41.37930152511597,mean reversion or trend exit,13.110066402243785,1.0062278437986374,1.0137928873653412,1
NI,Utilities,rsi2,1556049600000,1556112600000,27.353670152664183,75,26.581999397277833,,1556199000000,27.36630916118622,mean reversion or trend exit,-1.1040735851166543,1.0257626307249068,1.0262365935444833,1
CCI,Real Estate,rsi2,1555617600000,1555939800000,122.67130561065673,16,118.4249984741211,,1556544600000,123.938,mean reversion or trend exit,18.294235784607093,0.9813704448852538,0.991504,5
PG,Consumer Staples,rsi2,1556049600000,1556112600000,103.37165969467162,19,100.88500289916992,,1556544600000,105.51721469497681,mean reversion or trend exit,38.781100699097024,0.9820307670993805,1.0024135396022797,3
NTAP,Information Technology,rsi2,1556136000000,1556199000000,73.786875,27,70.62199935913085,,1556544600000,71.87404866027832,mean reversion or trend exit,-53.612733641899,0.9961228124999999,0.9702996569137573,2
WAT,Health Care,rsi2,1556049600000,1556112600000,211.08548572540283,8,198.80800018310546,,1556631000000,212.7535706100464,mean reversion or trend exit,11.649322851806815,0.8443419429016114,0.8510142824401856,4
TPL,Energy,rsi2,1556308800000,1556544600000,93.39778792190552,18,87.88788681030273,,1556654400000,87.84394286689758,stop,-101.60038656724215,0.8405800912971497,0.7905954858020782,2
GPC,Consumer Discretionary,rsi2,1555963200000,1556026200000,103.60177805328368,19,100.52200012207031,,1556740800000,100.47173912200928,stop,-61.40943810737886,0.9842168915061951,0.9544815216590883,7
INTC,Information Technology,rsi2,1556308800000,1556544600000,52.19608316802978,39,49.95199890136719,,1557149400000,50.224875000000004,mean reversion or trend exit,-78.87432723743784,1.0178236217765808,0.9793850625000001,5
HPE,Information Technology,rsi2,1556308800000,1556544600000,15.737864542007445,130,15.256200313568115,,1557149400000,15.582205152511598,mean reversion or trend exit,-22.27152516460386,1.022961195230484,1.012843334913254,5
NRG,Utilities,rsi2,1556913600000,1557149400000,39.35967015266418,50,38.13899879455566,,1557172800000,38.119929295158386,stop,-63.92403286148525,0.9839917538166045,0.9529982323789596,1
FIX,Industrials,rsi2,1556568000000,1556631000000,52.536253320693966,38,50.04300117492676,,1557235800000,51.83407061004639,mean reversion or trend exit,-28.66597915929199,0.9981888130931853,0.9848473415908814,5
AES,Utilities,rsi2,1556740800000,1556803800000,16.868430610656738,119,16.35999927520752,,1557259200000,16.35181927556992,stop,-63.45335374356183,1.003671621334076,0.9729332468964103,4
TPL,Energy,rsi2,1556654400000,1556717400000,88.9333299407959,16,82.82122116088867,,1557754200000,88.67786026382447,mean reversion or trend exit,-5.50840435317984,0.7114666395263672,0.7094228821105958,8
FTNT,Information Technology,rsi2,1557172800000,1557235800000,16.808399236679076,108,15.918800544738769,,1557754200000,16.14192461872101,mean reversion or trend exit,-73.75857622766273,0.9076535587806701,0.8716639294109345,4
OKE,Energy,rsi2,1557172800000,1557235800000,65.83290305328369,30,64.36100234985352,,1557754200000,67.09643225479127,mean reversion or trend exit,35.911936015606294,0.9874935457992554,1.006446483821869,4
ANET,Information Technology,rsi2,1557172800000,1557235800000,16.919080770492553,88,15.82308750152588,,1557777600000,15.815175957775118,stop,-98.58393081517802,0.7444395539016723,0.6958677421421051,5
PWR,Industrials,rsi2,1557259200000,1557322200000,37.90894438934326,51,36.46600074768067,,1557777600000,36.44776774730683,stop,-76.41610490334274,0.9666780819282532,0.9294180775563241,4
SMCI,Information Technology,rsi2,1557518400000,1557754200000,2.0050019484758375,966,1.9380000233650208,,1557777600000,1.9370310233533383,stop,-67.56391559372767,0.9684159411138296,0.9355859842796624,1
BAX,Health Care,rsi2,1557518400000,1557754200000,75.25761122131347,25,72.74100341796876,,1558013400000,75.99198377990723,mean reversion or trend exit,16.46869402732879,0.9407201402664184,0.9498997972488404,3
SMCI,Information Technology,rsi2,1557777600000,1557840600000,1.9859925143122672,911,1.8840001225471497,,1558013400000,2.037980534315109,mean reversion or trend exit,45.52816649893927,0.9046195902692378,0.9283001333805322,2
ORLY,Consumer Discretionary,rsi2,1557518400000,1557754200000,24.056022625923156,80,23.18666515350342,,1558099800000,23.41761806678772,mean reversion or trend exit,-52.971310358543185,0.9622409050369263,0.936704722671509,4
VST,Utilities,rsi2,1557777600000,1557840600000,24.562274236679077,75,23.338499069213867,,1558099800000,24.437775762557983,mean reversion or trend exit,-11.174887434053401,0.9210852838754654,0.9164165910959243,3
SWK,Industrials,rsi2,1557950400000,1558013400000,135.45769438934326,11,127.14299926757812,,1558099800000,137.13139694976806,mean reversion or trend exit,16.91148816230769,0.7450173191413879,0.7542226832237243,1
AVY,Materials,rsi2,1558036800000,1558099800000,102.07100664138794,18,98.49099960327149,,1558359000000,100.72960877990724,mean reversion or trend exit,-25.97036704544427,0.9186390597724915,0.9065664790191652,1
DUK,Utilities,rsi2,1558036800000,1558099800000,85.7428469467163,22,83.86099624633789,,1558359000000,87.26634255981446,mean reversion or trend exit,31.613802403587744,0.9431713164138793,0.959929768157959,1
WST,Health Care,rsi2,1557950400000,1558013400000,116.8884168319702,15,110.86100006103516,,1558445400000,118.18087786483765,mean reversion or trend exit,17.6238957827857,0.8766631262397765,0.8863565839862825,3
CBRE,Real Estate,rsi2,1558036800000,1558099800000,47.22360076332092,40,45.723999404907225,,1558618200000,46.95650954246521,mean reversion or trend exit,-12.567251040343889,0.9444720152664183,0.9391301908493043,4
CCI,Real Estate,rsi2,1558382400000,1558445400000,124.11202805328368,15,119.66499938964844,,1558618200000,126.38677194976808,mean reversion or trend exit,32.242417447243035,0.9308402103996276,0.9479007896232606,2
PWR,Industrials,rsi2,1557777600000,1557840600000,35.497739542007444,53,33.779001235961914,,1559050200000,35.28234923744202,mean reversion or trend exit,-13.291358494622916,0.9406900978631972,0.9349822547922135,9
EW,Health Care,rsi2,1558123200000,1558359000000,57.39535203552246,33,54.81066970825195,,1559309400000,56.23186832237244,mean reversion or trend exit,-40.269811669855756,0.9470233085861205,0.9278258273191453,8
KEYS,Information Technology,rsi2,1558382400000,1558445400000,75.50773622131348,14,69.12939910888672,,1559309400000,78.54071183013916,mean reversion or trend exit,41.38331938719935,0.5285541535491943,0.5497849828109742,7
DLTR,Consumer Staples,rsi2,1558641600000,1558704600000,98.17906225204467,18,93.09100112915038,,1559309400000,97.5212146949768,mean reversion or trend exit,-13.602558519744813,0.883611560268402,0.8776909322547913,4
TER,Information Technology,rsi2,1558728000000,1559050200000,41.90094106864929,34,39.170999145507814,,1559309400000,41.998990457534795,mean reversion or trend exit,1.907380386162092,0.712315998167038,0.7139828377780915,3
F,Consumer Discretionary,rsi2,1558555200000,1558618200000,9.854925381660461,194,9.449000358581543,,1559332800000,9.444275858402253,stop,-81.53803003237837,0.9559277620210648,0.9160947582650186,6
ITW,Industrials,rsi2,1559246400000,1559309400000,139.819875,13,134.1959976196289,,1559568600000,139.9000162200928,SPY below SMA200,-0.7763434317242234,0.9088291875,0.9093501054306032,1
HSIC,Health Care,rsi2,1559246400000,1559309400000,64.84240255737305,29,61.65299911499024,,1559568600000,64.19788835525513,SPY below SMA200,-20.561996079652733,0.9402148370819092,0.9308693811511994,1
CMCSA,Communication Services,rsi2,1559246400000,1559309400000,38.81039968299866,49,37.60918655395508,,1559568600000,38.43438266181946,SPY below SMA200,-20.317331205228573,0.9508547922334671,0.9416423752145769,1
CASY,Consumer Staples,rsi2,1559246400000,1559309400000,129.50472244262696,14,125.16000366210938,,1559568600000,129.10541316986084,SPY below SMA200,-7.4006007680130645,0.9065330570983887,0.9037378921890259,1
VICI,Real Estate,rsi2,1559678400000,1559741400000,21.93096007633209,86,21.13000030517578,,1559827800000,22.408790076255798,mean reversion or trend exit,39.18677073687746,0.9430312832822799,0.9635779732789993,1
KDP,Consumer Staples,rsi2,1559678400000,1559741400000,28.21410076332092,66,26.835999488830566,,1559827800000,28.36580916118622,mean reversion or trend exit,8.145617231601005,0.9310653251895905,0.9360717023191453,1
VTR,Real Estate,rsi2,1559678400000,1559741400000,62.61129183197021,30,60.01000328063965,,1559827800000,64.15790744018555,mean reversion or trend exit,44.496930257377876,0.9391693774795532,0.9623686116027833,1
NCLH,Consumer Discretionary,rsi2,1559764800000,1559827800000,52.076024236679075,35,49.42100067138672,,1559914200000,51.674150762557986,mean reversion or trend exit,-15.881199656724771,0.9113304241418838,0.9042976383447648,1
AMCR,Materials,rsi2,1559678400000,1559741400000,55.777874999999995,34,55.47999992370605,,1560283200000,55.4522599237442,stop,-12.961824886400636,0.9482238749999999,0.9426884187036515,5
ECHO,Communication Services,rsi2,1560196800000,1560259800000,35.001283246994014,47,33.034036827087405,,1560346200000,34.86100544929504,mean reversion or trend exit,-8.234820276214434,0.8225301563043593,0.8192336280584335,1
SMCI,Information Technology,rsi2,1559851200000,1559914200000,1.8309150429368017,711,1.6991000533103944,,1560519000000,1.7291350190639496,mean reversion or trend exit,-73.63119477063913,0.650890297764033,0.6147074992772341,5
D,Utilities,rsi2,1560283200000,1560346200000,74.2370969467163,25,71.30900421142579,,1560519000000,76.11192652511598,mean reversion or trend exit,44.99137666659384,0.9279637118339539,0.9513990815639497,2
NOC,Industrials,rsi2,1560283200000,1560346200000,301.35061221313475,6,286.9610076904297,,1560778200000,310.6945811004639,mean reversion or trend exit,54.22767774403405,0.9040518366394042,0.9320837433013917,3
LHX,Industrials,rsi2,1560283200000,1560346200000,188.86438927459716,10,180.9209991455078,,1560864600000,192.06392366027833,mean reversion or trend exit,30.09070229213738,0.9443219463729858,0.9603196183013917,4
TMUS,Communication Services,rsi2,1560456000000,1560519000000,74.70733316802978,23,70.77599563598633,,1560864600000,75.90203244018555,mean reversion or trend exit,25.74607555508831,0.8591343314323424,0.8728733730621339,2
NFLX,Communication Services,rsi2,1560542400000,1560778200000,34.286135507583616,40,31.965700149536133,,1560864600000,35.5392207069397,mean reversion or trend exit,48.72690084995297,0.6857227101516724,0.7107844141387941,1
MNST,Consumer Staples,rsi2,1560456000000,1560519000000,15.210101593494414,125,14.514999771118164,,1560951000000,15.487252385616303,mean reversion or trend exit,32.72526439154167,0.950631349593401,0.967953274101019,3
MKC,Consumer Staples,rsi2,1560888000000,1560951000000,76.85340994262695,25,74.1979995727539,,1561037400000,78.05095133972168,mean reversion or trend exit,28.00223041133875,0.9606676242828369,0.975636891746521,1
CBOE,Financials,rsi2,1560283200000,1560346200000,107.62378469467163,17,102.88099822998046,,1561123800000,107.3063206100464,mean reversion or trend exit,-7.223795333718993,0.9148021699047089,0.9121037251853944,7
NSC,Industrials,rsi2,1560801600000,1560864600000,192.41616732788086,9,182.26800231933595,,1561123800000,196.41173950958253,mean reversion or trend exit,34.21042405454649,0.8658727529754638,0.8838528277931214,3
UNP,Industrials,rsi2,1560801600000,1560864600000,166.00295816802978,11,158.47901458740233,,1561123800000,167.54618988037112,mean reversion or trend exit,15.141028521488517,0.9130162699241638,0.9215040443420413,3
USB,Financials,rsi2,1560801600000,1560864600000,51.58578137397766,37,49.92199859619141,,1561123800000,52.153910305023196,mean reversion or trend exit,19.101586152623298,0.9543369554185868,0.9648473406429291,3
RCL,Consumer Discretionary,rsi2,1561060800000,1561123800000,118.41918061065674,16,113.19699783325196,,1561383000000,114.53270133972168,mean reversion or trend exit,-64.0472833905639,0.947353444885254,0.9162616107177735,1
SYY,Consumer Staples,rsi2,1560974400000,1561037400000,71.2355969467163,27,68.52899703979492,,1561469400000,71.09443225479126,mean reversion or trend exit,-5.732902076196474,0.96168055878067,0.959774835439682,3
ARE,Real Estate,rsi2,1561147200000,1561383000000,146.06300049591064,13,140.8560012817383,,1561579200000,140.7855732810974,stop,-70.47106952212255,0.9494095032234192,0.9151062263271332,3
BR,Industrials,rsi2,1561147200000,1561383000000,129.42468061065674,15,124.61200256347657,,1561728600000,128.90551622009278,mean reversion or trend exit,-9.724942334689992,0.9706851045799256,0.9667913716506958,4
FICO,Information Technology,rsi2,1561406400000,1561469400000,300.15,6,286.8119873046875,,1561728600000,302.8485,mean reversion or trend exit,14.382004500000145,0.90045,0.9085455,3
HSIC,Health Care,rsi2,1561147200000,1561383000000,70.0750209159851,27,67.21699981689453,,1561987800000,70.24485877990723,mean reversion or trend exit,2.6913039500028573,0.9460127823657989,0.9483055935287477,5
PSA,Real Estate,rsi2,1561579200000,1561642200000,235.0774867172241,8,226.5189987182617,,1561987800000,239.25031011962892,mean reversion or trend exit,31.48527603189112,0.9403099468688965,0.9570012404785158,2
ORLY,Consumer Discretionary,rsi2,1561060800000,1561123800000,25.051187012672422,78,24.07406692504883,,1562074200000,24.946853753089908,mean reversion or trend exit,-10.087917837300836,0.9769962934942245,0.9729272963705065,7
FE,Utilities,rsi2,1561665600000,1561728600000,42.47122576332092,45,41.107998275756835,,1562160600000,43.61817938995362,mean reversion or trend exit,49.675901582522556,0.9556025796747208,0.9814090362739565,3
EXC,Utilities,rsi2,1561665600000,1561728600000,33.96133863830566,56,32.635518646240236,,1562160600000,34.84704682540894,mean reversion or trend exit,47.67302368479945,0.9509174818725585,0.9757173111114503,3
CCI,Real Estate,rsi2,1561752000000,1561987800000,130.90541633605957,14,126.15800476074219,,1562160600000,133.52320133972168,mean reversion or trend exit,34.797989727539026,0.916337914352417,0.9346624093780518,2
AMT,Real Estate,rsi2,1561752000000,1561987800000,205.1025,9,197.48299713134764,,1562160600000,206.30679866027833,mean reversion or trend exit,8.987346098533807,0.92296125,0.9283805939712525,2
ROST,Consumer Discretionary,rsi2,1562011200000,1562074200000,98.83939591598511,19,94.71100311279297,,1562333400000,98.8105706100464,mean reversion or trend exit,-2.425355494832794,0.9389742612018586,0.9387004207954408,2
SNA,Industrials,rsi2,1562356800000,1562592600000,161.19055561065673,12,155.10599365234376,,1562679000000,158.57066889953614,mean reversion or trend exit,-33.357207880508184,0.9671433336639405,0.9514240133972169,1
APTV,Consumer Discretionary,rsi2,1562616000000,1562679000000,76.26811835861206,25,73.0109962463379,,1562765400000,76.32182061004639,mean reversion or trend exit,-0.5648179512499655,0.9533514794826508,0.9540227576255799,1
SMCI,Information Technology,rsi2,1562184000000,1562333400000,1.8909449856877325,1010,1.7964999437332154,,1562851800000,1.9390300571918488,mean reversion or trend exit,46.631784822503306,0.9549272177723049,0.9792101788818837,4
DE,Industrials,rsi2,1562356800000,1562592600000,163.12151328277588,12,157.4020004272461,,1563197400000,166.81654389953613,mean reversion or trend exit,42.36073905802912,0.9787290796966553,1.000899263397217,5
GE,Industrials,rsi2,1562616000000,1562679000000,50.46466521835327,38,48.36604614257813,,1563197400000,51.06183957862854,mean reversion or trend exit,20.763622099317804,0.9588286391487121,0.9701749519939423,4
NWS,Communication Services,rsi2,1562616000000,1562679000000,13.686840305328369,142,13.188000011444093,,1563197400000,13.733129771232607,mean reversion or trend exit,4.626286282965918,0.9717656616783142,0.9750522137575152,4
AMCR,Materials,rsi2,1562702400000,1562765400000,55.17757652664184,35,52.49999847412109,,1563197400000,54.972500000000004,mean reversion or trend exit,-9.105304771680615,0.9656075892162322,0.96201875,3
QCOM,Information Technology,rsi2,1562788800000,1562851800000,74.55725664138794,24,70.64199981689453,,1563283800000,75.07244561004639,mean reversion or trend exit,10.56897882078558,0.8946870796966553,0.9008693473205567,3
VMC,Materials,rsi2,1563220800000,1563283800000,135.24758267211914,14,129.7560073852539,,1563370200000,137.82105438995362,mean reversion or trend exit,34.117123590248205,0.9467330787048339,0.9647473807296754,1
SJM,Consumer Staples,rsi2,1562961600000,1563197400000,114.32713164138794,17,109.84099578857422,,1563456600000,116.27183683013916,mean reversion or trend exit,31.09989697676291,0.9717806189517975,0.988310613056183,3
KDP,Consumer Staples,rsi2,1562961600000,1563197400000,28.834409694671628,68,27.480999374389647,,1563480000000,27.467258874702452,stop,-94.88051248926267,0.9803699296188354,0.9338868017398834,4
CRL,Health Care,rsi2,1562961600000,1563197400000,135.23758316802977,14,129.35099182128906,,1563543000000,137.82105438995362,mean reversion or trend exit,34.25718664402793,0.9466630821762084,0.9647473807296754,4
TMO,Health Care,rsi2,1562961600000,1563197400000,290.955402557373,6,281.45399475097656,,1563543000000,295.38223377990727,mean reversion or trend exit,24.80197442619364,0.8728662076721191,0.8861467013397218,4
FSLR,Information Technology,rsi2,1563307200000,1563370200000,64.61229183197021,30,61.469997787475585,,1563543000000,65.98698664474487,mean reversion or trend exit,39.28185520608918,0.9691843774795532,0.9898047996711731,2
REG,Real Estate,rsi2,1563393600000,1563456600000,66.46321530532836,29,63.86800079345703,,1563888600000,64.66764694976807,mean reversion or trend exit,-53.97287981394736,0.9637166219272613,0.937680880771637,3
KMI,Energy,rsi2,1563480000000,1563543000000,20.470229084014893,97,19.802000045776367,,1563888600000,20.77960591506958,mean reversion or trend exit,28.008935614849186,0.9928061105747223,1.0078108868808748,2
LMT,Industrials,rsi2,1563480000000,1563543000000,357.8188346557617,5,346.8509948730469,,1563975000000,358.02091220092774,mean reversion or trend exit,-0.7792116413114819,0.8945470866394043,0.8950522805023194,3
CCI,Real Estate,rsi2,1563480000000,1563543000000,127.59376377868652,15,121.97300338745117,,1563975000000,127.7960706100464,mean reversion or trend exit,1.1191787124826584,0.956953228340149,0.9584705295753481,3
KDP,Consumer Staples,rsi2,1563480000000,1563543000000,27.90394438934326,71,26.807999229431154,,1564061400000,27.63617461872101,mean reversion or trend exit,-20.9833279389659,0.9905900258216858,0.9810841989645959,4
T,Communication Services,rsi2,1563825600000,1563888600000,24.294617663383484,82,23.645014762878418,,1564061400000,25.349856115341186,mean reversion or trend exit,84.49412963560391,0.9960793241987228,1.0393441007289888,2
ESS,Real Estate,rsi2,1563825600000,1563888600000,292.61623622131344,6,282.29799499511716,,1564147800000,299.25029389953613,mean reversion or trend exit,38.02874647897359,0.8778487086639404,0.8977508816986084,3
TPL,Energy,rsi2,1563998400000,1564061400000,83.74184694671631,19,78.78477554321289,,1564493400000,81.63360888290406,mean reversion or trend exit,-41.62759004281418,0.7955475459938048,0.7755192843875885,3
DLTR,Consumer Staples,rsi2,1563912000000,1563975000000,105.37265969467163,18,101.54999694824218,,1564516800000,101.49922194976807,stop,-71.58372634306396,0.9483539372520446,0.9134929975479127,5
TT,Industrials,rsi2,1564084800000,1564147800000,95.19885890579224,21,92.00232696533203,,1564579800000,97.8408942527771,mean reversion or trend exit,53.45582487851728,0.9995880185108186,1.0273293896541595,3
D,Utilities,rsi2,1563912000000,1563975000000,75.69783366394043,26,73.35799942016601,,1564666200000,74.5726956100464,mean reversion or trend exit,-31.20710628180671,0.9840718376312255,0.9694450429306031,6
FTNT,Information Technology,rsi2,1564430400000,1564493400000,16.434213595390318,120,15.851599597930909,,1564689600000,15.843673798131944,stop,-72.80144891461629,0.9860528157234192,0.9506204278879167,3
NDAQ,Financials,rsi2,1563998400000,1564061400000,32.759703575134274,61,31.512001037597656,,1564752600000,32.55704707336426,mean reversion or trend exit,-14.354207502750123,0.9991709590415954,0.99298993573761,6
CME,Financials,rsi2,1564603200000,1564666200000,194.1470280532837,10,188.3260025024414,,1564752600000,201.07940267944338,mean reversion or trend exit,67.34761410793323,0.9707351402664185,1.0053970133972168,1
MTD,Health Care,rsi2,1564516800000,1564579800000,759.7896781311035,2,724.861962890625,,1564776000000,724.4995319091797,stop,-72.06458165388788,0.7597896781311035,0.7244995319091797,3
DECK,Consumer Discretionary,rsi2,1564516800000,1564579800000,25.95797219467163,60,24.352665901184082,,1564776000000,24.34048956823349,stop,-98.55791143917553,0.7787391658401489,0.7302146870470048,3
HII,Industrials,rsi2,1564689600000,1564752600000,214.91740255737304,9,205.3509948730469,,1564776000000,205.24831937561038,stop,-88.91249438456235,0.9671283115081787,0.9236174371902468,1
AMZN,Consumer Discretionary,rsi2,1564689600000,1564752600000,92.29962864303589,21,89.35229949951172,,1565011800000,88.46674608612061,stop gap,-82.38858062987701,0.9691461007518768,0.9289008339042664,1
CMI,Industrials,rsi2,1564689600000,1564752600000,158.67930610656737,12,152.03899536132812,,1565035200000,151.96297586364747,stop,-82.45981660686003,0.9520758366394042,0.9117778551818849,2
L,Financials,rsi2,1564776000000,1565011800000,52.68632984733581,36,51.2619987487793,,1565035200000,51.23636774940491,stop,-54.06924408225373,0.9483539372520446,0.9222546194892884,1
F,Consumer Discretionary,rsi2,1564776000000,1565011800000,9.184590305328369,208,8.85799961090088,,1565098200000,9.415290076255799,mean reversion or trend exit,46.051164793220664,0.9551973917541503,0.9791901679306031,1
APO,Financials,rsi2,1564776000000,1565011800000,31.415699618339538,43,29.26100082397461,,1565184600000,32.433775762557985,mean reversion or trend exit,42.40451048070395,0.6754375417943,0.6973261788949967,2
TGT,Consumer Staples,rsi2,1564776000000,1565011800000,81.34065305328369,23,77.89999694824219,,1565271000000,83.68813835525513,mean reversion or trend exit,52.094330844145055,0.9354175101127624,0.9624135910854341,3
SNPS,Information Technology,rsi2,1565035200000,1565098200000,125.93293774795532,15,119.84399642944337,,1565357400000,130.98447805023193,mean reversion or trend exit,73.84622391566269,0.9444970331096649,0.9823835853767395,3
L,Financials,rsi2,1565035200000,1565098200000,50.85541683197021,37,49.32000160217285,,1565357400000,51.42427576255798,mean reversion or trend exit,19.155606118748818,0.9408252113914489,0.9513491016073228,3
AZO,Consumer Discretionary,rsi2,1565035200000,1565098200000,1063.1212608032226,1,1022.7010620117187,,1565357400000,1086.5864398803712,mean reversion or trend exit,22.39032522680681,0.5315606304016113,0.5432932199401856,3
QCOM,Information Technology,rsi2,1565121600000,1565184600000,67.29363213729859,27,63.91899871826172,,1565357400000,70.47474713516236,mean reversion or trend exit,84.03023182214365,0.908464033853531,0.9514090863246919,2
MAR,Consumer Discretionary,rsi2,1565208000000,1565271000000,129.17455561065674,13,122.0589973449707,,1565616600000,131.13439694976807,mean reversion or trend exit,23.7859292168046,0.8396346114692688,0.8523735801734924,2
PYPL,Financials,rsi2,1565640000000,1565703000000,103.44169438934325,14,96.76150131225586,,1565789400000,104.11791316986084,mean reversion or trend exit,8.014145674331788,0.7240918607254028,0.728825392189026,1
IBM,Information Technology,rsi2,1565380800000,1565616600000,129.75892357635496,15,123.82313385009766,,1565875800000,125.38660852432251,mean reversion or trend exit,-67.4983172712418,0.9731919268226623,0.9403995639324189,3
GS,Financials,rsi2,1565640000000,1565703000000,201.61074950408934,9,191.9980010986328,,1565875800000,195.81204866027832,mean reversion or trend exit,-53.97671018603883,0.9072483727684021,0.8811542189712525,2
CF,Materials,rsi2,1565812800000,1565875800000,47.57377423667907,25,43.80600128173828,,1566221400000,48.53572137260437,mean reversion or trend exit,22.84730970301645,0.5946721779584885,0.6066965171575546,2
ZBH,Health Care,rsi2,1565812800000,1565875800000,130.64781079101562,13,123.71068267822265,,1566221400000,134.3308570022583,mean reversion or trend exit,46.15723940549878,0.8492107701416015,0.873150570514679,2
ALLE,Industrials,rsi2,1565640000000,1565703000000,96.65830561065674,20,92.52900085449218,,1566307800000,96.02196469497682,mean reversion or trend exit,-14.653621016654808,0.9665830561065674,0.9602196469497681,5
KIM,Real Estate,rsi2,1565812800000,1565875800000,18.449220534324645,104,17.611000061035156,,1566307800000,18.930530533790588,mean reversion or trend exit,48.11249288891602,0.9593594677848816,0.9843875877571107,3
DVA,Health Care,rsi2,1566244800000,1566307800000,57.18857984733581,34,54.47700080871582,,1566590400000,54.44976230831147,stop,-95.01764814347352,0.9722058574047089,0.925645959241295,4
FERG,Industrials,rsi2,1565380800000,1565616600000,72.63629847335815,27,71.50499801635742,,1566826200000,72.96350000000001,holding limit at next open,6.868843939939825,0.9805900293903351,0.9850072500000001,10
MKC,Consumer Staples,rsi2,1566331200000,1566394200000,80.57026377868652,24,76.84149703979492,,1566912600000,80.60467414474488,mean reversion or trend exit,-1.1082504696807098,0.9668431653442383,0.9672560897369386,4
COR,Health Care,rsi2,1566590400000,1566826200000,84.45220866394043,13,77.35499954223633,,1566912600000,85.89703244018555,mean reversion or trend exit,17.67543902400987,0.5489393563156127,0.5583307108612061,1
ADI,Information Technology,rsi2,1566590400000,1566826200000,105.62278469467162,11,97.25799713134765,,1566999000000,106.38678244018556,mean reversion or trend exit,7.237922581411549,0.5809253158206938,0.5851273034210206,2
HAS,Consumer Discretionary,rsi2,1566590400000,1566826200000,105.54274286270142,10,96.68899917602539,,1567085400000,109.42526335525513,mean reversion or trend exit,37.75036489444731,0.5277137143135071,0.5471263167762757,3
COO,Health Care,rsi2,1566504000000,1566567000000,82.54875344467163,23,79.08800201416015,,1567171800000,75.91452313995362,stop gap,-154.40962468923757,0.9493106646137238,0.8730170161094666,5
MRVL,Information Technology,rsi2,1566849600000,1566912600000,23.951970534324644,45,21.824000358581543,,1567171800000,24.087950381278993,mean reversion or trend exit,5.038194892344631,0.5389193370223045,0.5419788835787773,3
ITW,Industrials,rsi2,1566849600000,1566912600000,146.6933051147461,10,137.66800231933593,,1567171800000,149.61515744018556,mean reversion or trend exit,27.736980941619937,0.7334665255737305,0.7480757872009278,3
TDG,Industrials,rsi2,1566936000000,1566999000000,512.8363070983886,2,474.835009765625,,1567171800000,529.4751202392579,mean reversion or trend exit,32.235314854400904,0.5128363070983886,0.5294751202392579,2
ERIE,Financials,rsi2,1567022400000,1567085400000,212.02595816802977,5,195.74299163818358,,1567171800000,217.30129866027832,mean reversion or trend exit,25.303384319171958,0.5300648954200744,0.5432532466506959,1
FERG,Industrials,rsi2,1567108800000,1567171800000,71.00548622131348,27,70.44800109863282,,1567603800000,75.42226908493042,mean reversion or trend exit,117.27636262102322,0.9585740639877319,1.0182006326465607,2
EG,Financials,rsi2,1567195200000,1567517400000,237.26856889343262,8,225.67000274658204,,1567603800000,240.629625,mean reversion or trend exit,24.976856076965383,0.9490742755737305,0.9625185,1
NEE,Utilities,rsi2,1567195200000,1567517400000,54.72985063934326,35,53.12100067138672,,1567603800000,56.36930033493042,mean reversion or trend exit,55.43650420350082,0.9577723861885071,0.9864627558612824,1
LYV,Communication Services,rsi2,1567108800000,1567171800000,69.25461122131347,24,65.40800094604492,,1567690200000,70.9645,mean reversion or trend exit,39.35470135382104,0.8310553346557616,0.851574,3
CBOE,Financials,rsi2,1567108800000,1567171800000,120.13003469467162,13,113.20100402832031,,1567776600000,120.28982347488405,mean reversion or trend exit,0.5145250646593921,0.7808452255153655,0.7818838525867463,4
SW,Materials,rsi2,1567540800000,1567603800000,29.164574618339536,67,28.202998924255372,,1568035800000,31.774105915069583,mean reversion or trend exit,172.79715108304399,0.9770132497143744,1.0644325481548311,3
IQV,Health Care,rsi2,1567627200000,1567690200000,153.04648622131347,11,144.45800323486327,,1568035800000,154.82254389953613,mean reversion or trend exit,17.84335479478455,0.8417556742172241,0.8515239914474487,2
DXCM,Health Care,rsi2,1567800000000,1568035800000,40.03500688934326,40,37.5655014038086,,1568059200000,37.546718653106694,stop,-101.08316396031154,0.8007001377868652,0.750934373062134,1
CHD,Consumer Staples,rsi2,1567800000000,1568035800000,75.5777709159851,26,72.91600189208984,,1568059200000,72.8795438911438,stop,-72.08384773836653,0.9825110219078063,0.9474340705848694,1
TSN,Consumer Staples,rsi2,1567627200000,1567690200000,86.45320866394043,19,81.35299758911133,,1568145600000,81.31232109031677,stop,-99.27063643151494,0.821305482307434,0.7724670503580094,4
MSI,Information Technology,rsi2,1567713600000,1567776600000,174.36713877868652,11,167.04700622558593,,1568145600000,166.96348272247315,stop,-83.31753503660353,0.959019263282776,0.9182991549736024,3
CHD,Consumer Staples,rsi2,1568059200000,1568122200000,73.02649286270142,26,70.50299911499023,,1568232000000,70.46774761543274,stop,-68.3928015552013,0.9493444072151184,0.9160807190006257,2
COO,Health Care,rsi2,1567540800000,1567603800000,75.21759030532837,20,70.40475234985351,,1568381400000,75.96949594497681,mean reversion or trend exit,13.52624193046578,0.7521759030532837,0.7596949594497682,7
CBOE,Financials,rsi2,1568145600000,1568208600000,115.5077219467163,16,110.20300674438477,,1568404800000,110.14790524101258,stop,-87.56231230876138,0.9240617755737305,0.8811832419281007,3
DXCM,Health Care,rsi2,1568059200000,1568122200000,35.96797576332092,38,33.46049880981445,,1568640600000,36.35431512260437,mean reversion or trend exit,13.306772125938405,0.6833915395030975,0.690731987329483,4
BALL,Materials,rsi2,1568145600000,1568208600000,71.47572244262695,27,68.32499923706055,,1568813400000,74.9625,mean reversion or trend exit,92.16607804609714,0.9649222529754637,1.01199375,5
RSG,Industrials,rsi2,1568232000000,1568295000000,85.63279133605957,22,82.74799423217773,,1568813400000,85.68713835525513,mean reversion or trend exit,-0.6888848043021281,0.9419607046966553,0.9425585219078064,4
AMGN,Health Care,rsi2,1568318400000,1568381400000,194.50720866394042,10,185.00800018310548,,1568813400000,196.26182061004639,mean reversion or trend exit,15.592274314689739,0.9725360433197021,0.9813091030502319,3
CBOE,Financials,rsi2,1568404800000,1568640600000,111.77586122131348,16,105.93500061035157,,1568813400000,114.44275,mean reversion or trend exit,40.86047156921392,0.8942068897705079,0.9155420000000001,2
WELL,Real Estate,rsi2,1568404800000,1568640600000,86.14304847335815,22,81.93200073242187,,1568813400000,89.69512786483764,mean reversion or trend exit,76.21152667282874,0.9475735332069396,0.9866464065132141,2
EL,Consumer Staples,rsi2,1568750400000,1568813400000,191.5457219467163,10,182.41999206542968,,1568986200000,192.6736192703247,mean reversion or trend exit,9.35787652999888,0.9577286097335815,0.9633680963516236,2
FERG,Industrials,rsi2,1568750400000,1568813400000,75.13754847335815,26,73.44199905395507,,1569331800000,75.50223091506959,mean reversion or trend exit,7.523426352447811,0.976788130153656,0.9815290018959048,4
WSM,Consumer Discretionary,rsi2,1568836800000,1568899800000,32.69133673667908,43,30.465499114990234,,1569331800000,33.758114025115965,mean reversion or trend exit,44.442760211407624,0.7028637398386002,0.7257994515399933,3
COHR,Information Technology,rsi2,1569268800000,1569331800000,37.49873954200744,29,34.17899932861328,,1569418200000,36.491743322372436,mean reversion or trend exit,-30.275752370948688,0.5437317233591079,0.5291302781744004,1
SWKS,Information Technology,rsi2,1568923200000,1568986200000,79.88992347335815,20,75.19799880981445,,1569504600000,79.66014694976808,mean reversion or trend exit,-6.191031176032772,0.7988992347335816,0.7966014694976808,4
BDX,Health Care,rsi2,1569355200000,1569418200000,192.53370348358152,10,185.1771682739258,,1569504600000,195.3540258331299,mean reversion or trend exit,26.26378484890021,0.9626685174179077,0.9767701291656494,1
LOW,Consumer Discretionary,rsi2,1569268800000,1569331800000,111.31563213729858,17,106.06700210571289,,1569591000000,111.42426335525514,mean reversion or trend exit,-0.04655840642524223,0.9461828731670379,0.9471062385196687,3
WAT,Health Care,rsi2,1569441600000,1569504600000,220.61024999999998,8,210.70299682617187,,1569591000000,218.6106412200928,mean reversion or trend exit,-17.753753804137904,0.8824409999999999,0.8744425648803712,1
GPN,Financials,rsi2,1568750400000,1568813400000,164.332125,11,155.6310073852539,,1569614400000,155.55319188156128,stop,-98.32763354567446,0.9038266875,0.855542555348587,8
UPS,Industrials,rsi2,1568836800000,1568899800000,120.67030561065673,16,116.27300109863282,,1569850200000,119.25034255981446,mean reversion or trend exit,-24.63877399884009,0.9653624448852538,0.9540027404785156,7
MGM,Consumer Discretionary,rsi2,1569528000000,1569591000000,27.883935839653013,59,26.27300033569336,,1569850200000,27.38629961872101,mean reversion or trend exit,-30.991008981010125,0.8225761072697638,0.8078958387522698,1
UHS,Health Care,rsi2,1569528000000,1569591000000,147.34363927459717,13,140.0489990234375,,1569936600000,148.38577671051027,mean reversion or trend exit,11.625545462967168,0.9577336552848816,0.9645075486183168,2
HWM,Industrials,rsi2,1569614400000,1569850200000,20.025344658851623,97,19.363497161865233,,1569960000000,19.353815413284302,stop,-67.0482260835287,0.9712292159543038,0.9386600475442887,2
SW,Materials,rsi2,1569873600000,1569936600000,29.894939160346983,65,29.26299915313721,,1570109400000,28.545719466209412,stop gap,-89.59860152430515,0.971585522711277,0.927735882651806,2
EBAY,Consumer Discretionary,rsi2,1569441600000,1569504600000,39.10954515266418,50,37.534000396728516,,1570132800000,37.51523339653016,stop,-81.63120727043116,0.9777386288166046,0.9378808349132539,6
SYK,Health Care,rsi2,1569614400000,1569850200000,214.31711171722412,9,205.7740020751953,,1570195800000,213.8630162200928,mean reversion or trend exit,-6.0136700498999325,0.9644270027275086,0.9623835729904175,4
CPRT,Industrials,rsi2,1569614400000,1569850200000,19.93746352100372,97,19.026499366760255,,1570455000000,19.880054389953614,mean reversion or trend exit,-7.499835330541856,0.9669669807686805,0.9641826379127503,5
AIG,Financials,rsi2,1570132800000,1570195800000,53.21659362602234,35,51.14599838256836,,1570455000000,54.192891220092775,mean reversion or trend exit,32.290749807658315,0.9312903884553909,0.9483755963516236,1
FERG,Industrials,rsi2,1569960000000,1570023000000,73.98697194671631,26,72.80899658203126,,1570541400000,78.46075,mean reversion or trend exit,114.33640900006877,0.961830635307312,1.0199897500000001,4
JPM,Financials,rsi2,1570132800000,1570195800000,112.39616633605957,16,108.1780014038086,,1570541400000,113.00346755981445,mean reversion or trend exit,7.913622508911216,0.8991693306884765,0.9040277404785156,2
AZO,Consumer Discretionary,rsi2,1570046400000,1570109400000,1054.5870886230468,1,999.0949951171875,,1570714200000,1060.3695744018555,mean reversion or trend exit,4.7250074472962265,0.5272935443115234,0.5301847872009278,5
MCK,Health Care,rsi2,1570219200000,1570455000000,130.6452918319702,11,122.19098663330078,,1570714200000,131.98397805023194,mean reversion or trend exit,13.281087416526896,0.7185491050758362,0.7259118792762757,3
TSN,Consumer Staples,rsi2,1570478400000,1570541400000,81.0405,23,77.26400375366211,,1570714200000,81.85905152511597,mean reversion or trend exit,16.95334023512867,0.9319657499999999,0.9413790925388337,2
ECHO,Communication Services,rsi2,1570219200000,1570455000000,37.108545152664185,46,35.089339065551755,,1570800600000,36.91153530502319,mean reversion or trend exit,-10.764914842012423,0.8534965385112763,0.8489653120155334,4
STZ,Consumer Staples,rsi2,1570478400000,1570541400000,187.93391633605955,10,179.9590042114258,,1570800600000,193.5131956100464,mean reversion or trend exit,53.88555718013803,0.9396695816802978,0.967565978050232,3
FRT,Real Estate,rsi2,1570737600000,1570800600000,134.70731938934324,14,131.07299194335937,,1571059800000,136.09192366027833,mean reversion or trend exit,17.488865091743843,0.9429512357254027,0.9526434656219483,1
EG,Financials,rsi2,1570651200000,1570714200000,249.96491633605956,7,242.13699188232422,,1571146200000,251.34426622009278,mean reversion or trend exit,7.90086704928599,0.8748772071762084,0.8797049317703247,3
UDR,Real Estate,rsi2,1570824000000,1571059800000,48.21409362602233,40,46.788998413085935,,1571146200000,48.495740457534794,mean reversion or trend exit,9.331676578827295,0.9642818725204467,0.969914809150696,1
EVRG,Utilities,rsi2,1570651200000,1570714200000,63.541753320693964,30,62.09300155639649,,1571232600000,63.82807061004639,mean reversion or trend exit,6.678971321611646,0.9531262998104095,0.9574210591506958,4
CHD,Consumer Staples,rsi2,1570824000000,1571059800000,74.7373469467163,26,71.75500259399413,,1571405400000,73.59318225479126,mean reversion or trend exit,-31.67657886967068,0.9715855103073119,0.9567113693122864,4
EIX,Utilities,rsi2,1571169600000,1571232600000,69.93495152664184,27,66.92699966430663,,1571405400000,70.43476622009278,mean reversion or trend exit,11.600005533594558,0.944121845609665,0.9508693439712526,2
AEE,Utilities,rsi2,1570737600000,1570800600000,76.74835408401489,25,74.82699813842774,,1571664600000,76.37179866027833,mean reversion or trend exit,-11.327887502717717,0.9593544260501862,0.9546474832534791,6
MKC,Consumer Staples,rsi2,1571083200000,1571146200000,81.8659094467163,23,78.37149658203126,,1571751000000,81.39928244018554,mean reversion or trend exit,-12.609970856906786,0.9414579586372375,0.9360917480621338,5
EXR,Real Estate,rsi2,1571083200000,1571146200000,115.30762499999999,16,112.11699981689453,,1571751000000,115.692125,mean reversion or trend exit,4.3040020000002706,0.9224609999999999,0.925537,5
PSA,Real Estate,rsi2,1571342400000,1571405400000,240.64026427459714,8,234.18500671386718,,1571751000000,244.01792938995362,mean reversion or trend exit,25.082688148193625,0.9625610570983886,0.9760717175598145,2
CB,Financials,rsi2,1571342400000,1571405400000,153.48670866394042,12,148.22100372314452,,1571774400000,148.14689322128297,stop,-65.88758692320079,0.9209202519836426,0.8888813593276977,3
SBUX,Consumer Discretionary,rsi2,1571688000000,1571751000000,85.27261835861205,22,82.47599868774414,,1571860800000,82.43476068840027,stop,-64.2776499141762,0.9379988019447326,0.906782367572403,2
LMT,Industrials,rsi2,1571428800000,1571664600000,374.1970147705078,5,360.0480102539062,,1572010200000,374.1928148803711,mean reversion or trend exit,-1.891974024810716,0.9354925369262695,0.9354820372009277,4
CF,Materials,rsi2,1571688000000,1571751000000,46.51324667930603,35,43.86599884033203,,1572269400000,46.33682061004639,mean reversion or trend exit,-7.799788601651098,0.8139818168878555,0.8108943606758118,4
CME,Financials,rsi2,1571688000000,1571751000000,206.33311072540283,9,198.16900329589845,,1572292800000,198.0699187942505,stop,-76.18854101320946,0.9284989982643127,0.8913146345741273,5
HSY,Consumer Staples,rsi2,1571947200000,1572010200000,146.4431801147461,13,141.2719940185547,,1572292800000,141.20135802154542,stop,-70.01337670949476,0.9518806707458497,0.9178088271400452,2
SBUX,Consumer Discretionary,rsi2,1571860800000,1571923800000,82.84140305328368,23,79.82699737548828,,1572355800000,83.76809255981446,mean reversion or trend exit,19.39784945065726,0.9526761351127624,0.9633330644378664,3
VRSK,Industrials,rsi2,1571774400000,1571837400000,150.54523622131347,12,145.0550048828125,,1572442200000,146.09691316986084,mean reversion or trend exit,-55.159729513778636,0.9032714173278809,0.876581479019165,5
WELL,Real Estate,rsi2,1572033600000,1572269400000,87.90393061065673,21,85.17500076293945,,1572442200000,88.89553244018555,mean reversion or trend exit,18.96724405807134,0.9229912714118957,0.9334030906219483,2
HSY,Consumer Staples,rsi2,1572292800000,1572355800000,141.36063828277588,13,135.6139907836914,,1572528600000,146.3068148803711,mean reversion or trend exit,62.4304573231773,0.9188441488380432,0.9509942967224121,2
AMT,Real Estate,rsi2,1572292800000,1572355800000,211.11549950408934,9,202.2520004272461,,1572528600000,218.39075000000003,mean reversion or trend exit,63.544476340427735,0.950019747768402,0.9827583750000002,2
AIG,Financials,rsi2,1572379200000,1572442200000,52.216093626022335,36,50.10599822998047,,1572528600000,52.33382061004639,mean reversion or trend exit,2.3562729686166595,0.939889685268402,0.9420087709808349,1
TJX,Consumer Discretionary,rsi2,1572379200000,1572442200000,57.55876377868652,33,55.33499755859375,,1572528600000,58.460756677627565,mean reversion or trend exit,27.851443577525334,0.9497196023483276,0.9646024851808549,1
EFX,Industrials,rsi2,1572465600000,1572528600000,135.55775049591062,13,128.7489974975586,,1572615000000,137.44123950958252,mean reversion or trend exit,22.71086374269888,0.8811253782234191,0.8933680568122864,1
FAST,Industrials,rsi2,1572552000000,1572615000000,18.159074618339538,79,16.980999183654784,,1572877800000,18.6956474237442,mean reversion or trend exit,40.93349010630611,0.7172834474244117,0.7384780732378959,1
DLR,Real Estate,rsi2,1572465600000,1572528600000,129.2645969467163,14,124.50400009155274,,1572901200000,124.44174809150697,stop,-69.29582838819817,0.9048521786270141,0.8710922366405488,3
LYV,Communication Services,rsi2,1572638400000,1572877800000,66.19308366394043,29,63.00799560546875,,1572901200000,62.97649160766602,stop,-95.15412847339611,0.9597997131271362,0.9131591283111573,1
NKE,Consumer Discretionary,rsi2,1572292800000,1572355800000,90.89542347335815,21,87.62599716186523,,1572964200000,90.10492652511597,mean reversion or trend exit,-18.500939588069738,0.9544019464702606,0.9461017285137178,5
DLTR,Consumer Staples,rsi2,1572465600000,1572528600000,111.76585408401489,17,107.75400009155274,,1572964200000,111.78407633972168,mean reversion or trend exit,-1.5903960615863508,0.9500097597141265,0.9501646488876343,3
CSGP,Real Estate,rsi2,1572465600000,1572528600000,54.99248265266418,24,51.11820259094238,,1573050600000,55.11442729187012,mean reversion or trend exit,1.6053884216082073,0.6599097918319701,0.6613731275024415,4
LULU,Consumer Discretionary,rsi2,1572901200000,1572964200000,197.0985,9,188.1439987182617,,1573137000000,201.899,mean reversion or trend exit,41.40901124999999,0.8869432500000001,0.9085455,2
BKNG,Consumer Discretionary,rsi2,1572901200000,1572964200000,80.39977605056762,23,77.95107650756836,,1573137000000,77.64915953826905,stop gap,-65.08174254213891,0.9245974245815277,0.892965334690094,2
DLR,Real Estate,rsi2,1572901200000,1572964200000,123.78186122131346,15,118.97599639892579,,1573160400000,118.91650840072633,stop,-74.80053008097231,0.928363959159851,0.8918738130054474,3
P,Information Technology,rsi2,1573074000000,1573137000000,18.589289923667906,73,17.329900169372557,,1573223400000,18.89054961872101,mean reversion or trend exit,20.623943595579455,0.6785090822138785,0.6895050610833169,1
PG,Consumer Staples,rsi2,1572901200000,1572964200000,118.88941683197021,15,114.7599998474121,,1573482600000,119.42026335525513,mean reversion or trend exit,6.175375247869633,0.8916706262397766,0.8956519751644134,4
CCI,Real Estate,rsi2,1572987600000,1573050600000,132.22608366394041,14,126.39500274658204,,1573482600000,130.77457633972168,mean reversion or trend exit,-22.16210715908797,0.9255825856475829,0.9154220343780518,3
WELL,Real Estate,rsi2,1573246800000,1573482600000,83.15155561065673,22,79.03799819946289,,1573655400000,82.48873377990724,mean reversion or trend exit,-16.404123459785055,0.914667111717224,0.9073760715789796,2
VMC,Materials,rsi2,1573074000000,1573137000000,139.4396801147461,11,131.63699951171876,,1573741800000,138.55068511962892,mean reversion or trend exit,-11.307891955077965,0.7669182406311036,0.7620287681579592,5
ESS,Real Estate,rsi2,1573160400000,1573223400000,314.7672903442383,5,305.0039794921875,,1573741800000,313.74304389953613,mean reversion or trend exit,-6.692508059120224,0.7869182258605958,0.7843576097488404,4
ETR,Utilities,rsi2,1573160400000,1573223400000,57.32364566802978,32,55.664001083374025,,1573741800000,58.80558158493042,mean reversion or trend exit,45.56388170477308,0.9171783306884765,0.9408893053588868,4
FE,Utilities,rsi2,1573246800000,1573482600000,46.623298473358155,40,45.305000686645506,,1573741800000,46.9065353050232,mean reversion or trend exit,9.458876591034096,0.9324659694671631,0.938130706100464,3
CTAS,Industrials,rsi2,1573678800000,1573741800000,63.51423941802978,29,61.5585018157959,,1573828200000,64.58019680023193,mean reversion or trend exit,29.055394758697553,0.9209564715614319,0.936412853603363,1
TMUS,Communication Services,rsi2,1573592400000,1573655400000,77.66881225204467,24,74.43800048828125,,1574087400000,76.83156774520874,mean reversion or trend exit,-21.947872724029356,0.932025747024536,0.9219788129425049,3
PWR,Industrials,rsi2,1573678800000,1573741800000,42.09103469467163,44,40.5419979095459,,1574087400000,42.198891220092776,mean reversion or trend exit,2.891308748405709,0.9260027632827759,0.9283756068420411,2
GPC,Consumer Discretionary,rsi2,1573765200000,1573828200000,104.48221530532837,18,100.53899917602538,,1574087400000,104.68762786483765,mean reversion or trend exit,1.8148974826356206,0.9403399377479553,0.9421886507835389,1
RF,Financials,rsi2,1573678800000,1573741800000,16.35817538166046,115,15.678999423980713,,1574173800000,16.631679389953614,mean reversion or trend exit,29.55604430434507,0.9405950844454763,0.9563215649223329,3
AOS,Industrials,rsi2,1573851600000,1574087400000,50.495236221313476,37,48.65799980163574,,1574197200000,48.63367080173492,stop,-70.71180530433288,0.9341618700942993,0.8997229098320961,2
CINF,Financials,rsi2,1573851600000,1574087400000,106.88341683197021,17,102.73299636840821,,1574260200000,107.68612786483766,mean reversion or trend exit,11.822246428823776,0.9085090430717467,0.9153320868511201,2
MPC,Energy,rsi2,1574197200000,1574260200000,61.780874999999995,22,57.64400024414063,,1574433000000,63.31832347488404,mean reversion or trend exit,32.44777526422526,0.679589625,0.6965015582237245,2
APTV,Consumer Discretionary,rsi2,1573678800000,1573741800000,91.52574335861206,20,87.36200485229492,,1574692200000,92.45375,mean reversion or trend exit,16.720337894172644,0.9152574335861207,0.9245375,7
NXPI,Information Technology,rsi2,1574110800000,1574173800000,116.98846530532836,12,109.34199981689453,,1574692200000,116.40176908493042,mean reversion or trend exit,-8.440696051116829,0.7019307918319702,0.6984106145095825,4
PPG,Materials,rsi2,1574370000000,1574433000000,126.00297244262694,14,122.34500122070312,,1574778600000,127.98597805023194,mean reversion or trend exit,25.984155853019907,0.8820208070983886,0.8959018463516236,2
BMY,Health Care,rsi2,1574197200000,1574260200000,56.188079847335814,33,54.410000228881835,,1574865000000,56.91152862739563,mean reversion or trend exit,22.007666202140953,0.9271033174810409,0.939040222352028,5
SW,Materials,rsi2,1573851600000,1574087400000,35.00749667930603,54,34.426001930236815,,1575037800000,35.80208969497681,mean reversion or trend exit,40.996164014116346,0.9452024103412627,0.9666564217643738,8
KLAC,Information Technology,rsi2,1574456400000,1574692200000,16.04201739692688,81,14.895600509643554,,1575037800000,16.500746277809142,mean reversion or trend exit,35.839057422636415,0.6497017045755387,0.6682802242512703,3
APD,Materials,rsi2,1574715600000,1574778600000,234.3170969467163,8,226.331005859375,,1575297000000,235.882,mean reversion or trend exit,10.638428038482736,0.9372683877868653,0.943528,3
GD,Industrials,rsi2,1574802000000,1574865000000,182.53122244262696,10,177.43900604248046,,1575383400000,176.91150000000002,stop gap,-57.99443803848251,0.9126561122131348,0.8845575000000001,3
CME,Financials,rsi2,1574888400000,1575037800000,200.1,9,193.95199584960938,,1575469800000,202.57865267944337,mean reversion or trend exit,20.495820177932845,0.90045,0.9116039370574952,3
EVRG,Utilities,rsi2,1574888400000,1575037800000,63.63179847335815,30,61.59600067138672,,1575556200000,63.10842938995361,mean reversion or trend exit,-17.60217592008585,0.9544769771003724,0.9466264408493043,4
QCOM,Information Technology,rsi2,1574456400000,1574692200000,85.80288213729858,14,79.54099807739257,,1575642600000,83.40827194976806,mean reversion or trend exit,-34.70902070403671,0.60062017496109,0.5838579036483765,8
DG,Consumer Staples,rsi2,1575320400000,1575383400000,153.48670866394042,12,149.15399169921875,,1575642600000,155.83204866027833,mean reversion or trend exit,26.28816741210964,0.9209202519836426,0.93499229196167,3
JBHT,Industrials,rsi2,1575406800000,1575469800000,111.40567347335815,16,107.62299880981445,,1575642600000,114.11291316986085,mean reversion or trend exit,41.51168645089739,0.8912453877868652,0.9129033053588868,2
GE,Industrials,rsi2,1575493200000,1575556200000,54.30436792373657,33,51.55589065551758,,1575901800000,54.6984366607666,mean reversion or trend exit,11.205722046346768,0.8960220707416535,0.9025242049026491,2
GRMN,Consumer Discretionary,rsi2,1575579600000,1575642600000,96.16806274795532,19,92.81999893188477,,1575901800000,96.79157633972169,mean reversion or trend exit,10.013641672228067,0.9135965961055755,0.919519975227356,1
VLO,Energy,rsi2,1575061200000,1575297000000,95.88791633605956,19,91.72099838256835,,1576074600000,94.78258683013917,mean reversion or trend exit,-22.812630392566387,0.9109352051925659,0.9004345748863221,7
J,Industrials,rsi2,1575666000000,1575901800000,70.16914601898193,27,67.1439323425293,,1576074600000,72.33946829986573,mean reversion or trend exit,56.67483529055802,0.9472834712562561,0.9765828220481874,2
LUV,Industrials,rsi2,1575579600000,1575642600000,55.84790969467163,34,54.067999267578124,,1576098000000,54.04096526794434,stop,-63.304221383092376,0.9494144648094177,0.9186964095550537,4
SW,Materials,rsi2,1575666000000,1575901800000,35.127555610656735,54,34.87900085449219,,1576247400000,36.90153816986084,mean reversion or trend exit,93.85027266494781,0.9484440014877319,0.9963415305862428,4
TYL,Information Technology,rsi2,1575579600000,1575642600000,286.7833346557617,6,275.67999572753905,,1576506600000,285.67709732055664,mean reversion or trend exit,-8.354805307159177,0.860350003967285,0.8570312919616699,6
NOW,Information Technology,rsi2,1576011600000,1576074600000,53.22660076332092,35,50.76819915771485,,1576506600000,54.83856812858582,mean reversion or trend exit,54.52771732866323,0.931465513358116,0.959674942250252,3
EW,Health Care,rsi2,1576011600000,1576074600000,76.45820816802978,24,72.95933380126954,,1576506600000,77.65115744018556,mean reversion or trend exit,26.781470144439947,0.9174984980163574,0.9318138892822267,3
DXCM,Health Care,rsi2,1576184400000,1576247400000,50.52525,27,47.128750228881835,,1576593000000,53.28334637260437,mean reversion or trend exit,73.06718600928785,0.682090875,0.719325176030159,2
JKHY,Financials,rsi2,1576098000000,1576161000000,145.5227219467163,13,141.62298889160155,,1576679400000,147.54618511962892,mean reversion or trend exit,24.400073351932733,0.945897692653656,0.9590502032775879,4
VMRK,Real Estate,rsi2,1576270800000,1576506600000,81.23059744262694,24,78.51100158691406,,1576679400000,79.44026335525513,mean reversion or trend exit,-44.89606842649822,0.9747671693115233,0.9532831602630616,2
CASY,Consumer Staples,rsi2,1576270800000,1576506600000,153.92693110656737,12,146.33599853515625,,1576679400000,157.60115267944337,mean reversion or trend exit,42.22149037179602,0.9235615866394041,0.9456069160766603,2
HRL,Consumer Staples,rsi2,1576616400000,1576679400000,44.632305610656736,43,43.016000747680664,,1576852200000,45.017480915069584,mean reversion or trend exit,14.635067679449314,0.9595945706291199,0.9678758396739962,2
PLD,Real Estate,rsi2,1576270800000,1576506600000,89.11453469467163,21,85.97800140380859,,1577111400000,88.21587213516236,mean reversion or trend exit,-20.733883021408055,0.9357026142940522,0.9262666574192048,5
MAA,Real Estate,rsi2,1576616400000,1576679400000,128.57424950408935,15,123.81900253295899,,1577111400000,130.37478244018556,mean reversion or trend exit,25.065876301860992,0.9643068712806702,0.9778108683013917,3
CAH,Health Care,rsi2,1576616400000,1576679400000,51.26562167930603,38,49.54400062561035,,1577111400000,51.784096372604374,mean reversion or trend exit,17.744093702350792,0.9740468119068146,0.9838978310794831,3
STE,Health Care,rsi2,1576530000000,1576593000000,150.68530561065674,13,146.4499969482422,,1577197800000,151.5341956100464,mean reversion or trend exit,9.071143234130949,0.9794544864692688,0.9849722714653015,5
SCHW,Financials,rsi2,1576875600000,1577111400000,48.45421530532837,40,46.14499740600586,,1577197800000,48.785596372604374,mean reversion or trend exit,11.310446457481568,0.9690843061065674,0.9757119274520875,1
LEN,Consumer Discretionary,rsi2,1576789200000,1576852200000,53.48268348312378,36,51.26040687561035,,1577370600000,54.86123135185242,mean reversion or trend exit,47.677532807201416,0.962688302696228,0.9875021643333436,3
INCY,Health Care,rsi2,1576875600000,1577111400000,90.72534030532836,20,85.91000137329101,,1577370600000,91.15439694976807,mean reversion or trend exit,6.762335516243265,0.9072534030532836,0.9115439694976807,2
VMC,Materials,rsi2,1577134800000,1577197800000,140.97044389343262,14,135.76000366210937,,1577370600000,142.68861450958252,mean reversion or trend exit,22.06877521727756,0.9867931072540284,0.9988203015670777,1
HBAN,Financials,rsi2,1576875600000,1577111400000,15.197594580173492,130,14.659999752044678,,1577457000000,15.152419847488405,mean reversion or trend exit,-7.845466186859346,0.987843647711277,0.9849072900867464,3
GOOG,Communication Services,rsi2,1577221200000,1577370600000,67.34215644836425,29,65.75723304748536,,1577457000000,68.11542323684692,mean reversion or trend exit,20.46060196056194,0.9764612685012817,0.9876736369342803,1
GOOGL,Communication Services,rsi2,1577221200000,1577370600000,67.36116313934326,29,65.80024719238281,,1577457000000,68.16589694976807,mean reversion or trend exit,21.372138131027285,0.9767368655204773,0.988405505771637,1
AIZ,Financials,rsi2,1577134800000,1577197800000,128.37415255737304,15,124.65100173950195,,1577716200000,129.9250104904175,mean reversion or trend exit,21.32562527280839,0.9628061441802979,0.9744375786781312,3
MDT,Health Care,rsi2,1577394000000,1577457000000,112.95645152664184,17,109.66300201416016,,1577975400000,114.40276908493043,mean reversion or trend exit,22.654845115707563,0.9601298379764557,0.9724235372219087,3
NRG,Utilities,rsi2,1577394000000,1577457000000,39.269625,51,37.819000244140625,,1577975400000,39.81008683013916,mean reversion or trend exit,25.54702068542887,1.0013754375,1.0151572141685488,3
NTAP,Information Technology,rsi2,1577480400000,1577716200000,61.500736221313474,32,59.03300132751465,,1577975400000,61.939016220092775,mean reversion or trend exit,12.049923921875122,0.9840117795410156,0.9910242595214844,2
VLO,Energy,rsi2,1577480400000,1577716200000,93.05650713729858,21,89.66399688720703,,1578061800000,94.30282347488404,mean reversion or trend exit,24.205370117866636,0.977093324941635,0.9901796464862824,3
PSX,Energy,rsi2,1577480400000,1577716200000,110.55525,18,107.57199630737304,,1578061800000,111.19437500000001,mean reversion or trend exit,9.508503375000126,0.99499725,1.000749375,3
SCHW,Financials,rsi2,1577826000000,1577975400000,47.783878320693965,42,45.907000350952146,,1578061800000,47.416278627395634,mean reversion or trend exit,-17.43839041443978,1.0034614447345733,0.9957418511753083,1
HWM,Industrials,rsi2,1577826000000,1577975400000,23.71583911514282,85,22.90874328613281,,1578061800000,23.837768451690675,mean reversion or trend exit,8.342965284977183,1.0079231623935698,1.0131051591968538,1
MO,Consumer Staples,rsi2,1577998800000,1578061800000,49.19458316802978,40,47.85799903869629,,1578407400000,49.535221372604376,mean reversion or trend exit,11.650932092171146,0.9838916633605956,0.9907044274520875,2
ECHO,Communication Services,rsi2,1577826000000,1577975400000,43.78187832069397,35,41.00300216674805,,1578493800000,43.248365457534796,mean reversion or trend exit,-20.195979476690106,0.7661828706121445,0.756846395506859,4
HRL,Consumer Staples,rsi2,1577998800000,1578061800000,44.25211454200744,45,43.21900253295898,,1578493800000,44.48774332237244,mean reversion or trend exit,8.606648314476349,0.9956725771951674,1.00097422475338,3
AWK,Utilities,rsi2,1577998800000,1578061800000,120.50022244262695,16,116.69599609375,,1578580200000,120.42975286483765,mean reversion or trend exit,-3.054953047088461,0.9640017795410156,0.9634380229187013,4
KIM,Real Estate,rsi2,1577998800000,1578061800000,19.50975,103,18.922000122070312,,1578666600000,19.400294847488404,mean reversion or trend exit,-13.27774801834012,1.004752125,0.9991151846456529,5
AVY,Materials,rsi2,1578344400000,1578407400000,126.41317347335814,16,123.37699966430664,,1578666600000,129.03545610046388,mean reversion or trend exit,39.91293299710115,1.0113053877868652,1.032283648803711,3
WMT,Consumer Staples,rsi2,1578517200000,1578580200000,38.736025508880616,52,37.91600036621094,,1578666600000,39.06046183013916,mean reversion or trend exit,14.847980034629852,1.007136663230896,1.0155720075836183,1
ACN,Information Technology,rsi2,1578430800000,1578493800000,204.10199999999998,9,198.1649917602539,,1578925800000,207.3862604904175,mean reversion or trend exit,27.706647241550833,0.9184589999999998,0.9332381722068788,3
PKG,Materials,rsi2,1578430800000,1578493800000,104.98246530532836,19,101.54700012207032,,1578925800000,105.76708969497682,mean reversion or trend exit,12.905742630817777,0.9973334204006195,1.0047873521022799,3
URI,Industrials,rsi2,1578603600000,1578666600000,163.31161072540283,12,156.43399658203126,,1578949200000,156.35577958374026,stop,-85.38797804180572,0.979869664352417,0.9381346775024415,2
LYB,Materials,rsi2,1578690000000,1578925800000,89.44470152664184,22,86.15199813842773,,1579012200000,90.81457061004639,mean reversion or trend exit,28.154267841396578,0.9838917167930602,0.9989602767105102,1
ADM,Consumer Staples,rsi2,1578603600000,1578666600000,44.39218393135071,45,42.7320011138916,,1579098600000,44.327823474884035,mean reversion or trend exit,-4.8924207076405715,0.9988241384553909,0.9973760281848908,3
AVGO,Information Technology,rsi2,1578690000000,1578925800000,30.017001809120178,67,28.587800979614258,,1579098600000,30.71563539981842,mean reversion or trend exit,44.77390723028285,1.005569560605526,1.028973785893917,2
FERG,Industrials,rsi2,1578603600000,1578666600000,90.94545152664185,22,89.82700271606446,,1579185000000,93.953,mean reversion or trend exit,64.13218344708638,1.0003999667930603,1.033483,4
DPZ,Consumer Discretionary,rsi2,1578949200000,1579012200000,284.1720137786865,7,274.9909942626953,,1579185000000,289.16534255981446,mean reversion or trend exit,32.946620720710946,0.9946020482254028,1.0120786989593507,2
URI,Industrials,rsi2,1578949200000,1579012200000,156.34813927459717,12,150.67400360107422,,1579271400000,158.38077671051028,mean reversion or trend exit,22.503275735046582,0.938088835647583,0.9502846602630616,3
BSX,Health Care,rsi2,1579035600000,1579098600000,42.83140637397766,47,41.07000045776367,,1579617000000,44.157910305023194,mean reversion or trend exit,60.301435817183695,1.006538049788475,1.0377108921680451,3
MLM,Materials,rsi2,1579035600000,1579098600000,260.8603759918213,7,251.63299865722655,,1579617000000,265.6071202392578,mean reversion or trend exit,31.384573495246993,0.9130113159713745,0.9296249208374024,3
T,Communication Services,rsi2,1579122000000,1579185000000,28.707700329780575,71,28.051358795166017,,1579617000000,28.950775015830995,mean reversion or trend exit,15.211426834810613,1.0191233617072104,1.0277525130620004,2
BNY,Financials,rsi2,1579208400000,1579271400000,46.87342347335815,44,45.18200187683105,,1579617000000,46.28684637260437,mean reversion or trend exit,-27.85891836977744,1.0312153164138793,1.0183106201972962,1
USB,Financials,rsi2,1579122000000,1579185000000,54.777375,37,53.40100173950195,,1579703400000,54.52272423744202,mean reversion or trend exit,-11.44413005053791,1.0133814374999999,1.0086703983926775,3
MPC,Energy,rsi2,1579294800000,1579617000000,56.42820152664184,36,54.052999877929686,,1579703400000,56.46175667762757,mean reversion or trend exit,-0.8240338121906843,1.0157076274795531,1.0163116201972964,1
DXCM,Health Care,rsi2,1579294800000,1579617000000,57.70383673667907,28,54.20024871826172,,1579789800000,58.97799594497681,mean reversion or trend exit,34.04291217479351,0.807853714313507,0.8256919432296754,2
TPL,Energy,rsi2,1579294800000,1579617000000,88.04511444854735,21,83.32122650146485,,1579813200000,83.27956588821412,stop,-101.87542891053381,0.9244737017097472,0.8744354418262483,3
CDW,Information Technology,rsi2,1579294800000,1579617000000,136.20806938934325,15,132.35500946044922,,1579876200000,138.97047328948975,mean reversion or trend exit,39.37221943210618,1.0215605204200744,1.042278549671173,3
KMI,Energy,rsi2,1579640400000,1579703400000,21.000494771003723,98,20.373999977111815,,1579876200000,21.75911545753479,mean reversion or trend exit,72.24960637884621,1.0290242437791823,1.0661966574192048,2
NFLX,Communication Services,rsi2,1579726800000,1579789800000,32.62030209159851,61,30.99209861755371,,1579876200000,34.82857767105103,mean reversion or trend exit,132.64761951384278,0.9949192137937546,1.0622716189670565,1
BKNG,Consumer Discretionary,rsi2,1579640400000,1579703400000,80.21328911590575,25,77.35176315307618,,1580135400000,76.21827286148071,stop gap,-101.83080088534331,1.002666113948822,0.9527284107685089,3
VLO,Energy,rsi2,1579813200000,1579876200000,89.16456274795532,23,85.64800262451172,,1580158800000,85.60517862319946,stop,-83.87568689515287,1.025392471601486,0.9844595541667939,2
RVTY,Health Care,rsi2,1579813200000,1579876200000,99.93994438934325,21,96.54899749755859,,1580245200000,96.50072299880982,stop,-74.28627620877769,1.0493694160881042,1.013257591487503,3
KHC,Consumer Staples,rsi2,1579899600000,1580135400000,30.16507461833954,68,29.263700675964355,,1580308200000,30.094945610046388,mean reversion or trend exit,-6.81761325169937,1.0256125370235443,1.0232281507415772,2
ABBV,Health Care,rsi2,1579813200000,1579876200000,85.47271530532836,24,82.56699752807617,,1580418000000,82.52571402931214,stop,-72.74401177640505,1.0256725836639402,0.9903085683517456,5
FERG,Industrials,rsi2,1580158800000,1580221800000,89.64479847335815,22,88.5589988708496,,1580481000000,90.90452194976807,mean reversion or trend exit,25.727873956363787,0.9860927832069397,0.9999497414474489,3
NWSA,Communication Services,rsi2,1580245200000,1580308200000,13.516755228996276,150,12.992000389099122,,1580481000000,13.583205152511598,mean reversion or trend exit,7.934991498685139,1.0137566421747206,1.0187403864383697,2
TPL,Energy,rsi2,1579813200000,1579876200000,83.93082994079589,25,79.84178237915039,,1580504400000,79.80186148796082,stop,-105.27086996373615,1.0491353742599485,0.9975232685995103,6
NWS,Communication Services,rsi2,1580245200000,1580308200000,13.916954847335814,146,13.375000095367431,,1580740200000,14.062964694976808,mean reversion or trend exit,19.274903628996192,1.0159377038555144,1.026596422733307,3
MDT,Health Care,rsi2,1580504400000,1580740200000,116.0079719467163,17,111.92800216674804,,1580826600000,119.39027194976808,mean reversion or trend exit,55.498214978760174,0.9860677615470885,1.0148173115730286,1
ROST,Consumer Discretionary,rsi2,1580504400000,1580740200000,112.61627755737304,17,108.4770004272461,,1580826600000,115.72210877990723,mean reversion or trend exit,50.85825449921438,0.9572383592376709,0.9836379246292115,1
JBL,Information Technology,rsi2,1580418000000,1580481000000,39.67982984733581,51,38.22099914550781,,1580913000000,40.949516220092775,mean reversion or trend exit,62.697956685885785,1.0118356611070631,1.0442126636123659,3
BF-B,Consumer Staples,rsi2,1580418000000,1580481000000,68.65431274795532,29,66.75199966430664,,1580913000000,70.36480152511596,mean reversion or trend exit,47.58839738069927,0.9954875348453521,1.0202896221141815,3
SW,Materials,rsi2,1580763600000,1580826600000,35.677829847335815,57,35.248999786376956,,1580999400000,36.56171183013916,mean reversion or trend exit,48.32244608198263,1.0168181506490708,1.042008787158966,2
WY,Real Estate,rsi2,1580763600000,1580826600000,28.464225763320922,72,27.083999252319337,,1580999400000,29.065459923744204,mean reversion or trend exit,41.21779086574193,1.0247121274795532,1.0463565572547915,2
DHI,Consumer Discretionary,rsi2,1580850000000,1580913000000,57.51874667930603,36,55.01899681091309,,1580999400000,59.780096372604376,mean reversion or trend exit,79.2972097838062,1.0353374402275086,1.0760417347068787,1
ECHO,Communication Services,rsi2,1580418000000,1580481000000,40.32014923667907,50,38.74900093078613,,1581109200000,38.72962643032074,stop,-81.50238470959147,1.0080037309169767,0.9682406607580185,6
ES,Utilities,rsi2,1580936400000,1580999400000,90.86540969467163,23,88.1379997253418,,1581431400000,91.3842853050232,mean reversion or trend exit,9.838267545589654,1.0449522114887235,1.0509192810077668,3
TDG,Industrials,rsi2,1580936400000,1580999400000,626.5131122131347,3,597.6880187988281,,1581431400000,646.3066898803711,mean reversion or trend exit,57.47150329856887,0.9397696683197021,0.9694600348205566,3
NOC,Industrials,rsi2,1580850000000,1580913000000,362.7612765655517,5,347.16200561523436,,1581517800000,367.4261803588867,mean reversion or trend exit,21.499050324363836,0.9069031914138793,0.9185654508972169,5
AEP,Utilities,rsi2,1580936400000,1580999400000,102.03099335861205,20,99.7880027770996,,1581517800000,101.72910877990724,mean reversion or trend exit,-8.075292595481493,1.0203099335861205,1.0172910877990724,4
ECHO,Communication Services,rsi2,1581109200000,1581345000000,38.39919106864929,54,36.99899826049805,,1581517800000,39.8200801525116,mean reversion or trend exit,74.61609020559358,1.0367781588535308,1.0751421641178134,2
JBL,Information Technology,rsi2,1581368400000,1581431400000,38.669326526641846,49,36.615998077392575,,1581604200000,39.36031106758118,mean reversion or trend exit,31.946516384968838,0.9473984999027253,0.964327621155739,2
GS,Financials,rsi2,1581454800000,1581517800000,238.12899950408934,8,226.47900390625,,1581604200000,237.73108110046388,mean reversion or trend exit,-5.086787551421843,0.9525159980163573,0.9509243244018556,1
EFX,Industrials,rsi2,1581454800000,1581517800000,153.29661122131347,13,148.4279983520508,,1581690600000,162.91850000000002,mean reversion or trend exit,123.02915589998666,0.9964279729385376,1.05897025,2
PG,Consumer Staples,rsi2,1581454800000,1581517800000,123.74184030532837,17,121.01100463867188,,1582036200000,125.76708683013916,mean reversion or trend exit,32.30836504113207,1.051805642595291,1.069020238056183,3
CME,Financials,rsi2,1581541200000,1581604200000,207.8038469467163,10,200.2439971923828,,1582036200000,210.04491889953616,mean reversion or trend exit,20.32147569896725,1.0390192347335816,1.0502245944976807,2
TXT,Industrials,rsi2,1581627600000,1581690600000,48.08403137397766,37,45.3140007019043,,1582122600000,47.82607347488403,mean reversion or trend exit,-11.318779206168086,0.8895545804185867,0.8847823592853546,2
VTRS,Health Care,rsi2,1581541200000,1581604200000,22.101045152664184,77,20.754000091552733,,1582232400000,20.743623091506958,stop,-106.17101843650703,0.8508902383775712,0.7986294890230179,5
LLY,Health Care,rsi2,1581714000000,1582036200000,141.09051427459715,15,135.94098815917968,,1582295400000,141.2693263397217,mean reversion or trend exit,0.5644821722605915,1.0581788570594786,1.0595199475479127,3
MLM,Materials,rsi2,1581541200000,1581604200000,260.13,8,247.37899627685547,,1582554600000,244.9874456100464,stop gap,-123.160904902069,1.0405200000000001,0.9799497824401856,6
JNJ,Health Care,rsi2,1582232400000,1582295400000,148.16404133605957,14,144.92398986816406,,1582554600000,146.42675,mean reversion or trend exit,-26.3842142441864,1.0371482893524169,1.02498725,1
SW,Materials,rsi2,1582232400000,1582295400000,36.95846862602234,57,36.23199882507324,,1582641000000,34.58269847488403,stop gap,-137.45782187725922,1.0533163558416365,0.985606906534195,2
FOXA,Communication Services,rsi2,1582318800000,1582554600000,35.667826526641846,58,34.038601303100585,,1582641000000,34.79259637260437,mean reversion or trend exit,-52.80670119825166,1.0343669692726134,1.008985294805527,1
HII,Industrials,rsi2,1582059600000,1582122600000,239.39963877868652,7,225.17599487304688,,1582664400000,225.06340687561035,stop,-101.97924398132322,0.8378987357254029,0.7877219240646363,5
APD,Materials,rsi2,1582578000000,1582641000000,245.66276328277587,8,237.5269973754883,,1582664400000,237.40823387680055,stop,-67.96851923644086,0.9826510531311035,0.9496329355072022,1
MAS,Industrials,rsi2,1581714000000,1582036200000,45.45271530532837,47,43.311000442504884,,1582837200000,43.289344942283634,stop,-103.7638454789214,1.0681388096752167,1.0172996061436654,8
KMB,Consumer Staples,rsi2,1582318800000,1582554600000,140.8003607254028,14,137.41700439453126,,1582837200000,137.348295892334,stop,-50.2759482592876,0.9856025250778196,0.961438071246338,4
FTNT,Information Technology,rsi2,1582578000000,1582641000000,21.810899236679077,64,20.255599975585938,,1582837200000,20.245472175598145,stop,-101.53313579437253,0.6979487755737305,0.6478551096191406,3
SW,Materials,rsi2,1582664400000,1582727400000,34.617298473358154,58,33.657998657226564,,1582900200000,32.433775762557985,stop gap,-128.58879837925136,1.0039016557273865,0.9405794971141815,2
TDG,Industrials,rsi2,1582664400000,1582727400000,574.2869999999999,2,538.6040344238281,,1582900200000,530.4046479187012,stop gap,-88.86939581051605,0.5742869999999999,0.5304046479187012,2
FERG,Industrials,rsi2,1583182800000,1583245800000,86.19307652664185,22,83.51399993896484,,1583332200000,91.51421755981445,SPY below SMA200,115.11032249484637,0.9481238417930604,1.006656393157959,1
GDDY,Information Technology,rsi2,1583182800000,1583245800000,70.035,19,65.10960311889649,,1583332200000,68.29583683013917,SPY below SMA200,-34.3582431772421,0.6653325,0.6488104498863221,1
LLY,Health Care,rsi2,1590609600000,1590672600000,147.50370767211913,9,137.4199996948242,,1590759000000,151.58417366027834,mean reversion or trend exit,35.37829842743705,0.6637666845245361,0.6821287814712526,1
RMD,Health Care,rsi2,1590609600000,1590672600000,155.04748622131348,7,142.1560073852539,,1591018200000,160.0499398803711,mean reversion or trend exit,33.91433462204756,0.5426662017745972,0.560174789581299,2
WMT,Consumer Staples,rsi2,1590609600000,1590672600000,41.26062167930603,41,38.96400032043457,,1591018200000,41.12609414672852,mean reversion or trend exit,-7.204556510111525,0.8458427444257736,0.8430849300079346,2
INTU,Information Technology,rsi2,1590609600000,1590672600000,282.14099999999996,5,263.5649932861328,,1591018200000,288.96543035888675,mean reversion or trend exit,32.69438571853672,0.7053524999999999,0.7224135758972169,2
JKHY,Financials,rsi2,1590609600000,1590672600000,177.56873572540283,7,164.53599853515624,,1591104600000,182.22884732055664,mean reversion or trend exit,31.361489625415796,0.6214905750389099,0.6378009656219482,3
BMY,Health Care,rsi2,1590696000000,1590759000000,60.33014923667908,27,56.77300338745117,,1591104600000,60.259855915069586,mean reversion or trend exit,-3.5258847530048514,0.8144570146951676,0.8135080548534394,2
SJM,Consumer Staples,rsi2,1591300800000,1591363800000,109.05449999999999,15,102.70599975585938,,1591623000000,106.9465,mean reversion or trend exit,-33.24000749999985,0.81790875,0.80209875,1
DLR,Real Estate,rsi2,1591300800000,1591363800000,139.47970866394041,7,126.93700561523437,,1591623000000,141.34928816986084,mean reversion or trend exit,12.104155052524685,0.4881789803237915,0.49472250859451294,1
ABT,Health Care,rsi2,1591300800000,1591363800000,88.51423622131347,16,82.53999938964844,,1591709400000,92.27383969497681,mean reversion or trend exit,58.707350971283226,0.7081138897705077,0.7381907175598146,2
AKAM,Information Technology,rsi2,1591387200000,1591623000000,99.52974335861205,14,92.78000259399414,,1591709400000,103.20837213516236,mean reversion or trend exit,50.08163606324795,0.6967082035102844,0.7224586049461366,1
SBAC,Real Estate,rsi2,1591387200000,1591623000000,295.64775,5,276.72499084472656,,1591795800000,307.50617366027836,mean reversion or trend exit,57.784233492241256,0.739119375,0.768765434150696,2
TYL,Information Technology,rsi2,1591646400000,1591709400000,361.05043011474606,3,334.4410125732422,,1591882200000,360.069875,mean reversion or trend exit,-4.023345801910237,0.5415756451721191,0.5401048125,2
CASY,Consumer Staples,rsi2,1591732800000,1591795800000,161.25058316802978,9,150.65400238037108,,1591882200000,153.39326622009278,mean reversion or trend exit,-72.1317498536795,0.725627624256134,0.6902696979904175,1
INCY,Health Care,rsi2,1591300800000,1591363800000,93.21658316802979,16,87.30500259399415,,1591968600000,92.30382347488404,SPY below SMA200,-16.088318343475226,0.7457326653442383,0.7384305877990723,5
WMT,Consumer Staples,rsi2,1591300800000,1591363800000,40.87709489822387,48,39.047668075561525,,1591968600000,40.149913169860845,SPY below SMA200,-36.849371155059394,0.981050277557373,0.9635979160766603,5
BAX,Health Care,rsi2,1591732800000,1591795800000,87.46370816802978,19,82.53500137329101,,1591968600000,85.27733969497682,SPY below SMA200,-43.18204094270491,0.8309052275962829,0.8101347271022797,2
TSCO,Consumer Discretionary,rsi2,1591992000000,1592227800000,23.345666633605955,84,22.20800075531006,,1592314200000,24.567709923744204,mean reversion or trend exit,100.63927455620419,0.9805179986114502,1.0318438167972566,1
DGX,Health Care,rsi2,1591992000000,1592227800000,109.05449999999999,15,102.74199829101562,,1592400600000,114.78257633972169,mean reversion or trend exit,84.24236702327752,0.81790875,0.8608693225479126,2
FAST,Industrials,rsi2,1591992000000,1592227800000,19.82990969467163,99,18.922501182556154,,1592400600000,21.009490457534792,mean reversion or trend exit,114.75694521591869,0.9815805298862457,1.0399697776479724,2
HRL,Consumer Staples,rsi2,1591992000000,1592227800000,46.42320152664184,42,44.26299705505371,,1592400600000,48.00598377990723,mean reversion or trend exit,64.49384174570896,0.9748872320594786,1.0081256593780519,2
NDSN,Industrials,rsi2,1591992000000,1592227800000,182.6712918319702,9,172.52599639892577,,1592400600000,194.25283110046388,mean reversion or trend exit,102.53769486324721,0.8220208132438659,0.8741377399520875,2
IFF,Materials,rsi2,1592596800000,1592832600000,125.02247908401489,13,117.41199951171875,,1592919000000,126.65664122009278,mean reversion or trend exit,19.608193487035873,0.8126461140460968,0.8232681679306031,1
DGX,Health Care,rsi2,1592596800000,1592832600000,108.76435408401488,12,100.63999862670899,,1593091800000,104.33780438995362,mean reversion or trend exit,-54.397209279578995,0.6525861245040893,0.6260268263397217,3
LDOS,Industrials,rsi2,1592596800000,1592832600000,96.33814591598511,16,90.36699752807617,,1593091800000,92.55369847488404,mean reversion or trend exit,-62.062293812743995,0.7707051673278809,0.7404295877990724,3
AWK,Utilities,rsi2,1592596800000,1592832600000,126.3931668319702,13,119.08000106811524,,1593091800000,124.33780152511598,mean reversion or trend exit,-28.349500283426018,0.8215555844078064,0.8081957099132538,3
NEE,Utilities,rsi2,1592596800000,1592832600000,60.83039923667907,24,56.74475364685058,,1593178200000,59.5951875,mean reversion or trend exit,-31.090188721137814,0.7299647908401489,0.71514225,4
CRL,Health Care,rsi2,1592856000000,1592919000000,177.43868110656737,7,162.95800323486327,,1593437400000,170.32479866027833,SPY below SMA200,-51.01434930320724,0.6210353838729858,0.5961367953109742,4
NDSN,Industrials,rsi2,1593028800000,1593091800000,185.08250049591064,7,171.2340057373047,,1593437400000,181.93898377990723,SPY below SMA200,-23.289192206989192,0.6477887517356873,0.6367864432296754,2
CL,Consumer Staples,rsi2,1593028800000,1593091800000,72.14605561065673,28,69.12099685668946,,1593437400000,71.85405438995362,SPY below SMA200,-10.192035719695722,1.0100447785491942,1.0059567614593508,2
GIS,Consumer Staples,rsi2,1593028800000,1593091800000,60.3201459159851,33,57.36200065612793,,1593437400000,59.6501603050232,SPY below SMA200,-24.089035214389405,0.9952824076137541,0.9842276450328828,2
FFIV,Information Technology,rsi2,1593115200000,1593178200000,133.99695767211912,13,126.76400299072266,,1593437400000,140.78957061004638,SPY below SMA200,86.5178557592203,0.8709802248687742,0.9151322089653016,1
WSM,Consumer Discretionary,rsi2,1593547200000,1593610200000,41.21059362602234,29,37.8700008392334,,1593696600000,42.98349856758118,mean reversion or trend exit,50.19342896839917,0.5975536075773239,0.623260729229927,1
HRL,Consumer Staples,rsi2,1593633600000,1593696600000,47.76387167930603,42,45.67199935913086,,1594042200000,48.35581106758118,mean reversion or trend exit,22.842940969871698,1.0030413052654266,1.0154720324192048,1
DG,Consumer Staples,rsi2,1594065600000,1594128600000,186.01295816802977,11,178.52399749755858,,1594387800000,189.81504866027834,mean reversion or trend exit,39.75594137717854,1.0230712699241638,1.0439827676315308,3
GDDY,Information Technology,rsi2,1594152000000,1594215000000,70.35515969467163,16,64.25509567260742,,1594387800000,70.87454866027832,mean reversion or trend exit,7.18038578286751,0.562841277557373,0.5669963892822266,2
MCK,Health Care,rsi2,1594152000000,1594215000000,146.34313927459715,9,135.76099853515626,,1594387800000,140.92950000000002,mean reversion or trend exit,-50.01548034810986,0.6585441267356872,0.63418275,2
ARE,Real Estate,rsi2,1594152000000,1594215000000,161.84087450408936,8,149.67400207519532,,1594819800000,165.47721755981445,mean reversion or trend exit,27.78147207754512,0.6473634980163574,0.6619088702392578,5
STE,Health Care,rsi2,1594324800000,1594387800000,150.60526377868652,11,142.25899963378907,,1594819800000,155.74209732055664,mean reversion or trend exit,54.82025847452546,0.8283289507827759,0.8565815352630615,3
AZO,Consumer Discretionary,rsi2,1594324800000,1594387800000,1106.7630659179688,1,1050.7909912109376,,1594819800000,1145.3869809570313,mean reversion or trend exit,37.497840015624966,0.5533815329589844,0.5726934904785156,3
EFX,Industrials,rsi2,1594324800000,1594387800000,161.2105698852539,10,152.07599487304688,,1594906200000,164.73759732055666,mean reversion or trend exit,33.6405335169985,0.8060528494262695,0.8236879866027833,4
CSGP,Real Estate,rsi2,1594756800000,1594819800000,68.27611776351928,22,63.84930191040039,,1594992600000,70.06394952392579,mean reversion or trend exit,37.810557988781206,0.7510372953987121,0.7707034447631836,2
JKHY,Financials,rsi2,1594152000000,1594215000000,181.7208198852539,8,169.69900512695312,,1595251800000,179.27032061004638,mean reversion or trend exit,-21.047958763641248,0.7268832795410156,0.7170812824401855,8
VRSN,Information Technology,rsi2,1594756800000,1594819800000,200.09000049591063,8,188.52899169921875,,1595251800000,199.9,mean reversion or trend exit,-3.1199639692686354,0.8003600019836425,0.7996000000000001,3
PYPL,Financials,rsi2,1594929600000,1594992600000,171.58575,7,157.92649688720704,,1595251800000,174.56266889953613,mean reversion or trend exit,19.626912830604635,0.600550125,0.6109693411483764,1
INTU,Information Technology,rsi2,1594756800000,1594819800000,288.1740137786865,5,269.0769897460938,,1595338200000,299.2703034210205,mean reversion or trend exit,54.012837418670735,0.7204350344467163,0.7481757585525514,4
AMZN,Consumer Discretionary,rsi2,1594929600000,1594992600000,150.5252219467163,9,139.95954132080078,,1595338200000,161.54368421173098,mean reversion or trend exit,97.76185030741907,0.6773634987602234,0.7269465789527895,2
ORCL,Information Technology,rsi2,1595016000000,1595251800000,54.90744106864929,37,52.778002166748045,,1595424600000,55.67215076255798,mean reversion or trend exit,26.248536225744274,1.015787659770012,1.0299347891073227,2
WSM,Consumer Discretionary,rsi2,1595275200000,1595338200000,41.0205,39,38.387499237060545,,1595511000000,42.90353673744202,mean reversion or trend exit,71.80191404385864,0.7998997499999999,0.8366189663801193,2
GS,Financials,rsi2,1595448000000,1595511000000,205.20255610656739,7,191.43499908447265,,1595597400000,202.8985,mean reversion or trend exit,-17.556746442344597,0.7182089463729858,0.7101447500000001,1
ADI,Information Technology,rsi2,1595448000000,1595511000000,113.61677755737304,17,107.5199981689453,,1595943000000,114.71261164474488,mean reversion or trend exit,16.6883796771033,0.9657426092376709,0.9750571989803315,3
EBAY,Consumer Discretionary,rsi2,1595448000000,1595511000000,56.468218626022335,27,52.657000350952146,,1595943000000,57.08144561004639,mean reversion or trend exit,15.024208101462492,0.7623209514513015,0.7705995157356262,3
LLY,Health Care,rsi2,1595534400000,1595597400000,161.55073622131346,13,154.19800262451173,,1596029400000,162.44873377990723,mean reversion or trend exit,9.567971706711106,1.0500797854385375,1.0559167695693972,3
META,Communication Services,rsi2,1595534400000,1595597400000,230.30509744262693,6,214.8130096435547,,1596115800000,230.10489122009278,mean reversion or trend exit,-2.582467301193053,0.6909152923278808,0.6903146736602783,4
JBHT,Industrials,rsi2,1595880000000,1595943000000,130.2250836639404,15,123.46500854492187,,1596115800000,128.47572328948976,mean reversion or trend exit,-28.180661668910414,0.976688127479553,0.9635679246711732,2
MRVL,Information Technology,rsi2,1595534400000,1595597400000,34.797388778686525,52,32.834001541137695,,1596202200000,36.45176622009278,mean reversion or trend exit,84.17514892315694,0.9047321082458497,0.9477459217224123,5
JNJ,Health Care,rsi2,1595880000000,1595943000000,147.4736938934326,14,142.32598876953125,,1596547800000,146.9165104904175,mean reversion or trend exit,-9.861299072898385,1.0323158572540283,1.0284155734329226,5
FFIV,Information Technology,rsi2,1595966400000,1596029400000,138.3691530532837,11,129.00299682617188,,1596547800000,138.84054866027833,mean reversion or trend exit,3.6606983175163768,0.7610303417930603,0.7636230176315308,4
DLTR,Consumer Staples,rsi2,1596139200000,1596202200000,93.75685408401489,22,89.51799850463867,,1596547800000,94.58268225479127,mean reversion or trend exit,16.0964848573534,1.0313253949241639,1.0404095048027038,2
ALB,Materials,rsi2,1596139200000,1596202200000,82.65130561065673,19,77.31399841308594,,1596547800000,83.0684456100464,mean reversion or trend exit,6.351322351806886,0.785187403301239,0.7891502332954408,2
AMCR,Materials,rsi2,1596139200000,1596202200000,51.62579847335815,41,49.55500030517578,,1596634200000,53.973000000000006,mean reversion or trend exit,94.07048722361216,1.0583288687038421,1.1064465,3
WMT,Consumer Staples,rsi2,1596484800000,1596547800000,43.23827550888061,49,41.21799850463867,,1596634200000,43.46159192085266,mean reversion or trend exit,8.818357434601978,1.0593377499675751,1.0648090020608902,1
AON,Financials,rsi2,1596484800000,1596547800000,200.12001427459717,10,193.5250030517578,,1596807000000,195.07241316986085,mean reversion or trend exit,-52.45197318458545,1.000600071372986,0.9753620658493043,3
CCI,Real Estate,rsi2,1596484800000,1596547800000,164.4821938934326,11,155.71500396728516,,1597066200000,167.97596755981445,mean reversion or trend exit,36.60299044220755,0.9046520664138793,0.9238678215789795,4
WAT,Health Care,rsi2,1596571200000,1596634200000,211.5657367172241,6,195.24800720214844,,1597066200000,212.54366889953616,mean reversion or trend exit,4.595264877022077,0.6346972101516722,0.6376310066986084,3
CMS,Utilities,rsi2,1596744000000,1596807000000,61.49072908401489,34,59.27900085449219,,1597066200000,63.09843606758118,mean reversion or trend exit,52.54402163367691,1.0453423944282532,1.0726734131488802,1
WTW,Financials,rsi2,1596484800000,1596547800000,205.27258316802977,10,197.42899475097656,,1597089600000,197.33028025360107,stop,-81.4360434613951,1.0263629158401488,0.9866514012680054,5
DVA,Health Care,rsi2,1596571200000,1596634200000,83.56175664138793,21,78.61799697875976,,1597325400000,81.96899713516235,mean reversion or trend exit,-35.18602254539088,0.8773984447345733,0.8606744699192047,6
RMD,Health Care,rsi2,1596830400000,1597066200000,175.08749999999998,8,161.85800476074218,,1597325400000,175.6421307296753,mean reversion or trend exit,3.034127314483892,0.7003499999999999,0.7025685229187012,3
KDP,Consumer Staples,rsi2,1596830400000,1597066200000,29.504744771003722,73,28.658999061584474,,1597325400000,30.144919847488406,mean reversion or trend exit,44.55556782480701,1.0769231841416358,1.1002895744333268,3
WTW,Financials,rsi2,1597089600000,1597152600000,198.60924950408935,10,189.76000213623047,,1597325400000,193.0334398803711,mean reversion or trend exit,-57.71630968410473,0.9930462475204468,0.9651671994018556,2
P,Information Technology,rsi2,1596830400000,1597066200000,17.548770915985106,72,16.087400245666505,,1597435200000,16.07935654554367,stop,-107.00844726039831,0.6317557529754638,0.5788568356395722,5
NEM,Materials,rsi2,1597262400000,1597325400000,64.06201377868652,18,58.29600105285645,,1597757400000,69.76510305023194,mean reversion or trend exit,101.45116283635735,0.5765581240081786,0.6278859274520875,3
NDAQ,Financials,rsi2,1597435200000,1597671000000,43.14823035621643,49,41.35966911315918,,1597757400000,43.4082853050232,mean reversion or trend exit,10.622057857831285,1.0571316437273026,1.0635029899730686,1
ORCL,Information Technology,rsi2,1597262400000,1597325400000,53.93695484733581,39,52.58099784851074,,1597843800000,55.552211830139164,mean reversion or trend exit,60.85998357911997,1.0517706195230483,1.0832681306877137,4
FLEX,Information Technology,rsi2,1597780800000,1597843800000,8.24828177833557,183,7.667671394348145,,1598016600000,7.908628489255905,mean reversion or trend exit,-63.63490919106337,0.7547177827177047,0.7236395067669154,2
FFIV,Information Technology,rsi2,1597435200000,1597671000000,136.5282367172241,13,128.73499908447266,,1598275800000,136.32180438995363,mean reversion or trend exit,-4.457145521712855,0.8874335386619566,0.8860917285346986,5
BRK-B,Financials,rsi2,1597694400000,1597757400000,207.0534719467163,10,200.46299743652344,,1598275800000,209.1253807296753,mean reversion or trend exit,18.63819356620818,1.0352673597335815,1.0456269036483765,4
BKNG,Consumer Discretionary,rsi2,1597694400000,1597757400000,70.035,28,66.30091934204101,,1598275800000,72.10633144760132,mean reversion or trend exit,56.007301892570645,0.9804900000000001,1.0094886402664185,4
APTV,Consumer Discretionary,rsi2,1598040000000,1598275800000,84.59227805328369,19,79.09599914550782,,1598362200000,85.98698377990723,mean reversion or trend exit,24.87890581843198,0.803626641506195,0.8168763459091187,1
AIZ,Financials,rsi2,1598040000000,1598275800000,120.7603469467163,15,113.93499908447265,,1598362200000,125.05744274520875,mean reversion or trend exit,62.61280355469731,0.9057026021003722,0.9379308205890655,1
STE,Health Care,rsi2,1598040000000,1598275800000,153.91691633605956,14,146.77801055908202,,1598448600000,153.60315267944335,mean reversion or trend exit,-6.545331675735362,1.077418414352417,1.0752220687561034,2
NDSN,Industrials,rsi2,1597953600000,1598016600000,191.0955,11,181.60799102783204,,1598535000000,192.5336898803711,mean reversion or trend exit,13.710128139740196,1.05102525,1.0589352943420411,4
VMC,Materials,rsi2,1598299200000,1598362200000,125.312625,14,117.71899719238282,,1598535000000,123.78807347488404,mean reversion or trend exit,-23.087426240947533,0.877188375,0.8665165143241883,2
J,Industrials,rsi2,1597348800000,1597411800000,73.81043108367919,29,71.21930160522462,,1598621400000,73.90200298690796,mean reversion or trend exit,0.5137548996107666,1.0702512507133484,1.0715790433101655,10
CLX,Consumer Staples,rsi2,1598385600000,1598448600000,218.96943061065673,9,209.28800048828126,,1598967000000,223.82803244018555,mean reversion or trend exit,41.734827882030615,0.9853624377479553,1.007226145980835,4
CIEN,Information Technology,rsi2,1598472000000,1598535000000,57.26862167930603,37,54.479000091552734,,1598967000000,57.301336830139164,mean reversion or trend exit,-0.909083651598777,1.0594695010671615,1.0600747313575747,3
LH,Health Care,rsi2,1598299200000,1598362200000,153.68504997253416,12,145.40636138916017,,1599139800000,152.0545194244385,mean reversion or trend exit,-21.400803993529795,0.922110299835205,0.912327116546631,7
HRL,Consumer Staples,rsi2,1598472000000,1598535000000,51.21559362602233,42,49.37899932861328,,1599139800000,51.37430152511597,mean reversion or trend exit,4.511343963758757,1.0755274661464689,1.0788603320274353,5
DGX,Health Care,rsi2,1598558400000,1598621400000,110.28511835861205,15,103.46000061035156,,1599139800000,111.05444561004639,mean reversion or trend exit,9.879862041750064,0.8271383876895905,0.8329083420753479,4
FDS,Financials,rsi2,1598904000000,1598967000000,350.8553326721191,6,338.09398498535154,,1599139800000,353.36323854064943,mean reversion or trend exit,12.934779497543586,1.0525659980163573,1.0600897156219482,2
DPZ,Consumer Discretionary,rsi2,1598904000000,1598967000000,408.6442224426269,5,393.58599548339845,,1599163200000,393.38920248565677,stop,-78.2801833471715,1.0216105561065674,0.983473006214142,3
DPZ,Consumer Discretionary,rsi2,1599163200000,1599226200000,397.8087903442383,5,380.93800048828126,,1599249600000,380.74753148803717,stop,-87.25268508558622,0.9945219758605958,0.9518688287200929,1
PANW,Information Technology,rsi2,1599163200000,1599226200000,40.126719898223875,47,37.91316680908203,,1599249600000,37.89421022567749,stop,-106.76144646759178,0.9429779176082611,0.890513940303421,1
ICE,Financials,rsi2,1599163200000,1599226200000,103.38166683197021,21,99.30000076293945,,1599249600000,99.25035076255799,stop,-88.88527364239921,1.0855075017356872,1.0421286830068588,1
HD,Consumer Discretionary,rsi2,1599163200000,1599226200000,275.6877627868652,7,263.5930114746094,,1599595200000,263.4612149688721,stop,-87.47285614809674,0.9649071697540282,0.9221142523910525,2
TGT,Consumer Staples,rsi2,1599163200000,1599226200000,146.76334744262695,14,139.222998046875,,1599744600000,147.52620610046387,mean reversion or trend exit,8.619994334915177,1.0273434320983885,1.032683442703247,3
DPZ,Consumer Discretionary,rsi2,1599249600000,1599571800000,381.76079232788084,5,363.64599609375,,1599831000000,401.1893196411133,mean reversion or trend exit,95.18526128623978,0.9544019808197021,1.0029732991027833,3
FERG,Industrials,rsi2,1599249600000,1599571800000,92.796375,22,91.18799896240235,,1600090200000,93.65314694976807,mean reversion or trend exit,16.798038153450182,1.020760125,1.0301846164474489,4
ICE,Financials,rsi2,1599249600000,1599571800000,99.37966683197021,21,96.23500137329101,,1600176600000,100.53970133972169,mean reversion or trend exit,22.261571296978232,1.0434865017356871,1.0556668640670779,5
HUM,Health Care,rsi2,1599854400000,1600090200000,395.6377224426269,4,371.7469848632812,,1600176600000,404.5376202392578,mean reversion or trend exit,33.999240501159875,0.7912754448852538,0.8090752404785156,1
IBKR,Financials,rsi2,1599595200000,1599658200000,12.186090305328369,145,11.482000255584717,,1600349400000,11.721636211872102,mean reversion or trend exit,-69.0791537236557,0.8834915471363067,0.8498186253607274,6
BKNG,Consumer Discretionary,rsi2,1599768000000,1599831000000,72.5770724029541,26,68.6788345336914,,1600349400000,71.29193477249146,mean reversion or trend exit,-35.2838754853095,0.9435019412384034,0.9267951520423889,4
LULU,Consumer Discretionary,rsi2,1599681600000,1599744600000,327.0634438934326,3,298.9159912109375,,1600459200000,298.766533215332,stop,-85.82947699996487,0.4905951658401489,0.448149799822998,7
IRM,Real Estate,rsi2,1600113600000,1600176600000,29.014499999999998,73,27.800999641418457,,1600695000000,27.876054389953616,mean reversion or trend exit,-85.1830347686192,1.05902925,1.017475985233307,4
KR,Consumer Staples,rsi2,1600113600000,1600176600000,32.82640637397766,57,31.034999465942384,,1600695000000,32.903538169860845,mean reversion or trend exit,2.5232089458420317,0.9355525816583634,0.9377508378410342,4
SJM,Consumer Staples,rsi2,1600286400000,1600349400000,110.47520816802978,17,104.75100021362304,,1600695000000,108.81556774520875,mean reversion or trend exit,-30.077858783219995,0.9390392694282532,0.9249323258342744,2
GDDY,Information Technology,rsi2,1600372800000,1600435800000,73.12654133605956,18,67.45039978027344,,1600781400000,73.97299713516236,mean reversion or trend exit,13.91230853760938,0.658138872024536,0.6657569742164613,2
EBAY,Consumer Discretionary,rsi2,1600459200000,1600695000000,47.95396530532837,34,45.01500015258789,,1600781400000,50.614679389953615,mean reversion or trend exit,88.78861191743863,0.8152174101905822,0.8604495496292115,1
ISRG,Health Care,rsi2,1600459200000,1600695000000,216.1413571243286,7,202.9029968261719,,1601040600000,218.11089122009278,mean reversion or trend exit,12.266855801143748,0.7564947499351502,0.7633881192703248,4
MKC,Consumer Staples,rsi2,1600459200000,1600695000000,94.31213188934326,21,90.53250350952149,,1601299800000,97.32131774520875,mean reversion or trend exit,61.18075175201233,0.9902773848381042,1.021873836324692,5
BF-B,Consumer Staples,rsi2,1600459200000,1600695000000,75.82789591598511,27,72.13000030517578,,1601386200000,75.56219847488404,mean reversion or trend exit,-9.21759718400557,1.0236765948657989,1.0200896794109346,6
GRMN,Consumer Discretionary,rsi2,1600718400000,1600781400000,94.07701377868652,22,89.81600189208984,,1601386200000,95.53221183013916,mean reversion or trend exit,29.92865565026101,1.0348471515655517,1.0508543301315307,5
ORLY,Consumer Discretionary,rsi2,1600718400000,1600781400000,30.453218725204465,67,28.933467292785643,,1601386200000,30.47542200946808,mean reversion or trend exit,-0.5534894189493507,1.0201828272943496,1.0209266373171806,5
EW,Health Care,rsi2,1600977600000,1601040600000,74.21709030532837,23,69.9509994506836,,1601386200000,78.30082633972168,mean reversion or trend exit,92.17197274962808,0.8534965385112763,0.9004595029067993,2
DOW,Materials,rsi2,1601064000000,1601299800000,46.52325,28,42.86850242614746,,1601386200000,47.206384542465216,mean reversion or trend exit,17.815552305431606,0.6513254999999999,0.660889383594513,1
MRK,Health Care,rsi2,1601409600000,1601472600000,78.53160915756226,25,74.51240692138671,,1601559000000,79.33054651260376,mean reversion or trend exit,18.000156930160486,0.9816451144695283,0.9916318314075471,1
PSKY,Communication Services,rsi2,1601496000000,1601559000000,28.174079847335815,47,25.970999717712402,,1601991000000,28.735625000000002,mean reversion or trend exit,25.05524411130443,0.6620908764123916,0.6752871875,3
JBHT,Industrials,rsi2,1601582400000,1601645400000,124.88240969467162,14,117.76499862670899,,1601991000000,130.98447805023193,mean reversion or trend exit,83.63788876362996,0.8741768678627013,0.9168913463516235,2
ORCL,Information Technology,rsi2,1601668800000,1601904600000,59.469718626022335,24,55.23600120544434,,1601991000000,59.48024332237244,mean reversion or trend exit,-1.1748068309782624,0.713636623512268,0.7137629198684693,1
AKAM,Information Technology,rsi2,1601668800000,1601904600000,109.17456274795532,15,102.55599975585938,,1602163800000,110.09492652511597,mean reversion or trend exit,12.160935487861643,0.8188092206096649,0.8257119489383697,3
FDS,Financials,rsi2,1601668800000,1601904600000,326.0929576721191,4,303.40000915527344,,1602163800000,326.62661354064943,mean reversion or trend exit,0.8291843316957895,0.6521859153442382,0.6532532270812988,3
VRSK,Industrials,rsi2,1602014400000,1602077400000,181.8008617172241,10,171.45699310302734,,1602163800000,184.32778816986084,mean reversion or trend exit,23.43862127693187,0.9090043085861205,0.9216389408493042,1
SHW,Materials,rsi2,1602014400000,1602077400000,229.36129692077637,8,216.57901000976562,,1602163800000,231.42422328948976,mean reversion or trend exit,14.660268868866067,0.9174451876831055,0.9256968931579591,1
CHD,Consumer Staples,rsi2,1601928000000,1601991000000,90.80538213729858,23,87.01700439453126,,1602250200000,91.41426908493042,mean reversion or trend exit,11.908873806476802,1.0442618945789337,1.0512640944767,3
FERG,Industrials,rsi2,1602100800000,1602163800000,99.0495,21,96.94400024414062,,1602595800000,104.74760305023194,mean reversion or trend exit,117.52029447284352,1.04001975,1.0998498320274355,3
DPZ,Consumer Discretionary,rsi2,1602187200000,1602250200000,403.20149999999995,4,379.11000671386716,,1602682200000,408.20579866027833,mean reversion or trend exit,18.394380043792964,0.8064029999999999,0.8164115973205567,3
TDG,Industrials,rsi2,1602619200000,1602682200000,474.76726377868647,2,438.4700164794922,,1602855000000,495.70203720092775,mean reversion or trend exit,40.89907754350294,0.4747672637786865,0.49570203720092776,2
SBAC,Real Estate,rsi2,1602619200000,1602682200000,310.2350265655517,6,292.44700622558594,,1603114200000,311.77402767944335,mean reversion or trend exit,7.367979520614791,0.9307050796966552,0.93532208303833,3
HLT,Consumer Discretionary,rsi2,1602619200000,1602682200000,89.0445,17,82.71800079345704,,1603114200000,89.60517652511597,mean reversion or trend exit,8.012978676507933,0.75687825,0.7616440004634857,3
PSKY,Communication Services,rsi2,1602619200000,1602682200000,27.513749999999998,50,25.34900074005127,,1603114200000,28.13592461872101,mean reversion or trend exit,29.717489070582552,0.68784375,0.7033981154680252,3
MAA,Real Estate,rsi2,1602878400000,1603114200000,120.22008366394043,15,113.1030029296875,,1603200600000,118.50071755981446,mean reversion or trend exit,-27.580897571067673,0.9016506274795533,0.8887553816986086,1
UBER,Industrials,rsi2,1602619200000,1602682200000,35.70784362602234,36,32.75370063781738,,1603287000000,36.231875,mean reversion or trend exit,17.570214527927497,0.6427411852684021,0.6521737500000001,5
LIN,Materials,rsi2,1602792000000,1602855000000,231.21555610656736,9,219.32200775146484,,1603287000000,232.36375572967532,mean reversion or trend exit,8.247689704708515,1.0404700024795532,1.045636900783539,3
VZ,Communication Services,rsi2,1603137600000,1603200600000,57.568770915985105,38,55.871999740600586,,1603287000000,57.08144561004639,mean reversion or trend exit,-20.696715739665887,1.0938066474037171,1.0845474665908814,1
INVH,Real Estate,rsi2,1602878400000,1603114200000,28.204095534324644,60,26.421100616455078,,1603373400000,28.185900762557985,mean reversion or trend exit,-2.7833861949060097,0.8461228660297393,0.8455770228767395,3
TJX,Consumer Discretionary,rsi2,1602878400000,1603114200000,57.018496679306025,29,53.36400184631348,,1603459800000,56.38179484748841,mean reversion or trend exit,-20.108657349849437,0.8267682018499374,0.8175360252885819,4
SJM,Consumer Staples,rsi2,1603224000000,1603287000000,113.54674286270141,19,109.94100341796874,,1603459800000,116.10192366027833,mean reversion or trend exit,46.366772821993244,1.0786940571956634,1.1029682747726444,2
CSGP,Real Estate,rsi2,1603224000000,1603287000000,83.56976387786865,26,79.76580200195312,,1603805400000,83.24935486602784,mean reversion or trend exit,-10.499282851531687,1.0864069304122925,1.0822416132583619,4
STZ,Consumer Staples,rsi2,1603396800000,1603459800000,180.09,11,171.01699676513672,,1603805400000,174.45272328948977,mean reversion or trend exit,-63.96002879370479,0.990495,0.9594899780921937,2
CHTR,Communication Services,rsi2,1603224000000,1603287000000,604.6121525573731,3,578.0269958496094,,1603891800000,574.6824857177735,stop gap,-91.55794247621145,0.9069182288360597,0.8620237285766602,5
NFLX,Communication Services,rsi2,1603310400000,1603373400000,49.49373627090454,24,45.08959846496582,,1603891800000,48.611683586120606,mean reversion or trend exit,-22.346529473098766,0.5939248352508545,0.5833402030334474,4
MDLZ,Consumer Staples,rsi2,1603742400000,1603805400000,55.15756606864929,39,53.293999099731444,,1603915200000,53.26735210018158,stop,-75.83263067453271,1.0755725383386612,1.038713365953541,2
TSCO,Consumer Discretionary,rsi2,1603396800000,1603459800000,27.54976729774475,61,25.792599487304688,,1604413800000,26.986500000000003,mean reversion or trend exit,-36.02266131501082,0.840267902581215,0.8230882500000002,7
AMCR,Materials,rsi2,1603742400000,1603805400000,53.22660076332092,41,50.815002059936525,,1604413800000,54.872551525115966,mean reversion or trend exit,65.26794861168406,1.0911453156480788,1.1248873062648772,5
MAS,Industrials,rsi2,1603828800000,1603891800000,53.25661454200744,40,50.74999847412109,,1604413800000,55.262355915069584,mean reversion or trend exit,78.05927551334419,1.065132290840149,1.1052471183013919,4
MMM,Industrials,rsi2,1603828800000,1603891800000,133.68721730804444,16,128.43311309814453,,1604413800000,137.7738825531006,mean reversion or trend exit,63.21495512200952,1.0694977384643556,1.1021910604248049,4
SOXX,ETF / index,rsi2,1603915200000,1603978200000,100.71699745559692,21,96.22133407592773,,1604500200000,106.28350158691407,mean reversion or trend exit,114.7230815177137,1.0575284732837678,1.115976766662598,4
CASY,Consumer Staples,rsi2,1604350800000,1604413800000,169.65479232788084,10,159.73900451660157,,1604500200000,174.72259255981447,mean reversion or trend exit,48.956115394897836,0.8482739616394043,0.8736129627990724,1
DELL,Information Technology,rsi2,1604350800000,1604413800000,30.968340125083923,51,28.847947311401366,,1604500200000,31.64661193943024,mean reversion or trend exit,32.99518125401706,0.78969267318964,0.8069886044554712,1
CMG,Consumer Discretionary,rsi2,1604350800000,1604413800000,23.980383247375485,60,22.1937198638916,,1604586600000,26.18130358695984,mean reversion or trend exit,130.55036977003112,0.7194114974212646,0.7854391076087952,2
TTWO,Communication Services,rsi2,1604350800000,1604413800000,154.85738877868653,10,144.7779968261719,,1604586600000,167.01645610046387,mean reversion or trend exit,119.98130399337768,0.7742869438934327,0.8350822805023194,2
ARES,Financials,rsi2,1604437200000,1604500200000,41.92095152664184,41,39.279598999023435,,1604586600000,43.828073474884036,mean reversion or trend exit,76.4341448653986,0.8593795062961579,0.8984755062351228,1
WAT,Health Care,rsi2,1604437200000,1604500200000,218.5592219467163,7,204.0830062866211,,1604932200000,229.84502671051027,mean reversion or trend exit,77.43121847625754,0.7649572768135071,0.804457593486786,3
EXPD,Industrials,rsi2,1604523600000,1604586600000,87.98397244262695,21,82.65800094604492,,1604932200000,92.50372805023194,mean reversion or trend exit,93.01974690452982,0.9238317106475831,0.9712891445274354,2
EXR,Real Estate,rsi2,1604955600000,1605018600000,106.97345816802978,18,100.62899703979492,,1605105000000,116.00196755981446,mean reversion or trend exit,160.50639022057365,0.9627611235122681,1.0440177080383302,1
PSA,Real Estate,rsi2,1604955600000,1605018600000,222.3411107254028,10,211.2280044555664,,1605105000000,235.23233110046388,mean reversion or trend exit,126.62433654148134,1.1117055536270142,1.1761616555023195,1
ERIE,Financials,rsi2,1604955600000,1605018600000,233.45666633605956,7,218.87699279785156,,1605105000000,239.62013549041748,mean reversion or trend exit,41.488515274112814,0.8170983321762085,0.8386704742164612,1
MKC,Consumer Staples,rsi2,1604955600000,1605018600000,89.54475,22,84.55050048828124,,1605191400000,94.03296183013917,mean reversion or trend exit,96.7213054329304,0.9849922499999999,1.0343625801315308,2
VRT,Industrials,rsi2,1604955600000,1605018600000,16.90844961833954,86,15.574799156188964,,1605191400000,17.461264313697814,mean reversion or trend exit,46.06416610173409,0.7270633335886001,0.7508343654890061,2
KHC,Consumer Staples,rsi2,1605042000000,1605105000000,30.69534030532837,60,28.7308988571167,,1605191400000,31.224379771232606,mean reversion or trend exit,29.88477635195739,0.920860209159851,0.9367313931369782,1
APD,Materials,rsi2,1605128400000,1605191400000,278.0289596557617,7,262.7399932861328,,1605301200000,262.60862328948974,stop,-109.83458610421205,0.9731013587951659,0.9191301815132141,2
CRL,Health Care,rsi2,1605042000000,1605105000000,232.08598622131348,6,212.38300476074218,,1605537000000,238.06090267944336,mean reversion or trend exit,34.439058082077025,0.6962579586639404,0.7141827080383301,3
DLTR,Consumer Staples,rsi2,1605214800000,1605277800000,93.46670816802978,22,88.2270004272461,,1605537000000,95.76209255981446,mean reversion or trend exit,48.41693981125667,1.0281337898483276,1.053383018157959,1
NKE,Consumer Discretionary,rsi2,1605214800000,1605277800000,127.97395866394042,14,120.01499862670899,,1605537000000,129.39527671051027,mean reversion or trend exit,18.096868004356764,0.895817710647583,0.9057669369735719,1
ROK,Industrials,rsi2,1605214800000,1605277800000,237.65876328277588,5,217.5980010986328,,1605709800000,241.64911927032472,mean reversion or trend exit,18.75351023136144,0.5941469082069397,0.6041227981758118,3
APD,Materials,rsi2,1605301200000,1605537000000,267.71377656555177,5,244.1139923095703,,1605796200000,266.616625,mean reversion or trend exit,-6.821583831672725,0.6692844414138794,0.6665415625000001,3
AEP,Utilities,rsi2,1605646800000,1605709800000,87.31363164138793,23,82.33100128173828,,1605796200000,83.28833683013916,mean reversion or trend exit,-94.54370329614427,1.004106763875961,0.9578158735466004,1
AMGN,Health Care,rsi2,1605646800000,1605709800000,234.16702805328367,8,220.0279998779297,,1605796200000,226.8565162200928,mean reversion or trend exit,-60.328188842620484,0.9366681122131347,0.9074260648803713,1
NDAQ,Financials,rsi2,1605646800000,1605709800000,41.36400586509704,46,38.79966506958008,,1605882600000,41.709134542465215,mean reversion or trend exit,13.965236929562025,0.9513721348972319,0.9593100944767,2
A,Health Care,rsi2,1605733200000,1605796200000,106.79336786270142,18,100.31899719238281,,1606141800000,111.34430152511597,mean reversion or trend exit,79.95356689897156,0.9611403107643127,1.0020987137260438,2
NEM,Materials,rsi2,1605733200000,1605796200000,60.990479084014886,32,57.300000762939455,,1606228200000,57.281346372604375,mean reversion or trend exit,-120.58459597244226,0.9758476653442382,0.91650154196167,3
AZO,Consumer Discretionary,rsi2,1605646800000,1605709800000,1119.3394193115234,2,1065.8909545898437,,1606314600000,1136.8213196411134,mean reversion or trend exit,32.70763992022729,1.1193394193115234,1.1368213196411134,5
LNT,Utilities,rsi2,1605819600000,1605882600000,52.54626045799255,37,49.35000152587891,,1606314600000,53.393288169860845,mean reversion or trend exit,29.380143689511552,0.9721058184728623,0.9877758311424257,3
EQIX,Real Estate,rsi2,1606165200000,1606228200000,715.3074872131348,2,665.6560302734375,,1606314600000,698.6404952392578,mean reversion or trend exit,-34.74793193020634,0.7153074872131348,0.6986404952392579,1
TMO,Health Care,rsi2,1605733200000,1605796200000,459.1594576721191,3,420.4389953613281,,1606487400000,453.253270980835,mean reversion or trend exit,-19.087179166831792,0.6887391865081787,0.6798799064712525,5
UNH,Health Care,rsi2,1605906000000,1606141800000,335.7177627868652,5,312.3630096435547,,1606746600000,334.9424303588867,mean reversion or trend exit,-5.553312622756726,0.8392944069671631,0.8373560758972168,4
DHR,Health Care,rsi2,1606510800000,1606746600000,194.69835948944092,8,180.25443115234376,,1606833000000,200.2632978744507,mean reversion or trend exit,42.93966045062269,0.7787934379577637,0.8010531914978029,1
PGR,Financials,rsi2,1606251600000,1606314600000,88.79437499999999,20,83.06299667358398,,1606919400000,89.90502194976807,mean reversion or trend exit,20.425945025863957,0.8879437499999999,0.8990502194976807,4
XEL,Utilities,rsi2,1606251600000,1606314600000,68.21409030532837,30,64.32300033569337,,1606919400000,68.1459103050232,mean reversion or trend exit,-4.09080001831056,1.0232113545799255,1.0221886545753478,4
DOC,Real Estate,rsi2,1606770000000,1606833000000,29.264625,44,26.576000785827638,,1607092200000,30.244870228767397,mean reversion or trend exit,41.82158117073263,0.64382175,0.6653871450328828,3
ERIE,Financials,rsi2,1606251600000,1606314600000,228.70429133605955,8,215.32200317382814,,1607115600000,215.21434217224123,stop,-109.69526784457979,0.9148171653442383,0.8608573686889649,7
DVA,Health Care,rsi2,1607029200000,1607092200000,106.17306274795531,16,99.21899795532227,,1607351400000,109.28532633972169,mean reversion or trend exit,48.072550355560644,0.8493845019836426,0.8742826107177736,1
CNP,Utilities,rsi2,1606856400000,1606919400000,22.751369771003723,78,21.236999702453613,,1607437800000,23.00849045753479,mean reversion or trend exit,18.270779000510235,0.8873034210691452,0.8973311278438568,4
ROK,Industrials,rsi2,1606856400000,1606919400000,246.7533198852539,6,229.69701080322267,,1607524200000,248.99543511962892,mean reversion or trend exit,11.965445141235563,0.7402599596557617,0.7469863053588868,5
WMT,Consumer Staples,rsi2,1607374800000,1607437800000,49.14455893135071,48,47.5846664428711,,1607524200000,49.975,mean reversion or trend exit,37.482301880813644,1.1794694143524171,1.1994,1
BBY,Consumer Discretionary,rsi2,1607115600000,1607351400000,105.21258366394042,16,98.19099884033203,,1607610600000,101.69912500000001,mean reversion or trend exit,-57.87063229235811,0.8417006693115234,0.8135930000000001,3
HD,Consumer Discretionary,rsi2,1607115600000,1607351400000,263.63175,9,252.00098571777343,,1607610600000,263.9479465789795,mean reversion or trend exit,0.4716605762099686,1.186342875,1.1877657596054079,3
TGT,Consumer Staples,rsi2,1607461200000,1607524200000,173.43668110656736,13,164.9290023803711,,1607610600000,173.5032013397217,mean reversion or trend exit,-1.3903462048945172,1.127338427192688,1.127770808708191,1
RSG,Industrials,rsi2,1606338000000,1606487400000,97.48872244262695,24,92.90000381469727,,1607697000000,93.24335591506959,holding limit at next open,-104.17758160166913,1.1698646693115233,1.118920270980835,10
WST,Health Care,rsi2,1607547600000,1607610600000,260.63025,8,247.46399841308593,,1608042600000,265.4572013397217,mean reversion or trend exit,36.51126091241462,1.042521,1.0618288053588867,3
ETR,Utilities,rsi2,1607461200000,1607524200000,52.891434179306025,45,50.434501266479494,,1608066000000,50.409284015846254,stop,-114.02102351508063,1.1900572690343856,1.1342088903565406,5
DG,Consumer Staples,rsi2,1607547600000,1607610600000,208.54422244262693,11,200.72899475097657,,1608129000000,207.84602194976807,mean reversion or trend exit,-9.970351765605626,1.146993223434448,1.1431531207237244,4
PEG,Utilities,rsi2,1607547600000,1607610600000,56.72835076332092,42,54.70699806213379,,1608129000000,57.60118606758118,mean reversion or trend exit,34.25816250548212,1.1912953660297394,1.209624907419205,4
WM,Industrials,rsi2,1607634000000,1607697000000,114.88741683197021,20,111.53600311279297,,1608129000000,116.59167652511597,mean reversion or trend exit,31.7704029293443,1.1488741683197023,1.1659167652511597,3
PSKY,Communication Services,rsi2,1607979600000,1608042600000,34.947465305328365,45,32.38499927520752,,1608215400000,36.011983779907226,mean reversion or trend exit,46.306743751630954,0.7863179693698883,0.8102696350479126,2
WMT,Consumer Staples,rsi2,1608066000000,1608129000000,48.771039287567135,49,47.01833572387695,,1608301800000,48.848896310806275,mean reversion or trend exit,1.4233057165577228,1.1948904625453947,1.1967979596147538,2
SNA,Industrials,rsi2,1608066000000,1608129000000,175.42766633605956,13,167.34500274658203,,1608584400000,167.26133024520874,stop,-108.3898476588389,1.1402798311843871,1.087198646593857,4
FOX,Communication Services,rsi2,1608066000000,1608129000000,28.274130228996274,72,26.67189884185791,,1608820200000,27.736125,mean reversion or trend exit,-40.7527456759755,1.017868688243866,0.9985005000000001,6
AMP,Financials,rsi2,1608152400000,1608215400000,190.29509694671628,12,181.22200469970704,,1608820200000,188.88550572967532,mean reversion or trend exit,-19.190178220549978,1.1417705816802977,1.133313034378052,5
URI,Industrials,rsi2,1608238800000,1608301800000,228.79433267211914,7,214.0060028076172,,1608820200000,230.55466316986085,mean reversion or trend exit,10.714591998745007,0.800780164352417,0.806941321094513,4
SNA,Industrials,rsi2,1608584400000,1608647400000,170.10501427459715,13,162.1570083618164,,1609165800000,170.70459828948975,mean reversion or trend exit,5.579329711937225,1.1056825927848815,1.1095798888816835,3
BXP,Real Estate,rsi2,1608757200000,1608820200000,93.24659694671631,16,86.19499969482422,,1609165800000,93.91301908493043,mean reversion or trend exit,9.16547728317269,0.7459727755737305,0.7513041526794434,1
COST,Consumer Staples,rsi2,1608757200000,1608820200000,361.5907086639404,6,350.53301696777345,,1609165800000,365.31725,mean reversion or trend exit,20.17852414036576,1.0847721259918213,1.09595175,1
WMT,Consumer Staples,rsi2,1608757200000,1608820200000,47.87059157752991,49,46.39800186157227,,1609252200000,48.522391859054565,mean reversion or trend exit,29.5765857005119,1.1728294936494827,1.188798600546837,2
SBUX,Consumer Discretionary,rsi2,1608843600000,1609165800000,102.97145816802978,23,98.2760009765625,,1609252200000,104.83755438995362,mean reversion or trend exit,40.53040945983151,1.1841717689323425,1.2056318754844668,1
EBAY,Consumer Discretionary,rsi2,1608843600000,1609165800000,50.52525,36,47.35399971008301,,1609338600000,50.994490457534795,mean reversion or trend exit,15.065301143016995,0.9094545,0.9179008282356262,2
PFE,Health Care,rsi2,1608066000000,1608129000000,38.19909030532837,58,36.1957447052002,,1609425000000,36.64166984748841,holding limit at next open,-92.50076859914938,1.1077736188545229,1.062608425577164,10
NUE,Materials,rsi2,1608843600000,1609165800000,52.626298473358155,36,49.4809986114502,,1609425000000,52.923525762557986,mean reversion or trend exit,8.800285574947445,0.9472733725204467,0.9526234637260438,3
STX,Information Technology,rsi2,1609275600000,1609338600000,60.26011454200744,39,57.552996444702146,,1609770600000,62.25885591506958,mean reversion or trend exit,75.5617936255104,1.175072233569145,1.2140476903438568,2
JBHT,Industrials,rsi2,1609362000000,1609425000000,135.47770866394043,17,129.80700225830077,,1609770600000,136.1618807296753,mean reversion or trend exit,9.32198860764682,1.1515605236434938,1.1573759862022401,1
WSM,Consumer Discretionary,rsi2,1609189200000,1609252200000,52.3161459159851,33,48.87350082397461,,1609943400000,51.474250000000005,mean reversion or trend exit,-29.495106760122006,0.8632164076137542,0.8493251250000001,5
ARES,Financials,rsi2,1609362000000,1609425000000,47.52375,49,46.004997634887694,,1609966800000,45.98199513607025,stop,-77.83687908839131,1.164331875,1.126558880833721,4
TSCO,Consumer Discretionary,rsi2,1609448400000,1609770600000,28.194090305328366,83,26.81339912414551,,1610029800000,29.12143167972565,mean reversion or trend exit,74.59073991259476,1.1700547476711272,1.2085394147086146,3
FDX,Industrials,rsi2,1609189200000,1609252200000,212.79772142028807,8,199.24335021972655,,1610053200000,199.1437285446167,stop,-110.87970880523063,0.8511908856811523,0.7965749141784668,7
PHM,Consumer Discretionary,rsi2,1609880400000,1609943400000,40.55026377868652,52,38.37099952697754,,1610116200000,42.71863167762756,mean reversion or trend exit,110.59013946307003,1.0543068582458495,1.1106844236183167,2
PANW,Information Technology,rsi2,1609966800000,1610029800000,58.334152805328365,29,54.35649795532227,,1610116200000,61.13608460426331,mean reversion or trend exit,79.52370372667431,0.8458452156772613,0.886473226761818,1
DHI,Consumer Discretionary,rsi2,1609966800000,1610029800000,66.10303469467162,27,61.908999633789065,,1610116200000,69.41527194976807,mean reversion or trend exit,87.60090874790417,0.8923909683780669,0.9371061713218689,1
GDDY,Information Technology,rsi2,1609448400000,1609770600000,83.32163877868652,23,78.39799652099609,,1610375400000,81.45925000000001,mean reversion or trend exit,-44.72992213074459,0.958198845954895,0.9367813750000001,5
FICO,Information Technology,rsi2,1610053200000,1610116200000,493.1464438934326,4,465.3249908447266,,1610375400000,494.9324026794434,mean reversion or trend exit,5.167677450897371,0.9862928877868652,0.9898648053588868,1
UPS,Industrials,rsi2,1610053200000,1610116200000,159.18955561065673,14,151.3159973144531,,1610461800000,162.28881011962892,mean reversion or trend exit,41.139214565498726,1.114326889274597,1.1360216708374022,2
FDX,Industrials,rsi2,1610053200000,1610116200000,198.74557862091063,9,186.16598510742188,,1610548200000,201.75242110443116,mean reversion or trend exit,25.259341352920725,0.8943551037940979,0.9078858949699402,3
IRM,Real Estate,rsi2,1610398800000,1610461800000,28.014,86,26.750000190734863,,1610634600000,28.545719466209412,mean reversion or trend exit,43.29580615696252,1.204602,1.2274659370470047,2
MCO,Financials,rsi2,1610398800000,1610461800000,277.49866534423825,8,263.9880065917969,,1610721000000,270.9744303588867,mean reversion or trend exit,-54.387772265624825,1.109994661376953,1.0838977214355467,3
KHC,Consumer Staples,rsi2,1610398800000,1610461800000,32.866423473358154,73,31.64029769897461,,1610744400000,31.624477550125125,stop,-93.01597028336826,1.1996244567775725,1.1542934305795671,4
KO,Consumer Staples,rsi2,1610053200000,1610116200000,50.05501377868652,48,48.03599815368652,,1611066600000,48.71563167762756,mean reversion or trend exit,-66.66083634178158,1.2013203306884765,1.1691751602630616,6
PCG,Utilities,rsi2,1610571600000,1610634600000,12.166079847335816,183,11.52500057220459,,1611066600000,12.263865457534791,mean reversion or trend exit,15.659426671016911,1.113196306031227,1.1221436893644334,2
VRSK,Industrials,rsi2,1610485200000,1610548200000,196.9284168319702,12,188.5990005493164,,1611239400000,193.04342938995362,mean reversion or trend exit,-48.95968038153051,1.1815705009918211,1.1582605763397216,5
CTAS,Industrials,rsi2,1610744400000,1611066600000,81.46070816802978,23,76.55800170898438,,1611239400000,82.75610186004639,mean reversion or trend exit,27.90556160105899,0.9367981439323426,0.9516951713905335,2
LULU,Consumer Discretionary,rsi2,1610744400000,1611066600000,346.66323522949216,4,322.08900146484376,,1611239400000,356.5816297607422,mean reversion or trend exit,38.267088395019705,0.6933264704589843,0.7131632595214844,2
ARES,Financials,rsi2,1610744400000,1611066600000,45.36267015266418,52,43.21569938659668,,1611239400000,46.556711830139164,mean reversion or trend exit,59.70026329714633,1.1794294239692686,1.2104745075836183,2
GPN,Financials,rsi2,1610658000000,1610721000000,193.05648671722412,12,183.51300048828125,,1611608400000,183.42124398803713,stop,-117.88177913447538,1.158338920303345,1.100527463928223,6
DG,Consumer Staples,rsi2,1611176400000,1611239400000,205.78283267211913,11,197.33299407958984,,1611671400000,207.04641889953615,mean reversion or trend exit,11.62888761794314,1.1318055796966553,1.1387553039474487,3
USB,Financials,rsi2,1611176400000,1611239400000,45.712843626022334,46,43.211002349853516,,1611781200000,43.18939684867859,stop,-118.1233032887303,1.0513954033985138,0.9933561275196077,5
HLT,Consumer Discretionary,rsi2,1611176400000,1611239400000,107.73384030532836,20,101.9819953918457,,1611781200000,101.93100439414978,stop,-118.15336667056631,1.0773384030532835,1.019310043941498,5
CARR,Industrials,rsi2,1611608400000,1611671400000,38.90944438934326,46,36.412798690795896,,1611781200000,36.3945922914505,stop,-117.41518934672506,0.8949172209548949,0.8370756227033616,2
CL,Consumer Staples,rsi2,1611176400000,1611239400000,80.22009030532837,30,77.71799850463867,,1611930600000,78.87054866027833,mean reversion or trend exit,-42.87260893598526,1.2033013545799256,1.183058229904175,6
CAT,Industrials,rsi2,1611608400000,1611671400000,187.69380610656737,12,178.10799713134764,,1612276200000,186.40675000000002,mean reversion or trend exit,-17.68927661544759,1.1261628366394043,1.1184405000000002,5
ADSK,Information Technology,rsi2,1611781200000,1611844200000,277.2985836639404,5,256.4669982910156,,1612276200000,288.4756851196289,mean reversion or trend exit,54.47107160648358,0.6932464591598511,0.7211892127990723,3
TEL,Information Technology,rsi2,1611867600000,1611930600000,119.11952755737305,19,113.66800079345703,,1612276200000,126.24684255981445,mean reversion or trend exit,133.08800453027342,1.1316355117950438,1.1993450043182372,2
MS,Financials,rsi2,1611781200000,1611844200000,69.47472244262696,20,64.00899963378906,,1612362600000,70.83456774520874,mean reversion or trend exit,25.793813149757423,0.6947472244262696,0.7083456774520874,4
EW,Health Care,rsi2,1612213200000,1612276200000,82.26111122131347,24,77.51999969482422,,1612362600000,83.46824713516236,mean reversion or trend exit,26.982509632095585,0.9871333346557617,1.0016189656219483,1
BBY,Consumer Discretionary,rsi2,1612213200000,1612276200000,108.0039719467163,15,100.73500442504883,,1612449000000,112.58367938995362,mean reversion or trend exit,67.04120426353464,0.8100297896003723,0.8443775954246521,2
FERG,Industrials,rsi2,1611781200000,1611844200000,118.97945816802978,19,117.14599914550782,,1612535400000,119.09042652511597,mean reversion or trend exit,-0.15326511994721326,1.1303048525962829,1.1313590519886019,6
LDOS,Industrials,rsi2,1612213200000,1612276200000,105.87290969467162,17,99.29299850463867,,1612535400000,106.89652194976807,mean reversion or trend exit,15.592868167661953,0.8999197324047088,0.9086204365730287,3
LLY,Health Care,rsi2,1612299600000,1612362600000,197.90890255737304,8,183.60700225830078,,1612535400000,201.51918511962893,mean reversion or trend exit,27.28454814733911,0.7916356102294921,0.8060767404785157,2
FFIV,Information Technology,rsi2,1612299600000,1612362600000,194.78734744262695,9,181.98700408935548,,1612535400000,198.98046183013918,mean reversion or trend exit,35.966074345882575,0.8765430634918213,0.8954120782356263,2
JNJ,Health Care,rsi2,1612386000000,1612449000000,161.0805,14,154.12200164794922,,1612535400000,164.77757061004638,mean reversion or trend exit,49.47798204637902,1.1275635,1.1534429942703246,1
WST,Health Care,rsi2,1612472400000,1612535400000,291.72577656555177,7,275.2589965820313,,1612881000000,294.20283110046387,mean reversion or trend exit,15.288631617553639,1.0210402179794311,1.0297099088516237,2
DVA,Health Care,rsi2,1612472400000,1612535400000,110.36515255737304,18,104.03300018310547,,1612967400000,111.84405152511597,mean reversion or trend exit,24.62029858263044,0.9932863730163574,1.0065964637260438,3
IP,Materials,rsi2,1612472400000,1612535400000,44.52035314750671,35,41.17613525390625,,1612967400000,45.658975193023686,mean reversion or trend exit,38.27363334713483,0.7791061800813674,0.7990320658779145,3
CTSH,Information Technology,rsi2,1612472400000,1612535400000,74.58727805328368,28,70.52300415039062,,1612967400000,76.20187786483766,mean reversion or trend exit,43.09774654065753,1.0442218927459717,1.0668262901077272,3
UNH,Health Care,rsi2,1612818000000,1612881000000,324.0619438934326,7,308.6179992675781,,1612967400000,332.4936736602783,mean reversion or trend exit,56.72416370648195,1.1342168036270142,1.163727857810974,1
DOC,Real Estate,rsi2,1612904400000,1612967400000,30.135060839653015,63,28.279999351501466,,1613053800000,30.814584923744203,mean reversion or trend exit,40.890103456197835,0.9492544164490699,0.9706594250979425,1
CPT,Real Estate,rsi2,1612904400000,1612967400000,100.91043061065673,24,96.18199844360352,,1613053800000,103.88803244018555,mean reversion or trend exit,69.00486235208163,1.210925167327881,1.2466563892822267,1
QCOM,Information Technology,rsi2,1612472400000,1612535400000,148.92443110656737,9,137.00300140380858,,1613485800000,148.9255,mean reversion or trend exit,-1.3307046490858738,0.6701599399795533,0.6701647500000001,6
ICE,Financials,rsi2,1612990800000,1613053800000,112.32613164138793,21,106.78500366210938,,1613572200000,112.0139646949768,mean reversion or trend exit,-8.911076886165455,1.1794243822345734,1.1761466292972564,3
CME,Financials,rsi2,1612990800000,1613053800000,185.85287450408936,11,175.7770004272461,,1613572200000,189.32528816986084,mean reversion or trend exit,36.1330704287796,1.0221908097724914,1.0412890849342347,3
RMD,Health Care,rsi2,1612904400000,1612967400000,201.47068011474607,9,188.6820037841797,,1613658600000,197.58115267944336,mean reversion or trend exit,-36.801480165298244,0.9066180605163574,0.8891151870574951,5
HAS,Consumer Discretionary,rsi2,1612904400000,1612967400000,90.88541633605956,20,84.98499908447266,,1613745000000,92.18388835525514,mean reversion or trend exit,24.138747336998286,0.9088541633605957,0.9218388835525514,6
EXC,Utilities,rsi2,1613163600000,1613485800000,30.07922582244873,81,28.66191177368164,,1613745000000,29.949354227066042,mean reversion or trend exit,-12.950756718003122,1.2182086458091734,1.2129488461961746,3
PAYX,Industrials,rsi2,1613509200000,1613572200000,88.2440969467163,27,85.34700317382813,,1613745000000,90.6346603050232,mean reversion or trend exit,62.13034745138798,1.19129530878067,1.2235679141178133,2
TMUS,Communication Services,rsi2,1613509200000,1613572200000,121.95094438934325,17,115.1089973449707,,1613745000000,123.03844847488404,mean reversion or trend exit,16.40515961484743,1.0365830273094174,1.0458268120365142,2
TROW,Financials,rsi2,1613682000000,1613745000000,160.46019488525388,14,152.0749969482422,,1614004200000,161.96897805023195,mean reversion or trend exit,18.865960099144573,1.1232213641967772,1.1337828463516237,1
NEE,Utilities,rsi2,1613595600000,1613658600000,80.8704168319702,26,76.4369987487793,,1614027600000,76.39878024940492,stop,-118.3070507087552,1.0513154188156126,0.993184143242264,3
ROL,Industrials,rsi2,1613768400000,1614004200000,35.71785076332092,61,33.772002410888675,,1614090600000,34.9825,mean reversion or trend exit,-47.01275726085718,1.089394448281288,1.06696625,1
AAPL,Information Technology,rsi2,1613682000000,1613745000000,130.30512549591063,14,122.17300567626953,,1614114000000,122.1119191734314,stop,-116.47180782739457,0.9121358784713745,0.8547834342140199,3
WAB,Industrials,rsi2,1613682000000,1613745000000,72.59627755737304,21,67.01699905395508,,1614263400000,74.82257061004638,mean reversion or trend exit,45.20425620038226,0.762260914352417,0.785636991405487,4
DVA,Health Care,rsi2,1613682000000,1613745000000,99.86990969467162,18,93.47700119018555,,1614263400000,103.11841316986084,mean reversion or trend exit,56.64616764762524,0.8988291872520445,0.9280657185287475,4
AWK,Utilities,rsi2,1614027600000,1614090600000,152.08599950408936,15,144.7899948120117,,1614349800000,146.0569398803711,mean reversion or trend exit,-92.67196640115748,1.1406449962806704,1.0954270491027833,3
PLD,Real Estate,rsi2,1614114000000,1614177000000,104.54224286270141,23,99.99400329589844,,1614373200000,99.9440062942505,stop,-108.111032939676,1.202235792921066,1.1493560723838807,3
NEE,Utilities,rsi2,1614027600000,1614090600000,75.0375,26,70.5599967956543,,1614695400000,76.59168225479127,mean reversion or trend exit,38.43755925526077,0.9754875,0.9956918693122865,5
ERIE,Financials,rsi2,1614200400000,1614263400000,245.12249999999997,7,229.98099517822266,,1614695400000,249.92497805023194,mean reversion or trend exit,31.88468017844797,0.8579287499999999,0.8747374231758118,3
AAPL,Information Technology,rsi2,1614286800000,1614349800000,122.65129133605956,13,113.83199844360351,,1614695400000,128.34579866027832,mean reversion or trend exit,72.3971141298677,0.7972333936843872,0.8342476912918092,2
EBAY,Consumer Discretionary,rsi2,1614200400000,1614263400000,59.42970152664184,28,55.297000885009766,,1614805200000,55.26935238456726,stop,-118.09556273284517,0.8320158213729858,0.7737709333839418,5
DLTR,Consumer Staples,rsi2,1614373200000,1614609000000,98.84940305328368,20,93.13799896240235,,1614868200000,101.74910305023194,mean reversion or trend exit,55.98801487792999,0.9884940305328369,1.0174910305023195,3
DXCM,Health Care,rsi2,1614718800000,1614781800000,96.74585088729857,20,90.96325149536133,,1614868200000,91.92401622009278,mean reversion or trend exit,-98.32339201518974,0.9674585088729857,0.9192401622009279,1
HSY,Consumer Staples,rsi2,1614632400000,1614695400000,145.17255610656738,16,139.6960021972656,,1614954600000,146.61665744018555,mean reversion or trend exit,20.7713076295166,1.161380448852539,1.1729332595214843,3
PSA,Real Estate,rsi2,1614632400000,1614695400000,231.37562450408933,10,221.63699951171876,,1615213800000,236.1118807296753,mean reversion or trend exit,45.02512472969094,1.1568781225204465,1.1805594036483764,4
CPT,Real Estate,rsi2,1614805200000,1614868200000,103.58176377868652,22,98.3420036315918,,1615300200000,103.59817652511597,mean reversion or trend exit,-1.917898921893876,1.1393994015655518,1.1395799417762758,3
JNJ,Health Care,rsi2,1614805200000,1614868200000,156.06800049591064,15,151.07000274658202,,1615300200000,156.8115543899536,mean reversion or trend exit,8.806711749000645,1.1705100037193297,1.1760866579246523,3
LUV,Industrials,rsi2,1614891600000,1614954600000,56.38818061065673,27,52.14700202941894,,1615300200000,60.13991316986084,mean reversion or trend exit,99.72364983247392,0.7612404382438659,0.8118888277931213,2
TTWO,Communication Services,rsi2,1614978000000,1615213800000,170.26508267211912,9,157.40400085449218,,1615300200000,168.9155,mean reversion or trend exit,-13.672556671096546,0.7661928720245361,0.7601197500000001,1
WAT,Health Care,rsi2,1614805200000,1614868200000,264.9524173278808,9,254.52100219726563,,1615386600000,274.8225114593506,mean reversion or trend exit,86.40186000368551,1.192285877975464,1.2367013015670778,4
CBRE,Real Estate,rsi2,1615323600000,1615386600000,76.0780209159851,19,69.9089973449707,,1615473000000,77.09143225479126,mean reversion or trend exit,17.799705632194488,0.7227411987018585,0.7323686064205169,1
ZBRA,Information Technology,rsi2,1615237200000,1615300200000,468.85430511474607,2,424.7920196533203,,1615559400000,477.26125,mean reversion or trend exit,15.867774215393153,0.4688543051147461,0.47726125,3
SW,Materials,rsi2,1615237200000,1615300200000,46.08303137397766,52,45.200001907348636,,1615815000000,46.79658969497681,mean reversion or trend exit,34.69016254416289,1.198158815723419,1.216711332069397,4
LYB,Materials,rsi2,1615924800000,1615987800000,106.02298622131347,15,98.29300003051758,,1616074200000,109.34530152511597,mean reversion or trend exit,48.219467398939244,0.7951723966598511,0.8200897614383699,1
PKG,Materials,rsi2,1615838400000,1615901400000,134.24708267211912,18,128.96900634765626,,1616419800000,128.01596183013916,stop gap,-114.52054255615958,1.2082237440490722,1.1521436564712524,4
IRM,Real Estate,rsi2,1615924800000,1615987800000,35.78788545799255,57,33.69999942779541,,1616506200000,36.491743322372436,mean reversion or trend exit,38.059928849413005,1.0199547355527878,1.0400146846876144,4
AON,Financials,rsi2,1615838400000,1615901400000,225.72280561065674,10,216.27899627685548,,1616679000000,225.59715171051027,mean reversion or trend exit,-3.513138788070438,1.1286140280532837,1.1279857585525515,7
ECL,Materials,rsi2,1616011200000,1616074200000,209.78483267211914,11,199.47298736572264,,1616679000000,207.3662662200928,mean reversion or trend exit,-28.89856201619691,1.1538165796966553,1.1405144642105103,5
REG,Real Estate,rsi2,1616184000000,1616419800000,56.028,32,52.374000549316406,,1616765400000,57.79108969497681,mean reversion or trend exit,54.597764804138386,0.896448,0.9246574351196291,4
ADM,Consumer Staples,rsi2,1616443200000,1616506200000,56.12804847335815,43,53.95500030517578,,1616765400000,57.14141316986084,mean reversion or trend exit,41.13938852428652,1.2067530421772004,1.228540383152008,3
BG,Consumer Staples,rsi2,1616616000000,1616679000000,75.0375,26,70.53599700927734,,1616765400000,77.93101622009277,mean reversion or trend exit,73.24283101155102,0.9754875,1.013103210861206,1
ROST,Consumer Discretionary,rsi2,1616616000000,1616679000000,113.73684030532836,16,106.52000274658204,,1616765400000,119.46023664474488,mean reversion or trend exit,89.7087648150638,0.9098947224426269,0.955681893157959,1
LLY,Health Care,rsi2,1615838400000,1615901400000,191.63576328277586,9,178.38700103759766,,1617024600000,184.56767366027833,mean reversion or trend exit,-65.30572206872147,0.8623609347724913,0.8305545314712526,9
VTR,Real Estate,rsi2,1616702400000,1616765400000,53.966968626022336,32,50.243002319335936,,1617024600000,54.50273377990723,mean reversion or trend exit,15.408969685821786,0.8634714980163574,0.8720437404785157,1
IDXX,Health Care,rsi2,1616702400000,1616765400000,473.2665137786865,3,436.86298828125,,1617111000000,474.1328101196289,mean reversion or trend exit,1.1777900369798062,0.7098997706680298,0.7111992151794434,2
IBKR,Financials,rsi2,1616702400000,1616765400000,18.72935931301117,71,17.03174991607666,,1617283800000,18.278356631278992,mean reversion or trend exit,-33.334964319006886,0.6648922556118966,0.6488816604104043,4
INTU,Information Technology,rsi2,1616702400000,1616765400000,369.3445836639404,5,346.85602416992185,,1617283800000,388.72555342102055,mean reversion or trend exit,95.00967344268835,0.9233614591598509,0.9718138835525514,4
ARES,Financials,rsi2,1617048000000,1617111000000,52.766371679306026,40,49.81750144958496,,1617283800000,56.29183969497681,mean reversion or trend exit,138.83755639934563,1.0553274335861207,1.1258367938995362,2
FISV,Financials,rsi2,1617220800000,1617283800000,120.05999999999999,19,113.8900016784668,,1617629400000,122.22885591506959,mean reversion or trend exit,38.90651825512923,1.1405699999999999,1.161174131193161,1
CHTR,Communication Services,rsi2,1617220800000,1617283800000,618.309,3,582.4340209960938,,1617629400000,607.1762404785156,mean reversion or trend exit,-35.23650642517077,0.9274635,0.9107643607177734,1
CMCSA,Communication Services,rsi2,1617220800000,1617283800000,51.21584933853149,42,48.31209030151367,,1617715800000,50.93984173965455,mean reversion or trend exit,-13.73758866547357,1.0755328361091614,1.0697366765327454,2
EIX,Utilities,rsi2,1617220800000,1617283800000,58.52925,43,56.248999404907224,,1617715800000,59.50023377990723,mean reversion or trend exit,39.21466863474284,1.258378875,1.2792550262680054,2
SW,Materials,rsi2,1617220800000,1617283800000,45.87292347335815,55,44.834998321533206,,1617888600000,48.92552576255799,mean reversion or trend exit,165.28616855200346,1.2615053955173492,1.3454519584703446,4
HAS,Consumer Discretionary,rsi2,1617307200000,1617629400000,95.74784694671631,22,90.3479995727539,,1617888600000,97.43126335525513,mean reversion or trend exit,34.91019077453232,1.0532263164138795,1.0717438969078064,3
ELV,Health Care,rsi2,1617307200000,1617629400000,356.62823721313475,5,335.97300109863284,,1618234200000,359.97992366027836,mean reversion or trend exit,14.9669118335345,0.8915705930328369,0.899949809150696,5
HUM,Health Care,rsi2,1617739200000,1617802200000,408.54416633605956,6,391.4399841308594,,1618234200000,418.29075,mean reversion or trend exit,55.99899723463447,1.2256324990081786,1.25487225,3
DD,Industrials,rsi2,1617825600000,1617888600000,94.88005028915404,27,90.80334396362305,,1618320600000,95.2870570640564,mean reversion or trend exit,8.421926973095283,1.2808806789035796,1.2863752703647615,3
URI,Industrials,rsi2,1617825600000,1617888600000,321.12047145080567,5,297.6629913330078,,1618320600000,324.0478864593506,mean reversion or trend exit,13.024154147949242,0.8028011786270143,0.8101197161483765,3
JNJ,Health Care,rsi2,1617998400000,1618234200000,161.17054133605956,16,157.0800048828125,,1618320600000,156.7815706100464,stop gap,-72.76714851177934,1.2893643306884766,1.2542525648803713,1
PSX,Energy,rsi2,1617912000000,1617975000000,78.55925664138793,24,73.44199752807617,,1618493400000,78.99048377990724,mean reversion or trend exit,8.45885443940776,0.9427110796966551,0.9478858053588869,4
SLB,Energy,rsi2,1618257600000,1618320600000,26.25311977100372,75,24.585000419616698,,1618493400000,27.19639408493042,mean reversion or trend exit,68.74121677490498,0.9844919914126395,1.0198647781848909,2
FFIV,Information Technology,rsi2,1618257600000,1618320600000,208.28408267211913,11,197.41399536132812,,1618493400000,211.17435877990724,mean reversion or trend exit,29.486015757683074,1.1455624546966552,1.16145897328949,2
CMCSA,Communication Services,rsi2,1617998400000,1618234200000,50.12814373970031,51,48.04404907226562,,1618579800000,51.52061733818054,mean reversion or trend exit,68.42411011500575,1.278267665362358,1.3137757421236038,4
LYV,Communication Services,rsi2,1618430400000,1618493400000,82.63129133605956,20,76.35300216674804,,1618925400000,80.94950286483765,mean reversion or trend exit,-35.27157736644711,0.8263129133605956,0.8094950286483765,3
DAL,Industrials,rsi2,1618430400000,1618493400000,48.884430610656736,32,44.95199813842773,,1618948800000,44.92952213935852,stop,-128.0580943255432,0.7821508897705078,0.7188723542297363,4
F,Consumer Discretionary,rsi2,1618862400000,1618925400000,12.066030419826507,185,11.396999931335449,,1618948800000,11.391301431369781,stop,-126.99466606073,1.116107813833952,1.0536953824017048,1
NXPI,Information Technology,rsi2,1618344000000,1618407000000,201.3005969467163,8,187.00800323486328,,1619098200000,201.13938549041748,mean reversion or trend exit,-2.8994515801390586,0.8052023877868653,0.80455754196167,6
MRVL,Information Technology,rsi2,1618430400000,1618493400000,48.62429847335815,32,44.70199966430664,,1619098200000,47.74611545753479,mean reversion or trend exit,-29.643783129241818,0.7779887755737305,0.7639378473205567,5
WYNN,Consumer Discretionary,rsi2,1618516800000,1618579800000,127.70381938934325,13,118.21300582885742,,1619098200000,124.54769561004639,mean reversion or trend exit,-42.66924397835525,0.8300748260307312,0.8095600214653016,4
F,Consumer Discretionary,rsi2,1618948800000,1619011800000,11.365679656505584,184,10.703000164031982,,1619184600000,11.964015266895295,mean reversion or trend exit,107.9474203787539,1.0456425283985138,1.1006894045543671,2
TTWO,Communication Services,rsi2,1619035200000,1619098200000,176.45818011474609,14,168.97399444580077,,1619184600000,178.2608311004639,mean reversion or trend exit,22.75408072154279,1.2352072608032227,1.247825817703247,1
DAL,Industrials,rsi2,1618948800000,1619011800000,44.022,42,41.124000549316406,,1619443800000,46.47675,mean reversion or trend exit,101.19902625000017,0.924462,0.9760117500000001,3
META,Communication Services,rsi2,1619121600000,1619184600000,298.9093897705078,7,282.2379852294922,,1619443800000,303.1883263397217,mean reversion or trend exit,27.845213978111477,1.0461828641967772,1.061159142189026,1
PCG,Utilities,rsi2,1619035200000,1619098200000,11.255625,154,10.43699951171875,,1619530200000,10.824584923744203,mean reversion or trend exit,-68.08034790752112,0.866683125,0.8334930391283036,3
FDX,Industrials,rsi2,1619035200000,1619098200000,223.5847437057495,11,214.54793853759764,,1619616600000,230.86758646392823,mean reversion or trend exit,77.6117825240328,1.2297160903816222,1.2697717255516052,4
WTW,Financials,rsi2,1619208000000,1619443800000,233.91690305328368,11,224.3820007324219,,1619616600000,235.7620648803711,mean reversion or trend exit,17.71354577432656,1.2865429667930603,1.296691356842041,2
CMG,Consumer Discretionary,rsi2,1619208000000,1619443800000,29.37988264274597,82,27.861180114746094,,1619703000000,29.404291125297547,mean reversion or trend exit,-0.4086555552603508,1.2045751883525848,1.2055759361371996,3
LMT,Industrials,rsi2,1619467200000,1619530200000,371.68575,6,359.93100891113284,,1619789400000,378.67055535888676,mean reversion or trend exit,39.657763237243984,1.1150572499999998,1.1360116660766604,3
EIX,Utilities,rsi2,1619553600000,1619616600000,58.62929847335815,44,56.53000106811523,,1619789400000,59.010480915069586,mean reversion or trend exit,14.183952288757862,1.2898445664138791,1.2982305801315308,2
SW,Materials,rsi2,1619553600000,1619616600000,48.184079847335816,53,45.98599967956543,,1620048600000,49.08544561004639,mean reversion or trend exit,45.19474299903989,1.2768781159543992,1.3007643086662295,3
RVTY,Health Care,rsi2,1619726400000,1619789400000,130.42518061065672,19,125.18799896240235,,1620048600000,130.82455438995362,mean reversion or trend exit,5.106229324135194,1.2390392158012389,1.2428332667045592,1
NRG,Utilities,rsi2,1619121600000,1619184600000,37.098541831970216,68,35.267999267578126,,1620135000000,35.40228816986084,mean reversion or trend exit,-117.81027724349993,1.2613504222869873,1.2036777977752686,7
LOW,Consumer Discretionary,rsi2,1619640000000,1619703000000,197.40865255737305,13,189.50900115966797,,1620135000000,198.60064694976808,mean reversion or trend exit,12.921866654338992,1.283156241622925,1.2909042051734925,3
BMY,Health Care,rsi2,1619812800000,1620048600000,62.73135076332092,41,60.40799903869629,,1620221400000,63.86805152511597,mean reversion or trend exit,44.00944348668429,1.285992690648079,1.3092950562648775,2
TYL,Information Technology,rsi2,1619726400000,1619789400000,426.2930265655517,6,408.6580078125,,1620244800000,408.45367880859374,stop,-109.5403266578703,1.2788790796966552,1.2253610364257812,4
FICO,Information Technology,rsi2,1620072000000,1620135000000,511.46559645080566,5,494.17901306152345,,1620244800000,493.9319235549927,stop,-90.18185827907935,1.2786639911270143,1.2348298088874818,2
AXON,Industrials,rsi2,1620158400000,1620221400000,142.54123622131348,12,132.40900573730468,,1620331200000,132.34280123443602,stop,-124.030524067264,0.8552474173278809,0.7940568074066162,2
FICO,Information Technology,rsi2,1620244800000,1620307800000,491.66572343444824,5,473.3400054931641,,1620331200000,473.1033354904175,stop,-95.22386236746576,1.2291643085861206,1.1827583387260439,1
FOXA,Communication Services,rsi2,1620072000000,1620135000000,36.928454847335814,57,34.739999771118164,,1620394200000,37.471256677627565,mean reversion or trend exit,28.819312548168337,1.0524609631490707,1.0679308153123857,3
ABT,Health Care,rsi2,1619812800000,1620048600000,120.61027805328368,21,116.00900192260742,,1620653400000,119.14039694976807,mean reversion or trend exit,-33.38488526135973,1.2664079195594786,1.2509741679725648,5
INTU,Information Technology,rsi2,1620244800000,1620307800000,391.00540255737303,6,374.79100646972654,,1620653400000,400.02989598083497,mean reversion or trend exit,51.77385464515697,1.1730162076721191,1.200089687942505,2
TECH,Health Care,rsi2,1620331200000,1620394200000,102.73884375,21,96.87700500488282,,1620653400000,105.22985997009278,mean reversion or trend exit,50.127669232887285,1.078757859375,1.104913529685974,1
CTSH,Information Technology,rsi2,1620417600000,1620653400000,74.90743774795531,33,71.3880012512207,,1620739800000,73.43326622009278,mean reversion or trend exit,-51.09528203493654,1.2359727228412627,1.2116488926315307,1
WDAY,Information Technology,rsi2,1620331200000,1620394200000,236.61825,8,221.5459945678711,,1620826200000,232.20384732055666,mean reversion or trend exit,-37.190509824828844,0.946473,0.9288153892822266,3
SBAC,Real Estate,rsi2,1620417600000,1620653400000,292.9764015655517,8,278.95200500488284,,1620912600000,282.42872232055663,mean reversion or trend exit,-86.68305445550519,1.1719056062622069,1.1297148892822266,3
AES,Utilities,rsi2,1620331200000,1620394200000,25.58278469467163,92,24.249000358581544,,1620936000000,24.236875858402254,stop,-126.11531732222409,1.176808095954895,1.1148962894865038,5
GPN,Financials,rsi2,1620676800000,1620739800000,193.346625,12,186.5719970703125,,1620999000000,197.9209942703247,mean reversion or trend exit,52.54482552827473,1.16007975,1.1875259656219483,3
IBKR,Financials,rsi2,1620417600000,1620653400000,17.50875,106,16.341499519348144,,1621258200000,17.171410305023194,mean reversion or trend exit,-37.596056163707566,0.92796375,0.9100847461662293,5
ZBH,Health Care,rsi2,1620763200000,1620826200000,161.32334291839598,15,156.19903717041015,,1621258200000,161.89958527374267,mean reversion or trend exit,6.219463368759357,1.20992507188797,1.21424688955307,3
ROP,Information Technology,rsi2,1620849600000,1620912600000,430.465125,5,413.49201049804685,,1621258200000,437.8809561004639,mean reversion or trend exit,34.90829029956829,1.0761628125,1.0947023902511597,2
TDY,Information Technology,rsi2,1620936000000,1620999000000,413.4866387786865,5,390.8230041503906,,1621258200000,423.1683148803711,mean reversion or trend exit,46.31674312427543,1.0337165969467161,1.057920787200928,1
COR,Health Care,rsi2,1621022400000,1621258200000,116.36815255737304,21,110.75399703979492,,1621517400000,118.45074713516236,mean reversion or trend exit,41.26888768680415,1.2218656018524168,1.2437328449192049,3
DIS,Communication Services,rsi2,1621022400000,1621258200000,172.7863469467163,14,165.82599334716798,,1621603800000,172.13389122009278,mean reversion or trend exit,-11.548821839896872,1.209504428627014,1.2049372385406496,4
DGX,Health Care,rsi2,1621281600000,1621344600000,132.28611122131346,18,125.86099548339844,,1621863000000,131.934,mean reversion or trend exit,-8.715982984634177,1.190575000991821,1.187406,4
SW,Materials,rsi2,1621368000000,1621431000000,52.20609030532837,47,50.045999908447264,,1621863000000,50.87455152511597,mean reversion or trend exit,-65.00471775299815,1.2268431221752167,1.1955519608402254,3
CTVA,Materials,rsi2,1621540800000,1621603800000,44.682329847335815,39,41.51470108032227,,1621949400000,45.07744847488404,mean reversion or trend exit,13.659310797097351,0.8713054320230484,0.8790102452602386,2
STE,Health Care,rsi2,1621454400000,1621517400000,190.0449719467163,13,181.99899139404297,,1622035800000,191.44422328948977,mean reversion or trend exit,15.710587687019927,1.2352923176536559,1.2443874513816837,4
MAS,Industrials,rsi2,1621627200000,1621863000000,61.05051045799255,33,57.37499732971192,,1622035800000,60.969500000000004,mean reversion or trend exit,-4.686675286310958,1.007333422556877,1.00599675,2
TJX,Consumer Discretionary,rsi2,1621886400000,1621949400000,66.95345816802978,29,62.82800064086914,,1622035800000,67.74610877990723,mean reversion or trend exit,21.033724023700916,0.9708251434364319,0.9823185773086549,1
DLTR,Consumer Staples,rsi2,1620936000000,1620999000000,110.07500664138793,22,105.60700225830078,,1622122200000,102.28882633972168,stop gap,-173.6319687994497,1.2108250730552672,1.1251770897369386,9
EG,Financials,rsi2,1621627200000,1621863000000,265.58273721313475,9,252.6,,1622208600000,261.4491965789795,mean reversion or trend exit,-39.573509409461536,1.1951223174591064,1.176521384605408,4
AMCR,Materials,rsi2,1621972800000,1622035800000,58.32914923667907,42,56.03499870300293,,1622208600000,59.17040076255799,mean reversion or trend exit,32.86507353693053,1.2249121339702607,1.2425784160137179,2
WRB,Financials,rsi2,1621972800000,1622035800000,34.37273426628113,71,32.80977897644043,,1622554200000,34.889212469100954,mean reversion or trend exit,34.21115329110159,1.22023206645298,1.238567042653084,3
ORLY,Consumer Discretionary,rsi2,1622145600000,1622208600000,35.32965627479553,69,34.051802444458005,,1622554200000,35.78543161582947,mean reversion or trend exit,28.995027999114914,1.218873141480446,1.2345973907461167,1
PFE,Health Care,rsi2,1622059200000,1622122200000,38.98948622131348,62,37.356999206542966,,1622727000000,38.74061832237244,mean reversion or trend exit,-17.839442975198494,1.208674072860718,1.2009591679935456,4
SJM,Consumer Staples,rsi2,1622145600000,1622208600000,132.88641732788085,18,127.40500335693359,,1622727000000,136.62165744018554,mean reversion or trend exit,64.80874934857191,1.1959777559509275,1.22959491696167,3
DVA,Health Care,rsi2,1622232000000,1622554200000,120.41017347335814,20,114.94199981689454,,1622813400000,121.50921469497682,mean reversion or trend exit,19.56163055069019,1.2041017347335814,1.2150921469497682,3
HPQ,Information Technology,rsi2,1622232000000,1622554200000,29.734859313011167,48,27.2010009765625,,1623072600000,30.78459923744202,mean reversion or trend exit,48.93504936747005,0.713636623512268,0.7388303816986085,4
VRSN,Information Technology,rsi2,1622750400000,1622813400000,217.76883366394043,11,208.79200439453126,,1623072600000,218.640625,mean reversion or trend exit,7.189452674003631,1.1977285851516724,1.2025234375,1
CI,Health Care,rsi2,1622664000000,1622727000000,255.31759744262695,9,245.63899688720704,,1623096000000,245.51617738876345,stop,-90.4665324715127,1.1489291884918211,1.1048227982494354,3
AZO,Consumer Discretionary,rsi2,1621972800000,1622035800000,1416.3177903442381,1,1359.8230224609374,,1623245400000,1392.493346435547,mean reversion or trend exit,-25.22884947708103,0.708158895172119,0.6962466732177736,9
YUM,Consumer Discretionary,rsi2,1622664000000,1622727000000,118.49922244262694,20,115.98999710083008,,1623245400000,119.10042366027832,mean reversion or trend exit,9.648027891998533,1.1849922244262694,1.1910042366027833,4
AON,Financials,rsi2,1623182400000,1623245400000,245.12249999999997,10,237.24799652099608,,1623418200000,249.64511927032473,mean reversion or trend exit,42.75235460689591,1.2256125,1.2482255963516236,2
COO,Health Care,rsi2,1623096000000,1623159000000,94.04200024795531,26,89.94574813842773,,1623677400000,94.24285591506958,mean reversion or trend exit,2.774544214851657,1.2225460032234192,1.2251571268959047,4
FDX,Industrials,rsi2,1622836800000,1623072600000,244.28002269744871,10,232.2433609008789,,1623850200000,240.38740608215335,mean reversion or trend exit,-41.34950329685168,1.2214001134872436,1.2019370304107668,7
SNA,Industrials,rsi2,1623787200000,1623850200000,230.80534744262695,10,222.62099609375,,1623873600000,222.50968559570313,stop,-85.22319363442985,1.1540267372131348,1.1125484279785158,1
CNC,Health Care,rsi2,1622836800000,1623072600000,71.80588164138794,32,68.12900314331054,,1623936600000,72.3937853050232,mean reversion or trend exit,16.505722565185724,1.1488941062622071,1.1583005648803713,8
TFC,Financials,rsi2,1623355200000,1623418200000,57.97897576332092,42,55.18600196838379,,1623936600000,58.19089122009278,mean reversion or trend exit,6.460881977766533,1.2175584910297395,1.2220087156219483,4
KDP,Consumer Staples,rsi2,1623182400000,1623245400000,35.24761454200745,70,34.0700008392334,,1623960000000,34.05296583881378,stop,-86.05092953688523,1.2336665089702605,1.1918538043584825,7
HBAN,Financials,rsi2,1623441600000,1623677400000,14.517255228996277,160,13.769999980926514,,1623960000000,13.76311498093605,stop,-122.92486930643078,1.161380418319702,1.101049198474884,4
SNA,Industrials,rsi2,1623873600000,1623936600000,224.89238877868652,10,214.74400329589844,,1623960000000,214.6366312942505,stop,-104.75521994472501,1.1244619438934327,1.0731831564712524,1
ADM,Consumer Staples,rsi2,1623873600000,1623936600000,63.84190637397766,38,61.92600021362305,,1623960000000,61.89503721351624,stop,-76.37003002569625,1.2129962211055754,1.1760057070568086,1
DD,Industrials,rsi2,1623873600000,1623936600000,100.71979121017455,24,96.65272064208985,,1623960000000,96.6043942817688,stop,-101.13741650764118,1.2086374945220946,1.1592527313812258,1
NEM,Materials,rsi2,1623960000000,1624023000000,63.46171530532837,37,60.76099700927735,,1624282200000,63.208381677627564,mean reversion or trend exit,-11.716741019114458,1.1740417331485749,1.1693550610361099,1
BG,Consumer Staples,rsi2,1623960000000,1624023000000,77.19858366394043,30,73.96200256347656,,1624368600000,80.21987213516236,mean reversion or trend exit,88.27737729967156,1.1579787549591065,1.2032980820274355,2
SWK,Industrials,rsi2,1624046400000,1624282200000,196.58825049591064,12,188.1750030517578,,1624368600000,198.34078244018556,mean reversion or trend exit,18.660809133682474,1.1795295029754638,1.1900446946411134,1
SNA,Industrials,rsi2,1623960000000,1624023000000,213.07648622131347,11,205.8270034790039,,1624455000000,220.00993511962892,mean reversion or trend exit,73.88596256409474,1.1719206742172241,1.2100546431579593,3
C,Financials,rsi2,1623960000000,1624023000000,68.51424335861206,34,65.5120002746582,,1624541400000,70.29483683013916,mean reversion or trend exit,58.18042366871256,1.164742137096405,1.1950122261123657,4
STX,Information Technology,rsi2,1623960000000,1624023000000,87.32363877868652,22,82.14299774169922,,1624627800000,86.19687786483765,mean reversion or trend exit,-26.697465787753895,0.9605600265655517,0.9481656565132142,5
WDC,Information Technology,rsi2,1624305600000,1624368600000,51.83240273094177,46,49.32955322265625,,1624627800000,52.85337805366516,mean reversion or trend exit,44.557091887229866,1.1921452628116609,1.2156276952342988,3
SW,Materials,rsi2,1624305600000,1624368600000,52.09603469467163,39,49.1310001373291,,1624887000000,53.513230915069585,mean reversion or trend exit,53.21127191613028,1.0158726765460968,1.043508002843857,4
EXC,Utilities,rsi2,1624392000000,1624455000000,31.59924395084381,75,30.564908599853517,,1624887000000,31.916986404418946,mean reversion or trend exit,21.448825379812817,1.184971648156643,1.1968869901657107,3
EQIX,Real Estate,rsi2,1624478400000,1624541400000,804.4120147705078,3,768.9840148925781,,1624973400000,791.6240095214844,mean reversion or trend exit,-40.75806978350818,1.2066180221557616,1.1874360142822267,3
DLR,Real Estate,rsi2,1624564800000,1624627800000,150.25508267211913,16,144.27900238037108,,1624973400000,152.18386450958252,mean reversion or trend exit,28.44099782196063,1.202040661376953,1.2174709160766601,2
SJM,Consumer Staples,rsi2,1624564800000,1624627800000,128.1640561065674,19,123.89600830078125,,1624973400000,130.80456011962892,mean reversion or trend exit,47.70937439402021,1.2175585330123901,1.2426433211364747,2
PPG,Materials,rsi2,1624651200000,1624887000000,167.94393061065674,14,161.36100311279296,,1625146200000,170.8645219497681,mean reversion or trend exit,38.516619579635986,1.1756075142745972,1.1960516536483767,3
UAL,Industrials,rsi2,1624651200000,1624887000000,53.52675,45,50.99500045776367,,1625232600000,53.14341316986084,mean reversion or trend exit,-19.650236027583947,1.2043518750000002,1.195726796321869,4
DAL,Industrials,rsi2,1624910400000,1624973400000,43.021499999999996,56,40.94599876403809,,1625232600000,44.0679551525116,mean reversion or trend exit,56.16298379637956,1.204602,1.2339027442703248,3
HLT,Consumer Discretionary,rsi2,1624910400000,1624973400000,120.82038213729858,20,115.83800048828125,,1625232600000,124.42775286483766,mean reversion or trend exit,69.69493320076018,1.208203821372986,1.2442775286483767,3
WYNN,Consumer Discretionary,rsi2,1624910400000,1624973400000,121.01047194671631,17,114.28100280761718,,1625232600000,123.1184103050232,mean reversion or trend exit,33.75985659207745,1.0285890115470886,1.0465064875926973,3
IRM,Real Estate,rsi2,1625083200000,1625146200000,42.521249999999995,57,40.69399871826172,,1625578200000,42.61867938995361,mean reversion or trend exit,3.1269872397425384,1.2118556249999999,1.214632362613678,2
PSA,Real Estate,rsi2,1625169600000,1625232600000,301.32059843444824,8,293.02699890136716,,1625578200000,302.12885877990726,mean reversion or trend exit,4.052284934814725,1.205282393737793,1.208515435119629,1
BX,Financials,rsi2,1625169600000,1625232600000,97.73884744262695,25,93.58299942016602,,1625751000000,97.39128244018555,mean reversion or trend exit,-11.128251684570143,1.221735593032837,1.2173910305023194,3
VMC,Materials,rsi2,1625256000000,1625578200000,170.64527755737305,14,162.86999969482423,,1625751000000,172.21385305023193,mean reversion or trend exit,19.560042985771133,1.1945169429016114,1.2054969713516235,2
CVS,Health Care,rsi2,1625169600000,1625232600000,82.20108366394042,30,79.62000045776367,,1626096600000,80.84955438995362,mean reversion or trend exit,-42.99163779041237,1.2330162549591064,1.2127433158493044,5
KR,Consumer Staples,rsi2,1625169600000,1625232600000,38.27912832069397,64,36.46500091552734,,1626096600000,38.21088454246521,mean reversion or trend exit,-6.8152822182618715,1.2249321062622072,1.2227483053588868,5
IBM,Information Technology,rsi2,1625256000000,1625578200000,133.90056550598143,18,129.26768798828124,,1626096600000,135.1427219848633,mean reversion or trend exit,19.937427032456007,1.2051050895538329,1.2162844978637697,4
CBOE,Financials,rsi2,1625688000000,1625751000000,115.99797244262695,21,112.06700134277344,,1626096600000,118.86053816986085,mean reversion or trend exit,57.647865910480775,1.2179787106475828,1.2480356507835388,2
CTVA,Materials,rsi2,1625688000000,1625751000000,42.96146862602234,57,41.583000564575194,,1626183000000,43.89803816986084,mean reversion or trend exit,50.908968055111934,1.2244018558416367,1.2510940878410342,3
PODD,Health Care,rsi2,1626120000000,1626183000000,274.47716633605955,9,261.041015625,,1626292800000,260.9104951171875,stop,-124.50928544638802,1.235147248512268,1.1740972280273438,2
ZBH,Health Care,rsi2,1625860800000,1626096600000,154.20328381347656,16,149.36505432128905,,1626355800000,150.10937126922607,mean reversion or trend exit,-67.9371019486694,1.2336262705078125,1.2008749701538086,3
AKAM,Information Technology,rsi2,1626120000000,1626183000000,115.36765255737303,21,112.0770050048828,,1626442200000,116.81156774520875,mean reversion or trend exit,27.88433713137288,1.211360351852417,1.226521461324692,3
CHTR,Communication Services,rsi2,1626120000000,1626183000000,720.1498730163573,3,694.4859924316406,,1626701400000,709.5850324401856,mean reversion or trend exit,-33.83912408669997,1.080224809524536,1.0643775486602784,4
MPC,Energy,rsi2,1626292800000,1626355800000,54.62729847335815,42,51.81099967956543,,1626701400000,51.34431393241883,stop gap,-140.11075457997296,1.147173267940521,1.0782305925807956,2
TKO,Communication Services,rsi2,1626379200000,1626442200000,51.665819389343255,37,48.47400093078613,,1626701400000,49.57519847488403,mean reversion or trend exit,-79.22593266547945,0.9558176587028502,0.9171411717853546,1
CRM,Information Technology,rsi2,1626120000000,1626183000000,242.41113828277585,10,233.21600341796875,,1626874200000,241.31928244018556,mean reversion or trend exit,-13.337210529517723,1.2120556914138794,1.2065964122009278,6
LII,Industrials,rsi2,1626292800000,1626355800000,308.5041811065674,7,294.3680023193359,,1626874200000,326.3467547607422,mean reversion or trend exit,122.67603730368822,1.0797646338729858,1.1422136416625976,4
WSM,Consumer Discretionary,rsi2,1626465600000,1626701400000,76.41818725204467,31,72.75399703979492,,1626874200000,79.37029866027832,mean reversion or trend exit,89.10073212360209,1.1844819024066924,1.230239629234314,2
IFF,Materials,rsi2,1626465600000,1626701400000,142.6512918319702,16,139.0209945678711,,1626874200000,144.32779389953615,mean reversion or trend exit,24.5282003952029,1.1412103346557618,1.1546223511962892,2
AMD,Information Technology,rsi2,1626465600000,1626701400000,85.03249286270142,25,80.50399932861328,,1626960600000,89.35530152511598,mean reversion or trend exit,105.89036913051626,1.0629061607837678,1.1169412690639497,3
BIIB,Health Care,rsi2,1626811200000,1626874200000,321.5707086639404,5,298.2209930419922,,1627047000000,321.9389561004639,mean reversion or trend exit,0.232463020706295,0.803926771659851,0.8048473902511597,2
DPZ,Consumer Discretionary,rsi2,1626811200000,1626874200000,475.72773522949217,5,460.4720031738281,,1627047000000,541.7189952392579,mean reversion or trend exit,327.41268322265665,1.1893193380737306,1.3542974880981447,2
PPG,Materials,rsi2,1626811200000,1626874200000,159.05948572540282,15,151.2480010986328,,1627306200000,164.13789122009277,mean reversion or trend exit,73.75210209325796,1.1929461429405213,1.231034184150696,3
OMC,Communication Services,rsi2,1626811200000,1626874200000,73.34665255737305,33,69.75100021362304,,1627392600000,72.58369274520875,mean reversion or trend exit,-27.585524498914403,1.2102197671966552,1.1976309302959445,4
KHC,Consumer Staples,rsi2,1626984000000,1627047000000,38.88943393135071,65,37.59069938659668,,1627392600000,39.47025667762757,mean reversion or trend exit,35.20678856320401,1.263906602768898,1.282783342022896,2
ELV,Health Care,rsi2,1627329600000,1627392600000,377.6087234344482,6,363.7830078125,,1627479000000,381.8190047607422,mean reversion or trend exit,22.983404773178226,1.1328261703033446,1.1454570142822265,1
CNC,Health Care,rsi2,1627416000000,1627479000000,70.56526377868651,36,67.4530029296875,,1627997400000,70.30482633972169,mean reversion or trend exit,-11.911409424865173,1.2701747480163572,1.2654868741149903,4
CCI,Real Estate,rsi2,1626984000000,1627047000000,193.26658316802977,13,185.8759963989258,,1628083800000,195.20235305023195,mean reversion or trend exit,22.639960383209644,1.2562327905921935,1.2688152948265077,8
UPS,Industrials,rsi2,1627416000000,1627479000000,195.18754133605955,13,187.18900451660156,,1628083800000,192.82353816986085,mean reversion or trend exit,-33.25411317737158,1.268719018684387,1.2533529981040956,5
AMGN,Health Care,rsi2,1627934400000,1627997400000,240.88037450408933,10,232.00899658203124,,1628083800000,238.2508101196289,mean reversion or trend exit,-28.691299767722818,1.2044018725204466,1.1912540505981446,1
GEN,Information Technology,rsi2,1626897600000,1626960600000,25.692840305328367,88,24.32800006866455,,1628107200000,24.31583606863022,stop,-123.37675458989125,1.1304849734344482,1.0698967870197296,10
LMT,Industrials,rsi2,1627329600000,1627392600000,368.434125,6,356.4589813232422,,1628170200000,362.25878244018554,mean reversion or trend exit,-39.24413408120728,1.105302375,1.0867763473205567,7
DIS,Communication Services,rsi2,1628020800000,1628083800000,172.58624999999998,14,164.91900634765625,,1628170200000,172.40376049041748,mean reversion or trend exit,-4.969783207587861,1.2081037499999998,1.2068263234329224,1
FOXA,Communication Services,rsi2,1628020800000,1628083800000,34.81739923667907,72,33.2849983215332,,1628256600000,37.271355915069584,mean reversion or trend exit,174.08968565865388,1.2534263725204466,1.3417688129425052,2
EXPE,Consumer Discretionary,rsi2,1628107200000,1628170200000,155.51772244262693,9,142.83399658203126,,1628256600000,149.48521755981446,mean reversion or trend exit,-55.66505717532326,0.6998297509918212,0.672683479019165,1
ESS,Real Estate,rsi2,1628107200000,1628170200000,325.9328740081787,7,312.1829833984375,,1628515800000,325.51715267944337,mean reversion or trend exit,-5.190124394554087,1.1407650590286256,1.1393100343780518,2
TDG,Industrials,rsi2,1628107200000,1628170200000,618.6891948852539,3,587.789990234375,,1628515800000,625.687,mean reversion or trend exit,19.12685105191055,0.9280337923278807,0.9385305,2
CME,Financials,rsi2,1628193600000,1628256600000,209.7348198852539,12,201.08599853515625,,1628515800000,210.2548206100464,mean reversion or trend exit,3.720070854538319,1.2584089193115233,1.2615289236602785,1
INVH,Real Estate,rsi2,1628280000000,1628515800000,39.94996530532837,63,38.886297607421874,,1628625600000,38.866854458618164,stop,-70.71871316530726,1.2584239071178436,1.2243059154464722,2
GEN,Information Technology,rsi2,1628193600000,1628256600000,23.90194438934326,99,22.650999450683592,,1628688600000,25.547219466209413,mean reversion or trend exit,160.43449899889922,1.1831462472724914,1.264587363577366,3
EBAY,Consumer Discretionary,rsi2,1628280000000,1628515800000,65.77286786270142,33,62.08899917602539,,1628688600000,67.18639122009277,mean reversion or trend exit,44.45244301904862,1.0852523197345734,1.1085754551315308,2
EFX,Industrials,rsi2,1628280000000,1628515800000,254.12699999999998,10,243.8849899291992,,1628688600000,260.43972232055665,mean reversion or trend exit,60.554389593963954,1.270635,1.3021986116027833,2
AMT,Real Estate,rsi2,1628625600000,1628688600000,276.54820866394044,9,266.6329864501953,,1628861400000,280.2897776794434,mean reversion or trend exit,31.168350200981163,1.244466938987732,1.2613039995574953,2
SBUX,Consumer Discretionary,rsi2,1628020800000,1628083800000,119.18956225204467,21,114.36099472045899,,1629120600000,116.63165744018555,mean reversion or trend exit,-56.19212385580989,1.2514904036464691,1.2246324031219484,8
INVH,Real Estate,rsi2,1628625600000,1628688600000,39.08953469467163,65,37.62249870300293,,1629120600000,39.25036545753479,mean reversion or trend exit,7.907952831158923,1.270409877576828,1.2756368773698807,3
UHS,Health Care,rsi2,1628625600000,1628688600000,147.4736938934326,14,138.61100006103516,,1629120600000,148.77558110046388,mean reversion or trend exit,16.15267597348072,1.0323158572540283,1.0414290677032472,3
ROP,Information Technology,rsi2,1628625600000,1628688600000,481.0403877868652,5,465.3189971923828,,1629207000000,484.49762023925786,mean reversion or trend exit,14.87231724189792,1.2026009694671629,1.2112440505981448,4
NWSA,Communication Services,rsi2,1628884800000,1629120600000,23.341664923667906,110,22.27800006866455,,1629230400000,22.26686106863022,stop,-120.73689298372187,1.283791570801735,1.224677358774662,2
NWS,Communication Services,rsi2,1628884800000,1629120600000,22.79139068698883,106,21.615000534057618,,1629316800000,21.60419303379059,stop,-128.19591717621472,1.207943706410408,1.1450222307909013,3
ICE,Financials,rsi2,1628884800000,1629120600000,116.49822244262694,22,113.73899765014649,,1629725400000,117.65114408493042,mean reversion or trend exit,22.788633098873483,1.2814804468688963,1.2941625849342346,5
CPRT,Industrials,rsi2,1629316800000,1629379800000,34.259621555328366,72,33.25550231933594,,1629725400000,34.94502027511597,mean reversion or trend exit,46.85734071881168,1.233346375991821,1.258020729904175,2
AMAT,Information Technology,rsi2,1628798400000,1628861400000,129.1945698852539,14,120.39399948120118,,1629811800000,131.73410305023194,mean reversion or trend exit,33.72696359914394,0.9043619891967773,0.9221387213516236,7
FFIV,Information Technology,rsi2,1629144000000,1629207000000,202.44116633605955,12,194.51300659179688,,1629811800000,202.97846183013917,mean reversion or trend exit,4.015028159958185,1.2146469980163574,1.217870770980835,5
CBRE,Real Estate,rsi2,1629230400000,1629293400000,92.80638213729858,27,88.65399780273438,,1629811800000,93.11342366027833,mean reversion or trend exit,5.78020374218582,1.2528861588535307,1.2570312194137576,4
DE,Industrials,rsi2,1629489600000,1629725400000,354.3270688934326,6,334.8559906005859,,1629898200000,368.81550000000004,mean reversion or trend exit,84.76115893272421,1.062981206680298,1.1064465,2
F,Consumer Discretionary,rsi2,1629489600000,1629725400000,12.716355038166045,129,11.745999622344971,,1629898200000,13.113439885616303,mean reversion or trend exit,49.55792354849943,0.8202048999617099,0.8458168726222516,2
FTV,Industrials,rsi2,1629748800000,1629811800000,55.26499585533142,46,53.281836318969724,,1629898200000,55.586359176635746,mean reversion or trend exit,12.233131614263716,1.2710949046726228,1.2784862610626222,1
DOC,Real Estate,rsi2,1629748800000,1629811800000,35.0175,73,33.635999298095705,,1629898200000,35.03247423744202,mean reversion or trend exit,-1.4637047263992806,1.2781387499999999,1.2786853096666337,1
VTR,Real Estate,rsi2,1629748800000,1629811800000,54.26712167930603,47,51.67399940490723,,1629984600000,55.4022853050232,mean reversion or trend exit,50.77545934457521,1.2752773594636917,1.3019537046680452,2
DPZ,Consumer Discretionary,rsi2,1629835200000,1629898200000,502.73125099182124,5,482.20497741699216,,1629984600000,512.2037919616699,mean reversion or trend exit,44.825367241859745,1.2568281274795532,1.280509479904175,1
SJM,Consumer Staples,rsi2,1629835200000,1629898200000,126.88340969467163,20,122.8239959716797,,1630008000000,122.76258397369386,stop,-84.91297435623892,1.2688340969467162,1.2276258397369386,2
CPT,Real Estate,rsi2,1629835200000,1629898200000,142.40116683197022,18,137.43399658203126,,1630071000000,146.38677671051028,mean reversion or trend exit,69.14188632183877,1.281610501487732,1.3174809903945925,2
HSIC,Health Care,rsi2,1630008000000,1630071000000,74.2471040840149,35,71.23999481201172,,1630416600000,74.97249713516236,mean reversion or trend exit,22.77741376882562,1.2993243214702608,1.3120186998653411,2
HSY,Consumer Staples,rsi2,1630008000000,1630071000000,175.75783316802978,14,171.35800170898438,,1630416600000,176.30180438995362,mean reversion or trend exit,5.151179644027879,1.2303048321762085,1.2341126307296755,2
TSN,Consumer Staples,rsi2,1629921600000,1629984600000,78.52924286270141,33,75.68999862670898,,1630503000000,78.53071469497681,mean reversion or trend exit,-2.5429188346135145,1.2957325072345731,1.2957567924671174,4
UNP,Industrials,rsi2,1629835200000,1629898200000,221.69079183197022,11,215.21700134277344,,1630526400000,215.10939284210207,stop,-74.79778990425703,1.2192993550758362,1.1831016606315614,6
ETR,Utilities,rsi2,1630353600000,1630416600000,54.60228826332092,47,52.7010009765625,,1630589400000,56.366802957534794,mean reversion or trend exit,80.32441698436189,1.2831537741880419,1.3246198695020677,2
DECK,Consumer Discretionary,rsi2,1630440000000,1630503000000,70.2734538230896,34,66.67183380126953,,1630699200000,66.6384978843689,stop,-125.91600509553038,1.1946487149925231,1.1328544640342715,3
PPG,Materials,rsi2,1630526400000,1630589400000,158.07899999999998,16,152.55699920654297,,1631021400000,149.4152604904175,stop gap,-141.0797862372431,1.2646319999999998,1.19532208392334,2
CVNA,Consumer Discretionary,rsi2,1630353600000,1630416600000,68.03399999999999,24,62.734703826904294,,1631107800000,66.06295267105102,mean reversion or trend exit,-48.914299326827894,0.8164079999999999,0.7927554320526122,5
SW,Materials,rsi2,1629921600000,1629984600000,56.95846530532837,45,55.57100067138672,,1631194200000,56.3118301525116,mean reversion or trend exit,-31.647163524556078,1.2815654693698881,1.267016178431511,9
TGT,Consumer Staples,rsi2,1631044800000,1631107800000,242.85136072540283,10,233.8229995727539,,1631194200000,245.8470162200928,mean reversion or trend exit,27.513063062172225,1.214256803627014,1.229235081100464,1
BIIB,Health Care,rsi2,1631131200000,1631194200000,322.161,7,306.29998779296875,,1631217600000,306.1468377990723,stop,-114.29821283879085,1.1275635,1.071513932296753,1
WFC,Financials,rsi2,1630526400000,1630589400000,43.70184030532837,43,40.7990005493164,,1631280600000,44.9775,mean reversion or trend exit,52.946761054315594,0.9395895665645599,0.96701625,5
VMC,Materials,rsi2,1631131200000,1631194200000,175.4876938934326,14,168.93499603271485,,1631539800000,178.82054866027832,mean reversion or trend exit,44.17980903796401,1.2284138572540282,1.2517438406219483,2
TJX,Consumer Discretionary,rsi2,1630699200000,1631021400000,70.58527805328369,36,67.72599868774414,,1631712600000,69.16539694976807,mean reversion or trend exit,-53.63123187661729,1.2705350049591064,1.2449771450958251,6
MLM,Materials,rsi2,1630699200000,1631021400000,374.18699999999995,6,359.8150115966797,,1631736000000,359.6351040908814,stop,-89.51284176698407,1.122561,1.0789053122726442,7
BNY,Financials,rsi2,1631304000000,1631539800000,52.3161459159851,48,49.86799964904785,,1631799000000,52.39378816986084,mean reversion or trend exit,1.2137897679750882,1.2555875019836427,1.2574509160766603,3
BIIB,Health Care,rsi2,1631217600000,1631280600000,300.11998622131347,7,282.73399353027344,,1631885400000,300.6995811004639,mean reversion or trend exit,1.9542956684267205,1.0504199517745971,1.0524485338516236,5
VRT,Industrials,rsi2,1631649600000,1631712600000,23.58178469467163,100,22.37749900817871,,1631885400000,24.00799045753479,mean reversion or trend exit,40.24108752870592,1.1790892347335815,1.2003995228767397,2
LEN,Consumer Discretionary,rsi2,1631736000000,1631799000000,95.08139908218384,24,90.13746490478516,,1631885400000,96.61187955093385,mean reversion or trend exit,34.431211906402915,1.140976788986206,1.1593425546112062,1
LLY,Health Care,rsi2,1631217600000,1631280600000,242.3210969467163,9,229.29398651123046,,1631908800000,229.17933951797485,stop,-120.3975688227641,1.0904449362602233,1.031307027830887,6
PODD,Health Care,rsi2,1631822400000,1631885400000,287.0934872131347,8,274.89598693847654,,1632144600000,287.6960763397217,mean reversion or trend exit,2.5215547584842795,1.1483739488525389,1.1507843053588869,1
PKG,Materials,rsi2,1631822400000,1631885400000,142.99145816802977,17,138.97200775146484,,1632168000000,138.9025217475891,stop,-71.90801797677398,1.215427394428253,1.1806714348545075,2
EL,Consumer Staples,rsi2,1631822400000,1631885400000,320.8803612213135,7,311.14300231933595,,1632168000000,310.9874308181763,stop,-71.46205009409861,1.1230812642745973,1.0884560078636172,2
META,Communication Services,rsi2,1632168000000,1632231000000,358.67924999999997,6,341.37501220703126,,1632340800000,341.20432470092777,stop,-106.94920251853597,1.07603775,1.0236129741027833,2
GRMN,Consumer Discretionary,rsi2,1631736000000,1631799000000,168.81436072540282,14,163.11800384521484,,1632403800000,169.64513072967532,mean reversion or trend exit,9.261563619629376,1.1817005250778199,1.1875159151077272,5
ARE,Real Estate,rsi2,1631908800000,1632144600000,193.0064586639404,12,187.72199401855468,,1632403800000,196.75158110046388,mean reversion or trend exit,42.602920999695264,1.1580387519836424,1.1805094866027832,3
EL,Consumer Staples,rsi2,1632168000000,1632231000000,313.1565,7,298.68800354003906,,1632403800000,320.83950000000004,mean reversion or trend exit,51.56201400000035,1.0960477499999999,1.1229382500000002,2
GEN,Information Technology,rsi2,1632340800000,1632403800000,24.96247576332092,99,23.878000831604005,,1632490200000,25.487250000000003,mean reversion or trend exit,49.455388005944776,1.2356425502843855,1.2616188750000001,1
NEE,Utilities,rsi2,1631908800000,1632144600000,81.5807709159851,30,78.86299667358398,,1632772800000,78.8235651752472,stop,-85.12223726350555,1.2237115637397764,1.182353477628708,6
EXR,Real Estate,rsi2,1632340800000,1632403800000,179.49970866394042,13,172.15999298095704,,1632772800000,172.07391298446657,stop,-98.8205723738747,1.1667481063156129,1.1184804343990327,3
SO,Utilities,rsi2,1632340800000,1632403800000,63.65180893135071,39,61.92000198364258,,1632835800000,62.43876622009277,mean reversion or trend exit,-49.767431954512574,1.2412102741613387,1.217555941291809,3
ILMN,Health Care,rsi2,1632340800000,1632403800000,424.394983291626,5,401.8414581298828,,1632835800000,406.4503596801758,mean reversion or trend exit,-91.8002314146805,1.060987458229065,1.0161258992004394,3
NEE,Utilities,rsi2,1632772800000,1632835800000,78.51924335861206,30,75.94599990844726,,1632922200000,77.58119274520874,mean reversion or trend exit,-30.483024943656904,1.1777886503791808,1.1637178911781312,1
LNT,Utilities,rsi2,1632772800000,1632835800000,56.21809362602234,43,54.21500091552734,,1633008600000,56.971500000000006,mean reversion or trend exit,29.962897818080258,1.2086890129594803,1.2248872500000003,2
PSA,Real Estate,rsi2,1632772800000,1632835800000,294.7773198852539,8,284.5249877929688,,1633008600000,303.9679351196289,mean reversion or trend exit,71.12994085498049,1.1791092795410156,1.2158717404785158,2
BDX,Health Care,rsi2,1632427200000,1632490200000,194.31401213836668,12,189.12102661132812,,1633032000000,189.02646609802247,stop,-65.75059535354886,1.1658840728302,1.134158796588135,5
WDAY,Information Technology,rsi2,1632945600000,1633008600000,250.4551668319702,9,237.55599212646484,,1633354200000,253.69309732055666,mean reversion or trend exit,26.872707208591873,1.1270482507438657,1.141618937942505,2
UNH,Health Care,rsi2,1632859200000,1632922200000,397.19849999999997,6,383.03699645996096,,1633527000000,390.55462500000004,mean reversion or trend exit,-42.22650937499954,1.1915955,1.1716638750000001,5
EXR,Real Estate,rsi2,1632772800000,1632835800000,168.31411072540283,14,162.05199584960937,,1633613400000,171.44423377990722,mean reversion or trend exit,41.44341435152436,1.1781987750778198,1.2001096364593504,7
DPZ,Consumer Discretionary,rsi2,1632945600000,1633008600000,484.68222244262694,5,466.2729949951172,,1633613400000,481.9589122009278,mean reversion or trend exit,-16.033154045104652,1.2117055561065675,1.2048972805023195,5
TRMB,Information Technology,rsi2,1633032000000,1633095000000,82.70133366394043,27,78.36900253295899,,1633699800000,82.9585,mean reversion or trend exit,4.707083319145174,1.116468004463196,1.1199397500000001,5
A,Health Care,rsi2,1633118400000,1633354200000,155.31762549591065,15,148.59100646972655,,1633699800000,156.10190267944336,mean reversion or trend exit,9.428511291675472,1.16488219121933,1.1707642700958252,4
RCL,Consumer Discretionary,rsi2,1633723200000,1633959000000,87.55375713729858,20,81.68300170898438,,1634131800000,88.45575000000001,mean reversion or trend exit,16.279762182655688,0.8755375713729858,0.8845575000000001,2
IRM,Real Estate,rsi2,1633723200000,1633959000000,42.62129847335815,57,40.91099967956543,,1634218200000,43.42827576255799,mean reversion or trend exit,43.54529261866701,1.2147070064907073,1.2377058592329027,3
REGN,Health Care,rsi2,1633464000000,1633527000000,548.274,3,518.10302734375,,1634304600000,558.6505276794434,mean reversion or trend exit,29.469196246810945,0.8224110000000001,0.8379757915191651,7
CHTR,Communication Services,rsi2,1633723200000,1633959000000,700.3499999999999,3,673.0430114746093,,1634304600000,705.6770142822267,mean reversion or trend exit,13.872002325256885,1.050525,1.0585155214233402,4
PNR,Industrials,rsi2,1633723200000,1633959000000,70.76536835861205,33,67.2040023803711,,1634304600000,72.61367652511598,mean reversion or trend exit,58.62841525404806,1.167628577917099,1.1981256626644137,4
KLAC,Information Technology,rsi2,1634068800000,1634131800000,32.40219458770752,49,29.990499114990236,,1634304600000,33.000489791870116,mean reversion or trend exit,27.714099236667572,0.7938537673988342,0.8085119999008179,2
WFC,Financials,rsi2,1634241600000,1634304600000,45.742861221313476,39,42.674001693725586,,1634563800000,48.165903627395636,mean reversion or trend exit,92.66743292265444,0.8919857938156127,0.9392351207342149,1
USB,Financials,rsi2,1634241600000,1634304600000,60.27012167930603,39,57.22300300598145,,1634736600000,61.149410305023196,mean reversion or trend exit,31.92457552927505,1.1752673727464675,1.1924135009479524,3
MRK,Health Care,rsi2,1634241600000,1634304600000,78.2390969467163,31,74.49300384521484,,1634736600000,79.28033969497682,mean reversion or trend exit,29.83697392812973,1.2127060026741026,1.2288452652721409,3
KR,Consumer Staples,rsi2,1634328000000,1634563800000,38.50924667930603,64,36.824001693725585,,1634823000000,39.55021469497681,mean reversion or trend exit,64.12405023895273,1.232295893737793,1.265606870239258,3
WY,Real Estate,rsi2,1634673600000,1634736600000,36.888433931350704,67,35.204000091552736,,1634823000000,37.29134637260437,mean reversion or trend exit,24.51011092381332,1.2357625367002485,1.2492601034822466,1
DPZ,Consumer Discretionary,rsi2,1634328000000,1634563800000,458.2489990081787,4,433.5260009765625,,1634909400000,467.57609255981447,mean reversion or trend exit,35.456724023407034,0.9164979980163575,0.9351521851196289,4
EL,Consumer Staples,rsi2,1634760000000,1634823000000,306.1429852294922,7,290.0519989013672,,1634909400000,318.2208148803711,mean reversion or trend exit,82.35953425576795,1.0715004483032227,1.1137728520812988,1
RCL,Consumer Discretionary,rsi2,1634846400000,1634909400000,83.28161786270141,26,78.59900207519532,,1635168600000,84.53771183013916,mean reversion or trend exit,30.47679186737456,1.0826610322151182,1.098990253791809,1
SYY,Consumer Staples,rsi2,1634760000000,1634823000000,79.93995152664183,31,76.03399810791015,,1635255000000,77.93101622009277,mean reversion or trend exit,-64.72399450309533,1.2390692486629484,1.2079307514114381,3
DRI,Consumer Discretionary,rsi2,1634155200000,1634218200000,150.76534744262693,12,141.31000671386718,,1635341400000,145.49722232055666,mean reversion or trend exit,-64.99507688342239,0.9045920846557616,0.8729833339233399,9
FRT,Real Estate,rsi2,1634673600000,1634736600000,120.40016633605957,20,116.25299911499023,,1635341400000,122.05894274520875,mean reversion or trend exit,30.750937092170986,1.2040016633605959,1.2205894274520874,5
BKR,Energy,rsi2,1634846400000,1634909400000,24.192090305328367,73,22.50100040435791,,1635341400000,25.34732061004639,mean reversion or trend exit,82.52362374600435,0.8830112961444855,0.9251772022666932,3
EXPE,Consumer Discretionary,rsi2,1634932800000,1635168600000,161.41066683197022,14,153.04000396728514,,1635341400000,162.91850000000002,mean reversion or trend exit,18.839360184593477,1.1298746678237914,1.1404295000000002,2
WELL,Real Estate,rsi2,1635278400000,1635341400000,80.83039591598511,31,77.10900268554687,,1635427800000,82.25885305023193,mean reversion or trend exit,41.754287802675265,1.2528711366977692,1.275012222278595,1
PANW,Information Technology,rsi2,1635192000000,1635255000000,83.3316459159851,27,78.78350296020508,,1635514200000,83.0684456100464,mean reversion or trend exit,-9.352809495946603,1.124977219865799,1.1214240157356266,3
CF,Materials,rsi2,1635278400000,1635341400000,58.22910076332092,34,54.60400199890137,,1635859800000,57.01148091506958,mean reversion or trend exit,-43.35816472907815,0.9898947129764557,0.969195175556183,4
OTIS,Industrials,rsi2,1635278400000,1635341400000,80.71033316802978,29,76.49229736328125,,1635859800000,81.28933683013916,mean reversion or trend exit,14.442110986198747,1.1702998309364319,1.178695384037018,4
FOXA,Communication Services,rsi2,1635364800000,1635427800000,40.3101459159851,58,38.21659965515137,,1635859800000,41.14941316986084,mean reversion or trend exit,46.315173511303364,1.1689942315635682,1.1933329819259646,3
CTSH,Information Technology,rsi2,1635451200000,1635514200000,76.95845816802978,33,74.20399932861328,,1635859800000,78.22087213516235,mean reversion or trend exit,39.09920196537226,1.2698145597724912,1.2906443902301787,2
RTX,Industrials,rsi2,1635278400000,1635341400000,89.19457652664184,28,85.85000228881836,,1636032600000,88.29582633972169,mean reversion or trend exit,-27.649870873893395,1.2487240713729857,1.2361415687561037,6
NOC,Industrials,rsi2,1635796800000,1635859800000,357.1785,6,337.8340087890625,,1636119000000,360.8195,mean reversion or trend exit,19.692006000000116,1.0715355,1.0824585,3
ORLY,Consumer Discretionary,rsi2,1635796800000,1635859800000,41.48273280143738,61,39.72300071716309,,1636119000000,42.445433841705324,mean reversion or trend exit,56.16495437372877,1.26522335044384,1.2945857321720122,3
BSX,Health Care,rsi2,1635796800000,1635859800000,43.08153137397766,57,40.92199859619141,,1636381800000,43.27834923744202,mean reversion or trend exit,8.757361620043099,1.2278236441583634,1.2334329532670978,4
MRSH,Financials,rsi2,1635796800000,1635859800000,163.3616387786865,15,157.7189926147461,,1636468200000,163.59815267944336,mean reversion or trend exit,1.0955100754167357,1.2252122908401488,1.226986145095825,5
AON,Financials,rsi2,1635969600000,1636032600000,292.9063897705078,8,281.95301513671876,,1636468200000,295.2223101196289,mean reversion or trend exit,16.174847993408143,1.1716255590820313,1.1808892404785156,3
PWR,Industrials,rsi2,1636056000000,1636119000000,114.14704133605956,18,107.32900009155273,,1636468200000,119.94000000000001,mean reversion or trend exit,102.16647257890362,1.027323372024536,1.07946,2
RVTY,Health Care,rsi2,1636142400000,1636381800000,169.70480511474608,13,160.55999298095702,,1636468200000,173.10340744018555,mean reversion or trend exit,41.95357684910604,1.1030812332458495,1.1251721483612063,1
CRL,Health Care,rsi2,1636056000000,1636119000000,376.11795767211913,6,356.2499969482422,,1636554600000,381.37922232055666,mean reversion or trend exit,29.295096350647164,1.1283538730163574,1.14413766696167,3
PPL,Utilities,rsi2,1636405200000,1636468200000,28.68433507633209,90,27.908000183105468,,1636641000000,28.5757051525116,mean reversion or trend exit,-12.353394954142145,1.2907950784349442,1.2859067318630222,2
DOC,Real Estate,rsi2,1636405200000,1636468200000,34.016999999999996,76,32.710001373291014,,1636727400000,34.30283969497681,mean reversion or trend exit,19.127662909828814,1.2926459999999997,1.3035079084091188,3
TGT,Consumer Staples,rsi2,1636405200000,1636468200000,252.9063887786865,10,244.0489990234375,,1636727400000,257.2513148803711,mean reversion or trend exit,40.89847249855092,1.2645319438934326,1.2862565744018557,3
TDY,Information Technology,rsi2,1636491600000,1636554600000,438.219,5,421.2139892578125,,1636727400000,444.39768511962893,mean reversion or trend exit,28.686883885345615,1.0955475,1.1109942127990724,2
ICE,Financials,rsi2,1636578000000,1636641000000,134.06699999999998,19,129.8600051879883,,1636986600000,135.60216316986086,mean reversion or trend exit,26.60624317724304,1.2736364999999998,1.2882205501136783,2
APTV,Consumer Discretionary,rsi2,1636664400000,1636727400000,169.8849030532837,15,161.61699371337892,,1637073000000,173.1833692703247,mean reversion or trend exit,46.90398121318809,1.2741367728996278,1.2988752695274353,2
AXON,Industrials,rsi2,1636405200000,1636468200000,176.86838877868652,11,165.98599395751953,,1637159400000,180.30979389953615,mean reversion or trend exit,35.89097632461563,0.9727761382827759,0.9917038664474489,6
ISRG,Health Care,rsi2,1636664400000,1636727400000,353.85683267211914,6,333.74200744628905,,1637159400000,360.9394351196289,mean reversion or trend exit,40.35122588168338,1.0615704980163574,1.082818305358887,3
NSC,Industrials,rsi2,1636664400000,1636727400000,276.138,9,265.4130035400391,,1637332200000,275.9419465789795,mean reversion or trend exit,-4.24884054878947,1.242621,1.241738759605408,5
HUM,Health Care,rsi2,1636750800000,1636986600000,445.7127352294922,5,425.6540130615234,,1637332200000,447.6960534210205,mean reversion or trend exit,7.68306898601535,1.1142818380737303,1.1192401335525513,4
JPM,Financials,rsi2,1637096400000,1637159400000,165.2926117172241,16,160.14099884033203,,1637355600000,160.0609283409119,stop,-86.30976234146058,1.322340893737793,1.2804874267272952,3
CINF,Financials,rsi2,1637010000000,1637073000000,121.63078469467162,22,116.13200149536132,,1637677800000,120.44974713516235,mean reversion or trend exit,-28.64571215933198,1.3379386316413877,1.3249472184867859,5
WMT,Consumer Staples,rsi2,1637096400000,1637159400000,47.74386122131347,55,46.46599769592285,,1637677800000,48.059290395736696,mean reversion or trend exit,14.714017923808358,1.3129561835861205,1.3216304858827592,4
AIG,Financials,rsi2,1637355600000,1637591400000,55.52775,39,52.249000549316406,,1637677800000,57.52122423744202,mean reversion or trend exit,75.54104026260875,1.082791125,1.1216638726301194,1
CBRE,Real Estate,rsi2,1637269200000,1637332200000,99.72984030532837,26,94.88100128173828,,1637764200000,103.27833683013917,mean reversion or trend exit,89.62180334231975,1.2964879239692686,1.3426183787918091,3
APD,Materials,rsi2,1637269200000,1637332200000,296.38811022949216,8,286.87299194335935,,1637764200000,298.18082157897953,mean reversion or trend exit,11.963415068665126,1.1855524409179687,1.192723286315918,3
AXP,Financials,rsi2,1637614800000,1637677800000,171.38565305328368,15,163.27999572753907,,1637960400000,163.1983557296753,stop,-125.31883991999763,1.2853923978996278,1.223987667972565,3
FOXA,Communication Services,rsi2,1637614800000,1637677800000,39.049513778686524,51,36.51200294494629,,1638196200000,37.67115362739563,mean reversion or trend exit,-72.25274473469057,0.9957626013565064,0.9606144174985887,3
NOW,Information Technology,rsi2,1637701200000,1637764200000,126.05499276351928,21,120.49540481567382,,1638282600000,134.85853187561037,mean reversion or trend exit,182.13472934520198,1.3235774240169524,1.4160145846939087,3
CMG,Consumer Discretionary,rsi2,1637614800000,1637677800000,34.323152755737304,77,33.01613845825195,,1638306000000,32.999630389022826,stop,-104.50314938808808,1.3214413810958863,1.2704857699773788,5
ERIE,Financials,rsi2,1638219600000,1638282600000,204.2320698852539,11,193.1280029296875,,1638306000000,193.03143892822268,stop,-125.39188982581757,1.1232763843688964,1.0616729141052246,1
IFF,Materials,rsi2,1637960400000,1638196200000,145.4526948852539,18,138.32900848388672,,1638369000000,143.928,mean reversion or trend exit,-30.04893418853737,1.309074253967285,1.2953519999999998,2
XYL,Industrials,rsi2,1637960400000,1638196200000,123.81187499999999,19,117.02499694824219,,1638455400000,119.15039408493043,mean reversion or trend exit,-90.87627894262849,1.1762128125,1.131928743806839,3
CMG,Consumer Discretionary,rsi2,1638306000000,1638369000000,33.136558931350706,72,31.385139083862306,,1638455400000,32.185898664474486,mean reversion or trend exit,-70.79914768853753,1.1929161215286255,1.1586923519210817,1
DXCM,Health Care,rsi2,1637701200000,1637764200000,147.57124630737303,11,136.49849700927734,,1638478800000,136.43024776077272,stop,-124.11299222997826,0.8116418546905517,0.7503663626842499,6
ETN,Industrials,rsi2,1638392400000,1638455400000,162.18105610656738,15,154.75399932861328,,1638541800000,167.24633683013917,mean reversion or trend exit,73.50850540655154,1.2163579207992554,1.2543475262260437,1
STE,Health Care,rsi2,1638306000000,1638369000000,220.0099438934326,11,208.59599761962892,,1638887400000,227.60614122009278,mean reversion or trend exit,81.09628212513769,1.2100546914138792,1.2518337767105103,4
FIX,Industrials,rsi2,1638392400000,1638455400000,94.9974719467163,18,88.22100296020508,,1638887400000,96.3118206100464,mean reversion or trend exit,21.936492306930823,0.8549772475204468,0.8668063854904177,3
ELV,Health Care,rsi2,1638478800000,1638541800000,399.68973522949216,6,382.1139892578125,,1638887400000,406.2867452392578,mean reversion or trend exit,37.16413061718768,1.1990692056884764,1.2188602357177734,2
DECK,Consumer Discretionary,rsi2,1638306000000,1638369000000,68.41418725204467,22,62.83483352661133,,1638973800000,67.38962054824829,mean reversion or trend exit,-24.03430936932361,0.7525560597724914,0.7412858260307312,5
NFLX,Communication Services,rsi2,1638478800000,1638541800000,62.306139026641844,28,57.915401458740234,,1638973800000,62.968500000000006,mean reversion or trend exit,16.79226230765554,0.8722859463729858,0.8815590000000001,3
LLY,Health Care,rsi2,1639083600000,1639146600000,241.3205969467163,10,231.16799621582032,,1639492200000,247.6161354904175,mean reversion or trend exit,60.510701774826174,1.2066029847335815,1.2380806774520874,2
FITB,Financials,rsi2,1639429200000,1639492200000,42.53125332069397,48,39.887001037597656,,1639665000000,43.89803816986084,mean reversion or trend exit,63.53136976423641,1.0207500796966553,1.0535529160766601,2
NTAP,Information Technology,rsi2,1639429200000,1639492200000,87.0435,22,81.47200164794921,,1639665000000,88.73560877990724,mean reversion or trend exit,35.29282296138038,0.9574785,0.9760916965789797,2
CTVA,Materials,rsi2,1639602000000,1639665000000,46.46321862602234,45,43.64670028686523,,1639751400000,47.116429389953616,mean reversion or trend exit,27.288942296548004,1.0454224190855028,1.0601196612739563,1
LULU,Consumer Discretionary,rsi2,1639170000000,1639405800000,412.87634843444823,3,380.0099792480469,,1639774800000,379.81997425842286,stop,-100.35816701211543,0.6193145226516724,0.5697299613876343,5
ADI,Information Technology,rsi2,1639429200000,1639492200000,177.0384719467163,14,168.877001953125,,1640010600000,166.75657633972168,stop gap,-146.3531038359298,1.2392693036270142,1.1672960343780516,4
ARES,Financials,rsi2,1639170000000,1639405800000,78.29913213729859,28,73.85240325927734,,1640034000000,73.8154770576477,stop,-127.67194675895409,1.0961878499221802,1.0334166788070678,6
CARR,Industrials,rsi2,1639602000000,1639665000000,54.04701045799255,38,50.705698013305664,,1640034000000,50.68034516429901,stop,-129.92310091717795,1.0268931987018584,0.9629265581216812,3
NKE,Consumer Discretionary,rsi2,1639688400000,1639751400000,161.7108198852539,15,154.79399871826172,,1640183400000,167.15638549041748,mean reversion or trend exit,79.21698003713617,1.2128311491394044,1.2536728911781312,3
REG,Real Estate,rsi2,1640034000000,1640097000000,70.79538213729857,26,66.15499877929688,,1640183400000,72.81357347488404,mean reversion or trend exit,50.60605835426367,0.9203399677848815,0.9465764551734925,1
ODFL,Industrials,rsi2,1639774800000,1640010600000,167.86889616394043,15,159.76800079345702,,1640269800000,172.3937557296753,mean reversion or trend exit,65.32092359682073,1.2590167212295533,1.2929531679725648,3
REGN,Health Care,rsi2,1639774800000,1640010600000,621.0103622131347,3,580.4680236816406,,1640269800000,619.19025,mean reversion or trend exit,-7.320637557723906,0.9315155433197022,0.9287853749999999,3
OKE,Energy,rsi2,1640034000000,1640097000000,57.278625,25,52.35799942016602,,1640269800000,58.16090362739563,mean reversion or trend exit,20.613971577048435,0.7159828125000001,0.7270112953424455,2
HUM,Health Care,rsi2,1640120400000,1640183400000,450.5051387786865,5,429.3380096435547,,1640269800000,459.2402662200928,mean reversion or trend exit,41.40127369453451,1.1262628469467164,1.148100665550232,1
AJG,Financials,rsi2,1640120400000,1640183400000,163.88190305328368,15,156.5300033569336,,1640269800000,165.917,mean reversion or trend exit,28.05296242784521,1.2291142728996276,1.2443775000000001,1
BDX,Health Care,rsi2,1640206800000,1640269800000,190.30833293151855,13,181.52859802246093,,1640701800000,192.50225724029542,mean reversion or trend exit,26.03274717798254,1.2370041640548708,1.2512646720619203,2
KR,Consumer Staples,rsi2,1640293200000,1640615400000,43.33165637397766,35,39.76199798583984,,1640788200000,44.47775,mean reversion or trend exit,38.57661229923736,0.7583039865446091,0.778360625,2
PCG,Utilities,rsi2,1640638800000,1640701800000,11.935965305328368,188,11.263999748229981,,1640788200000,12.023984733104706,mean reversion or trend exit,14.29541711833883,1.1219807387008667,1.1302545649118425,1
ORCL,Information Technology,rsi2,1640206800000,1640269800000,90.07501377868653,17,82.93100128173828,,1641393000000,88.44575286483766,mean reversion or trend exit,-29.214862051900695,0.7656376171188355,0.7517888993511201,8
GOOG,Communication Services,rsi2,1640984400000,1641220200000,144.54773213195799,18,139.0483428955078,,1641416400000,138.97881872406006,stop,-102.79218029986679,1.3009295891876218,1.2508093685165407,3
GOOGL,Communication Services,rsi2,1640984400000,1641220200000,145.12752017211912,17,139.10690460205078,,1641416400000,139.03735114974975,stop,-105.94827478651511,1.2335839214630127,1.1818174847728729,3
MCO,Financials,rsi2,1640898000000,1640961000000,390.8953622131347,6,375.52300415039065,,1641479400000,375.1323473205567,stop gap,-96.87617248406933,1.172686086639404,1.1253970419616701,4
CNC,Health Care,rsi2,1640984400000,1641220200000,83.18156938934325,25,78.20400161743164,,1641479400000,77.961,stop gap,-132.52851685094817,1.0397696173667907,0.9745125,3
PANW,Information Technology,rsi2,1641416400000,1641479400000,83.54175,23,78.2331657409668,,1641565800000,87.76609255981445,mean reversion or trend exit,95.1898386862947,0.960730125,1.0093100644378663,1
CDNS,Information Technology,rsi2,1641330000000,1641393000000,176.65829232788084,13,167.56000366210938,,1641589200000,167.47622366027832,stop,-121.60376703275583,1.1482789001312257,1.0885954537918092,3
IRM,Real Estate,rsi2,1641416400000,1641479400000,48.62429847335815,45,45.96699981689453,,1641848400000,45.94401631698609,stop,-122.7404841195257,1.0940467156505584,1.033740367132187,3
INTU,Information Technology,rsi2,1641502800000,1641565800000,586.7332224426269,3,549.3420288085938,,1641848400000,549.0673577941895,stop,-114.70129481566735,0.8800998336639405,0.8236010366912844,2
GOOGL,Communication Services,rsi2,1641416400000,1641479400000,137.0670038909912,18,132.07584533691406,,1641997800000,141.07941889953614,mean reversion or trend exit,69.72015234869407,1.2336030350189209,1.2697147700958253,4
SPGI,Financials,rsi2,1641848400000,1641911400000,412.1170273132324,5,394.31127014160154,,1642084200000,423.46839669799806,mean reversion or trend exit,54.66788336380009,1.030292568283081,1.0586709917449952,2
EW,Health Care,rsi2,1641848400000,1641911400000,120.66029847335815,18,114.01400146484374,,1642084200000,122.50871469497682,mean reversion or trend exit,31.082970870620922,1.0859426862602233,1.1025784322547914,2
VRSN,Information Technology,rsi2,1641934800000,1641997800000,237.26856889343262,10,226.53400726318358,,1642084200000,239.10039122009277,mean reversion or trend exit,15.936378466033965,1.186342844467163,1.1955019561004638,1
ZTS,Health Care,rsi2,1641416400000,1641479400000,215.5877357254028,11,206.08899688720703,,1642194000000,205.98595238876345,stop,-107.93827198766085,1.1857325464897153,1.132922738138199,7
P,Information Technology,rsi2,1641589200000,1641825000000,29.374680610656736,62,27.456300926208495,,1642194000000,27.442572775745393,stop,-121.55202061948168,0.9106150989303589,0.8507197560481072,5
SBAC,Real Estate,rsi2,1642021200000,1642084200000,339.39962599182127,6,321.325,,1642194000000,321.1643375,stop,-111.39342284140314,1.0181988779754638,0.9634930125,2
CL,Consumer Staples,rsi2,1642021200000,1642084200000,82.85140255737305,30,80.64000244140625,,1642516200000,82.73860877990722,mean reversion or trend exit,-5.867663494033954,1.2427710383605957,1.2410791316986083,2
YUM,Consumer Discretionary,rsi2,1642194000000,1642516200000,126.07300713729857,19,122.75299682617188,,1642689000000,125.10741316986085,mean reversion or trend exit,-20.73249937423482,1.1976935678043366,1.188520425113678,2
ODFL,Industrials,rsi2,1642021200000,1642084200000,163.51170767211914,11,152.90548858642578,,1642798800000,152.82903584213258,stop,-119.24926421918055,0.8993143921966553,0.8405596971317292,6
AVGO,Information Technology,rsi2,1642626000000,1642689000000,56.828399236679076,32,53.222801208496094,,1642798800000,53.19618980789185,stop,-117.99109514590441,0.9092543877868652,0.8511390369262696,2
WM,Industrials,rsi2,1642194000000,1642516200000,155.48770866394042,15,150.90499572753907,,1643034600000,149.64514122009277,stop gap,-89.92700803184509,1.1661578149795533,1.1223385591506958,4
ABT,Health Care,rsi2,1642194000000,1642516200000,127.46370152664184,18,122.71200332641601,,1643034600000,123.94799713516235,SPY below SMA200,-65.54538433458703,1.1471733137397766,1.115531974216461,4
LLY,Health Care,rsi2,1642194000000,1642516200000,242.871375,9,230.66199798583983,,1643034600000,242.42872805023194,SPY below SMA200,-6.1676730116385965,1.0929211875,1.0909292762260439,4
SCHW,Financials,rsi2,1643662800000,1643725800000,88.66431274795532,16,81.60399627685547,,1643812200000,89.90502194976807,mean reversion or trend exit,18.42279255142219,0.7093145019836425,0.7192401755981446,1
MRK,Health Care,rsi2,1643922000000,1643985000000,78.54925713729858,29,75.31000213623047,,1644417000000,77.13141316986085,mean reversion or trend exit,-43.37484477514807,1.1389642284908297,1.1184054909629824,3
AOS,Industrials,rsi2,1643922000000,1643985000000,73.76686835861206,25,69.2719970703125,,1644417000000,75.04246183013916,mean reversion or trend exit,30.029720160818172,0.9220858544826507,0.9380307728767395,3
FIX,Industrials,rsi2,1644008400000,1644244200000,84.74234694671631,16,77.84199981689453,,1644417000000,87.21637213516236,mean reversion or trend exit,38.20873326248176,0.6779387755737305,0.6977309770812989,2
REG,Real Estate,rsi2,1644008400000,1644244200000,70.36516683197021,28,66.27099990844727,,1644503400000,71.27434255981446,mean reversion or trend exit,23.47396724815382,0.985112335647583,0.9978407958374025,3
FRT,Real Estate,rsi2,1644008400000,1644244200000,122.90141633605957,15,115.54999771118165,,1644503400000,124.89751908493042,mean reversion or trend exit,28.08304921740538,0.9217606225204468,0.9367313931369782,3
CL,Consumer Staples,rsi2,1644354000000,1644417000000,81.14054847335815,29,77.75699768066406,,1644589800000,80.01996755981446,mean reversion or trend exit,-34.83367397524803,1.1765379528636932,1.1602895296173097,2
PFE,Health Care,rsi2,1644354000000,1644417000000,51.665819389343255,36,48.54100036621094,,1644849000000,49.79508969497681,SPY below SMA200,-69.17256536070983,0.9299847490081786,0.8963116145095826,3
CHD,Consumer Staples,rsi2,1644526800000,1644589800000,99.21958316802979,21,93.83799896240234,,1644849000000,97.82106774520875,SPY below SMA200,-31.437750713830734,1.0418056232643127,1.0271212113246917,1
PGR,Financials,rsi2,1644526800000,1644589800000,106.35315305328369,22,101.93700103759765,,1644849000000,105.30732061004639,SPY below SMA200,-25.33657896151727,1.1698846835861207,1.1583805267105103,1
PEP,Consumer Staples,rsi2,1644526800000,1644589800000,168.14402755737305,13,161.36699371337892,,1644849000000,169.33528816986086,SPY below SMA200,13.292772410114504,1.0929361791229248,1.1006793731040958,1
CMS,Utilities,rsi2,1644526800000,1644589800000,62.651308931350705,37,59.79799957275391,,1644849000000,63.26834923744202,SPY below SMA200,20.500977649255866,1.159049215229988,1.1704644608926773,1
CHD,Consumer Staples,rsi2,1644958800000,1645021800000,96.71833316802979,23,91.78699951171875,,1645194600000,96.90152194976807,SPY below SMA200,1.9867136461257804,1.1122608314323426,1.1143675024223327,2
PGR,Financials,rsi2,1644958800000,1645021800000,105.73284030532837,22,101.07699737548828,,1645194600000,105.08742938995361,SPY below SMA200,-16.518063104892686,1.163061243358612,1.1559617232894899,2
ED,Utilities,rsi2,1644958800000,1645021800000,81.29062499999999,28,77.77600021362305,,1645194600000,81.14940744018556,SPY below SMA200,-6.228252128966802,1.13806875,1.1360917041625977,2
CNP,Utilities,rsi2,1644958800000,1645021800000,26.673329847335815,87,25.66999931335449,,1645194600000,26.67665553379059,SPY below SMA200,-2.0313896425134925,1.160289848359108,1.1604345157198908,2
PEP,Consumer Staples,rsi2,1644958800000,1645021800000,165.7128198852539,14,158.58600769042968,,1645194600000,167.0264456100464,SPY below SMA200,16.06158528862792,1.1599897391967775,1.1691851192703249,2
CPT,Real Estate,rsi2,1647979200000,1648042200000,163.58175,12,154.46399841308593,,1648128600000,162.68861927032472,SPY below SMA200,-12.67519097172528,0.9814905,0.9761317156219484,1
WY,Real Estate,rsi2,1648152000000,1648215000000,38.06902423667908,49,35.76400032043457,,1648474200000,38.530724237442016,mean reversion or trend exit,20.746606199768024,0.9326910937986375,0.9440027438173294,1
FDS,Financials,rsi2,1648152000000,1648215000000,420.98037400817867,4,396.92702026367186,,1648560600000,434.09284255981447,mean reversion or trend exit,50.73972777340722,0.8419607480163573,0.868185685119629,2
FIX,Industrials,rsi2,1648152000000,1648215000000,88.17406225204468,19,82.16800537109376,,1648647000000,91.18438835525514,mean reversion or trend exit,55.49229068022939,0.8376535913944244,0.8662516893749238,3
FICO,Information Technology,rsi2,1648238400000,1648474200000,457.6687224426269,3,424.1809967041016,,1648647000000,475.79198377990724,mean reversion or trend exit,52.96959295250717,0.6865030836639404,0.7136879756698609,2
JBHT,Industrials,rsi2,1648152000000,1648215000000,209.54472244262695,7,193.8490020751953,,1648843200000,193.7520775741577,stop,-111.96005287934342,0.7334065285491943,0.678132271509552,6
SCHW,Financials,rsi2,1648670400000,1648733400000,88.49422194671631,21,83.17000350952148,,1648843200000,83.12841850776672,stop,-114.48390994271334,0.9291893304405212,0.8728483943315506,2
CVS,Health Care,rsi2,1648584000000,1648647000000,104.15204847335815,22,99.66500091552734,,1649102400000,99.61516841506959,stop,-102.05280066812101,1.1456725332069395,1.0957668525657656,4
DE,Industrials,rsi2,1648584000000,1648647000000,414.0068877868652,3,380.2610107421875,,1649165400000,418.4906622009278,mean reversion or trend exit,12.20257691720601,0.6210103316802978,0.6277359933013916,4
UHS,Health Care,rsi2,1649102400000,1649165400000,139.7698469467163,16,132.8260055541992,,1649251800000,138.40076622009278,mean reversion or trend exit,-24.13065653131106,1.1181587755737306,1.1072061297607423,1
ICE,Financials,rsi2,1648584000000,1648647000000,132.7163188934326,17,126.22299575805664,,1649338200000,129.0454456100464,SPY below SMA200,-64.62982081584522,1.1280887105941773,1.0968862876853944,6
SCHW,Financials,rsi2,1648843200000,1649079000000,83.1215418319702,21,77.73800201416016,,1649338200000,80.3897853050232,SPY below SMA200,-59.08375600082563,0.8727761892356872,0.8440927457027435,3
CHRW,Industrials,rsi2,1648843200000,1649079000000,101.71083366394042,22,96.91099700927734,,1649338200000,100.40976908493043,SPY below SMA200,-30.84674736845733,1.1188191703033448,1.1045074599342348,3
CVS,Health Care,rsi2,1649102400000,1649165400000,99.38966633605956,23,95.17100067138672,,1649338200000,101.90901908493042,SPY below SMA200,55.63017834168836,1.142981162864685,1.1719537194767,2
WAB,Industrials,rsi2,1649188800000,1649251800000,89.47471530532836,25,85.16799926757812,,1649338200000,90.02496469497682,SPY below SMA200,11.5124887412076,1.1184339413166045,1.1253120586872103,1
SCHW,Financials,rsi2,1649361600000,1649424600000,80.7403469467163,18,74.61999893188477,,1649683800000,81.57919274520874,SPY below SMA200,13.638348515636647,0.7266631225204467,0.7342127347068786,1
OMC,Communication Services,rsi2,1649361600000,1649424600000,78.69933366394042,26,74.48099670410156,,1649683800000,77.64116030502319,SPY below SMA200,-29.54493375344451,1.0230913376312256,1.0093350839653015,1
PKG,Materials,rsi2,1649361600000,1649424600000,152.42618110656738,15,145.4580047607422,,1649683800000,154.0129513397217,SPY below SMA200,21.5032600039675,1.1431963582992553,1.1550971350479127,1
P,Information Technology,rsi2,1649361600000,1649424600000,31.895939160346984,49,29.614098739624023,,1649683800000,30.814584923744203,SPY below SMA200,-54.522765433596504,0.7814505094285011,0.754957330631733,1
HST,Real Estate,rsi2,1649361600000,1649424600000,17.95897576332092,98,16.8260009765625,,1649683800000,17.85107061004639,SPY below SMA200,-12.329397293199252,0.8799898124027252,0.874702459892273,1
VLO,Energy,rsi2,1669928400000,1669991400000,131.63579232788086,12,122.53800048828126,,1670274000000,122.47673148803712,stop,-111.43340522102048,0.7898147539672853,0.7348603889282227,2
ADM,Consumer Staples,rsi2,1669928400000,1669991400000,91.05550713729858,23,86.44599838256836,,1670337000000,90.62466316986084,SPY below SMA200,-11.998733209600312,1.0471383320789336,1.0421836264533997,2
COP,Energy,rsi2,1670014800000,1670250600000,124.32213213729858,9,113.09000015258789,,1670337000000,118.38078244018556,SPY below SMA200,-54.56431038961591,0.5594495946178436,0.532713520980835,1
VTRS,Health Care,rsi2,1673643600000,1673965800000,11.505749999999999,194,10.966999912261963,,1674052200000,11.814089694976808,mean reversion or trend exit,57.55587637508813,1.11605775,1.1459667004127503,1
GIS,Consumer Staples,rsi2,1673643600000,1673965800000,82.44120152664185,27,79.47200393676758,,1674075600000,79.4322679347992,stop,-83.42649881748096,1.112956220609665,1.0723356171197893,2
DGX,Health Care,rsi2,1673643600000,1673965800000,147.53373671722412,15,142.2239974975586,,1674138600000,145.02745610046387,SPY below SMA200,-39.788418197536416,1.1065030253791808,1.087705920753479,2
SJM,Consumer Staples,rsi2,1673643600000,1673965800000,154.75733267211913,14,149.6139923095703,,1674138600000,150.54468511962892,SPY below SMA200,-61.11417985940518,1.0833013287048339,1.0538127958374026,2
LMT,Industrials,rsi2,1673643600000,1673965800000,450.52513778686523,4,430.21498413085936,,1674138600000,442.5386297607422,SPY below SMA200,-33.73215963958735,0.9010502755737305,0.8850772595214844,2
EMR,Industrials,rsi2,1673989200000,1674052200000,91.01548622131347,24,87.18199768066407,,1674138600000,88.53571183013916,SPY below SMA200,-61.669199764800695,1.0921858346557616,1.06242854196167,1
TMUS,Communication Services,rsi2,1674507600000,1674570600000,143.9019168319702,15,138.79599609375,,1674657000000,145.6571307296753,mean reversion or trend exit,24.156515608864012,1.0792643762397767,1.0924284804725646,1
SJM,Consumer Staples,rsi2,1674507600000,1674570600000,147.74383316802977,14,142.97799682617188,,1674657000000,149.8050648803711,mean reversion or trend exit,26.77440168643994,1.0342068321762083,1.048635454162598,1
BDX,Health Care,rsi2,1674507600000,1674570600000,197.0167025299072,11,189.72091674804688,,1674657000000,192.08943885040284,mean reversion or trend exit,-56.33998425213971,1.0835918639144897,1.0564919136772157,1
GIS,Consumer Staples,rsi2,1674507600000,1674570600000,77.38867347335815,28,74.69100341796874,,1674743400000,77.53121469497681,mean reversion or trend exit,1.8222757709657127,1.0834414286270142,1.0854370057296754,2
COR,Health Care,rsi2,1674507600000,1674570600000,161.22056938934324,13,156.7979995727539,,1674743400000,163.6481307296753,mean reversion or trend exit,29.446650873543184,1.047933701030731,1.0637128497428894,2
CAH,Health Care,rsi2,1674594000000,1674657000000,74.787375,29,72.16299667358399,,1674743400000,75.90203244018555,mean reversion or trend exit,30.14006935749835,1.0844169375,1.1005794703826906,1
SLB,Energy,rsi2,1674594000000,1674657000000,55.17757652664184,32,51.908002090454104,,1674829800000,57.29133969497681,mean reversion or trend exit,65.84091872717312,0.8828412244262696,0.916661435119629,2
AMGN,Health Care,rsi2,1674680400000,1674743400000,256.6682785491943,8,246.84300537109374,,1675175400000,253.7330706100464,mean reversion or trend exit,-25.523268909820285,1.0266731141967773,1.0149322824401856,3
NDAQ,Financials,rsi2,1674680400000,1674743400000,57.90894106864929,38,55.440999603271486,,1675261800000,60.159903627395636,mean reversion or trend exit,83.29326918313625,1.1002698803043365,1.1430381689205171,4
IVZ,Financials,rsi2,1674680400000,1674743400000,18.059024236679075,84,16.77400016784668,,1675261800000,18.390799618721008,mean reversion or trend exit,26.338239489595544,0.7584790179405212,0.7724135839862823,4
MRK,Health Care,rsi2,1674766800000,1674829800000,106.26310408401488,20,102.72300338745117,,1675261800000,106.91651622009277,mean reversion or trend exit,10.936446518516718,1.062631040840149,1.0691651622009277,3
TKO,Communication Services,rsi2,1674594000000,1674657000000,87.34365305328369,17,81.03500442504883,,1675348200000,86.33680725479127,mean reversion or trend exit,-18.592662486989795,0.7424210509529114,0.7338628616657258,6
ROP,Information Technology,rsi2,1675112400000,1675175400000,425.9728897705078,5,406.1640106201172,,1675348200000,434.68254389953614,mean reversion or trend exit,41.396632060966716,1.0649322244262693,1.0867063597488404,2
MA,Financials,rsi2,1675198800000,1675261800000,368.7542923278808,6,355.0220092773437,,1675348200000,379.3302290191651,mean reversion or trend exit,61.21136658366439,1.1062628769836425,1.1379906870574954,1
AIG,Financials,rsi2,1675285200000,1675348200000,61.040503320693965,37,58.91799812316894,,1675371600000,58.88853912410736,stop,-81.84136255893318,1.1292493114328384,1.0894379737959863,1
CB,Financials,rsi2,1675285200000,1675348200000,211.9859448852539,10,202.29399719238282,,1675371600000,202.19285019378663,stop,-100.00184089006795,1.0599297244262695,1.0109642509689332,1
SW,Materials,rsi2,1675198800000,1675261800000,41.0205,54,39.25700035095215,,1675434600000,44.04796469497681,mean reversion or trend exit,161.18624498198358,1.1075535,1.189295046764374,2
EOG,Energy,rsi2,1675285200000,1675348200000,126.86340305328369,17,120.35799942016601,,1675780200000,124.44774713516236,mean reversion or trend exit,-43.202295384664424,1.0783389259529113,1.05780585064888,3
MCD,Consumer Discretionary,rsi2,1675371600000,1675434600000,262.7613198852539,8,253.71598205566406,,1675780200000,264.887479019165,mean reversion or trend exit,14.898677875671368,1.0510452795410157,1.0595499160766602,2
PSX,Energy,rsi2,1675198800000,1675261800000,99.84990305328368,17,93.7849952697754,,1675866600000,101.70912213516236,mean reversion or trend exit,29.893472677835728,0.8487241759529113,0.8645275381488801,5
AIG,Financials,rsi2,1675371600000,1675434600000,59.01949667930603,38,56.6029972076416,,1675866600000,60.19988454246521,mean reversion or trend exit,42.5895705568353,1.1213704369068147,1.143797806306839,3
VLO,Energy,rsi2,1675717200000,1675780200000,129.06449999999998,10,118.3109962463379,,1675866600000,134.57267938995363,mean reversion or trend exit,53.76360800258677,0.6453224999999999,0.6728633969497683,1
MCK,Health Care,rsi2,1675371600000,1675434600000,367.40361122131344,6,351.6570190429687,,1675953000000,367.7060696411133,mean reversion or trend exit,-0.3905785237881927,1.1022108336639402,1.1031182089233398,4
APD,Materials,rsi2,1675717200000,1675780200000,281.85084645080565,7,268.2670013427734,,1675953000000,289.76504866027835,mean reversion or trend exit,53.398759833420144,0.9864779625778198,1.0141776703109742,2
CTVA,Materials,rsi2,1675803600000,1675866600000,60.51524311065673,37,57.890898895263675,,1675953000000,63.45325811004639,mean reversion or trend exit,106.41313770483433,1.1195319975471496,1.1738852750358584,1
REG,Real Estate,rsi2,1675890000000,1675953000000,65.17256938934325,35,62.17800064086914,,1676298600000,65.63716316986084,mean reversion or trend exit,13.971611998329545,1.140519964313507,1.1486503554725649,2
AXON,Industrials,rsi2,1675803600000,1675866600000,186.88338828277588,8,173.76300811767578,,1676385000000,189.50520610046388,mean reversion or trend exit,19.46898816397102,0.7475335531311036,0.7580208244018556,4
T,Communication Services,rsi2,1675803600000,1675866600000,19.099545152664184,117,18.1600004196167,,1676385000000,19.29034923744202,mean reversion or trend exit,20.078269097185423,1.117323391430855,1.128485430390358,4
AWK,Utilities,rsi2,1675890000000,1675953000000,151.4456801147461,14,143.88999938964844,,1676385000000,151.34428816986085,mean reversion or trend exit,-3.5390170063857553,1.0601197608032227,1.059410017189026,3
ORCL,Information Technology,rsi2,1675890000000,1675953000000,87.18356938934326,26,83.19100189208984,,1676385000000,88.9555,mean reversion or trend exit,43.780387975013745,1.1333864020614624,1.1564215,3
DAL,Industrials,rsi2,1676062800000,1676298600000,38.169076526641845,52,36.04199752807617,,1676471400000,38.65066316986084,mean reversion or trend exit,23.04519221527874,0.992395989692688,1.004917242416382,2
FCX,Materials,rsi2,1676322000000,1676385000000,41.99098622131348,35,38.799001693725586,,1676471400000,41.719131677627566,mean reversion or trend exit,-10.979836092238376,0.7348422588729859,0.7300848043584824,1
APTV,Consumer Discretionary,rsi2,1676322000000,1676385000000,113.60677805328369,14,105.7170021057129,,1676471400000,122.02895133972169,mean reversion or trend exit,116.26097590438091,0.7952474463729858,0.8542026593780517,1
DIS,Communication Services,rsi2,1676322000000,1676385000000,106.87340969467162,20,101.32100448608398,,1676557800000,107.49622805023193,mean reversion or trend exit,10.312670733757212,1.068734096946716,1.0749622805023193,2
TKO,Communication Services,rsi2,1676408400000,1676471400000,87.3336459159851,26,83.6,,1676989800000,87.41626908493042,mean reversion or trend exit,-0.12354650243363219,1.1353373969078064,1.1364114981040956,3
ROP,Information Technology,rsi2,1676494800000,1676557800000,420.0999596557617,5,404.81699829101564,,1676989800000,424.2177776794434,mean reversion or trend exit,18.478295775070237,1.0502498991394043,1.0605444441986085,2
SW,Materials,rsi2,1676322000000,1676385000000,40.440208168029784,54,38.37499809265137,,1677249000000,37.471256677627565,stop gap,-162.42699003255257,1.0918856205368044,1.0117239302959442,7
APD,Materials,rsi2,1676408400000,1676471400000,280.14,8,266.7869873046875,,1677249000000,275.63210401916507,mean reversion or trend exit,-38.28625626275599,1.12056,1.1025284160766604,6
OKE,Energy,rsi2,1676667600000,1676989800000,66.81338877868652,35,64.39000091552734,,1677249000000,67.22637213516235,mean reversion or trend exit,12.108721660661844,1.169234303627014,1.1764615123653412,3
XOM,Energy,rsi2,1676667600000,1676989800000,110.86540255737305,17,104.16700134277343,,1677508200000,110.74460305023194,mean reversion or trend exit,-3.937276669063352,0.9423559217376709,0.9413291259269716,4
AJG,Financials,rsi2,1676408400000,1676471400000,187.65377755737305,12,180.26299896240235,,1677681000000,186.39676049041748,mean reversion or trend exit,-17.328508031753575,1.1259226653442385,1.118380562942505,9
ARE,Real Estate,rsi2,1677186000000,1677249000000,153.9769438934326,14,148.0529998779297,,1677681000000,148.5356956100464,mean reversion or trend exit,-78.29506444393137,1.0778386072540282,1.0397498692703249,3
RJF,Financials,rsi2,1677186000000,1677249000000,106.77336122131346,19,101.0849998474121,,1677681000000,108.02596183013917,mean reversion or trend exit,21.758817998699538,1.0143469316024778,1.0262466373863222,3
SW,Materials,rsi2,1677272400000,1677508200000,37.50874667930603,61,35.74800186157226,,1677853800000,39.230375,mean reversion or trend exit,102.67878435111356,1.144016773718834,1.1965264375000002,4
UHS,Health Care,rsi2,1677618000000,1677681000000,132.7263336639404,15,125.42101287841797,,1677877200000,125.35830237197877,stop,-112.45610414969403,0.9954475024795532,0.9401872677898407,3
VRSN,Information Technology,rsi2,1677618000000,1677681000000,196.68829133605956,11,187.55500183105468,,1678113000000,200.82952767944337,mean reversion or trend exit,43.36725177263664,1.0817856023483277,1.1045624022369387,3
HSIC,Health Care,rsi2,1677618000000,1677681000000,77.81888877868651,28,73.80799789428711,,1678113000000,78.43076622009278,mean reversion or trend exit,14.945073189392486,1.0894644429016112,1.098030727081299,3
CFG,Financials,rsi2,1677790800000,1677853800000,40.440208168029784,57,38.669898986816406,,1678222800000,38.650564037323,stop,-104.26380245813921,1.152545932788849,1.1015410750637054,3
CB,Financials,rsi2,1677877200000,1678113000000,207.95393110656738,11,200.62200469970702,,1678372200000,203.77806488037112,mean reversion or trend exit,-48.199054466087055,1.1437466210861205,1.1207793568420412,3
NFLX,Communication Services,rsi2,1677186000000,1677249000000,31.945965305328368,61,30.125100326538085,,1678395600000,30.110037776374817,stop,-113.88428736015855,0.9743519418125152,0.9183561521794319,10
UHS,Health Care,rsi2,1677877200000,1678113000000,126.2630969467163,15,119.01900634765624,,1678395600000,118.95949684448242,stop,-111.3931709869423,0.9469732271003722,0.8921962263336182,4
HPE,Information Technology,rsi2,1677877200000,1678113000000,15.297644961833953,151,14.653799533843994,,1678458600000,14.68265458059311,SPY below SMA200,-95.12706018282041,1.1549721946184635,1.1085404208347798,4
TKO,Communication Services,rsi2,1678222800000,1678285800000,81.25060408401488,27,77.95100250244141,,1678458600000,80.73960877990723,SPY below SMA200,-15.983741084569559,1.0968831551342009,1.0899847185287477,2
TRV,Financials,rsi2,1678309200000,1678372200000,177.2986117172241,12,171.81000061035155,,1678458600000,173.05342938995364,SPY below SMA200,-53.04430017388871,1.0637916703033448,1.0383205763397219,1
PH,Industrials,rsi2,1678996800000,1679059800000,310.7953346557617,7,295.8110015869141,,1679319000000,307.326270980835,SPY below SMA200,-26.446871344214998,1.087783671295166,1.0756419484329225,1
PNW,Utilities,rsi2,1679601600000,1679664600000,74.16706225204467,24,69.75799560546875,,1679923800000,77.36130152511598,mean reversion or trend exit,74.84340218838537,0.8900047470245361,0.9283356183013918,1
PCG,Utilities,rsi2,1679601600000,1679664600000,15.157574618339538,137,14.38300018310547,,1680010200000,15.772109733104706,mean reversion or trend exit,82.07262734475411,1.0382938613562582,1.0803895167176725,2
EME,Industrials,rsi2,1679688000000,1679923800000,158.09901427459715,11,148.7389938354492,,1680010200000,158.72060305023194,mean reversion or trend exit,5.094968636696142,0.8695445785102843,0.8729633167762757,1
ROST,Consumer Discretionary,rsi2,1679947200000,1680010200000,100.96045866394043,20,95.64799575805664,,1680096600000,101.56919274520875,mean reversion or trend exit,10.149385111274983,1.0096045866394043,1.0156919274520875,1
HLT,Consumer Discretionary,rsi2,1679688000000,1679923800000,133.5167219467163,12,124.64600219726563,,1680183000000,137.49121755981446,mean reversion or trend exit,46.06789972013869,0.8011003316802978,0.8249473053588867,3
CDW,Information Technology,rsi2,1680033600000,1680096600000,187.343625,10,176.89300994873048,,1680269400000,190.3947604904175,mean reversion or trend exit,28.62266297672285,0.936718125,0.9519738024520875,2
ANET,Information Technology,rsi2,1680033600000,1680096600000,41.233107776641845,37,38.34039993286133,,1680528600000,41.391792224884036,mean reversion or trend exit,4.342763934932837,0.7628124938678741,0.7657481561603547,3
TER,Information Technology,rsi2,1680638400000,1680701400000,102.15104847335814,19,96.42799682617188,,1681306200000,103.3782853050232,mean reversion or trend exit,21.36497113074138,0.9704349604969024,0.9820937103977204,4
CARR,Industrials,rsi2,1680638400000,1680701400000,43.20159030532837,34,39.983798599243165,,1681306200000,43.978,mean reversion or trend exit,24.91587658364501,0.7344270351905823,0.747626,4
TT,Industrials,rsi2,1680638400000,1680701400000,172.7963617172241,12,164.02999725341797,,1681392600000,174.50270133972168,mean reversion or trend exit,18.392281091629293,1.0367781703033447,1.0470162080383303,5
CRH,Materials,rsi2,1680724800000,1680787800000,46.903441068649286,42,44.32899894714355,,1681392600000,48.695641220092774,mean reversion or trend exit,73.26482563256293,0.984972262441635,1.0226084656219483,4
CRM,Information Technology,rsi2,1681243200000,1681306200000,190.39515305328368,10,180.3490005493164,,1681479000000,191.75408110046388,mean reversion or trend exit,11.678534301033261,0.9519757652664185,0.9587704055023194,2
BKNG,Consumer Discretionary,rsi2,1681243200000,1681306200000,103.5661538658142,20,98.07227783203125,,1681479000000,105.00546965789796,mean reversion or trend exit,26.700599606438097,1.035661538658142,1.0500546965789797,2
SWKS,Information Technology,rsi2,1680724800000,1680787800000,111.37565969467163,19,106.08100357055665,,1681738200000,109.22535877990724,mean reversion or trend exit,-42.95142705603184,1.0580687670993805,1.0376409084091187,6
CME,Financials,rsi2,1681416000000,1681479000000,190.03497244262695,11,182.90699310302733,,1681824600000,191.9939513397217,mean reversion or trend exit,19.447608787239204,1.045192348434448,1.0559667323684694,2
WEC,Utilities,rsi2,1681761600000,1681824600000,96.20808366394043,23,92.71800003051757,,1681911000000,95.98198377990724,mean reversion or trend exit,-7.410483108367604,1.106392962135315,1.1037928134689332,1
ROST,Consumer Discretionary,rsi2,1681329600000,1681392600000,103.29161786270141,21,98.08699798583984,,1681997400000,103.72810877990723,mean reversion or trend exit,6.99260213157475,1.0845619875583647,1.089145142189026,5
PGR,Financials,rsi2,1681416000000,1681479000000,138.069,15,130.8840087890625,,1681997400000,138.88052194976808,mean reversion or trend exit,10.095707831898128,1.0355174999999999,1.0416039146232605,4
PNW,Utilities,rsi2,1681502400000,1681738200000,78.86941683197021,28,75.10900268554687,,1681997400000,80.10992652511597,mean reversion or trend exit,32.50856060108189,1.1041718356475831,1.1215389713516235,3
VLO,Energy,rsi2,1681848000000,1681911000000,126.02297908401489,13,117.49500045776367,,1682083800000,122.37878244018556,mean reversion or trend exit,-48.98916781968862,0.8191493640460968,0.7954620858612061,2
AMAT,Information Technology,rsi2,1681934400000,1681997400000,111.30562499999999,13,102.88399734497071,,1682083800000,113.41326622009278,mean reversion or trend exit,25.938663068275638,0.7234865625,0.737186230430603,1
MPC,Energy,rsi2,1681934400000,1681997400000,125.12252755737303,14,117.72199935913086,,1682429400000,125.1174103050232,mean reversion or trend exit,-1.8233210979344459,0.8758576929016113,0.8758218721351624,3
SJM,Consumer Staples,rsi2,1681329600000,1681392600000,153.51672244262696,14,149.3959976196289,,1682515800000,153.49322232055664,mean reversion or trend exit,-2.478071322326721,1.0746170570983886,1.0744525562438965,9
TDY,Information Technology,rsi2,1681934400000,1681997400000,426.42309645080564,5,413.860009765625,,1682515800000,408.49566220092777,stop gap,-91.72446814601871,1.0660577411270142,1.0212391555023195,4
TMO,Health Care,rsi2,1682020800000,1682083800000,569.1544301147461,4,544.4579895019531,,1682515800000,527.736,stop gap,-167.86750131921397,1.1383088602294922,1.055472,3
VST,Utilities,rsi2,1682366400000,1682429400000,23.61180038166046,96,22.586799812316894,,1682515800000,23.30833969497681,mean reversion or trend exit,-31.38439264530897,1.133366418319702,1.1188003053588869,1
CSCO,Information Technology,rsi2,1682020800000,1682083800000,46.59328469467163,48,44.87000160217285,,1682602200000,46.75660877990723,mean reversion or trend exit,5.599158647918957,1.118238832672119,1.1221586107177737,4
GRMN,Consumer Discretionary,rsi2,1682452800000,1682515800000,95.93794438934326,23,93.29500274658203,,1682688600000,96.77158969497681,mean reversion or trend exit,16.957682387602034,1.1032863604774474,1.1128732814922333,2
SNPS,Information Technology,rsi2,1682452800000,1682515800000,364.7122637786865,6,349.83900146484376,,1682947800000,370.5746297607422,mean reversion or trend exit,32.96833521171578,1.0941367913360596,1.1117238892822265,3
SOXX,ETF / index,rsi2,1682452800000,1682515800000,135.1241994781494,13,127.23733978271484,,1682947800000,137.86102767944337,mean reversion or trend exit,33.80436264029731,0.878307296607971,0.8960966799163819,3
CDNS,Information Technology,rsi2,1682539200000,1682602200000,204.94241633605955,10,194.62799835205078,,1682947800000,209.19535305023194,mean reversion or trend exit,40.45867829479246,1.024712081680298,1.0459767652511598,2
FCX,Materials,rsi2,1682452800000,1682515800000,38.00899667930603,38,35.20900001525879,,1683034200000,37.03147423744202,mean reversion or trend exit,-38.57162173825062,0.7221709369068146,0.7035980105113984,4
AXON,Industrials,rsi2,1682625600000,1682688600000,213.92691732788086,10,205.49600219726562,,1683034200000,216.47171183013918,mean reversion or trend exit,23.295951876793172,1.0696345866394044,1.0823585591506961,2
HSIC,Health Care,rsi2,1682712000000,1682947800000,80.85040255737304,27,78.06999740600585,,1683034200000,81.85905152511597,mean reversion or trend exit,25.036944498945466,1.0914804345245361,1.1050971955890656,1
TSCO,Consumer Discretionary,rsi2,1682712000000,1682947800000,47.86792377090454,45,45.46559944152832,,1683120600000,48.13991946411133,mean reversion or trend exit,10.079629721517701,1.077028284845352,1.083148187942505,2
GILD,Health Care,rsi2,1682712000000,1682947800000,82.51123622131347,27,79.1740005493164,,1683144000000,79.13441354904175,stop,-93.3564284232361,1.1139016889877318,1.0683145829120637,3
MPC,Energy,rsi2,1683057600000,1683120600000,115.42768774795532,17,109.02200164794922,,1683207000000,109.4852309150696,mean reversion or trend exit,-102.93352596769304,0.9811353458576202,0.9306244627780916,1
DXCM,Health Care,rsi2,1682971200000,1683034200000,117.0585,19,112.33500137329102,,1683552600000,120.08992652511597,mean reversion or trend exit,55.344193925214924,1.1120557500000001,1.1408543019886017,4
FTNT,Information Technology,rsi2,1682971200000,1683034200000,62.63129847335815,35,59.86000289916992,,1683552600000,65.70712786483764,mean reversion or trend exit,105.40810624086389,1.0960477232837678,1.1498747376346588,4
ANET,Information Technology,rsi2,1683057600000,1683120600000,33.79188902664185,41,31.14989891052246,,1683639000000,34.210387165069584,mean reversion or trend exit,15.76437701360711,0.6927337250461578,0.7013129368839265,4
SYK,Health Care,rsi2,1683316800000,1683552600000,283.34161221313474,7,274.3009826660156,,1683639000000,287.9359465789795,mean reversion or trend exit,30.160869105140915,0.9916956427459716,1.0077758130264283,1
BKNG,Consumer Discretionary,rsi2,1683316800000,1683552600000,102.97625945663452,21,98.42428436279297,,1683639000000,104.965092212677,mean reversion or trend exit,39.5821036843644,1.0812507242946625,1.1021334682331085,1
MTD,Health Care,rsi2,1683576000000,1683639000000,1377.508356262207,1,1314.1500366210937,,1683725400000,1393.363028564453,mean reversion or trend exit,14.46923660983284,0.6887541781311035,0.6966815142822266,1
TPR,Consumer Discretionary,rsi2,1683144000000,1683207000000,38.639308931350705,56,36.79599952697754,,1683811800000,39.230375,mean reversion or trend exit,30.91934869428284,1.0819006500778199,1.0984505000000002,5
CBOE,Financials,rsi2,1683576000000,1683639000000,136.62827755737305,16,131.9809997558594,,1683811800000,138.38077194976808,mean reversion or trend exit,25.839837882263218,1.0930262204589845,1.1070461755981447,2
HCA,Health Care,rsi2,1683662400000,1683725400000,276.23805610656734,7,261.72499389648436,,1683811800000,277.80103244018557,mean reversion or trend exit,9.001697525413931,0.9668331963729857,0.9723036135406495,1
WDAY,Information Technology,rsi2,1683576000000,1683639000000,180.44018110656737,11,171.0630081176758,,1684157400000,182.15887500000002,mean reversion or trend exit,16.91133801917311,0.9924209960861206,1.0018738125000002,4
ULTA,Consumer Discretionary,rsi2,1683748800000,1683811800000,506.313027557373,4,483.1570129394531,,1684157400000,513.6230648803711,mean reversion or trend exit,27.20027710711685,1.0126260551147461,1.0272461297607423,2
ROK,Industrials,rsi2,1683748800000,1683811800000,267.6837627868652,8,258.3210113525391,,1684243800000,271.2843034210205,mean reversion or trend exit,26.648452808411037,1.070735051147461,1.0851372136840822,3
DRI,Consumer Discretionary,rsi2,1683748800000,1683811800000,148.92443110656737,15,144.11999969482423,,1684243800000,151.60415267944336,mean reversion or trend exit,37.94185921474478,1.1169332332992554,1.1370311450958253,3
AFL,Financials,rsi2,1684180800000,1684243800000,65.65281274795532,34,63.27499694824219,,1684330200000,65.50723091506958,mean reversion or trend exit,-7.1795030603865495,1.1160978167152404,1.113622925556183,1
GILD,Health Care,rsi2,1683144000000,1683207000000,79.64980561065673,27,76.37899780273438,,1684416600000,78.84055725479126,mean reversion or trend exit,-23.98932550705106,1.0752723757438658,1.064347522939682,10
AOS,Industrials,rsi2,1683921600000,1684157400000,67.25361122131348,34,64.28799972534179,,1684416600000,67.98598664474488,mean reversion or trend exit,22.601691232944834,1.1433113907623291,1.155761772960663,3
NKE,Consumer Discretionary,rsi2,1683921600000,1684157400000,119.87990969467162,19,115.09299926757812,,1684503000000,114.50271755981446,stop gap,-104.39328552120381,1.1388591420993806,1.0877758168182374,4
UHS,Health Care,rsi2,1684180800000,1684243800000,137.318625,16,130.79100036621094,,1684848600000,134.1628807296753,mean reversion or trend exit,-52.66376037103265,1.098549,1.0733030458374024,5
TSCO,Consumer Discretionary,rsi2,1684353600000,1684416600000,45.00448944282532,49,42.76199722290039,,1685044800000,42.74061622428894,stop,-113.07954279712668,1.1026099913492204,1.047145097495079,6
KHC,Consumer Staples,rsi2,1684267200000,1684330200000,38.98948622131348,58,37.74150047302246,,1685107800000,38.285847805023195,mean reversion or trend exit,-43.052012831600116,1.1306951004180907,1.1102895863456728,7
WM,Industrials,rsi2,1684440000000,1684503000000,165.4626948852539,13,160.41699829101563,,1685476800000,160.33678979187013,stop,-68.75446286439042,1.0755075167541504,1.0421891336471558,7
HSY,Consumer Staples,rsi2,1684785600000,1684848600000,262.6412647705078,8,255.2610076904297,,1685476800000,255.13337718658448,stop,-62.13419923921494,1.0505650590820312,1.0205335087463379,5
WST,Health Care,rsi2,1684353600000,1684416600000,348.4041259918213,6,331.7800018310547,,1685563200000,331.61411183013917,stop,-102.78013968355853,1.0452123779754638,0.9948423354904176,9
WELL,Real Estate,rsi2,1685044800000,1685107800000,73.93695152664183,27,69.96600341796875,,1685626200000,74.04296183013916,mean reversion or trend exit,0.8645493641113149,0.9981488456096649,0.9995799847068787,3
ZTS,Health Care,rsi2,1685476800000,1685539800000,161.0805,11,151.52100067138673,,1685712600000,166.87652671051026,mean reversion or trend exit,61.952530168705074,0.8859427500000001,0.9178208969078064,2
LULU,Consumer Discretionary,rsi2,1685563200000,1685626200000,331.0754586639404,6,316.73399047851564,,1685712600000,378.040895980835,mean reversion or trend exit,279.66527483743306,0.9932263759918213,1.1341226879425048,1
GIS,Consumer Staples,rsi2,1685044800000,1685107800000,84.40218061065673,26,81.88600463867188,,1685971800000,84.50772805023193,mean reversion or trend exit,0.5484046163637593,1.0972283479385374,1.098600464653015,5
MDLZ,Consumer Staples,rsi2,1685476800000,1685539800000,72.50623622131347,30,70.18500289916992,,1685971800000,74.21287500000001,mean reversion or trend exit,48.99837669227647,1.0875935433197021,1.1131931250000002,3
AJG,Financials,rsi2,1685563200000,1685626200000,200.49019438934326,10,194.3739974975586,,1685971800000,205.74708110046387,mean reversion or trend exit,50.537680733757114,1.0024509719467163,1.0287354055023192,2
WYNN,Consumer Discretionary,rsi2,1685649600000,1685712600000,98.00897908401488,13,89.49900283813477,,1685971800000,99.95,mean reversion or trend exit,23.94653854376047,0.6370583640460967,0.6496750000000001,1
VRTX,Health Care,rsi2,1685649600000,1685712600000,323.1615,7,310.72899475097654,,1685971800000,333.833,mean reversion or trend exit,72.40101925000026,1.1310652499999998,1.1684155,1
ORLY,Consumer Discretionary,rsi2,1685736000000,1685971800000,59.809220872879024,38,57.331133651733396,,1686317400000,60.28384217643738,mean reversion or trend exit,15.75384133728059,1.1363751965847013,1.1453930013523101,4
TECH,Health Care,rsi2,1686254400000,1686317400000,79.2395969467163,27,75.1150016784668,,1686576600000,78.17089408493042,mean reversion or trend exit,-30.980018897145992,1.0697345587806701,1.0553070701465608,1
COO,Health Care,rsi2,1685995200000,1686058200000,88.38167027664184,26,84.80724487304687,,1686663000000,88.95800119018556,mean reversion or trend exit,12.679188023067807,1.148961713596344,1.1564540154724123,5
TTWO,Communication Services,rsi2,1685995200000,1686058200000,136.95844438934324,15,129.81900024414062,,1686663000000,136.48172805023194,mean reversion or trend exit,-9.201546379966402,1.0271883329200744,1.0236129603767394,5
MSI,Information Technology,rsi2,1686081600000,1686144600000,278.389125,8,269.4410064697266,,1686663000000,281.2493196411133,mean reversion or trend exit,20.643003350342024,1.1135564999999998,1.124997278564453,4
FICO,Information Technology,rsi2,1686168000000,1686231000000,756.4880403442382,2,719.0559936523438,,1686663000000,804.1277642822266,mean reversion or trend exit,93.71883207135029,0.7564880403442382,0.8041277642822267,3
FERG,Industrials,rsi2,1686340800000,1686576600000,145.36263828277586,15,138.35100555419922,,1686663000000,147.42625,mean reversion or trend exit,28.758259096241407,1.0902197871208188,1.105696875,1
IBKR,Financials,rsi2,1686600000000,1686663000000,19.27213201332092,120,18.441748809814452,,1686835800000,19.812588978767398,mean reversion or trend exit,62.50975259405197,1.1563279207992552,1.1887553387260439,2
PLD,Real Estate,rsi2,1686600000000,1686663000000,119.62978469467163,19,114.05500411987305,,1686835800000,120.41976335525513,mean reversion or trend exit,12.729123844612204,1.1364829545993804,1.1439877518749237,2
VRSK,Industrials,rsi2,1686686400000,1686749400000,216.90840305328368,10,210.2379943847656,,1686835800000,220.03991889953613,mean reversion or trend exit,29.13041685276045,1.0845420152664182,1.1001995944976808,1
AKAM,Information Technology,rsi2,1686686400000,1686749400000,91.78586786270141,25,88.96099624633788,,1687377600000,88.91651574821472,stop,-73.99258265730364,1.1473233482837677,1.111456446852684,5
RTX,Industrials,rsi2,1686772800000,1686835800000,97.22859030532837,24,93.69499969482422,,1687440600000,98.55069847488404,mean reversion or trend exit,29.38124460397368,1.1667430836639405,1.1826083816986086,4
EXPE,Consumer Discretionary,rsi2,1686859200000,1686922200000,107.55375,15,100.12299880981445,,1687527000000,105.19737500000001,mean reversion or trend exit,-36.94125843749978,0.806653125,0.7889803125000001,4
CEG,Utilities,rsi2,1687464000000,1687527000000,89.68481938934326,25,85.24549789428711,,1687872600000,90.92451622009278,mean reversion or trend exit,28.73480407362012,1.1210602423667908,1.13655645275116,2
MAR,Consumer Discretionary,rsi2,1686859200000,1686922200000,177.35863927459715,12,168.1909973144531,,1687959000000,177.40126049041749,mean reversion or trend exit,-1.617104808746095,1.064151835647583,1.064407562942505,7
AKAM,Information Technology,rsi2,1687377600000,1687440600000,87.68381938934326,26,85.04899826049805,,1687959000000,89.17539122009278,mean reversion or trend exit,36.48169786156488,1.1398896520614623,1.159280085861206,4
AXP,Financials,rsi2,1687377600000,1687440600000,167.36363877868652,13,160.88399810791014,,1687959000000,167.17636450958253,mean reversion or trend exit,-4.609075519725678,1.0878636520614624,1.0866463693122865,4
COF,Financials,rsi2,1687809600000,1687872600000,106.2530969467163,20,100.81799850463867,,1687959000000,108.41576622009278,mean reversion or trend exit,41.106696835861506,1.062530969467163,1.0841576622009277,1
FSLR,Information Technology,rsi2,1686945600000,1687267800000,189.38463828277588,7,174.9320053100586,,1688045400000,185.61715171051026,mean reversion or trend exit,-27.684912270835877,0.6628462339897155,0.6496600309867858,7
DXCM,Health Care,rsi2,1687896000000,1687959000000,124.07200713729858,14,115.98399963378907,,1688045400000,126.50671469497681,mean reversion or trend exit,32.331854754669195,0.8685040499610901,0.8855470028648377,1
DVA,Health Care,rsi2,1687896000000,1687959000000,96.13804133605956,24,91.52999877929688,,1688045400000,97.44125286483765,mean reversion or trend exit,28.954125160263455,1.1536564960327147,1.1692950343780517,1
CL,Consumer Staples,rsi2,1687896000000,1687959000000,75.36766683197021,30,73.60000305175781,,1688131800000,76.68164122009277,mean reversion or trend exit,37.138492022895846,1.1305150024795532,1.1502246183013916,2
RTX,Industrials,rsi2,1687982400000,1688045400000,96.048,24,92.4860008239746,,1688131800000,98.05094847488404,mean reversion or trend exit,45.741576015518255,1.152576,1.1766113816986086,1
MDT,Health Care,rsi2,1687982400000,1688045400000,85.98297244262695,27,83.677001953125,,1688391000000,87.50622805023194,mean reversion or trend exit,38.78579719868126,1.1607701279754639,1.1813340786781312,2
HSY,Consumer Staples,rsi2,1687982400000,1688045400000,248.38412450408933,9,241.41399078369142,,1689019200000,241.2932837882996,stop,-66.0211147794234,1.117728560268402,1.0858197770473483,7
MU,Information Technology,rsi2,1688155200000,1688391000000,63.47171862602234,24,58.757001113891604,,1689082200000,62.56869847488404,mean reversion or trend exit,-23.184968632530072,0.7616606235122682,0.7508243816986085,5
PTC,Information Technology,rsi2,1688587200000,1688650200000,137.20856938934327,17,132.7769989013672,,1689082200000,139.2703263397217,mean reversion or trend exit,32.69979754273616,1.1662728398094178,1.1837977738876344,3
AXON,Industrials,rsi2,1688673600000,1688736600000,189.68479133605956,10,179.14100646972656,,1689082200000,195.2523311004639,mean reversion or trend exit,53.75071203186068,0.9484239566802978,0.9762616555023195,2
PHM,Consumer Discretionary,rsi2,1688673600000,1688736600000,74.93745152664184,31,71.8870002746582,,1689082200000,77.46125,mean reversion or trend exit,75.87557280044031,1.1615304986629484,1.2006493750000002,2
HSY,Consumer Staples,rsi2,1689019200000,1689082200000,241.78083366394043,9,234.33199920654297,,1689168600000,239.88000000000002,mean reversion or trend exit,-19.274976726951365,1.088013751487732,1.07946,1
WELL,Real Estate,rsi2,1689019200000,1689082200000,79.72984744262695,28,75.69000091552735,,1689168600000,82.05894847488403,mean reversion or trend exit,62.94978576035324,1.1162178641967773,1.1488252786483766,1
MKC,Consumer Staples,rsi2,1689019200000,1689082200000,83.3416530532837,28,80.34900207519532,,1689255000000,84.75760305023194,mean reversion or trend exit,37.293210329101576,1.1667831427459716,1.186606442703247,2
ORCL,Information Technology,rsi2,1689019200000,1689082200000,114.2570969467163,17,107.66099624633789,,1689255000000,117.03145133972168,mean reversion or trend exit,45.19807202065677,0.9711853240470886,0.9947673363876343,2
GOOGL,Communication Services,rsi2,1689019200000,1689082200000,116.3481459159851,20,111.0319953918457,,1689255000000,120.8695353050232,mean reversion or trend exit,88.05561096855203,1.163481459159851,1.2086953530502322,2
LLY,Health Care,rsi2,1689105600000,1689168600000,438.6892362213135,5,420.92401123046875,,1689600600000,449.22528720092777,mean reversion or trend exit,50.460468589515834,1.0967230905532839,1.1230632180023195,3
KMB,Consumer Staples,rsi2,1689192000000,1689255000000,135.24758267211914,18,130.98800659179688,,1689600600000,135.03245610046386,mean reversion or trend exit,-6.30479863874821,1.2172282440490723,1.2152921049041747,2
MCK,Health Care,rsi2,1689192000000,1689255000000,411.55568110656736,5,394.59698486328125,,1689687000000,412.31372901916507,mean reversion or trend exit,1.7305660376741867,1.0288892027664183,1.0307843225479127,3
FOXA,Communication Services,rsi2,1689364800000,1689600600000,33.176579847335816,73,31.90900001525879,,1689773400000,33.91303530502319,mean reversion or trend exit,51.312477458117435,1.2109451644277573,1.2378257886333466,2
FOX,Communication Services,rsi2,1689364800000,1689600600000,31.205595534324644,78,30.01349925994873,,1689773400000,31.854065838813785,mean reversion or trend exit,48.12135695660061,1.217018225838661,1.2423085677137375,2
CLX,Consumer Staples,rsi2,1689105600000,1689168600000,154.4571948852539,15,150.0330078125,,1689859800000,151.924,mean reversion or trend exit,-40.29578224044777,1.1584289616394041,1.1394300000000002,6
FAST,Industrials,rsi2,1689278400000,1689341400000,28.229107652664183,86,27.260000038146973,,1689859800000,28.645669847488406,mean reversion or trend exit,33.37873332237665,1.2138516290645598,1.2317638034420015,4
SO,Utilities,rsi2,1689710400000,1689773400000,69.25461122131347,35,66.6819953918457,,1689946200000,71.32432061004639,mean reversion or trend exit,69.97969729860331,1.2119556963729856,1.2481756106758117,2
WM,Industrials,rsi2,1689710400000,1689773400000,166.92341633605957,14,162.01399688720704,,1689946200000,171.97396755981447,mean reversion or trend exit,68.3354354452974,1.1684639143524171,1.2038177729187014,2
BA,Industrials,rsi2,1689796800000,1689859800000,208.9344168319702,11,200.75700988769532,,1689946200000,213.78305438995363,mean reversion or trend exit,51.01006704609723,1.1491392925758361,1.175806799144745,1
OTIS,Industrials,rsi2,1689883200000,1689946200000,87.32363877868652,28,84.20950088500976,,1690378200000,85.8870353050232,mean reversion or trend exit,-42.64984669974465,1.2225309429016114,1.2024184942703249,3
HCA,Health Care,rsi2,1689796800000,1689859800000,288.6542647705078,8,275.42298889160156,,1690464600000,273.863,stop gap,-120.58018722314426,1.154617059082031,1.095452,5
ALGN,Health Care,rsi2,1689883200000,1689946200000,332.99640156555176,4,307.68499450683595,,1690464600000,403.62807157897953,mean reversion or trend exit,281.053431107422,0.6659928031311035,0.8072561431579591,4
F,Consumer Discretionary,rsi2,1689624000000,1689687000000,13.956974809169768,175,13.392000198364258,,1690574400000,13.385304198265077,stop,-102.43480632147156,1.221235295802355,1.1712141173481943,9
SNA,Industrials,rsi2,1689883200000,1689946200000,274.0169448852539,9,262.1559814453125,,1690810200000,272.1238797607422,mean reversion or trend exit,-19.495219831512095,1.2330762519836427,1.22455745892334,6
HUBB,Industrials,rsi2,1690315200000,1690378200000,321.52066534423824,7,304.7821838378906,,1690896600000,311.04441220092775,mean reversion or trend exit,-75.54774977458149,1.1253223287048337,1.0886554427032473,4
VRSN,Information Technology,rsi2,1690574400000,1690810200000,208.32411122131347,11,200.78099517822267,,1690896600000,209.4952061004639,mean reversion or trend exit,10.584037425384805,1.1457826117172243,1.1522236335525513,1
MCK,Health Care,rsi2,1690401600000,1690464600000,403.20149999999995,6,390.902001953125,,1690983000000,406.71655342102054,mean reversion or trend exit,18.66056636586043,1.2096045,1.2201496602630617,4
COR,Health Care,rsi2,1690401600000,1690464600000,187.90390255737304,13,182.91501007080078,,1690983000000,187.7860648803711,mean reversion or trend exit,-3.9738745893706096,1.2213753666229248,1.2206094217224122,4
PNW,Utilities,rsi2,1690920000000,1690983000000,82.49122194671631,30,79.45199966430664,,1691092800000,79.4122736644745,stop,-94.7970009014222,1.2373683292007447,1.1911841049671175,2
ZBH,Health Care,rsi2,1690920000000,1690983000000,131.84588877868651,18,127.57700653076172,,1691092800000,127.51321802749635,stop,-80.3223054826786,1.1866129990081786,1.147618962247467,2
AOS,Industrials,rsi2,1690574400000,1690810200000,72.32614591598511,34,69.33200149536133,,1691415000000,72.93351622009278,mean reversion or trend exit,18.18117608334764,1.2295444805717468,1.2398697757415773,5
LYV,Communication Services,rsi2,1690833600000,1690896600000,87.52374335861205,20,81.45400161743164,,1691415000000,88.27583969497681,mean reversion or trend exit,13.283930896759275,0.8752374335861205,0.8827583969497681,4
MS,Financials,rsi2,1691092800000,1691155800000,89.39467347335815,27,85.51600036621093,,1691587800000,88.42576622009278,mean reversion or trend exit,-28.56107177402661,1.2068280918903351,1.1937478439712528,3
MDT,Health Care,rsi2,1691179200000,1691415000000,84.42218725204468,29,81.19000091552735,,1691587800000,82.22886164474488,mean reversion or trend exit,-66.02288282069759,1.2241217151546477,1.1923184938488007,2
CRM,Information Technology,rsi2,1691092800000,1691155800000,216.5182086639404,10,205.69499816894532,,1691611200000,205.59215066986087,stop,-111.37113173746442,1.0825910433197021,1.0279607533493045,4
AON,Financials,rsi2,1690833600000,1690896600000,318.159,7,306.00498657226564,,1691674200000,318.1408377990723,mean reversion or trend exit,-2.354184838790588,1.1135564999999998,1.113492932296753,7
LOW,Consumer Discretionary,rsi2,1691179200000,1691415000000,224.3120969467163,10,216.15499267578124,,1692019800000,224.2578101196289,mean reversion or trend exit,-2.785717806205679,1.1215604847335814,1.1212890505981445,5
TTWO,Communication Services,rsi2,1691524800000,1691587800000,140.07,17,134.60299835205078,,1692019800000,140.26982633972167,mean reversion or trend exit,1.0141592513809552,1.190595,1.1922935238876342,3
ISRG,Health Care,rsi2,1691524800000,1691587800000,303.02143011474607,7,286.2810028076172,,1692106200000,305.9369513397217,mean reversion or trend exit,18.277294239738808,1.0605750054016112,1.070779329689026,4
ALGN,Health Care,rsi2,1691611200000,1691674200000,354.52718110656735,4,325.47498779296876,,1692106200000,359.6600763397217,mean reversion or trend exit,19.10320641772474,0.7090543622131347,0.7193201526794434,3
CMG,Consumer Discretionary,rsi2,1691611200000,1691674200000,37.1549665145874,55,35.02225875854492,,1692279000000,37.19919124031067,mean reversion or trend exit,0.38762057652004134,1.0217615791511534,1.0229777591085434,5
JBL,Information Technology,rsi2,1691784000000,1692019800000,105.62278469467162,22,101.25900268554688,,1692365400000,101.0594456100464,stop gap,-102.66696439510689,1.1618506316413877,1.1116539017105105,4
SW,Materials,rsi2,1692043200000,1692106200000,40.51024667930603,59,40.03200187683105,,1692365400000,40.58969561004639,mean reversion or trend exit,2.2950386161454794,1.1950522770395278,1.1973960204963685,3
RL,Consumer Discretionary,rsi2,1691784000000,1692019800000,121.21057652664184,19,115.38899841308594,,1692388800000,115.33130391387941,stop,-113.95332750667122,1.1515004770030977,1.0956473871818544,5
SWK,Industrials,rsi2,1692043200000,1692106200000,93.37666683197021,25,88.9500015258789,,1692648000000,88.90552652511597,stop,-114.05703508831952,1.1672083353996277,1.1113190815639495,5
NDSN,Industrials,rsi2,1692302400000,1692365400000,232.7663188934326,10,227.16999359130858,,1692711000000,229.08539694976807,mean reversion or trend exit,-39.118478015861434,1.163831594467163,1.1454269847488403,2
COF,Financials,rsi2,1692216000000,1692279000000,105.45270152664185,18,99.05199737548828,,1692797400000,100.199875,mean reversion or trend exit,-96.40175066829289,0.9490743137397766,0.9017988750000001,4
ABNB,Consumer Discretionary,rsi2,1692388800000,1692624600000,126.21807627868651,11,116.37709197998046,,1692797400000,126.83655152511598,mean reversion or trend exit,5.411427257803244,0.6941994195327758,0.697601033388138,2
OTIS,Industrials,rsi2,1692648000000,1692711000000,84.042,27,80.17099685668946,,1692797400000,83.17839122009278,mean reversion or trend exit,-25.574912338966307,1.134567,1.1229082814712523,1
STZ,Consumer Staples,rsi2,1692302400000,1692365400000,257.1285,9,251.8489776611328,,1692883800000,262.4986898803711,mean reversion or trend exit,45.99338656887849,1.1570782499999999,1.18124410446167,4
AOS,Industrials,rsi2,1692648000000,1692711000000,69.09452755737304,33,66.04100112915039,,1692883800000,69.58519274520874,mean reversion or trend exit,13.90373581358558,1.1400597046966552,1.1481556802959443,2
WELL,Real Estate,rsi2,1692734400000,1692797400000,80.20008366394042,26,75.94599761962891,,1692883800000,80.8895353050232,mean reversion or trend exit,15.831577621555839,1.0426010876312255,1.0515639589653016,1
MDLZ,Consumer Staples,rsi2,1692734400000,1692797400000,70.53524999999999,33,67.89399948120118,,1692883800000,71.52421755981446,mean reversion or trend exit,30.291948259140543,1.1638316249999998,1.1801495897369387,1
AFL,Financials,rsi2,1692820800000,1692883800000,73.03649999999999,32,70.50999755859375,,1692970200000,74.49273377990723,mean reversion or trend exit,44.239013216553055,1.1685839999999998,1.1918837404785156,1
CHTR,Communication Services,rsi2,1692734400000,1692797400000,416.518152557373,5,394.38201599121095,,1693229400000,418.5706087799073,mean reversion or trend exit,8.174559209328102,1.0412953813934325,1.0464265219497682,3
APA,Energy,rsi2,1692820800000,1692883800000,42.101041831970214,51,39.87100105285644,,1693315800000,42.87855152511597,mean reversion or trend exit,37.486014719827686,1.0735765667152404,1.093403063890457,3
AMGN,Health Care,rsi2,1692820800000,1692883800000,256.8583759918213,9,246.96498413085936,,1693402200000,259.87,mean reversion or trend exit,24.779338381645356,1.1558626919631956,1.169415,4
VTRS,Health Care,rsi2,1692820800000,1692883800000,10.925460076332092,215,10.45200023651123,,1693402200000,11.01449045753479,mean reversion or trend exit,16.782987276189576,1.1744869582057,1.1840577241849901,4
SW,Materials,rsi2,1692907200000,1692970200000,38.359170152664184,61,37.91400032043457,,1693402200000,40.729625000000006,mean reversion or trend exit,142.18553743532885,1.1699546896562576,1.2422535625000004,3
DECK,Consumer Discretionary,rsi2,1692993600000,1693229400000,86.96012245559692,27,82.8633316040039,,1693402200000,87.86271628189087,mean reversion or trend exit,22.009924986980614,1.1739616531505583,1.1861466698055267,2
JBHT,Industrials,rsi2,1693252800000,1693315800000,187.19355610656737,12,179.46300506591797,,1693402200000,189.04542938995363,mean reversion or trend exit,19.965045487655924,1.1231613366394042,1.134272576339722,1
LH,Health Care,rsi2,1693339200000,1693402200000,211.69579133605956,11,204.98499908447266,,1693488600000,213.29329389953614,mean reversion or trend exit,15.23508822944662,1.1643268523483274,1.1731131164474486,1
TKO,Communication Services,rsi2,1693425600000,1693488600000,110.10502805328369,18,103.7750015258789,,1693512000000,103.72311402511598,stop,-116.79890578572444,0.9909452524795532,0.9335080262260438,1
PCG,Utilities,rsi2,1693425600000,1693488600000,16.60830038166046,145,15.979000282287597,,1693575000000,16.421785305023196,mean reversion or trend exit,-29.439367324687794,1.2041017776703835,1.1905794346141818,1
PCAR,Industrials,rsi2,1693512000000,1693575000000,82.88141633605957,28,79.30800094604493,,1693920600000,83.52821469497681,mean reversion or trend exit,15.780619215248144,1.160339828704834,1.1693950057296754,1
VTRS,Health Care,rsi2,1693512000000,1693575000000,10.845420152664184,188,10.229000186920166,,1694030400000,10.223885686826707,stop,-118.82899432635791,1.0194694943504334,0.9610452545617104,3
UNP,Industrials,rsi2,1693512000000,1693575000000,221.75081938934326,10,214.92000274658204,,1694030400000,214.81254274520876,stop,-71.5655832520178,1.1087540969467164,1.0740627137260437,3
MCK,Health Care,rsi2,1693512000000,1693575000000,413.4966535491943,5,397.1120086669922,,1694179800000,418.1508053588867,mean reversion or trend exit,21.191640401191766,1.033741633872986,1.045377013397217,4
MNST,Consumer Staples,rsi2,1693598400000,1693920600000,28.249118110656738,84,27.20149917602539,,1694179800000,28.250866889953613,mean reversion or trend exit,-2.2261019090881256,1.1864629606475832,1.1865364093780517,3
TKO,Communication Services,rsi2,1693512000000,1693575000000,98.04899999999999,12,88.98800125122071,,1694525400000,101.94900000000001,mean reversion or trend exit,45.60001200000024,0.588294,0.6116940000000001,6
LYV,Communication Services,rsi2,1694030400000,1694093400000,80.2400969467163,29,77.8199951171875,,1694525400000,82.0289646949768,mean reversion or trend exit,49.52426330574996,1.1634814057273863,1.1894199880771636,3
UNP,Industrials,rsi2,1694116800000,1694179800000,210.42516732788084,11,204.7280029296875,,1694611800000,213.79304389953614,mean reversion or trend exit,34.71344212645752,1.1573384203033448,1.1758617414474488,3
ESS,Real Estate,rsi2,1694462400000,1694525400000,223.52170866394042,10,216.02900390625,,1694698200000,225.17734828948977,mean reversion or trend exit,14.312900970726401,1.117608543319702,1.125886741447449,2
FAST,Industrials,rsi2,1694116800000,1694179800000,27.728857652664182,85,26.801000022888182,,1694784600000,27.55621469497681,mean reversion or trend exit,-17.02426697820142,1.1784764502382277,1.1711391245365144,5
CRH,Materials,rsi2,1694548800000,1694611800000,53.496736221313476,44,51.50499801635742,,1694784600000,55.04246469497681,mean reversion or trend exit,65.62419042102819,1.1769281968688965,1.21093422328949,2
ROST,Consumer Discretionary,rsi2,1694462400000,1694525400000,119.15954847335814,19,113.8490005493164,,1695043800000,117.99097805023194,mean reversion or trend exit,-24.455768041371865,1.1320157104969024,1.1209142914772035,4
PTC,Information Technology,rsi2,1694635200000,1694698200000,139.0194719467163,17,133.88099517822266,,1695043800000,141.02945610046388,mean reversion or trend exit,31.789314725307847,1.1816655115470884,1.198750376853943,2
BDX,Health Care,rsi2,1694030400000,1694093400000,209.99488332366943,11,202.94810638427734,,1695130200000,207.60840888214113,mean reversion or trend exit,-28.54803696394318,1.1549718582801818,1.1418462488517762,8
DAL,Industrials,rsi2,1694721600000,1694784600000,39.319649236679076,59,37.37800254821777,,1695216600000,39.75011545753479,mean reversion or trend exit,23.064948972007777,1.1599296524820326,1.1726284059972762,3
PAYX,Industrials,rsi2,1694808000000,1695043800000,116.02798622131347,20,112.98100280761719,,1695389400000,112.82355725479127,stop gap,-66.37709476520506,1.1602798622131347,1.1282355725479127,4
KLAC,Information Technology,rsi2,1694808000000,1695043800000,45.56577076721191,38,42.53660011291504,,1695735000000,45.02247566986084,mean reversion or trend exit,-22.36639038164504,0.8657496445770263,0.855427037727356,6
CARR,Industrials,rsi2,1695153600000,1695216600000,54.32714923667908,32,50.75899887084961,,1695735000000,53.07344847488404,mean reversion or trend exit,-41.836833940826224,0.8692343877868652,0.8491751755981446,4
ICE,Financials,rsi2,1695672000000,1695735000000,108.47420816802978,21,105.91100234985352,,1695821400000,107.73610591506959,mean reversion or trend exit,-17.770355610036518,1.1389791857643128,1.1312291121082307,1
P,Information Technology,rsi2,1695067200000,1695130200000,35.84791683197021,43,33.164899063110354,,1695907800000,34.54272137260437,mean reversion or trend exit,-57.63680347412951,0.7707302118873595,0.742668509510994,7
ABNB,Consumer Discretionary,rsi2,1695326400000,1695389400000,133.7768617172241,12,124.41360092163086,,1695907800000,133.58316889953613,mean reversion or trend exit,-3.9284739959562573,0.8026611703033447,0.8014990133972169,4
NFLX,Communication Services,rsi2,1694721600000,1694784600000,40.12004847335815,45,37.53060035705566,,1695931200000,37.51183505687713,stop,-119.11632112107625,0.9027010906505584,0.8440162887797354,10
CME,Financials,rsi2,1695672000000,1695735000000,200.71030561065672,11,196.1570083618164,,1695994200000,201.85902671051028,mean reversion or trend exit,10.421800770622744,1.103906680858612,1.1102246469078065,3
TJX,Consumer Discretionary,rsi2,1695758400000,1695821400000,88.14404847335815,26,85.66200180053711,,1695994200000,89.80507347488404,mean reversion or trend exit,40.87331145434588,1.1458726301536561,1.1674659551734927,2
RSG,Industrials,rsi2,1695844800000,1695907800000,145.26259744262694,16,141.01199798583986,,1696276800000,140.94149198684696,stop,-71.42732000791557,1.1621007795410156,1.1275319358947757,3
AON,Financials,rsi2,1695931200000,1695994200000,330.2450265655517,7,320.3870086669922,,1696276800000,320.2268151626587,stop,-72.40413126629994,1.155857592979431,1.1207938530693056,2
BRO,Financials,rsi2,1695931200000,1695994200000,71.0355,32,69.01700210571289,,1696363200000,68.98249360466004,stop,-67.93649254855339,1.136568,1.1037198976745606,3
AON,Financials,rsi2,1696276800000,1696339800000,321.2905698852539,7,311.7749847412109,,1696426200000,319.9099723205567,mean reversion or trend exit,-11.908384850600818,1.1245169945983886,1.1196849031219482,1
CHD,Consumer Staples,rsi2,1695844800000,1695907800000,92.32613877868651,25,89.33299942016602,,1696512600000,91.5242146949768,mean reversion or trend exit,-22.346231511163474,1.1540767347335814,1.14405268368721,5
IBM,Information Technology,rsi2,1695931200000,1695994200000,142.071,16,137.7230026245117,,1696512600000,140.82954389953613,mean reversion or trend exit,-22.126501958618118,1.136568,1.1266363511962891,4
CAH,Health Care,rsi2,1696276800000,1696339800000,86.34315305328369,26,84.05799865722656,,1696512600000,89.19537786483765,mean reversion or trend exit,71.87584419846756,1.122460989692688,1.1595399122428893,2
BRO,Financials,rsi2,1696363200000,1696426200000,69.64480561065673,32,67.39699783325196,,1696512600000,70.29483683013916,mean reversion or trend exit,18.56196474438499,1.1143168897705078,1.1247173892822266,1
BRK-B,Financials,rsi2,1696363200000,1696426200000,343.09147343444823,6,334.4670166015625,,1696858200000,344.06787023925784,mean reversion or trend exit,3.7969027978365437,1.0292744203033446,1.0322036107177734,3
VST,Utilities,rsi2,1696449600000,1696512600000,31.40569438934326,64,29.65949993133545,,1696944600000,31.9040400762558,mean reversion or trend exit,29.868212459503376,1.0049822204589844,1.0209292824401857,3
MPC,Energy,rsi2,1696449600000,1696512600000,140.48020866394043,15,133.29800109863282,,1696944600000,145.54718511962892,mean reversion or trend exit,73.85944138195057,1.0536015649795532,1.091603888397217,3
BKR,Energy,rsi2,1696449600000,1696512600000,32.89644106864929,70,31.539999771118165,,1696944600000,34.74261832237244,mean reversion or trend exit,126.86504068193463,1.1513754374027252,1.2159916412830354,3
BG,Consumer Staples,rsi2,1696449600000,1696512600000,104.35215305328369,22,100.20999603271484,,1696944600000,106.09692652511598,mean reversion or trend exit,36.07007650494796,1.1478736835861205,1.1670661917762757,3
WMT,Consumer Staples,rsi2,1696881600000,1696944600000,52.10270611953735,45,50.50633430480957,,1697117400000,52.81691253089905,mean reversion or trend exit,29.77859709164173,1.1723108876895905,1.1883805319452287,2
FDX,Industrials,rsi2,1696881600000,1696944600000,206.07397853851316,11,196.64625396728516,,1697227200000,196.54793084030152,stop,-107.00094518191153,1.1334068819618224,1.0810136196216584,4
ACN,Information Technology,rsi2,1697140800000,1697203800000,302.4511377868652,7,291.30498657226565,,1697635800000,306.5666412200928,mean reversion or trend exit,26.676961806068558,1.0585789822540284,1.0729832442703249,3
IBKR,Financials,rsi2,1697140800000,1697203800000,21.345666584014893,110,20.388500022888184,,1697635800000,20.71963454246521,mean reversion or trend exit,-71.17711613242136,1.1740116621208192,1.1395798998355868,3
TYL,Information Technology,rsi2,1697227200000,1697463000000,377.7387627868652,6,359.02899780273435,,1697635800000,386.2367776794434,mean reversion or trend exit,48.69616273407009,1.1332162883605956,1.1587103330383302,2
PCAR,Industrials,rsi2,1697140800000,1697203800000,85.34265305328368,27,81.85600357055664,,1697832000000,81.81507556877136,stop,-97.5012214182304,1.1521258162193297,1.1045035201784135,6
VEEV,Health Care,rsi2,1697572800000,1697635800000,207.56373671722412,11,198.60900421142577,,1697832000000,198.50969970932007,stop,-101.82781098729046,1.1416005519447325,1.0918033484012604,3
FDX,Industrials,rsi2,1697227200000,1697463000000,196.92354684448242,10,185.77841033935547,,1698067800000,193.0541052017212,SPY below SMA200,-40.64430468784319,0.984617734222412,0.965270526008606,5
WDC,Information Technology,rsi2,1697572800000,1697635800000,33.15337870788574,63,31.356007766723632,,1698067800000,32.07012329864502,SPY below SMA200,-70.29963109537113,1.044331429298401,1.0102088839073182,3
BRO,Financials,rsi2,1697572800000,1697635800000,68.98447194671631,33,66.89400177001953,,1698067800000,67.51622805023193,SPY below SMA200,-50.70431013393423,1.1382437871208193,1.1140177628288268,3
VRSK,Industrials,rsi2,1698177600000,1698240600000,229.68479232788084,9,221.275,,1698327000000,227.77605438995363,SPY below SMA200,-19.23721525157518,1.0335815654754639,1.0249922447547912,1
ERIE,Financials,rsi2,1698177600000,1698240600000,293.56672343444825,7,281.3920013427734,,1698327000000,293.853,SPY below SMA200,-0.05203307315825456,1.0274835320205689,1.0284855,1
RSG,Industrials,rsi2,1698177600000,1698240600000,143.6217780532837,15,139.08600463867188,,1698327000000,147.0264561004639,SPY below SMA200,48.89030895154987,1.0771633353996277,1.1026984207534793,1
HAL,Energy,rsi2,1698177600000,1698240600000,40.41019438934326,39,37.57299957275391,,1698327000000,39.790096372604374,SPY below SMA200,-25.747728322674547,0.7879987905921936,0.7759068792657853,1
WMB,Energy,rsi2,1698177600000,1698240600000,34.527253320693966,65,33.123999404907224,,1698327000000,34.172903627395634,SPY below SMA200,-25.26548516520447,1.1221357329225539,1.110619367890358,1
TPL,Energy,rsi2,1698955200000,1699018200000,199.57640764617918,9,187.3782180786133,,1699390800000,187.28452896957398,stop,-112.36778230421763,0.8980938344078063,0.842780380363083,3
TPL,Energy,rsi2,1699390800000,1699453800000,189.23789746856687,7,175.44510498046876,,1699540200000,183.60482219696047,mean reversion or trend exit,-40.736476420074155,0.662332641139984,0.6426168776893617,1
HAL,Energy,rsi2,1699390800000,1699453800000,37.71885076332092,48,35.45999946594238,,1699885800000,38.36081106758118,mean reversion or trend exit,28.988182720550775,0.9052524183197023,0.9206594656219483,3
CI,Health Care,rsi2,1699390800000,1699453800000,296.6282509918213,6,280.4859985351562,,1699972200000,293.04340744018555,mean reversion or trend exit,-23.27807628511048,0.889884752975464,0.8791302223205567,4
MPC,Energy,rsi2,1699477200000,1699540200000,144.072,12,135.61199798583985,,1699972200000,147.22635305023195,mean reversion or trend exit,36.10444648448197,0.8644320000000001,0.8833581183013917,3
NOC,Industrials,rsi2,1699477200000,1699540200000,461.480625,4,441.6780212402344,,1699972200000,462.7685,mean reversion or trend exit,3.3030017500001687,0.92296125,0.925537,3
TXT,Industrials,rsi2,1699477200000,1699540200000,76.62829133605956,29,73.02399826049805,,1699972200000,76.80157633972168,mean reversion or trend exit,2.800532024902532,1.1111102243728637,1.1136228569259643,3
EQT,Energy,rsi2,1699650000000,1699885800000,39.54976377868652,31,36.01700134277344,,1699972200000,39.81008683013916,mean reversion or trend exit,6.8399369105951795,0.613021338569641,0.617056345867157,1
PKG,Materials,rsi2,1699909200000,1699972200000,154.76734744262694,14,147.54700164794923,,1700058600000,158.02095610046388,mean reversion or trend exit,43.36100308491545,1.0833714320983887,1.106146692703247,1
STLD,Materials,rsi2,1699909200000,1699972200000,108.92443774795531,14,101.07400512695312,,1700058600000,111.11441316986084,mean reversion or trend exit,29.119383950252704,0.7624710642356872,0.7778008921890258,1
REGN,Health Care,rsi2,1699909200000,1699972200000,805.4024999999999,2,759.6869995117188,,1700231400000,802.9083425598145,mean reversion or trend exit,-6.596625722930622,0.8054024999999999,0.8029083425598146,3
AJG,Financials,rsi2,1700082000000,1700145000000,241.62075,9,232.3790069580078,,1700231400000,246.4866956100464,mean reversion or trend exit,41.597026985172604,1.087293375,1.1091901302452087,1
COP,Energy,rsi2,1700168400000,1700231400000,112.85640305328369,17,106.58699951171874,,1700490600000,114.93250286483766,mean reversion or trend exit,33.35749109611351,0.9592794259529114,0.9769262743511201,1
VRTX,Health Care,rsi2,1700082000000,1700145000000,350.89536122131346,5,331.0669921875,,1700577000000,357.72104389953614,mean reversion or trend exit,32.35687237831126,0.8772384030532837,0.8943026097488403,3
ACGL,Financials,rsi2,1700082000000,1700145000000,83.1215418319702,21,78.03400268554688,,1700577000000,84.95750000000001,mean reversion or trend exit,36.790291589390215,0.8727761892356872,0.8920537500000002,3
FANG,Energy,rsi2,1700168400000,1700231400000,154.1070137786865,11,144.6300033569336,,1700577000000,155.16238549041748,mean reversion or trend exit,9.9081071330606,0.8475885757827758,0.8533931201972962,2
CI,Health Care,rsi2,1700168400000,1700231400000,283.11148622131344,7,267.675,,1700663400000,286.4467013397217,mean reversion or trend exit,21.35305217239418,0.9908902017745971,1.002563454689026,3
CF,Materials,rsi2,1700254800000,1700490600000,77.68882652664185,25,73.27099990844727,,1700663400000,75.23236164474488,mean reversion or trend exit,-63.32313689956641,0.9711103315830232,0.9404045205593111,2
WMT,Consumer Staples,rsi2,1700514000000,1700577000000,51.845909694671626,44,50.01166458129883,,1701095400000,51.95734192085266,mean reversion or trend exit,2.6193464164241034,1.1406100132827757,1.1430615222587586,3
DPZ,Consumer Discretionary,rsi2,1700514000000,1700577000000,368.02391633605953,6,351.4599945068359,,1701095400000,370.52463645935063,mean reversion or trend exit,12.788675081360386,1.1040717490081786,1.111573909378052,3
PKG,Materials,rsi2,1700514000000,1700577000000,153.23658366394042,14,146.90900421142578,,1701095400000,154.12289694976806,mean reversion or trend exit,10.256869637291002,1.072656085647583,1.0788602786483763,3
AMGN,Health Care,rsi2,1700600400000,1700663400000,264.9224035491943,7,250.7560043334961,,1701095400000,265.29727767944337,mean reversion or trend exit,0.7683500274431486,0.9272284124221801,0.9285404718780518,2
NRG,Utilities,rsi2,1700600400000,1700663400000,45.3926839313507,40,42.60500144958496,,1701181800000,46.20688454246521,mean reversion or trend exit,30.736033075104,0.907853678627014,0.9241376908493043,3
LYB,Materials,rsi2,1700859600000,1701095400000,93.97696530532836,24,90.62599868774414,,1701181800000,93.22336164474488,mean reversion or trend exit,-20.332891777404384,1.1277235836639405,1.1186803397369385,1
SBUX,Consumer Discretionary,rsi2,1700859600000,1701095400000,102.3411459159851,22,98.36399993896484,,1701354600000,100.00996755981446,mean reversion or trend exit,-53.51178608398786,1.1257526050758362,1.1001096431579591,3
NVDA,Information Technology,rsi2,1700859600000,1701095400000,47.823899236679075,39,44.98250122070313,,1701354600000,47.9999862613678,mean reversion or trend exit,4.99882819564842,0.932566035115242,0.9359997320966721,3
KEY,Financials,rsi2,1701118800000,1701181800000,11.755875,143,10.972000122070312,,1701354600000,12.49375,mean reversion or trend exit,103.7822768125001,0.8405450624999999,0.8933031250000001,2
ADP,Industrials,rsi2,1701118800000,1701181800000,229.52470866394043,9,220.7740036010742,,1701441000000,229.52517938995362,mean reversion or trend exit,-2.0614879621238056,1.032861188987732,1.0328633072547915,3
ODFL,Industrials,rsi2,1701291600000,1701354600000,192.23106200408935,10,182.00800170898438,,1701700200000,201.37426860046386,mean reversion or trend exit,89.46403931072236,0.9611553100204469,1.0068713430023193,2
HAL,Energy,rsi2,1701378000000,1701441000000,37.08853469467163,53,35.01099853515625,,1701700200000,37.261358779907226,mean reversion or trend exit,7.189404340410284,0.9828461694087982,0.9874260076675415,1
CDW,Information Technology,rsi2,1701118800000,1701181800000,213.9369168319702,10,206.00899810791014,,1701786600000,211.894,mean reversion or trend exit,-22.55832290386174,1.069684584159851,1.0594700000000001,5
CPRT,Industrials,rsi2,1701723600000,1701786600000,48.80438877868652,47,47.14400024414063,,1701896400000,47.12042824401856,stop,-81.40037832942771,1.1469031362991333,1.107330063734436,2
LLY,Health Care,rsi2,1701464400000,1701700200000,582.4210698852539,3,549.3389953613281,,1701959400000,587.9858892822266,mean reversion or trend exit,14.938847752166778,0.8736316048278809,0.8819788339233399,3
JBL,Information Technology,rsi2,1701291600000,1701354600000,115.56775713729857,15,108.25500411987305,,1702045800000,116.32180725479127,mean reversion or trend exit,9.571580029449764,0.8667581785297394,0.8724135544109345,6
LYV,Communication Services,rsi2,1701291600000,1701354600000,83.86190969467162,25,79.4740005493164,,1702045800000,84.34780438995362,mean reversion or trend exit,10.044745955992163,1.0482738711833954,1.0543475548744203,6
NFLX,Communication Services,rsi2,1701723600000,1701786600000,45.09253469467163,51,43.81119956970215,,1702305000000,45.913032823562624,mean reversion or trend exit,39.52476260172584,1.1498596347141266,1.1707823370008468,4
CPRT,Industrials,rsi2,1701896400000,1701959400000,47.99398622131348,47,45.628001022338864,,1702391400000,49.03547137260437,mean reversion or trend exit,46.66960985721488,1.1278586762008667,1.1523335772562027,3
CEG,Utilities,rsi2,1701896400000,1701959400000,113.31663213729858,18,107.14239959716797,,1702391400000,116.10192366027833,mean reversion or trend exit,48.07048041145727,1.0198496892356872,1.0449173129425051,3
LIN,Materials,rsi2,1701982800000,1702045800000,398.19899999999996,5,388.0299896240234,,1702391400000,425.4771574401856,mean reversion or trend exit,134.33159680732766,0.9954974999999999,1.063692893600464,2
AJG,Financials,rsi2,1702069200000,1702305000000,242.49118011474607,9,233.9860046386719,,1702391400000,244.87750000000003,mean reversion or trend exit,19.283719906769228,1.0912103105163573,1.10194875,1
ACGL,Financials,rsi2,1701982800000,1702045800000,78.71934030532836,27,74.68499374389648,,1702477800000,80.10992652511597,mean reversion or trend exit,35.40163283205441,1.0627110941219329,1.0814840080890655,3
VZ,Communication Services,rsi2,1702328400000,1702391400000,37.58878469467163,63,36.67899856567383,,1702501200000,36.66065906639099,stop,-60.81077206015377,1.1840467178821563,1.1548107605913163,2
SBAC,Real Estate,rsi2,1702328400000,1702391400000,242.8313617172241,9,230.62200164794922,,1702564200000,254.4826956100464,mean reversion or trend exit,102.62409177742792,1.0927411277275085,1.145172130245209,2
EQIX,Real Estate,rsi2,1702328400000,1702391400000,797.5785826721191,2,772.8389953613281,,1702564200000,818.4905744018555,mean reversion or trend exit,40.20791430239888,0.7975785826721191,0.8184905744018555,2
FIS,Financials,rsi2,1702414800000,1702477800000,57.888930610656736,40,55.54300117492676,,1702564200000,60.81957347488404,mean reversion or trend exit,114.85154448738126,1.1577786122131348,1.2163914694976807,1
WSM,Consumer Discretionary,rsi2,1702414800000,1702477800000,95.17756225204467,20,89.62799987792968,,1702564200000,100.06994274520875,mean reversion or trend exit,95.89513481330913,0.9517756225204467,1.0006994274520875,1
CAH,Health Care,rsi2,1702587600000,1702650600000,102.10102805328368,23,99.18800277709961,,1702674000000,99.13840877571107,stop,-70.45449690770356,1.1741618226127624,1.1400917009206775,1
MCK,Health Care,rsi2,1702587600000,1702650600000,439.6097096557617,5,425.33299560546874,,1703082600000,449.77500000000003,mean reversion or trend exit,48.60298994705217,1.0990242741394043,1.1244375,3
CBOE,Financials,rsi2,1702587600000,1702650600000,172.14602755737303,14,166.22699890136718,,1703082600000,176.0419398803711,mean reversion or trend exit,52.1054567499088,1.2050221929016112,1.2322935791625977,3
AIZ,Financials,rsi2,1702587600000,1702650600000,163.05148622131347,14,158.63700408935546,,1703082600000,166.24683683013916,mean reversion or trend exit,42.42982026219951,1.1413604035491942,1.163727857810974,3
ADBE,Information Technology,rsi2,1702587600000,1702650600000,580.8902755737305,4,556.4350280761719,,1703082600000,600.4096669616699,mean reversion or trend exit,75.71496566668695,1.161780551147461,1.20081933392334,3
ALL,Financials,rsi2,1703019600000,1703082600000,137.54873572540282,17,133.63400268554688,,1703601000000,137.33129389953615,mean reversion or trend exit,-6.032991291545404,1.169164253665924,1.1673159981460572,3
BALL,Materials,rsi2,1703106000000,1703169000000,56.12804847335815,40,53.206999969482425,,1703601000000,56.96150667762757,mean reversion or trend exit,31.07653706775706,1.122560969467163,1.1392301335525512,2
MSI,Information Technology,rsi2,1702674000000,1702909800000,311.7958346557617,7,302.20799865722654,,1703773800000,311.4241965789795,mean reversion or trend exit,-4.7827366467972245,1.0912854212951661,1.0899846880264281,7
UNH,Health Care,rsi2,1703019600000,1703082600000,524.1119005737304,4,506.09898681640624,,1703773800000,523.2082357177735,mean reversion or trend exit,-5.709299696410569,1.0482238011474607,1.046416471435547,5
FDX,Industrials,rsi2,1703106000000,1703169000000,200.0274387130737,9,187.9153839111328,,1703773800000,201.97792475128176,mean reversion or trend exit,15.745350208282895,0.9001234742088317,0.908900661380768,4
ULTA,Consumer Discretionary,rsi2,1703278800000,1703601000000,473.4666259918213,4,449.0229888916016,,1703773800000,484.75750000000005,mean reversion or trend exit,43.24704778073146,0.9469332519836425,0.9695150000000001,2
AAPL,Information Technology,rsi2,1703278800000,1703601000000,193.70680561065672,12,188.00100555419922,,1704205800000,187.05641889953614,stop gap,-82.08921988050805,1.1622408336639403,1.122338513397217,4
IP,Materials,rsi2,1703797200000,1703860200000,36.16807652664184,68,34.82800102233887,,1704292200000,36.1619103050232,mean reversion or trend exit,-2.878522622344267,1.2297146019058225,1.2295049503707887,2
DECK,Consumer Discretionary,rsi2,1703797200000,1703860200000,112.47954388046264,21,107.79716873168945,,1704378600000,112.10225365829469,mean reversion or trend exit,-10.281203539684054,1.1810352107448578,1.1770736634120942,3
SNPS,Information Technology,rsi2,1703710800000,1703773800000,520.26,3,487.7009643554687,,1704488400000,487.457113873291,stop,-99.92023405093688,0.78039,0.7311856708099365,6
ABNB,Consumer Discretionary,rsi2,1703710800000,1703773800000,136.6182780532837,14,128.26420135498046,,1704724200000,137.24134255981446,mean reversion or trend exit,6.80588574713905,0.9563279463729858,0.9606893979187012,6
NTAP,Information Technology,rsi2,1704229200000,1704292200000,86.2430969467163,28,83.42699966430663,,1704810600000,85.29732633972168,mean reversion or trend exit,-28.883142921859726,1.2074033572540284,1.1941625687561037,4
LOW,Consumer Discretionary,rsi2,1704315600000,1704378600000,212.0059438934326,11,204.87100524902343,,1704810600000,215.28230438995362,mean reversion or trend exit,33.689880096172615,1.1660326914138794,1.184052674144745,3
AKAM,Information Technology,rsi2,1704488400000,1704724200000,114.69731938934325,21,111.75400238037109,,1704810600000,115.78207633972168,mean reversion or trend exit,20.359862302791935,1.2043218535881042,1.2157118015670776,1
A,Health Care,rsi2,1704488400000,1704724200000,130.20506938934327,18,125.35899810791015,,1704810600000,132.2038692703247,mean reversion or trend exit,33.61671740972886,1.1718456245040894,1.1898348234329224,1
IEX,Industrials,rsi2,1704747600000,1704810600000,209.83486072540282,11,204.4820068359375,,1704897000000,209.40523950958254,mean reversion or trend exit,-7.031653925315459,1.1540917339897157,1.151728817302704,1
STLD,Materials,rsi2,1703883600000,1704205800000,117.8889168319702,19,111.74599609375,,1705006800000,111.69012309570313,stop,-119.95808186838738,1.119944709903717,1.0610561694091798,8
AIZ,Financials,rsi2,1704747600000,1704810600000,165.1325280532837,14,160.54099731445314,,1705069800000,165.98697232055665,mean reversion or trend exit,9.64438323920446,1.1559276963729859,1.1619088062438967,3
GD,Industrials,rsi2,1704747600000,1704810600000,253.89688927459716,9,247.6560028076172,,1705415400000,254.16284828948977,mean reversion or trend exit,0.10736231499514948,1.1425360017356874,1.143732817302704,4
TRGP,Energy,rsi2,1704747600000,1704810600000,84.26211122131348,28,80.70099792480468,,1705415400000,83.32831774520875,mean reversion or trend exit,-28.492483336463614,1.1796695570983886,1.1665964484329225,4
PSA,Real Estate,rsi2,1705006800000,1705069800000,292.87637599182125,8,279.1080017089844,,1705501800000,290.7045811004639,mean reversion or trend exit,-19.70868295922806,1.171505503967285,1.1628183244018555,2
LULU,Consumer Discretionary,rsi2,1704834000000,1704897000000,488.24399999999997,4,466.42799377441406,,1705525200000,466.1947797775269,stop,-90.10575844944738,0.9764879999999999,0.9323895595550538,5
CVS,Health Care,rsi2,1705093200000,1705415400000,76.68832652664184,31,73.41299819946289,,1705588200000,73.09343225479127,stop gap,-113.76333968848013,1.1886690611629485,1.1329481999492645,2
REG,Real Estate,rsi2,1705093200000,1705415400000,63.69182984733581,37,61.968998718261716,,1705611600000,61.93801421890259,stop,-67.21533036725467,1.1782988521757125,1.145853263049698,3
T,Communication Services,rsi2,1705006800000,1705069800000,16.348170152664185,148,15.628999710083008,,1705674600000,16.651669847488403,mean reversion or trend exit,42.47596667397299,1.2097645912971497,1.2322235687141418,4
SW,Materials,rsi2,1705438800000,1705501800000,37.45871862602234,63,36.1859992980957,,1705933800000,37.371304389953615,mean reversion or trend exit,-7.864242597332883,1.1799496367197038,1.1771960882835388,3
BAC,Financials,rsi2,1705525200000,1705588200000,31.765874999999998,74,30.450999069213868,,1705933800000,32.343820610046386,mean reversion or trend exit,40.395916405861016,1.1753373749999998,1.1967213625717164,2
KEY,Financials,rsi2,1705611600000,1705674600000,13.236614542007446,132,12.3669997215271,,1705933800000,14.002995228767396,mean reversion or trend exit,99.36443640744228,0.8736165597724914,0.9241976850986482,1
DD,Industrials,rsi2,1705525200000,1705588200000,92.12972103881836,25,89.15522689819336,,1706020200000,93.68117095565796,mean reversion or trend exit,36.46361177105908,1.1516215129852294,1.1710146369457246,3
REG,Real Estate,rsi2,1705611600000,1705674600000,62.66131606864929,37,60.25199851989746,,1706020200000,63.26834923744202,mean reversion or trend exit,20.130528437168138,1.159234347270012,1.1704644608926773,2
SBAC,Real Estate,rsi2,1705698000000,1705933800000,232.40613828277586,10,221.1600128173828,,1706020200000,234.75256011962892,mean reversion or trend exit,21.128424876518658,1.1620306914138794,1.1737628005981446,1
KMI,Energy,rsi2,1705698000000,1705933800000,17.218604084014892,139,16.646001243591307,,1706106600000,17.131429389953613,mean reversion or trend exit,-14.504609800958558,1.196692983839035,1.190634342601776,2
MNST,Consumer Staples,rsi2,1705957200000,1706020200000,28.164074618339537,85,27.150500297546387,,1706106600000,27.721133110046388,mean reversion or trend exit,-40.025149533374076,1.1969731712794303,1.1781481571769714,1
CNC,Health Care,rsi2,1705698000000,1705933800000,74.57727091598511,31,70.81400070190429,,1706193000000,72.91352194976807,mean reversion or trend exit,-53.862325242147485,1.1559476991977693,1.1301595902214052,3
TSN,Consumer Staples,rsi2,1705957200000,1706020200000,52.86642015266418,45,50.505998611450195,,1706193000000,53.86305438995362,mean reversion or trend exit,42.447127500815654,1.189494453434944,1.2119187237739564,2
LOW,Consumer Discretionary,rsi2,1706043600000,1706106600000,215.26758366394043,11,207.46100311279298,,1706193000000,211.46422232055664,mean reversion or trend exit,-44.18399971013636,1.1839717101516725,1.1630532227630614,1
DUK,Utilities,rsi2,1705957200000,1706020200000,95.05750713729857,25,92.30499572753907,,1706279400000,95.58218225479126,mean reversion or trend exit,10.733881819916162,1.1882188392162323,1.1947772781848909,3
MDT,Health Care,rsi2,1706130000000,1706193000000,85.30263213729857,27,82.13100128173828,,1706538600000,86.25685305023194,mean reversion or trend exit,23.44791159916921,1.1515855338535308,1.164467516178131,2
ABT,Health Care,rsi2,1706130000000,1706193000000,111.46570866394042,21,107.75399627685547,,1706625000000,113.84305152511597,mean reversion or trend exit,47.55845810270144,1.1703899409713745,1.1953520410137175,3
TMUS,Communication Services,rsi2,1706130000000,1706193000000,162.7513331680298,14,157.56499786376952,,1706625000000,162.43874427032472,mean reversion or trend exit,-6.652575109939451,1.1392593321762086,1.137071209892273,3
MRSH,Financials,rsi2,1706216400000,1706279400000,190.56523622131346,12,185.63799133300782,,1706797800000,192.58365267944336,mean reversion or trend exit,21.92210416415433,1.143391417327881,1.1555019160766602,4
AMT,Real Estate,rsi2,1706043600000,1706106600000,203.20155610656738,11,194.48299102783204,,1706821200000,194.38574953231813,stop,-99.16060249775563,1.1176085585861206,1.0691216224277498,7
COO,Health Care,rsi2,1706302800000,1706538600000,92.77136097335814,25,89.39675369262696,,1706884200000,94.46524069976807,mean reversion or trend exit,40.006535639334224,1.1596420121669768,1.1808155087471008,4
AJG,Financials,rsi2,1706562000000,1706625000000,229.53470816802977,10,220.65900268554688,,1706884200000,233.9029942703247,mean reversion or trend exit,41.36567251075768,1.1476735408401488,1.1695149713516235,3
CASY,Consumer Staples,rsi2,1706562000000,1706625000000,273.2365561065674,8,263.94500427246095,,1706884200000,274.59264598083496,mean reversion or trend exit,8.657402185791046,1.0929462244262695,1.0983705839233397,3
IP,Materials,rsi2,1706821200000,1706884200000,34.03701045799255,70,32.8070011138916,,1707143400000,33.13342652511597,mean reversion or trend exit,-65.60184059576932,1.1912953660297394,1.159669928379059,1
NTRS,Financials,rsi2,1706821200000,1706884200000,78.59927755737304,30,75.73700408935547,,1707143400000,79.17039408493042,mean reversion or trend exit,14.76695075208682,1.1789891633605958,1.1875559112739564,1
AAPL,Information Technology,rsi2,1706734800000,1706797800000,184.08200049591065,13,177.82099151611328,,1707229800000,186.7665706100464,mean reversion or trend exit,32.48889577157587,1.1965330032234192,1.2139827089653015,3
EXPD,Industrials,rsi2,1706821200000,1706884200000,123.04149335861206,19,118.27300338745117,,1707316200000,126.89651908493043,mean reversion or trend exit,70.87107768183546,1.1688941869068146,1.205516931306839,3
AFL,Financials,rsi2,1706821200000,1706884200000,76.94845866394043,28,72.86999893188477,,1707402600000,78.59068225479126,mean reversion or trend exit,43.804712570961065,1.077278421295166,1.1002695515670775,4
PKG,Materials,rsi2,1706907600000,1707143400000,160.34012450408935,14,154.81099395751954,,1707402600000,165.85703244018555,mean reversion or trend exit,74.95333100673692,1.1223808715286254,1.1609992270812988,3
NDAQ,Financials,rsi2,1706907600000,1707143400000,56.26812167930603,42,54.685001373291016,,1707402600000,56.67165076255799,mean reversion or trend exit,14.576486275303205,1.1816305552654267,1.1901046660137176,3
BXP,Real Estate,rsi2,1707166800000,1707229800000,62.35115969467163,26,57.90100173950195,,1707402600000,63.52822137260437,mean reversion or trend exit,28.967171672376683,0.8105650760307312,0.8258668778438568,2
USB,Financials,rsi2,1707339600000,1707402600000,39.71985076332092,55,37.556999588012694,,1707489000000,40.27984923744202,mean reversion or trend exit,28.599924326639616,1.0922958959913254,1.1076958540296555,1
GEN,Information Technology,rsi2,1707253200000,1707316200000,20.840414923667907,72,19.19200019836426,,1707748200000,21.349320610046387,mean reversion or trend exit,35.12237894003683,0.7502549372520447,0.76857554196167,3
WMB,Energy,rsi2,1707512400000,1707748200000,34.04701377868652,71,33.00899887084961,,1707834600000,34.54272137260437,mean reversion or trend exit,32.760303570296486,1.2086689891433715,1.2262666087274552,1
VZ,Communication Services,rsi2,1707339600000,1707402600000,40.32014923667907,60,38.62699813842774,,1707921000000,40.35981106758118,mean reversion or trend exit,-0.04068895500150349,1.2096044771003722,1.2107943320274352,4
T,Communication Services,rsi2,1707426000000,1707489000000,16.798395915985108,145,16.05899887084961,,1708007400000,16.93153053379059,mean reversion or trend exit,16.859099914186082,1.2178837039089203,1.2275359636998178,4
RCL,Consumer Discretionary,rsi2,1707339600000,1707402600000,120.30011786270141,14,111.75399856567383,,1708093800000,116.86153816986085,mean reversion or trend exit,-49.80024729199582,0.8421008250389099,0.818030767189026,6
BR,Industrials,rsi2,1707858000000,1707921000000,194.75733366394041,12,186.76499633789064,,1708093800000,197.80104389953615,mean reversion or trend exit,34.169172561768015,1.1685440019836424,1.186806263397217,2
PG,Consumer Staples,rsi2,1707944400000,1708007400000,156.37815305328368,15,151.06300201416016,,1708093800000,156.96147328948976,mean reversion or trend exit,6.399756345520361,1.1728361478996276,1.1772110496711732,1
AAPL,Information Technology,rsi2,1708030800000,1708093800000,183.51170816802977,13,177.5000030517578,,1708439400000,181.69909828948977,mean reversion or trend exit,-25.937798662993902,1.1928261030921936,1.1810441388816835,1
AMGN,Health Care,rsi2,1707339600000,1707402600000,297.14849999999996,8,282.7179870605469,,1708462800000,282.5766280670166,stop,-118.89387597613491,1.188594,1.1303065122680664,8
WAB,Industrials,rsi2,1708030800000,1708093800000,134.2170688934326,18,129.8660125732422,,1708612200000,136.25184732055664,mean reversion or trend exit,34.19179144230653,1.2079536200408933,1.2262666258850097,3
MU,Information Technology,rsi2,1708117200000,1708439400000,79.3696668319702,27,75.03700103759766,,1708612200000,84.95750000000001,mean reversion or trend exit,148.65307878457307,1.0714905022315977,1.1469262500000001,2
NRG,Utilities,rsi2,1707771600000,1707834600000,51.575774236679074,47,49.38499870300293,,1708698600000,52.30383683013916,mean reversion or trend exit,31.777771032553893,1.212030694561958,1.2291401655082703,7
AMGN,Health Care,rsi2,1708462800000,1708525800000,284.98241633605954,7,269.7900024414063,,1708698600000,286.37672901916505,mean reversion or trend exit,7.7604317729952905,0.9974384571762085,1.0023185515670778,2
LULU,Consumer Discretionary,rsi2,1708549200000,1708612200000,448.32405610656735,4,420.51499938964844,,1708698600000,458.27075,mean reversion or trend exit,37.97358596151753,0.8966481122131347,0.9165415,1
FDS,Financials,rsi2,1708549200000,1708612200000,457.4085826721191,5,437.11900634765624,,1708698600000,459.94990267944337,mean reversion or trend exit,10.413203823242391,1.1435214566802978,1.1498747566986085,1
AKAM,Information Technology,rsi2,1708030800000,1708093800000,111.10552805328369,22,106.54599990844727,,1708957800000,108.0559456100464,mean reversion or trend exit,-69.5015899615172,1.2221608085861206,1.1886154017105102,5
ADBE,Information Technology,rsi2,1708635600000,1708698600000,543.7617352294922,3,503.47900390625,,1708957800000,556.2817175598145,mean reversion or trend exit,35.90988181178314,0.8156426028442383,0.8344225763397218,1
RTX,Industrials,rsi2,1708635600000,1708698600000,89.54475,27,86.85899963378907,,1709130600000,90.36479866027832,mean reversion or trend exit,19.712534920601193,1.2088541249999998,1.2199247819137575,3
DIS,Communication Services,rsi2,1708635600000,1708698600000,107.62378469467163,23,102.55899963378906,,1709130600000,108.72560877990723,mean reversion or trend exit,22.853935935461276,1.2376735239887238,1.2503445009689333,3
PNC,Financials,rsi2,1708635600000,1708698600000,145.33262450408935,17,138.27399597167968,,1709130600000,145.12739694976807,mean reversion or trend exit,-5.957778605819597,1.2353273082847596,1.2335828740730286,3
FRT,Real Estate,rsi2,1708722000000,1708957800000,98.07901377868652,25,94.5009979248047,,1709217000000,99.54020133972169,mean reversion or trend exit,34.059448836899264,1.2259876722335814,1.2442525167465213,3
TTWO,Communication Services,rsi2,1709067600000,1709130600000,148.55423572540283,14,140.33200225830078,,1709217000000,147.75608683013917,mean reversion or trend exit,-13.248256791580108,1.0398796500778198,1.0342926078109742,1
PLD,Real Estate,rsi2,1709067600000,1709130600000,132.08601427459715,18,126.94000473022462,,1709217000000,135.01246183013916,mean reversion or trend exit,50.27216971481359,1.1887741284713744,1.2151121564712526,1
INTC,Information Technology,rsi2,1709067600000,1709130600000,42.46121862602234,58,40.39499931335449,,1709303400000,43.3882948474884,mean reversion or trend exit,51.28078495430004,1.231375340154648,1.2582605505771638,2
ALLE,Industrials,rsi2,1708722000000,1708957800000,128.83438927459716,19,122.5939956665039,,1709649000000,128.15589122009277,mean reversion or trend exit,-15.332870700282925,1.223926698108673,1.2174809665908812,6
CVS,Health Care,rsi2,1709154000000,1709217000000,75.68782652664184,33,72.08900375366211,,1709821800000,74.31282347488404,mean reversion or trend exit,-47.850111433032616,1.2488491376895905,1.2261615873355869,5
WTW,Financials,rsi2,1709240400000,1709303400000,271.33561221313477,9,263.57498626708986,,1709821800000,275.3222614593506,mean reversion or trend exit,33.419882784416444,1.2210102549591066,1.2389501765670778,4
GPN,Financials,rsi2,1709154000000,1709217000000,130.71531889343262,17,123.78499755859374,,1709908200000,129.37528244018554,mean reversion or trend exit,-24.99138981653612,1.1110802105941773,1.099689900741577,6
WDAY,Information Technology,rsi2,1709586000000,1709649000000,270.8753602294922,8,256.68499145507815,,1710250200000,266.94644657897953,mean reversion or trend exit,-33.58259643133501,1.0835014409179686,1.0677857863159181,5
ADP,Industrials,rsi2,1709758800000,1709821800000,243.88187450408935,10,238.21098785400392,,1710250200000,243.96795133972168,mean reversion or trend exit,-1.5784807728957928,1.219409372520447,1.2198397566986086,3
ZTS,Health Care,rsi2,1709758800000,1709821800000,185.00245866394042,11,174.45299835205077,,1710250200000,183.55816889953616,mean reversion or trend exit,-17.914270860045985,1.0175135226516723,1.009569928947449,3
TJX,Consumer Discretionary,rsi2,1709845200000,1709908200000,95.86790969467162,25,92.90600357055663,,1710250200000,96.42176622009278,mean reversion or trend exit,11.44279218659428,1.1983488711833952,1.2052720777511596,2
VTRS,Health Care,rsi2,1709154000000,1709217000000,12.366179656505585,143,11.511999988555909,,1710423000000,11.984004771232605,holding limit at next open,-56.392046780619324,0.8841818454401493,0.8568563411431314,10
HD,Consumer Discretionary,rsi2,1710187200000,1710250200000,372.6962647705078,6,360.41498413085935,,1710423000000,377.81100000000004,mean reversion or trend exit,28.43688958264183,1.1180887943115236,1.133433,2
RJF,Financials,rsi2,1710187200000,1710250200000,119.21958366394043,20,114.93600158691406,,1710423000000,119.91001622009279,mean reversion or trend exit,11.417355124206852,1.1921958366394043,1.1991001622009279,2
LLY,Health Care,rsi2,1710187200000,1710250200000,741.3305019836425,2,689.5580017089844,,1710509400000,755.0023148803712,mean reversion or trend exit,25.847292976593234,0.7413305019836426,0.7550023148803712,3
FIX,Industrials,rsi2,1710187200000,1710250200000,297.1785137786865,5,274.21899566650393,,1710509400000,301.76905342102054,mean reversion or trend exit,21.455329293670843,0.7429462844467163,0.7544226335525513,3
STX,Information Technology,rsi2,1710360000000,1710423000000,88.1240418319702,23,82.99799728393555,,1710941400000,86.07694274520874,mean reversion or trend exit,-49.08659031815121,1.0134264810676572,0.9898848415699005,4
AEP,Utilities,rsi2,1710360000000,1710423000000,82.66131274795532,30,79.71500015258789,,1710941400000,82.9585,mean reversion or trend exit,6.431320370121053,1.2399196912193298,1.2443775000000001,4
EQIX,Real Estate,rsi2,1710360000000,1710423000000,866.2029045410155,2,829.1109924316406,,1710941400000,800.5995,stop gap,-132.873611486572,0.8662029045410156,0.8005995,4
MRK,Health Care,rsi2,1710446400000,1710509400000,119.89991633605956,20,116.56100158691406,,1710941400000,121.21935877990724,mean reversion or trend exit,23.977656125793878,1.1989991633605954,1.2121935877990726,3
IDXX,Health Care,rsi2,1710446400000,1710509400000,530.385055114746,4,510.7580078125,,1710941400000,533.0033845214843,mean reversion or trend exit,8.346540747680844,1.060770110229492,1.0660067690429686,3
HBAN,Financials,rsi2,1710878400000,1710941400000,12.95647480916977,191,12.45799970626831,,1711027800000,13.373310114383699,mean reversion or trend exit,77.10104883566117,1.237343344275713,1.2771511159236433,1
KEYS,Information Technology,rsi2,1710878400000,1710941400000,150.00495767211913,16,142.67630310058593,,1711027800000,151.6541307296753,mean reversion or trend exit,23.97349621368435,1.200039661376953,1.2132330458374025,1
PLD,Real Estate,rsi2,1710878400000,1710941400000,127.2635969467163,19,122.85399551391602,,1711114200000,130.13489694976806,mean reversion or trend exit,52.10941436596679,1.2090041709938049,1.2362815210227966,2
HPQ,Information Technology,rsi2,1710964800000,1711027800000,29.86492538166046,77,28.297000312805174,,1711114200000,30.094945610046388,mean reversion or trend exit,15.403102552535781,1.149799627193928,1.158655405986786,1
CTSH,Information Technology,rsi2,1710878400000,1710941400000,74.50723622131348,33,72.27600326538087,,1711137600000,72.23986526374817,stop,-77.24456877415858,1.2293693976516724,1.1919577768518448,3
TMUS,Communication Services,rsi2,1710878400000,1710941400000,160.76033267211912,15,156.46300506591797,,1711459800000,160.53968511962893,mean reversion or trend exit,-5.719463420790988,1.2057024950408934,1.204047638397217,4
EQIX,Real Estate,rsi2,1711051200000,1711114200000,807.6136269836426,3,774.0500244140625,,1711632600000,818.460560119629,mean reversion or trend exit,30.10168812730439,1.211420440475464,1.2276908401794435,4
DRI,Consumer Discretionary,rsi2,1711051200000,1711114200000,164.1820561065674,15,157.1840057373047,,1711632600000,167.36627194976808,mean reversion or trend exit,45.276625187587825,1.2313654207992555,1.2552470396232607,4
MRSH,Financials,rsi2,1711137600000,1711373400000,203.7518188934326,12,199.64199523925782,,1711632600000,206.47671183013918,mean reversion or trend exit,30.237344056137374,1.2225109133605956,1.2388602709808352,3
DLR,Real Estate,rsi2,1711396800000,1711459800000,138.069,15,130.31399993896486,,1711632600000,143.8080648803711,mean reversion or trend exit,83.97189521896377,1.0355174999999999,1.0785604866027831,2
ULTA,Consumer Discretionary,rsi2,1710964800000,1711027800000,524.2220019836426,4,496.780029296875,,1711978200000,520.579606842041,mean reversion or trend exit,-16.659183784057696,1.0484440039672853,1.0411592136840822,6
ANET,Information Technology,rsi2,1711569600000,1711632600000,71.98347588729858,27,67.44645156860352,,1712064600000,72.88854055023194,mean reversion or trend exit,22.480973677293942,0.9717769244785309,0.9839952974281312,2
CRM,Information Technology,rsi2,1711569600000,1711632600000,300.15,8,286.3920074462891,,1712151000000,303.83799523925785,mean reversion or trend exit,27.08800993310595,1.2006,1.2153519809570315,3
META,Communication Services,rsi2,1711569600000,1711632600000,493.08641633605953,4,466.08698120117185,,1712151000000,498.6805276794434,mean reversion or trend exit,20.392911485504484,0.9861728326721191,0.9973610553588869,3
NFLX,Communication Services,rsi2,1711656000000,1711978200000,60.83039923667907,41,57.82650184631348,,1712237400000,63.28933864593506,mean reversion or trend exit,98.272061152902,1.247023184351921,1.2974314422416688,3
MNST,Consumer Staples,rsi2,1712001600000,1712064600000,28.884435839653012,87,27.894001007080078,,1712237400000,28.075955152511597,mean reversion or trend exit,-72.81559678946229,1.256472959024906,1.2213040491342544,2
V,Financials,rsi2,1711569600000,1711632600000,278.62923522949217,9,271.34998779296876,,1712583000000,276.111875,mean reversion or trend exit,-25.15257706146224,1.2538315585327149,1.2425034375000001,6
ABNB,Consumer Discretionary,rsi2,1712088000000,1712151000000,158.829375,16,152.19020080566406,,1712583000000,160.2798206100464,mean reversion or trend exit,20.654256195861823,1.270635,1.2822385648803711,3
COST,Consumer Staples,rsi2,1712174400000,1712237400000,709.1244045410156,3,678.0349975585938,,1712583000000,713.1532547607422,mean reversion or trend exit,9.953134170227399,1.0636866068115232,1.0697298821411134,2
ADSK,Information Technology,rsi2,1712088000000,1712151000000,247.71379133605956,10,236.82001495361328,,1712755800000,243.4682013397217,mean reversion or trend exit,-44.91180992675746,1.2385689566802978,1.2173410066986086,5
PG,Consumer Staples,rsi2,1712174400000,1712237400000,156.9584448852539,16,152.7159912109375,,1712755800000,155.57216889953614,mean reversion or trend exit,-24.68066068176247,1.2556675590820312,1.2445773511962892,4
WY,Real Estate,rsi2,1712347200000,1712583000000,34.77737832069397,73,33.42399978637695,,1712755800000,34.0729551525116,mean reversion or trend exit,-53.935928449085246,1.26937430870533,1.2436628630666733,2
WM,Industrials,rsi2,1712347200000,1712583000000,206.86337450408934,12,202.7409912109375,,1712842200000,207.20634255981446,mean reversion or trend exit,1.6311983663180547,1.241180247024536,1.2432380553588869,3
ROST,Consumer Discretionary,rsi2,1712347200000,1712583000000,138.91943110656737,18,135.20399780273436,,1712928600000,138.1608807296753,mean reversion or trend exit,-16.147629590583268,1.2502748799591064,1.2434479265670777,4
T,Communication Services,rsi2,1712692800000,1712755800000,16.778385457992552,150,16.354999160766603,,1712952000000,16.34682166118622,stop,-67.21896005488844,1.2583789093494415,1.2260116245889665,3
CAH,Health Care,rsi2,1712692800000,1712755800000,107.58376377868652,23,103.9,,1713274200000,107.38628244018555,mean reversion or trend exit,-7.014226317039199,1.237213283454895,1.2349422480621337,4
VZ,Communication Services,rsi2,1712692800000,1712755800000,40.630305610656734,62,39.577999114990234,,1713297600000,39.55821011543274,stop,-68.9557646913962,1.2595394739303587,1.226304513578415,5
PRU,Financials,rsi2,1712865600000,1712928600000,110.65529847335814,22,107.952001953125,,1713297600000,107.89802595214844,stop,-63.064082035293964,1.2172082832069395,1.1868782854736328,3
UHS,Health Care,rsi2,1713297600000,1713360600000,162.1610418319702,14,153.9280014038086,,1713470400000,153.8510374031067,stop,-118.55214655873485,1.1351272928237917,1.076957261821747,2
PFG,Financials,rsi2,1712952000000,1713187800000,80.48022244262695,31,77.06000213623047,,1713533400000,79.34030725479127,mean reversion or trend exit,-37.814589033216166,1.2474434478607177,1.2297747624492648,4
T,Communication Services,rsi2,1713211200000,1713274200000,16.228109313011167,152,15.670999526977539,,1713533400000,16.321834923744202,mean reversion or trend exit,11.772497069427892,1.2333363077888486,1.2404594542045593,3
PRU,Financials,rsi2,1713297600000,1713360600000,108.23409030532837,22,104.08399658203125,,1713533400000,108.97548377990724,mean reversion or trend exit,13.921351125797566,1.190574993358612,1.1987303215789795,2
HII,Industrials,rsi2,1712779200000,1712842200000,275.09747145080564,9,266.7799865722656,,1713879000000,276.10187023925783,mean reversion or trend exit,6.559192058464447,1.2379386215286254,1.2424584160766603,8
UHS,Health Care,rsi2,1713470400000,1713533400000,154.4872086639404,13,145.80799255371093,,1713879000000,161.57917366027834,mean reversion or trend exit,90.14111346728575,1.0041668563156128,1.0502646287918092,2
HCA,Health Care,rsi2,1713470400000,1713533400000,298.7893346557617,8,284.3850158691406,,1713879000000,312.1938311004639,mean reversion or trend exit,104.79203889459272,1.195157338623047,1.2487753244018556,2
PSX,Energy,rsi2,1713470400000,1713533400000,153.73683366394042,14,145.66799621582032,,1713879000000,156.13190171051025,mean reversion or trend exit,31.3618715043565,1.076157835647583,1.0929233119735717,2
CRH,Materials,rsi2,1713470400000,1713533400000,77.56876377868652,29,73.5270004272461,,1713965400000,78.46075,mean reversion or trend exit,23.60517246830019,1.1247470747909545,1.137680875,3
DPZ,Consumer Discretionary,rsi2,1713816000000,1713879000000,475.82779133605953,4,448.94700012207034,,1713965400000,479.3701803588867,mean reversion or trend exit,12.259160147918886,0.9516555826721191,0.9587403607177735,1
NTAP,Information Technology,rsi2,1713816000000,1713879000000,98.39917347335815,25,93.85900421142578,,1713965400000,100.22985877990723,mean reversion or trend exit,43.28426976056132,1.2299896684169769,1.2528732347488403,1
TKO,Communication Services,rsi2,1713816000000,1713879000000,95.42768725204468,26,90.96699829101563,,1714051800000,94.85255152511597,mean reversion or trend exit,-17.42717200424947,1.240559934276581,1.2330831698265077,2
NFLX,Communication Services,rsi2,1713816000000,1713879000000,55.676822759628294,33,51.968699264526364,,1714138200000,55.793088645935065,mean reversion or trend exit,1.9975207099316306,0.9186675755338669,0.9205859626579286,3
TPR,Consumer Discretionary,rsi2,1713902400000,1713965400000,39.40969438934326,49,36.916998291015624,,1714397400000,40.28984637260437,mean reversion or trend exit,41.17480843112691,0.9655375125389098,0.9871012361288072,3
NUE,Materials,rsi2,1713902400000,1713965400000,175.08749999999998,12,164.98199615478515,,1714483800000,174.20284828948976,mean reversion or trend exit,-12.711562615859487,1.050525,1.0452170897369386,4
PKG,Materials,rsi2,1713902400000,1713965400000,172.07600049591065,14,163.61300048828124,,1714483800000,174.90251049041748,mean reversion or trend exit,37.14229034619141,1.2045320034713745,1.2243175734329226,4
ORLY,Consumer Discretionary,rsi2,1714075200000,1714138200000,69.76753234863281,36,67.30499877929688,,1714507200000,67.27134627990723,stop,-92.32939828943452,1.2558155822753907,1.2108842330383303,3
CINF,Financials,rsi2,1714161600000,1714397400000,111.3456459159851,22,106.1619972229004,,1714656600000,118.27083683013916,mean reversion or trend exit,149.8284188011819,1.2248021050758362,1.3009792051315308,3
PGR,Financials,rsi2,1714420800000,1714483800000,206.94341633605956,12,198.99199523925782,,1714656600000,211.644125,mean reversion or trend exit,53.896978719269,1.2416604980163575,1.26986475,2
TXT,Industrials,rsi2,1714075200000,1714138200000,84.55225713729858,29,80.91400146484375,,1715002200000,86.34680438995362,mean reversion or trend exit,49.56383393485089,1.2260077284908295,1.2520286636543274,6
DG,Consumer Staples,rsi2,1714420800000,1714483800000,140.51022244262694,17,133.61099700927736,,1715088600000,137.7011192703247,mean reversion or trend exit,-50.119550333697994,1.194336890762329,1.17045951379776,5
ORLY,Consumer Discretionary,rsi2,1714507200000,1714570200000,67.09686326980591,37,64.4482032775879,,1715088600000,67.70546443939209,mean reversion or trend exit,20.024400212068493,1.2412919704914094,1.2525510921287537,4
PSX,Energy,rsi2,1714593600000,1714656600000,141.6207780532837,12,131.5800048828125,,1715088600000,145.4072557296753,mean reversion or trend exit,43.71556391400177,0.8497246683197022,0.872443534378052,3
TGT,Consumer Staples,rsi2,1714593600000,1714656600000,157.36863828277586,16,149.87399291992188,,1715175000000,158.9205,mean reversion or trend exit,22.299474369324066,1.258949106262207,1.2713640000000002,4
COP,Energy,rsi2,1714766400000,1715002200000,123.1415418319702,20,117.10800247192383,,1715175000000,122.76858683013917,mean reversion or trend exit,-9.918201323241707,1.231415418319702,1.2276858683013918,2
COR,Health Care,rsi2,1715025600000,1715088600000,224.42215255737304,11,216.2729949951172,,1715175000000,227.60614122009278,mean reversion or trend exit,32.537719674141094,1.2343218390655517,1.2518337767105103,1
TMUS,Communication Services,rsi2,1715025600000,1715088600000,162.83137499999998,15,158.4259994506836,,1715347800000,164.32779866027832,mean reversion or trend exit,19.992661101722994,1.2212353125,1.2324584899520874,3
NOC,Industrials,rsi2,1715025600000,1715088600000,470.9253474426269,5,450.14898681640625,,1715347800000,474.0228797607422,mean reversion or trend exit,13.125291022568213,1.1773133686065673,1.1850571994018555,3
FAST,Industrials,rsi2,1715112000000,1715175000000,33.07653137397766,77,31.78800163269043,,1715347800000,33.83307347488404,mean reversion or trend exit,55.67772198311007,1.27344645789814,1.3025733287830357,2
RMD,Health Care,rsi2,1715198400000,1715261400000,212.74631938934326,9,199.84300537109374,,1715347800000,215.89200000000002,mean reversion or trend exit,26.382253058658872,0.9573584372520446,0.9715140000000001,1
GPC,Consumer Discretionary,rsi2,1715198400000,1715261400000,154.91741633605957,16,147.29701232910156,,1715693400000,158.57066889953614,mean reversion or trend exit,55.94413633374037,1.2393393306884766,1.268565351196289,3
NSC,Industrials,rsi2,1715284800000,1715347800000,227.93391732788083,8,213.39500122070314,,1715693400000,232.35376622009278,mean reversion or trend exit,33.51764040350366,0.9117356693115234,0.9294150648803712,2
GE,Industrials,rsi2,1715630400000,1715693400000,158.71931938934324,14,149.9800018310547,,1715866200000,162.91850000000002,mean reversion or trend exit,56.537063813469544,1.1110352357254027,1.1404295000000002,2
ABNB,Consumer Discretionary,rsi2,1715284800000,1715347800000,147.823875,11,137.02650604248046,,1715952600000,146.73659255981445,mean reversion or trend exit,-13.580189413619838,0.8130313124999999,0.8070512590789795,5
FANG,Energy,rsi2,1715889600000,1715952600000,195.45768061065672,13,186.2179916381836,,1716211800000,197.72109732055665,mean reversion or trend exit,26.868755172146184,1.2704749239692688,1.2851871325836182,1
VTRS,Health Care,rsi2,1715284800000,1715347800000,11.195594580173491,232,10.664000320434571,,1716298200000,11.034479961872101,mean reversion or trend exit,-39.957280092799785,1.298688971300125,1.2799996755771639,7
AXON,Industrials,rsi2,1715630400000,1715693400000,299.15951477050777,8,284.8490051269531,,1716408000000,284.70658062438963,stop,-117.95893755052471,1.1966380590820311,1.1388263224975586,7
CPAY,Financials,rsi2,1715284800000,1715347800000,285.47265156555176,7,269.2310089111328,,1716471000000,272.46370610046387,mean reversion or trend exit,-93.01539550744629,0.9991542804794311,0.9536229713516235,9
CI,Health Care,rsi2,1715976000000,1716211800000,338.7192627868652,7,327.31700134277344,,1716557400000,338.7505534210205,mean reversion or trend exit,-2.1521099176404186,1.1855174197540281,1.185626936973572,4
IEX,Industrials,rsi2,1716235200000,1716298200000,219.27958316802977,11,212.20699005126954,,1716557400000,215.97196183013918,mean reversion or trend exit,-38.77771821428647,1.2060377074241637,1.1878457900657655,3
GPC,Consumer Discretionary,rsi2,1716408000000,1716471000000,149.08449950408934,17,144.61500244140626,,1716557400000,146.20685877990724,mean reversion or trend exit,-51.42986885650968,1.2672182457847594,1.2427582996292115,1
DIS,Communication Services,rsi2,1715803200000,1715866200000,103.0915209159851,22,97.5609977722168,,1716989400000,101.70912213516236,mean reversion or trend exit,-32.6655802516629,1.134006730075836,1.118800343486786,8
UNP,Industrials,rsi2,1716494400000,1716557400000,232.11599999999999,10,224.9850082397461,,1716989400000,226.67659828948976,mean reversion or trend exit,-56.6879800965497,1.16058,1.133382991447449,2
AIZ,Financials,rsi2,1716408000000,1716471000000,169.59474950408935,15,162.07199401855468,,1717075800000,169.20534828948976,mean reversion or trend exit,-8.382018952445653,1.2719606212806702,1.2690401121711732,4
AMCR,Materials,rsi2,1716494400000,1716557400000,49.72485076332092,51,47.36000137329101,,1717162200000,49.37530152511597,mean reversion or trend exit,-20.354065031807618,1.2679836944646836,1.2590701888904574,4
ED,Utilities,rsi2,1716494400000,1716557400000,94.14704847335815,26,91.07900314331054,,1717421400000,94.50272805023194,mean reversion or trend exit,6.795221903911681,1.2239116301536561,1.2285354646530153,5
MA,Financials,rsi2,1716926400000,1716989400000,442.33104034423826,5,432.6949859619141,,1717421400000,443.258270980835,mean reversion or trend exit,2.422179904670979,1.1058276008605956,1.1081456774520875,3
GIS,Consumer Staples,rsi2,1716926400000,1716989400000,66.64330561065674,37,64.4410011291504,,1717421400000,68.65565744018555,mean reversion or trend exit,71.95398687612543,1.2329011537971497,1.2701296626434329,3
BLK,Financials,rsi2,1717012800000,1717075800000,755.3375019836425,3,732.8490234375,,1717421400000,779.1002452392579,mean reversion or trend exit,68.9865731460119,1.1330062529754636,1.168650367858887,2
AMZN,Consumer Discretionary,rsi2,1717185600000,1717421400000,177.7888469467163,14,169.70800323486327,,1717594200000,180.00995610046388,mean reversion or trend exit,28.590936531136013,1.244521928627014,1.2600696927032473,2
A,Health Care,rsi2,1717185600000,1717421400000,130.065,16,122.51500091552734,,1717680600000,132.39377671051025,mean reversion or trend exit,35.16075715447999,1.0405200000000001,1.059150213684082,3
SNPS,Information Technology,rsi2,1717185600000,1717421400000,565.2624704589844,4,534.1629943847656,,1717680600000,590.4346154785156,mean reversion or trend exit,98.37718590625015,1.1305249409179687,1.1808692309570312,3
WAT,Health Care,rsi2,1717099200000,1717162200000,307.3035688934326,6,287.2690002441406,,1717767000000,300.4796898803711,mean reversion or trend exit,-42.7666238546905,0.9219107066802978,0.9014390696411133,5
ZBRA,Information Technology,rsi2,1717185600000,1717421400000,314.25705610656735,8,300.10899963378904,,1718026200000,298.6705973205567,stop gap,-127.14338090179382,1.2570282244262694,1.1946823892822267,5
TPL,Energy,rsi2,1717531200000,1717594200000,196.56156479644775,10,184.94466400146484,,1718112600000,238.2141615829468,mean reversion or trend exit,414.35208923309335,0.9828078239822389,1.1910708079147339,4
STLD,Materials,rsi2,1717617600000,1717680600000,126.78336122131347,20,121.67200317382813,,1718136000000,121.61116717224122,stop,-105.92782626538047,1.2678336122131348,1.2161116717224123,4
TSN,Consumer Staples,rsi2,1717617600000,1717680600000,56.43820484733581,45,54.56099853515625,,1718222400000,54.533718035888676,stop,-88.19877477999364,1.2698596090650558,1.2270086558074953,5
SW,Materials,rsi2,1717704000000,1717767000000,47.0635209159851,54,46.09700088500976,,1718371800000,44.77759923744202,stop gap,-125.91948088546903,1.2707150647315977,1.2089951794109346,5
PFG,Financials,rsi2,1718136000000,1718199000000,78.27911786270141,33,75.22900466918945,,1718371800000,76.52171755981446,mean reversion or trend exit,-60.54842377974085,1.2916054447345733,1.2626083397369388,2
D,Utilities,rsi2,1717790400000,1718026200000,51.28562832069397,50,49.92099838256836,,1718654400000,49.896037883377076,stop,-72.0090635209463,1.2821407080173493,1.247400947084427,6
HBAN,Financials,rsi2,1718049600000,1718112600000,12.496244771003722,209,11.980999851226807,,1718717400000,12.383805343151094,mean reversion or trend exit,-26.099805658128467,1.3058575785698892,1.2941076583592894,5
AXP,Financials,rsi2,1718308800000,1718371800000,221.4906948852539,11,214.38900451660157,,1718717400000,227.46621183013917,mean reversion or trend exit,63.261423406803324,1.2181988218688964,1.2510641650657655,2
TSN,Consumer Staples,rsi2,1718308800000,1718371800000,53.85691683197021,47,51.93400001525879,,1718717400000,55.47225,mean reversion or trend exit,73.35142347684895,1.2656375455513,1.3035978750000001,2
VZ,Communication Services,rsi2,1718654400000,1718717400000,39.72985408401489,64,38.141999053955075,,1718890200000,39.8200801525116,mean reversion or trend exit,3.228870488220706,1.2713553306884764,1.2742425648803712,1
CMS,Utilities,rsi2,1718222400000,1718285400000,59.74986122131347,43,57.96200065612793,,1718976600000,59.57019847488404,mean reversion or trend exit,-10.290879379933996,1.2846220162582398,1.2807592672100068,5
DGX,Health Care,rsi2,1718654400000,1718717400000,136.3981668319702,18,132.92100524902344,,1718976600000,138.57067938995363,mean reversion or trend exit,36.630506427704326,1.2275835014877319,1.2471361145095825,2
EXE,Energy,rsi2,1718654400000,1718717400000,84.98247244262694,30,81.18689804077148,,1719235800000,83.00847805023194,mean reversion or trend exit,-61.739696029242864,1.2747370866394043,1.245127170753479,3
EIX,Utilities,rsi2,1718654400000,1718717400000,71.3256459159851,36,69.01800003051758,,1719322200000,72.66364694976807,mean reversion or trend exit,45.57622994460296,1.2838616264877318,1.3079456450958251,4
JCI,Industrials,rsi2,1718913600000,1718976600000,68.16406225204467,37,65.25100173950196,,1719322200000,68.66564694976807,mean reversion or trend exit,16.027284195532335,1.2610351516628264,1.2703144685707093,2
TECH,Health Care,rsi2,1719000000000,1719235800000,73.99697908401488,28,69.5810043334961,,1719322200000,74.25285591506959,mean reversion or trend exit,5.089053579544602,1.0359577071762083,1.0395399828109742,1
BALL,Materials,rsi2,1718913600000,1718976600000,60.850409694671626,34,57.21599922180176,,1719408600000,61.19938454246521,mean reversion or trend exit,9.790298322950555,1.0344569648094177,1.0403895372219085,3
DECK,Consumer Discretionary,rsi2,1718740800000,1718890200000,168.10067092895508,12,157.75833587646486,,1719495000000,162.34379055023194,mean reversion or trend exit,-71.06523131355279,1.0086040255737305,0.9740627433013918,5
RMD,Health Care,rsi2,1719259200000,1719322200000,185.16254232788086,8,169.89999694824218,,1719581400000,191.61415171051027,mean reversion or trend exit,50.10576828488175,0.7406501693115234,0.7664566068420411,3
HPE,Information Technology,rsi2,1719259200000,1719322200000,20.520255228996277,75,18.83509922027588,,1719581400000,21.02948091506958,mean reversion or trend exit,36.63381135009531,0.7695095710873604,0.7886055343151093,3
CRH,Materials,rsi2,1719259200000,1719322200000,73.59677755737304,29,69.33399887084961,,1719581400000,75.06244847488404,mean reversion or trend exit,40.34889783035101,1.067153274581909,1.0884055028858186,3
APD,Materials,rsi2,1719518400000,1719581400000,261.70079232788083,9,252.77800903320312,,1719840600000,256.40173377990726,mean reversion or trend exit,-50.0229882992472,1.1776535654754636,1.1538078020095828,1
FIS,Financials,rsi2,1719518400000,1719581400000,74.91743725204468,34,71.79999771118165,,1719840600000,75.3922853050232,mean reversion or trend exit,13.589568517799375,1.2735964332847596,1.2816688501853943,1
YUM,Consumer Discretionary,rsi2,1719345600000,1719408600000,131.91593110656737,19,128.11400146484374,,1719927000000,129.5451956100464,mean reversion or trend exit,-47.527855137706425,1.25320134551239,1.2306793582954407,4
CHD,Consumer Staples,rsi2,1719518400000,1719581400000,104.06200713729858,25,100.6280014038086,,1719927000000,104.697625,mean reversion or trend exit,13.280951165819344,1.3007750892162324,1.3087203125000002,2
DIS,Communication Services,rsi2,1719604800000,1719840600000,99.44970152664185,26,95.88099975585938,,1719927000000,97.89103244018555,mean reversion or trend exit,-43.09082578943232,1.292846119846344,1.2725834217224121,1
KKR,Financials,rsi2,1719432000000,1719495000000,105.41268061065674,19,99.00299758911133,,1720013400000,106.48673091506959,mean reversion or trend exit,18.393911374349756,1.001420465801239,1.011623943693161,4
GWW,Industrials,rsi2,1719864000000,1719927000000,894.3769576721191,2,861.168994140625,,1720013400000,913.9827824401856,mean reversion or trend exit,37.40328979602057,0.8943769576721191,0.9139827824401856,1
PWR,Industrials,rsi2,1719604800000,1719840600000,256.0879867172241,6,237.71598205566406,,1720186200000,253.5031898803711,mean reversion or trend exit,-17.037554550910794,0.7682639601516723,0.7605095696411134,3
PCG,Utilities,rsi2,1719864000000,1719927000000,17.208600763320923,148,16.589999771118165,,1720531800000,17.18140553379059,mean reversion or trend exit,-6.569754436475838,1.2734364564857483,1.2714240095005036,4
RL,Consumer Discretionary,rsi2,1719950400000,1720013400000,169.1645418319702,13,159.73900451660157,,1720531800000,177.37127671051027,mean reversion or trend exit,104.43507060049467,1.0995695219078063,1.1529132986183168,3
MTD,Health Care,rsi2,1719864000000,1719927000000,1366.6529556884766,1,1306.0609985351562,,1720555200000,1305.4079680358886,stop,-62.58101811445014,0.6833264778442383,0.6527039840179444,5
CTVA,Materials,rsi2,1720468800000,1720531800000,51.65581606864929,49,49.42110061645508,,1720618200000,50.77459923744202,mean reversion or trend exit,-45.6891699041554,1.2655674936819075,1.2439776813173293,1
GD,Industrials,rsi2,1719950400000,1720013400000,286.61323622131346,8,278.2010009765625,,1720704600000,281.2293101196289,mean reversion or trend exit,-45.34277899884018,1.1464529448852538,1.1249172404785157,5
KDP,Consumer Staples,rsi2,1720036800000,1720186200000,32.73636122131347,78,31.63400001525879,,1720791000000,32.353813932418824,mean reversion or trend exit,-32.3772053647782,1.2767180876312254,1.261798743364334,5
CASY,Consumer Staples,rsi2,1720468800000,1720531800000,366.78330610656735,6,348.0259979248047,,1720791000000,376.60161354064945,mean reversion or trend exit,56.67968984555095,1.100349918319702,1.1298048406219485,3
MTD,Health Care,rsi2,1720555200000,1720618200000,1318.6589999999999,1,1251.2080322265624,,1720791000000,1362.0886345214844,mean reversion or trend exit,42.08926070422382,0.6593294999999999,0.6810443172607422,2
BKR,Energy,rsi2,1720555200000,1720618200000,33.46672576332092,76,31.91400089263916,,1720791000000,34.70264122009277,mean reversion or trend exit,91.33913876929081,1.2717355790061953,1.3187003663635253,2
VLO,Energy,rsi2,1720641600000,1720704600000,144.42218110656736,15,136.34599609375,,1721050200000,148.5157013397217,mean reversion or trend exit,59.20576937896767,1.0831663582992552,1.1138677600479128,2
CRWD,Information Technology,rsi2,1720728000000,1720791000000,92.09602805328369,24,86.83057327270508,,1721136600000,94.51271755981446,mean reversion or trend exit,55.76124320938136,1.1051523366394043,1.1341526107177735,2
ABNB,Consumer Discretionary,rsi2,1720728000000,1720791000000,146.90341683197022,17,139.58710021972655,,1721223000000,149.1653854904175,mean reversion or trend exit,35.93688237386335,1.248679043071747,1.2679057766685486,3
INVH,Real Estate,rsi2,1720728000000,1720791000000,35.57778137397766,73,34.26199913024902,,1721223000000,35.74211832237244,mean reversion or trend exit,9.393420893902427,1.2985890201501846,1.3045873187665942,3
ACGL,Financials,rsi2,1720814400000,1721050200000,96.59827805328369,27,92.85899963378907,,1721223000000,97.89103244018555,mean reversion or trend exit,32.278762754688444,1.3040767537193299,1.321528937942505,2
UAL,Industrials,rsi2,1721073600000,1721136600000,44.272124999999996,46,41.505000305175784,,1721223000000,46.736618322372436,mean reversion or trend exit,111.27349173271772,1.018258875,1.074942221414566,1
FCX,Materials,rsi2,1721160000000,1721223000000,49.98497908401489,49,47.39399948120117,,1721332800000,47.37030248146057,stop,-130.50435792351576,1.2246319875583647,1.160572410795784,2
CDNS,Information Technology,rsi2,1721246400000,1721309400000,289.5046653442383,7,273.2209991455078,,1721332800000,273.08438864593506,stop,-116.9109985770881,1.013266328704834,0.9557953602607727,1
NFLX,Communication Services,rsi2,1720728000000,1720791000000,65.30763902664184,40,62.37880096435547,,1721741400000,64.717625,mean reversion or trend exit,-26.201066346206396,1.3061527805328368,1.2943525,7
EW,Health Care,rsi2,1721160000000,1721223000000,88.03399286270141,28,83.47500228881836,,1721741400000,87.62616316986085,mean reversion or trend exit,-13.878473583991688,1.2324759000778198,1.2267662843780518,4
ANET,Information Technology,rsi2,1721246400000,1721309400000,84.7073334159851,23,79.20717163085938,,1721741400000,85.51472399520874,mean reversion or trend exit,16.6124296619149,0.9741343342838287,0.9834193259449006,3
WDC,Information Technology,rsi2,1721332800000,1721395800000,53.428060237884516,30,49.2962947845459,,1721741400000,54.666531234741214,mean reversion or trend exit,35.532711033611555,0.8014209035682677,0.8199979685211182,2
AMZN,Consumer Discretionary,rsi2,1721678400000,1721741400000,184.19205610656738,11,172.94500427246095,,1721827800000,183.10839694976806,mean reversion or trend exit,-13.940403216602299,1.0130563085861206,1.0070961832237244,1
VZ,Communication Services,rsi2,1721678400000,1721741400000,38.75937167930603,67,37.51400146484375,,1721827800000,39.220381677627564,mean reversion or trend exit,28.27534815008566,1.298438951256752,1.3138827862005236,1
MGM,Consumer Discretionary,rsi2,1721678400000,1721741400000,43.68182984733581,59,41.56599998474121,,1721937600000,41.54521698474884,stop,-128.57435677417786,1.2886139804964065,1.2255839010500909,3
EOG,Energy,rsi2,1721764800000,1721827800000,125.97295866394042,20,119.96000137329102,,1722000600000,126.73660305023193,mean reversion or trend exit,12.74579210868862,1.2597295866394043,1.2673660305023193,2
FCX,Materials,rsi2,1721332800000,1721395800000,45.702840305328365,47,43.0339973449707,,1722259800000,44.46775667762756,mean reversion or trend exit,-60.16793953103719,1.0740167471752167,1.0449922819242476,6
FANG,Energy,rsi2,1721764800000,1721827800000,199.92991683197022,12,189.46299896240234,,1722259800000,201.49920610046388,mean reversion or trend exit,16.422896484329343,1.1995795009918213,1.2089952366027834,3
TMUS,Communication Services,rsi2,1721678400000,1721741400000,177.70880511474607,14,172.3760025024414,,1722346200000,177.5012013397217,mean reversion or trend exit,-5.392922895522613,1.2439616358032224,1.2425084093780518,5
GLW,Information Technology,rsi2,1721937600000,1722000600000,43.271625,48,40.67599945068359,,1722346200000,39.53022423744202,stop gap,-181.57448098448165,1.038519,0.9487253816986085,2
ROL,Industrials,rsi2,1722024000000,1722259800000,46.15306606864929,55,44.01600112915039,,1722432600000,48.305836830139164,mean reversion or trend exit,115.8047720522265,1.2692093168878555,1.328410512828827,2
WM,Industrials,rsi2,1721937600000,1722000600000,200.17004232788085,12,192.4689956665039,,1722519000000,203.11839122009278,mean reversion or trend exit,32.960456105255254,1.2010202539672852,1.2187103473205567,4
DLR,Real Estate,rsi2,1722024000000,1722259800000,145.7028198852539,17,139.19699401855468,,1722519000000,150.18486450958252,mean reversion or trend exit,73.67971329623072,1.2384739690246582,1.2765713483314514,3
BBY,Consumer Discretionary,rsi2,1722283200000,1722346200000,85.52274335861206,29,81.24000473022461,,1722519000000,86.69662786483765,mean reversion or trend exit,31.545469797802106,1.240079778699875,1.2571011040401459,2
BAC,Financials,rsi2,1722283200000,1722346200000,41.07052423667908,62,39.375999450683594,,1722542400000,39.35631145095825,stop,-108.77442462100791,1.2731862513370513,1.2200456549797059,3
WMT,Consumer Staples,rsi2,1722369600000,1722432600000,69.21459030532837,37,67.42900314331055,,1722605400000,69.56519847488404,mean reversion or trend exit,10.405076181125867,1.2804699206485748,1.2869561717853548,2
CCL,Consumer Discretionary,rsi2,1722456000000,1722519000000,16.798395915985108,90,15.386999702453613,,1722605400000,15.152419847488405,stop gap,-149.57563287405955,0.7559278162193299,0.6818588931369782,1
PFG,Financials,rsi2,1722542400000,1722605400000,78.71934030532836,32,75.92300109863281,,1722628800000,75.8850395980835,stop,-93.17129271029025,1.2595094448852537,1.214160633569336,1
AXON,Industrials,rsi2,1722456000000,1722519000000,300.15,7,283.13001403808596,,1722864600000,279.5001946411133,stop gap,-146.57741319345067,1.050525,0.9782506812438966,2
SW,Materials,rsi2,1722542400000,1722605400000,42.80138877868652,45,40.07399978637695,,1722864600000,39.72013167762756,stop gap,-140.51330375792023,0.9630312475204468,0.8937029627466202,1
BG,Consumer Staples,rsi2,1722542400000,1722605400000,102.05099999999999,24,97.33799896240234,,1722864600000,97.66114408493043,mean reversion or trend exit,-107.7530876906886,1.2246119999999998,1.1719337290191651,1
FAST,Industrials,rsi2,1722628800000,1722864600000,33.71184719467163,67,31.939001274108886,,1722951000000,32.78359923744202,mean reversion or trend exit,-64.42021058985956,1.1293468810214995,1.0982505744543076,1
INCY,Health Care,rsi2,1722456000000,1722519000000,65.2325969467163,31,61.18699951171875,,1722974400000,61.15640601196289,stop,-128.3209485232151,1.0111052526741027,0.9479242931854249,4
AXON,Industrials,rsi2,1722888000000,1722951000000,289.5446938934326,5,267.4560089111328,,1723037400000,329.83500000000004,mean reversion or trend exit,199.90308129810347,0.7238617347335816,0.8245875000000001,1
DOV,Industrials,rsi2,1722628800000,1722864600000,174.37713828277586,14,166.4070022583008,,1723210200000,176.1818692703247,mean reversion or trend exit,22.81232077281221,1.220639967979431,1.2332730848922728,4
TEL,Information Technology,rsi2,1722628800000,1722864600000,146.90341683197022,13,138.0139892578125,,1723210200000,142.68861450958252,mean reversion or trend exit,-56.67477839476016,0.9548722094078064,0.9274759943122864,4
TXN,Information Technology,rsi2,1722628800000,1722864600000,184.70230561065674,13,175.67600860595704,,1723210200000,190.92449427032471,mean reversion or trend exit,78.44687837645733,1.200564986469269,1.2410092127571106,4
VTRS,Health Care,rsi2,1722974400000,1723037400000,11.445719580173492,162,10.703000164031982,,1723210200000,12.063964694976807,mean reversion or trend exit,98.25142417184989,0.9271032859940529,0.9771811402931214,2
INCY,Health Care,rsi2,1722974400000,1723037400000,61.580774236679076,28,57.295000839233396,,1723555800000,61.12941984748841,mean reversion or trend exit,-14.355865614517084,0.8621308393135071,0.8558118778648377,4
PFE,Health Care,rsi2,1723147200000,1723210200000,28.66432461833954,76,27.075000381469728,,1723642200000,28.785599237442018,mean reversion or trend exit,7.033773945268718,1.0892443354969026,1.0938527710227965,3
ABT,Health Care,rsi2,1723492800000,1723555800000,107.85390305328369,20,102.02500381469727,,1723728600000,110.41476622009277,mean reversion or trend exit,49.034576643447934,1.078539030532837,1.1041476622009276,2
CL,Consumer Staples,rsi2,1723579200000,1723642200000,100.23009030532836,24,96.3719970703125,,1723728600000,102.42876335525513,mean reversion or trend exit,50.33624695431543,1.2027610836639404,1.2291451602630616,1
EXC,Utilities,rsi2,1723492800000,1723555800000,37.068524236679075,66,35.40700149536133,,1723815000000,37.51123377990723,mean reversion or trend exit,26.75769783851086,1.2232612998104093,1.2378707147369388,3
KR,Consumer Staples,rsi2,1723579200000,1723642200000,52.626298473358155,47,50.50499992370605,,1724074200000,53.033471372604374,mean reversion or trend exit,16.65412167319221,1.2367180141239167,1.2462865772562026,3
STE,Health Care,rsi2,1723752000000,1723815000000,230.2850831680298,9,217.69900512695312,,1724160600000,233.2333311004639,mean reversion or trend exit,24.44839852769868,1.0362828742561339,1.0495499899520877,2
O,Real Estate,rsi2,1723752000000,1723815000000,59.79988545799255,41,57.60700035095215,,1724160600000,60.82957061004639,mean reversion or trend exit,39.744187384812506,1.2258976518888474,1.247006197505951,2
CCI,Real Estate,rsi2,1723752000000,1723815000000,109.18456225204467,23,104.3219985961914,,1724247000000,109.75509255981446,mean reversion or trend exit,10.604391048368706,1.2556224658985136,1.2621835644378663,3
ED,Utilities,rsi2,1723752000000,1723815000000,99.54974999999999,25,95.29300384521484,,1724247000000,100.0599456100464,mean reversion or trend exit,10.259769056034653,1.244371875,1.25074932012558,3
HSY,Consumer Staples,rsi2,1723838400000,1724074200000,193.96693011474608,13,184.63700408935546,,1724247000000,198.00095610046387,mean reversion or trend exit,49.8945465539324,1.2607850457458494,1.2870062146530152,2
MPC,Energy,rsi2,1724184000000,1724247000000,171.64577755737304,11,160.93200073242187,,1724679000000,176.61164694976807,mean reversion or trend exit,52.70914748155611,0.9440517765655517,0.9713640582237245,3
XOM,Energy,rsi2,1724184000000,1724247000000,115.06750713729858,22,109.802001953125,,1724679000000,117.70112213516236,mean reversion or trend exit,55.37907503100626,1.2657425785102845,1.294712343486786,3
EQIX,Real Estate,rsi2,1724270400000,1724333400000,818.7992096557617,2,777.4369995117188,,1724679000000,829.9748196411133,mean reversion or trend exit,20.702445941406268,0.8187992096557617,0.8299748196411133,2
CHTR,Communication Services,rsi2,1724356800000,1724419800000,345.99291732788083,4,314.9880004882813,,1724679000000,349.04539122009277,mean reversion or trend exit,10.819818951751794,0.6919858346557617,0.6980907824401855,1
LMT,Industrials,rsi2,1724270400000,1724333400000,554.4570826721191,4,533.5860229492188,,1724765400000,559.1702872009278,mean reversion or trend exit,16.625563375488547,1.1089141653442383,1.1183405744018555,3
ZTS,Health Care,rsi2,1724443200000,1724679000000,181.13051328277587,13,171.82999420166016,,1724851800000,182.00895610046388,mean reversion or trend exit,9.059350078953088,1.177348336338043,1.1830582146530153,2
GD,Industrials,rsi2,1724443200000,1724679000000,292.59623721313477,8,282.2480072021484,,1724938200000,297.851,mean reversion or trend exit,39.67631334606929,1.170384948852539,1.1914040000000001,3
YUM,Consumer Discretionary,rsi2,1724702400000,1724765400000,134.2670969467163,19,129.9540023803711,,1724938200000,135.74209255981447,mean reversion or trend exit,25.459829348553246,1.2755374209938048,1.2895498793182374,2
COR,Health Care,rsi2,1724702400000,1724765400000,235.33761122131347,10,224.45799713134767,,1725024600000,237.13137500000002,mean reversion or trend exit,15.57529285575897,1.1766880561065673,1.185656875,3
AXON,Industrials,rsi2,1724702400000,1724765400000,360.67023522949216,4,334.5619873046875,,1725370200000,361.16933110046386,mean reversion or trend exit,0.5527043512268903,0.7213404704589843,0.7223386622009278,4
META,Communication Services,rsi2,1724788800000,1724851800000,517.9288179016113,3,483.91497192382815,,1725370200000,519.3801946411133,mean reversion or trend exit,2.7981666996920698,0.776893226852417,0.77907029196167,3
DASH,Consumer Discretionary,rsi2,1724875200000,1724938200000,127.94393725204468,12,118.02520446777343,,1725370200000,127.97597328948976,mean reversion or trend exit,-1.1510870139082294,0.767663623512268,0.7678558397369386,2
PEP,Consumer Staples,rsi2,1724875200000,1724938200000,173.84687450408936,14,168.13599853515626,,1725456600000,177.81104389953614,mean reversion or trend exit,53.036766107429656,1.2169281215286256,1.244677307296753,3
CBOE,Financials,rsi2,1725048000000,1725370200000,204.99244438934326,12,195.95899505615233,,1725456600000,213.22333683013917,mean reversion or trend exit,96.26141460223405,1.2299546663360594,1.2793400209808352,1
TJX,Consumer Discretionary,rsi2,1725048000000,1725370200000,117.91893061065673,21,112.58499755859376,,1725629400000,117.63115744018555,mean reversion or trend exit,-8.516512504428697,1.2381487714118957,1.235127153121948,3
HWM,Industrials,rsi2,1725393600000,1725456600000,92.94645152664184,28,88.75899810791016,,1725975000000,94.04295133972168,mean reversion or trend exit,28.084143126106568,1.3012503213729858,1.3166013187561036,4
DVA,Health Care,rsi2,1725048000000,1725370200000,150.075,16,142.46599884033202,,1726061400000,152.96347328948974,mean reversion or trend exit,43.79126484552012,1.2006,1.223707786315918,6
GLW,Information Technology,rsi2,1725393600000,1725456600000,40.87042347335815,64,39.0859977722168,,1726061400000,41.119429389953616,mean reversion or trend exit,13.312703370483769,1.307853551147461,1.3158217404785157,5
NTAP,Information Technology,rsi2,1724961600000,1725024600000,119.75984694671631,16,112.1650001525879,,1726147800000,115.77208683013917,mean reversion or trend exit,-65.688417335449,0.9580787755737304,0.9261766946411134,8
CHTR,Communication Services,rsi2,1725566400000,1725629400000,331.5757086639404,6,311.8789916992188,,1726147800000,329.4451803588867,mean reversion or trend exit,-14.766232497390689,0.9947271259918212,0.9883355410766601,4
SW,Materials,rsi2,1725998400000,1726061400000,42.881430610656736,60,40.8278995513916,,1726234200000,44.64766316986084,mean reversion or trend exit,103.34808073883082,1.2864429183197021,1.3394298950958252,2
MSCI,Financials,rsi2,1725912000000,1725975000000,560.4300994262695,4,536.9010314941406,,1726493400000,565.5571068420411,mean reversion or trend exit,18.256055250549668,1.120860198852539,1.1311142136840822,4
IQV,Health Care,rsi2,1725998400000,1726061400000,234.58723622131347,11,224.50299835205078,,1726493400000,240.5796469497681,mean reversion or trend exit,63.30310015555982,1.2902297992172242,1.3231880582237245,3
FOX,Communication Services,rsi2,1726084800000,1726147800000,36.598291831970215,71,35.41700057983398,,1726493400000,36.76160877990723,mean reversion or trend exit,8.991226831806236,1.2992393600349426,1.3050371116867066,2
FOXA,Communication Services,rsi2,1726084800000,1726147800000,39.52975332069397,66,38.291001892089845,,1726493400000,39.55021469497681,mean reversion or trend exit,-1.2591882418497906,1.304481859582901,1.3051570849342347,2
CBOE,Financials,rsi2,1726257600000,1726493400000,209.99494438934326,12,201.5929977416992,,1726579800000,212.88351049041748,mean reversion or trend exit,32.12552248361205,1.2599696663360596,1.2773010629425048,1
BRK-B,Financials,rsi2,1726171200000,1726234200000,451.80577656555175,5,435.733984375,,1726666200000,457.8509465789795,mean reversion or trend exit,27.951708259277495,1.1295144414138796,1.144627366447449,3
TSN,Consumer Staples,rsi2,1726257600000,1726493400000,61.81088877868652,42,59.06000099182129,,1726666200000,61.5592051525116,mean reversion or trend exit,-13.161484271901642,1.2980286643524168,1.2927433082027437,2
NSC,Industrials,rsi2,1726257600000,1726493400000,247.94391732788085,10,235.47000122070312,,1726752600000,251.7340706100464,mean reversion or trend exit,35.4031428819657,1.2397195866394044,1.258670353050232,3
AAPL,Information Technology,rsi2,1726516800000,1726579800000,215.85787499999998,12,207.41600799560547,,1726752600000,224.8775104904175,mean reversion or trend exit,105.59121357206783,1.29514725,1.349265062942505,2
CL,Consumer Staples,rsi2,1726603200000,1726666200000,104.28211835861205,25,102.13199768066406,,1726776000000,102.08093168182373,stop,-57.609205045213564,1.3035264794826509,1.2760116460227966,2
GRMN,Consumer Discretionary,rsi2,1726257600000,1726493400000,173.5367219467163,15,165.45799255371094,,1726839000000,169.91500000000002,mean reversion or trend exit,-56.90171711534475,1.3015254146003725,1.2743625000000003,4
MDT,Health Care,rsi2,1726689600000,1726752600000,88.73434744262696,30,85.1879981994629,,1726839000000,89.43526335525513,mean reversion or trend exit,18.354933216877047,1.3310152116394043,1.341528950328827,1
MO,Consumer Staples,rsi2,1726603200000,1726666200000,50.52525,52,49.089999771118165,,1727184600000,50.76460591506958,mean reversion or trend exit,9.81297132982639,1.3136565,1.319879753791809,4
RSG,Industrials,rsi2,1726689600000,1726752600000,200.01995816802977,13,193.24699859619142,,1727184600000,202.05892366027834,mean reversion or trend exit,23.893038667347337,1.3001297280921935,1.3133830037918093,3
CL,Consumer Staples,rsi2,1726776000000,1726839000000,102.33113877868652,26,99.44200210571289,,1727184600000,103.43825286483765,mean reversion or trend exit,26.109964148563517,1.3303048041229248,1.3446972872428895,2
VTR,Real Estate,rsi2,1726776000000,1726839000000,62.36116683197021,42,60.02600021362305,,1727184600000,63.40827862739563,mean reversion or trend exit,41.33753705322106,1.3095845034713745,1.3315738511753081,2
O,Real Estate,rsi2,1726776000000,1726839000000,60.59028137397766,43,58.88300094604492,,1727184600000,61.97899332237244,mean reversion or trend exit,57.07937437500395,1.3026910495405197,1.3325483564310074,2
UNP,Industrials,rsi2,1727121600000,1727184600000,243.31159744262695,11,235.31300048828126,,1727271000000,247.41622328948975,mean reversion or trend exit,42.451881301464184,1.3382137859344483,1.3607892280921936,1
HSY,Consumer Staples,rsi2,1727121600000,1727184600000,194.25708366394042,13,187.69400024414062,,1727357400000,189.20535305023193,mean reversion or trend exit,-68.16500381685243,1.2626710438156128,1.2298347948265076,2
ES,Utilities,rsi2,1727121600000,1727184600000,66.21309030532836,40,64.65199966430664,,1727703000000,67.40628244018555,mean reversion or trend exit,45.05529793937711,1.3242618061065674,1.3481256488037112,4
VEEV,Health Care,rsi2,1727121600000,1727184600000,210.98544488525388,11,199.46298828125,,1727703000000,210.54466889953613,mean reversion or trend exit,-7.1669514687115905,1.1604199468688965,1.1579956789474488,4
JNJ,Health Care,rsi2,1727121600000,1727184600000,162.87138828277588,16,158.78800048828126,,1727789400000,162.34877767944337,mean reversion or trend exit,-10.963530981017907,1.3029711062622071,1.298790221435547,5
WRB,Financials,rsi2,1727208000000,1727271000000,56.968468626022336,47,54.573001098632815,,1727789400000,56.511730915069585,mean reversion or trend exit,-24.13345710399497,1.338759012711525,1.3280256765041352,4
UHS,Health Care,rsi2,1727726400000,1727789400000,228.70429133605955,10,216.0739959716797,,1727985600000,215.96595897369386,stop,-129.60667487520573,1.1435214566802978,1.0798297948684692,3
GM,Consumer Discretionary,rsi2,1727294400000,1727357400000,45.742861221313476,44,42.78299903869629,,1728307800000,45.39728816986084,mean reversion or trend exit,-17.210297550521656,1.0063429468688965,0.9987403397369385,7
TRV,Financials,rsi2,1727726400000,1727789400000,233.60675049591063,11,225.00399627685547,,1728307800000,235.14236450958253,mean reversion or trend exit,14.313634017860725,1.2848371277275086,1.293283004802704,4
TJX,Consumer Discretionary,rsi2,1728072000000,1728307800000,114.36715255737305,23,111.6170036315918,,1728331200000,111.56119512977601,stop,-67.13519683313405,1.3152222544097902,1.2829537439924241,1
ROST,Consumer Discretionary,rsi2,1728072000000,1728307800000,145.14254232788085,18,140.03999786376954,,1728331200000,139.96997786483766,stop,-95.67217301651183,1.3062828809509277,1.259729800783539,1
SHW,Materials,rsi2,1728331200000,1728394200000,370.185,7,356.0800018310547,,1728480600000,375.1323473205567,mean reversion or trend exit,32.022820528274764,1.2956475,1.3129632156219484,1
PODD,Health Care,rsi2,1727467200000,1727703000000,232.79633267211912,8,217.39700164794922,,1728567000000,229.72507633972168,mean reversion or trend exit,-26.420136295226875,0.9311853306884765,0.9189003053588868,8
TJX,Consumer Discretionary,rsi2,1728331200000,1728394200000,112.85640305328369,23,108.92099838256836,,1728567000000,113.67313835525513,mean reversion or trend exit,16.179822219145112,1.2978486351127625,1.307241091085434,2
MAA,Real Estate,rsi2,1727467200000,1727703000000,157.73883366394043,17,151.9210006713867,,1728590400000,151.845040171051,stop,-102.82595230671748,1.3407800861434938,1.2906828414539337,9
UHS,Health Care,rsi2,1727985600000,1728048600000,216.89838828277587,8,201.19299926757813,,1728912600000,213.92298377990724,mean reversion or trend exit,-25.526521511199757,0.8675935531311035,0.8556919351196289,6
DOV,Industrials,rsi2,1728504000000,1728567000000,186.1730418319702,14,179.7310028076172,,1728912600000,190.79455438995362,mean reversion or trend exit,62.062402638214245,1.3032112928237913,1.3355618807296754,2
ES,Utilities,rsi2,1728504000000,1728567000000,63.70183316802978,41,61.155999755859376,,1728912600000,63.78808969497681,mean reversion or trend exit,0.9229741861366905,1.3058875799446106,1.3076558387470247,2
KVUE,Consumer Staples,rsi2,1728417600000,1728480600000,21.83090969467163,120,21.062100410461426,,1728999000000,21.579205152511598,mean reversion or trend exit,-32.80915195003469,1.3098545816802978,1.294752309150696,4
DOC,Real Estate,rsi2,1728590400000,1728653400000,21.62080561065674,120,20.648999977111817,,1728999000000,21.989,mean reversion or trend exit,41.56673838455209,1.2972483366394043,1.3193400000000002,2
LEN,Consumer Discretionary,rsi2,1728676800000,1728912600000,172.62256880950926,15,164.39205932617188,,1728999000000,176.85247801208496,mean reversion or trend exit,60.82757518747351,1.2946692660713195,1.3263935850906372,1
DHI,Consumer Discretionary,rsi2,1728676800000,1728912600000,183.31161122131346,14,174.61700286865235,,1728999000000,188.90550000000002,mean reversion or trend exit,75.70892312306268,1.2831812785491943,1.3223385,1
BBY,Consumer Discretionary,rsi2,1728936000000,1728999000000,97.19857652664184,27,92.9020004272461,,1729171800000,98.9505,mean reversion or trend exit,44.65392124756069,1.3121807831096648,1.33583175,2
SW,Materials,rsi2,1729022400000,1729085400000,43.97197576332092,60,42.06099891662598,,1729171800000,43.71813167762757,mean reversion or trend exit,-17.86134836482957,1.3191592728996278,1.311543950328827,1
ERIE,Financials,rsi2,1729108800000,1729171800000,516.7482352294921,5,490.8950164794922,,1729195200000,490.6495689712525,stop,-133.0118258017,1.2918705880737302,1.2266239224281312,1
HAS,Consumer Discretionary,rsi2,1728936000000,1728999000000,71.81588877868651,37,69.20699920654297,,1729258200000,71.85405438995362,mean reversion or trend exit,-1.2457663317370007,1.3285939424057005,1.3293000062141418,3
CPRT,Industrials,rsi2,1729195200000,1729258200000,53.71684362602234,49,51.834997940063474,,1729603800000,52.433769084930425,mean reversion or trend exit,-65.47134252492211,1.3160626688375474,1.2846273425807955,2
BKR,Energy,rsi2,1729022400000,1729085400000,36.368173473358155,65,34.38299980163574,,1729776600000,37.081448474884034,mean reversion or trend exit,43.975762385864286,1.18196563788414,1.205147075433731,6
MTD,Health Care,rsi2,1729195200000,1729258200000,1378.138676147461,1,1280.6819213867188,,1729776600000,1319.4899494018555,mean reversion or trend exit,-59.99754105838013,0.6890693380737305,0.6597449747009277,4
GIS,Consumer Staples,rsi2,1728676800000,1728912600000,70.89543061065673,36,68.28499603271484,,1729886400000,68.25085353469849,stop,-97.70940784911298,1.2761177509918211,1.228515363624573,10
ERIE,Financials,rsi2,1729540800000,1729603800000,477.15847343444824,5,453.7170166015625,,1729886400000,453.4901580932617,stop,-120.66819828475198,1.1928961835861205,1.1337253952331543,4
EOG,Energy,rsi2,1729713600000,1729776600000,125.24259030532836,20,119.34000167846679,,1730122200000,119.69012500000001,mean reversion or trend exit,-113.49863325962036,1.2524259030532838,1.1969012500000002,2
MMM,Industrials,rsi2,1729713600000,1729776600000,128.10401328277587,20,122.58500671386719,,1730208600000,128.94548950958253,mean reversion or trend exit,14.259029508209665,1.2810401328277587,1.2894548950958253,3
CF,Materials,rsi2,1729108800000,1729171800000,84.69232652664184,30,80.4990005493164,,1730381400000,83.3882853050232,holding limit at next open,-41.64244582603395,1.2703848978996275,1.2508242795753481,10
GEHC,Health Care,rsi2,1730145600000,1730208600000,85.70283366394042,29,82.71079864501954,,1730381400000,86.07694274520874,mean reversion or trend exit,8.358356598848484,1.2426910881271362,1.2481156698055267,2
AFL,Financials,rsi2,1729886400000,1730122200000,110.05499999999999,23,106.22499923706054,,1730404800000,106.17188673744202,stop,-91.79821423631388,1.2656325,1.2209766974805831,4
ERIE,Financials,rsi2,1729886400000,1730122200000,449.3445551147461,3,418.0740020751953,,1730491200000,417.86496507415774,stop,-95.73958440204837,0.6740168326721191,0.6267974476112367,5
VLTO,Industrials,rsi2,1729886400000,1730122200000,104.77236122131347,23,99.61750183105468,,1730903400000,105.64714694976807,mean reversion or trend exit,17.7002474104883,1.204882154045105,1.2149421899223327,7
IBM,Information Technology,rsi2,1730318400000,1730381400000,204.2320698852539,12,196.52899475097655,,1730903400000,213.3732557296753,mean reversion or trend exit,107.18859817936706,1.2253924193115235,1.2802395343780517,4
LMT,Industrials,rsi2,1730318400000,1730381400000,547.3134980163574,4,526.0910095214844,,1730903400000,561.1193244018555,mean reversion or trend exit,53.00643989715601,1.0946269960327146,1.122238648803711,4
EBAY,Consumer Discretionary,rsi2,1730404800000,1730467800000,57.72885076332092,43,54.90099754333496,,1730903400000,61.95900667762756,mean reversion or trend exit,179.32341538020523,1.2411702914113998,1.3321186435689927,3
NEM,Materials,rsi2,1730491200000,1730730600000,45.41269438934326,36,42.050999069213866,,1730903400000,44.227875000000004,mean reversion or trend exit,-44.26702826536531,0.8174284990081786,0.79610175,2
ES,Utilities,rsi2,1730840400000,1730903400000,61.80088545799255,41,59.55899772644043,,1730989800000,60.759605915069585,mean reversion or trend exit,-45.204951332989324,1.2669181518888473,1.2455719212589265,1
LVS,Consumer Discretionary,rsi2,1730840400000,1730903400000,50.91544438934326,42,47.95600051879883,,1731076200000,50.52472423744202,mean reversion or trend exit,-18.54048992101435,1.0692243321762085,1.0610192089862824,2
O,Real Estate,rsi2,1730926800000,1730989800000,57.29863545799255,44,54.69799880981445,,1731076200000,56.77159923744202,mean reversion or trend exit,-25.6991388675231,1.260569980075836,1.2489751832237244,1
NEE,Utilities,rsi2,1730926800000,1730989800000,73.64680561065673,34,70.48699798583985,,1731335400000,76.94151335525513,mean reversion or trend exit,109.46006189392502,1.2519956953811644,1.3080057270393373,2
FIS,Financials,rsi2,1730926800000,1730989800000,85.99297194671631,29,82.9239990234375,,1731335400000,88.25585305023193,mean reversion or trend exit,63.096944039497366,1.2468980932273865,1.279709869228363,2
JNJ,Health Care,rsi2,1731013200000,1731076200000,157.0785,16,151.86499633789063,,1731335400000,155.54218511962893,mean reversion or trend exit,-27.082003566894084,1.2566279999999999,1.2443374809570313,1
CBOE,Financials,rsi2,1731099600000,1731335400000,196.03797244262694,13,187.2239974975586,,1731681000000,198.7605706100464,mean reversion or trend exit,32.82758564661046,1.2742468208770752,1.2919437089653016,4
CTVA,Materials,rsi2,1731013200000,1731076200000,58.999486221313475,42,56.03189811706543,,1731704400000,56.0038821680069,stop,-128.23044097505175,1.238989210647583,1.176081525528145,6
RVTY,Health Care,rsi2,1731358800000,1731421800000,120.05999999999999,17,112.72999801635743,,1731704400000,112.67363301734926,stop,-127.54647458570984,1.0205099999999998,0.9577258806474687,4
SBAC,Real Estate,rsi2,1730926800000,1730989800000,220.10999999999999,9,206.6560028076172,,1731940200000,218.05092366027833,mean reversion or trend exit,-20.503411213966157,0.9904949999999999,0.9812291564712525,7
IBM,Information Technology,rsi2,1731704400000,1731940200000,207.1035,11,196.3330062866211,,1732113000000,210.89450000000002,mean reversion or trend exit,39.40201100000028,1.1390692500000001,1.15991975,2
JKHY,Financials,rsi2,1731358800000,1731421800000,177.26858267211912,14,170.69499664306642,,1732136400000,170.6096491447449,stop,-95.66021700595708,1.240880078704834,1.1942675440132144,7
COO,Health Care,rsi2,1731618000000,1731681000000,100.45020152664183,24,95.42000122070313,,1732285800000,99.90002194976807,mean reversion or trend exit,-15.608512526687145,1.205402418319702,1.198800263397217,5
ILMN,Health Care,rsi2,1731704400000,1731940200000,135.0675,12,125.4840072631836,,1732285800000,137.7011192703247,mean reversion or trend exit,29.966819528274634,0.810405,0.8262067156219483,4
MAS,Industrials,rsi2,1732050000000,1732113000000,76.66831225204467,32,72.90299682617187,,1732285800000,78.76060305023194,mean reversion or trend exit,64.46644289715603,1.2266929960327149,1.260169648803711,2
URI,Industrials,rsi2,1732136400000,1732199400000,824.4119999999999,2,775.1939758300781,,1732285800000,848.6055142822266,mean reversion or trend exit,46.7140110501712,0.8244119999999999,0.8486055142822266,1
HON,Industrials,rsi2,1732222800000,1732285800000,225.23682971191405,11,214.43592681884766,,1732545000000,228.3411861114502,mean reversion or trend exit,31.653241307869237,1.2388025634155275,1.255876523612976,1
BBY,Consumer Discretionary,rsi2,1732222800000,1732285800000,87.40368061065674,21,81.67600479125977,,1732545000000,92.83355725479126,mean reversion or trend exit,112.1349185292378,0.9177386464118957,0.9747523511753082,1
AVGO,Information Technology,rsi2,1731704400000,1731940200000,165.74283366394042,10,154.20599670410155,,1732631400000,164.51770610046387,mean reversion or trend exit,-13.902578333587499,0.8287141683197021,0.8225885305023194,6
MCD,Consumer Discretionary,rsi2,1732222800000,1732285800000,288.61423622131343,8,277.5349975585938,,1732631400000,296.85150000000004,mean reversion or trend exit,63.55624728460763,1.1544569448852537,1.1874060000000002,2
GOOGL,Communication Services,rsi2,1732309200000,1732545000000,166.17304133605955,11,155.20699157714844,,1732717800000,168.9155,mean reversion or trend exit,28.324058325996667,0.9139517273483275,0.9290352500000001,2
GOOG,Communication Services,rsi2,1732309200000,1732545000000,168.07400049591064,11,157.0793029785156,,1732890600000,169.97496755981447,mean reversion or trend exit,19.051368378635694,0.9244070027275085,0.9348623215789796,3
NVDA,Information Technology,rsi2,1732568400000,1732631400000,137.7688469467163,10,125.49800262451171,,1733149800000,138.76058683013918,mean reversion or trend exit,8.534751665344386,0.6888442347335816,0.6938029341506958,3
LMT,Industrials,rsi2,1732568400000,1732631400000,519.6497096557617,4,499.1570129394531,,1733149800000,524.987375,mean reversion or trend exit,19.26138720764169,1.0392994193115235,1.04997475,3
AVGO,Information Technology,rsi2,1732741200000,1732890600000,159.64979232788085,12,149.46599731445312,,1733236200000,164.3977557296753,mean reversion or trend exit,55.03127553318824,0.9578987539672851,0.9863865343780519,2
CHRW,Industrials,rsi2,1732222800000,1732285800000,108.45420152664184,23,103.77999801635742,,1733322600000,107.10642366027832,mean reversion or trend exit,-33.477838116010425,1.2472233175563812,1.2317238720932007,7
WDAY,Information Technology,rsi2,1732914000000,1733149800000,246.5732219467163,9,233.26200256347656,,1733322600000,260.25981964111327,mean reversion or trend exit,120.89863056242746,1.1095794987602232,1.1711691883850097,2
XOM,Energy,rsi2,1732654800000,1732717800000,118.14904133605957,21,113.5790008544922,,1733409000000,114.65264408493043,mean reversion or trend exit,-75.86875997063231,1.2405649340286256,1.2038527628917697,5
AME,Industrials,rsi2,1732914000000,1733149800000,195.5477219467163,13,188.08800659179687,,1733409000000,194.9025,mean reversion or trend exit,-10.925811749965618,1.271060192653656,1.26686625,3
GNRC,Industrials,rsi2,1733346000000,1733409000000,183.41166732788085,11,171.85700531005858,,1733864400000,171.77107680740357,stop,-130.0000008179941,1.0087641703033448,0.9447409224407197,4
MTB,Financials,rsi2,1733173200000,1733236200000,215.66777755737303,11,205.05900115966796,,1733950800000,204.95647165908812,stop,-120.1377982518245,1.1861727765655516,1.1272605941249847,7
FDX,Industrials,rsi2,1733259600000,1733322600000,227.1159120941162,11,217.38034057617188,,1734013800000,226.72784218597414,mean reversion or trend exit,-6.764909638103128,1.2491375165176393,1.2470031320228576,6
AFL,Financials,rsi2,1733259600000,1733322600000,105.97295816802978,24,102.68300247192383,,1734359400000,104.28782633972169,mean reversion or trend exit,-42.96629329348711,1.2716754980163574,1.2514539160766605,8
NSC,Industrials,rsi2,1733950800000,1734013800000,248.2840836639404,10,236.56100616455078,,1734445800000,241.2193263397217,mean reversion or trend exit,-73.09509029220536,1.2414204183197022,1.2060966316986086,3
ATO,Utilities,rsi2,1733346000000,1733409000000,143.66179133605957,18,139.0009994506836,,1734469200000,138.93149895095826,stop,-87.68860254440669,1.2929561220245362,1.2503834905586244,9
MCK,Health Care,rsi2,1733864400000,1733927400000,583.6116673278808,4,562.3139953613281,,1734469200000,562.0328383636474,stop,-88.60660486831652,1.1672233346557617,1.124065676727295,5
GWW,Industrials,rsi2,1733950800000,1734013800000,1159.699555114746,2,1118.5699829101563,,1734469200000,1118.0106979187012,stop,-85.65542464512318,1.1596995551147462,1.1180106979187012,4
TSN,Consumer Staples,rsi2,1734123600000,1734359400000,60.61029183197021,41,58.489998245239256,,1734532200000,58.78059637260437,mean reversion or trend exit,-77.4650270421931,1.2425109825553893,1.2050022256383894,2
FAST,Industrials,rsi2,1734382800000,1734445800000,39.02950332069397,64,37.94849967956543,,1734555600000,37.92952542972565,stop,-72.86127394198581,1.248944106262207,1.2137448137512208,2
PNC,Financials,rsi2,1734469200000,1734532200000,199.03947244262693,12,191.41000366210938,,1734555600000,191.31429866027833,stop,-95.0442080148007,1.1942368346557617,1.1478857919616698,1
TROW,Financials,rsi2,1734469200000,1734532200000,117.82888164138794,21,114.01100082397461,,1734555600000,113.95399532356264,stop,-83.80633288246328,1.2372032572345735,1.1965169508974076,1
GWW,Industrials,rsi2,1734469200000,1734532200000,1123.3314045410157,2,1085.2710815429687,,1734642000000,1084.7284460021972,stop,-79.41397692818019,1.1233314045410157,1.0847284460021973,2
LOW,Consumer Discretionary,rsi2,1734555600000,1734618600000,249.12449999999998,9,239.50299530029298,,1734705000000,244.41772328948977,mean reversion or trend exit,-44.581930399394615,1.12106025,1.099879754802704,1
NWS,Communication Services,rsi2,1734469200000,1734532200000,31.235609313011167,79,30.007999992370607,,1735050600000,31.13442461872101,mean reversion or trend exit,-10.457207189225883,1.2338065678639412,1.22980977243948,4
LNT,Utilities,rsi2,1734555600000,1734618600000,57.91894438934326,41,56.390001678466795,,1735050600000,59.19039122009278,mean reversion or trend exit,49.7285786807368,1.1873383599815368,1.213403020011902,3
FAST,Industrials,rsi2,1734555600000,1734618600000,37.48373265266418,64,36.110500717163085,,1735223400000,37.29134637260437,mean reversion or trend exit,-14.705524452636261,1.1994794448852537,1.19332308392334,4
GWW,Industrials,rsi2,1734642000000,1734705000000,1078.158805114746,2,1044.2890747070312,,1735223400000,1088.8653291625976,mean reversion or trend exit,19.246023961425944,1.078158805114746,1.0888653291625976,3
PNC,Financials,rsi2,1734642000000,1734705000000,189.38463828277588,12,182.11199645996095,,1735223400000,193.3832557296753,mean reversion or trend exit,45.68680199871846,1.1363078296966553,1.160299534378052,3
COST,Consumer Staples,rsi2,1734987600000,1735050600000,951.2153602294921,2,915.5989868164063,,1735223400000,956.3415973205567,mean reversion or trend exit,8.344917224579113,0.9512153602294922,0.9563415973205568,1
CHTR,Communication Services,rsi2,1734987600000,1735050600000,347.99391732788087,5,326.2930053710937,,1735309800000,349.12533779907227,mean reversion or trend exit,3.9143042181396392,0.8699847933197021,0.8728133444976807,2
MKC,Consumer Staples,rsi2,1735333200000,1735569000000,76.51824335861205,31,74.3810028076172,,1735655400000,75.41227194976807,mean reversion or trend exit,-36.64003666144342,1.186032772058487,1.1688902152214051,1
MO,Consumer Staples,rsi2,1735246800000,1735309800000,52.36617015266418,46,50.88799858093262,,1735914600000,52.80358683013916,mean reversion or trend exit,17.70226275324452,1.2044219135112761,1.2144824970932007,4
PM,Consumer Staples,rsi2,1735592400000,1735655400000,120.50022244262695,20,115.83499908447266,,1735914600000,121.44924713516237,mean reversion or trend exit,16.56099915493045,1.2050022244262695,1.2144924713516236,2
CME,Financials,rsi2,1735333200000,1735569000000,232.87637450408934,10,224.96799926757814,,1736173800000,229.23533110046387,mean reversion or trend exit,-38.7209925642775,1.1643818725204467,1.1461766555023194,4
VEEV,Health Care,rsi2,1735333200000,1735569000000,212.15602805328368,8,197.91000061035157,,1736173800000,214.142875,mean reversion or trend exit,14.18957996151748,0.8486241122131347,0.8565715,4
CHRW,Industrials,rsi2,1735851600000,1735914600000,104.00197194671631,18,97.45499877929687,,1736173800000,104.38778244018555,mean reversion or trend exit,5.0690810929641374,0.9360177475204469,0.93949004196167,1
EBAY,Consumer Discretionary,rsi2,1735333200000,1735569000000,62.49122908401489,38,59.61800193786621,,1736260200000,63.60817938995362,mean reversion or trend exit,40.04822286466632,1.187333352596283,1.2085554084091188,5
CPRT,Industrials,rsi2,1735851600000,1735914600000,56.70834030532836,42,54.244998931884766,,1736519400000,56.18189408493042,mean reversion or trend exit,-24.481436178909057,1.1908751464118956,1.1798197757835387,4
LNT,Utilities,rsi2,1735938000000,1736173800000,58.04901045799255,41,56.5629997253418,,1736519400000,57.80108683013916,mean reversion or trend exit,-12.539795736395646,1.1900047143888473,1.184922280017853,3
WEC,Utilities,rsi2,1736197200000,1736260200000,92.2460969467163,26,89.21700134277344,,1736519400000,93.84305438995362,mean reversion or trend exit,39.10173455679348,1.199199260307312,1.2199597070693973,2
AAPL,Information Technology,rsi2,1735938000000,1736173800000,244.43215255737303,9,234.79400177001952,,1736542800000,234.6766047691345,stop,-89.95591950211593,1.0999446865081786,1.0560447214611055,4
BKNG,Consumer Discretionary,rsi2,1735938000000,1736173800000,197.80565576934814,12,188.40232696533204,,1736542800000,188.30812580184937,stop,-116.28704229941235,1.1868339346160888,1.129848754811096,4
NFLX,Communication Services,rsi2,1736370000000,1736519400000,86.68331938934325,27,83.55659942626953,,1736542800000,83.5148211265564,stop,-87.84712799220972,1.170224811756134,1.1274500852085114,1
KR,Consumer Staples,rsi2,1736370000000,1736519400000,58.82939923667907,40,55.96000289916992,,1736865000000,59.47025,mean reversion or trend exit,23.268037548103493,1.1765879847335814,1.189405,2
AIZ,Financials,rsi2,1736542800000,1736778600000,197.68879133605955,12,191.11499938964843,,1736951400000,207.96597232055666,mean reversion or trend exit,120.89224323202559,1.1861327480163573,1.2477958339233401,2
NFLX,Communication Services,rsi2,1736542800000,1736778600000,83.19457637786864,28,79.55259704589844,,1737037800000,86.05295267105103,mean reversion or trend exit,77.66507080242201,1.164724069290161,1.2047413373947145,3
T,Communication Services,rsi2,1736802000000,1736865000000,21.530760457992553,111,20.75599956512451,,1737037800000,21.989,mean reversion or trend exit,48.4492424574081,1.1949572054185866,1.2203895,2
AAPL,Information Technology,rsi2,1736888400000,1736951400000,234.75731938934325,10,223.5590026855469,,1737037800000,237.23133110046388,mean reversion or trend exit,22.38017385875721,1.1737865969467163,1.1861566555023193,1
ULTA,Consumer Discretionary,rsi2,1736370000000,1736519400000,410.205,5,389.041015625,,1737124200000,418.020895980835,mean reversion or trend exit,37.00891516422303,1.0255125,1.0450522399520876,5
FDS,Financials,rsi2,1736542800000,1736778600000,449.94486122131343,5,431.7649871826172,,1737124200000,458.52062500000005,mean reversion or trend exit,40.60765517787982,1.1248621530532836,1.1463015625000001,4
DIS,Communication Services,rsi2,1737061200000,1737124200000,106.88341683197021,22,102.21600036621093,,1737556200000,109.49522805023194,mean reversion or trend exit,55.07968170805395,1.1757175851516721,1.2044475085525514,2
LULU,Consumer Discretionary,rsi2,1736974800000,1737037800000,377.85884843444825,4,352.59901123046876,,1737642600000,383.2582872009278,mean reversion or trend exit,20.075520794647385,0.7557176968688966,0.7665165744018556,4
FOXA,Communication Services,rsi2,1737493200000,1737556200000,47.88393061065673,51,46.13850059509277,,1737729000000,48.51573091506958,mean reversion or trend exit,29.763624156149273,1.2210402305717467,1.2371511383342744,2
WRB,Financials,rsi2,1737666000000,1737729000000,56.90844106864929,43,54.80400161743164,,1738074600000,60.689641220092774,mean reversion or trend exit,160.0632477428619,1.2235314829759598,1.3048272862319945,2
CINF,Financials,rsi2,1737666000000,1737729000000,135.58776427459716,18,129.7870071411133,,1738074600000,140.67962500000002,mean reversion or trend exit,89.16708655377998,1.2202898784713745,1.2661166250000002,2
ATO,Utilities,rsi2,1737666000000,1737729000000,138.90941633605956,17,134.81299896240233,,1738074600000,142.43873950958252,mean reversion or trend exit,57.60703462520226,1.1807300388565063,1.2107292858314513,2
FICO,Information Technology,rsi2,1737666000000,1737729000000,1856.2576210327147,1,1744.6579956054688,,1738161000000,1849.075,mean reversion or trend exit,-9.035287343231035,0.9281288105163574,0.9245375,3
EXPE,Consumer Discretionary,rsi2,1737579600000,1737642600000,173.54673671722412,12,163.88399505615234,,1738333800000,171.58416316986086,mean reversion or trend exit,-25.621667967681667,1.0412804203033448,1.0295049790191653,6
JCI,Industrials,rsi2,1738011600000,1738074600000,77.63879847335815,31,73.77799530029297,,1738333800000,78.15090744018555,mean reversion or trend exit,13.460637529989414,1.2034013763370512,1.211339065322876,3
PEG,Utilities,rsi2,1738098000000,1738161000000,81.48072244262696,30,77.76499786376954,,1738333800000,83.91801908493042,mean reversion or trend exit,70.6379181461906,1.2222108366394044,1.2587702862739563,2
OKE,Energy,rsi2,1738011600000,1738074600000,101.04049286270141,22,95.59799499511719,,1738593000000,95.16239408493043,stop gap,-131.47640486738567,1.1114454214897156,1.0467863349342348,4
ROK,Industrials,rsi2,1738270800000,1738333800000,280.08998721313475,9,267.3819946289062,,1738616400000,267.2483036315918,stop,-118.03817454268784,1.2604049424591064,1.202617366342163,2
EXE,Energy,rsi2,1738011600000,1738074600000,100.57025664138793,24,96.20229721069336,,1738679400000,102.64864694976808,mean reversion or trend exit,47.44274055802974,1.2068430796966552,1.231783763397217,5
SW,Materials,rsi2,1738270800000,1738333800000,53.57677423667907,42,50.68849830627441,,1738765800000,53.683144084930426,mean reversion or trend exit,2.215075341803087,1.1251122589702605,1.1273460257835388,3
CHRW,Industrials,rsi2,1738357200000,1738593000000,99.12954183197022,23,93.89499740600586,,1738852200000,98.08093225479126,mean reversion or trend exit,-26.385940727113624,1.1399897310676574,1.1279307209300997,3
LUV,Industrials,rsi2,1738616400000,1738679400000,30.345164923667905,63,28.42099838256836,,1738852200000,31.064459923744202,mean reversion or trend exit,43.38118182211323,0.9558726950955391,0.9785304875979424,2
BX,Financials,rsi2,1738616400000,1738679400000,173.87688828277587,11,162.868994140625,,1738852200000,176.46172805023195,mean reversion or trend exit,26.506375052185433,0.9563228855552672,0.9705395042762757,2
PKG,Materials,rsi2,1738270800000,1738333800000,213.01645866394043,11,205.00699920654296,,1738938600000,213.07340267944338,mean reversion or trend exit,-1.7171100668561643,1.1715905226516723,1.1719037147369387,5
IP,Materials,rsi2,1738789200000,1738852200000,54.26712167930603,36,50.932002258300784,,1738938600000,55.42227576255799,mean reversion or trend exit,39.61113784311693,0.9768081902275085,0.9976009637260438,1
EMR,Industrials,rsi2,1738789200000,1738852200000,126.14304183197021,17,118.93200149536133,,1739284200000,126.08692652511597,mean reversion or trend exit,-3.097914947557281,1.0722158555717467,1.0717388754634858,3
J,Industrials,rsi2,1738789200000,1738852200000,131.31315184020994,18,124.85347442626953,,1739284200000,132.56735015869143,mean reversion or trend exit,20.200645214676626,1.1818183665618895,1.1931061514282228,3
RVTY,Health Care,rsi2,1738875600000,1738938600000,119.0995209159851,16,111.57000427246093,,1739284200000,113.84305152511597,mean reversion or trend exit,-85.96705083343485,0.9527961673278807,0.9107444122009277,2
KKR,Financials,rsi2,1738702800000,1738765800000,146.99345816802978,14,138.63700408935546,,1739394000000,138.5676855873108,stop,-119.95974413635317,1.0289542071762086,0.9699737991111756,6
DVA,Health Care,rsi2,1738875600000,1738938600000,171.22556938934326,14,164.11800842285157,,1739543400000,153.923,stop gap,-244.51201143653105,1.1985789857254028,1.077461,5
APD,Materials,rsi2,1739221200000,1739284200000,309.5447096557617,7,294.10497131347654,,1739543400000,316.24179389953616,mean reversion or trend exit,44.689336943977544,1.083406483795166,1.1068462786483766,3
INCY,Health Care,rsi2,1739221200000,1739284200000,67.55375664138793,35,64.0920036315918,,1739543400000,70.61467652511597,mean reversion or trend exit,104.71424835006734,1.182190741224289,1.2357568391895295,3
BX,Financials,rsi2,1739480400000,1739543400000,161.830875,10,149.83899841308593,,1739889000000,164.77757061004638,mean reversion or trend exit,27.833913872413675,0.809154375,0.8238878530502319,1
BLK,Financials,rsi2,1739221200000,1739284200000,980.4899999999999,2,935.8000122070313,,1740061800000,986.00675,mean reversion or trend exit,9.067003250000232,0.9804899999999999,0.98600675,6
IT,Information Technology,rsi2,1739394000000,1739457000000,516.0379193115234,4,488.6110107421875,,1740061800000,512.653518157959,mean reversion or trend exit,-15.594987489196782,1.0320758386230469,1.025307036315918,4
WAT,Health Care,rsi2,1739480400000,1739543400000,381.250527557373,4,354.8999877929688,,1740061800000,379.81,mean reversion or trend exit,-7.284231284606755,0.762501055114746,0.7596200000000001,3
TDY,Information Technology,rsi2,1739480400000,1739543400000,499.6196801147461,4,477.9300018310547,,1740061800000,499.85993035888674,mean reversion or trend exit,-1.037958244384593,0.9992393602294922,0.9997198607177735,3
PNR,Industrials,rsi2,1739998800000,1740061800000,95.96795816802978,25,91.75699844360352,,1740430800000,91.71111994438172,stop,-108.76694406760666,1.1995994771003724,1.1463889993047716,3
HD,Consumer Discretionary,rsi2,1739998800000,1740061800000,393.19649999999996,6,379.55799255371096,,1740430800000,379.3682135574341,stop,-85.28741279606743,1.1795894999999998,1.1381046406723023,3
LULU,Consumer Discretionary,rsi2,1739566800000,1739889000000,365.8628326721191,5,343.02398681640625,,1740493800000,366.22679866027835,mean reversion or trend exit,-0.010394137534810999,0.9146570816802978,0.9155669966506959,5
GDDY,Information Technology,rsi2,1739998800000,1740061800000,176.49820866394043,9,164.1594024658203,,1740580200000,176.57167366027832,mean reversion or trend exit,-0.9276295034179749,0.794241938987732,0.7945725314712524,4
VEEV,Health Care,rsi2,1739998800000,1740061800000,228.3140969467163,10,216.6280029296875,,1740666600000,225.45722232055667,mean reversion or trend exit,-30.837602857932595,1.1415704847335815,1.1272861116027835,5
PNR,Industrials,rsi2,1740430800000,1740493800000,92.91643774795531,23,87.9760025024414,,1741012200000,94.85255152511597,mean reversion or trend exit,42.371273498054784,1.0685390341014862,1.0908043425388336,4
AMZN,Consumer Discretionary,rsi2,1740430800000,1740493800000,211.7358198852539,11,201.51000518798827,,1741012200000,213.24333110046388,mean reversion or trend exit,14.24523803688826,1.1645470093688963,1.1728383210525513,4
BKR,Energy,rsi2,1740603600000,1740666600000,44.022,36,40.763998413085936,,1741012200000,45.04746469497681,mean reversion or trend exit,35.31347865465564,0.792396,0.8108543645095827,2
JBL,Information Technology,rsi2,1740430800000,1740493800000,159.0795,13,150.09700469970704,,1741035600000,150.02195619735718,stop,-119.75722889963939,1.03401675,0.9751427152828217,5
FLEX,Information Technology,rsi2,1740517200000,1740580200000,39.199590305328364,32,35.58600120544433,,1741098600000,35.332323474884035,stop gap,-124.94504919470192,0.6271934448852539,0.5653171755981445,4
HSIC,Health Care,rsi2,1740776400000,1741012200000,72.20608316802978,28,68.07399673461914,,1741098600000,70.27484255981446,mean reversion or trend exit,-56.06946999021875,1.010885164352417,0.9838477958374023,1
GEHC,Health Care,rsi2,1740776400000,1741012200000,87.53374286270142,25,82.87709884643554,,1741122000000,82.83566029701232,stop,-119.58168168172371,1.0941717857837678,1.035445753712654,2
IBM,Information Technology,rsi2,1741035600000,1741098600000,248.874375,9,238.92400207519532,,1741185000000,251.45421183013917,mean reversion or trend exit,20.967052830517048,1.1199346874999998,1.1315439532356264,1
HAS,Consumer Discretionary,rsi2,1741035600000,1741098600000,63.711840305328366,29,59.75999755859375,,1741185000000,61.77909637260437,mean reversion or trend exit,-57.86919263082586,0.9238216844272613,0.8957968974027635,1
ACN,Information Technology,rsi2,1741035600000,1741098600000,342.3510826721191,6,328.439990234375,,1741357800000,338.83050000000003,mean reversion or trend exit,-23.167040780730815,1.0270532480163574,1.0164915,3
CTVA,Materials,rsi2,1741035600000,1741098600000,60.38017347335815,36,57.25540275573731,,1741613400000,60.04996183013916,mean reversion or trend exit,-14.055361591346507,1.0868431225204467,1.0808993129425049,4
GEHC,Health Care,rsi2,1741122000000,1741185000000,84.042,25,79.5480972290039,,1741613400000,85.73211402511598,mean reversion or trend exit,40.13067420258541,1.0505250000000002,1.0716514253139497,3
JBL,Information Technology,rsi2,1741122000000,1741185000000,142.25108267211914,12,133.31499938964845,,1741636800000,133.24834188995362,stop,-109.68588593335865,0.8535064960327149,0.7994900513397217,4
SBUX,Consumer Discretionary,rsi2,1741294800000,1741357800000,104.78236835861206,22,100.65600051879883,,1741636800000,100.60567251853944,stop,-94.14657693124641,1.1526060519447325,1.1066623977039338,2
FTV,Industrials,rsi2,1741122000000,1741185000000,58.38637540626526,40,55.81951637268067,,1741699800000,56.49020390319824,SPY below SMA200,-78.14439170886993,1.1677275081253051,1.1298040780639649,4
NDAQ,Financials,rsi2,1741381200000,1741613400000,73.83690305328369,31,70.78700408935546,,1741699800000,72.82357061004639,SPY below SMA200,-33.68654308213801,1.1444719973258972,1.128765344455719,1
CMI,Industrials,rsi2,1741381200000,1741613400000,337.76880610656735,6,323.5120056152344,,1741699800000,332.8335,SPY below SMA200,-31.62364355772373,1.013306418319702,0.9985005000000001,1
ABBV,Health Care,rsi2,1742846400000,1742909400000,209.32461122131346,10,200.00599670410156,,1742932800000,199.90599370574952,stop,-96.23232818027469,1.0466230561065673,0.9995299685287476,1
KMB,Consumer Staples,rsi2,1742846400000,1742909400000,137.818875,16,131.8110107421875,,1742995800000,137.2013692703247,mean reversion or trend exit,-12.080253628967187,1.102551,1.0976109541625976,1
AWK,Utilities,rsi2,1742846400000,1742909400000,139.66980610656736,13,131.67099151611328,,1743082200000,141.68911450958254,SPY below SMA200,24.422176255192287,0.9078537396926879,0.9209792443122865,2
MDT,Health Care,rsi2,1742846400000,1742909400000,90.32513877868652,25,86.51399612426758,,1743082200000,88.61567366027832,SPY below SMA200,-44.97338811569216,1.1290642347335815,1.107695920753479,2
XEL,Utilities,rsi2,1742846400000,1742909400000,68.63429847335816,33,66.08799896240234,,1743082200000,69.07544561004639,SPY below SMA200,12.2856447333354,1.1324659248104096,1.1397448525657654,2
ABBV,Health Care,rsi2,1742932800000,1742995800000,203.22155511474608,9,191.55399475097656,,1743082200000,201.91899427032473,SPY below SMA200,-13.546180072024972,0.9144969980163573,0.9086354742164613,1
MO,Consumer Staples,rsi2,1742932800000,1742995800000,56.70834030532836,39,54.401998901367186,,1743082200000,57.83107061004639,SPY below SMA200,41.5529633711532,1.1058126359539031,1.1277058768959045,1
AEP,Utilities,rsi2,1747080000000,1747143000000,101.04049286270141,22,96.51499710083007,,1747229400000,99.22036164474488,mean reversion or trend exit,-42.24575619462555,1.1114454214897156,1.0914239780921937,1
WEC,Utilities,rsi2,1747080000000,1747143000000,105.0525,21,101.16700057983398,,1747252800000,101.11641707954406,stop,-84.82251495890975,1.10305125,1.0617223793352129,2
ORLY,Consumer Discretionary,rsi2,1747080000000,1747143000000,89.62612001037597,22,84.85166778564454,,1747402200000,91.49956119537354,mean reversion or trend exit,39.223323576683384,0.9858873201141357,1.006495173149109,3
RSG,Industrials,rsi2,1747080000000,1747143000000,241.56072244262694,9,232.37300872802734,,1747402200000,244.1178854904175,mean reversion or trend exit,20.828913694416407,1.0870232509918212,1.0985304847068786,3
CASY,Consumer Staples,rsi2,1747080000000,1747143000000,437.0183877868652,4,411.97898254394534,,1747402200000,442.20877767944336,mean reversion or trend exit,19.003105239379938,0.8740367755737305,0.8844175553588868,3
AEE,Utilities,rsi2,1747166400000,1747229400000,94.47721530532836,23,90.59399948120117,,1747402200000,96.60167652511598,mean reversion or trend exit,46.66520079906513,1.086487976011276,1.1109192800388337,2
KR,Consumer Staples,rsi2,1747252800000,1747315800000,66.58327805328369,30,62.98399276733399,,1747661400000,69.05545133972169,mean reversion or trend exit,72.13061765224471,0.9987491707992554,1.0358317700958253,2
CPAY,Financials,rsi2,1747771200000,1747834200000,336.9884173278808,6,321.13698425292966,,1747920600000,327.7760324401856,mean reversion or trend exit,-57.26860267547562,1.0109652519836425,0.9833280973205567,1
ABNB,Consumer Discretionary,rsi2,1747771200000,1747834200000,130.74533267211913,15,123.61990890502929,,1747920600000,126.72660591506958,mean reversion or trend exit,-62.21194089514716,0.9805899950408936,0.950449544363022,1
WYNN,Consumer Discretionary,rsi2,1747771200000,1747834200000,92.93644438934325,22,88.07199325561524,,1748439000000,92.51371755981445,mean reversion or trend exit,-11.339942031074301,1.0223008882827758,1.017650893157959,4
AXP,Financials,rsi2,1747857600000,1747920600000,285.7728198852539,7,272.56199645996094,,1748439000000,293.3132614593506,mean reversion or trend exit,50.75628973397071,1.0002048695983887,1.0265964151077271,3
COF,Financials,rsi2,1747857600000,1747920600000,186.97344488525388,9,175.25199127197266,,1748439000000,192.7435763397217,mean reversion or trend exit,50.22245649469795,0.8413805019836426,0.8673460935287476,3
GEN,Information Technology,rsi2,1747857600000,1747920600000,27.62380561065674,77,26.218000221252442,,1748439000000,28.21588454246521,mean reversion or trend exit,43.440249678357226,1.0635165160102844,1.0863115548849107,3
GDDY,Information Technology,rsi2,1747857600000,1747920600000,184.25208366394043,10,173.91180419921875,,1748525400000,179.62015171051027,mean reversion or trend exit,-48.1386807111738,0.9212604183197022,0.8981007585525514,4
F,Consumer Discretionary,rsi2,1748376000000,1748439000000,10.32515969467163,215,9.81500072479248,,1748525400000,10.2048950381279,mean reversion or trend exit,-28.06388204067794,1.1099546671772003,1.0970262165987492,1
LDOS,Industrials,rsi2,1748376000000,1748439000000,152.73633366394043,14,145.42800598144532,,1748525400000,149.71509828948976,mean reversion or trend exit,-44.41445526598337,1.069154335647583,1.0480056880264284,1
FDS,Financials,rsi2,1748462400000,1748525400000,459.1194596557617,4,442.85698852539065,,1748611800000,464.18780342102053,mean reversion or trend exit,18.4267605348817,0.9182389193115235,0.9283756068420411,1
VRSN,Information Technology,rsi2,1748376000000,1748439000000,268.6242352294922,8,258.9349884033203,,1748871000000,270.8645,mean reversion or trend exit,15.764163223144827,1.0744969409179688,1.083458,3
ED,Utilities,rsi2,1748462400000,1748525400000,101.74084744262694,22,97.49799880981445,,1748871000000,103.58817938995362,mean reversion or trend exit,38.382683546028574,1.1191493218688964,1.13946997328949,2
YUM,Consumer Discretionary,rsi2,1748376000000,1748439000000,144.52222194671631,15,138.84099426269532,,1748957400000,143.9080057296753,mean reversion or trend exit,-11.376469963188221,1.0839166646003724,1.0793100429725648,4
DE,Industrials,rsi2,1748462400000,1748525400000,510.75525,4,483.5799896240234,,1748957400000,506.3467061004639,mean reversion or trend exit,-19.668379510345268,1.0215105,1.012693412200928,3
LYV,Communication Services,rsi2,1748548800000,1748611800000,135.99795767211913,14,128.55199737548827,,1749130200000,141.12939694976808,mean reversion or trend exit,69.9002584047321,0.9519857037048339,0.9879057786483766,4
CASY,Consumer Staples,rsi2,1748635200000,1748871000000,436.7282647705078,5,416.2340026855469,,1749130200000,448.18579866027835,mean reversion or trend exit,55.07538429027583,1.0918206619262694,1.1204644966506958,3
WYNN,Consumer Discretionary,rsi2,1748894400000,1748957400000,87.59377805328369,20,82.08400192260743,,1749130200000,86.27683969497681,mean reversion or trend exit,-28.07747334362002,0.8759377805328369,0.8627683969497683,2
UBER,Industrials,rsi2,1748635200000,1748871000000,84.52224335861206,16,77.94280395507812,,1749216600000,85.35730152511597,mean reversion or trend exit,12.001894304992783,0.6761779468688964,0.6828584122009278,4
DPZ,Consumer Discretionary,rsi2,1748894400000,1748957400000,464.1219596557617,4,448.98399963378904,,1749475800000,468.4556574401856,mean reversion or trend exit,15.469635903503553,0.9282439193115235,0.9369113148803712,4
CHTR,Communication Services,rsi2,1749067200000,1749130200000,389.004402557373,5,368.19898986816406,,1749475800000,395.19231964111333,mean reversion or trend exit,28.97909361320544,0.9725110063934325,0.9879807991027834,2
ALLE,Industrials,rsi2,1749067200000,1749130200000,138.50922244262694,16,133.38400115966797,,1749475800000,139.58016889953615,mean reversion or trend exit,14.910428179810086,1.1080737795410156,1.1166413511962892,2
BRK-B,Financials,rsi2,1749067200000,1749130200000,490.99537499999997,4,478.0070007324219,,1749562200000,492.41367366027833,mean reversion or trend exit,3.7063765437929126,0.9819907499999999,0.9848273473205567,3
MDLZ,Consumer Staples,rsi2,1749240000000,1749475800000,66.01299335861205,34,64.07700042724609,,1749562200000,66.66664694976807,mean reversion or trend exit,19.968668214062053,1.1222208870964048,1.1333329981460571,1
PODD,Health Care,rsi2,1749153600000,1749216600000,318.0489596557617,5,298.39801330566405,,1749585600000,298.24881429901126,stop,-100.54147121863903,0.7951223991394043,0.7456220357475282,3
MOS,Materials,rsi2,1749240000000,1749475800000,34.947465305328365,57,32.99799976348877,,1749821400000,34.67265362739563,mean reversion or trend exit,-17.64843903174835,0.9960027612018585,0.9881706283807755,4
CNP,Utilities,rsi2,1749240000000,1749475800000,36.48823622131347,62,35.36300086975098,,1749821400000,36.33182347488403,mean reversion or trend exit,-11.955012129207322,1.1311353228607177,1.1262865277214051,4
CME,Financials,rsi2,1749499200000,1749562200000,269.0244596557617,8,257.3030120849609,,1749821400000,273.8330162200928,mean reversion or trend exit,36.29702261114559,1.0760978386230469,1.0953320648803713,3
RSG,Industrials,rsi2,1749499200000,1749562200000,249.71479133605956,9,241.14200134277343,,1749821400000,251.61413549041748,mean reversion or trend exit,14.838117218502129,1.1237165610122681,1.1322636097068788,3
PODD,Health Care,rsi2,1749585600000,1749648600000,300.06997343444823,7,284.67901916503905,,1750080600000,307.49616889953614,mean reversion or trend exit,49.85688675744645,1.0502449070205688,1.0762365911483764,3
BSX,Health Care,rsi2,1749758400000,1749821400000,98.23909744262694,23,94.84699859619141,,1750080600000,100.6296603050232,mean reversion or trend exit,52.69595512101581,1.1297496205902098,1.1572410935077666,1
WMT,Consumer Staples,rsi2,1749758400000,1749821400000,94.56725664138793,24,90.94200134277344,,1750426200000,95.19237786483765,mean reversion or trend exit,12.725793748718683,1.1348070796966552,1.1423085343780517,4
PAYX,Industrials,rsi2,1749758400000,1749821400000,152.64629232788084,14,148.73800659179688,,1750449600000,148.663637588501,stop,-57.866335860732626,1.0685240462951657,1.040645463119507,5
TJX,Consumer Discretionary,rsi2,1749758400000,1749821400000,123.56174999999999,18,120.10400009155273,,1750685400000,123.38827194976807,mean reversion or trend exit,-5.345155101722492,1.1120557500000001,1.1104944475479126,5
ADP,Industrials,rsi2,1749844800000,1750080600000,307.9538877868652,7,297.527001953125,,1750771800000,311.094375,mean reversion or trend exit,19.8167415721896,1.0778386072540282,1.0888303125,5
BKNG,Consumer Discretionary,rsi2,1749844800000,1750080600000,213.1057061462402,10,204.47207641601562,,1750771800000,215.49220610046387,mean reversion or trend exit,21.72200998100314,1.065528530731201,1.0774610305023193,5
ES,Utilities,rsi2,1750276800000,1750426200000,62.76136454200744,36,59.885001754760744,,1750771800000,63.468250000000005,mean reversion or trend exit,23.175743425976123,1.1297045617561339,1.1424285,2
KO,Consumer Staples,rsi2,1750449600000,1750685400000,69.17456938934326,33,66.91599578857422,,1750771800000,69.90503244018555,mean reversion or trend exit,21.810467247608308,1.1413803949241637,1.1534330352630615,1
PAYX,Industrials,rsi2,1750449600000,1750685400000,149.75483267211914,15,144.47999877929686,,1750858200000,145.1973692703247,mean reversion or trend exit,-70.57409254148466,1.1231612450408937,1.0889802695274355,2
CDNS,Information Technology,rsi2,1750708800000,1750771800000,295.99793110656736,5,276.0669891357422,,1750858200000,297.6810715789795,mean reversion or trend exit,6.931504855346946,0.7399948277664185,0.7442026789474488,1
GEN,Information Technology,rsi2,1750708800000,1750771800000,28.944465305328368,79,27.726999282836914,,1750858200000,29.30533969497681,mean reversion or trend exit,26.208209484714747,1.1433063795604705,1.1575609179515838,1
DXCM,Health Care,rsi2,1750708800000,1750771800000,80.35015255737304,24,75.75499649047852,,1750858200000,87.50622805023194,mean reversion or trend exit,169.73153526132242,0.9642018306884764,1.0500747366027834,1
RTX,Industrials,rsi2,1750795200000,1750858200000,142.3511387786865,16,135.62700500488282,,1751290200000,145.4072557296753,mean reversion or trend exit,46.595804059754045,1.1388091102294922,1.1632580458374024,3
EBAY,Consumer Discretionary,rsi2,1750795200000,1750858200000,74.25711122131347,31,71.44000015258788,,1751376600000,74.75260591506958,mean reversion or trend exit,13.050684890825616,1.1509852239303586,1.1586653916835785,4
CF,Materials,rsi2,1750795200000,1750858200000,94.62729183197021,20,88.9890007019043,,1751376600000,91.82406774520875,mean reversion or trend exit,-57.928995331001,0.9462729183197021,0.9182406774520876,4
ULTA,Consumer Discretionary,rsi2,1750795200000,1750858200000,460.40009843444824,4,437.14198608398436,,1751376600000,468.1858034210205,mean reversion or trend exit,29.2856481425782,0.9208001968688965,0.936371606842041,4
MOS,Materials,rsi2,1750795200000,1750858200000,35.627805610656736,57,33.6590015411377,,1751376600000,36.411785305023194,mean reversion or trend exit,42.63371423779123,1.015392459903717,1.0377358811931612,4
MNST,Consumer Staples,rsi2,1751054400000,1751290200000,30.870427042007446,75,29.89149990081787,,1751376600000,31.399293415069582,mean reversion or trend exit,37.32986346251985,1.157641014075279,1.1774735030651093,1
EXE,Energy,rsi2,1751313600000,1751376600000,116.49822244262694,20,111.40570068359375,,1751400000000,111.34999783325196,stop,-105.24297439025834,1.1649822244262693,1.1134999783325197,1
MO,Consumer Staples,rsi2,1751313600000,1751376600000,58.94945816802978,39,56.93400115966797,,1751549400000,59.04046469497681,mean reversion or trend exit,1.248451055105686,1.1495144342765806,1.1512890615520477,2
MU,Information Technology,rsi2,1751400000000,1751463000000,120.56025,14,112.52599487304687,,1752067800000,124.75758969497682,mean reversion or trend exit,57.045530851810625,0.84392175,0.8733031278648378,4
AMD,Information Technology,rsi2,1751400000000,1751463000000,135.59776377868653,11,125.50700225830079,,1752067800000,138.62065744018557,mean reversion or trend exit,31.743628959785646,0.7457877007827759,0.7624136159210206,4
EXE,Energy,rsi2,1751400000000,1751463000000,112.20607652664184,16,105.37970123291015,,1752091200000,105.3270113822937,stop,-111.8053070128416,0.8976486122131347,0.8426160910583497,5
WM,Industrials,rsi2,1751486400000,1751549400000,224.62224950408935,10,216.43699798583984,,1752154200000,225.70709732055664,mean reversion or trend exit,8.596831430549653,1.1231112475204468,1.1285354866027832,4
EQT,Energy,rsi2,1751400000000,1751463000000,55.87792347335815,32,52.415001678466794,,1752499800000,55.42227576255799,mean reversion or trend exit,-16.36152993337992,0.8940467755737305,0.8867564122009278,7
LYV,Communication Services,rsi2,1752004800000,1752067800000,145.06250049591063,15,137.8169937133789,,1752586200000,147.98596755981447,mean reversion or trend exit,41.6541424481397,1.0879687537193297,1.1098947566986086,4
EXE,Energy,rsi2,1752091200000,1752154200000,104.99247244262695,18,98.84869689941407,,1752586200000,109.56519274520875,mean reversion or trend exit,80.37794645978188,0.9449322519836426,0.9860867347068787,3
DGX,Health Care,rsi2,1752004800000,1752067800000,173.64677755737304,13,166.3760025024414,,1752609600000,166.29281450119018,stop,-97.81112707875788,1.128704054122925,1.0809032942577361,5
MNST,Consumer Staples,rsi2,1752091200000,1752154200000,29.799892347335813,77,28.688500213623048,,1752845400000,29.755115457534792,mean reversion or trend exit,-5.740688315166136,1.1472958553724288,1.1455719451150894,6
STE,Health Care,rsi2,1752264000000,1752499800000,227.21355610656738,10,220.43299255371093,,1752845400000,225.40724427032472,mean reversion or trend exit,-20.326222364311025,1.136067780532837,1.1270362213516236,4
CTVA,Materials,rsi2,1752523200000,1752586200000,73.40668774795532,31,70.54640045166016,,1752845400000,73.10342938995362,mean reversion or trend exit,-11.671915913690258,1.1378036600933075,1.133103155544281,3
AIG,Financials,rsi2,1752523200000,1752586200000,81.43069438934326,28,78.89299926757812,,1753104600000,81.28933683013916,mean reversion or trend exit,-6.236092094787432,1.1400297214508057,1.1380507156219484,4
LIN,Materials,rsi2,1752609600000,1752672600000,460.73024999999996,5,448.70900573730466,,1753104600000,464.7775047607422,mean reversion or trend exit,17.922504416809385,1.151825625,1.1619437619018553,3
IDXX,Health Care,rsi2,1752782400000,1752845400000,523.3115127868653,4,498.9540191650391,,1753191000000,522.7884627990722,mean reversion or trend exit,-4.1843999023438805,1.0466230255737305,1.0455769255981444,2
UBER,Industrials,rsi2,1752782400000,1752845400000,90.84540305328369,19,84.92299728393554,,1753191000000,91.43426335525513,mean reversion or trend exit,9.45668890657618,0.8630313290061951,0.8686255018749237,2
TXN,Information Technology,rsi2,1753128000000,1753191000000,214.14701328277587,10,206.9100112915039,,1753277400000,194.80254389953615,stop gap,-195.48944161830883,1.0707350664138795,0.9740127194976808,1
WYNN,Consumer Discretionary,rsi2,1752868800000,1753104600000,107.2535969467163,19,101.33799743652344,,1753363800000,108.59567652511598,mean reversion or trend exit,23.44894389161145,1.018909170993805,1.0316589269886016,3
LVS,Consumer Discretionary,rsi2,1753128000000,1753191000000,48.47422576332092,45,46.02099952697754,,1753363800000,51.24436545753479,mean reversion or trend exit,122.41261793715476,1.0906700796747206,1.1529982227945328,2
CVS,Health Care,rsi2,1752782400000,1752845400000,63.38167347335815,36,60.56199913024902,,1753387200000,60.5317181306839,stop,-104.82883338514574,1.1408701225204467,1.0895709263523101,5
CAH,Health Care,rsi2,1753214400000,1753277400000,157.5587357254028,14,151.10100402832032,,1753450200000,158.21084828948975,mean reversion or trend exit,6.919188809112833,1.1029111500778197,1.107475938026428,2
AXON,Industrials,rsi2,1753300800000,1753363800000,705.5725806884765,2,650.024951171875,,1753709400000,739.9898053588868,mean reversion or trend exit,67.38888695477321,0.7055725806884765,0.7399898053588868,2
MMM,Industrials,rsi2,1753387200000,1753450200000,150.075,13,141.82600860595704,,1753709400000,150.52470610046387,mean reversion or trend exit,3.892281216377492,0.9754875,0.9784105896530152,1
AMAT,Information Technology,rsi2,1752868800000,1753104600000,190.88538828277586,11,181.1230026245117,,1753795800000,191.52418511962892,mean reversion or trend exit,4.923512551670442,1.0498696355552672,1.053383018157959,6
ADI,Information Technology,rsi2,1753300800000,1753363800000,228.58423622131346,10,218.1750030517578,,1753795800000,231.8640057296753,mean reversion or trend exit,30.49545387386358,1.1429211811065674,1.1593200286483767,3
HAS,Consumer Discretionary,rsi2,1753473600000,1753709400000,75.75786122131348,23,71.03300170898437,,1753795800000,76.41177194976807,mean reversion or trend exit,13.289995972988148,0.871215404045105,0.8787353774223329,1
PM,Consumer Staples,rsi2,1753473600000,1753709400000,159.67980610656738,14,152.38499603271484,,1753882200000,162.38876622009278,mean reversion or trend exit,35.67096158306888,1.1177586427459716,1.1367213635406495,2
LUV,Industrials,rsi2,1753732800000,1753795800000,32.666326526641846,46,30.23100128173828,,1753882200000,31.34432061004639,mean reversion or trend exit,-62.284517047534905,0.7513255101127625,0.720919374031067,1
COR,Health Care,rsi2,1753732800000,1753795800000,285.6327352294922,8,275.3580078125,,1753968600000,290.7245601196289,mean reversion or trend exit,38.42916993969716,1.142530940917969,1.1628982404785155,2
KR,Consumer Staples,rsi2,1753732800000,1753795800000,69.63479847335815,33,66.50200042724609,,1754055000000,70.46475000000001,mean reversion or trend exit,25.076757829371097,1.1489741748104094,1.1626683750000002,3
PNC,Financials,rsi2,1753819200000,1753882200000,195.11751427459717,11,186.4679977416992,,1754078400000,186.37476374282838,stop,-98.26846337855255,1.0731463285102845,1.025061200585556,3
TXT,Industrials,rsi2,1753819200000,1753882200000,78.52924286270141,25,74.0270004272461,,1754314200000,77.33131774520875,mean reversion or trend exit,-31.896384944915347,0.9816155357837677,0.9666414718151094,3
FTNT,Information Technology,rsi2,1753992000000,1754055000000,99.42968725204467,19,93.51800231933593,,1754314200000,97.77108969497681,mean reversion or trend exit,-33.38676096528612,0.9445820288944244,0.9288253521022797,1
TTWO,Communication Services,rsi2,1753387200000,1753450200000,226.113,10,216.4939971923828,,1754400600000,226.06690267944336,mean reversion or trend exit,-2.721872718963621,1.130565,1.130334513397217,7
AMT,Real Estate,rsi2,1753905600000,1753968600000,207.32361122131346,11,199.49100036621093,,1754400600000,212.15386450958252,mean reversion or trend exit,50.82566005443976,1.140279861717224,1.1668462548027039,3
FAST,Industrials,rsi2,1754337600000,1754400600000,45.45271530532837,50,43.56500015258789,,1754573400000,47.35631106758118,mean reversion or trend exit,92.85956245331792,1.1363178826332092,1.1839077766895296,2
LII,Industrials,rsi2,1754337600000,1754400600000,600.2699556884766,3,563.5299682617188,,1754573400000,598.9203607177735,mean reversion or trend exit,-5.8475703867184885,0.9004049335327149,0.8983805410766603,2
GEN,Information Technology,rsi2,1754078400000,1754314200000,28.834409694671628,79,27.719000816345215,,1754919000000,30.534724237442017,mean reversion or trend exit,131.97976808854227,1.1389591829395294,1.2061216073789596,5
BAC,Financials,rsi2,1754078400000,1754314200000,45.98297908401489,49,43.83199882507324,,1754919000000,46.03697137260437,mean reversion or trend exit,0.3911333546971909,1.126582987558365,1.1279057986288072,5
TKO,Communication Services,rsi2,1754510400000,1754573400000,157.82887499999998,10,147.0030044555664,,1754919000000,164.12790171051026,mean reversion or trend exit,61.38048322155021,0.7891443749999999,0.8206395085525513,2
HSY,Consumer Staples,rsi2,1754683200000,1754919000000,184.7223198852539,11,174.36300201416014,,1754942400000,174.27582051315306,stop,-116.88598286530053,1.0159727593688965,0.9585170128223418,1
RF,Financials,rsi2,1754078400000,1754314200000,25.03251045799255,88,23.7649995803833,,1755091800000,25.497245228767397,mean reversion or trend exit,38.67335057796906,1.1014304601516722,1.1218787900657656,7
PWR,Industrials,rsi2,1754510400000,1754573400000,390.0149173278808,4,364.93500061035155,,1755091800000,393.533145980835,mean reversion or trend exit,12.505818485199281,0.7800298346557617,0.78706629196167,4
EMR,Industrials,rsi2,1754683200000,1754919000000,133.04648572540282,15,125.83700027465821,,1755091800000,133.43325000000002,mean reversion or trend exit,3.802866101017445,0.9978486429405211,1.000749375,2
WMB,Energy,rsi2,1754683200000,1754919000000,57.99898622131347,40,55.14499969482422,,1755264600000,57.7411154575348,mean reversion or trend exit,-12.62963258472402,1.1599797244262695,1.154822309150696,4
HSY,Consumer Staples,rsi2,1754942400000,1755005400000,176.338125,9,164.73399658203124,,1755264600000,180.8895057296753,mean reversion or trend exit,39.35490222879431,0.7935215624999999,0.814002775783539,3
CSGP,Real Estate,rsi2,1755028800000,1755091800000,89.19457652664184,22,84.1140007019043,,1755523800000,89.22536164474488,mean reversion or trend exit,-1.2853467216183723,0.9811403417930602,0.9814789780921936,3
ED,Utilities,rsi2,1755288000000,1755523800000,100.90042347335815,23,97.29199523925782,,1755610200000,99.83005725479127,mean reversion or trend exit,-26.926823555411836,1.1603548699436188,1.1480456584300995,1
ICE,Financials,rsi2,1755028800000,1755091800000,183.7418188934326,12,177.475,,1755633600000,177.38626250000002,stop,-78.43344520955155,1.1024509133605958,1.064317575,5
WELL,Real Estate,rsi2,1755028800000,1755091800000,165.34262450408934,14,158.90399627685548,,1755696600000,164.37777671051026,mean reversion or trend exit,-15.815911918609348,1.1573983715286253,1.1506444369735718,5
KR,Consumer Staples,rsi2,1755201600000,1755264600000,68.95445816802979,33,66.09700393676758,,1755696600000,70.63466316986084,mean reversion or trend exit,53.14354455834963,1.1377485597724915,1.1654719423027038,3
BR,Industrials,rsi2,1755201600000,1755264600000,259.4296377868652,9,247.20501098632812,,1755696600000,263.6081202392578,mean reversion or trend exit,35.25267216041572,1.1674333700408934,1.1862365410766602,3
BG,Consumer Staples,rsi2,1755633600000,1755696600000,80.69032652664184,20,75.14900360107421,,1755783000000,82.28883683013916,mean reversion or trend exit,30.340414436378605,0.8069032652664184,0.8228883683013917,1
NDAQ,Financials,rsi2,1755547200000,1755610200000,94.25710408401488,24,91.12199783325195,,1756128600000,94.57269274520874,mean reversion or trend exit,5.308170306701884,1.1310852490081786,1.134872312942505,4
JBL,Information Technology,rsi2,1755633600000,1755696600000,205.2225551147461,8,191.39800415039062,,1756128600000,210.1248807296753,mean reversion or trend exit,37.55721517605612,0.8208902204589844,0.8404995229187012,3
KKR,Financials,rsi2,1755633600000,1755696600000,138.6192780532837,14,130.64299468994142,,1756128600000,141.20935877990723,mean reversion or trend exit,34.302329714897226,0.9703349463729859,0.9884655114593507,3
CSX,Industrials,rsi2,1755892800000,1756128600000,34.807395915985104,57,32.786001968383786,,1756152000000,32.7696089673996,stop,-118.0798007085503,0.9920107836055755,0.9339338555708886,1
AVGO,Information Technology,rsi2,1755633600000,1755696600000,295.6077214508056,5,276.0589935302734,,1756215000000,294.20283110046387,mean reversion or trend exit,-8.49897813308697,0.7390193036270141,0.7355070777511596,4
CEG,Utilities,rsi2,1755720000000,1755783000000,315.1375009918213,4,289.7904876708984,,1756301400000,316.1918311004639,mean reversion or trend exit,2.95466177038584,0.6302750019836426,0.6323836622009278,4
CTAS,Industrials,rsi2,1756152000000,1756215000000,211.90590305328368,11,204.99100341796876,,1756474200000,208.65561450958253,mean reversion or trend exit,-38.066262327308365,1.1654824667930603,1.1476058798027038,3
MNST,Consumer Staples,rsi2,1755892800000,1756128600000,31.33565969467163,75,29.87349967956543,,1756819800000,31.209387881278992,mean reversion or trend exit,-11.815825288545978,1.1750872385501863,1.1703520455479623,5
CASY,Consumer Staples,rsi2,1756152000000,1756215000000,499.1694734344482,4,479.5229766845703,,1756906200000,497.32122232055667,mean reversion or trend exit,-9.385985847076153,0.9983389468688965,0.9946424446411134,5
CSX,Industrials,rsi2,1756238400000,1756301400000,32.29613877868652,62,30.476000213623045,,1756906200000,32.13392652511597,mean reversion or trend exit,-12.054491745792069,1.001180302139282,0.996151722278595,4
NEE,Utilities,rsi2,1756411200000,1756474200000,72.43620152664184,31,68.81899566650391,,1757079000000,71.214375,mean reversion or trend exit,-40.10320626205981,1.1227611236629484,1.1038228125,4
EBAY,Consumer Discretionary,rsi2,1756843200000,1756906200000,88.98447244262695,26,85.43800048828125,,1757079000000,93.17339122009278,mean reversion or trend exit,106.54383598649622,1.1567981417541504,1.2112540858612062,2
GILD,Health Care,rsi2,1755892800000,1756128600000,114.96745866394042,19,109.00299682617188,,1757338200000,114.6226603050232,mean reversion or trend exit,-8.732274949632274,1.0921908573074341,1.0889152728977203,9
GEN,Information Technology,rsi2,1756843200000,1756906200000,29.40469438934326,78,28.037000465393067,,1757424600000,30.1549150762558,mean reversion or trend exit,56.19438881001988,1.146783081184387,1.1760416879739761,4
NTRS,Financials,rsi2,1757102400000,1757338200000,127.52372908401489,18,122.3819953918457,,1757511000000,128.53570610046387,mean reversion or trend exit,15.911051379421345,1.147713561756134,1.1568213549041748,2
EXC,Utilities,rsi2,1756497600000,1756819800000,43.65181606864929,53,42.38400077819824,,1757597400000,43.228375,mean reversion or trend exit,-24.74470170173154,1.1567731258192062,1.1455519374999998,7
AEP,Utilities,rsi2,1757016000000,1757079000000,109.05449999999999,21,105.66799850463867,,1757597400000,108.28582633972168,mean reversion or trend exit,-18.424220292411587,1.14507225,1.1370011765670778,4
ICE,Financials,rsi2,1757016000000,1757079000000,175.22756938934324,13,169.5560073852539,,1757683800000,175.5321851196289,mean reversion or trend exit,1.6800660894052786,1.1389792010307311,1.140959203277588,5
RTX,Industrials,rsi2,1757448000000,1757511000000,152.076,15,146.9720001220703,,1757683800000,157.67112500000002,mean reversion or trend exit,81.60377156250037,1.1405699999999999,1.1825334375000003,2
VTRS,Health Care,rsi2,1757620800000,1757683800000,10.095045152664184,232,9.732000064849853,,1757943000000,9.9550200381279,mean reversion or trend exit,-34.81163413454979,1.1710252377090453,1.1547823244228363,1
MGM,Consumer Discretionary,rsi2,1757361600000,1757424600000,36.11804847335815,60,34.254001998901366,,1758029400000,35.5722051525116,mean reversion or trend exit,-34.90130685956913,1.0835414542007444,1.067166154575348,5
MCD,Consumer Discretionary,rsi2,1757534400000,1757597400000,306.38312599182126,7,297.731005859375,,1758029400000,303.34825,mean reversion or trend exit,-23.378191758720142,1.0723409409713744,1.061718875,3
BSX,Health Care,rsi2,1757707200000,1757943000000,102.86140255737304,22,99.02699737548828,,1758029400000,99.52021469497681,mean reversion or trend exit,-75.7323307624928,1.1314754281311035,1.094722361644745,1
EW,Health Care,rsi2,1757534400000,1757597400000,78.27911786270141,29,75.43600006103516,,1758052800000,75.39828206100465,stop,-85.77256054809983,1.1350472090091706,1.0932750898845676,4
BG,Consumer Staples,rsi2,1757966400000,1758029400000,80.5802709159851,23,75.83100509643555,,1758115800000,83.3882853050232,mean reversion or trend exit,62.69869255133486,0.9266731155338287,0.9589652810077669,1
TROW,Financials,rsi2,1757966400000,1758029400000,104.27211122131347,21,99.06399688720703,,1758202200000,105.43725286483765,mean reversion or trend exit,22.266026191103194,1.0948571678237913,1.1070911550807954,2
BA,Industrials,rsi2,1757620800000,1757683800000,219.99994438934326,10,209.15200500488282,,1758288600000,217.62113072967531,mean reversion or trend exit,-25.9762419722745,1.0999997219467164,1.0881056536483766,5
DAL,Industrials,rsi2,1757966400000,1758029400000,58.50923954200744,28,54.58699836730957,,1758288600000,59.77009923744202,mean reversion or trend exit,33.64816072925583,0.8191293535881042,0.8367813893241882,3
EW,Health Care,rsi2,1758052800000,1758115800000,75.45770816802978,30,72.08599624633788,,1758288600000,74.42276908493042,mean reversion or trend exit,-33.2963796517752,1.1318656225204469,1.1163415362739564,2
VICI,Real Estate,rsi2,1758052800000,1758115800000,32.71635076332092,70,31.81860008239746,,1758312000000,31.80269078235626,stop,-66.21436512162462,1.1450722767162322,1.1130941773824692,3
HUM,Health Care,rsi2,1758225600000,1758288600000,263.82184744262696,6,245.13198547363282,,1758547800000,250.67460305023195,mean reversion or trend exit,-80.42695570584864,0.7914655423278809,0.7520238091506958,1
VICI,Real Estate,rsi2,1758312000000,1758547800000,31.93596007633209,71,31.018600463867188,,1758634200000,31.414285305023196,mean reversion or trend exit,-39.287842473969654,1.1337265827097893,1.1152071283283236,1
BR,Industrials,rsi2,1758312000000,1758547800000,241.5807367172241,9,233.2350051879883,,1758720600000,238.1108807296753,mean reversion or trend exit,-33.387316166450354,1.0871133152275085,1.0714989632835388,2
KIM,Real Estate,rsi2,1758139200000,1758202200000,21.96097576332092,105,21.287000465393067,,1758807000000,21.629179389953613,mean reversion or trend exit,-37.1271023491142,1.1529512275743485,1.1355319179725647,5
NKE,Consumer Discretionary,rsi2,1758225600000,1758288600000,72.04600713729857,32,68.7509979248047,,1758893400000,69.34530725479127,mean reversion or trend exit,-88.6846572705073,1.1527361141967771,1.1095249160766603,5
LEN,Consumer Discretionary,rsi2,1758571200000,1758634200000,122.52122908401489,12,113.89800262451172,,1759152600000,127.37628244018555,mean reversion or trend exit,56.76125520490268,0.7351273745040894,0.7642576946411133,4
LYV,Communication Services,rsi2,1758225600000,1758288600000,164.73231889343262,14,157.9449935913086,,1759239000000,165.18736927032472,mean reversion or trend exit,4.061267459343145,1.1531262322540283,1.156311584892273,7
BIIB,Health Care,rsi2,1758657600000,1758720600000,138.58926427459716,14,131.05899505615236,,1759239000000,138.39077671051027,mean reversion or trend exit,-4.7176861841122015,0.9701248499221802,0.9687354369735719,4
LOW,Consumer Discretionary,rsi2,1758830400000,1758893400000,255.73780561065672,8,247.04899139404296,,1759348800000,246.92546689834595,stop,-72.50936278852222,1.022951222442627,0.9877018675933839,4
PODD,Health Care,rsi2,1759176000000,1759239000000,311.5657086639404,5,289.7139953613281,,1759348800000,289.5691383636475,stop,-111.4856886190337,0.778914271659851,0.7239228459091187,2
T,Communication Services,rsi2,1758744000000,1758807000000,28.514249999999997,79,27.331999588012696,,1759435200000,27.318333588218692,stop,-96.6827835824577,1.1263128749999998,1.0790741767346383,6
NTAP,Information Technology,rsi2,1759176000000,1759239000000,118.42918774795531,18,113.58299942016602,,1759498200000,119.83005438995362,mean reversion or trend exit,23.07126637672832,1.065862689731598,1.0784704895095827,3
PODD,Health Care,rsi2,1759348800000,1759411800000,304.51216534423827,5,284.2670135498047,,1759498200000,312.0838702392578,mean reversion or trend exit,36.31703438613894,0.7612804133605957,0.7802096755981445,1
BEN,Financials,rsi2,1758916800000,1759152600000,23.46172576332092,96,22.357000160217286,,1759757400000,23.758115457534792,mean reversion or trend exit,26.18685826593061,1.1261628366394043,1.14038954196167,5
NFLX,Communication Services,rsi2,1759435200000,1759498200000,116.55824999999999,18,110.743798828125,,1759930200000,119.65114303588868,mean reversion or trend exit,53.54619010867347,1.04902425,1.0768602873229982,3
META,Communication Services,rsi2,1759348800000,1759411800000,722.9413070983886,2,684.4920349121094,,1760016600000,717.9208892822267,mean reversion or trend exit,-11.481697828704547,0.7229413070983887,0.7179208892822266,5
LOW,Consumer Discretionary,rsi2,1759867200000,1759930200000,239.52970866394043,9,231.5139923095703,,1760016600000,237.48120610046388,mean reversion or trend exit,-20.58307218772874,1.077883688987732,1.0686654274520875,1
HD,Consumer Discretionary,rsi2,1759435200000,1759498200000,394.3270698852539,5,382.5480102539062,,1760040000000,382.35673624877927,stop,-61.79337769770811,0.9858176747131348,0.9558918406219482,5
GL,Financials,rsi2,1759521600000,1759757400000,136.4882081680298,16,132.4770034790039,,1760103000000,136.6716354904175,mean reversion or trend exit,0.7495584089356304,1.0919056653442383,1.09337308392334,4
BX,Financials,rsi2,1759435200000,1759498200000,167.39365255737303,10,157.00699920654296,,1760126400000,156.92849570693969,stop,-106.27317924565502,0.8369682627868651,0.7846424785346984,6
ORLY,Consumer Discretionary,rsi2,1760040000000,1760103000000,99.96995816802978,22,96.02499847412109,,1760362200000,101.76908969497681,mean reversion or trend exit,37.36176406634173,1.0996695398483276,1.119459986644745,1
LYV,Communication Services,rsi2,1759953600000,1760016600000,149.57475,14,141.96599578857422,,1760448600000,152.77358110046387,mean reversion or trend exit,42.667197088791035,1.04702325,1.0694150677032472,3
VRSN,Information Technology,rsi2,1759953600000,1760016600000,268.07397244262694,8,257.72101440429685,,1760535000000,264.8775047607422,mean reversion or trend exit,-27.703547363891175,1.0722958897705077,1.059510019042969,4
PSX,Energy,rsi2,1760126400000,1760362200000,128.064,13,119.90200271606446,,1760535000000,131.85403816986084,mean reversion or trend exit,47.581028960086954,0.8324159999999999,0.8570512481040955,2
WELL,Real Estate,rsi2,1760126400000,1760362200000,165.64277755737305,13,160.07799835205077,,1760535000000,168.9155,mean reversion or trend exit,40.37076295002752,1.0766780541229248,1.09795075,2
IBM,Information Technology,rsi2,1760472000000,1760535000000,278.5191948852539,6,261.5929870605469,,1760621400000,280.9694303588867,mean reversion or trend exit,13.022946966064389,0.8355575846557618,0.8429082910766601,1
ES,Utilities,rsi2,1760472000000,1760535000000,71.13554847335816,30,67.52299575805664,,1760621400000,72.10392938995362,mean reversion or trend exit,26.90283532991425,1.0670332271003724,1.0815589408493043,1
FAST,Industrials,rsi2,1760385600000,1760448600000,41.94095816802978,52,40.14600257873535,,1760707800000,41.87905152511597,mean reversion or trend exit,-5.398465683539989,1.0904649123687744,1.0888553396530152,3
FOX,Communication Services,rsi2,1760040000000,1760103000000,53.136555610656735,34,49.99749946594238,,1760967000000,52.18389408493042,mean reversion or trend exit,-34.18093951951963,0.9033214453811645,0.8871261994438172,6
ABBV,Health Care,rsi2,1760472000000,1760535000000,227.3135969467163,9,219.12799987792968,,1760967000000,230.8845,mean reversion or trend exit,30.07623604329308,1.0229111862602234,1.03898025,3
CINF,Financials,rsi2,1760644800000,1760707800000,151.79586122131346,14,145.71299896240234,,1761053400000,153.98296755981445,mean reversion or trend exit,28.479036937546052,1.062571028549194,1.0778807729187012,2
NFLX,Communication Services,rsi2,1760644800000,1760707800000,118.41918061065674,18,113.07100296020508,,1761053400000,124.22085563278199,mean reversion or trend exit,102.24639007206359,1.0657726254959108,1.1179877006950378,2
NOC,Industrials,rsi2,1760731200000,1760967000000,599.9598031311035,3,571.6530090332031,,1761076800000,571.3671825286866,stop,-87.53485228574039,0.8999397046966553,0.85705077379303,2
ULTA,Consumer Discretionary,rsi2,1760558400000,1760621400000,539.1594596557617,3,511.7349914550781,,1761163200000,511.4791239593506,stop,-84.6169649646559,0.8087391894836425,0.767218685939026,5
IBKR,Financials,rsi2,1760731200000,1760967000000,67.41368725204467,17,61.23300437927246,,1761312600000,68.12592366027832,mean reversion or trend exit,10.95593224721731,0.5730163416423797,0.5790703511123656,4
P,Information Technology,rsi2,1761076800000,1761139800000,91.3356459159851,14,83.71990051269532,,1761312600000,95.21237213516235,mean reversion or trend exit,52.96833094212357,0.6393495214118957,0.6664866049461365,2
BLK,Financials,rsi2,1761076800000,1761139800000,1130.06475,1,1070.6329956054688,,1761571800000,1145.8168196411134,mean reversion or trend exit,14.614128856292838,0.565032375,0.5729084098205567,3
SO,Utilities,rsi2,1761076800000,1761139800000,97.02849335861205,22,94.27700119018554,,1761681600000,94.22986268959046,stop,-63.673716635005235,1.0673134269447326,1.036528489585495,5
PHM,Consumer Discretionary,rsi2,1761163200000,1761226200000,120.62027755737304,13,112.41299896240234,,1761744600000,119.20037213516235,mean reversion or trend exit,-20.017604711740443,0.7840318041229248,0.7748024188785553,4
HSY,Consumer Staples,rsi2,1761249600000,1761312600000,182.9914438934326,10,172.73199920654298,,1761831000000,172.0439398803711,stop gap,-111.25021704948392,0.914957219467163,0.8602196994018556,4
NSC,Industrials,rsi2,1761336000000,1761571800000,282.0909872131347,7,272.0050079345703,,1761917400000,280.26979866027835,mean reversion or trend exit,-14.716582620551534,0.9873184552459716,0.9809442953109743,4
SO,Utilities,rsi2,1761768000000,1761831000000,93.10652755737304,23,90.58100204467773,,1761917400000,94.43276335525513,mean reversion or trend exit,28.346721505792882,1.07072506690979,1.085976778585434,1
CASY,Consumer Staples,rsi2,1761249600000,1761312600000,536.0879173278809,4,510.35902099609376,,1761940800000,510.10384148559575,stop,-106.02868688676739,1.0721758346557617,1.0202076829711915,6
RMD,Health Care,rsi2,1761681600000,1761744600000,256.59823622131347,8,245.20500793457032,,1761940800000,245.08240543060305,stop,-94.13336889229107,1.026392944885254,0.9803296217224122,3
RJF,Financials,rsi2,1761854400000,1761917400000,158.0389867172241,12,149.52400665283204,,1762266600000,158.06092938995363,mean reversion or trend exit,-1.6332874238887918,0.9482339203033446,0.9483655763397217,2
DTE,Utilities,rsi2,1761940800000,1762180200000,134.95744438934327,15,131.30699615478517,,1762266600000,134.7026192703247,mean reversion or trend exit,-5.844827262725946,1.0121808329200745,1.0102696445274353,1
WMT,Consumer Staples,rsi2,1761854400000,1761917400000,101.75084694671631,21,98.006005859375,,1762353000000,101.68912786483766,mean reversion or trend exit,-3.4322204549729607,1.0683838929405214,1.0677358425807955,3
TPR,Consumer Discretionary,rsi2,1761940800000,1762180200000,109.2545969467163,17,103.29200134277343,,1762439400000,94.55269847488404,stop gap,-251.6646360322321,0.9286640740470886,0.8036979370365144,3
AES,Utilities,rsi2,1762290000000,1762353000000,13.486739542007445,116,12.587999439239502,,1762439400000,14.342825381278992,mean reversion or trend exit,97.6918425899488,0.7822308934364319,0.8318838721141815,1
BLK,Financials,rsi2,1762203600000,1762266600000,1061.5304999999998,2,1013.2099487304688,,1762785000000,1087.1362136840821,mean reversion or trend exit,49.06276065448046,1.0615305,1.087136213684082,4
LEN,Consumer Discretionary,rsi2,1762203600000,1762266600000,120.72033366394042,14,113.33999710083008,,1762785000000,121.38927194976807,mean reversion or trend exit,7.670368762291143,0.8450423356475829,0.8497249036483766,4
URI,Industrials,rsi2,1761681600000,1761744600000,882.6811102294921,1,818.6159729003906,,1762871400000,852.0937595214845,mean reversion or trend exit,-31.454738142883137,0.44134055511474607,0.42604687976074224,9
IQV,Health Care,rsi2,1762376400000,1762439400000,210.105,8,197.61699523925782,,1762871400000,214.30279866027834,mean reversion or trend exit,31.8847580875857,0.84042,0.8572111946411134,3
MSFT,Information Technology,rsi2,1762549200000,1762785000000,500.2900285491943,4,477.9119934082031,,1762871400000,504.5475877990723,mean reversion or trend exit,15.020561766815465,1.0005800570983887,1.0090951755981445,1
ADM,Consumer Staples,rsi2,1762376400000,1762439400000,56.15806606864929,25,52.13799934387207,,1762957800000,57.14141316986084,mean reversion or trend exit,23.16743403980736,0.7019758258581161,0.7142676646232605,4
DHR,Health Care,rsi2,1762549200000,1762785000000,208.97443011474607,9,198.1229995727539,,1762957800000,215.52218988037112,mean reversion or trend exit,57.01960310064738,0.9403849355163574,0.96984985446167,2
DHI,Consumer Discretionary,rsi2,1762808400000,1762871400000,145.83287450408935,10,135.71900634765626,,1762957800000,146.42675,mean reversion or trend exit,4.477456836586072,0.7291643725204467,0.73213375,1
NUE,Materials,rsi2,1762808400000,1762871400000,143.0715,10,133.36800384521484,,1763044200000,148.93548950958254,mean reversion or trend exit,57.179860148277605,0.7153575,0.7446774475479128,2
IRM,Real Estate,rsi2,1762981200000,1763044200000,97.38866633605957,19,91.89199752807617,,1763067600000,91.84605152931213,stop,-107.10741114792235,0.925192330192566,0.8725374895284652,1
NOC,Industrials,rsi2,1762808400000,1762871400000,564.7622204589843,3,537.502978515625,,1763476200000,564.7175000000001,mean reversion or trend exit,-1.828380957641124,0.8471433306884765,0.8470762500000001,5
NTAP,Information Technology,rsi2,1762894800000,1762957800000,111.0555,16,104.54999771118165,,1763672400000,104.49772271232607,stop,-106.64886238448148,0.888444,0.8359817816986086,7
TT,Industrials,rsi2,1762894800000,1762957800000,423.3415698852539,4,397.8650177001953,,1763735400000,402.4886574401856,mean reversion or trend exit,-85.06331023492402,0.8466831397705078,0.8049773148803712,7
BBY,Consumer Discretionary,rsi2,1763067600000,1763130600000,77.19858366394043,20,72.03800201416016,,1763994600000,76.92151908493042,mean reversion or trend exit,-7.082492607688747,0.7719858366394043,0.7692151908493042,6
XYL,Industrials,rsi2,1763413200000,1763476200000,140.36013828277586,15,135.37000579833983,,1763994600000,140.31980438995362,mean reversion or trend exit,-2.7101079623791726,1.052701037120819,1.0523985329246521,4
ETR,Utilities,rsi2,1763067600000,1763130600000,94.3371459159851,22,90.86399765014649,,1764081000000,95.75210305023194,mean reversion or trend exit,29.03807521480195,1.0377086050758362,1.0532731335525514,7
JCI,Industrials,rsi2,1763672400000,1763735400000,113.11652755737305,16,106.73699645996093,,1764081000000,114.70262213516236,mean reversion or trend exit,23.554960047088688,0.9049322204589844,0.9176209770812989,2
AMZN,Consumer Discretionary,rsi2,1763672400000,1763735400000,216.45818110656737,6,201.33200073242188,,1764081000000,226.2668148803711,mean reversion or trend exit,57.52362765486159,0.6493745433197021,0.6788004446411132,2
MSFT,Information Technology,rsi2,1763758800000,1763994600000,475.23749999999995,3,447.4349792480469,,1764340200000,487.3562061004639,mean reversion or trend exit,34.912227742241164,0.71285625,0.7310343091506959,3
LHX,Industrials,rsi2,1763758800000,1763994600000,276.138,7,263.8419982910156,,1764599400000,276.0019446411133,mean reversion or trend exit,-2.884877318450552,0.966483,0.9660068062438966,4
XOM,Energy,rsi2,1764018000000,1764081000000,115.23759030532837,18,111.56800155639648,,1764599400000,116.04194847488404,mean reversion or trend exit,12.396931202980142,1.0371383127479554,1.0443775362739565,3
WEC,Utilities,rsi2,1764622800000,1764685800000,109.64479133605957,19,106.28099746704102,,1764772200000,108.07593225479127,mean reversion or trend exit,-31.87666941821079,1.041625517692566,1.026721356420517,1
XYL,Industrials,rsi2,1764622800000,1764685800000,139.9699438934326,15,134.13500366210937,,1764858600000,140.71959828948977,mean reversion or trend exit,9.13964437448559,1.0497745792007445,1.0553969871711735,2
WRB,Financials,rsi2,1764622800000,1764685800000,72.5762709159851,29,70.19600372314453,,1764945000000,68.00598091506959,stop gap,-134.57685267810035,1.0523559282817843,0.986086723268509,3
INCY,Health Care,rsi2,1764622800000,1764685800000,102.46120866394043,13,94.9140007019043,,1765204200000,100.07993225479126,mean reversion or trend exit,-32.273110734910915,0.6659978563156128,0.6505195596561432,4
AIZ,Financials,rsi2,1764709200000,1764772200000,221.5106938934326,9,212.4159942626953,,1765463400000,222.41873377990723,mean reversion or trend exit,6.174676553741603,0.9967981225204466,1.0008843020095826,6
LH,Health Care,rsi2,1764968400000,1765204200000,257.82886221313476,8,246.92401428222655,,1765463400000,262.3287614593506,mean reversion or trend exit,33.918563475036606,1.0313154488525391,1.0493150458374023,3
DGX,Health Care,rsi2,1764622800000,1764685800000,183.89190305328367,11,175.5570083618164,,1765549800000,182.06892366027833,mean reversion or trend exit,-22.065557869983337,1.0114054667930603,1.0013790801315308,8
HSY,Consumer Staples,rsi2,1764795600000,1764858600000,182.08100049591064,10,172.4740020751953,,1765549800000,181.94897328948974,mean reversion or trend exit,-3.1404219331360093,0.9104050024795532,0.9097448664474487,6
HIG,Financials,rsi2,1764882000000,1764945000000,131.56574999999998,16,127.66499938964844,,1765549800000,135.72209828948976,mean reversion or trend exit,64.36326984552063,1.0525259999999999,1.0857767863159182,5
TRV,Financials,rsi2,1765400400000,1765463400000,279.63975,7,269.2970001220703,,1765549800000,284.38773377990725,mean reversion or trend exit,31.261790266121135,0.9787391249999999,0.9953570682296754,1
XEL,Utilities,rsi2,1765400400000,1765463400000,74.71734030532836,28,72.00100173950196,,1765895400000,75.712125,mean reversion or trend exit,25.747958936531234,1.0460427642745973,1.05996975,3
WELL,Real Estate,rsi2,1765486800000,1765549800000,186.2230698852539,10,176.60000457763672,,1765895400000,190.4947013397217,mean reversion or trend exit,40.832725688553204,0.9311153494262694,0.9524735066986085,2
FE,Utilities,rsi2,1765486800000,1765549800000,44.20209030532837,48,42.589002227783205,,1765895400000,44.47775,mean reversion or trend exit,11.103349176910427,1.060850167327881,1.067466,2
ISRG,Health Care,rsi2,1765486800000,1765549800000,546.273,3,522.2439819335938,,1765895400000,558.7704627990723,mean reversion or trend exit,35.83482320301832,0.8194095,0.8381556941986085,2
EXE,Energy,rsi2,1765486800000,1765549800000,114.36715255737305,13,106.8613998413086,,1765918800000,106.80796914138794,stop,-99.70702269884829,0.7433864916229248,0.6942517994190216,3
EQT,Energy,rsi2,1765832400000,1765895400000,54.68732984733581,28,51.01299819946289,,1765981800000,53.66315362739563,mean reversion or trend exit,-30.193840926971294,0.7656226178627014,0.7512841507835388,1
MPC,Energy,rsi2,1765918800000,1765981800000,177.37863828277588,9,166.2719940185547,,1766154600000,168.30580438995364,mean reversion or trend exit,-83.2110850274275,0.7982038722724915,0.7573761197547914,2
DDOG,Information Technology,rsi2,1765832400000,1765895400000,140.79036122131347,11,131.7458053588867,,1766413800000,142.10890267944336,mean reversion or trend exit,12.94801008797458,0.7743469867172241,0.7815989647369385,4
CRWD,Information Technology,rsi2,1765832400000,1765895400000,121.68181269836425,11,112.2546257019043,,1766413800000,119.88502719497681,mean reversion or trend exit,-21.09325815667522,0.6692499698410034,0.6593676495723725,4
SOXX,ETF / index,rsi2,1765832400000,1765895400000,296.85834645080564,5,279.03301696777345,,1766413800000,306.576645980835,mean reversion or trend exit,47.08291016906768,0.742145866127014,0.7664416149520875,4
MS,Financials,rsi2,1766091600000,1766154600000,173.54673671722412,12,165.19900360107422,,1766413800000,177.5012013397217,mean reversion or trend exit,45.34728784162914,1.0412804203033448,1.0650072080383302,1
VLO,Energy,rsi2,1765918800000,1765981800000,163.47169438934324,8,151.0250030517578,,1766500200000,164.07792366027832,mean reversion or trend exit,3.539635695282108,0.653886777557373,0.6563116946411133,4
PHM,Consumer Discretionary,rsi2,1766178000000,1766413800000,119.85990305328369,14,112.772998046875,,1767018600000,118.00096755981446,mean reversion or trend exit,-27.690123002860943,0.8390193213729858,0.8260067729187013,4
DHI,Consumer Discretionary,rsi2,1766178000000,1766413800000,146.50320767211915,11,137.37399597167968,,1767018600000,145.97697805023193,mean reversion or trend exit,-7.39716686223225,0.8057676421966553,0.8028733792762757,4
PSX,Energy,rsi2,1766178000000,1766413800000,130.54523572540282,11,121.56900024414062,,1767105000000,128.99546755981447,mean reversion or trend exit,-18.47492368954051,0.7179987964897154,0.7094750715789796,5
WMT,Consumer Staples,rsi2,1766437200000,1766500200000,112.04599286270141,18,108.20699920654297,,1767105000000,111.83405438995362,mean reversion or trend exit,-5.829812934734104,1.0084139357643127,1.0065064895095825,4
PEP,Consumer Staples,rsi2,1766782800000,1767018600000,143.81187549591064,14,139.20299682617187,,1767191400000,143.75808683013918,mean reversion or trend exit,-2.7660310570828406,1.0066831284713746,1.0063066078109744,2
PLTR,Information Technology,rsi2,1767128400000,1767191400000,181.2205698852539,7,167.40219268798828,,1767387600000,167.3184915916443,stop,-98.53443477043639,0.6342719945983886,0.585614720570755,2
WYNN,Consumer Discretionary,rsi2,1767042000000,1767105000000,122.33113164138793,14,115.0849983215332,,1767623400000,121.65914122009278,mean reversion or trend exit,-11.115797808162451,0.8563179214897154,0.8516139885406494,3
KKR,Financials,rsi2,1766178000000,1766413800000,130.7653469467163,12,122.73300094604492,,1767709800000,134.38277194976808,mean reversion or trend exit,41.81821132324244,0.7845920816802978,0.8062966316986085,9
MDT,Health Care,rsi2,1766782800000,1767018600000,96.7883678627014,21,93.7449966430664,,1767709800000,98.01096755981446,mean reversion or trend exit,23.62920061743772,1.0162778625583648,1.0291151593780519,5
TSLA,Consumer Discretionary,rsi2,1767042000000,1767105000000,461.32054133605953,2,426.6800170898438,,1767709800000,446.15681488037114,mean reversion or trend exit,-31.234930267593214,0.46132054133605954,0.4461568148803712,4
AIG,Financials,rsi2,1767387600000,1767623400000,83.60177755737304,24,80.77499618530274,,1767709800000,79.65015744018555,stop gap,-96.79790603247042,1.0032213306884765,0.9558018892822266,1
AKAM,Information Technology,rsi2,1767387600000,1767623400000,85.10252755737304,24,81.14600067138672,,1767796200000,88.10592652511598,mean reversion or trend exit,70.00307377684067,1.0212303306884765,1.0572711183013916,2
GILD,Health Care,rsi2,1767646800000,1767709800000,118.27911122131347,17,113.02600173950195,,1767882600000,124.01796183013917,mean reversion or trend exit,95.50093522909955,1.0053724453811645,1.054152675556183,2
CSCO,Information Technology,rsi2,1767646800000,1767709800000,75.56776377868653,27,73.01100234985351,,1768228200000,72.87354866027833,stop gap,-74.7477659149473,1.020164811012268,0.9837929069137575,4
VTR,Real Estate,rsi2,1767646800000,1767709800000,76.18807652664184,27,73.59400253295898,,1768314600000,75.42226908493042,mean reversion or trend exit,-22.723540591964472,1.0285390331096649,1.0182006326465607,5
TKO,Communication Services,rsi2,1767646800000,1767709800000,203.7518188934326,9,193.38399810791014,,1768401000000,206.66661927032473,mean reversion or trend exit,24.386320420292147,0.9168831850204467,0.9299997867164612,6
AAPL,Information Technology,rsi2,1767733200000,1767796200000,263.33161221313475,7,254.1129943847656,,1768401000000,259.36024523925784,mean reversion or trend exit,-29.628990318221753,0.9216606427459716,0.9077608583374024,5
MGM,Consumer Discretionary,rsi2,1767819600000,1767882600000,33.926954847335814,61,32.34499893188477,,1768401000000,34.44276908493042,mean reversion or trend exit,29.37939191333674,1.0347721228437425,1.0505044570903779,4
JCI,Industrials,rsi2,1767992400000,1768228200000,110.87540969467163,17,105.08799743652344,,1768401000000,112.02396183013917,mean reversion or trend exit,17.630741644987285,0.9424409824047089,0.9522036755561829,2
SYF,Financials,rsi2,1768251600000,1768314600000,79.53975,26,75.81999816894532,,1768424400000,75.78208816986086,stop,-99.7183914798259,1.03401675,0.9851671462081911,2
WST,Health Care,rsi2,1768338000000,1768401000000,273.0564734344482,6,257.8979919433594,,1768487400000,275.4821851196289,mean reversion or trend exit,12.908654135422061,0.8191694203033446,0.8264465553588869,1
UHS,Health Care,rsi2,1768338000000,1768401000000,202.28108267211914,9,191.05,,1768573800000,204.96747232055665,mean reversion or trend exit,22.344888338470565,0.9102648720245361,0.922353625442505,2
QCOM,Information Technology,rsi2,1768338000000,1768401000000,163.77184744262695,12,156.4109909057617,,1768919400000,154.87252194976807,stop gap,-108.70377213066091,0.9826310846557618,0.9292351316986085,3
TTWO,Communication Services,rsi2,1768424400000,1768487400000,245.60273572540282,8,235.3810012817383,,1769092200000,239.44021755981447,mean reversion or trend exit,-51.24031713784768,0.9824109429016114,0.9577608702392579,4
REGN,Health Care,rsi2,1768597200000,1768919400000,729.7647244262695,2,693.973974609375,,1769092200000,749.9648568420411,mean reversion or trend exit,38.920535250274845,0.7297647244262695,0.7499648568420411,2
BAC,Financials,rsi2,1768424400000,1768487400000,52.74636122131347,39,50.394998931884764,,1769178600000,52.08394561004639,mean reversion or trend exit,-27.878399822627596,1.0285540438156127,1.0156369393959046,5
MMM,Industrials,rsi2,1769029200000,1769092200000,156.63827755737304,12,148.54400939941405,,1769437800000,161.919,mean reversion or trend exit,61.45732564617936,0.9398296653442383,0.9715140000000001,2
L,Financials,rsi2,1768338000000,1768401000000,102.88141683197021,20,99.89199523925781,,1769524200000,102.61866316986085,mean reversion or trend exit,-7.3100740422055335,1.028814168319702,1.0261866316986086,8
ISRG,Health Care,rsi2,1768510800000,1768573800000,542.271,3,516.6580078125,,1769524200000,532.3436803588868,mean reversion or trend exit,-31.393880943877846,0.8134064999999999,0.7985155205383302,6
AFL,Financials,rsi2,1769202000000,1769437800000,107.60377805328369,19,103.74299621582031,,1769524200000,108.56569274520875,mean reversion or trend exit,16.222769173990454,1.022235891506195,1.0313740810794831,1
DLTR,Consumer Staples,rsi2,1769115600000,1769178600000,127.59376377868652,11,118.56699981689454,,1769634000000,118.50771631698609,stop,-101.30008021923094,0.7017657007827759,0.6517924397434235,4
EXPE,Consumer Discretionary,rsi2,1769029200000,1769092200000,274.12698522949216,5,256.1890045166016,,1769783400000,272.63360401916503,mean reversion or trend exit,-8.833807524757288,0.6853174630737304,0.6815840100479126,6
WY,Real Estate,rsi2,1769547600000,1769610600000,26.18308507633209,75,24.870999908447267,,1769806800000,24.858564408493045,stop,-101.2531119436094,0.9818656903624534,0.9321961653184893,3
TJX,Consumer Discretionary,rsi2,1769461200000,1769524200000,150.57524999999998,13,145.18900299072266,,1770042600000,150.22485305023193,mean reversion or trend exit,-6.510361016811213,0.9787391249999998,0.9764615448265075,4
JKHY,Financials,rsi2,1769461200000,1769524200000,182.32111072540283,11,175.56399841308593,,1770129000000,176.46172805023195,mean reversion or trend exit,-66.42651504014565,1.0027661089897155,0.9705395042762757,5
TXT,Industrials,rsi2,1769634000000,1769697000000,86.8734168319702,20,82.09099960327148,,1770215400000,88.94550286483765,mean reversion or trend exit,39.68353146038084,0.8687341683197021,0.8894550286483764,4
WY,Real Estate,rsi2,1769806800000,1770042600000,25.922954847335813,59,24.269000816345216,,1770215400000,26.666660305023196,mean reversion or trend exit,42.32722835656103,0.7647271679964065,0.7866664789981843,2
BA,Industrials,rsi2,1769720400000,1769783400000,233.61675,7,220.6409942626953,,1770301800000,233.9929456100464,mean reversion or trend exit,0.9967353356897006,0.8176586250000001,0.8189753096351624,4
TMO,Health Care,rsi2,1769806800000,1770042600000,576.1879744262695,3,544.4299865722656,,1770325200000,544.1577715789796,stop,-97.77112716087774,0.8642819616394043,0.8162366573684694,4
IDXX,Health Care,rsi2,1770066000000,1770129000000,635.9078218688965,2,601.7219848632812,,1770647400000,647.3961107177735,mean reversion or trend exit,21.693273765167337,0.6359078218688965,0.6473961107177735,4
WBD,Communication Services,rsi2,1770152400000,1770215400000,27.213600763320922,74,26.147999954223632,,1770647400000,27.3263301525116,mean reversion or trend exit,6.32399735622422,1.006903228242874,1.011074215642929,3
AKAM,Information Technology,rsi2,1770152400000,1770215400000,91.73584744262695,13,84.55700149536133,,1770647400000,94.96249713516237,mean reversion or trend exit,40.732906763204795,0.5962830083770752,0.6172562313785555,3
NVDA,Information Technology,rsi2,1770238800000,1770301800000,175.01745767211912,8,163.18800506591796,,1770647400000,184.16786450958253,mean reversion or trend exit,71.76651341098045,0.7000698306884765,0.7366714580383301,2
ES,Utilities,rsi2,1770411600000,1770647400000,67.77386786270141,27,64.227001953125,,1770820200000,69.06544847488404,mean reversion or trend exit,33.025345758373554,0.914947216146469,0.9323835544109346,2
FOX,Communication Services,rsi2,1770411600000,1770647400000,58.32914923667907,34,55.48179931640625,,1770843600000,55.454058416748055,stop,-99.68740240776285,0.9915955370235443,0.9427189930847168,3
FOXA,Communication Services,rsi2,1770411600000,1770647400000,64.96246530532837,27,61.41699905395508,,1770843600000,61.38629055442811,stop,-98.26242647841366,0.876993281621933,0.8287149224847794,3
AIZ,Financials,rsi2,1770670800000,1770733800000,235.29758267211912,8,225.59201049804688,,1770843600000,225.47921449279787,stop,-80.39005262322969,0.9411903306884765,0.9019168579711915,2
AMP,Financials,rsi2,1770757200000,1770820200000,510.06490255737305,2,473.8190124511719,,1770906600000,480.62956011962893,mean reversion or trend exit,-59.86137933816523,0.510064902557373,0.48062956011962893,1
TMO,Health Care,rsi2,1770325200000,1770388200000,543.5116102294921,2,507.943994140625,,1770930000000,507.69002214355476,stop,-72.6943778042478,0.5435116102294921,0.5076900221435547,5
AIZ,Financials,rsi2,1770843600000,1770906600000,218.52920816802978,6,204.6259963989258,,1771511400000,219.65011450958252,mean reversion or trend exit,5.410900081283601,0.6555876245040894,0.6589503435287476,4
HBAN,Financials,rsi2,1770843600000,1770906600000,18.099045152664182,74,16.80000057220459,,1771511400000,17.70114408493042,mean reversion or trend exit,-30.769286014089438,0.6696646706485748,0.6549423311424255,4
EXPD,Industrials,rsi2,1770930000000,1770993000000,140.59026427459716,10,131.3199951171875,,1771511400000,148.37577194976808,mean reversion or trend exit,76.41024657058736,0.7029513213729859,0.7418788597488404,3
ALLE,Industrials,rsi2,1771448400000,1771511400000,162.68130610656738,11,154.1739929199219,,1771597800000,161.5491898803711,mean reversion or trend exit,-14.236546216087177,0.8947471835861206,0.8885205443420411,1
GOOG,Communication Services,rsi2,1770843600000,1770906600000,312.50618110656734,4,291.18799743652346,,1771857000000,318.9804446411133,mean reversion or trend exit,24.634080886688515,0.6250123622131347,0.6379608892822266,6
GOOGL,Communication Services,rsi2,1770843600000,1770906600000,312.24604133605953,4,290.6419952392578,,1771857000000,318.8904627990723,mean reversion or trend exit,25.315412843780727,0.6244920826721191,0.6377809255981446,6
PG,Consumer Staples,rsi2,1771448400000,1771511400000,156.90841683197021,12,150.92400054931642,,1771857000000,160.23984732055666,mean reversion or trend exit,38.07427627812223,0.9414505009918213,0.96143908392334,2
MMM,Industrials,rsi2,1771448400000,1771511400000,164.17204133605955,10,154.7489990234375,,1771943400000,165.42723950958253,mean reversion or trend exit,10.903985331001634,0.8208602066802978,0.8271361975479127,3
WY,Real Estate,rsi2,1771621200000,1771857000000,25.622805610656737,56,23.88900032043457,,1772029800000,24.88754961872101,mean reversion or trend exit,-42.58862549482328,0.7174385570983887,0.6968513893241883,2
PFE,Health Care,rsi2,1771621200000,1771857000000,26.573279465675352,75,25.329999351501463,,1772029800000,27.046469466209413,mean reversion or trend exit,33.47850945510886,0.9964979799628257,1.014242604982853,2
FERG,Industrials,rsi2,1771621200000,1771857000000,253.7768188934326,7,242.56200408935547,,1772029800000,260.6995715789795,mean reversion or trend exit,46.658601432174834,0.8882188661270141,0.9124485005264282,2
PKG,Materials,rsi2,1771880400000,1771943400000,227.62374950408935,6,211.43600463867188,,1772202600000,229.89498950958253,mean reversion or trend exit,12.254883815918085,0.6828712485122681,0.6896849685287476,3
GILD,Health Care,rsi2,1771966800000,1772029800000,147.4236811065674,12,139.69199829101564,,1772461800000,147.79606011962892,mean reversion or trend exit,2.697229709381215,0.8845420866394043,0.8867763607177735,3
LVS,Consumer Discretionary,rsi2,1771966800000,1772029800000,55.41769438934326,20,50.64999847412109,,1772461800000,55.632169847488406,mean reversion or trend exit,3.1790105205345855,0.5541769438934326,0.5563216984748841,3
PPG,Materials,rsi2,1771534800000,1771597800000,123.72183366394043,15,117.8989990234375,,1772485200000,117.84004952392579,stop,-90.03847622412867,0.9279137524795532,0.8838003714294435,7
OKE,Energy,rsi2,1771966800000,1772029800000,82.02099335861206,24,77.97899780273437,,1772548200000,86.37678816986084,mean reversion or trend exit,102.51830209162915,0.9842519203033447,1.0365214580383302,4
VTRS,Health Care,rsi2,1772226000000,1772461800000,14.937465305328368,94,13.909000682830811,,1772548200000,15.042475190639497,mean reversion or trend exit,8.461872015935572,0.7020608693504333,0.7069963339600563,1
MNST,Consumer Staples,rsi2,1772485200000,1772548200000,40.270125,49,38.807499694824216,,1772744400000,38.7880959449768,stop,-74.5563501092886,0.9866180625,0.9503083506519316,3
UHS,Health Care,rsi2,1772139600000,1772202600000,204.10199999999998,6,188.51400299072264,,1772807400000,194.82253816986085,mean reversion or trend exit,-56.87354459534434,0.6123059999999999,0.5844676145095825,5
D,Utilities,rsi2,1772226000000,1772461800000,63.031499999999994,31,60.30100021362305,,1772807400000,62.63866316986084,mean reversion or trend exit,-14.125829263446583,0.9769882499999999,0.970899279132843,4
DECK,Consumer Discretionary,rsi2,1772744400000,1772807400000,107.01347908401489,13,100.09300079345704,,1773086400000,100.04295429306032,stop,-91.9626890993604,0.6955876140460968,0.650279202904892,2
DLTR,Consumer Staples,rsi2,1772485200000,1772548200000,117.64879133605956,13,110.63999938964844,,1773235800000,116.03195133972169,mean reversion or trend exit,-22.53784477978493,0.7647171436843871,0.754207683708191,6
SLB,Energy,rsi2,1772744400000,1772807400000,47.43370484733581,27,43.972002029418945,,1773235800000,47.46625667762757,mean reversion or trend exit,-0.40225006270952135,0.6403550154390334,0.6407944651479722,3
DD,Industrials,rsi2,1773086400000,1773149400000,136.1480418319702,8,125.58599853515625,,1773322200000,136.07192938995362,mean reversion or trend exit,-1.6977794210203352,0.5445921673278808,0.5442877175598145,2
LOW,Consumer Discretionary,rsi2,1772485200000,1772548200000,253.6067357254028,7,241.8710144042969,,1773345600000,241.75007889709474,stop,-84.73034664933527,0.8876235750389099,0.8461252761398317,8
BDX,Health Care,rsi2,1772744400000,1772807400000,168.34412450408934,10,159.53573608398438,,1773345600000,159.4559682159424,stop,-90.5205633450696,0.8417206225204467,0.7972798410797121,5
PHM,Consumer Discretionary,rsi2,1773172800000,1773235800000,123.19156225204468,12,115.80600051879883,,1773408600000,121.88902194976808,mean reversion or trend exit,-17.100967132530045,0.7391493735122681,0.7313341316986084,2
BALL,Materials,rsi2,1773259200000,1773322200000,61.49072908401489,31,58.638999938964844,,1773667800000,62.508730915069584,mean reversion or trend exit,29.6360651327098,0.9531063008022308,0.9688853291835785,2
ECL,Materials,rsi2,1773172800000,1773235800000,279.12948522949216,6,267.2400207519531,,1773840600000,269.3752547607422,mean reversion or trend exit,-60.17089703247033,0.8373884556884765,0.8081257642822267,5
BDX,Health Care,rsi2,1773345600000,1773408600000,161.4506801147461,8,150.68500823974608,,1773840600000,159.76007633972168,mean reversion or trend exit,-14.809673226013182,0.6458027204589843,0.6390403053588867,3
IEX,Industrials,rsi2,1773345600000,1773408600000,189.7248198852539,7,177.3090057373047,,1773840600000,188.85552194976808,mean reversion or trend exit,-7.410116744823404,0.6640368695983887,0.6609943268241883,3
PFG,Financials,rsi2,1773345600000,1773408600000,86.9934719467163,13,80.11300506591797,,1773840600000,87.26634255981446,mean reversion or trend exit,2.4146291759836758,0.565457567653656,0.567231226638794,3
HIG,Financials,rsi2,1773432000000,1773667800000,133.85688828277588,14,127.27499389648438,,1773840600000,134.9325,mean reversion or trend exit,13.177038323158255,0.9369982179794312,0.9445275000000001,2
COR,Health Care,rsi2,1773777600000,1773840600000,332.61623721313475,5,318.6679992675781,,1773864000000,318.50866526794437,stop,-72.16567198215463,0.8315405930328369,0.7962716631698609,1
HCA,Health Care,rsi2,1773777600000,1773840600000,510.255,3,481.50299682617185,,1774013400000,499.8499561004639,SPY below SMA200,-32.730289132759026,0.7653825,0.7497749341506958,2
LMT,Industrials,rsi2,1773777600000,1773840600000,641.4305403442382,2,599.8570190429688,,1774013400000,635.5420553588867,SPY below SMA200,-13.053942566406146,0.6414305403442383,0.6355420553588867,2
NUE,Materials,rsi2,1773777600000,1773840600000,162.04098671722411,9,152.47499389648436,,1774013400000,164.1578854904175,SPY below SMA200,17.584194033806067,0.7291844402275085,0.7387104847068788,2
ES,Utilities,rsi2,1773777600000,1773840600000,72.2360969467163,26,69.0910026550293,,1774013400000,68.86555152511598,stop gap,-89.46850239174229,0.9390692603073119,0.8952521698265078,2
SBUX,Consumer Discretionary,rsi2,1773864000000,1773927000000,92.19607652664185,18,87.38400497436524,,1774013400000,94.92251622009277,SPY below SMA200,47.391847147396085,0.8297646887397766,0.854302645980835,1
T,Communication Services,rsi2,1775678400000,1775741400000,27.243614542007446,68,26.077999877929688,,1775827800000,26.506740457534793,mean reversion or trend exit,-51.93494981412485,0.9262828944282532,0.901229175556183,1
VZ,Communication Services,rsi2,1775678400000,1775741400000,47.83390637397766,39,46.11200103759766,,1775851200000,46.08894503707886,stop,-69.88498774156896,0.9327611742925644,0.8987344282230377,2
COP,Energy,rsi2,1775678400000,1775741400000,126.3531459159851,10,117.38800201416015,,1776283200000,117.32930801315308,stop,-91.45679129796584,0.6317657295799255,0.5866465400657654,5
PSX,Energy,rsi2,1775678400000,1775741400000,168.09399950408934,7,155.21200256347657,,1776346200000,161.81904389953615,mean reversion or trend exit,-45.079384883784975,0.5883289982643126,0.5663666536483766,5
BG,Consumer Staples,rsi2,1775764800000,1775827800000,123.39166683197021,9,113.81100158691406,,1776432600000,119.96998377990724,mean reversion or trend exit,-31.890274896320214,0.555262500743866,0.5398649270095826,5
VZ,Communication Services,rsi2,1775851200000,1776087000000,46.113045152664185,39,44.034001159667966,,1776432600000,46.08694561004639,mean reversion or trend exit,-2.8157819819667753,0.8992043804769517,0.8986954393959046,4
XOM,Energy,rsi2,1776283200000,1776346200000,149.6047637786865,7,137.95999603271486,,1776432600000,144.7875706100464,mean reversion or trend exit,-34.750725350841286,0.5236166732254028,0.5067564971351625,1
MRK,Health Care,rsi2,1776369600000,1776432600000,115.61777755737305,14,109.81899795532226,,1776691800000,119.09042652511597,mean reversion or trend exit,46.974128119823554,0.8093244429016113,0.8336329856758118,1
WAB,Industrials,rsi2,1776369600000,1776432600000,259.08947145080566,4,240.53999786376954,,1776691800000,263.2183311004639,mean reversion or trend exit,15.470822993530415,0.5181789429016114,0.5264366622009278,1
HON,Industrials,rsi2,1776369600000,1776432600000,242.52287319946288,7,230.35447692871094,,1776691800000,244.58661463165285,mean reversion or trend exit,12.741306817920893,0.84883005619812,0.8560531512107851,1
ADM,Consumer Staples,rsi2,1775764800000,1775827800000,70.56526377868651,17,65.46399765014648,,1776778200000,68.6456603050232,mean reversion or trend exit,-33.81655190698789,0.5998047421188354,0.5834881125926973,7
DVN,Energy,rsi2,1776283200000,1776346200000,45.272625,24,41.63399887084961,,1776864600000,45.977000000000004,mean reversion or trend exit,15.810004500000144,0.5432714999999999,0.5517240000000001,4
LMT,Industrials,rsi2,1776456000000,1776691800000,593.8967755737305,2,561.7199951171875,,1776888000000,561.439135119629,stop,-66.07061681889628,0.5938967755737304,0.561439135119629,3
CME,Financials,rsi2,1776456000000,1776691800000,288.36411122131346,6,274.80499877929685,,1776888000000,274.66759627990723,stop,-83.86818477094107,0.8650923336639404,0.8240027888397217,3
FE,Utilities,rsi2,1776715200000,1776778200000,49.52475,36,47.57899932861328,,1777037400000,49.5652051525116,mean reversion or trend exit,-0.32723370232743565,0.8914454999999999,0.8921736927452089,3
PPL,Utilities,rsi2,1776888000000,1776951000000,38.09904183197021,46,36.51899871826172,,1777037400000,38.520730915069585,mean reversion or trend exit,17.63544304938926,0.8762779621353148,0.8859768110466005,1
HII,Industrials,rsi2,1776801600000,1776864600000,383.0814596557617,2,353.3509887695312,,1777406400000,353.17431327514646,stop,-60.5505485341614,0.38308145965576174,0.3531743132751465,5
BAC,Financials,rsi2,1776974400000,1777037400000,52.34615969467163,33,50.09000091552734,,1777469400000,52.4037853050232,mean reversion or trend exit,0.1732710491069036,0.8637116349620818,0.8646624575328827,3
WBD,Communication Services,rsi2,1776974400000,1777037400000,26.983484313011168,65,26.46800003051758,,1777555800000,26.976504771232605,mean reversion or trend exit,-2.2073698608445014,0.876963240172863,0.8767364050650597,4
LHX,Industrials,rsi2,1776888000000,1776951000000,333.27654034423824,4,314.4580017089844,,1777579200000,314.3007727081299,stop,-77.19822517053811,0.6665530806884765,0.6286015454162598,6
CTVA,Materials,rsi2,1776456000000,1776691800000,80.51023622131348,22,76.59719543457031,,1777642200000,81.43926335525514,mean reversion or trend exit,18.657152451374245,0.8856125984344483,0.8958318969078065,9
PCG,Utilities,rsi2,1777406400000,1777469400000,16.118055610656736,109,15.370000648498536,,1777642200000,16.651669847488403,mean reversion or trend exit,56.37800177718281,0.8784340307807922,0.9075160066881179,2
DLR,Real Estate,rsi2,1777406400000,1777469400000,194.0569867172241,9,186.06399993896486,,1777642200000,200.93947328948977,mean reversion or trend exit,60.16489508036075,0.8732564402275085,0.904227629802704,2
HSIC,Health Care,rsi2,1777492800000,1777555800000,73.69683366394042,23,69.96800384521484,,1777987800000,71.46425,mean reversion or trend exit,-53.01877673276491,0.8475135871353149,0.8218388750000001,3
RL,Consumer Discretionary,rsi2,1777579200000,1777642200000,361.16050099182127,3,334.24901428222654,,1778074200000,367.2762614593506,mean reversion or trend exit,17.25462625891131,0.5417407514877319,0.5509143921890259,3
FE,Utilities,rsi2,1777579200000,1777642200000,47.76387167930603,37,45.63899917602539,,1778074200000,45.767105915069585,mean reversion or trend exit,-75.61065636224433,0.8836316260671615,0.8466914594287873,3
AES,Utilities,rsi2,1777924800000,1777987800000,14.297144961833952,123,14.13599967956543,,1778074200000,14.422785305023194,mean reversion or trend exit,13.687486500864956,0.879274415152788,0.8870012962589264,1
PH,Industrials,rsi2,1777579200000,1777642200000,904.8922224426269,1,850.2419677734375,,1778160600000,904.00779196167,mean reversion or trend exit,-1.7888804881590423,0.45244611122131345,0.452003895980835,4
GRMN,Consumer Discretionary,rsi2,1778011200000,1778074200000,238.10900049591064,5,221.17999420166015,,1778160600000,242.8585057296753,mean reversion or trend exit,22.54510740325936,0.5952725012397766,0.6071462643241883,1
MSCI,Financials,rsi2,1778011200000,1778074200000,578.5491397705077,2,549.1880065917969,,1778247000000,588.8354398803712,mean reversion or trend exit,19.40521564007596,0.5785491397705077,0.5888354398803711,2
APH,Information Technology,rsi2,1778011200000,1778074200000,69.0345,14,62.88100051879883,,1778506200000,63.95300811004639,mean reversion or trend exit,-72.07179901612078,0.4832415,0.44767105677032476,3
AEE,Utilities,rsi2,1778097600000,1778160600000,109.2545969467163,16,105.27799530029297,,1778592600000,109.83505438995363,mean reversion or trend exit,7.534601881103785,0.8740367755737305,0.878680435119629,3
ED,Utilities,rsi2,1778097600000,1778160600000,106.21308366394042,16,102.80800399780273,,1778679000000,105.07743225479126,mean reversion or trend exit,-19.860746673736443,0.8497046693115234,0.8406194580383302,4
BKR,Energy,rsi2,1778184000000,1778247000000,63.64180561065673,20,59.35099830627441,,1778679000000,65.18739122009278,mean reversion or trend exit,29.62342022041342,0.6364180561065673,0.6518739122009277,3
CB,Financials,rsi2,1778270400000,1778506200000,321.86086221313474,5,307.8030090332031,,1778679000000,320.05989122009277,mean reversion or trend exit,-10.609656848792929,0.8046521555328368,0.800149728050232,2
SBAC,Real Estate,rsi2,1778616000000,1778679000000,212.91640255737303,8,202.8769973754883,,1778702400000,202.77555887680055,stop,-82.7895172903166,0.8516656102294922,0.8111022355072022,1
TJX,Consumer Discretionary,rsi2,1778529600000,1778592600000,149.0745,11,142.95800170898437,,1778765400000,146.68661450958254,mean reversion or trend exit,-27.893426524394766,0.81990975,0.806776379802704,2
TFC,Financials,rsi2,1778616000000,1778679000000,47.71384362602234,36,45.57900047302246,,1778765400000,46.966506677627564,mean reversion or trend exit,-28.608376447677596,0.8588491852684021,0.8453971201972961,1
HUBB,Industrials,rsi2,1777579200000,1777642200000,515.5876820983887,2,474.31463317871095,,1778851800000,475.6620438995362,holding limit at next open,-80.84252612370288,0.5155876820983887,0.4756620438995362,10
CFG,Financials,rsi2,1778616000000,1778679000000,61.820895915985105,28,58.89750289916992,,1779197400000,61.15940362739563,mean reversion or trend exit,-20.24350827411253,0.8654925428237915,0.8562316507835389,4
FITB,Financials,rsi2,1778702400000,1778765400000,47.71384362602234,30,44.920997619628906,,1779197400000,47.73611832237244,mean reversion or trend exit,-0.7635085387228504,0.715707654390335,0.7160417748355866,3
REG,Real Estate,rsi2,1778702400000,1778765400000,77.10853469467163,22,74.19999847412109,,1779197400000,77.33131774520875,mean reversion or trend exit,3.2023887349778972,0.848193881641388,0.8506444951972962,3
SBAC,Real Estate,rsi2,1778702400000,1778765400000,209.09450049591064,6,196.13600006103516,,1779283800000,205.84702194976808,mean reversion or trend exit,-20.729695844192396,0.6272835014877319,0.6175410658493042,4
HUBB,Industrials,rsi2,1779134400000,1779197400000,465.84279034423827,3,439.3707580566406,,1779283800000,464.72751145935064,mean reversion or trend exit,-4.741692107368273,0.6987641855163574,0.697091267189026,1
FTV,Industrials,rsi2,1778788800000,1778851800000,58.86942015266418,28,55.92889823913574,,1779370200000,58.75060877990723,mean reversion or trend exit,-4.973398842250642,0.8241718821372985,0.8225085229187012,4
DLR,Real Estate,rsi2,1779134400000,1779197400000,186.94343110656737,9,179.46400299072266,,1779370200000,190.11490171051025,mean reversion or trend exit,26.846472937809065,0.8412454399795533,0.8555170576972962,2
CDNS,Information Technology,rsi2,1779220800000,1779283800000,335.5577096557617,4,315.77199401855466,,1779370200000,349.70506488037114,mean reversion or trend exit,55.218895349365496,0.6711154193115234,0.6994101297607422,1
DOV,Industrials,rsi2,1779220800000,1779283800000,208.60424999999998,6,196.38600463867186,,1779370200000,209.54516889953615,mean reversion or trend exit,4.391065140518422,0.6258127499999999,0.6286355066986085,1
KEYS,Information Technology,rsi2,1779134400000,1779197400000,339.7698061065674,3,318.7915100097656,,1779802200000,350.02491220092776,mean reversion or trend exit,29.730626205619874,0.5096547091598511,0.5250373683013917,4
CTVA,Materials,rsi2,1779307200000,1779370200000,78.78937499999999,21,74.9489028930664,,1779802200000,79.42026908493042,mean reversion or trend exit,11.587574520647305,0.8272884374999999,0.8339128253917695,2
EME,Industrials,rsi2,1779307200000,1779370200000,847.8436929016112,1,785.3130310058593,,1779888600000,864.7174494018556,mean reversion or trend exit,16.01747592909259,0.4239218464508056,0.4323587247009278,3
ADI,Information Technology,rsi2,1779307200000,1779370200000,396.8383346557617,3,370.6919830322266,,1779888600000,433.28325,mean reversion or trend exit,108.08956365573134,0.5952575019836426,0.6499248750000001,3
GOOG,Communication Services,rsi2,1779480000000,1779802200000,381.18549261474607,3,358.26360778808595,,1779888600000,382.5736321411133,mean reversion or trend exit,3.018779891967932,0.5717782389221191,0.57386044821167,1
CVS,Health Care,rsi2,1779825600000,1779888600000,91.03549286270142,15,85.5410041809082,,1780061400000,92.62366316986085,mean reversion or trend exit,22.445110937147234,0.6827661964702606,0.6946774737739563,2
CASY,Consumer Staples,rsi2,1779825600000,1779888600000,809.8146781311035,1,762.4139587402344,,1780084800000,762.0327517608644,stop,-48.567850085185135,0.40490733906555176,0.3810163758804322,3
APD,Materials,rsi2,1779307200000,1779370200000,289.30458366394043,5,275.9050018310547,,1780344000000,275.7670493301392,stop,-69.10035075149152,0.7232614591598511,0.689417623325348,7
SBUX,Consumer Discretionary,rsi2,1779480000000,1779802200000,103.13154183197021,15,97.5490005493164,,1780344000000,97.50022604904176,stop,-85.9744750030344,0.7734865637397765,0.7312516953678132,5
CBOE,Financials,rsi2,1780344000000,1780407000000,297.8288326721191,4,277.0039886474609,,1780430400000,276.8654866531372,stop,-85.00277271457809,0.5956576653442383,0.5537309733062744,1
HAL,Energy,rsi2,1779998400000,1780061400000,39.279628320693966,35,36.845001983642575,,1780493400000,40.09993893241882,mean reversion or trend exit,27.321728983440508,0.6873934956121445,0.7017489313173294,3
CASY,Consumer Staples,rsi2,1780084800000,1780320600000,759.5595826721191,2,718.4640014648437,,1780579800000,775.5919904785156,mean reversion or trend exit,30.52966403964252,0.7595595826721191,0.7755919904785157,3
TRV,Financials,rsi2,1780344000000,1780407000000,288.34411221313474,5,278.02598571777344,,1780666200000,295.5621364593506,mean reversion or trend exit,34.630355609398094,0.7208602805328369,0.7389053411483765,3
WELL,Real Estate,rsi2,1780430400000,1780493400000,195.41766732788085,8,185.01800842285155,,1780666200000,200.7795648803711,mean reversion or trend exit,41.31039149108909,0.7816706693115234,0.8031182595214844,2
GOOG,Communication Services,rsi2,1780516800000,1780579800000,355.6177224426269,4,336.5530944824219,,1780666200000,363.19831488037113,mean reversion or trend exit,28.884737676330808,0.7112354448852539,0.7263966297607423,1
VTR,Real Estate,rsi2,1780430400000,1780493400000,80.53024286270141,19,76.17799835205078,,1780925400000,81.73910877990723,mean reversion or trend exit,21.426893586305663,0.7650373071956634,0.7765215334091187,3
HON,Industrials,rsi2,1780603200000,1780666200000,229.65856462097167,5,215.4084899902344,,1781011800000,223.13954933929443,mean reversion or trend exit,-33.72707169328687,0.5741464115524292,0.5578488733482361,2
LYB,Materials,rsi2,1779825600000,1779888600000,67.79388213729858,20,63.525003814697264,,1781035200000,63.49324131278992,stop,-87.32568772467413,0.6779388213729858,0.6349324131278992,10
VZ,Communication Services,rsi2,1780603200000,1780666200000,45.26262167930603,35,42.91499900817871,,1781098200000,46.436769084930425,mean reversion or trend exit,39.49041985847972,0.7920958793878555,0.8126434589862824,3
LYV,Communication Services,rsi2,1780603200000,1780666200000,160.92041633605956,8,151.50599212646483,,1781098200000,163.17836450958254,mean reversion or trend exit,16.76719026480124,0.6436816653442382,0.6527134580383301,3
DVN,Energy,rsi2,1780689600000,1780925400000,45.012496679306025,23,41.38599967956543,,1781184600000,47.08644561004639,mean reversion or trend exit,46.64168757070083,0.5176437118120193,0.5414941245155335,3
LYB,Materials,rsi2,1781035200000,1781098200000,64.032,18,59.37499885559082,,1781184600000,66.36680152511597,mean reversion or trend exit,40.852838238361564,0.576288,0.5973012137260438,1
UPS,Industrials,rsi2,1781121600000,1781184600000,103.801875,14,97.80200424194337,,1781271000000,109.91501622009278,mean reversion or trend exit,84.08795884275835,0.726613125,0.7694051135406496,1
CTVA,Materials,rsi2,1780948800000,1781011800000,75.29763213729858,22,72.38779678344727,,1781530200000,75.8920353050232,mean reversion or trend exit,11.413783348076134,0.8282739535102844,0.8348123883552552,4
NWS,Communication Services,rsi2,1781208000000,1781271000000,30.055020915985107,58,28.582998847961427,,1781530200000,29.185400762557986,mean reversion or trend exit,-52.15594112745077,0.8715956065635682,0.8463766221141816,1
AAPL,Information Technology,rsi2,1781035200000,1781098200000,290.88536022949216,5,277.3459777832031,,1781616600000,295.102375,mean reversion or trend exit,19.62010451446542,0.7272134005737304,0.7377559375,4
AMZN,Consumer Discretionary,rsi2,1781121600000,1781184600000,238.04895767211912,5,223.61300659179688,,1781616600000,247.876,mean reversion or trend exit,47.92039924522415,0.5951223941802978,0.6196900000000001,3
PSX,Energy,rsi2,1781035200000,1781098200000,180.9704448852539,6,167.99199981689452,,1781726400000,167.90800381698608,stop,-79.42128175571361,0.5429113346557617,0.5037240114509582,6
HAL,Energy,rsi2,1781553600000,1781616600000,37.90894438934326,37,35.60800018310547,,1781812800000,35.590196183013916,stop,-87.15341773477441,0.7013154712028503,0.6584186293857575,3
VRSN,Information Technology,rsi2,1781553600000,1781616600000,273.5366938934326,4,255.50599670410156,,1782158400000,255.37824370574953,stop,-73.6916306259306,0.5470733877868652,0.510756487411499,4
MRK,Health Care,rsi2,1781553600000,1781616600000,115.93793725204468,11,108.19900131225586,,1782221400000,116.47173377990724,mean reversion or trend exit,4.593508615812459,0.6376586548862457,0.6405945357894898,4
SOLV,Health Care,rsi2,1781553600000,1781616600000,77.36866683197022,15,71.77180099487305,,1782221400000,73.74310877990723,mean reversion or trend exit,-55.51670909803385,0.5802650012397766,0.5530733158493042,4
CPT,Real Estate,rsi2,1782158400000,1782221400000,109.81488213729858,15,104.40600204467773,,1782307800000,110.48473091506959,mean reversion or trend exit,8.395484568672366,0.8236116160297394,0.8286354818630219,1
SLB,Energy,rsi2,1781726400000,1781789400000,50.12504847335815,23,46.577002334594724,,1782331200000,46.55371383342743,stop,-83.25250248493457,0.5764380574436188,0.5353677090844154,4
APO,Financials,rsi2,1782244800000,1782307800000,130.05500049591063,10,122.23400268554687,,1782331200000,122.1728856842041,stop,-80.08228754796588,0.6502750024795533,0.6108644284210205,1
LYB,Materials,rsi2,1782158400000,1782221400000,57.768871679306024,21,53.93299865722656,,1782394200000,55.02247423744202,mean reversion or trend exit,-58.85865541126996,0.6065731526327133,0.5777359794931411,2
BG,Consumer Staples,rsi2,1782158400000,1782221400000,111.56575713729858,10,103.27800064086914,,1782480600000,112.07393225479126,mean reversion or trend exit,3.9635527279663876,0.5578287856864929,0.5603696612739564,3
TROW,Financials,rsi2,1782331200000,1782394200000,106.19306938934325,14,100.61799850463868,,1782739800000,110.05494561004639,mean reversion or trend exit,52.552530984848204,0.7433514857254028,0.7703846192703248,2
GOOG,Communication Services,rsi2,1782504000000,1782739800000,340.1199872131347,2,310.72880859375,,1782826200000,350.7845114593506,mean reversion or trend exit,20.638143993759265,0.34011998721313474,0.3507845114593506,1
BKR,Energy,rsi2,1782331200000,1782394200000,56.028,21,52.25900077819824,,1782912600000,55.02247423744202,mean reversion or trend exit,-22.28207099321072,0.588294,0.5777359794931411,4
AAPL,Information Technology,rsi2,1782417600000,1782480600000,275.1375,5,258.9299835205078,,1782912600000,293.2932824401856,mean reversion or trend exit,89.35783524482748,0.68784375,0.7332332061004639,3
IBKR,Financials,rsi2,1782849600000,1782912600000,88.07401377868652,10,80.34300155639649,,1782999000000,93.20337500000001,mean reversion or trend exit,50.38722526924145,0.44037006889343266,0.46601687500000005,1
ROST,Consumer Discretionary,rsi2,1782763200000,1782826200000,208.57423622131347,6,195.99400329589844,,1783344600000,213.91299427032473,mean reversion or trend exit,30.765086602592653,0.6257227086639405,0.6417389828109742,3
HLT,Consumer Discretionary,rsi2,1782849600000,1782912600000,329.9448887786865,5,314.39699096679686,,1783344600000,337.3712385406494,mean reversion or trend exit,35.463458491516214,0.8248622219467163,0.8434280963516235,2
DLR,Real Estate,rsi2,1782936000000,1782999000000,176.10801427459717,7,165.32500610351562,,1783344600000,174.65263549041748,mean reversion or trend exit,-11.415313763435355,0.61637804996109,0.6112842242164612,1
HAL,Energy,rsi2,1781812800000,1782135000000,34.89744106864929,33,32.388999938964844,,1783431000000,33.28334923744202,holding limit at next open,-54.3900134698906,0.5758077776327133,0.5491752624177934,10
EMR,Industrials,rsi2,1782331200000,1782394200000,143.0715,7,132.8219955444336,,1783431000000,140.0199513397217,mean reversion or trend exit,-22.351660701637027,0.50075025,0.49006982968902596,7
EQIX,Real Estate,rsi2,1783022400000,1783344600000,1012.6160403442382,1,944.3720275878907,,1783517400000,1007.2661345214844,mean reversion or trend exit,-6.3598469101865875,0.5063080201721191,0.5036330672607422,2
TGT,Consumer Staples,rsi2,1783368000000,1783431000000,127.65379133605957,8,117.55599899291992,,1783603800000,131.64415171051027,mean reversion or trend exit,30.88569122341934,0.5106151653442383,0.5265766068420411,2
IRM,Real Estate,rsi2,1783022400000,1783344600000,117.95895152664184,8,108.39600219726563,,1783690200000,119.61016316986084,mean reversion or trend exit,12.259416686965988,0.4718358061065674,0.47844065267944336,4
DOV,Industrials,rsi2,1783022400000,1783344600000,213.16652755737303,7,201.88900451660157,,1783949400000,215.22233683013917,mean reversion or trend exit,12.891303884006689,0.7460828464508056,0.7532781789054871,5
WSM,Consumer Discretionary,rsi2,1783368000000,1783431000000,225.7628188934326,4,207.94100189208984,,1783949400000,222.03891889953616,mean reversion or trend exit,-15.791203451171748,0.4515256377868652,0.44407783779907234,4
CARR,Industrials,rsi2,1783454400000,1783517400000,67.63379847335815,21,63.74669647216797,,1783949400000,69.03546469497681,mean reversion or trend exit,27.99996339072423,0.7101548839702606,0.7248723792972566,3
KDP,Consumer Staples,rsi2,1783627200000,1783690200000,30.625305610656735,48,28.888000106811525,,1783949400000,31.514235686302186,mean reversion or trend exit,41.17729463985464,0.7350073346557616,0.7563416564712525,1
PKG,Materials,rsi2,1783540800000,1783603800000,223.00144438934325,7,211.46100769042968,,1784208600000,229.05541316986086,mean reversion or trend exit,40.79558246216604,0.7805050553627013,0.8016939460945129,5
TTWO,Communication Services,rsi2,1783713600000,1783949400000,243.10148572540282,4,224.7249954223633,,1784208600000,242.8785,mean reversion or trend exit,-1.8639028730620928,0.48620297145080565,0.485757,3
DGX,Health Care,rsi2,1783713600000,1783949400000,207.58373572540282,8,198.49500122070313,,1784295000000,210.84452194976808,mean reversion or trend exit,24.412576764221413,0.8303349429016113,0.8433780877990723,4
VRTX,Health Care,rsi2,1783713600000,1783949400000,486.4230826721191,2,454.49102478027345,,1784295000000,483.2682547607422,mean reversion or trend exit,-7.279347160186687,0.48642308267211914,0.4832682547607422,4
IFF,Materials,rsi2,1783713600000,1783949400000,77.3286459159851,18,72.86399688720704,,1784295000000,77.68114122009278,mean reversion or trend exit,4.9498273897134855,0.695957813243866,0.699130270980835,4
GD,Industrials,rsi2,1784145600000,1784208600000,366.93337499999996,4,349.83800048828124,,1784640600000,368.75553244018556,mean reversion or trend exit,5.817251945862053,0.7338667499999999,0.7375110648803711,3
ELV,Health Care,rsi2,1784232000000,1784295000000,371.88586221313477,3,345.1520111083984,,1784727000000,392.6035877990723,mean reversion or trend exit,61.00644258279419,0.5578287933197021,0.5889053816986084,3
CSCO,Information Technology,rsi2,1784232000000,1784295000000,109.20457652664184,11,101.78600387573242,,1784727000000,111.46423664474487,mean reversion or trend exit,23.64258282669068,0.6006251708965301,0.6130533015460968,3
CNC,Health Care,rsi2,1784232000000,1784295000000,64.16206225204468,17,59.13499755859375,,1784727000000,67.20637786483765,mean reversion or trend exit,50.63673367648701,0.5453775291423798,0.57125421185112,3
SLB,Energy,rsi2,1784577600000,1784640600000,46.18307984733581,38,44.145999908447266,,1784813400000,48.02597423744202,mean reversion or trend exit,68.2400147964252,0.8774785170993804,0.9124935105113985,2
AEP,Utilities,rsi2,1784664000000,1784727000000,131.7658469467163,12,125.03199005126953,,1784813400000,132.2738263397217,mean reversion or trend exit,4.511514676346167,0.7905950816802978,0.7936429580383301,1
LIN,Materials,rsi2,1784145600000,1784208600000,513.4966102294921,3,490.85902099609376,,1785159000000,513.0733520812988,mean reversion or trend exit,-2.809629388046167,0.7702449153442383,0.7696100281219483,7
EW,Health Care,rsi2,1784664000000,1784727000000,85.26261122131348,15,79.6830047607422,,1785159000000,83.25835305023193,mean reversion or trend exit,-31.327779798259773,0.6394695841598511,0.6244376478767395,3
PFG,Financials,rsi2,1784664000000,1784727000000,109.47470816802978,16,104.23100204467774,,1785159000000,110.05494561004639,mean reversion or trend exit,7.527561842041155,0.8757976653442382,0.8804395648803711,3
AJG,Financials,rsi2,1784750400000,1784813400000,242.5712219467163,5,227.73200225830078,,1785159000000,249.29528816986084,mean reversion or trend exit,32.39066484043129,0.6064280548667907,0.6232382204246522,2
CHRW,Industrials,rsi2,1784923200000,1785159000000,185.65277755737304,8,174.90799560546876,,1785182400000,174.82054160766603,stop,-88.09978087431625,0.7426111102294922,0.6992821664306641,1
GEN,Information Technology,rsi2,1784750400000,1784813400000,25.672829847335812,46,23.82400016784668,,1785245400000,27.00649045753479,mean reversion or trend exit,60.13676370214103,0.5904750864887237,0.6211492805233003,3
KDP,Consumer Staples,rsi2,1784923200000,1785159000000,29.754869771003722,46,27.869001197814942,,1785245400000,30.814584923744203,mean reversion or trend exit,47.3537995680829,0.6843620047330856,0.7087354532461166,1
VMRK,Real Estate,rsi2,1784923200000,1785159000000,67.61379183197022,26,65.28100051879883,,1785331800000,68.5756956100464,mean reversion or trend exit,23.239034893234393,0.8789792938156129,0.8914840429306031,2
CHRW,Industrials,rsi2,1785182400000,1785245400000,171.7958617172241,8,161.90000762939454,,1785331800000,168.9155,mean reversion or trend exit,-24.405739184661734,0.6871834468688964,0.6756620000000001,1
WST,Health Care,rsi2,1784923200000,1785159000000,329.40461022949216,3,307.25202026367185,,1785504600000,339.3202452392578,mean reversion or trend exit,28.74381774609383,0.49410691534423823,0.5089803678588868,4
ADI,Information Technology,rsi2,1785268800000,1785331800000,361.89084645080567,3,337.58799133300784,,1785504600000,373.97292366027835,mean reversion or trend exit,35.14243597325143,0.5428362696762086,0.5609593854904175,2
EXPD,Industrials,rsi2,1785182400000,1785245400000,171.42566633605955,10,163.86599578857422,,1785850200000,169.91500000000002,mean reversion or trend exit,-16.81336669227559,0.8571283316802978,0.8495750000000001,5
HUM,Health Care,rsi2,1785182400000,1785245400000,378.8693326721191,3,351.81300048828126,,1785850200000,374.4326851196289,mean reversion or trend exit,-14.439895684158309,0.5683039990081787,0.5616490276794435,5
JBHT,Industrials,rsi2,1785268800000,1785331800000,276.72829133605956,5,259.6659912109375,,1785936600000,274.53267842102053,mean reversion or trend exit,-12.356216999587806,0.6918207283401488,0.6863316960525514,5
PNW,Utilities,rsi2,1785441600000,1785504600000,101.22058316802978,17,96.79499893188476,,1785936600000,101.39927194976808,mean reversion or trend exit,1.3154405210498492,0.8603749569282532,0.8618938115730287,3
ODFL,Industrials,rsi2,1785787200000,1785850200000,213.03645767211913,5,196.2350082397461,,1785936600000,214.96247232055666,mean reversion or trend exit,8.560075917205959,0.5325911441802977,0.5374061808013917,1
LNT,Utilities,rsi2,1785441600000,1785504600000,70.4952290840149,25,67.66799926757812,,1786023000000,71.01447805023194,mean reversion or trend exit,11.212352816248133,0.8811903635501862,0.8876809756278994,4
MAR,Consumer Discretionary,rsi2,1785787200000,1785850200000,344.96240354919433,5,328.1559814453125,,1786023000000,361.8290047607422,mean reversion or trend exit,82.56602753696438,0.8624060088729858,0.9045725119018555,2
CNP,Utilities,rsi2,1785873600000,1785936600000,41.55076377868652,43,39.63600196838379,,1786023000000,41.039471372604375,mean reversion or trend exit,-23.761263517285137,0.8933414212417603,0.8823486345109941,1
EIX,Utilities,rsi2,1785960000000,1786023000000,69.13454847335815,16,63.811998748779295,,1786109400000,67.25635591506959,mean reversion or trend exit,-31.14220816772439,0.5530763877868652,0.5380508473205567,1
WM,Industrials,rsi2,1785960000000,1786023000000,227.05347244262694,6,213.5929946899414,,1786109400000,227.2663148803711,mean reversion or trend exit,-0.08590473550396371,0.6811604173278809,0.6817989446411135,1
CTAS,Industrials,rsi2,1785960000000,1786023000000,202.96143061065672,6,189.25499572753907,,1786368600000,201.58915744018555,mean reversion or trend exit,-9.447290786979575,0.6088842918319701,0.6047674723205566,2
KIM,Real Estate,rsi2,1785873600000,1785936600000,25.072529465675352,71,24.105000305175782,,1786392000000,24.092947805023197,stop,-71.29567234941278,0.890074796031475,0.8552996470783235,4
CF,Materials,rsi2,1786132800000,1786368600000,115.55775,8,105.3069969177246,,1786455000000,120.20986164474488,mean reversion or trend exit,36.27382271138004,0.462231,0.48083944657897953,1
F,Consumer Discretionary,rsi2,1786046400000,1786109400000,13.82690969467163,84,12.785999774932861,,1786541400000,14.022984733104707,mean reversion or trend exit,15.300607662411913,0.5807302071762084,0.5889653587903977,3
O,Real Estate,rsi2,1785873600000,1785936600000,63.021496679306026,28,60.57000198364258,,1786627800000,62.73861545753479,mean reversion or trend exit,-9.681315779510323,0.8823009535102844,0.878340616405487,6
KDP,Consumer Staples,rsi2,1786392000000,1786455000000,29.21460076332092,48,27.40799922943115,,1786714200000,31.254365457534792,mean reversion or trend exit,96.45745013296532,0.7011504183197022,0.7501047709808351,3
CVS,Health Care,rsi2,1786478400000,1786541400000,93.796875,13,87.40299987792969,,1786714200000,94.55269847488404,mean reversion or trend exit,8.601432945905762,0.6096796875,0.6145925400867462,2
VTRS,Health Care,rsi2,1786046400000,1786109400000,16.488239542007445,67,15.191000270843507,,1786973400000,16.111940838813783,mean reversion or trend exit,-26.30411915673285,0.5523560246572494,0.5397500181002618,6
HST,Real Estate,rsi2,1786392000000,1786455000000,22.771380228996275,64,21.411000442504882,,1786973400000,22.808589694976806,mean reversion or trend exit,0.9228467851868659,0.7286841673278808,0.7298748702392578,4
ACGL,Financials,rsi2,1786564800000,1786627800000,98.07901377868652,15,92.3480010986328,,1786973400000,98.31082061004639,mean reversion or trend exit,2.00417871248264,0.735592603340149,0.7373311545753479,2
ROST,Consumer Discretionary,rsi2,1786651200000,1786714200000,243.33161171722412,7,234.9050048828125,,1786996800000,234.78755238037112,stop,-61.48183243231256,0.8516606410102844,0.8217564333312989,2
IR,Industrials,rsi2,1786737600000,1786973400000,82.82138877868653,17,77.87739791870118,,1787146200000,80.9595,mean reversion or trend exit,-33.04424679228968,0.7039818046188354,0.6881557500000001,2
ECL,Materials,rsi2,1786737600000,1786973400000,274.2570551147461,6,264.0039947509766,,1787146200000,280.2098311004639,mean reversion or trend exit,34.05325525566104,0.8227711653442383,0.8406294933013917,2
TROW,Financials,rsi2,1786737600000,1786973400000,110.52523622131348,16,105.17099609375,,1787232600000,112.17388835525513,mean reversion or trend exit,24.596841146453894,0.8842018897705078,0.897391106842041,3
CHD,Consumer Staples,rsi2,1786996800000,1787059800000,98.96945816802977,14,93.077001953125,,1787578200000,99.59017938995362,mean reversion or trend exit,7.300179644027936,0.6927862071762084,0.6971312557296754,4
L,Financials,rsi2,1786651200000,1786714200000,112.51622908401488,16,108.39299774169922,,1787664600000,111.55419561004639,mean reversion or trend exit,-17.185098981048316,0.9001298326721191,0.8924335648803712,7
SNA,Industrials,rsi2,1787083200000,1787146200000,395.76779232788084,4,378.2919891357422,,1787664600000,397.80100000000004,mean reversion or trend exit,6.545693103821053,0.7915355846557617,0.7956020000000001,4
ITW,Industrials,rsi2,1787083200000,1787146200000,286.6932627868652,5,271.4260009765625,,1787664600000,286.1268540191651,mean reversion or trend exit,-4.2640941305157,0.7167331569671631,0.7153171350479126,4
FITB,Financials,rsi2,1787169600000,1787232600000,54.95746530532836,32,52.723998641967775,,1787751000000,55.08244561004639,mean reversion or trend exit,2.238731176330943,0.8793194448852538,0.8813191297607423,4
RL,Consumer Discretionary,rsi2,1787601600000,1787664600000,374.30705511474605,3,345.59400939941406,,1787751000000,364.05787023925785,mean reversion or trend exit,-31.855102014495596,0.5614605826721191,0.5460868053588868,1
D,Utilities,rsi2,1787342400000,1787578200000,66.75336122131347,26,64.09099655151367,,1787837400000,66.43676622009278,mean reversion or trend exit,-9.962941688476239,0.8677936958770752,0.8636779608612061,3
JCI,Industrials,rsi2,1787688000000,1787751000000,142.79136122131348,8,132.73000793457032,,1787837400000,145.27733110046387,mean reversion or trend exit,18.735484263916003,0.5711654448852539,0.5811093244018555,1
NVDA,Information Technology,rsi2,1787601600000,1787664600000,211.13551377868652,5,195.67499694824218,,1787923800000,227.2463206100464,mean reversion or trend exit,79.45807957082765,0.5278387844467163,0.568115801525116,3
TXN,Information Technology,rsi2,1787601600000,1787664600000,262.9113887786865,3,239.01900939941407,,1787923800000,265.1073702392578,mean reversion or trend exit,5.795916243187037,0.39436708316802976,0.39766105535888674,3
EXR,Real Estate,rsi2,1787774400000,1787837400000,144.50220767211914,12,138.71499633789062,,1788269400000,141.00946183013917,mean reversion or trend exit,-43.62602012077316,0.8670132460327149,0.8460567709808351,3
XOM,Energy,rsi2,1787774400000,1787837400000,157.7088198852539,11,150.84000396728516,,1788269400000,163.51820610046389,mean reversion or trend exit,62.13649972438852,0.8673985093688964,0.8993501335525513,3
HST,Real Estate,rsi2,1787860800000,1787923800000,22.47122908401489,74,21.285000801086426,,1788442200000,22.13892461872101,mean reversion or trend exit,-26.241106118748384,0.831435476108551,0.8191402108926774,4
GD,Industrials,rsi2,1787688000000,1787751000000,378.2390127868652,4,361.7159881591797,,1788465600000,361.5351301651001,stop,-68.29507877296435,0.7564780255737305,0.7230702603302002,7
ALLE,Industrials,rsi2,1788206400000,1788269400000,155.91791633605956,10,147.78099975585937,,1788528600000,155.41226049041748,mean reversion or trend exit,-6.613209340553202,0.7795895816802978,0.7770613024520874,3
PKG,Materials,rsi2,1788206400000,1788269400000,233.91690305328368,7,223.15400390625,,1788528600000,234.19284255981447,mean reversion or trend exit,0.2931924360696858,0.8187091606864929,0.8196749489593507,3
BLK,Financials,rsi2,1788379200000,1788442200000,1117.978753967285,1,1064.6299194335938,,1789070400000,1064.097604473877,stop,-54.97218767262855,0.5589893769836425,0.5320488022369385,5
INVH,Real Estate,rsi2,1788465600000,1788528600000,28.324154465675353,63,27.568800926208496,,1789070400000,27.555016525745394,stop,-50.21588410181713,0.8922108656687736,0.8679830205609799,4
MMM,Industrials,rsi2,1788465600000,1788528600000,167.95393011474607,10,161.81699981689454,,1789070400000,161.7360913169861,stop,-63.82683808475847,0.8397696505737304,0.8086804565849305,4
LLY,Health Care,rsi2,1787860800000,1787923800000,1173.2463641967772,1,1089.8489990234375,,1789392600000,1141.6288511962891,holding limit at next open,-32.77495060818462,0.5866231820983886,0.5708144255981445,10
LH,Health Care,rsi2,1789070400000,1789133400000,310.6952785491943,4,291.69199829101564,,1789565400000,323.3482547607422,mean reversion or trend exit,49.343817779571594,0.6213905570983886,0.6466965095214844,3
SBUX,Consumer Discretionary,rsi2,1789070400000,1789133400000,100.33013877868652,14,94.38600082397461,,1789565400000,97.34130438995362,mean reversion or trend exit,-43.227381544441045,0.7023109714508056,0.6813891307296753,3
SJM,Consumer Staples,rsi2,1789070400000,1789133400000,122.03098622131347,11,114.28400039672852,,1789651800000,124.14789408493043,mean reversion or trend exit,21.932002658102206,0.6711704242172241,0.6828134174671173,4
TROW,Financials,rsi2,1789502400000,1789565400000,104.42218774795532,16,100.02300491333008,,1789651800000,103.698125,mean reversion or trend exit,-13.24996646926869,0.8353775019836426,0.829585,1
AMGN,Health Care,rsi2,1789156800000,1789392600000,382.13097244262696,3,355.46600341796875,,1789738200000,378.3207547607422,mean reversion or trend exit,-12.571330636459306,0.5731964586639404,0.5674811321411134,4
FRT,Real Estate,rsi2,1789588800000,1789651800000,112.91643061065673,15,109.26699600219726,,1789738200000,111.78407633972168,mean reversion or trend exit,-18.67056786615364,0.8468732295799255,0.8383805725479127,1
UNP,Industrials,rsi2,1788465600000,1788528600000,287.26355511474605,6,277.18198852539064,,1789997400000,278.6605877990723,holding limit at next open,-53.31557632278405,0.8617906653442382,0.8359817633972169,10
BNY,Financials,rsi2,1789502400000,1789565400000,154.88740255737304,11,148.35699615478515,,1790083800000,153.04343511962892,mean reversion or trend exit,-21.977261422408745,0.8518807140655518,0.8417388931579591,4
RJF,Financials,rsi2,1789588800000,1789651800000,166.02297244262695,8,156.29400634765625,,1790107200000,156.21585934448242,stop,-79.74586011230464,0.6640918897705078,0.6248634373779297,4
BAX,Health Care,rsi2,1789675200000,1789738200000,23.061524236679077,55,21.525000381469727,,1790170200000,23.578205152511597,mean reversion or trend exit,27.134857812585864,0.6341919165086746,0.6484006416940689,3
CSX,Industrials,rsi2,1790020800000,1790083800000,46.28312832069397,36,43.98000297546387,,1790256600000,47.00648377990723,mean reversion or trend exit,24.36158351386651,0.8330963097724914,0.8461167080383302,2
VTR,Real Estate,rsi2,1789761600000,1789997400000,86.81338164138793,20,83.11500396728516,,1790343000000,87.01646755981446,mean reversion or trend exit,2.3234198765184537,0.8681338164138793,0.8701646755981447,4
VZ,Communication Services,rsi2,1790107200000,1790170200000,46.623298473358155,36,44.469001388549806,,1790343000000,47.206384542465216,mean reversion or trend exit,19.302164193569382,0.8392193725204468,0.8497149217643739,2
PAYX,Industrials,rsi2,1790193600000,1790256600000,105.54274286270142,12,98.58699798583984,,1790343000000,101.1294103050232,mean reversion or trend exit,-54.20002361114495,0.6332564571762085,0.6067764618301392,1
ALL,Financials,rsi2,1790107200000,1790170200000,228.7643188934326,7,218.41800079345703,,1790688600000,225.8370219497681,mean reversion or trend exit,-22.08218329860281,0.8006751161270141,0.7904295768241884,4
CAH,Health Care,rsi2,1789675200000,1789738200000,225.40263828277585,7,216.51599731445313,,1790775000000,223.54817366027834,mean reversion or trend exit,-14.552580199283307,0.7889092339897156,0.7824186078109743,8
CB,Financials,rsi2,1790625600000,1790688600000,329.474652557373,5,321.62000427246096,,1790861400000,325.087375,mean reversion or trend exit,-23.572792855758486,0.8236866313934326,0.8127184375000001,2
AIZ,Financials,rsi2,1790280000000,1790343000000,261.7107765655517,6,250.7959777832031,,1790947800000,266.01691889953617,mean reversion or trend exit,24.253670917511375,0.7851323296966553,0.7980507566986085,5
ADP,Industrials,rsi2,1790280000000,1790343000000,262.0209596557617,6,252.306982421875,,1790947800000,264.7875534210205,mean reversion or trend exit,15.019137052322392,0.7860628789672851,0.7943626602630616,5
J,Industrials,rsi2,1790280000000,1790343000000,134.98745816802978,12,128.7489990234375,,1790947800000,138.50072232055666,mean reversion or trend exit,40.518240747391125,0.8099247490081787,0.83100433392334,5
