date,at,phase,equity,cash,exposure,positions,maxSectorPositions
2017-10-02,1506951000000,beforeFirstOpen,10000,10000,0,,
2017-10-02,1506974400000,,10000,10000,0,0,0
2017-10-03,1507060800000,,9979.710881607205,594.2768796845976,9385.434001922607,5,2
2017-10-04,1507147200000,,10033.453008331006,183.60288778657218,9849.850120544434,5,2
2017-10-05,1507233600000,,10037.467536791162,230.57753358681657,9806.890003204346,5,2
2017-10-06,1507320000000,,9998.300676142602,2156.080728327661,7842.219947814941,4,2
2017-10-09,1507579200000,,10051.37952684768,167.60974382766108,9883.76978302002,5,2
2017-10-10,1507665600000,,10054.687103574195,137.87712699643657,9916.809976577759,5,2
2017-10-11,1507752000000,,10090.833200358626,170.02317228245397,9920.810028076172,5,2
2017-10-12,1507838400000,,10071.472151113148,194.73226959764565,9876.739881515503,5,2
2017-10-13,1507924800000,,10118.205925617982,113.06589761810415,10005.140027999878,5,2
2017-10-16,1508184000000,,10210.705826435853,113.06589761810415,10097.639928817749,5,2
2017-10-17,1508270400000,,10165.623829500977,244.6737429073512,9920.950086593628,5,2
2017-10-18,1508356800000,,10247.964686414187,154.4546632971219,10093.510023117065,5,2
2017-10-19,1508443200000,,10207.702421545171,198.2274326077927,10009.474988937378,5,2
2017-10-20,1508529600000,,10192.063136584406,742.8087782927792,9449.254358291626,5,2
2017-10-23,1508788800000,,10208.45690408137,749.6066862621549,9458.850217819214,5,2
2017-10-24,1508875200000,,10206.303397814232,2647.3035713829577,7558.999826431274,4,2
2017-10-25,1508961600000,,10224.340317330369,667.1591745233618,9557.181142807007,5,2
2017-10-26,1509048000000,,10209.626875142701,2053.7372267052033,8155.8896484375,4,2
2017-10-27,1509134400000,,10442.849221972925,12.480733661155227,10430.368488311768,5,2
2017-10-30,1509393600000,,10379.938720464737,373.04204916957065,10006.896671295166,5,2
2017-10-31,1509480000000,,10435.419875860245,373.04204916957065,10062.377826690674,5,2
2017-11-01,1509566400000,,10428.778924795162,419.85898766137325,10008.919937133789,5,2
2017-11-02,1509652800000,,10303.800978732208,4187.720973086457,6116.080005645752,3,2
2017-11-03,1509739200000,,10329.197728428713,223.8378079270028,10105.359920501709,5,2
2017-11-06,1510002000000,,10341.157635960451,223.8378079270028,10117.319828033447,5,2
2017-11-07,1510088400000,,10267.880104943662,2248.3431405271594,8019.536964416504,4,2
2017-11-08,1510174800000,,10263.752150836262,455.87508708504015,9807.87706375122,5,1
2017-11-09,1510261200000,,10230.809479735797,411.51957800239893,9819.289901733398,5,1
2017-11-10,1510347600000,,10198.37708240832,231.20137745226566,9967.175704956055,5,2
2017-11-13,1510606800000,,10233.881474245498,121.31586526722663,10112.565608978271,5,2
2017-11-14,1510693200000,,10234.142655734662,223.5068792148893,10010.635776519775,5,2
2017-11-15,1510779600000,,10147.293040992634,254.02738928975327,9893.26565170288,5,2
2017-11-16,1510866000000,,10192.73315406026,254.02738928975327,9938.705764770508,5,2
2017-11-17,1510952400000,,10179.087906021607,312.1920854039315,9866.895820617676,5,2
2017-11-20,1511211600000,,10217.017822403443,312.1920854039315,9904.825736999512,5,2
2017-11-21,1511298000000,,10204.975359276046,942.4498065264127,9262.525552749634,5,2
2017-11-22,1511384400000,,10216.045366600265,942.4498065264127,9273.595560073853,5,2
2017-11-24,1511557200000,,10226.847594354798,334.6719408971562,9892.175653457642,5,2
2017-11-27,1511816400000,,10277.139085282015,269.17914532534905,10007.959939956665,5,2
2017-11-28,1511902800000,,10329.699745065245,337.8396910491326,9991.860054016113,5,2
2017-11-29,1511989200000,,10362.296441789711,153.08672880753306,10209.209712982178,5,2
2017-11-30,1512075600000,,10397.145140021996,903.8250754773183,9493.320064544678,5,2
2017-12-01,1512162000000,,10377.82659333648,1311.7466296523978,9066.079963684082,5,2
2017-12-04,1512421200000,,10149.57371259595,4913.763642558108,5235.810070037842,3,2
2017-12-05,1512507600000,,10240.697865420374,1901.4079522428842,8339.28991317749,5,2
2017-12-06,1512594000000,,10289.898114138636,1901.4079522428842,8388.490161895752,5,2
2017-12-07,1512680400000,,10420.39945510299,1609.1794653263782,8811.219989776611,5,2
2017-12-08,1512766800000,,10493.93714295495,1006.1460205184258,9487.791122436523,5,2
2017-12-11,1513026000000,,10510.243270436307,450.89292863943365,10059.350341796875,5,2
2017-12-12,1513112400000,,10505.55579745849,385.30580699523284,10120.249990463257,5,2
2017-12-13,1513198800000,,10509.596501522668,311.14098852217967,10198.455513000488,5,2
2017-12-14,1513285200000,,10466.417423286726,219.95675472288258,10246.460668563843,5,2
2017-12-15,1513371600000,,10504.715258971619,205.43271960394122,10299.282539367676,5,1
2017-12-18,1513630800000,,10579.753959593276,181.72600930640965,10398.027950286865,5,2
2017-12-19,1513717200000,,10516.223094317875,181.99465689416866,10334.228437423706,5,2
2017-12-20,1513803600000,,10500.823738436538,2372.82384906276,8127.999889373779,4,1
2017-12-21,1513890000000,,10513.700553370314,327.26402039607046,10186.436532974243,5,2
2017-12-22,1513976400000,,10668.120768977004,327.26402039607046,10340.856748580933,5,2
2017-12-26,1514322000000,,10615.316082105965,475.65504656824737,10139.66103553772,5,2
2017-12-27,1514408400000,,10704.645382032722,475.65504656824737,10228.990335464478,5,2
2017-12-28,1514494800000,,10735.416727096885,640.8566227267675,10094.560104370117,5,2
2017-12-29,1514581200000,,10689.706397329275,491.31267765611847,10198.393719673157,5,2
2018-01-02,1514926800000,,10820.675346647207,491.31267765611847,10329.362668991089,5,2
2018-01-03,1515013200000,,10874.50408319712,304.6142745423367,10569.889808654785,5,2
2018-01-04,1515099600000,,10907.466057192041,347.4760516988772,10559.990005493164,5,2
2018-01-05,1515186000000,,10890.325989137842,347.4760516988772,10542.849937438965,5,2
2018-01-08,1515445200000,,10886.15590351002,303.8958327092387,10582.260070800781,5,2
2018-01-09,1515531600000,,10967.362930740177,286.2031178129305,10681.159812927246,5,2
2018-01-10,1515618000000,,10915.083828490442,235.5640607292139,10679.51976776123,5,2
2018-01-11,1515704400000,,11038.003979247278,235.5640607292139,10802.439918518066,5,2
2018-01-12,1515790800000,,10992.08721819334,2300.1471127551044,8691.940105438232,4,2
2018-01-16,1516136400000,,11068.753420292825,458.6732887620635,10610.080131530762,5,2
2018-01-17,1516222800000,,11102.99422240294,262.47437071837066,10840.51985168457,5,2
2018-01-18,1516309200000,,11092.556744725964,193.42426982667166,10899.132474899292,5,2
2018-01-19,1516395600000,,11168.57371684259,418.7364270324101,10749.83728981018,5,2
2018-01-22,1516654800000,,11187.64299795799,2597.4702856319404,8590.17271232605,4,2
2018-01-23,1516741200000,,11185.657650150544,4881.577632107026,6304.080018043518,3,2
2018-01-24,1516827600000,,11233.640151051015,209.95002177092556,11023.69012928009,5,2
2018-01-25,1516914000000,,11171.986101843293,1441.6734721435876,9730.312629699707,5,2
2018-01-26,1517000400000,,11159.584017962443,1464.4883682432037,9695.095649719238,5,2
2018-01-29,1517259600000,,11078.823598261377,5712.823586817285,5366.000011444092,3,2
2018-01-30,1517346000000,,11093.045420917162,1320.6687920414292,9772.376628875732,5,2
2018-01-31,1517432400000,,10985.58140342385,1290.2818009153043,9695.299602508545,5,2
2018-02-01,1517518800000,,10958.951778778846,3379.5915492866575,7579.3602294921875,4,1
2018-02-02,1517605200000,,10666.665852773333,4443.325986135148,6223.339866638184,3,1
2018-02-05,1517864400000,,10272.052665614805,3038.373612308225,7233.67905330658,4,2
2018-02-06,1517950800000,,10358.77798682104,4698.3161223496045,5660.461864471436,3,2
2018-02-07,1518037200000,,10240.750208258702,815.2845939398537,9425.465614318848,5,2
2018-02-08,1518123600000,,9937.686607117088,4630.916625732812,5306.769981384277,3,1
2018-02-09,1518210000000,,9957.651536293313,2804.6416409686067,7153.009895324707,4,1
2018-02-12,1518469200000,,10047.663606222002,1433.5234847620409,8614.140121459961,5,1
2018-02-13,1518555600000,,10063.031568900948,2577.1614879530716,7485.870080947876,5,1
2018-02-14,1518642000000,,10158.087324100416,2241.2841624793227,7916.803161621094,5,2
2018-02-15,1518728400000,,10219.068523986723,5593.721233947662,4625.3472900390625,3,2
2018-02-16,1518814800000,,10238.498593532026,5720.8685505022395,4517.630043029785,3,2
2018-02-20,1519160400000,,10205.106077999531,3803.6961697048537,6401.409908294678,4,2
2018-02-21,1519246800000,,10151.142975268505,2123.6051487304208,8027.537826538086,5,2
2018-02-22,1519333200000,,10163.48782008662,2123.6051487304208,8039.882671356201,5,2
2018-02-23,1519419600000,,10240.6601414062,2123.6051487304208,8117.054992675781,5,2
2018-02-26,1519678800000,,10287.359366079687,5052.871702810643,5234.487663269043,3,1
2018-02-27,1519765200000,,10226.386651678,5531.032606763754,4695.354044914246,3,2
2018-02-28,1519851600000,,10137.859010445814,2848.1649529812153,7289.6940574646,5,2
2018-03-01,1519938000000,,10081.242815720778,2848.1649529812153,7233.077862739563,5,2
2018-03-02,1520024400000,,10063.982235240157,4801.636205958541,5262.346029281616,4,2
2018-03-05,1520283600000,,10105.491381448615,2639.995488923896,7465.495892524719,5,2
2018-03-06,1520370000000,,10152.256491784708,2543.8023453995165,7608.454146385193,5,2
2018-03-07,1520456400000,,10121.92687911724,1231.7671081516653,8890.159770965576,5,1
2018-03-08,1520542800000,,10016.02837492579,1987.5883190786224,8028.440055847168,5,2
2018-03-09,1520629200000,,10104.8956384704,1774.855607037294,8330.040031433105,5,2
2018-03-12,1520884800000,,10105.719220843144,5327.689222063847,4778.029998779297,3,2
2018-03-13,1520971200000,,10125.899765202703,3314.9898607227224,6810.9099044799805,4,2
2018-03-14,1521057600000,,10123.093721321355,1102.94374268366,9020.149978637695,5,2
2018-03-15,1521144000000,,10071.195001083632,1099.9551024019906,8971.23989868164,5,2
2018-03-16,1521230400000,,10045.025140243788,1099.9551024019906,8945.070037841797,5,2
2018-03-19,1521489600000,,10047.825112777968,1099.9551024019906,8947.870010375977,5,2
2018-03-20,1521576000000,,10047.498984251411,3173.8888653854438,6873.610118865967,4,2
2018-03-21,1521662400000,,10037.821185296752,1972.3012611329339,8065.519924163818,5,2
2018-03-22,1521748800000,,9829.25634584703,1874.601217368026,7954.655128479004,5,2
2018-03-23,1521835200000,,9668.203072931658,4511.223130609879,5156.979942321777,3,1
2018-03-26,1522094400000,,9707.49480627622,9707.49480627622,0,0,0
2018-03-27,1522180800000,,9651.730111627752,4607.520066766912,5044.21004486084,3,2
2018-03-28,1522267200000,,9655.09242687532,2790.962318995682,6864.130107879639,4,2
2018-03-29,1522353600000,,9828.368945835313,704.58899664708,9123.779949188232,5,2
2018-04-02,1522699200000,,9751.911006022325,6065.530940104355,3686.3800659179688,2,1
2018-04-03,1522785600000,,9801.567743065067,9801.567743065067,0,0,0
2018-04-04,1522872000000,,9880.61262159879,2202.5849574142203,7678.02766418457,4,2
2018-04-05,1522958400000,,9903.592716508458,2202.5849574142203,7701.007759094238,4,2
2018-04-06,1523044800000,,9857.420633107795,6037.832841664923,3819.587791442871,2,1
2018-04-09,1523304000000,,9866.743979602878,1262.32631412131,8604.417665481567,5,2
2018-04-10,1523390400000,,9994.230977536317,3191.0431342135644,6803.187843322754,4,2
2018-04-11,1523476800000,,9987.246129998632,6683.2284221739255,3304.017707824707,2,2
2018-04-12,1523563200000,,9941.051197921279,4799.9314774622935,5141.119720458984,3,1
2018-04-13,1523649600000,,9953.967790721352,933.1526547655405,9020.81513595581,5,2
2018-04-16,1523908800000,,10028.614335419352,1699.5918630377605,8329.022472381592,5,2
2018-04-17,1523995200000,,10046.15595787973,5229.308393182464,4816.847564697266,3,2
2018-04-18,1524081600000,,10062.969938970007,5879.769905782142,4183.200033187866,3,1
2018-04-19,1524168000000,,10030.287616807202,3970.2025214016226,6060.085095405579,4,2
2018-04-20,1524254400000,,9921.560843009625,5039.830740470563,4881.7301025390625,3,2
2018-04-23,1524513600000,,9881.627099479982,1762.7169928210478,8118.910106658936,5,2
2018-04-24,1524600000000,,9860.650526491989,2017.1237263363494,7843.52680015564,5,2
2018-04-25,1524686400000,,9865.036618626664,636.0316175585481,9229.005001068115,5,2
2018-04-26,1524772800000,,9894.551917582283,1195.9184794719306,8698.633438110352,5,2
2018-04-27,1524859200000,,9785.815587775389,1382.2989404365223,8403.516647338867,5,2
2018-04-30,1525118400000,,9690.05249954907,1382.2989404365223,8307.753559112549,5,2
2018-05-01,1525204800000,,9621.696393815553,4416.189805833375,5205.506587982178,3,1
2018-05-02,1525291200000,,9537.527115874502,743.0272074272368,8794.499908447266,5,2
2018-05-03,1525377600000,,9534.837143950674,743.0272074272368,8791.809936523438,5,2
2018-05-04,1525464000000,,9686.50721078417,743.0272074272368,8943.480003356934,5,2
2018-05-07,1525723200000,,9642.991931123039,417.49209896971774,9225.49983215332,5,2
2018-05-08,1525809600000,,9656.711574404806,164.6317327910374,9492.07984161377,5,2
2018-05-09,1525896000000,,9653.179896401449,448.9000044336767,9204.279891967773,5,2
2018-05-10,1525982400000,,9692.740382899314,477.4504239454568,9215.289958953857,5,2
2018-05-11,1526068800000,,9649.01984778875,5879.669826426444,3769.3500213623047,2,1
2018-05-14,1526328000000,,9632.065495199033,5807.935482686825,3824.130012512207,2,1
2018-05-15,1526414400000,,9585.41616922852,975.5861139917035,8609.830055236816,5,1
2018-05-16,1526500800000,,9637.165938439335,975.5861139917035,8661.579824447632,5,1
2018-05-17,1526587200000,,9603.53631588952,800.2262897206983,8803.310026168823,5,1
2018-05-18,1526673600000,,9579.991916168874,472.79203747624683,9107.199878692627,5,1
2018-05-21,1526932800000,,9634.261255374533,478.8712445407921,9155.39001083374,5,1
2018-05-22,1527019200000,,9694.368428204327,681.7663774230771,9012.60205078125,5,2
2018-05-23,1527105600000,,9651.886949600415,799.6368084566166,8852.250141143799,5,2
2018-05-24,1527192000000,,9633.210775972495,1050.9406744252544,8582.270101547241,5,2
2018-05-25,1527278400000,,9602.869115129057,712.5390675216349,8890.330047607422,5,2
2018-05-29,1527624000000,,9503.800814852426,2540.9406692835787,6962.860145568848,4,1
2018-05-30,1527710400000,,9654.79498801998,562.6449826794039,9092.150005340576,5,1
2018-05-31,1527796800000,,9532.300734163544,1254.2507730734544,8278.049961090088,5,1
2018-06-01,1527883200000,,9580.968157873534,598.0079833129871,8982.960174560547,5,1
2018-06-04,1528142400000,,9421.584641524754,4510.534581252538,4911.050060272217,3,1
2018-06-05,1528228800000,,9332.829052312227,1032.0740550588087,8300.754997253418,5,1
2018-06-06,1528315200000,,9399.991443974825,1032.0740550588087,8367.917388916016,5,1
2018-06-07,1528401600000,,9392.276006827033,1040.9709435793513,8351.30506324768,5,2
2018-06-08,1528488000000,,9449.645527960363,671.5755263581909,8778.070001602173,5,2
2018-06-11,1528747200000,,9432.52563460651,666.6306494075363,8765.894985198975,5,2
2018-06-12,1528833600000,,9586.003823013942,464.10369941775207,9121.900123596191,5,2
2018-06-13,1528920000000,,9540.829045957202,1081.0391480385006,8459.789897918701,5,1
2018-06-14,1529006400000,,9569.050851682683,735.1907976665677,8833.860054016113,5,2
2018-06-15,1529092800000,,9504.959495777493,693.8193590587418,8811.14013671875,5,2
2018-06-18,1529352000000,,9578.338097618675,576.5621576772687,9001.775939941406,5,2
2018-06-19,1529438400000,,9504.513128973767,138.94791290931357,9365.565216064453,5,2
2018-06-20,1529524800000,,9508.30334501791,109.48631125021029,9398.8170337677,5,2
2018-06-21,1529611200000,,9412.604013013963,115.4915595532691,9297.112453460693,5,2
2018-06-22,1529697600000,,9503.361566114549,115.4915595532691,9387.87000656128,5,2
2018-06-25,1529956800000,,9427.782119696978,173.81764215791418,9253.964477539062,5,2
2018-06-26,1530043200000,,9414.040209469176,372.7401444285872,9041.300065040588,5,2
2018-06-27,1530129600000,,9317.57698753341,2229.98685005172,7087.590137481689,4,2
2018-06-28,1530216000000,,9262.21003777898,2202.150063108571,7060.05997467041,4,1
2018-06-29,1530302400000,,9188.894578094876,632.1147099689608,8556.779868125916,5,2
2018-07-02,1530561600000,,9182.441618621699,2341.471468627801,6840.9701499938965,4,2
2018-07-03,1530648000000,,9168.654602175833,350.0646287261252,8818.589973449707,5,2
2018-07-05,1530820800000,,9189.77699026869,360.95704016493005,8828.81995010376,5,2
2018-07-06,1530907200000,,9214.088070949918,577.1281596034828,8636.959911346436,5,2
2018-07-09,1531166400000,,9244.158238236423,4104.698361222263,5139.45987701416,3,1
2018-07-10,1531252800000,,9269.753411727612,3887.3332686001704,5382.420143127441,3,2
2018-07-11,1531339200000,,9361.993213134472,3887.3332686001704,5474.659944534302,3,2
2018-07-12,1531425600000,,9390.472020431876,1124.6186383212817,8265.853382110596,5,1
2018-07-13,1531512000000,,9328.479764577698,867.0982776849978,8461.3814868927,5,2
2018-07-16,1531771200000,,9305.164498314338,2583.919554695563,6721.244943618774,4,1
2018-07-17,1531857600000,,9299.134869413803,647.8748367599937,8651.260032653809,5,2
2018-07-18,1531944000000,,9306.001587630275,2490.231583357813,6815.770004272461,4,2
2018-07-19,1532030400000,,9315.43603633735,649.4160091767069,8666.020027160645,5,2
2018-07-20,1532116800000,,9271.023788542949,548.0037671043492,8723.020021438599,5,1
2018-07-23,1532376000000,,9253.32714167727,508.4170769800053,8744.910064697266,5,2
2018-07-24,1532462400000,,9235.479379012337,288.2293275139259,8947.250051498413,5,2
2018-07-25,1532548800000,,9247.752158629759,362.11225079284554,8885.639907836914,5,2
2018-07-26,1532635200000,,9297.108691963545,456.87880495487866,8840.229887008667,5,2
2018-07-27,1532721600000,,9141.495264511483,2580.1968312076506,6561.298433303833,4,1
2018-07-30,1532980800000,,9095.78587367118,807.8875334459626,8287.89834022522,5,2
2018-07-31,1533067200000,,9259.776573439247,807.8875334459626,8451.889039993286,5,2
2018-08-01,1533153600000,,9209.949752217031,848.7098344619048,8361.239917755127,5,2
2018-08-02,1533240000000,,9219.339759236074,848.7098344619048,8370.62992477417,5,2
2018-08-03,1533326400000,,9335.879888897634,848.7098344619048,8487.17005443573,5,2
2018-08-06,1533585600000,,9273.419313455986,483.2092075599912,8790.210105895996,5,2
2018-08-07,1533672000000,,9318.209238077568,483.2092075599912,8835.000030517578,5,2
2018-08-08,1533758400000,,9264.683109344849,571.783092560182,8692.900016784668,5,2
2018-08-09,1533844800000,,9258.769077747305,735.452572315176,8523.316505432129,5,1
2018-08-10,1533931200000,,9191.50009163776,2497.0002480403473,6694.499843597412,4,1
2018-08-13,1534190400000,,9110.210659693981,544.8238417618518,8565.386817932129,5,2
2018-08-14,1534276800000,,9173.318818869247,578.1689165254975,8595.14990234375,5,2
2018-08-15,1534363200000,,9110.928758312426,357.9754730951388,8752.953285217285,5,2
2018-08-16,1534449600000,,9180.771304210422,231.9512472951394,8948.820056915283,5,2
2018-08-17,1534536000000,,9149.62050822898,1294.6164894454105,7855.004018783569,5,2
2018-08-20,1534795200000,,9262.847469364844,1294.6164894454105,7968.230979919434,5,2
2018-08-21,1534881600000,,9308.581793033518,3044.3427812689924,6264.239011764526,4,2
2018-08-22,1534968000000,,9309.36872353134,5698.308725972745,3611.0599975585938,2,1
2018-08-23,1535054400000,,9317.946989312353,350.26705767172894,8967.679931640625,5,2
2018-08-24,1535140800000,,9369.327207818213,350.26705767172894,9019.060150146484,5,2
2018-08-27,1535400000000,,9314.24351137548,349.2933255997232,8964.950185775757,5,1
2018-08-28,1535486400000,,9335.544484743552,353.0306488365702,8982.513835906982,5,2
2018-08-29,1535572800000,,9307.613176177094,209.98239118869014,9097.630784988403,5,2
2018-08-30,1535659200000,,9214.65036481086,184.2136010474319,9030.436763763428,5,2
2018-08-31,1535745600000,,9205.400702066581,1940.5557313634556,7264.844970703125,4,2
2018-09-04,1536091200000,,9212.848773291782,1905.8687737495443,7306.979999542236,4,2
2018-09-05,1536177600000,,9311.083282930587,196.48344085905342,9114.599842071533,5,2
2018-09-06,1536264000000,,9199.13342034935,186.22353112815745,9012.909889221191,5,2
2018-09-07,1536350400000,,9120.543481231918,186.22353112815745,8934.31995010376,5,2
2018-09-10,1536609600000,,9258.143969176024,126.12379324218682,9132.020175933838,5,2
2018-09-11,1536696000000,,9241.016679268398,193.5767073445695,9047.439971923828,5,2
2018-09-12,1536782400000,,9226.928719036963,190.6488003663094,9036.279918670654,5,2
2018-09-13,1536868800000,,9160.919193426762,1863.049169699345,7297.870023727417,4,1
2018-09-14,1536955200000,,9168.243682820523,1177.4493598529918,7990.794322967529,5,2
2018-09-17,1537214400000,,9049.510034146397,1451.7399211550621,7597.770112991333,5,2
2018-09-18,1537300800000,,9113.490287726796,822.3069247659787,8291.183362960815,5,2
2018-09-19,1537387200000,,9142.810671090932,1015.7905580995978,8127.020112991333,5,2
2018-09-20,1537473600000,,9158.396800871571,731.2251394946177,8427.171661376953,5,1
2018-09-21,1537560000000,,9109.395433379917,425.142023040562,8684.253410339355,5,2
2018-09-24,1537819200000,,9079.185522033482,425.142023040562,8654.04349899292,5,2
2018-09-25,1537905600000,,9066.81543536356,425.142023040562,8641.673412322998,5,2
2018-09-26,1537992000000,,8986.546860417542,2016.8769347278444,6969.669925689697,4,1
2018-09-27,1538078400000,,8979.471597330143,295.43900837139995,8684.03258895874,5,2
2018-09-28,1538164800000,,9039.587803170838,254.27248029486213,8785.315322875977,5,2
2018-10-01,1538424000000,,9013.959027328134,463.80979637110295,8550.149230957031,5,2
2018-10-02,1538510400000,,8951.444747621103,498.1903988662202,8453.254348754883,5,2
2018-10-03,1538596800000,,8940.746069285231,2147.826238962965,6792.919830322266,4,2
2018-10-04,1538683200000,,8872.235993175198,2780.6318309590115,6091.6041622161865,4,1
2018-10-05,1538769600000,,8856.404232976758,955.6758623102535,7900.728370666504,5,1
2018-10-08,1539028800000,,8764.128585260058,2487.292945306443,6276.835639953613,4,2
2018-10-09,1539115200000,,8742.067048728442,788.8612534403542,7953.205795288086,5,2
2018-10-10,1539201600000,,8504.128457938263,2314.948400412629,6189.180057525635,4,1
2018-10-11,1539288000000,,8447.692080310653,4121.472109607528,4326.219970703125,3,1
2018-10-12,1539374400000,,8510.03187396199,8510.03187396199,0,0,0
2018-10-15,1539633600000,,8510.03187396199,8510.03187396199,0,0,0
2018-10-16,1539720000000,,8510.03187396199,8510.03187396199,0,0,0
2018-10-17,1539806400000,,8533.340133045363,7462.580123279739,1070.760009765625,1,1
2018-10-18,1539892800000,,8496.03078937577,3622.120633125771,4873.91015625,4,2
2018-10-19,1539979200000,,8477.465373119492,8477.465373119492,0,0,0
2018-10-22,1540238400000,,8477.465373119492,8477.465373119492,0,0,0
2018-10-23,1540324800000,,8477.465373119492,8477.465373119492,0,0,0
2018-10-24,1540411200000,,8477.465373119492,8477.465373119492,0,0,0
2018-10-25,1540497600000,,8477.465373119492,8477.465373119492,0,0,0
2018-10-26,1540584000000,,8477.465373119492,8477.465373119492,0,0,0
2018-10-29,1540843200000,,8477.465373119492,8477.465373119492,0,0,0
2018-10-30,1540929600000,,8477.465373119492,8477.465373119492,0,0,0
2018-10-31,1541016000000,,8477.465373119492,8477.465373119492,0,0,0
2018-11-01,1541102400000,,8477.465373119492,8477.465373119492,0,0,0
2018-11-02,1541188800000,,8477.465373119492,8477.465373119492,0,0,0
2018-11-05,1541451600000,,8477.465373119492,8477.465373119492,0,0,0
2018-11-06,1541538000000,,8477.465373119492,8477.465373119492,0,0,0
2018-11-07,1541624400000,,8477.465373119492,8477.465373119492,0,0,0
2018-11-08,1541710800000,,8477.465373119492,8477.465373119492,0,0,0
2018-11-09,1541797200000,,8464.65139312108,6908.151393121079,1556.5,1,1
2018-11-12,1542056400000,,8392.506896269526,4271.986945402826,4120.519950866699,3,2
2018-11-13,1542142800000,,8403.950603510866,8403.950603510866,0,0,0
2018-11-14,1542229200000,,8403.950603510866,8403.950603510866,0,0,0
2018-11-15,1542315600000,,8403.950603510866,8403.950603510866,0,0,0
2018-11-16,1542402000000,,8403.950603510866,8403.950603510866,0,0,0
2018-11-19,1542661200000,,8403.950603510866,8403.950603510866,0,0,0
2018-11-20,1542747600000,,8403.950603510866,8403.950603510866,0,0,0
2018-11-21,1542834000000,,8403.950603510866,8403.950603510866,0,0,0
2018-11-23,1543006800000,,8403.950603510866,8403.950603510866,0,0,0
2018-11-26,1543266000000,,8403.950603510866,8403.950603510866,0,0,0
2018-11-27,1543352400000,,8403.950603510866,8403.950603510866,0,0,0
2018-11-28,1543438800000,,8403.950603510866,8403.950603510866,0,0,0
2018-11-29,1543525200000,,8403.950603510866,8403.950603510866,0,0,0
2018-11-30,1543611600000,,8403.950603510866,8403.950603510866,0,0,0
2018-12-03,1543870800000,,8403.950603510866,8403.950603510866,0,0,0
2018-12-04,1543957200000,,8403.950603510866,8403.950603510866,0,0,0
2018-12-06,1544130000000,,8403.950603510866,8403.950603510866,0,0,0
2018-12-07,1544216400000,,8403.950603510866,8403.950603510866,0,0,0
2018-12-10,1544475600000,,8403.950603510866,8403.950603510866,0,0,0
2018-12-11,1544562000000,,8403.950603510866,8403.950603510866,0,0,0
2018-12-12,1544648400000,,8403.950603510866,8403.950603510866,0,0,0
2018-12-13,1544734800000,,8403.950603510866,8403.950603510866,0,0,0
2018-12-14,1544821200000,,8403.950603510866,8403.950603510866,0,0,0
2018-12-17,1545080400000,,8403.950603510866,8403.950603510866,0,0,0
2018-12-18,1545166800000,,8403.950603510866,8403.950603510866,0,0,0
2018-12-19,1545253200000,,8403.950603510866,8403.950603510866,0,0,0
2018-12-20,1545339600000,,8403.950603510866,8403.950603510866,0,0,0
2018-12-21,1545426000000,,8403.950603510866,8403.950603510866,0,0,0
2018-12-24,1545685200000,,8403.950603510866,8403.950603510866,0,0,0
2018-12-26,1545858000000,,8403.950603510866,8403.950603510866,0,0,0
2018-12-27,1545944400000,,8403.950603510866,8403.950603510866,0,0,0
2018-12-28,1546030800000,,8403.950603510866,8403.950603510866,0,0,0
2018-12-31,1546290000000,,8403.950603510866,8403.950603510866,0,0,0
2019-01-02,1546462800000,,8403.950603510866,8403.950603510866,0,0,0
2019-01-03,1546549200000,,8403.950603510866,8403.950603510866,0,0,0
2019-01-04,1546635600000,,8403.950603510866,8403.950603510866,0,0,0
2019-01-07,1546894800000,,8403.950603510866,8403.950603510866,0,0,0
2019-01-08,1546981200000,,8403.950603510866,8403.950603510866,0,0,0
2019-01-09,1547067600000,,8403.950603510866,8403.950603510866,0,0,0
2019-01-10,1547154000000,,8403.950603510866,8403.950603510866,0,0,0
2019-01-11,1547240400000,,8403.950603510866,8403.950603510866,0,0,0
2019-01-14,1547499600000,,8403.950603510866,8403.950603510866,0,0,0
2019-01-15,1547586000000,,8403.950603510866,8403.950603510866,0,0,0
2019-01-16,1547672400000,,8403.950603510866,8403.950603510866,0,0,0
2019-01-17,1547758800000,,8403.950603510866,8403.950603510866,0,0,0
2019-01-18,1547845200000,,8403.950603510866,8403.950603510866,0,0,0
2019-01-22,1548190800000,,8403.950603510866,8403.950603510866,0,0,0
2019-01-23,1548277200000,,8403.950603510866,8403.950603510866,0,0,0
2019-01-24,1548363600000,,8403.950603510866,8403.950603510866,0,0,0
2019-01-25,1548450000000,,8403.950603510866,8403.950603510866,0,0,0
2019-01-28,1548709200000,,8403.950603510866,8403.950603510866,0,0,0
2019-01-29,1548795600000,,8403.950603510866,8403.950603510866,0,0,0
2019-01-30,1548882000000,,8403.950603510866,8403.950603510866,0,0,0
2019-01-31,1548968400000,,8403.950603510866,8403.950603510866,0,0,0
2019-02-01,1549054800000,,8403.950603510866,8403.950603510866,0,0,0
2019-02-04,1549314000000,,8403.950603510866,8403.950603510866,0,0,0
2019-02-05,1549400400000,,8403.950603510866,8403.950603510866,0,0,0
2019-02-06,1549486800000,,8403.950603510866,8403.950603510866,0,0,0
2019-02-07,1549573200000,,8403.950603510866,8403.950603510866,0,0,0
2019-02-08,1549659600000,,8403.950603510866,8403.950603510866,0,0,0
2019-02-11,1549918800000,,8403.950603510866,8403.950603510866,0,0,0
2019-02-12,1550005200000,,8403.950603510866,8403.950603510866,0,0,0
2019-02-13,1550091600000,,8421.273526711719,255.70359186674773,8165.569934844971,5,2
2019-02-14,1550178000000,,8410.878688378589,255.70359186674773,8155.175096511841,5,2
2019-02-15,1550264400000,,8453.804646925635,1857.7647108599615,6596.039936065674,4,2
2019-02-19,1550610000000,,8450.760900554098,2068.4108105272435,6382.3500900268555,4,2
2019-02-20,1550696400000,,8480.897550328162,429.2975442246466,8051.600006103516,5,2
2019-02-21,1550782800000,,8427.961071844768,349.93113028592984,8078.029941558838,5,2
2019-02-22,1550869200000,,8512.03816823165,709.3780939976389,7802.660074234009,5,2
2019-02-25,1551128400000,,8466.190114358964,736.8234914341588,7729.366622924805,5,2
2019-02-26,1551214800000,,8434.71804120964,470.0614288134009,7964.65661239624,5,2
2019-02-27,1551301200000,,8417.955415762222,488.55401233509906,7929.401403427124,5,2
2019-02-28,1551387600000,,8421.313869512833,488.55401233509906,7932.759857177734,5,2
2019-03-01,1551474000000,,8513.969359452854,586.1726255966539,7927.796733856201,5,2
2019-03-04,1551733200000,,8506.91686997328,221.12017426405055,8285.796695709229,5,2
2019-03-05,1551819600000,,8499.690232914914,160.43692557238523,8339.25330734253,5,2
2019-03-06,1551906000000,,8453.016984623899,160.43692557238523,8292.580059051514,5,2
2019-03-07,1551992400000,,8372.053651494016,160.43692557238523,8211.61672592163,5,2
2019-03-08,1552078800000,,8396.943992129289,1905.9005350980394,6491.04345703125,4,1
2019-03-11,1552334400000,,8396.34672055908,8396.34672055908,0,0,0
2019-03-12,1552420800000,,8422.734409307395,1880.4323367823704,6542.302072525024,4,1
2019-03-13,1552507200000,,8462.059274734333,736.3971729887271,7725.6621017456055,5,1
2019-03-14,1552593600000,,8426.26999988862,4041.0299829513624,4385.240016937256,3,1
2019-03-15,1552680000000,,8460.06579833375,779.0057588134846,7681.060039520264,5,2
2019-03-18,1552939200000,,8533.895795153763,826.3858120910193,7707.509983062744,5,2
2019-03-19,1553025600000,,8519.723833794164,715.153898949193,7804.569934844971,5,2
2019-03-20,1553112000000,,8542.61393236594,715.153898949193,7827.460033416748,5,2
2019-03-21,1553198400000,,8705.116900416066,581.1668958384298,8123.950004577637,5,2
2019-03-22,1553284800000,,8546.229869418647,2505.4498668246515,6040.780002593994,4,2
2019-03-25,1553544000000,,8597.38830735843,957.3383176581115,7640.049989700317,5,2
2019-03-26,1553630400000,,8678.058175827668,957.3383176581115,7720.719858169556,5,2
2019-03-27,1553716800000,,8614.401967867056,1761.582055910267,6852.819911956787,5,2
2019-03-28,1553803200000,,8659.972143037954,1761.582055910267,6898.390087127686,5,2
2019-03-29,1553889600000,,8715.112404708572,1189.081925277422,7526.030479431152,5,2
2019-04-01,1554148800000,,8800.951243119222,675.5103747415371,8125.440868377686,5,2
2019-04-02,1554235200000,,8811.627925854358,3597.0378379637323,5214.590087890625,3,2
2019-04-03,1554321600000,,8792.60445994063,155.13440531416586,8637.470054626465,5,2
2019-04-04,1554408000000,,8787.974600016314,155.13440531416586,8632.840194702148,5,2
2019-04-05,1554494400000,,8838.275717910994,116.08564680503787,8722.190071105957,5,2
2019-04-08,1554753600000,,8783.448247733028,220.5683038853697,8562.879943847656,5,2
2019-04-09,1554840000000,,8775.230981204606,307.5798123813645,8467.651168823242,5,2
2019-04-10,1554926400000,,8843.440751407243,307.5798123813645,8535.860939025879,5,2
2019-04-11,1555012800000,,8816.44973772871,653.9291536222629,8162.520584106445,5,2
2019-04-12,1555099200000,,8793.458439925227,609.47482786468,8183.983612060547,5,2
2019-04-15,1555358400000,,8753.24651491424,2265.4364944674635,6487.810020446777,4,2
2019-04-16,1555444800000,,8670.588034845943,849.0680229440873,7821.5200119018555,5,2
2019-04-17,1555531200000,,8560.20545105827,3411.5454016197923,5148.660049438477,3,2
2019-04-18,1555617600000,,8584.193745501294,95.72903145100031,8488.464714050293,5,2
2019-04-22,1555963200000,,8595.843929204297,652.9050101369132,7942.938919067383,5,2
2019-04-23,1556049600000,,8679.8049224881,746.0423072842418,7933.762615203857,5,2
2019-04-24,1556136000000,,8656.200703738064,745.5906401852087,7910.610063552856,5,1
2019-04-25,1556222400000,,8642.62833773273,767.4382361091953,7875.190101623535,5,1
2019-04-26,1556308800000,,8669.688312403141,767.4382361091953,7902.250076293945,5,1
2019-04-29,1556568000000,,8551.363431736909,959.9967735261539,7591.366658210754,5,2
2019-04-30,1556654400000,,8556.85736690831,1831.5073236114956,6725.350043296814,4,2
2019-05-01,1556740800000,,8463.151912484342,2278.7764518596464,6184.375460624695,4,2
2019-05-02,1556827200000,,8476.462585912686,589.402704702359,7887.059881210327,5,2
2019-05-03,1556913600000,,8514.513857351285,589.402704702359,7925.111152648926,5,2
2019-05-06,1557172800000,,8333.09397331934,3883.3006154702207,4449.793357849121,3,1
2019-05-07,1557259200000,,8205.897079337685,2787.6587885509402,5418.238290786743,4,2
2019-05-08,1557345600000,,8203.90243975277,1155.1286455785742,7048.773794174194,5,2
2019-05-09,1557432000000,,8184.296450296592,1155.1286455785742,7029.167804718018,5,2
2019-05-10,1557518400000,,8233.677601495934,1155.1286455785742,7078.548955917358,5,2
2019-05-13,1557777600000,,7997.822848376868,4828.5860605808475,3169.2367877960205,2,1
2019-05-14,1557864000000,,8009.398678294931,337.4523042362068,7671.946374058723,5,1
2019-05-15,1557950400000,,8037.68726622275,337.4523042362068,7700.234961986542,5,1
2019-05-16,1558036800000,,8070.598881456248,800.8462321489967,7269.752649307251,5,2
2019-05-17,1558123200000,,8009.698284833272,448.5082595036829,7561.19002532959,5,1
2019-05-20,1558382400000,,7975.0553093864955,1973.6253167107143,6001.429992675781,4,2
2019-05-21,1558468800000,,8023.217995708546,990.6380243950712,7032.579971313477,5,2
2019-05-22,1558555200000,,8031.948052471242,990.6380243950712,7041.310028076172,5,2
2019-05-23,1558641600000,,7960.072156282669,2463.2222131216586,5496.849943161011,4,1
2019-05-24,1558728000000,,7966.883178245179,1086.65323783075,6880.229940414429,5,1
2019-05-28,1559073600000,,7928.59615883757,1468.4962433331152,6460.099915504456,5,2
2019-05-29,1559160000000,,7870.946260308518,1468.4962433331152,6402.450016975403,5,2
2019-05-30,1559246400000,,8045.8860958569185,1468.4962433331152,6577.389852523804,5,2
2019-05-31,1559332800000,,7898.851965570263,1794.2523180482904,6104.599647521973,4,1
2019-06-03,1559592000000,,7887.192581624744,7887.192581624744,0,0,0
2019-06-04,1559678400000,,7887.192581624744,7887.192581624744,0,0,0
2019-06-05,1559764800000,,7945.97341563785,1698.4134733923659,6247.559942245483,4,2
2019-06-06,1559851200000,,7944.730501584001,4929.4105400361495,3015.3199615478516,2,1
2019-06-07,1559937600000,,7935.886253914559,5319.76123198005,2616.1250219345093,2,1
2019-06-10,1560196800000,,7942.211206755364,5319.76123198005,2622.4499747753143,2,1
2019-06-11,1560283200000,,7926.79031118105,5538.051734411221,2388.738576769829,2,1
2019-06-12,1560369600000,,7932.196376755675,768.2764082698418,7163.919968485832,5,2
2019-06-13,1560456000000,,7924.101449444732,768.2764082698418,7155.825041174889,5,2
2019-06-14,1560542400000,,7949.1081345955445,426.01807722249714,7523.090057373047,5,2
2019-06-17,1560801600000,,7995.482733655999,878.3588170300229,7117.123916625977,5,2
2019-06-18,1560888000000,,8031.252418465559,465.5425834130683,7565.70983505249,5,2
2019-06-19,1560974400000,,8035.1768661277965,534.4270377891746,7500.749828338623,5,2
2019-06-20,1561060800000,,8077.850538407674,523.5706273664146,7554.27991104126,5,2
2019-06-21,1561147200000,,8021.625432798383,3368.9867456645943,4652.638687133789,3,2
2019-06-24,1561406400000,,7995.698664015471,293.46801216000154,7702.230651855469,5,1
2019-06-25,1561492800000,,7907.80436055876,352.1982967159863,7555.606063842773,5,1
2019-06-26,1561579200000,,7861.826600753294,1757.942598067747,6103.884002685547,4,1
2019-06-27,1561665600000,,7912.100321181242,345.3616279439375,7566.738693237305,5,1
2019-06-28,1561752000000,,7963.000920545985,263.52122617953,7699.479694366455,5,2
2019-07-01,1562011200000,,7961.483810382594,228.84627147268202,7732.637538909912,5,2
2019-07-02,1562097600000,,8057.573099265162,239.24753774172495,7818.3255615234375,5,2
2019-07-03,1562184000000,,8093.117008239284,6493.117008239284,1600,1,1
2019-07-05,1562356800000,,8045.489532673072,6556.689579212379,1488.7999534606934,1,1
2019-07-08,1562616000000,,8036.411909939825,3633.5020169039376,4402.909893035889,3,2
2019-07-09,1562702400000,,8030.498811811003,374.0398961005553,7656.458915710449,5,2
2019-07-10,1562788800000,,8032.610400676452,350.8970484730837,7681.713352203369,5,2
2019-07-11,1562875200000,,8028.4292323989785,481.08153418730967,7547.34769821167,5,2
2019-07-12,1562961600000,,8148.441290657035,481.08153418730967,7667.359756469727,5,2
2019-07-15,1563220800000,,8103.639460334486,550.2396266552867,7553.399833679199,5,2
2019-07-16,1563307200000,,8089.091534020016,484.52151906640415,7604.570014953613,5,2
2019-07-17,1563393600000,,8086.267914342116,445.258015202711,7641.009899139404,5,2
2019-07-18,1563480000000,,8139.945809794212,1981.5457548625716,6158.400054931641,4,2
2019-07-19,1563566400000,,8059.916518312333,344.0365096148232,7715.88000869751,5,2
2019-07-22,1563825600000,,8084.926512819169,344.0365096148232,7740.890003204346,5,2
2019-07-23,1563912000000,,8110.795125449964,461.7327818525516,7649.062343597412,5,2
2019-07-24,1563998400000,,8156.109804693029,247.9210038812614,7908.188800811768,5,2
2019-07-25,1564084800000,,8157.273956215311,653.3505477070107,7503.923408508301,5,1
2019-07-26,1564171200000,,8151.244765315707,526.5494375569176,7624.695327758789,5,1
2019-07-29,1564430400000,,8098.543345485385,526.5494375569176,7571.993907928467,5,1
2019-07-30,1564516800000,,8098.639999385649,1656.4529342611377,6442.187065124512,4,1
2019-07-31,1564603200000,,8019.442185425078,573.5394697420945,7445.902715682983,5,1
2019-08-01,1564689600000,,8025.650795680362,2132.062453013736,5893.588342666626,4,2
2019-08-02,1564776000000,,7824.138370359608,4687.584400022694,3136.553970336914,2,1
2019-08-05,1565035200000,,7651.461323259429,3497.1913723927305,4154.269950866699,3,1
2019-08-06,1565121600000,,7817.339607572258,1096.579704618156,6720.759902954102,5,2
2019-08-07,1565208000000,,7807.187912853156,782.3878563956371,7024.8000564575195,5,2
2019-08-08,1565294400000,,7965.894334739303,1076.394273704147,6889.500061035156,5,2
2019-08-09,1565380800000,,7942.784219721694,6618.184152583022,1324.6000671386719,1,1
2019-08-12,1565640000000,,7898.566630922782,4840.467609011161,3058.099021911621,2,1
2019-08-13,1565726400000,,7975.646591013755,738.656310862388,7236.990280151367,5,2
2019-08-14,1565812800000,,7780.89184744892,1882.2356966310494,5898.656150817871,4,2
2019-08-15,1565899200000,,7781.213325297313,987.491618906932,6793.721706390381,5,2
2019-08-16,1565985600000,,7846.98587397285,987.491618906932,6859.494255065918,5,2
2019-08-19,1566244800000,,7902.381279578116,3249.5812307499914,4652.800048828125,3,2
2019-08-20,1566331200000,,7853.290049007655,4825.00005953622,3028.2899894714355,2,1
2019-08-21,1566417600000,,7867.843403550715,3291.8684127059896,4575.974990844727,3,1
2019-08-22,1566504000000,,7864.118427964778,3291.8684127059896,4572.250015258789,3,1
2019-08-23,1566590400000,,7763.280386908857,3189.0278005441105,4574.252586364746,3,1
2019-08-26,1566849600000,,7821.4005237424135,2181.31562384007,5640.084899902344,5,2
2019-08-27,1566936000000,,7800.988574852185,2553.305955757335,5247.682619094849,5,2
2019-08-28,1567022400000,,7789.185609959179,2889.518097065502,4899.667512893677,5,2
2019-08-29,1567108800000,,7901.983579845897,2914.2311193661612,4987.752460479736,5,2
2019-08-30,1567195200000,,7776.360084706448,3773.699981862209,4002.6601028442383,3,1
2019-09-03,1567540800000,,7918.457839792264,813.2179411106224,7105.239898681641,5,2
2019-09-04,1567627200000,,7940.102162534371,2705.089638883248,5235.012523651123,4,1
2019-09-05,1567713600000,,7959.491049225717,1613.0234932259605,6346.467555999756,5,2
2019-09-06,1567800000000,,8105.089218568505,1242.4590839859854,6862.6301345825195,5,2
2019-09-09,1568059200000,,7881.496551071363,4050.3266291963637,3831.169921875,3,1
2019-09-10,1568145600000,,7776.423964444981,4106.916331235752,3669.5076332092285,3,2
2019-09-11,1568232000000,,7767.236917320356,2577.424474540815,5189.812442779541,4,2
2019-09-12,1568318400000,,7827.281734641095,1033.7217599706858,6793.55997467041,5,2
2019-09-13,1568404800000,,7726.262314328134,2237.737286099375,5488.52502822876,4,2
2019-09-16,1568664000000,,7693.069745553931,480.47980262180204,7212.589942932129,5,1
2019-09-17,1568750400000,,7852.999837411841,480.47980262180204,7372.520034790039,5,1
2019-09-18,1568836800000,,7854.603303118209,3501.6432506279743,4352.960052490234,3,1
2019-09-19,1568923200000,,7827.958187438434,850.1432116999083,6977.814975738525,5,2
2019-09-20,1569009600000,,7832.498742801249,1189.0737931552533,6643.424949645996,5,2
2019-09-23,1569268800000,,7832.85387585789,1189.0737931552533,6643.780082702637,5,2
2019-09-24,1569355200000,,7786.126556785251,1533.7165683819303,6252.40998840332,5,2
2019-09-25,1569441600000,,7837.934933435634,792.7504775640514,7045.184455871582,5,1
2019-09-26,1569528000000,,7770.059791722518,472.19988266490077,7297.859909057617,5,2
2019-09-27,1569614400000,,7695.739702836917,2104.339747087405,5591.399955749512,4,2
2019-09-30,1569873600000,,7753.396569066537,318.63662033606715,7434.759948730469,5,2
2019-10-01,1569960000000,,7640.792978096619,1593.8605001455692,6046.93247795105,4,1
2019-10-02,1570046400000,,7557.638455654907,111.90108230285705,7445.737373352051,5,2
2019-10-03,1570132800000,,7518.504938874606,1970.279986176852,5548.224952697754,4,2
2019-10-04,1570219200000,,7602.670967134051,509.43356898646834,7093.237398147583,5,2
2019-10-07,1570478400000,,7653.709408798118,1205.5492830656958,6448.160125732422,5,1
2019-10-08,1570564800000,,7573.818438999473,1272.6083598063583,6301.210079193115,5,2
2019-10-09,1570651200000,,7644.468520633995,1272.6083598063583,6371.860160827637,5,2
2019-10-10,1570737600000,,7664.6096002371905,1827.5995065482252,5837.010093688965,4,1
2019-10-11,1570824000000,,7719.076079121933,1642.076033345565,6077.000045776367,4,2
2019-10-14,1571083200000,,7681.283396235423,142.97338723273765,7538.310009002686,5,2
2019-10-15,1571169600000,,7622.205533008057,172.8454255861816,7449.360107421875,5,2
2019-10-16,1571256000000,,7613.504207901237,231.5843928377608,7381.919815063477,5,2
2019-10-17,1571342400000,,7649.344539932487,231.5843928377608,7417.760147094727,5,2
2019-10-18,1571428800000,,7644.031908033317,348.6918735484546,7295.340034484863,5,2
2019-10-21,1571688000000,,7678.1834340288,374.8034596635673,7303.379974365234,5,2
2019-10-22,1571774400000,,7557.469565358797,1976.7195844322828,5580.749980926514,4,1
2019-10-23,1571860800000,,7499.707859361784,1868.29786332907,5631.409996032715,4,2
2019-10-24,1571947200000,,7519.05551727716,374.91551788751144,7144.139999389648,5,2
2019-10-25,1572033600000,,7474.953118480041,402.81318012554857,7072.139938354492,5,1
2019-10-28,1572292800000,,7419.708240124368,2949.728221508645,4469.980018615723,3,1
2019-10-29,1572379200000,,7502.811110670343,103.03117292620209,7399.779937744141,5,2
2019-10-30,1572465600000,,7525.894980434732,165.39483929093308,7360.500141143799,5,2
2019-10-31,1572552000000,,7468.723118485005,847.0469786534625,6621.676139831543,5,2
2019-11-01,1572638400000,,7503.6350942669815,1128.219032865613,6375.416061401367,5,2
2019-11-04,1572901200000,,7414.970164436783,3540.05419458815,3874.915969848633,3,1
2019-11-05,1572987600000,,7407.724906076112,807.0013419281613,6600.723564147949,5,2
2019-11-06,1573074000000,,7461.338961595673,340.90417766012547,7120.434783935547,5,2
2019-11-07,1573160400000,,7337.330338295773,2312.650269326047,5024.680068969727,4,1
2019-11-08,1573246800000,,7316.633100490226,653.8730716511145,6662.760028839111,5,2
2019-11-11,1573506000000,,7269.913418933121,741.2184879028471,6528.694931030273,5,2
2019-11-12,1573592400000,,7257.108437701431,741.2184879028471,6515.889949798584,5,2
2019-11-13,1573678800000,,7347.062758516022,658.9228010880431,6688.1399574279785,5,2
2019-11-14,1573765200000,,7358.693477281387,209.34357989674186,7149.349897384644,5,2
2019-11-15,1573851600000,,7397.604916738967,227.51495473335058,7170.089962005615,5,2
2019-11-18,1574110800000,,7334.299931242997,208.85986585908654,7125.440065383911,5,2
2019-11-19,1574197200000,,7264.9748549885735,2040.6448188252436,5224.33003616333,4,1
2019-11-20,1574283600000,,7244.328534560393,1041.6785635520923,6202.649971008301,5,1
2019-11-21,1574370000000,,7266.398545699309,1041.6785635520923,6224.719982147217,5,1
2019-11-22,1574456400000,,7293.370355447295,665.140260537627,6628.230094909668,5,2
2019-11-25,1574715600000,,7343.637495500102,1170.632570725932,6173.00492477417,5,2
2019-11-26,1574802000000,,7341.368013880061,1168.3551259253495,6173.012887954712,5,2
2019-11-27,1574888400000,,7413.494058250938,1126.5689960713723,6286.925062179565,5,2
2019-11-29,1575061200000,,7394.030810116132,728.7607409938178,6665.270069122314,5,1
2019-12-02,1575320400000,,7324.303637759352,701.4535744353768,6622.850063323975,5,1
2019-12-03,1575406800000,,7270.620205112775,731.1701967204417,6539.450008392334,5,1
2019-12-04,1575493200000,,7287.877523811147,696.6475166395169,6591.230007171631,5,1
2019-12-05,1575579600000,,7305.615961829779,840.7044017711848,6464.911560058594,5,2
2019-12-06,1575666000000,,7368.9838374508345,303.4704097164597,7065.513427734375,5,2
2019-12-09,1575925200000,,7332.413206194136,216.08144197294496,7116.331764221191,5,2
2019-12-10,1576011600000,,7347.543645952437,216.08144197294496,7131.462203979492,5,2
2019-12-11,1576098000000,,7327.829102787529,1589.1057522626281,5738.723350524902,4,2
2019-12-12,1576184400000,,7347.385449038292,131.69532834127222,7215.6901206970215,5,2
2019-12-13,1576270800000,,7479.097122680094,630.3683171381015,6848.728805541992,5,2
2019-12-16,1576530000000,,7530.245002982322,728.4548876258762,6801.790115356445,5,2
2019-12-17,1576616400000,,7518.639818972237,283.40986902106397,7235.229949951172,5,2
2019-12-18,1576702800000,,7479.0042761694895,220.274440659236,7258.729835510254,5,2
2019-12-19,1576789200000,,7466.444518936823,220.274440659236,7246.170078277588,5,2
2019-12-20,1576875600000,,7578.857927816882,203.86153270579848,7374.996395111084,5,2
2019-12-23,1577134800000,,7553.34136129773,309.9703447953498,7243.37101650238,5,2
2019-12-24,1577221200000,,7623.381299798913,458.35902005953244,7165.02227973938,5,2
2019-12-26,1577394000000,,7640.99150751072,1723.244536380349,5917.746971130371,4,2
2019-12-27,1577480400000,,7640.205476581579,3249.655473529821,4390.550003051758,3,1
2019-12-30,1577739600000,,7624.3827892159015,267.942840180257,7356.4399490356445,5,2
2019-12-31,1577826000000,,7694.02287252889,267.942840180257,7426.080032348633,5,2
2020-01-02,1577998800000,,7752.175323679366,532.5128652595649,7219.6624584198,5,2
2020-01-03,1578085200000,,7698.315953551802,538.2658742060987,7160.050079345703,5,2
2020-01-06,1578344400000,,7724.535962401899,538.2658742060987,7186.270088195801,5,2
2020-01-07,1578430800000,,7700.880851832286,552.3208352002052,7148.56001663208,5,1
2020-01-08,1578517200000,,7703.239745821162,282.5897671834666,7420.649978637695,5,2
2020-01-09,1578603600000,,7704.2578389624205,212.60799765382671,7491.649841308594,5,2
2020-01-10,1578690000000,,7666.889727092243,349.8196358446846,7317.070091247559,5,2
2020-01-13,1578949200000,,7677.99337446747,1657.013462663271,6020.979911804199,4,1
2020-01-14,1579035600000,,7689.269765359012,366.3097586451438,7322.960006713867,5,2
2020-01-15,1579122000000,,7738.827023693301,597.0669910394929,7141.760032653809,5,2
2020-01-16,1579208400000,,7795.429418553866,481.8605365653402,7313.568881988525,5,1
2020-01-17,1579294800000,,7849.605520277888,356.00614741411823,7493.5993728637695,5,2
2020-01-21,1579640400000,,7776.62195602017,719.8836289938024,7056.738327026367,5,2
2020-01-22,1579726800000,,7772.879546341916,683.7044364786348,7089.175109863281,5,2
2020-01-23,1579813200000,,7919.600143527446,1730.2582741731997,6189.341869354248,4,1
2020-01-24,1579899600000,,7833.45104266255,321.3013463124523,7512.149696350098,5,2
2020-01-27,1580158800000,,7690.175309615657,1679.655322509335,6010.519987106323,4,2
2020-01-28,1580245200000,,7657.537258271252,1598.7473660745968,6058.789892196655,4,1
2020-01-29,1580331600000,,7601.098892201258,82.37902068026233,7518.719871520996,5,2
2020-01-30,1580418000000,,7634.303965183947,1565.6140504805783,6068.689914703369,4,2
2020-01-31,1580504400000,,7524.012486112276,1558.7124992729814,5965.299986839294,4,2
2020-02-03,1580763600000,,7622.842518983835,112.70258062934295,7510.139938354492,5,1
2020-02-04,1580850000000,,7686.161072914145,145.77099723055085,7540.390075683594,5,1
2020-02-05,1580936400000,,7901.614765494143,236.6647685459011,7664.949996948242,5,1
2020-02-06,1581022800000,,7851.813264019827,592.543164379935,7259.270099639893,5,2
2020-02-07,1581109200000,,7798.1101924250925,2023.3902064631782,5774.719985961914,4,2
2020-02-10,1581368400000,,7831.308345335401,485.1182284530771,7346.190116882324,5,2
2020-02-11,1581454800000,,7932.2990468204025,1971.5390446841716,5960.7600021362305,4,1
2020-02-12,1581541200000,,7956.538813654264,2099.7888174689615,5856.749996185303,4,1
2020-02-13,1581627600000,,8006.679087673833,922.7892408720757,7083.889846801758,5,1
2020-02-14,1581714000000,,8074.9644063437745,1249.3142960990237,6825.650110244751,5,1
2020-02-18,1582059600000,,7964.820399027125,1122.3304030707036,6842.489995956421,5,2
2020-02-19,1582146000000,,7914.403773156801,1212.903763620058,6701.500009536743,5,2
2020-02-20,1582232400000,,7935.19194570133,2352.0919701153925,5583.0999755859375,4,2
2020-02-21,1582318800000,,7889.376198423322,865.2763067607248,7024.099891662598,5,2
2020-02-24,1582578000000,,7755.372600092306,463.30284072340964,7292.0697593688965,5,2
2020-02-25,1582664400000,,7472.9899877451135,3450.540049924678,4022.4499378204346,3,1
2020-02-26,1582750800000,,7463.96843297948,1384.6144538687627,6079.353979110718,5,2
2020-02-27,1582837200000,,7350.19020884643,5312.920303756098,2037.269905090332,2,1
2020-02-28,1582923600000,,7235.090205461233,7235.090205461233,0,0,0
2020-03-02,1583182800000,,7235.090205461233,7235.090205461233,0,0,0
2020-03-03,1583269200000,,7195.3710470123815,4871.971022598319,2323.4000244140625,2,1
2020-03-04,1583355600000,,7288.710270777427,7288.710270777427,0,0,0
2020-03-05,1583442000000,,7288.710270777427,7288.710270777427,0,0,0
2020-03-06,1583528400000,,7288.710270777427,7288.710270777427,0,0,0
2020-03-09,1583784000000,,7288.710270777427,7288.710270777427,0,0,0
2020-03-10,1583870400000,,7288.710270777427,7288.710270777427,0,0,0
2020-03-11,1583956800000,,7288.710270777427,7288.710270777427,0,0,0
2020-03-12,1584043200000,,7288.710270777427,7288.710270777427,0,0,0
2020-03-13,1584129600000,,7288.710270777427,7288.710270777427,0,0,0
2020-03-16,1584388800000,,7288.710270777427,7288.710270777427,0,0,0
2020-03-17,1584475200000,,7288.710270777427,7288.710270777427,0,0,0
2020-03-18,1584561600000,,7288.710270777427,7288.710270777427,0,0,0
2020-03-19,1584648000000,,7288.710270777427,7288.710270777427,0,0,0
2020-03-20,1584734400000,,7288.710270777427,7288.710270777427,0,0,0
2020-03-23,1584993600000,,7288.710270777427,7288.710270777427,0,0,0
2020-03-24,1585080000000,,7288.710270777427,7288.710270777427,0,0,0
2020-03-25,1585166400000,,7288.710270777427,7288.710270777427,0,0,0
2020-03-26,1585252800000,,7288.710270777427,7288.710270777427,0,0,0
2020-03-27,1585339200000,,7288.710270777427,7288.710270777427,0,0,0
2020-03-30,1585598400000,,7288.710270777427,7288.710270777427,0,0,0
2020-03-31,1585684800000,,7288.710270777427,7288.710270777427,0,0,0
2020-04-01,1585771200000,,7288.710270777427,7288.710270777427,0,0,0
2020-04-02,1585857600000,,7288.710270777427,7288.710270777427,0,0,0
2020-04-03,1585944000000,,7288.710270777427,7288.710270777427,0,0,0
2020-04-06,1586203200000,,7288.710270777427,7288.710270777427,0,0,0
2020-04-07,1586289600000,,7288.710270777427,7288.710270777427,0,0,0
2020-04-08,1586376000000,,7288.710270777427,7288.710270777427,0,0,0
2020-04-09,1586462400000,,7288.710270777427,7288.710270777427,0,0,0
2020-04-13,1586808000000,,7288.710270777427,7288.710270777427,0,0,0
2020-04-14,1586894400000,,7288.710270777427,7288.710270777427,0,0,0
2020-04-15,1586980800000,,7288.710270777427,7288.710270777427,0,0,0
2020-04-16,1587067200000,,7288.710270777427,7288.710270777427,0,0,0
2020-04-17,1587153600000,,7288.710270777427,7288.710270777427,0,0,0
2020-04-20,1587412800000,,7288.710270777427,7288.710270777427,0,0,0
2020-04-21,1587499200000,,7288.710270777427,7288.710270777427,0,0,0
2020-04-22,1587585600000,,7288.710270777427,7288.710270777427,0,0,0
2020-04-23,1587672000000,,7288.710270777427,7288.710270777427,0,0,0
2020-04-24,1587758400000,,7288.710270777427,7288.710270777427,0,0,0
2020-04-27,1588017600000,,7288.710270777427,7288.710270777427,0,0,0
2020-04-28,1588104000000,,7288.710270777427,7288.710270777427,0,0,0
2020-04-29,1588190400000,,7288.710270777427,7288.710270777427,0,0,0
2020-04-30,1588276800000,,7288.710270777427,7288.710270777427,0,0,0
2020-05-01,1588363200000,,7288.710270777427,7288.710270777427,0,0,0
2020-05-04,1588622400000,,7288.710270777427,7288.710270777427,0,0,0
2020-05-05,1588708800000,,7288.710270777427,7288.710270777427,0,0,0
2020-05-06,1588795200000,,7288.710270777427,7288.710270777427,0,0,0
2020-05-07,1588881600000,,7288.710270777427,7288.710270777427,0,0,0
2020-05-08,1588968000000,,7288.710270777427,7288.710270777427,0,0,0
2020-05-11,1589227200000,,7288.710270777427,7288.710270777427,0,0,0
2020-05-12,1589313600000,,7288.710270777427,7288.710270777427,0,0,0
2020-05-13,1589400000000,,7288.710270777427,7288.710270777427,0,0,0
2020-05-14,1589486400000,,7288.710270777427,7288.710270777427,0,0,0
2020-05-15,1589572800000,,7288.710270777427,7288.710270777427,0,0,0
2020-05-18,1589832000000,,7288.710270777427,7288.710270777427,0,0,0
2020-05-19,1589918400000,,7288.710270777427,7288.710270777427,0,0,0
2020-05-20,1590004800000,,7288.710270777427,7288.710270777427,0,0,0
2020-05-21,1590091200000,,7288.710270777427,7288.710270777427,0,0,0
2020-05-22,1590177600000,,7288.710270777427,7288.710270777427,0,0,0
2020-05-26,1590523200000,,7288.710270777427,7288.710270777427,0,0,0
2020-05-27,1590609600000,,7288.710270777427,7288.710270777427,0,0,0
2020-05-28,1590696000000,,7325.318087665233,2690.738112537059,4634.579975128174,5,2
2020-05-29,1590782400000,,7364.173321155921,2450.886593250648,4913.286727905273,5,2
2020-06-01,1591041600000,,7355.51034871006,5306.400325211524,2049.110023498535,2,1
2020-06-02,1591128000000,,7359.39821622966,7359.39821622966,0,0,0
2020-06-03,1591214400000,,7359.39821622966,7359.39821622966,0,0,0
2020-06-04,1591300800000,,7359.39821622966,7359.39821622966,0,0,0
2020-06-05,1591387200000,,7349.959577648628,2133.88951310395,5216.070064544678,5,2
2020-06-08,1591646400000,,7413.099262144874,2022.37256613047,5390.726696014404,5,2
2020-06-09,1591732800000,,7417.93419767102,3343.214200265015,4074.719997406006,4,1
2020-06-10,1591819200000,,7387.858402376801,2069.065220003754,5318.793182373047,5,2
2020-06-11,1591905600000,,7277.044154780793,3707.1042286333313,3569.939926147461,3,2
2020-06-12,1591992000000,,7316.1551999394915,7316.1551999394915,0,0,0
2020-06-15,1592251200000,,7516.1721883574755,832.4271550933156,6683.74503326416,5,2
2020-06-16,1592337600000,,7635.664086588868,2304.2790253248295,5331.385061264038,4,2
2020-06-17,1592424000000,,7631.498578798626,7631.498578798626,0,0,0
2020-06-18,1592510400000,,7631.498578798626,7631.498578798626,0,0,0
2020-06-19,1592596800000,,7631.498578798626,7631.498578798626,0,0,0
2020-06-22,1592856000000,,7659.462526670511,2300.48251949888,5358.980007171631,5,2
2020-06-23,1592942400000,,7595.550776372171,2550.1582936146024,5045.392482757568,5,2
2020-06-24,1593028800000,,7505.455820927835,2550.1582936146024,4955.297527313232,5,2
2020-06-25,1593115200000,,7507.088110048027,1848.6180554215632,5658.470054626465,5,2
2020-06-26,1593201600000,,7457.494761808953,1652.4349397264339,5805.0598220825195,5,2
2020-06-29,1593460800000,,7481.140032593628,7481.140032593628,0,0,0
2020-06-30,1593547200000,,7481.140032593628,7481.140032593628,0,0,0
2020-07-01,1593633600000,,7505.029213296101,6614.419216500447,890.6099967956543,1,1
2020-07-02,1593720000000,,7523.297576677136,6032.817519914441,1490.4800567626953,1,1
2020-07-06,1594065600000,,7529.599492739822,7529.599492739822,0,0,0
2020-07-07,1594152000000,,7541.8233586513215,6039.2633000575715,1502.56005859375,1,1
2020-07-08,1594238400000,,7517.823800757225,2664.433732703026,4853.390068054199,5,1
2020-07-09,1594324800000,,7527.593805029686,2664.433732703026,4863.16007232666,5,1
2020-07-10,1594411200000,,7529.336131588676,2358.1962237517623,5171.139907836914,5,1
2020-07-13,1594670400000,,7509.386210934379,2358.1962237517623,5151.189987182617,5,1
2020-07-14,1594756800000,,7579.8562884490275,2358.1962237517623,5221.660064697266,5,1
2020-07-15,1594843200000,,7636.925991416863,2409.8618739852227,5227.064117431641,5,2
2020-07-16,1594929600000,,7615.7156733551565,3561.295598892266,4054.4200744628906,4,2
2020-07-17,1595016000000,,7649.016316660546,2916.915395029687,4732.100921630859,5,2
2020-07-20,1595275200000,,7747.315223308338,4396.303207011952,3351.0120162963867,3,2
2020-07-21,1595361600000,,7775.268910814137,5110.2789320238535,2664.989978790283,2,1
2020-07-22,1595448000000,,7826.092639392196,6611.17265648204,1214.9199829101562,1,1
2020-07-23,1595534400000,,7749.395521054914,4343.165441404034,3406.230079650879,3,1
2020-07-24,1595620800000,,7735.091117270369,1687.9611200169493,6047.129997253418,5,2
2020-07-27,1595880000000,,7859.8912156895585,1687.9611200169493,6171.930095672607,5,2
2020-07-28,1595966400000,,7790.904903060422,1364.2149425806856,6426.689960479736,5,2
2020-07-29,1596052800000,,7817.933699060956,1854.0236648812686,5963.9100341796875,5,2
2020-07-30,1596139200000,,7799.073161596998,4055.893249029859,3743.1799125671387,3,2
2020-07-31,1596225600000,,7792.529080828688,1273.0492148008557,6519.479866027832,5,2
2020-08-03,1596484800000,,7881.349378069899,1273.0492148008557,6608.300163269043,5,2
2020-08-04,1596571200000,,7923.320425507018,581.0103821720556,7342.310043334961,5,2
2020-08-05,1596657600000,,7869.233420393881,1657.2034216145837,6212.029998779297,5,2
2020-08-06,1596744000000,,7813.993376753744,1657.2034216145837,6156.78995513916,5,2
2020-08-07,1596830400000,,7879.807962776152,1481.0878814468058,6398.720081329346,5,2
2020-08-10,1597089600000,,7885.746923505711,3286.936929761814,4598.8099937438965,4,2
2020-08-11,1597176000000,,7808.986459320271,1894.5864387209053,5914.400020599365,5,2
2020-08-12,1597262400000,,7855.016458099568,1894.5864387209053,5960.430019378662,5,2
2020-08-13,1597348800000,,7787.147074765022,4597.107092922981,3190.039981842041,3,2
2020-08-14,1597435200000,,7774.544175835258,3863.5799424368206,3910.9642333984375,3,1
2020-08-17,1597694400000,,7817.388800835868,1077.315688348076,6740.073112487793,5,2
2020-08-18,1597780800000,,7886.020506005393,759.0463925410386,7126.9741134643555,5,2
2020-08-19,1597867200000,,7872.490950416631,1246.5508621445354,6625.940088272095,5,2
2020-08-20,1597953600000,,7818.592808078832,1246.5508621445354,6572.041945934296,5,2
2020-08-21,1598040000000,,7814.077220213943,925.5585358267358,6888.518684387207,5,2
2020-08-24,1598299200000,,7877.570708860069,1128.0196453224728,6749.551063537598,5,2
2020-08-25,1598385600000,,7890.221925733773,1132.0422916395355,6758.179634094238,5,2
2020-08-26,1598472000000,,7894.045037416772,1130.684579042749,6763.360458374023,5,2
2020-08-27,1598558400000,,7843.697025258104,558.8300361223619,7284.866989135742,5,2
2020-08-28,1598644800000,,7826.041552535013,1003.9388379964387,6822.102714538574,5,2
2020-08-31,1598904000000,,7894.162623396829,1003.9388379964387,6890.223785400391,5,2
2020-09-01,1598990400000,,7871.289180958323,1422.6869547009987,6448.602226257324,5,2
2020-09-02,1599076800000,,7912.432071888499,1422.6869547009987,6489.7451171875,5,2
2020-09-03,1599163200000,,7874.826044507401,7874.826044507401,0,0,0
2020-09-04,1599249600000,,7646.086303144526,4972.716323286128,2673.3699798583984,2,1
2020-09-08,1599595200000,,7552.405297707102,2161.1452803120833,5391.2600173950195,4,1
2020-09-09,1599681600000,,7614.036179541843,928.5036592476531,6685.532520294189,5,2
2020-09-10,1599768000000,,7568.274917206486,1599.140000900943,5969.134916305542,5,2
2020-09-11,1599854400000,,7572.118575941777,1492.555698286746,6079.562877655029,5,2
2020-09-14,1600113600000,,7634.067154324649,1800.0649150973543,5834.002239227295,5,2
2020-09-15,1600200000000,,7622.012843340946,1691.6477386656534,5930.365104675293,5,2
2020-09-16,1600286400000,,7621.025517672611,1691.6477386656534,5929.377779006958,5,2
2020-09-17,1600372800000,,7554.496321500755,2827.396345914817,4727.0999755859375,4,2
2020-09-18,1600459200000,,7521.878254203464,2545.198269157078,4976.679985046387,4,2
2020-09-21,1600718400000,,7540.387728068776,1591.871141765065,5948.516586303711,5,2
2020-09-22,1600804800000,,7623.164549464154,780.7061678113221,6842.458381652832,5,2
2020-09-23,1600891200000,,7494.812536829877,780.7061678113221,6714.106369018555,5,2
2020-09-24,1600977600000,,7483.572546595502,780.7061678113221,6702.86637878418,5,2
2020-09-25,1601064000000,,7557.8304556372805,680.3701132300537,6877.460342407227,5,2
2020-09-28,1601323200000,,7689.028748867375,1206.139584896428,6482.889163970947,5,2
2020-09-29,1601409600000,,7683.855326189781,7683.855326189781,0,0,0
2020-09-30,1601496000000,,7692.378076795807,6346.815080885162,1345.5629959106445,1,1
2020-10-01,1601582400000,,7675.712305823116,6762.272295752316,913.4400100708008,1,1
2020-10-02,1601668800000,,7709.484606588574,5511.5746506101805,2197.9099559783936,2,1
2020-10-05,1601928000000,,7741.044295783318,2316.60429715661,5424.439998626709,5,2
2020-10-06,1602014400000,,7717.498292131979,4034.9783107477015,3682.5199813842773,3,1
2020-10-07,1602100800000,,7774.576115963476,1611.9360707974604,6162.640045166016,5,1
2020-10-08,1602187200000,,7789.72789212213,4755.347902498106,3034.3799896240234,2,1
2020-10-09,1602273600000,,7753.490629406348,5095.640592785254,2657.8500366210938,2,1
2020-10-12,1602532800000,,7845.380598278418,5095.640592785254,2749.740005493164,2,1
2020-10-13,1602619200000,,7887.658214132223,6664.498210470114,1223.1600036621094,1,1
2020-10-14,1602705600000,,7854.122922102992,2881.6528217001596,4972.470100402832,5,2
2020-10-15,1602792000000,,7884.652829329554,2881.6528217001596,5003.0000076293945,5,2
2020-10-16,1602878400000,,7899.135474332912,2482.195414671046,5416.940059661865,5,1
2020-10-19,1603137600000,,7810.612290862735,2134.3522620236236,5676.260028839111,5,2
2020-10-20,1603224000000,,7886.333590347896,1760.8934849096631,6125.440105438232,5,1
2020-10-21,1603310400000,,7863.980104001408,1400.437978299504,6463.542125701904,5,2
2020-10-22,1603396800000,,7867.805510019963,1739.814577555363,6127.9909324646,5,2
2020-10-23,1603483200000,,7873.575286605541,1771.1131093289296,6102.462177276611,5,2
2020-10-26,1603742400000,,7801.631099441234,1771.1131093289296,6030.517990112305,5,2
2020-10-27,1603828800000,,7766.621838086418,1568.2668232853919,6198.355014801025,5,2
2020-10-28,1603915200000,,7637.644124952259,2064.1283130320917,5573.515811920166,4,2
2020-10-29,1604001600000,,7707.776824165554,551.1068412553966,7156.669982910156,5,2
2020-10-30,1604088000000,,7681.824877907009,551.1068412553966,7130.718036651611,5,2
2020-11-02,1604350800000,,7809.0989677202415,551.1068412553966,7257.992126464844,5,2
2020-11-03,1604437200000,,7968.369386976862,1960.8242247759345,6007.545162200928,5,1
2020-11-04,1604523600000,,8109.477557766941,3609.8966899996067,4499.580867767334,4,1
2020-11-05,1604610000000,,8179.186141669812,5866.94610565907,2312.240036010742,2,1
2020-11-06,1604696400000,,8215.826080024304,5866.94610565907,2348.8799743652344,2,1
2020-11-09,1604955600000,,8307.557627300503,8307.557627300503,0,0,0
2020-11-10,1605042000000,,8510.126154097652,2172.5861531821247,6337.540000915527,5,2
2020-11-11,1605128400000,,8631.284476450564,3977.9694282327914,4653.315048217773,4,2
2020-11-12,1605214800000,,8577.457240426902,6301.0672257784645,2276.3900146484375,2,1
2020-11-13,1605301200000,,8596.52628831298,3974.316373151847,4622.209915161133,4,1
2020-11-16,1605560400000,,8611.274888670952,6847.07487646392,1764.2000122070312,2,1
2020-11-17,1605646800000,,8611.224931395562,6847.07487646392,1764.1500549316406,2,1
2020-11-18,1605733200000,,8523.129380815419,2835.289395921619,5687.839984893799,5,1
2020-11-19,1605819600000,,8534.19139211253,2611.2747203596,5922.91667175293,5,2
2020-11-20,1605906000000,,8550.05138163838,2586.691415360302,5963.359966278076,5,2
2020-11-23,1606165200000,,8473.834931301373,2912.154900478619,5561.680030822754,5,2
2020-11-24,1606251600000,,8446.448527245117,3396.8784855886233,5049.570041656494,5,2
2020-11-25,1606338000000,,8465.886069887101,2805.866019838273,5660.020050048828,5,2
2020-11-27,1606510800000,,8438.038461907609,2051.2183706600504,6386.820091247559,5,2
2020-11-30,1606770000000,,8414.316816711518,2079.5863937378854,6334.730422973633,5,2
2020-12-01,1606856400000,,8482.935427204455,2200.1452813304304,6282.790145874023,5,2
2020-12-02,1606942800000,,8442.0763900531,2621.676388527221,5820.400001525879,5,2
2020-12-03,1607029200000,,8420.706455971069,2621.676388527221,5799.030067443848,5,2
2020-12-04,1607115600000,,8464.57379968002,3432.4637380345116,5032.110061645508,4,2
2020-12-07,1607374800000,,8414.821208507596,1889.561122448026,6525.26008605957,5,2
2020-12-08,1607461200000,,8438.697098537401,1433.7604530295885,7004.9366455078125,5,2
2020-12-09,1607547600000,,8454.52392334567,919.4839338742356,7535.039989471436,5,2
2020-12-10,1607634000000,,8365.012691177271,553.4427105559332,7811.569980621338,5,2
2020-12-11,1607720400000,,8344.895657600664,525.365578712725,7819.530078887939,5,2
2020-12-14,1607979600000,,8312.41064554622,525.365578712725,7787.045066833496,5,2
2020-12-15,1608066000000,,8388.998393780355,2326.008399731283,6062.989994049072,4,1
2020-12-16,1608152400000,,8323.842927832906,1162.6163004830516,7161.2266273498535,5,2
2020-12-17,1608238800000,,8332.318850738575,752.6688225098153,7579.65002822876,5,1
2020-12-18,1608325200000,,8258.542560300853,1265.3525120830807,6993.190048217773,5,2
2020-12-21,1608584400000,,8210.20681592065,2768.446832857905,5441.759983062744,4,1
2020-12-22,1608670800000,,8115.374864170786,1235.2049041488142,6880.169960021973,5,2
2020-12-23,1608757200000,,8228.644727299448,1235.2049041488142,6993.439823150635,5,2
2020-12-24,1608843600000,,8245.616249507115,1146.272953456089,7099.343296051025,5,2
2020-12-28,1609189200000,,8249.161902405378,1041.5152807012748,7207.646621704102,5,2
2020-12-29,1609275600000,,8262.718403122013,2145.420776626652,6117.297626495361,5,2
2020-12-30,1609362000000,,8263.240723415047,1737.989018245369,6525.251705169678,5,1
2020-12-31,1609448400000,,8270.798659826947,1186.7275271670344,7084.071132659912,5,2
2021-01-04,1609794000000,,8194.876929669757,1663.7502512029614,6531.126678466797,5,2
2021-01-05,1609880400000,,8209.952880292316,1663.7502512029614,6546.2026290893555,5,2
2021-01-06,1609966800000,,8222.67949634972,2934.140052379992,5288.539443969727,4,2
2021-01-07,1610053200000,,8353.536751031868,3255.068340539927,5098.468410491943,4,2
2021-01-08,1610139600000,,8411.193855373966,1884.2385483671294,6526.955307006836,5,2
2021-01-11,1610398800000,,8392.042462063297,4092.675026607974,4299.367435455322,3,2
2021-01-12,1610485200000,,8352.212192580806,827.5009212947948,7524.711271286011,5,2
2021-01-13,1610571600000,,8370.449089528407,458.40910959371445,7912.039979934692,5,2
2021-01-14,1610658000000,,8269.36230466305,653.5921783202755,7615.770126342773,5,2
2021-01-15,1610744400000,,8221.672959709285,2070.092889213679,6151.5800704956055,4,1
2021-01-19,1611090000000,,8179.686178336948,1313.8762494429043,6865.809928894043,5,2
2021-01-20,1611176400000,,8333.248777519077,1313.8762494429043,7019.372528076172,5,2
2021-01-21,1611262800000,,8305.032376249961,713.1624955736916,7591.8698806762695,5,2
2021-01-22,1611349200000,,8212.942639311485,713.1624955736916,7499.780143737793,5,2
2021-01-25,1611608400000,,8188.21181405001,2178.3317595761328,6009.880054473877,4,2
2021-01-26,1611694800000,,8111.6134295633,1120.413451688544,6991.199977874756,5,2
2021-01-27,1611781200000,,7912.572825250172,4906.932810601735,3005.6400146484375,2,1
2021-01-28,1611867600000,,7977.709168594793,1620.209191482976,6357.499977111816,5,2
2021-01-29,1611954000000,,7922.197351236578,1644.3773668005424,6277.819984436035,5,2
2021-02-01,1612213200000,,8025.657335062261,1644.3773668005424,6381.279968261719,5,2
2021-02-02,1612299600000,,8133.759856219236,2070.1099157285134,6063.649940490723,5,2
2021-02-03,1612386000000,,8103.150805422034,2161.5607633077757,5941.590042114258,5,2
2021-02-04,1612472400000,,8254.437478194099,1672.487473616461,6581.950004577637,5,2
2021-02-05,1612558800000,,8191.650186538767,2401.2225475312002,5790.427639007568,5,2
2021-02-08,1612818000000,,8268.86212348945,2401.2225475312002,5867.639575958252,5,2
2021-02-09,1612904400000,,8299.92909351582,2278.0764781593743,6021.852615356445,5,2
2021-02-10,1612990800000,,8378.706854374863,2161.9369340257413,6216.769920349121,5,2
2021-02-11,1613077200000,,8328.237228817867,2236.0771412324184,6092.160087585449,5,2
2021-02-12,1613163600000,,8362.067139096187,2236.0771412324184,6125.9899978637695,5,2
2021-02-16,1613509200000,,8345.252392779646,1471.450665484723,6873.801727294922,5,2
2021-02-17,1613595600000,,8400.009267680662,1426.3340567279033,6973.675210952759,5,1
2021-02-18,1613682000000,,8465.770493652051,1233.1834136502212,7232.587080001831,5,2
2021-02-19,1613768400000,,8437.707591212984,2215.9676391255834,6221.739952087402,5,1
2021-02-22,1614027600000,,8312.256261681867,3537.4761866086246,4774.780075073242,4,2
2021-02-23,1614114000000,,8291.833604661311,3231.343683091488,5060.489921569824,4,2
2021-02-24,1614200400000,,8243.817439304143,1660.8574478490643,6582.959991455078,5,2
2021-02-25,1614286800000,,8132.1478941077075,1584.0579778784602,6548.089916229248,5,2
2021-02-26,1614373200000,,8058.386295679378,3556.666225794125,4501.720069885254,4,1
2021-03-01,1614632400000,,8225.346236682171,2269.696101641888,5955.650135040283,5,1
2021-03-02,1614718800000,,8230.446124173162,2621.4261160860033,5609.020008087158,4,2
2021-03-03,1614805200000,,8137.120970597467,2410.3859776165095,5726.734992980957,4,2
2021-03-04,1614891600000,,8049.859481119638,316.91937186670884,7732.94010925293,5,2
2021-03-05,1614978000000,,8177.983945036784,910.7738467701818,7267.210098266602,5,2
2021-03-08,1615237200000,,8202.995068625147,1537.9551134859869,6665.03995513916,5,2
2021-03-09,1615323600000,,8276.432539115782,4559.902528892393,3716.5300102233887,3,1
2021-03-10,1615410000000,,8296.388752530975,5292.058723997038,3004.3300285339355,3,1
2021-03-11,1615496400000,,8308.618544729125,6215.768496663939,2092.8500480651855,2,1
2021-03-12,1615582800000,,8409.414022229124,6692.313974163939,1717.1000480651855,1,1
2021-03-15,1615838400000,,8327.738202204138,8327.738202204138,0,0,0
2021-03-16,1615924800000,,8316.059881978552,4172.309912496131,4143.749969482422,3,1
2021-03-17,1616011200000,,8343.321071733164,1784.3511201035262,6558.969951629639,5,2
2021-03-18,1616097600000,,8296.597347417812,1405.4672929439346,6891.130054473877,5,2
2021-03-19,1616184000000,,8237.117252508144,1405.4672929439346,6831.649959564209,5,2
2021-03-22,1616443200000,,8239.321839450831,1761.0017558326679,6478.320083618164,5,2
2021-03-23,1616529600000,,8183.735889051001,1479.0159221625743,6704.719966888428,5,1
2021-03-24,1616616000000,,8200.635985944311,1479.0159221625743,6721.620063781738,5,1
2021-03-25,1616702400000,,8352.208424336495,2088.588474995674,6263.61994934082,5,2
2021-03-26,1616788800000,,8423.141789726062,3396.39186220531,5026.749927520752,5,2
2021-03-29,1617048000000,,8395.252044786304,5460.687063325733,2934.5649814605713,3,1
2021-03-30,1617134400000,,8385.66666252368,5033.54662735217,3352.120035171509,3,2
2021-03-31,1617220800000,,8497.726599047117,5033.54662735217,3464.1799716949463,3,2
2021-04-01,1617307200000,,8506.651512808992,1051.1650511695889,7455.486461639404,5,2
2021-04-05,1617652800000,,8534.273884945407,1314.2721225552702,7220.001762390137,5,1
2021-04-06,1617739200000,,8504.543944578227,4410.504080991801,4094.039863586426,3,1
2021-04-07,1617825600000,,8709.855833404521,2773.8757423095503,5935.980091094971,4,2
2021-04-08,1617912000000,,8621.901986067061,3268.1874627516318,5353.71452331543,4,2
2021-04-09,1617998400000,,8715.94517298442,2009.353620250045,6706.591552734375,5,2
2021-04-12,1618257600000,,8699.937999762826,1437.2902031319657,7262.647796630859,5,2
2021-04-13,1618344000000,,8621.294797136183,2937.526250078078,5683.7685470581055,4,2
2021-04-14,1618430400000,,8701.040040449552,1929.5132593674002,6771.526781082153,5,2
2021-04-15,1618516800000,,8656.393495399961,2871.5200899434194,5784.873405456543,5,2
2021-04-16,1618603200000,,8650.990680729925,3597.4307098742133,5053.559970855713,5,2
2021-04-19,1618862400000,,8590.810760533392,3597.4307098742133,4993.38005065918,5,2
2021-04-20,1618948800000,,8410.171099141115,5505.111097767824,2905.060001373291,3,2
2021-04-21,1619035200000,,8600.608882701654,2960.188918864983,5640.41996383667,5,2
2021-04-22,1619121600000,,8565.915894659322,1675.2309018690994,6890.684992790222,5,2
2021-04-23,1619208000000,,8604.596703696592,1903.6929904702736,6700.903713226318,5,2
2021-04-26,1619467200000,,8584.045677164126,1168.2729968815322,7415.772680282593,5,2
2021-04-27,1619553600000,,8641.239273004448,760.1345862673888,7881.104686737061,5,2
2021-04-28,1619640000000,,8655.83960336511,629.8700160390601,8025.96958732605,5,2
2021-04-29,1619726400000,,8701.221837170624,604.3216754274595,8096.900161743164,5,2
2021-04-30,1619812800000,,8633.408331038583,419.6683179160236,8213.740013122559,5,1
2021-05-03,1620072000000,,8669.686228776318,445.88626768623044,8223.799961090088,5,2
2021-05-04,1620158400000,,8560.652550786454,647.2224894461222,7913.430061340332,5,2
2021-05-05,1620244800000,,8471.610915278394,4337.970835780102,4133.640079498291,3,1
2021-05-06,1620331200000,,8398.15875606945,3768.728725246695,4629.430030822754,3,1
2021-05-07,1620417600000,,8468.494810697397,1118.9622713297222,7349.532539367676,5,2
2021-05-10,1620676800000,,8360.865710299922,1438.185767215205,6922.679943084717,5,2
2021-05-11,1620763200000,,8341.041230285946,1502.20118435699,6838.840045928955,5,2
2021-05-12,1620849600000,,8188.2055221192895,1045.8255000703389,7142.38002204895,5,2
2021-05-13,1620936000000,,8229.627749653619,2590.349528523247,5639.278221130371,4,2
2021-05-14,1621022400000,,8333.110487623146,1385.659857435158,6947.450630187988,5,2
2021-05-17,1621281600000,,8276.190446397424,3674.940400621056,4601.250045776367,3,1
2021-05-18,1621368000000,,8244.895462540613,2085.1255193033076,6159.769943237305,4,2
2021-05-19,1621454400000,,8240.278794499787,464.30873224392826,7775.970062255859,5,2
2021-05-20,1621540800000,,8266.928405571953,479.21834545232537,7787.710060119629,5,2
2021-05-21,1621627200000,,8399.47589536453,907.3658337190225,7492.110061645508,5,2
2021-05-24,1621886400000,,8190.1052874540665,1449.0552233671503,6741.050064086914,5,1
2021-05-25,1621972800000,,8161.04100890175,1367.331021261369,6793.709987640381,5,1
2021-05-26,1622059200000,,8171.044905049418,778.993692738627,7392.051212310791,5,2
2021-05-27,1622145600000,,8124.042475970714,607.9223664126082,7516.1201095581055,5,2
2021-05-28,1622232000000,,8147.950017433975,283.7809233482815,7864.169094085693,5,2
2021-06-01,1622577600000,,8149.241453213435,1073.9315166899964,7075.3099365234375,5,2
2021-06-02,1622664000000,,8178.2615395018875,1073.9315166899964,7104.33002281189,5,2
2021-06-03,1622750400000,,8199.810937469312,1219.9109893491952,6979.899948120117,5,2
2021-06-04,1622836800000,,8203.702823971198,1270.4929564937804,6933.209867477417,5,2
2021-06-07,1623096000000,,8131.311403113579,2316.309915381645,5815.001487731934,4,2
2021-06-08,1623182400000,,8132.554435310227,715.1974406813204,7417.356994628906,5,2
2021-06-09,1623268800000,,8071.475487393914,554.8216025062186,7516.653884887695,5,2
2021-06-10,1623355200000,,8084.937424344597,554.8216025062186,7530.115821838379,5,2
2021-06-11,1623441600000,,8111.271549728482,482.6650014191557,7628.606548309326,5,2
2021-06-14,1623700800000,,7991.199255427741,613.9482512086863,7377.251004219055,5,2
2021-06-15,1623787200000,,8061.417051753425,613.9482512086863,7447.468800544739,5,2
2021-06-16,1623873600000,,8039.665843309174,2000.255743325959,6039.410099983215,4,2
2021-06-17,1623960000000,,7770.87172344707,7770.87172344707,0,0,0
2021-06-18,1624046400000,,7688.064694790957,471.50471249115276,7216.559982299805,5,1
2021-06-21,1624305600000,,7847.128325737903,608.0484764947387,7239.079849243164,5,2
2021-06-22,1624392000000,,7827.662516534996,838.7676038152697,6988.894912719727,5,2
2021-06-23,1624478400000,,7855.239744706305,825.8415456248842,7029.398199081421,5,2
2021-06-24,1624564800000,,7878.829341136268,1564.3897792923958,6314.439561843872,5,2
2021-06-25,1624651200000,,8034.826214634188,1254.70442279459,6780.1217918396,5,2
2021-06-28,1624910400000,,7963.985159081837,1030.3150884336435,6933.670070648193,5,2
2021-06-29,1624996800000,,7907.693638674419,493.46370016733977,7414.22993850708,5,2
2021-06-30,1625083200000,,7965.263775698345,493.46370016733977,7471.800075531006,5,2
2021-07-01,1625169600000,,8071.061588855253,453.29153880642343,7617.770050048828,5,2
2021-07-02,1625256000000,,8086.447188898932,288.61717943848225,7797.830009460449,5,2
2021-07-06,1625601600000,,7992.455467806723,224.19308911409644,7768.262378692627,5,1
2021-07-07,1625688000000,,8068.986500368979,224.19308911409644,7844.793411254883,5,1
2021-07-08,1625774400000,,8015.809897295405,225.52170836107916,7790.288188934326,5,1
2021-07-09,1625860800000,,8115.148218981196,225.52170836107916,7889.626510620117,5,1
2021-07-12,1626120000000,,8113.12786676448,4941.4599323467555,3171.6679344177246,2,1
2021-07-13,1626206400000,,8038.367212298064,672.1269474054866,7366.240264892578,5,2
2021-07-14,1626292800000,,7966.668278855682,1974.7229205793149,5991.945358276367,4,2
2021-07-15,1626379200000,,7969.529736739242,506.28971598728936,7463.240020751953,5,2
2021-07-16,1626465600000,,7936.852359668289,949.1024168887482,6987.749942779541,5,2
2021-07-19,1626724800000,,7858.26085881472,592.2757666516343,7265.985092163086,5,2
2021-07-20,1626811200000,,8003.100740711693,592.2757666516343,7410.824974060059,5,2
2021-07-21,1626897600000,,8038.373286318794,1315.8932905912557,6722.479995727539,5,1
2021-07-22,1626984000000,,8222.2976438116,1328.2077161382606,6894.08992767334,5,1
2021-07-23,1627070400000,,8256.056948348885,731.0368391722502,7525.020109176636,5,1
2021-07-26,1627329600000,,8281.622380933999,2206.0623681166167,6075.560012817383,4,1
2021-07-27,1627416000000,,8309.495266543032,2322.1752477747214,5987.320018768311,4,1
2021-07-28,1627502400000,,8222.521769693149,657.8817893769863,7564.639980316162,5,2
2021-07-29,1627588800000,,8168.261941125644,657.8817893769863,7510.380151748657,5,2
2021-07-30,1627675200000,,8163.2918159272795,657.8817893769863,7505.410026550293,5,2
2021-08-02,1627934400000,,8181.611729791415,657.8817893769863,7523.729940414429,5,2
2021-08-03,1628020800000,,8226.157196767794,825.0171516017788,7401.140045166016,5,2
2021-08-04,1628107200000,,8118.786426905225,1975.8963588510262,6142.890068054199,4,2
2021-08-05,1628193600000,,8272.554671444212,1166.2148124354228,7106.339859008789,5,2
2021-08-06,1628280000000,,8215.579628441435,843.139730904204,7372.439897537231,5,1
2021-08-09,1628539200000,,8150.811940367958,702.4719058830935,7448.340034484863,5,2
2021-08-10,1628625600000,,8181.063026255843,2293.623025721784,5887.440000534058,4,2
2021-08-11,1628712000000,,8267.748823022635,1095.7888239381632,7171.959999084473,5,2
2021-08-12,1628798400000,,8275.728765344413,1095.7888239381632,7179.93994140625,5,2
2021-08-13,1628884800000,,8318.548695855703,1460.0287373596107,6858.519958496094,5,2
2021-08-16,1629144000000,,8357.860709321434,1032.1506530165025,7325.710056304932,5,2
2021-08-17,1629230400000,,8184.067299887671,2417.8472528906004,5766.22004699707,4,2
2021-08-18,1629316800000,,8042.169993458732,2261.5100813493573,5780.659912109375,4,2
2021-08-19,1629403200000,,8071.928089049568,683.2031821281814,7388.724906921387,5,2
2021-08-20,1629489600000,,8124.773197081795,683.2031821281814,7441.570014953613,5,2
2021-08-23,1629748800000,,8216.578549248283,1849.4985016408618,6367.080047607422,5,2
2021-08-24,1629835200000,,8268.554459003388,1309.318886188447,6959.235572814941,5,2
2021-08-25,1629921600000,,8320.003501979822,522.0034752769409,7798.000026702881,5,2
2021-08-26,1630008000000,,8266.386881965087,1825.646861213134,6440.740020751953,4,1
2021-08-27,1630094400000,,8298.826069261673,213.4059490224147,8085.420120239258,5,2
2021-08-30,1630353600000,,8282.445972826126,213.4059490224147,8069.040023803711,5,2
2021-08-31,1630440000000,,8241.370526777946,850.2326559893721,7391.137870788574,5,1
2021-09-01,1630526400000,,8217.994387131552,2522.455324631551,5695.5390625,4,2
2021-09-02,1630612800000,,8188.887801280493,1446.0418425707753,6742.845958709717,5,2
2021-09-03,1630699200000,,8146.649558710169,2843.351535486292,5303.298023223877,4,2
2021-09-07,1631044800000,,8052.097996934717,1281.063969835108,6771.034027099609,5,2
2021-09-08,1631131200000,,8047.163970171214,745.2640258657934,7301.89994430542,5,2
2021-09-09,1631217600000,,7979.922535703124,2199.142552182616,5780.779983520508,4,2
2021-09-10,1631304000000,,7985.0596402686915,996.0096066993547,6989.050033569336,5,2
2021-09-13,1631563200000,,7979.381856166656,1031.1418735616744,6948.2399826049805,5,2
2021-09-14,1631649600000,,7889.871930324371,1031.1418735616744,6858.730056762695,5,2
2021-09-15,1631736000000,,7910.374424157605,2546.2345353941773,5364.139888763428,4,2
2021-09-16,1631822400000,,7956.972970480261,1165.7215590422725,6791.251411437988,5,2
2021-09-17,1631908800000,,7920.186210013201,2121.856131888201,5798.330078125,4,1
2021-09-20,1632168000000,,7846.7412956904045,3227.1712731073967,4619.570022583008,3,1
2021-09-21,1632254400000,,7821.010209410133,222.17027410739684,7598.839935302734,5,1
2021-09-22,1632340800000,,7830.310706343286,1584.9406883379145,6245.370018005371,4,1
2021-09-23,1632427200000,,7833.755250985795,489.72294049995526,7344.03231048584,5,2
2021-09-24,1632513600000,,7757.321340933671,510.7182678135541,7246.603073120117,5,2
2021-09-27,1632772800000,,7663.923525843646,3380.646670374895,4283.27685546875,3,2
2021-09-28,1632859200000,,7633.965856403358,86.9850481453011,7546.980808258057,5,2
2021-09-29,1632945600000,,7703.564759674987,365.43382400604173,7338.130935668945,5,2
2021-09-30,1633032000000,,7582.93877864645,2218.478787191372,5364.459991455078,4,1
2021-10-01,1633118400000,,7635.222313386196,893.2722859203759,6741.95002746582,5,2
2021-10-04,1633377600000,,7521.49974205836,759.8796248708613,6761.6201171875,5,2
2021-10-05,1633464000000,,7569.269532707776,759.8796248708613,6809.389907836914,5,2
2021-10-06,1633550400000,,7600.093170603284,831.5932011208615,6768.499969482422,5,2
2021-10-07,1633636800000,,7644.305606468914,3815.985477074383,3828.3201293945312,3,2
2021-10-08,1633723200000,,7644.180943970685,6544.140904908185,1100.0400390625,1,1
2021-10-11,1633982400000,,7603.773947366246,1177.7040697417344,6426.069877624512,5,1
2021-10-12,1634068800000,,7625.6639391265,1177.7040697417344,6447.959869384766,5,1
2021-10-13,1634155200000,,7622.4868497674,1264.0569524590505,6358.42989730835,5,1
2021-10-14,1634241600000,,7729.806286520235,1724.8262679045122,6004.980018615723,5,1
2021-10-15,1634328000000,,7790.50323311508,2711.773225943449,5078.730007171631,4,2
2021-10-18,1634587200000,,7794.457492354092,1405.4674487139564,6388.990043640137,5,2
2021-10-19,1634673600000,,7845.8673510577055,1405.4674487139564,6440.39990234375,5,2
2021-10-20,1634760000000,,7842.40381255953,1315.2537805160725,6527.150032043457,5,2
2021-10-21,1634846400000,,7902.130224185042,1791.2903651762526,6110.839859008789,5,2
2021-10-22,1634932800000,,7915.036858796408,1678.8669750683807,6236.169883728027,5,2
2021-10-25,1635192000000,,7911.628323703345,1651.808285861548,6259.820037841797,5,2
2021-10-26,1635278400000,,7927.442929984778,1717.1561639325323,6210.286766052246,5,2
2021-10-27,1635364800000,,7898.248635115166,1014.4951255936808,6883.753509521484,5,2
2021-10-28,1635451200000,,7944.007589492217,1162.0976049035944,6781.909984588623,5,2
2021-10-29,1635537600000,,7912.311061821502,947.7211227040705,6964.589939117432,5,2
2021-11-01,1635796800000,,7977.611194572967,947.7211227040705,7029.8900718688965,5,2
2021-11-02,1635883200000,,7946.548968723922,874.9456438337859,7071.603324890137,5,2
2021-11-03,1635969600000,,7941.829509190231,874.9456438337859,7066.883865356445,5,2
2021-11-04,1636056000000,,7928.398333791214,906.9944107565459,7021.403923034668,5,2
2021-11-05,1636142400000,,7991.239087106202,1210.7891130461426,6780.449974060059,5,2
2021-11-08,1636405200000,,8104.320857451805,1320.3709215387191,6783.949935913086,5,2
2021-11-09,1636491600000,,8118.144254683602,994.9742603293544,7123.169994354248,5,1
2021-11-10,1636578000000,,8074.966861577707,820.7666929680872,7254.200168609619,5,1
2021-11-11,1636664400000,,8071.238658786417,807.3886145359281,7263.850044250488,5,1
2021-11-12,1636750800000,,8105.998196061494,1312.408291276339,6793.589904785156,5,2
2021-11-15,1637010000000,,8071.339609335604,1598.0495702731043,6473.2900390625,5,2
2021-11-16,1637096400000,,8169.239862815486,1570.7899116436106,6598.449951171875,5,2
2021-11-17,1637182800000,,8117.501226772076,796.6679290425832,7320.833297729492,5,2
2021-11-18,1637269200000,,8146.707998622662,796.6679290425832,7350.040069580078,5,2
2021-11-19,1637355600000,,8113.747749663387,1971.4144671926838,6142.333282470703,4,1
2021-11-22,1637614800000,,8173.730082813045,692.3601906926838,7481.369892120361,5,2
2021-11-23,1637701200000,,8244.90331855075,874.7915212179867,7370.111797332764,5,1
2021-11-24,1637787600000,,8271.636784514267,1360.833561858017,6910.80322265625,5,1
2021-11-26,1637960400000,,8136.533129058643,2827.4159530027346,5309.117176055908,4,1
2021-11-29,1638219600000,,8160.322210928645,1135.1726786105305,7025.149532318115,5,1
2021-11-30,1638306000000,,7967.3679161792315,4228.925380778841,3738.4425354003906,3,1
2021-12-01,1638392400000,,7824.7091772095055,2059.4645788208336,5765.244598388672,5,2
2021-12-02,1638478800000,,7910.632285406733,3163.1538613344683,4747.478424072266,4,2
2021-12-03,1638565200000,,7815.869651281924,2404.4518999696684,5411.417751312256,5,2
2021-12-06,1638824400000,,7904.72161051044,2404.4518999696684,5500.2697105407715,5,2
2021-12-07,1638910800000,,7983.921629368334,6042.914030491381,1941.0075988769531,2,1
2021-12-08,1638997200000,,7986.524290143747,7986.524290143747,0,0,0
2021-12-09,1639083600000,,7986.524290143747,7986.524290143747,0,0,0
2021-12-10,1639170000000,,8001.268457628824,6536.428461290933,1464.8399963378906,1,1
2021-12-13,1639429200000,,7996.811300660989,4454.7713226336455,3542.0399780273438,3,1
2021-12-14,1639515600000,,7957.302412739405,2193.882536640772,5763.419876098633,5,2
2021-12-15,1639602000000,,8047.46247743667,2193.882536640772,5853.579940795898,5,2
2021-12-16,1639688400000,,7947.049977068694,2125.8099982784106,5821.239978790283,5,1
2021-12-17,1639774800000,,7886.845547019881,2696.9655345076744,5189.880012512207,4,1
2021-12-20,1640034000000,,7704.845475618169,4186.56047195606,3518.2850036621094,3,1
2021-12-21,1640120400000,,7861.156681882207,2191.6666267979786,5669.4900550842285,5,1
2021-12-22,1640206800000,,7913.809866927159,2026.3948736410264,5887.414993286133,5,2
2021-12-23,1640293200000,,7929.283784417992,5504.794343500023,2424.4894409179688,2,1
2021-12-27,1640638800000,,7949.481455863469,4593.464385093205,3356.0170707702637,3,1
2021-12-28,1640725200000,,7962.273006337598,4804.292982953504,3157.9800233840942,3,1
2021-12-29,1640811600000,,7951.685554047284,7069.585563202558,882.0999908447266,1,1
2021-12-30,1640898000000,,7949.685584564862,7069.585563202558,880.1000213623047,1,1
2021-12-31,1640984400000,,7938.078288610517,5503.658351476728,2434.419937133789,2,1
2022-01-03,1641243600000,,7906.734504024259,1352.964537898771,6553.769966125488,5,2
2022-01-04,1641330000000,,7890.8045800130285,1352.964537898771,6537.840042114258,5,2
2022-01-05,1641416400000,,7682.711087628569,3596.701161786283,4086.009925842285,3,1
2022-01-06,1641502800000,,7678.317130334723,838.7663223818413,6839.550807952881,5,2
2022-01-07,1641589200000,,7543.908290913262,2728.201313069024,4815.706977844238,4,1
2022-01-10,1641848400000,,7546.813954385694,3426.579476388868,4120.234477996826,3,1
2022-01-11,1641934800000,,7585.548722292997,979.9603681822796,6605.588354110718,5,2
2022-01-12,1642021200000,,7600.328497566039,1103.759367622191,6496.569129943848,5,2
2022-01-13,1642107600000,,7468.868730327591,1532.128759166702,5936.739971160889,5,1
2022-01-14,1642194000000,,7398.228262322939,4947.7683319030175,2450.459930419922,2,1
2022-01-18,1642539600000,,7381.304433955814,1024.07434667554,6357.230087280273,5,2
2022-01-19,1642626000000,,7338.384390010501,1024.07434667554,6314.310043334961,5,2
2022-01-20,1642712400000,,7245.000433186783,1316.8324987690573,5928.167934417725,5,2
2022-01-21,1642798800000,,7203.673202609161,3241.643249606232,3962.0299530029297,3,2
2022-01-24,1643058000000,,7158.138543590447,7158.138543590447,0,0,0
2022-01-25,1643144400000,,7158.138543590447,7158.138543590447,0,0,0
2022-01-26,1643230800000,,7158.138543590447,7158.138543590447,0,0,0
2022-01-27,1643317200000,,7158.138543590447,7158.138543590447,0,0,0
2022-01-28,1643403600000,,7158.138543590447,7158.138543590447,0,0,0
2022-01-31,1643662800000,,7158.138543590447,7158.138543590447,0,0,0
2022-02-01,1643749200000,,7169.5025392690895,6358.962561241746,810.5399780273438,1,1
2022-02-02,1643835600000,,7166.89424338083,7166.89424338083,0,0,0
2022-02-03,1643922000000,,7166.89424338083,7166.89424338083,0,0,0
2022-02-04,1644008400000,,7160.503358787485,4642.723375266977,2517.779983520508,2,1
2022-02-07,1644267600000,,7133.274217545709,1643.5941333171938,5489.680084228516,5,2
2022-02-08,1644354000000,,7146.73424714776,1643.5941333171938,5503.140113830566,5,2
2022-02-09,1644440400000,,7219.757630597802,2469.527543317529,4750.230087280273,4,2
2022-02-10,1644526800000,,7148.438550418336,4730.5985617098395,2417.839988708496,2,1
2022-02-11,1644613200000,,7142.864386711206,784.2444526291745,6358.619934082031,5,2
2022-02-14,1644872400000,,7109.874193974832,7109.874193974832,0,0,0
2022-02-15,1644958800000,,7109.874193974832,7109.874193974832,0,0,0
2022-02-16,1645045200000,,7107.37781199082,346.5477929936278,6760.830018997192,5,2
2022-02-17,1645131600000,,7114.467716775976,346.5477929936278,6767.919923782349,5,2
2022-02-18,1645218000000,,7091.886878873836,7091.886878873836,0,0,0
2022-02-22,1645563600000,,7091.886878873836,7091.886878873836,0,0,0
2022-02-23,1645650000000,,7091.886878873836,7091.886878873836,0,0,0
2022-02-24,1645736400000,,7091.886878873836,7091.886878873836,0,0,0
2022-02-25,1645822800000,,7091.886878873836,7091.886878873836,0,0,0
2022-02-28,1646082000000,,7091.886878873836,7091.886878873836,0,0,0
2022-03-01,1646168400000,,7091.886878873836,7091.886878873836,0,0,0
2022-03-02,1646254800000,,7091.886878873836,7091.886878873836,0,0,0
2022-03-03,1646341200000,,7091.886878873836,7091.886878873836,0,0,0
2022-03-04,1646427600000,,7091.886878873836,7091.886878873836,0,0,0
2022-03-07,1646686800000,,7091.886878873836,7091.886878873836,0,0,0
2022-03-08,1646773200000,,7091.886878873836,7091.886878873836,0,0,0
2022-03-09,1646859600000,,7091.886878873836,7091.886878873836,0,0,0
2022-03-10,1646946000000,,7091.886878873836,7091.886878873836,0,0,0
2022-03-11,1647032400000,,7091.886878873836,7091.886878873836,0,0,0
2022-03-14,1647288000000,,7091.886878873836,7091.886878873836,0,0,0
2022-03-15,1647374400000,,7091.886878873836,7091.886878873836,0,0,0
2022-03-16,1647460800000,,7091.886878873836,7091.886878873836,0,0,0
2022-03-17,1647547200000,,7091.886878873836,7091.886878873836,0,0,0
2022-03-18,1647633600000,,7091.886878873836,7091.886878873836,0,0,0
2022-03-21,1647892800000,,7091.886878873836,7091.886878873836,0,0,0
2022-03-22,1647979200000,,7091.886878873836,7091.886878873836,0,0,0
2022-03-23,1648065600000,,7083.786721556454,5945.096734373837,1138.6899871826172,1,1
2022-03-24,1648152000000,,7082.209123611279,7082.209123611279,0,0,0
2022-03-25,1648238400000,,7076.030986688607,3322.521076105111,3753.509910583496,4,2
2022-03-28,1648497600000,,7117.4555772479,3521.525592201513,3595.9299850463867,4,2
2022-03-29,1648584000000,,7186.329221746801,4388.409215948461,2797.92000579834,3,2
2022-03-30,1648670400000,,7171.461878371999,2825.67182405071,4345.790054321289,4,2
2022-03-31,1648756800000,,7044.877865372915,1762.1479993450826,5282.729866027832,5,2
2022-04-01,1648843200000,,7006.808848556279,3532.038951095342,3474.7698974609375,3,1
2022-04-04,1649102400000,,6965.97452843527,2501.914500359098,4464.060028076172,4,2
2022-04-05,1649188800000,,6937.1319324665355,684.281872957258,6252.850059509277,5,2
2022-04-06,1649275200000,,6933.72549927786,673.495373850614,6260.230125427246,5,2
2022-04-07,1649361600000,,6911.660285322973,6911.660285322973,0,0,0
2022-04-08,1649448000000,,6880.257237442653,1627.2672319494889,5252.990005493164,5,1
2022-04-11,1649707200000,,6866.243573094325,6866.243573094325,0,0,0
2022-04-12,1649793600000,,6866.243573094325,6866.243573094325,0,0,0
2022-04-13,1649880000000,,6866.243573094325,6866.243573094325,0,0,0
2022-04-14,1649966400000,,6866.243573094325,6866.243573094325,0,0,0
2022-04-18,1650312000000,,6866.243573094325,6866.243573094325,0,0,0
2022-04-19,1650398400000,,6866.243573094325,6866.243573094325,0,0,0
2022-04-20,1650484800000,,6866.243573094325,6866.243573094325,0,0,0
2022-04-21,1650571200000,,6866.243573094325,6866.243573094325,0,0,0
2022-04-22,1650657600000,,6866.243573094325,6866.243573094325,0,0,0
2022-04-25,1650916800000,,6866.243573094325,6866.243573094325,0,0,0
2022-04-26,1651003200000,,6866.243573094325,6866.243573094325,0,0,0
2022-04-27,1651089600000,,6866.243573094325,6866.243573094325,0,0,0
2022-04-28,1651176000000,,6866.243573094325,6866.243573094325,0,0,0
2022-04-29,1651262400000,,6866.243573094325,6866.243573094325,0,0,0
2022-05-02,1651521600000,,6866.243573094325,6866.243573094325,0,0,0
2022-05-03,1651608000000,,6866.243573094325,6866.243573094325,0,0,0
2022-05-04,1651694400000,,6866.243573094325,6866.243573094325,0,0,0
2022-05-05,1651780800000,,6866.243573094325,6866.243573094325,0,0,0
2022-05-06,1651867200000,,6866.243573094325,6866.243573094325,0,0,0
2022-05-09,1652126400000,,6866.243573094325,6866.243573094325,0,0,0
2022-05-10,1652212800000,,6866.243573094325,6866.243573094325,0,0,0
2022-05-11,1652299200000,,6866.243573094325,6866.243573094325,0,0,0
2022-05-12,1652385600000,,6866.243573094325,6866.243573094325,0,0,0
2022-05-13,1652472000000,,6866.243573094325,6866.243573094325,0,0,0
2022-05-16,1652731200000,,6866.243573094325,6866.243573094325,0,0,0
2022-05-17,1652817600000,,6866.243573094325,6866.243573094325,0,0,0
2022-05-18,1652904000000,,6866.243573094325,6866.243573094325,0,0,0
2022-05-19,1652990400000,,6866.243573094325,6866.243573094325,0,0,0
2022-05-20,1653076800000,,6866.243573094325,6866.243573094325,0,0,0
2022-05-23,1653336000000,,6866.243573094325,6866.243573094325,0,0,0
2022-05-24,1653422400000,,6866.243573094325,6866.243573094325,0,0,0
2022-05-25,1653508800000,,6866.243573094325,6866.243573094325,0,0,0
2022-05-26,1653595200000,,6866.243573094325,6866.243573094325,0,0,0
2022-05-27,1653681600000,,6866.243573094325,6866.243573094325,0,0,0
2022-05-31,1654027200000,,6866.243573094325,6866.243573094325,0,0,0
2022-06-01,1654113600000,,6866.243573094325,6866.243573094325,0,0,0
2022-06-02,1654200000000,,6866.243573094325,6866.243573094325,0,0,0
2022-06-03,1654286400000,,6866.243573094325,6866.243573094325,0,0,0
2022-06-06,1654545600000,,6866.243573094325,6866.243573094325,0,0,0
2022-06-07,1654632000000,,6866.243573094325,6866.243573094325,0,0,0
2022-06-08,1654718400000,,6866.243573094325,6866.243573094325,0,0,0
2022-06-09,1654804800000,,6866.243573094325,6866.243573094325,0,0,0
2022-06-10,1654891200000,,6866.243573094325,6866.243573094325,0,0,0
2022-06-13,1655150400000,,6866.243573094325,6866.243573094325,0,0,0
2022-06-14,1655236800000,,6866.243573094325,6866.243573094325,0,0,0
2022-06-15,1655323200000,,6866.243573094325,6866.243573094325,0,0,0
2022-06-16,1655409600000,,6866.243573094325,6866.243573094325,0,0,0
2022-06-17,1655496000000,,6866.243573094325,6866.243573094325,0,0,0
2022-06-21,1655841600000,,6866.243573094325,6866.243573094325,0,0,0
2022-06-22,1655928000000,,6866.243573094325,6866.243573094325,0,0,0
2022-06-23,1656014400000,,6866.243573094325,6866.243573094325,0,0,0
2022-06-24,1656100800000,,6866.243573094325,6866.243573094325,0,0,0
2022-06-27,1656360000000,,6866.243573094325,6866.243573094325,0,0,0
2022-06-28,1656446400000,,6866.243573094325,6866.243573094325,0,0,0
2022-06-29,1656532800000,,6866.243573094325,6866.243573094325,0,0,0
2022-06-30,1656619200000,,6866.243573094325,6866.243573094325,0,0,0
2022-07-01,1656705600000,,6866.243573094325,6866.243573094325,0,0,0
2022-07-05,1657051200000,,6866.243573094325,6866.243573094325,0,0,0
2022-07-06,1657137600000,,6866.243573094325,6866.243573094325,0,0,0
2022-07-07,1657224000000,,6866.243573094325,6866.243573094325,0,0,0
2022-07-08,1657310400000,,6866.243573094325,6866.243573094325,0,0,0
2022-07-11,1657569600000,,6866.243573094325,6866.243573094325,0,0,0
2022-07-12,1657656000000,,6866.243573094325,6866.243573094325,0,0,0
2022-07-13,1657742400000,,6866.243573094325,6866.243573094325,0,0,0
2022-07-14,1657828800000,,6866.243573094325,6866.243573094325,0,0,0
2022-07-15,1657915200000,,6866.243573094325,6866.243573094325,0,0,0
2022-07-18,1658174400000,,6866.243573094325,6866.243573094325,0,0,0
2022-07-19,1658260800000,,6866.243573094325,6866.243573094325,0,0,0
2022-07-20,1658347200000,,6866.243573094325,6866.243573094325,0,0,0
2022-07-21,1658433600000,,6866.243573094325,6866.243573094325,0,0,0
2022-07-22,1658520000000,,6866.243573094325,6866.243573094325,0,0,0
2022-07-25,1658779200000,,6866.243573094325,6866.243573094325,0,0,0
2022-07-26,1658865600000,,6866.243573094325,6866.243573094325,0,0,0
2022-07-27,1658952000000,,6866.243573094325,6866.243573094325,0,0,0
2022-07-28,1659038400000,,6866.243573094325,6866.243573094325,0,0,0
2022-07-29,1659124800000,,6866.243573094325,6866.243573094325,0,0,0
2022-08-01,1659384000000,,6866.243573094325,6866.243573094325,0,0,0
2022-08-02,1659470400000,,6866.243573094325,6866.243573094325,0,0,0
2022-08-03,1659556800000,,6866.243573094325,6866.243573094325,0,0,0
2022-08-04,1659643200000,,6866.243573094325,6866.243573094325,0,0,0
2022-08-05,1659729600000,,6866.243573094325,6866.243573094325,0,0,0
2022-08-08,1659988800000,,6866.243573094325,6866.243573094325,0,0,0
2022-08-09,1660075200000,,6866.243573094325,6866.243573094325,0,0,0
2022-08-10,1660161600000,,6866.243573094325,6866.243573094325,0,0,0
2022-08-11,1660248000000,,6866.243573094325,6866.243573094325,0,0,0
2022-08-12,1660334400000,,6866.243573094325,6866.243573094325,0,0,0
2022-08-15,1660593600000,,6866.243573094325,6866.243573094325,0,0,0
2022-08-16,1660680000000,,6866.243573094325,6866.243573094325,0,0,0
2022-08-17,1660766400000,,6866.243573094325,6866.243573094325,0,0,0
2022-08-18,1660852800000,,6866.243573094325,6866.243573094325,0,0,0
2022-08-19,1660939200000,,6866.243573094325,6866.243573094325,0,0,0
2022-08-22,1661198400000,,6866.243573094325,6866.243573094325,0,0,0
2022-08-23,1661284800000,,6866.243573094325,6866.243573094325,0,0,0
2022-08-24,1661371200000,,6866.243573094325,6866.243573094325,0,0,0
2022-08-25,1661457600000,,6866.243573094325,6866.243573094325,0,0,0
2022-08-26,1661544000000,,6866.243573094325,6866.243573094325,0,0,0
2022-08-29,1661803200000,,6866.243573094325,6866.243573094325,0,0,0
2022-08-30,1661889600000,,6866.243573094325,6866.243573094325,0,0,0
2022-08-31,1661976000000,,6866.243573094325,6866.243573094325,0,0,0
2022-09-01,1662062400000,,6866.243573094325,6866.243573094325,0,0,0
2022-09-02,1662148800000,,6866.243573094325,6866.243573094325,0,0,0
2022-09-06,1662494400000,,6866.243573094325,6866.243573094325,0,0,0
2022-09-07,1662580800000,,6866.243573094325,6866.243573094325,0,0,0
2022-09-08,1662667200000,,6866.243573094325,6866.243573094325,0,0,0
2022-09-09,1662753600000,,6866.243573094325,6866.243573094325,0,0,0
2022-09-12,1663012800000,,6866.243573094325,6866.243573094325,0,0,0
2022-09-13,1663099200000,,6866.243573094325,6866.243573094325,0,0,0
2022-09-14,1663185600000,,6866.243573094325,6866.243573094325,0,0,0
2022-09-15,1663272000000,,6866.243573094325,6866.243573094325,0,0,0
2022-09-16,1663358400000,,6866.243573094325,6866.243573094325,0,0,0
2022-09-19,1663617600000,,6866.243573094325,6866.243573094325,0,0,0
2022-09-20,1663704000000,,6866.243573094325,6866.243573094325,0,0,0
2022-09-21,1663790400000,,6866.243573094325,6866.243573094325,0,0,0
2022-09-22,1663876800000,,6866.243573094325,6866.243573094325,0,0,0
2022-09-23,1663963200000,,6866.243573094325,6866.243573094325,0,0,0
2022-09-26,1664222400000,,6866.243573094325,6866.243573094325,0,0,0
2022-09-27,1664308800000,,6866.243573094325,6866.243573094325,0,0,0
2022-09-28,1664395200000,,6866.243573094325,6866.243573094325,0,0,0
2022-09-29,1664481600000,,6866.243573094325,6866.243573094325,0,0,0
2022-09-30,1664568000000,,6866.243573094325,6866.243573094325,0,0,0
2022-10-03,1664827200000,,6866.243573094325,6866.243573094325,0,0,0
2022-10-04,1664913600000,,6866.243573094325,6866.243573094325,0,0,0
2022-10-05,1665000000000,,6866.243573094325,6866.243573094325,0,0,0
2022-10-06,1665086400000,,6866.243573094325,6866.243573094325,0,0,0
2022-10-07,1665172800000,,6866.243573094325,6866.243573094325,0,0,0
2022-10-10,1665432000000,,6866.243573094325,6866.243573094325,0,0,0
2022-10-11,1665518400000,,6866.243573094325,6866.243573094325,0,0,0
2022-10-12,1665604800000,,6866.243573094325,6866.243573094325,0,0,0
2022-10-13,1665691200000,,6866.243573094325,6866.243573094325,0,0,0
2022-10-14,1665777600000,,6866.243573094325,6866.243573094325,0,0,0
2022-10-17,1666036800000,,6866.243573094325,6866.243573094325,0,0,0
2022-10-18,1666123200000,,6866.243573094325,6866.243573094325,0,0,0
2022-10-19,1666209600000,,6866.243573094325,6866.243573094325,0,0,0
2022-10-20,1666296000000,,6866.243573094325,6866.243573094325,0,0,0
2022-10-21,1666382400000,,6866.243573094325,6866.243573094325,0,0,0
2022-10-24,1666641600000,,6866.243573094325,6866.243573094325,0,0,0
2022-10-25,1666728000000,,6866.243573094325,6866.243573094325,0,0,0
2022-10-26,1666814400000,,6866.243573094325,6866.243573094325,0,0,0
2022-10-27,1666900800000,,6866.243573094325,6866.243573094325,0,0,0
2022-10-28,1666987200000,,6866.243573094325,6866.243573094325,0,0,0
2022-10-31,1667246400000,,6866.243573094325,6866.243573094325,0,0,0
2022-11-01,1667332800000,,6866.243573094325,6866.243573094325,0,0,0
2022-11-02,1667419200000,,6866.243573094325,6866.243573094325,0,0,0
2022-11-03,1667505600000,,6866.243573094325,6866.243573094325,0,0,0
2022-11-04,1667592000000,,6866.243573094325,6866.243573094325,0,0,0
2022-11-07,1667854800000,,6866.243573094325,6866.243573094325,0,0,0
2022-11-08,1667941200000,,6866.243573094325,6866.243573094325,0,0,0
2022-11-09,1668027600000,,6866.243573094325,6866.243573094325,0,0,0
2022-11-10,1668114000000,,6866.243573094325,6866.243573094325,0,0,0
2022-11-11,1668200400000,,6866.243573094325,6866.243573094325,0,0,0
2022-11-14,1668459600000,,6866.243573094325,6866.243573094325,0,0,0
2022-11-15,1668546000000,,6866.243573094325,6866.243573094325,0,0,0
2022-11-16,1668632400000,,6866.243573094325,6866.243573094325,0,0,0
2022-11-17,1668718800000,,6866.243573094325,6866.243573094325,0,0,0
2022-11-18,1668805200000,,6866.243573094325,6866.243573094325,0,0,0
2022-11-21,1669064400000,,6866.243573094325,6866.243573094325,0,0,0
2022-11-22,1669150800000,,6866.243573094325,6866.243573094325,0,0,0
2022-11-23,1669237200000,,6866.243573094325,6866.243573094325,0,0,0
2022-11-25,1669410000000,,6866.243573094325,6866.243573094325,0,0,0
2022-11-28,1669669200000,,6866.243573094325,6866.243573094325,0,0,0
2022-11-29,1669755600000,,6866.243573094325,6866.243573094325,0,0,0
2022-11-30,1669842000000,,6866.243573094325,6866.243573094325,0,0,0
2022-12-01,1669928400000,,6866.243573094325,6866.243573094325,0,0,0
2022-12-02,1670014800000,,6839.633135737552,4757.913149775638,2081.719985961914,2,1
2022-12-05,1670274000000,,6768.2812170430225,4991.421246950249,1776.8599700927734,2,1
2022-12-06,1670360400000,,6758.791186286751,6758.791186286751,0,0,0
2022-12-07,1670446800000,,6758.791186286751,6758.791186286751,0,0,0
2022-12-08,1670533200000,,6758.791186286751,6758.791186286751,0,0,0
2022-12-09,1670619600000,,6758.791186286751,6758.791186286751,0,0,0
2022-12-12,1670878800000,,6758.791186286751,6758.791186286751,0,0,0
2022-12-13,1670965200000,,6758.791186286751,6758.791186286751,0,0,0
2022-12-14,1671051600000,,6758.791186286751,6758.791186286751,0,0,0
2022-12-15,1671138000000,,6758.791186286751,6758.791186286751,0,0,0
2022-12-16,1671224400000,,6758.791186286751,6758.791186286751,0,0,0
2022-12-19,1671483600000,,6758.791186286751,6758.791186286751,0,0,0
2022-12-20,1671570000000,,6758.791186286751,6758.791186286751,0,0,0
2022-12-21,1671656400000,,6758.791186286751,6758.791186286751,0,0,0
2022-12-22,1671742800000,,6758.791186286751,6758.791186286751,0,0,0
2022-12-23,1671829200000,,6758.791186286751,6758.791186286751,0,0,0
2022-12-27,1672174800000,,6758.791186286751,6758.791186286751,0,0,0
2022-12-28,1672261200000,,6758.791186286751,6758.791186286751,0,0,0
2022-12-29,1672347600000,,6758.791186286751,6758.791186286751,0,0,0
2022-12-30,1672434000000,,6758.791186286751,6758.791186286751,0,0,0
2023-01-03,1672779600000,,6758.791186286751,6758.791186286751,0,0,0
2023-01-04,1672866000000,,6758.791186286751,6758.791186286751,0,0,0
2023-01-05,1672952400000,,6758.791186286751,6758.791186286751,0,0,0
2023-01-06,1673038800000,,6758.791186286751,6758.791186286751,0,0,0
2023-01-09,1673298000000,,6758.791186286751,6758.791186286751,0,0,0
2023-01-10,1673384400000,,6758.791186286751,6758.791186286751,0,0,0
2023-01-11,1673470800000,,6758.791186286751,6758.791186286751,0,0,0
2023-01-12,1673557200000,,6758.791186286751,6758.791186286751,0,0,0
2023-01-13,1673643600000,,6758.791186286751,6758.791186286751,0,0,0
2023-01-17,1673989200000,,6778.199978893518,628.9699068720336,6149.230072021484,5,2
2023-01-18,1674075600000,,6629.050743920587,1990.2307823727356,4638.819961547852,4,2
2023-01-19,1674162000000,,6617.462479785882,6617.462479785882,0,0,0
2023-01-20,1674248400000,,6617.462479785882,6617.462479785882,0,0,0
2023-01-23,1674507600000,,6617.462479785882,6617.462479785882,0,0,0
2023-01-24,1674594000000,,6612.422123268419,343.52396805601666,6268.898155212402,5,2
2023-01-25,1674680400000,,6657.971742094019,889.411614835718,5768.560127258301,5,2
2023-01-26,1674766800000,,6719.582062700131,1353.6920270708588,5365.8900356292725,5,2
2023-01-27,1674853200000,,6685.704521272588,1163.5246468524215,5522.179874420166,5,2
2023-01-30,1675112400000,,6657.324586961675,1163.5246468524215,5493.799940109253,5,2
2023-01-31,1675198800000,,6712.371502229939,1150.4514525625812,5561.920049667358,5,2
2023-02-01,1675285200000,,6721.981121364809,1230.3111994898093,5491.669921875,5,1
2023-02-02,1675371600000,,6762.23239968045,3187.282341697051,3574.9500579833984,3,2
2023-02-03,1675458000000,,6685.75431942205,874.6843044684363,5811.070014953613,5,2
2023-02-06,1675717200000,,6703.064400903983,874.6843044684363,5828.380096435547,5,2
2023-02-07,1675803600000,,6800.029924866896,1540.099916932326,5259.93000793457,5,2
2023-02-08,1675890000000,,6820.434099606349,1186.3541473663593,5634.07995223999,5,2
2023-02-09,1675976400000,,6778.252025945493,945.2420943811612,5833.009931564331,5,1
2023-02-10,1676062800000,,6850.902014119932,945.2420943811612,5905.6599197387695,5,1
2023-02-13,1676322000000,,6939.445129808622,1174.7651047079132,5764.680025100708,5,2
2023-02-14,1676408400000,,7017.918013155191,1579.2380967733552,5438.679916381836,5,2
2023-02-15,1676494800000,,7031.1194522372,795.1594989290945,6235.9599533081055,5,2
2023-02-16,1676581200000,,6986.463969336673,713.6539717780786,6272.809997558594,5,2
2023-02-17,1676667600000,,7008.453951941653,713.6539717780786,6294.799980163574,5,2
2023-02-21,1677013200000,,6948.158007174403,956.1180749234261,5992.039932250977,5,2
2023-02-22,1677099600000,,6941.49798062411,956.1180749234261,5985.379905700684,5,2
2023-02-23,1677186000000,,6982.4981179532115,956.1180749234261,6026.380043029785,5,2
2023-02-24,1677272400000,,6828.9269406547155,1029.6519582023227,5799.274982452393,5,2
2023-02-27,1677531600000,,6843.232919482993,672.5178926275241,6170.715026855469,5,2
2023-02-28,1677618000000,,6880.442975787924,672.5178926275241,6207.9250831604,5,2
2023-03-01,1677704400000,,6809.231227907736,856.0711860986542,5953.160041809082,5,2
2023-03-02,1677790800000,,6808.971183809836,856.0711860986542,5952.899997711182,5,2
2023-03-03,1677877200000,,6852.909994970954,1931.0799759737606,4921.830018997192,4,1
2023-03-06,1678136400000,,6804.256521431784,762.5115663689182,6041.744955062866,5,2
2023-03-07,1678222800000,,6671.762324012449,2036.0672957073964,4635.695028305054,4,1
2023-03-08,1678309200000,,6679.812393945676,734.1072910251455,5945.705102920532,5,2
2023-03-09,1678395600000,,6537.139254176267,2714.5092635985693,3822.6299905776978,3,1
2023-03-10,1678482000000,,6518.7592744412095,6518.7592744412095,0,0,0
2023-03-13,1678737600000,,6518.7592744412095,6518.7592744412095,0,0,0
2023-03-14,1678824000000,,6518.7592744412095,6518.7592744412095,0,0,0
2023-03-15,1678910400000,,6518.7592744412095,6518.7592744412095,0,0,0
2023-03-16,1678996800000,,6518.7592744412095,6518.7592744412095,0,0,0
2023-03-17,1679083200000,,6493.392906881151,5273.712853170214,1219.6800537109375,1,1
2023-03-20,1679342400000,,6501.174286947679,6501.174286947679,0,0,0
2023-03-21,1679428800000,,6501.174286947679,6501.174286947679,0,0,0
2023-03-22,1679515200000,,6501.174286947679,6501.174286947679,0,0,0
2023-03-23,1679601600000,,6501.174286947679,6501.174286947679,0,0,0
2023-03-24,1679688000000,,6575.271469797185,4351.49142714887,2223.7800426483154,2,2
2023-03-27,1679947200000,,6579.26363697061,3469.643626594633,3109.6200103759766,3,1
2023-03-28,1680033600000,,6598.797312182141,4536.687357348156,2062.1099548339844,2,2
2023-03-29,1680120000000,,6592.9501473936425,3846.955106500088,2745.9950408935547,3,2
2023-03-30,1680206400000,,6611.372777824612,4807.950212364407,1803.422565460205,2,2
2023-03-31,1680292800000,,6639.761295429669,5758.4962922253235,881.2650032043457,1,1
2023-04-03,1680552000000,,6626.420304908421,6626.420304908421,0,0,0
2023-04-04,1680638400000,,6626.420304908421,6626.420304908421,0,0,0
2023-04-05,1680724800000,,6575.556479936475,3569.92643690669,3005.630043029785,3,2
2023-04-06,1680811200000,,6578.978514769533,1262.5585928945327,5316.419921875,5,2
2023-04-10,1681156800000,,6626.028578856447,1262.5585928945327,5363.469985961914,5,2
2023-04-11,1681243200000,,6622.378607848146,1262.5585928945327,5359.820014953613,5,2
2023-04-12,1681329600000,,6634.778306744333,844.098287365671,5790.680019378662,5,2
2023-04-13,1681416000000,,6707.703824589159,814.216573307421,5893.487251281738,5,2
2023-04-14,1681502400000,,6678.573876488619,677.8938151482873,6000.680061340332,5,2
2023-04-17,1681761600000,,6707.866991666018,613.766993191897,6094.099998474121,5,2
2023-04-18,1681848000000,,6682.097725376101,703.127594455691,5978.97013092041,5,2
2023-04-19,1681934400000,,6691.517834248851,1065.537731709788,5625.9801025390625,5,1
2023-04-20,1682020800000,,6690.051372271618,1530.0713612852885,5159.980010986328,5,2
2023-04-21,1682107200000,,6673.284485872326,731.5544748859973,5941.730010986328,5,2
2023-04-24,1682366400000,,6710.4844065266225,731.5544748859973,5978.929931640625,5,2
2023-04-25,1682452800000,,6612.588021577785,406.7480557574727,6205.8399658203125,5,2
2023-04-26,1682539200000,,6480.956283791967,1084.116272195286,5396.84001159668,5,2
2023-04-27,1682625600000,,6538.7452613875175,1365.08846207111,5173.656799316406,5,2
2023-04-28,1682712000000,,6556.895307638331,1335.7452298185085,5221.150077819824,5,2
2023-05-01,1682971200000,,6578.533841087467,720.2237977525067,5858.310043334961,5,2
2023-05-02,1683057600000,,6538.746796998548,1594.276772889661,4944.470024108887,4,2
2023-05-03,1683144000000,,6416.566107180852,2162.4186042816823,4254.14750289917,4,2
2023-05-04,1683230400000,,6399.671094656095,631.6861932278725,5767.984901428223,5,2
2023-05-05,1683316800000,,6568.931131124601,631.6861932278725,5937.2449378967285,5,2
2023-05-08,1683576000000,,6591.998147769613,890.2301271397305,5701.768020629883,5,2
2023-05-09,1683662400000,,6535.728315823135,663.8783173490124,5871.849998474121,5,2
2023-05-10,1683748800000,,6532.564183442649,657.7142231154994,5874.849960327148,5,2
2023-05-11,1683835200000,,6596.01057384577,984.6306910332694,5611.3798828125,5,2
2023-05-12,1683921600000,,6635.510604363348,984.6306910332694,5650.879913330078,5,2
2023-05-15,1684180800000,,6680.947258887083,501.25728696325496,6179.689971923828,5,2
2023-05-16,1684267200000,,6567.313559368254,243.03343851864452,6324.280120849609,5,2
2023-05-17,1684353600000,,6601.3197359221485,262.62982121877917,6338.689914703369,5,2
2023-05-18,1684440000000,,6659.662639782481,548.2586900449323,6111.403949737549,5,2
2023-05-19,1684526400000,,6569.435191714793,645.9230914950667,5923.512100219727,5,2
2023-05-22,1684785600000,,6547.3752513766585,645.9230914950667,5901.452159881592,5,2
2023-05-23,1684872000000,,6473.892949476161,799.43695200912,5674.455997467041,5,2
2023-05-24,1684958400000,,6467.212994947353,799.43695200912,5667.776042938232,5,2
2023-05-25,1685044800000,,6409.562918693946,1951.7028837513187,4457.860034942627,4,2
2023-05-26,1685131200000,,6390.73083650785,834.5908218594118,5556.1400146484375,5,2
2023-05-30,1685476800000,,6329.317985341473,2974.268058583661,3355.0499267578125,3,1
2023-05-31,1685563200000,,6372.810274006157,1765.2301806223668,4607.580093383789,4,2
2023-06-01,1685649600000,,6378.296625652535,674.746576824409,5703.550048828125,5,2
2023-06-02,1685736000000,,6628.338303562911,825.2484750717006,5803.089828491211,5,2
2023-06-05,1685995200000,,6620.568939782722,5297.474266625984,1323.0946731567383,1,1
2023-06-06,1686081600000,,6579.97219280709,2960.963228268516,3619.008964538574,3,1
2023-06-07,1686168000000,,6550.169098666954,1845.7361152685162,4704.4329833984375,4,1
2023-06-08,1686254400000,,6590.66540755941,1088.1131538362652,5502.5522537231445,5,2
2023-06-09,1686340800000,,6569.80493671785,1301.3499806631621,5268.4549560546875,5,2
2023-06-12,1686600000000,,6658.6053824299315,1229.4554343098146,5429.149948120117,5,2
2023-06-13,1686686400000,,6711.21998241756,4017.4150202593564,2693.804962158203,2,1
2023-06-14,1686772800000,,6757.797031504398,1427.0821267192416,5330.714904785156,4,1
2023-06-15,1686859200000,,6730.102840129899,4167.122844402361,2562.979995727539,2,1
2023-06-16,1686945600000,,6696.3936529600705,2239.6536550963006,4456.7399978637695,4,2
2023-06-20,1687291200000,,6663.098538927538,1480.978604845507,5182.119934082031,5,2
2023-06-21,1687377600000,,6646.97288100319,2723.9428898532874,3923.0299911499023,4,2
2023-06-22,1687464000000,,6675.466994244531,1512.6469640321284,5162.820030212402,5,2
2023-06-23,1687550400000,,6632.712025447244,1185.312008662576,5447.400016784668,5,2
2023-06-26,1687809600000,,6603.28191070115,1185.312008662576,5417.969902038574,5,2
2023-06-27,1687896000000,,6703.080381440545,1195.0204525465026,5508.059928894043,5,2
2023-06-28,1687982400000,,6729.681736034808,2548.071689648089,4181.610046386719,4,2
2023-06-29,1688068800000,,6770.391506422686,1652.521595228839,5117.869911193848,4,2
2023-06-30,1688155200000,,6796.905057535563,4226.905095682536,2569.9999618530273,2,1
2023-07-03,1688414400000,,6800.509706260023,4711.159707785902,2089.349998474121,2,1
2023-07-05,1688587200000,,6761.989713431654,4711.159707785902,2050.830005645752,2,1
2023-07-06,1688673600000,,6746.899964065458,3474.4299590300584,3272.4700050354004,3,2
2023-07-07,1688760000000,,6701.475878558096,1058.765864214835,5642.710014343262,5,2
2023-07-10,1689019200000,,6815.182891246337,2263.4228852954093,4551.760005950928,4,2
2023-07-11,1689105600000,,6834.6194404835205,756.2394966358647,6078.379943847656,5,2
2023-07-12,1689192000000,,6903.455325363411,627.3254120333334,6276.129913330078,5,2
2023-07-13,1689278400000,,6887.113273459565,1769.6632612525334,5117.450012207031,4,2
2023-07-14,1689364800000,,6956.81325226944,412.633259593659,6544.179992675781,5,2
2023-07-17,1689624000000,,6957.450694728514,369.2007672077607,6588.249927520752,5,2
2023-07-18,1689710400000,,7014.703490376913,220.47338974519744,6794.230100631714,5,2
2023-07-19,1689796800000,,7028.918525329807,283.73845826743013,6745.180067062378,5,2
2023-07-20,1689883200000,,7073.271122411931,458.40118546887675,6614.869936943054,5,2
2023-07-21,1689969600000,,7066.964750006506,1098.8447320011344,5968.120018005371,5,2
2023-07-24,1690228800000,,7064.35470648081,1098.8447320011344,5965.509974479675,5,2
2023-07-25,1690315200000,,7016.4347683933465,1098.8447320011344,5917.590036392212,5,2
2023-07-26,1690401600000,,6941.71726217069,1504.9672717074332,5436.749990463257,5,2
2023-07-27,1690488000000,,7037.621921442297,876.1019820196896,6161.519939422607,5,2
2023-07-28,1690574400000,,7004.239752930401,2199.2597114264945,4804.980041503906,4,2
2023-07-31,1690833600000,,7026.930082327549,929.7602138583106,6097.169868469238,5,2
2023-08-01,1690920000000,,7031.859131212307,877.8292468739282,6154.029884338379,5,2
2023-08-02,1691006400000,,6989.763487651974,766.4034412652557,6223.360046386719,5,1
2023-08-03,1691092800000,,6900.04413136424,3308.314044083966,3591.7300872802734,3,1
2023-08-04,1691179200000,,6891.397037357091,881.1670263707629,6010.230010986328,5,2
2023-08-07,1691438400000,,6918.670359435744,533.7303112179693,6384.940048217773,5,2
2023-08-08,1691524800000,,6816.54038507051,533.7303112179693,6282.810073852539,5,2
2023-08-09,1691611200000,,6777.425858794981,2025.2858746641218,4752.139984130859,4,1
2023-08-10,1691697600000,,6756.697451964202,1469.5013307483814,5287.19612121582,5,2
2023-08-11,1691784000000,,6800.60129107553,1469.5013307483814,5331.099960327148,5,2
2023-08-14,1692043200000,,6830.154079760818,1590.2661479370865,5239.8879318237305,5,2
2023-08-15,1692129600000,,6791.549511055056,576.8635636368435,6214.685947418213,5,2
2023-08-16,1692216000000,,6732.087558845584,576.8635636368435,6155.22399520874,5,2
2023-08-17,1692302400000,,6675.167446384067,740.6674540134612,5934.4999923706055,5,1
2023-08-18,1692388800000,,6635.88764636156,1987.4475752556032,4648.440071105957,4,2
2023-08-21,1692648000000,,6603.723590169821,2471.813632284079,4131.909957885742,4,1
2023-08-22,1692734400000,,6553.245951902168,1038.2359573953315,5515.009994506836,5,2
2023-08-23,1692820800000,,6605.124067146689,714.0540064167094,5891.0700607299805,5,2
2023-08-24,1692907200000,,6605.541339198181,706.6714623366088,5898.869876861572,5,2
2023-08-25,1692993600000,,6628.491320033989,739.3612731895062,5889.130046844482,5,2
2023-08-28,1693252800000,,6619.423195930816,268.88822278628504,6350.534973144531,5,2
2023-08-29,1693339200000,,6759.34711363787,112.552069692558,6646.7950439453125,5,2
2023-08-30,1693425600000,,6751.817531031235,5477.657527369126,1274.1600036621094,1,1
2023-08-31,1693512000000,,6661.480755761909,5341.1808175600045,1320.2999382019043,1,1
2023-09-01,1693598400000,,6703.301124234002,971.1411873290942,5732.159936904907,5,2
2023-09-05,1693944000000,,6590.327853394661,975.8878337871176,5614.440019607544,5,2
2023-09-06,1694030400000,,6560.432417452888,3304.1024461394118,3256.3299713134766,3,1
2023-09-07,1694116800000,,6593.362274693581,756.475243138405,5836.887031555176,5,2
2023-09-08,1694203200000,,6556.665937616726,765.1890184425324,5791.476919174194,5,2
2023-09-11,1694462400000,,6604.0620157264675,765.1890184425324,5838.872997283936,5,2
2023-09-12,1694548800000,,6595.258039005788,356.2500720105488,6239.007966995239,5,2
2023-09-13,1694635200000,,6582.033900789541,351.23664622716274,6230.797254562378,5,1
2023-09-14,1694721600000,,6658.900098085409,222.3825161457114,6436.517581939697,5,1
2023-09-15,1694808000000,,6656.089297863564,649.5566516843659,6006.532646179199,5,1
2023-09-18,1695067200000,,6614.518814152551,1021.9671631515746,5592.551651000977,5,2
2023-09-19,1695153600000,,6633.650390175211,1440.0104060443514,5193.639984130859,5,2
2023-09-20,1695240000000,,6585.53882555559,1745.4688029725821,4840.070022583008,5,2
2023-09-21,1695326400000,,6498.378844781664,1745.4688029725821,4752.910041809082,5,2
2023-09-22,1695412800000,,6484.465239935847,2180.801291876765,4303.663948059082,5,2
2023-09-25,1695672000000,,6510.271323615047,2180.801291876765,4329.470031738281,5,2
2023-09-26,1695758400000,,6432.380954155826,1579.720893273257,4852.660060882568,5,2
2023-09-27,1695844800000,,6466.538713406915,1527.172697018977,4939.366016387939,5,2
2023-09-28,1695931200000,,6471.725238256769,1561.345233373957,4910.3800048828125,4,1
2023-09-29,1696017600000,,6388.1122988533425,472.7324160408418,5915.3798828125,5,2
2023-10-02,1696276800000,,6359.4729895690925,2557.8130011657718,3801.6599884033203,3,1
2023-10-03,1696363200000,,6331.440326749307,1621.7002602209861,4709.74006652832,4,1
2023-10-04,1696449600000,,6394.665127045449,293.6850092475979,6100.980117797852,5,2
2023-10-05,1696536000000,,6416.991199468966,647.971321081515,5769.019878387451,5,2
2023-10-06,1696622400000,,6423.971298193332,647.971321081515,5775.999977111816,5,2
2023-10-09,1696881600000,,6522.36690150046,1678.6268845632044,4843.740016937256,4,2
2023-10-10,1696968000000,,6525.553059651183,4023.2220049636826,2502.3310546875,2,1
2023-10-11,1697054400000,,6524.162739826964,4023.2220049636826,2500.9407348632812,2,1
2023-10-12,1697140800000,,6507.492518259856,5288.926813914153,1218.5657043457031,1,1
2023-10-13,1697227200000,,6430.3242928506215,2690.1044518472036,3740.219841003418,3,1
2023-10-16,1697486400000,,6505.114534229284,569.0931490364128,5936.021385192871,5,2
2023-10-17,1697572800000,,6535.718126148229,569.0931490364128,5966.624977111816,5,2
2023-10-18,1697659200000,,6426.756808548879,605.2697403726097,5821.4870681762695,5,2
2023-10-19,1697745600000,,6339.676265030813,605.2697403726097,5734.406524658203,5,2
2023-10-20,1697832000000,,6267.517624528859,3019.927250535939,3247.59037399292,3,1
2023-10-23,1698091200000,,6253.94644537859,6253.94644537859,0,0,0
2023-10-24,1698177600000,,6253.94644537859,6253.94644537859,0,0,0
2023-10-25,1698264000000,,6269.529897197133,682.3398833116355,5587.190013885498,5,2
2023-10-26,1698350400000,,6230.327267538309,6230.327267538309,0,0,0
2023-10-27,1698436800000,,6230.327267538309,6230.327267538309,0,0,0
2023-10-30,1698696000000,,6230.327267538309,6230.327267538309,0,0,0
2023-10-31,1698782400000,,6230.327267538309,6230.327267538309,0,0,0
2023-11-01,1698868800000,,6230.327267538309,6230.327267538309,0,0,0
2023-11-02,1698955200000,,6230.327267538309,6230.327267538309,0,0,0
2023-11-03,1699041600000,,6234.828434597452,5430.823979031045,804.0044555664062,1,1
2023-11-06,1699304400000,,6212.815067898233,5430.823979031045,781.9910888671875,1,1
2023-11-07,1699390800000,,6178.838575113742,6178.838575113742,0,0,0
2023-11-08,1699477200000,,6149.523404622543,3585.1456046347494,2564.377799987793,3,2
2023-11-09,1699563600000,,6085.149829578079,1377.2398678776397,4707.909961700439,5,2
2023-11-10,1699650000000,,6153.239913654007,1377.2398678776397,4776.000045776367,5,2
2023-11-13,1699909200000,,6170.606226491009,1701.0762811174736,4469.529945373535,5,2
2023-11-14,1699995600000,,6190.259780445607,3516.149734058888,2674.1100463867188,3,2
2023-11-15,1700082000000,,6189.651873679142,5397.27186879633,792.3800048828125,1,1
2023-11-16,1700168400000,,6199.703323838856,2568.803383348133,3630.8999404907227,4,2
2023-11-17,1700254800000,,6243.713214486957,1807.2233081759227,4436.489906311035,5,2
2023-11-20,1700514000000,,6261.8745275750925,1828.5945745721629,4433.27995300293,5,2
2023-11-21,1700600400000,,6262.69412504262,826.0441540343211,5436.649971008301,5,2
2023-11-22,1700686800000,,6244.993558181191,644.6934940942767,5600.300064086914,5,1
2023-11-24,1700859600000,,6270.703519118691,644.6934940942767,5626.010025024414,5,1
2023-11-27,1701118800000,,6257.91545528282,1879.0554317842866,4378.860023498535,4,1
2023-11-28,1701205200000,,6228.062857311963,954.3828570067872,5273.680000305176,5,2
2023-11-29,1701291600000,,6254.632795017957,954.3828570067872,5300.249938011169,5,2
2023-11-30,1701378000000,,6260.591724287954,1066.5217017049465,5194.070022583008,5,2
2023-12-01,1701464400000,,6335.949464502325,1172.3894974613095,5163.559967041016,5,2
2023-12-04,1701723600000,,6301.3792432797,2636.209267998938,3665.1699752807617,4,2
2023-12-05,1701810000000,,6262.040245963835,1252.8251504438156,5009.2150955200195,5,2
2023-12-06,1701896400000,,6212.630151217894,2429.0691351351306,3783.5610160827637,4,2
2023-12-07,1701982800000,,6227.6997198330755,841.2097334133979,5386.489986419678,5,2
2023-12-08,1702069200000,,6242.564143920845,565.1521718749464,5677.411972045898,5,1
2023-12-11,1702328400000,,6374.5199556604575,588.6700029627038,5785.849952697754,5,2
2023-12-12,1702414800000,,6405.94101805354,2252.681046434888,4153.259971618652,4,2
2023-12-13,1702501200000,,6498.160378324092,2388.4603661170604,4109.700012207031,4,2
2023-12-14,1702587600000,,6557.350084067531,6557.350084067531,0,0,0
2023-12-15,1702674000000,,6540.815380121904,1960.915493036943,4579.899887084961,4,2
2023-12-18,1702933200000,,6615.091094011064,711.8610677659472,5903.230026245117,5,2
2023-12-19,1703019600000,,6647.211089128252,711.8610677659472,5935.350021362305,5,2
2023-12-20,1703106000000,,6567.913647758852,3077.9136477588518,3490,3,1
2023-12-21,1703192400000,,6584.324149480128,895.8186525013675,5688.50549697876,5,1
2023-12-22,1703278800000,,6612.95366608169,895.8186525013675,5717.135013580322,5,1
2023-12-26,1703624400000,,6620.395927089255,1212.0059124408172,5408.3900146484375,5,2
2023-12-27,1703710800000,,6635.725410121481,1212.0059124408172,5423.719497680664,5,2
2023-12-28,1703797200000,,6636.204372415914,3998.314388285055,2637.8899841308594,3,2
2023-12-29,1703883600000,,6605.104030571974,1455.179027520216,5149.925003051758,5,2
2024-01-02,1704229200000,,6575.676578260298,1395.1765172251414,5180.500061035156,5,2
2024-01-03,1704315600000,,6555.178872744016,1399.4656235374734,5155.713249206543,5,2
2024-01-04,1704402000000,,6505.836963091697,1356.7970003231408,5149.039962768555,5,2
2024-01-05,1704488400000,,6508.692995214047,1843.523050450863,4665.169944763184,4,2
2024-01-08,1704747600000,,6604.854710790585,365.6046344966396,6239.250076293945,5,2
2024-01-09,1704834000000,,6486.028645984112,436.8686499513972,6049.159996032715,5,2
2024-01-10,1704920400000,,6466.5627384454465,713.4627781182979,5753.099960327148,5,1
2024-01-11,1705006800000,,6463.999063852185,1828.6889365938841,4635.310127258301,4,1
2024-01-12,1705093200000,,6495.419039411118,522.1490923591166,5973.269947052002,5,1
2024-01-16,1705438800000,,6459.445996869699,534.5059009682095,5924.940095901489,5,2
2024-01-17,1705525200000,,6401.654282476549,1351.0643509885117,5050.589931488037,4,1
2024-01-18,1705611600000,,6318.288256125628,1315.4968304206711,5002.791425704956,4,1
2024-01-19,1705698000000,,6369.088973744192,472.4592320754907,5896.629741668701,5,2
2024-01-22,1705957200000,,6430.9065149106655,391.27113130470866,6039.635383605957,5,2
2024-01-23,1706043600000,,6436.402685381387,265.18771193167936,6171.214973449707,5,2
2024-01-24,1706130000000,,6348.451243140191,477.6011912603087,5870.850051879883,5,1
2024-01-25,1706216400000,,6372.894443717874,351.21439763633157,6021.680046081543,5,2
2024-01-26,1706302800000,,6367.28248965973,446.81243503326596,5920.470054626465,5,2
2024-01-29,1706562000000,,6403.830211871439,444.76025032358757,5959.069961547852,5,2
2024-01-30,1706648400000,,6387.97042164255,586.5403526728232,5801.430068969727,5,2
2024-01-31,1706734800000,,6382.067749828585,586.5403526728232,5795.527397155762,5,2
2024-02-01,1706821200000,,6419.385509583007,1798.725605103027,4620.6599044799805,4,1
2024-02-02,1706907600000,,6415.50687112929,457.5268982899356,5957.9799728393555,5,2
2024-02-05,1707166800000,,6392.651037738652,582.6310563543739,5810.019981384277,5,2
2024-02-06,1707253200000,,6430.0287333059205,889.7687349843867,5540.259998321533,5,2
2024-02-07,1707339600000,,6500.068613059103,1384.5786075659391,5115.490005493164,5,2
2024-02-08,1707426000000,,6478.10465327653,1272.2446240559493,5205.860029220581,5,1
2024-02-09,1707512400000,,6443.9119616095,1102.9719076696808,5340.940053939819,5,2
2024-02-12,1707771600000,,6499.032552069446,630.0826466739379,5868.949905395508,5,2
2024-02-13,1707858000000,,6476.287767305018,614.9177664657855,5861.370000839233,5,2
2024-02-14,1707944400000,,6493.277702738551,734.1976627605243,5759.080039978027,5,1
2024-02-15,1708030800000,,6510.3981713342,783.0681733178424,5727.329998016357,5,1
2024-02-16,1708117200000,,6436.5177396971,318.437653942706,6118.0800857543945,5,2
2024-02-20,1708462800000,,6426.971478599749,1683.6815196458922,4743.289958953857,4,2
2024-02-21,1708549200000,,6437.251574336108,827.4516361342041,5609.799938201904,5,2
2024-02-22,1708635600000,,6497.737326613209,1340.4873456866949,5157.249980926514,5,1
2024-02-23,1708722000000,,6545.027944616916,1079.7379971071502,5465.289947509766,5,2
2024-02-26,1708981200000,,6517.679185960941,383.8291111928745,6133.850074768066,5,2
2024-02-27,1709067600000,,6566.789026354008,383.8291111928745,6182.959915161133,5,2
2024-02-28,1709154000000,,6535.977506480676,643.8474291186146,5892.130077362061,5,2
2024-02-29,1709240400000,,6546.140327079004,941.9603105613653,5604.180016517639,5,2
2024-03-01,1709326800000,,6552.352969064459,1111.3630513093324,5440.989917755127,5,2
2024-03-04,1709586000000,,6545.642965211615,1111.3630513093324,5434.279913902283,5,2
2024-03-05,1709672400000,,6511.939276908544,1177.9092924343627,5334.029984474182,5,2
2024-03-06,1709758800000,,6525.56912348142,1177.9092924343627,5347.659831047058,5,2
2024-03-07,1709845200000,,6511.741170544477,1391.331184048506,5120.409986495972,5,2
2024-03-08,1709931600000,,6498.518718781576,1176.6286373759367,5321.89008140564,5,2
2024-03-11,1710187200000,,6509.328686776266,1176.6286373759367,5332.70004940033,5,2
2024-03-12,1710273600000,,6529.808812685538,1977.3987222390658,4552.410090446472,5,2
2024-03-13,1710360000000,,6551.978728838492,1977.3987222390658,4574.580006599426,5,2
2024-03-14,1710446400000,,6498.946672663324,2011.5966818185968,4487.349990844727,5,1
2024-03-15,1710532800000,,6493.840195484612,1104.9401405529716,5388.900054931641,5,2
2024-03-18,1710792000000,,6496.690232105706,1104.9401405529716,5391.750091552734,5,2
2024-03-19,1710878400000,,6529.000084705804,1104.9401405529716,5424.059944152832,5,2
2024-03-20,1710964800000,,6513.421936148636,135.4720002355507,6377.949935913086,5,2
2024-03-21,1711051200000,,6492.61085423052,482.27091511308845,6010.339939117432,5,2
2024-03-22,1711137600000,,6472.333023432067,2189.973053339294,4282.359970092773,4,2
2024-03-25,1711396800000,,6415.6280528748775,965.6280681336666,5449.999984741211,5,2
2024-03-26,1711483200000,,6446.8364128504645,1280.0864281092527,5166.749984741211,5,2
2024-03-27,1711569600000,,6531.066515389527,1280.0864281092527,5250.980087280273,5,2
2024-03-28,1711656000000,,6546.238668955712,1265.8437333478018,5280.39493560791,5,2
2024-04-01,1712001600000,,6594.6758094246,1087.0082679206932,5507.667541503906,5,2
2024-04-02,1712088000000,,6564.558631566966,731.3885685481671,5833.170063018799,5,2
2024-04-03,1712174400000,,6561.309665668743,427.8146991617846,6133.494966506958,5,1
2024-04-04,1712260800000,,6524.736575872681,985.4866369078368,5539.249938964844,5,2
2024-04-05,1712347200000,,6574.426776678345,985.4866369078368,5588.940139770508,5,2
2024-04-08,1712606400000,,6550.730472427791,296.79057679790867,6253.939895629883,5,1
2024-04-09,1712692800000,,6583.990482193416,296.79057679790867,6287.199905395508,5,1
2024-04-10,1712779200000,,6499.000209252964,165.58027974856964,6333.4199295043945,5,2
2024-04-11,1712865600000,,6455.95303477628,304.9130433974958,6151.039991378784,5,2
2024-04-12,1712952000000,,6386.269285423205,1584.279234153673,4801.990051269531,4,1
2024-04-15,1713211200000,,6377.27384384215,294.66382797300935,6082.610015869141,5,2
2024-04-16,1713297600000,,6326.258695349664,2723.2386834478084,3603.0200119018555,3,1
2024-04-17,1713384000000,,6293.027361425493,394.04726270112724,5898.980098724365,5,2
2024-04-18,1713470400000,,6277.549289187005,1469.3893580041438,4808.159931182861,4,2
2024-04-19,1713556800000,,6327.998299707701,914.4282466071152,5413.570053100586,5,2
2024-04-22,1713816000000,,6406.158227075865,914.4282466071152,5491.72998046875,5,2
2024-04-23,1713902400000,,6480.428829794921,954.6087614355451,5525.820068359375,5,2
2024-04-24,1713988800000,,6453.538488672224,1104.0565550784745,5349.48193359375,5,2
2024-04-25,1714075200000,,6438.360415899466,2335.290408575247,4103.070007324219,4,2
2024-04-26,1714161600000,,6472.79076945854,698.7547968633255,5774.035972595215,5,2
2024-04-29,1714420800000,,6517.909442258735,437.62130291547237,6080.288139343262,5,2
2024-04-30,1714507200000,,6447.988950660715,1543.528959205637,4904.459991455078,4,2
2024-05-01,1714593600000,,6473.205299214373,266.77597792531037,6206.4293212890625,5,2
2024-05-02,1714680000000,,6502.414935935123,721.926998007876,5780.487937927246,5,2
2024-05-03,1714766400000,,6514.746913779361,721.926998007876,5792.819915771484,5,2
2024-05-06,1715025600000,,6531.111128762195,781.9237355737175,5749.187393188477,5,2
2024-05-07,1715112000000,,6563.227047373417,665.8269619241979,5897.400085449219,5,1
2024-05-08,1715198400000,,6553.602763731789,3005.5328021839377,3548.0699615478516,3,2
2024-05-09,1715284800000,,6605.042121076577,912.0721847057275,5692.96993637085,5,2
2024-05-10,1715371200000,,6579.311282208643,1550.6712484867192,5028.640033721924,5,2
2024-05-13,1715630400000,,6649.411235860071,1550.6712484867192,5098.739987373352,5,2
2024-05-14,1715716800000,,6604.559815752145,1434.2198623295992,5170.339953422546,5,2
2024-05-15,1715803200000,,6593.539892542001,1434.2198623295992,5159.320030212402,5,2
2024-05-16,1715889600000,,6587.891040681216,1437.2309797986472,5150.660060882568,5,1
2024-05-17,1715976000000,,6573.528072725008,995.3081058365808,5578.219966888428,5,1
2024-05-20,1716235200000,,6572.173187140841,1162.1732176584192,5409.999969482422,5,2
2024-05-21,1716321600000,,6530.172514819603,1331.19249620388,5198.980018615723,5,2
2024-05-22,1716408000000,,6519.200825309374,2468.3108640666974,4050.889961242676,4,1
2024-05-23,1716494400000,,6431.68646865259,901.0665040529798,5530.619964599609,5,1
2024-05-24,1716580800000,,6461.509886261236,528.8797860109919,5932.630100250244,5,1
2024-05-28,1716926400000,,6421.2398629152885,528.8797860109919,5892.360076904297,5,1
2024-05-29,1717012800000,,6366.2537261656635,623.573657195936,5742.680068969727,5,2
2024-05-30,1717099200000,,6399.024063370604,1049.7640383461894,5349.260025024414,5,2
2024-05-31,1717185600000,,6487.271573621709,1359.001508314092,5128.270065307617,5,2
2024-06-03,1717444800000,,6458.799657760321,1437.8197383267266,5020.979919433594,5,2
2024-06-04,1717531200000,,6434.589727340399,1437.8197383267266,4996.769989013672,5,2
2024-06-05,1717617600000,,6508.274062028708,1711.7173603685512,4796.556701660156,5,2
2024-06-06,1717704000000,,6488.833042698566,789.0663915450002,5699.766651153564,5,1
2024-06-07,1717790400000,,6400.028678124889,416.532073205454,5983.496604919434,5,2
2024-06-10,1718049600000,,6610.955189400993,325.3584982693999,6285.596691131592,5,2
2024-06-11,1718136000000,,6551.4966812465955,1414.856618914441,5136.640062332153,4,1
2024-06-12,1718222400000,,6511.346132367151,1412.906136601465,5098.439995765686,4,2
2024-06-13,1718308800000,,6481.976667149408,156.27661679540438,6325.700050354004,5,2
2024-06-14,1718395200000,,6413.94757251518,236.28748016135978,6177.660092353821,5,2
2024-06-17,1718654400000,,6448.027683645914,1481.8176378314,4966.210045814514,4,2
2024-06-18,1718740800000,,6426.505654790287,124.61558292139102,6301.8900718688965,5,2
2024-06-20,1718913600000,,6425.611001818424,555.182782976872,5870.428218841553,5,2
2024-06-21,1719000000000,,6385.908756964413,845.6854598452728,5540.223297119141,5,1
2024-06-24,1719259200000,,6441.79800218723,1125.5413417258042,5316.256660461426,5,1
2024-06-25,1719345600000,,6429.960056038213,2115.993343086553,4313.96671295166,5,2
2024-06-26,1719432000000,,6427.367163948523,1904.6904137654171,4522.6767501831055,5,2
2024-06-27,1719518400000,,6478.044608644079,1765.054557374548,4712.990051269531,5,1
2024-06-28,1719604800000,,6457.867522222289,761.0875158135975,5696.780006408691,5,2
2024-07-01,1719864000000,,6385.939642875694,1100.2996053390723,5285.640037536621,5,1
2024-07-02,1719950400000,,6395.54929203154,1338.6993584072716,5056.849933624268,5,2
2024-07-03,1720036800000,,6406.741770978004,1043.571746106178,5363.170024871826,5,2
2024-07-05,1720209600000,,6402.757189931037,524.3072578326487,5878.449932098389,5,1
2024-07-08,1720468800000,,6452.318812399604,534.1387358004833,5918.180076599121,5,1
2024-07-09,1720555200000,,6384.867339207418,522.6872893111763,5862.18004989624,5,2
2024-07-10,1720641600000,,6427.096617705928,465.8065900875208,5961.290027618408,5,2
2024-07-11,1720728000000,,6519.151749097261,512.1617664922815,6006.9899826049805,5,2
2024-07-12,1720814400000,,6530.822297413535,514.4823506667085,6016.339946746826,5,1
2024-07-15,1721073600000,,6534.6904245732085,645.7954813359041,5888.894943237305,5,1
2024-07-16,1721160000000,,6643.663576733853,645.7954813359041,5997.868095397949,5,1
2024-07-17,1721246400000,,6555.953143832445,3075.2491338226787,3480.7040100097656,3,1
2024-07-18,1721332800000,,6430.199521552906,3178.161023628101,3252.0384979248047,3,1
2024-07-19,1721419200000,,6406.862850567013,1368.566856762081,5038.295993804932,5,2
2024-07-22,1721678400000,,6524.411415477902,1368.566856762081,5155.84455871582,5,2
2024-07-23,1721764800000,,6490.854430601266,817.734473631052,5673.119956970215,5,2
2024-07-24,1721851200000,,6405.126038369222,761.4660804834805,5643.659957885742,5,2
2024-07-25,1721937600000,,6398.027541191222,1922.9875479050886,4475.039993286133,4,2
2024-07-26,1722024000000,,6378.710236335662,988.8902671584158,5389.819969177246,5,1
2024-07-29,1722283200000,,6441.47518418584,556.325182659961,5885.150001525879,5,2
2024-07-30,1722369600000,,6367.581706715817,316.2417485248982,6051.339958190918,5,2
2024-07-31,1722456000000,,6392.581605893918,370.81155203039157,6021.770053863525,5,1
2024-08-01,1722542400000,,6324.870368403797,2525.7803548997695,3799.0900135040283,4,1
2024-08-02,1722628800000,,6156.582816189317,2254.0328894315044,3902.5499267578125,4,1
2024-08-05,1722888000000,,5950.094613003095,973.4745263331731,4976.620086669922,5,2
2024-08-06,1722974400000,,5973.14839760417,2356.9884854947945,3616.159912109375,4,2
2024-08-07,1723060800000,,5981.005483513529,1331.275446777993,4649.730036735535,5,2
2024-08-08,1723147200000,,6146.035504227335,1331.275446777993,4814.760057449341,5,2
2024-08-09,1723233600000,,6101.3662299886555,4279.526233650765,1821.8399963378906,2,2
2024-08-12,1723492800000,,6098.286247231087,4279.526233650765,1818.7600135803223,2,2
2024-08-13,1723579200000,,6113.823136579747,2912.903107893224,3200.9200286865234,3,2
2024-08-14,1723665600000,,6143.074193472364,1530.8442168183112,4612.229976654053,4,2
2024-08-15,1723752000000,,6166.85849793727,3750.388511975355,2416.469985961914,2,1
2024-08-16,1723838400000,,6192.58213179241,429.41225187908003,5763.16987991333,5,2
2024-08-19,1724097600000,,6225.7252443800235,481.80516991713216,5743.920074462891,5,2
2024-08-20,1724184000000,,6227.3861939912895,2628.10615706502,3599.2800369262695,3,1
2024-08-21,1724270400000,,6205.176285721834,4206.826294877107,1998.3499908447266,2,2
2024-08-22,1724356800000,,6215.430966393709,2276.220868127107,3939.2100982666016,4,2
2024-08-23,1724443200000,,6256.168912199678,1929.7088749682327,4326.460037231445,5,2
2024-08-26,1724702400000,,6272.946309528384,2903.386373004946,3369.5599365234375,3,2
2024-08-27,1724788800000,,6267.216963166369,908.9568923655879,5358.260070800781,5,2
2024-08-28,1724875200000,,6312.007023081775,1480.6669809675168,4831.340042114258,5,2
2024-08-29,1724961600000,,6296.5916330320615,1902.5616647703423,4394.029968261719,5,1
2024-08-30,1725048000000,,6325.573817533206,2246.8637345253933,4078.7100830078125,5,1
2024-09-03,1725393600000,,6380.2951202342265,788.5652313182104,5591.729888916016,5,1
2024-09-04,1725480000000,,6403.136595658558,829.7966183941539,5573.339977264404,5,2
2024-09-05,1725566400000,,6376.016631058948,829.7966183941539,5546.220012664795,5,2
2024-09-06,1725652800000,,6288.094517494832,1008.1245544211012,5279.9699630737305,5,2
2024-09-09,1725912000000,,6324.564640785848,1008.1245544211012,5316.440086364746,5,2
2024-09-10,1725998400000,,6356.777641147206,1106.3076208530167,5250.470020294189,5,2
2024-09-11,1726084800000,,6392.209438060506,1071.0594060170486,5321.150032043457,5,1
2024-09-12,1726171200000,,6384.543297989324,354.04329798932395,6030.5,5,2
2024-09-13,1726257600000,,6429.555675740666,697.3357813314873,5732.21989440918,5,2
2024-09-16,1726516800000,,6442.641286111943,829.8013202916309,5612.8399658203125,5,2
2024-09-17,1726603200000,,6443.608143688207,1024.2781723747303,5419.329971313477,5,1
2024-09-18,1726689600000,,6443.265284491657,649.6553029547933,5793.609981536865,5,2
2024-09-19,1726776000000,,6470.961879746331,1554.8518905800713,4916.10998916626,4,1
2024-09-20,1726862400000,,6481.913641161306,239.47370356975352,6242.439937591553,5,2
2024-09-23,1727121600000,,6564.4736463492945,239.47370356975352,6324.999942779541,5,2
2024-09-24,1727208000000,,6526.288343659877,678.5583860793101,5847.729957580566,5,2
2024-09-25,1727294400000,,6451.497609395817,658.5976078699366,5792.900001525879,5,2
2024-09-26,1727380800000,,6470.407348923251,875.8974230809657,5594.509925842285,5,2
2024-09-27,1727467200000,,6515.647301010654,875.8974230809657,5639.7498779296875,5,2
2024-09-30,1727726400000,,6490.934288591372,1009.4543615283839,5481.479927062988,5,2
2024-10-01,1727812800000,,6472.169198999453,1299.6092166996489,5172.559982299805,5,2
2024-10-02,1727899200000,,6453.509271631289,1299.6092166996489,5153.900054931641,5,2
2024-10-03,1727985600000,,6389.437452162625,2162.177472914578,4227.259979248047,4,1
2024-10-04,1728072000000,,6408.916091129803,1510.506102726483,4898.40998840332,5,2
2024-10-07,1728331200000,,6289.4933899068565,3511.643490614864,2777.849899291992,3,2
2024-10-08,1728417600000,,6303.429407911755,1156.1395061783555,5147.289901733398,5,2
2024-10-09,1728504000000,,6307.060070252644,1033.6200277569158,5273.4400424957275,5,2
2024-10-10,1728590400000,,6268.745149344151,2081.7452027499135,4186.999946594238,4,1
2024-10-11,1728676800000,,6305.647120481939,825.8571538986869,5479.789966583252,5,1
2024-10-14,1728936000000,,6358.7496215541505,301.14909855915676,6057.600522994995,5,2
2024-10-15,1729022400000,,6379.633333013377,2682.4332902887672,3697.2000427246094,3,2
2024-10-16,1729108800000,,6438.370895934287,312.65084893721655,6125.72004699707,5,2
2024-10-17,1729195200000,,6349.9615663815275,1620.3115877438322,4729.649978637695,4,1
2024-10-18,1729281600000,,6295.638864424506,466.5688151386187,5829.070049285889,5,1
2024-10-21,1729540800000,,6235.798776533881,466.5688151386187,5769.229961395264,5,1
2024-10-22,1729627200000,,6212.608182700958,714.9881799543766,5497.620002746582,5,1
2024-10-23,1729713600000,,6222.9455892842025,718.575556020043,5504.37003326416,5,2
2024-10-24,1729800000000,,6180.92484753164,674.6848115208979,5506.240036010742,5,1
2024-10-25,1729886400000,,6134.769305327817,2738.8292876276223,3395.9400177001953,3,1
2024-10-28,1730145600000,,6119.159952042693,997.7599657756025,5121.39998626709,5,2
2024-10-29,1730232000000,,6088.969100080337,954.889166913832,5134.079933166504,5,2
2024-10-30,1730318400000,,6117.46905430397,954.889166913832,5162.579887390137,5,2
2024-10-31,1730404800000,,6069.651843075621,2371.021838192809,3698.6300048828125,4,2
2024-11-01,1730491200000,,6043.590864144237,1631.950941048534,4411.639923095703,4,2
2024-11-04,1730754000000,,6085.826873275965,858.7769198152731,5227.049953460693,5,2
2024-11-05,1730840400000,,6142.036929580897,858.7769198152731,5283.260009765625,5,2
2024-11-06,1730926800000,,6163.62560206712,3986.325572312481,2177.3000297546387,2,1
2024-11-07,1731013200000,,6182.513366626481,727.0333060490884,5455.480060577393,5,2
2024-11-08,1731099600000,,6208.8478774422765,652.1078261727455,5556.740051269531,5,1
2024-11-11,1731358800000,,6217.164571980087,3024.224535206406,3192.9400367736816,3,1
2024-11-12,1731445200000,,6182.821910416428,819.5618663185278,5363.2600440979,5,2
2024-11-13,1731531600000,,6152.991832291428,819.5618663185278,5333.4299659729,5,2
2024-11-14,1731618000000,,6110.361827408616,819.5618663185278,5290.799961090088,5,2
2024-11-15,1731704400000,,6059.001946755734,2866.241944619503,3192.7600021362305,3,1
2024-11-18,1731963600000,,6010.749776721554,1224.4797495609093,4786.2700271606445,5,2
2024-11-19,1732050000000,,6038.089841723995,1224.4797495609093,4813.610092163086,5,2
2024-11-20,1732136400000,,6005.980577786955,2394.880571683439,3611.1000061035156,4,2
2024-11-21,1732222800000,,6083.301846560393,1569.2317476834392,4514.070098876953,5,2
2024-11-22,1732309200000,,6115.07528071102,1085.5823760479336,5029.492904663086,5,2
2024-11-25,1732568400000,,6191.156837088735,1478.7768550941066,4712.379981994629,5,2
2024-11-26,1732654800000,,6187.965134130911,1728.725159155325,4459.239974975586,5,2
2024-11-27,1732741200000,,6170.083118543447,1388.7730599496977,4781.31005859375,5,2
2024-11-29,1732914000000,,6201.12672995336,1437.926763522696,4763.199966430664,5,2
2024-12-02,1733173200000,,6235.9475815702735,877.7176087309181,5358.2299728393555,5,2
2024-12-03,1733259600000,,6244.686919523536,618.5169442427743,5626.169975280762,5,2
2024-12-04,1733346000000,,6220.695999532158,529.6640247396767,5691.0319747924805,5,2
2024-12-05,1733432400000,,6190.035010864142,772.67942004383,5417.3555908203125,5,2
2024-12-06,1733518800000,,6172.0316234129705,772.67942004383,5399.352203369141,5,2
2024-12-09,1733778000000,,6100.508307983283,772.67942004383,5327.828887939453,5,2
2024-12-10,1733864400000,,6065.879548326049,1630.246735826049,4435.6328125,4,2
2024-12-11,1733950800000,,6037.243797438194,1484.5177155900492,4552.7260818481445,4,1
2024-12-12,1734037200000,,6031.161005317848,460.3910697099377,5570.76993560791,5,2
2024-12-13,1734123600000,,6014.731027900856,460.3910697099377,5554.339958190918,5,2
2024-12-16,1734382800000,,5962.473527672539,452.5134713676068,5509.960056304932,5,2
2024-12-17,1734469200000,,5885.0009146054135,3591.8008947689877,2293.200019836426,2,1
2024-12-18,1734555600000,,5705.011777909913,3481.111799272218,2223.8999786376953,2,1
2024-12-19,1734642000000,,5660.400424110187,1337.9104910962706,4322.489933013916,4,1
2024-12-20,1734728400000,,5721.00496853223,285.9949969135773,5435.009971618652,5,2
2024-12-23,1734987600000,,5724.814973720218,285.9949969135773,5438.819976806641,5,2
2024-12-24,1735074000000,,5760.727423418153,909.4974124318248,4851.230010986328,5,2
2024-12-26,1735246800000,,5737.725744138131,5034.165746579537,703.5599975585938,1,1
2024-12-27,1735333200000,,5730.009860893941,4630.029838463521,1099.98002243042,1,1
2024-12-30,1735592400000,,5687.901697763982,860.3116785379077,4827.590019226074,5,2
2024-12-31,1735678800000,,5684.3810683583115,828.3710662220813,4856.0100021362305,5,2
2025-01-02,1735851600000,,5704.461035857091,828.3710662220813,4876.08996963501,5,2
2025-01-03,1735938000000,,5709.644963755903,1057.8549399521917,4651.790023803711,5,2
2025-01-06,1736197200000,,5689.810698338282,374.4426525313961,5315.368045806885,5,2
2025-01-07,1736283600000,,5670.038949402887,409.0588773814022,5260.980072021484,5,2
2025-01-08,1736370000000,,5732.74287930401,409.0588773814022,5323.684001922607,5,2
2025-01-10,1736542800000,,5603.392070908574,3702.772068161992,1900.620002746582,2,1
2025-01-13,1736802000000,,5608.600331930227,728.4533592739767,4880.14697265625,5,2
2025-01-14,1736888400000,,5626.713169540838,676.0332073826348,4950.679962158203,5,2
2025-01-15,1736974800000,,5690.12348562531,773.8655281668148,4916.257957458496,5,2
2025-01-16,1737061200000,,5711.819971696134,3223.240015641447,2488.5799560546875,3,2
2025-01-17,1737147600000,,5720.856175727721,3903.2561848829946,1817.5999908447266,2,1
2025-01-21,1737493200000,,5735.876149482604,3903.2561848829946,1832.6199645996094,2,1
2025-01-22,1737579600000,,5766.443636603744,3893.5836359933924,1872.8600006103516,2,1
2025-01-23,1737666000000,,5791.245154856079,3789.9151263221434,2001.3300285339355,2,1
2025-01-24,1737752400000,,5785.505092772515,1564.9551049795464,4220.549987792969,4,2
2025-01-27,1738011600000,,5861.67161636651,506.6015785247125,5355.070037841797,5,2
2025-01-28,1738098000000,,5837.6917462612555,884.2817273403567,4953.410018920898,5,2
2025-01-29,1738184400000,,5834.591633346216,884.2817273403567,4950.309906005859,5,2
2025-01-30,1738270800000,,5881.871738937037,884.2817273403567,4997.59001159668,5,2
2025-01-31,1738357200000,,5800.449144227709,1643.0191706254145,4157.429973602295,4,2
2025-02-03,1738616400000,,5732.561641574994,1550.311637760296,4182.250003814697,4,2
2025-02-04,1738702800000,,5752.672306083165,699.3723106608012,5053.299995422363,5,2
2025-02-05,1738789200000,,5793.618394592343,834.5384232788662,4959.079971313477,5,2
2025-02-06,1738875600000,,5827.290769793759,1014.6833708069421,4812.607398986816,5,2
2025-02-07,1738962000000,,5796.61869985564,1100.0369966696057,4696.581703186035,5,2
2025-02-10,1739221200000,,5784.342172450855,1100.0369966696057,4684.30517578125,5,2
2025-02-11,1739307600000,,5718.0414527848625,909.1614021256842,4808.88005065918,5,2
2025-02-12,1739394000000,,5711.83070049434,1739.3206144347691,3972.5100860595703,4,2
2025-02-13,1739480400000,,5777.968508383744,1222.5085092992713,4555.459999084473,5,2
2025-02-14,1739566800000,,5603.787428752694,1736.9174336355068,3866.8699951171875,5,2
2025-02-18,1739912400000,,5644.465839864938,1662.2157788297818,3982.2500610351562,5,2
2025-02-19,1739998800000,,5659.085834982126,1662.2157788297818,3996.8700561523438,5,2
2025-02-20,1740085200000,,5638.757255810145,1448.8471605953007,4189.910095214844,5,2
2025-02-21,1740171600000,,5557.967155712488,1448.8471605953007,4109.1199951171875,5,2
2025-02-24,1740430800000,,5550.915045269043,3213.7550110893553,2337.1600341796875,3,1
2025-02-25,1740517200000,,5534.683506584457,1157.6935773852388,4376.989929199219,5,2
2025-02-26,1740603600000,,5577.163403565552,1313.303425843384,4263.859977722168,5,2
2025-02-27,1740690000000,,5478.811172097046,1508.3710933616944,3970.4400787353516,5,2
2025-02-28,1740776400000,,5530.271041481812,1508.3710933616944,4021.899948120117,5,2
2025-03-03,1741035600000,,5462.316224973572,3156.666292112244,2305.649932861328,3,2
2025-03-04,1741122000000,,5390.332339322014,1579.822310482903,3810.5100288391113,4,2
2025-03-05,1741208400000,,5426.269350324773,695.3515951978194,4730.917755126953,5,2
2025-03-06,1741294800000,,5372.565721784734,695.3515951978194,4677.214126586914,5,2
2025-03-07,1741381200000,,5385.84840733553,660.9229312613115,4724.925476074219,5,1
2025-03-10,1741636800000,,5220.4836813714655,2181.616570165411,3038.8671112060547,3,2
2025-03-11,1741723200000,,5211.919206818518,5211.919206818518,0,0,0
2025-03-12,1741809600000,,5211.919206818518,5211.919206818518,0,0,0
2025-03-13,1741896000000,,5211.919206818518,5211.919206818518,0,0,0
2025-03-14,1741982400000,,5211.919206818518,5211.919206818518,0,0,0
2025-03-17,1742241600000,,5211.919206818518,5211.919206818518,0,0,0
2025-03-18,1742328000000,,5211.919206818518,5211.919206818518,0,0,0
2025-03-19,1742414400000,,5211.919206818518,5211.919206818518,0,0,0
2025-03-20,1742500800000,,5211.919206818518,5211.919206818518,0,0,0
2025-03-21,1742587200000,,5211.919206818518,5211.919206818518,0,0,0
2025-03-24,1742846400000,,5211.919206818518,5211.919206818518,0,0,0
2025-03-25,1742932800000,,5127.5376843961485,1340.20765967691,3787.3300247192383,4,2
2025-03-26,1743019200000,,5158.599662724882,462.78961176052826,4695.8100509643555,5,2
2025-03-27,1743105600000,,5165.400308257126,5165.400308257126,0,0,0
2025-03-28,1743192000000,,5165.400308257126,5165.400308257126,0,0,0
2025-03-31,1743451200000,,5165.400308257126,5165.400308257126,0,0,0
2025-04-01,1743537600000,,5165.400308257126,5165.400308257126,0,0,0
2025-04-02,1743624000000,,5165.400308257126,5165.400308257126,0,0,0
2025-04-03,1743710400000,,5165.400308257126,5165.400308257126,0,0,0
2025-04-04,1743796800000,,5165.400308257126,5165.400308257126,0,0,0
2025-04-07,1744056000000,,5165.400308257126,5165.400308257126,0,0,0
2025-04-08,1744142400000,,5165.400308257126,5165.400308257126,0,0,0
2025-04-09,1744228800000,,5165.400308257126,5165.400308257126,0,0,0
2025-04-10,1744315200000,,5165.400308257126,5165.400308257126,0,0,0
2025-04-11,1744401600000,,5165.400308257126,5165.400308257126,0,0,0
2025-04-14,1744660800000,,5165.400308257126,5165.400308257126,0,0,0
2025-04-15,1744747200000,,5165.400308257126,5165.400308257126,0,0,0
2025-04-16,1744833600000,,5165.400308257126,5165.400308257126,0,0,0
2025-04-17,1744920000000,,5165.400308257126,5165.400308257126,0,0,0
2025-04-21,1745265600000,,5165.400308257126,5165.400308257126,0,0,0
2025-04-22,1745352000000,,5165.400308257126,5165.400308257126,0,0,0
2025-04-23,1745438400000,,5165.400308257126,5165.400308257126,0,0,0
2025-04-24,1745524800000,,5165.400308257126,5165.400308257126,0,0,0
2025-04-25,1745611200000,,5165.400308257126,5165.400308257126,0,0,0
2025-04-28,1745870400000,,5165.400308257126,5165.400308257126,0,0,0
2025-04-29,1745956800000,,5165.400308257126,5165.400308257126,0,0,0
2025-04-30,1746043200000,,5165.400308257126,5165.400308257126,0,0,0
2025-05-01,1746129600000,,5165.400308257126,5165.400308257126,0,0,0
2025-05-02,1746216000000,,5165.400308257126,5165.400308257126,0,0,0
2025-05-05,1746475200000,,5165.400308257126,5165.400308257126,0,0,0
2025-05-06,1746561600000,,5165.400308257126,5165.400308257126,0,0,0
2025-05-07,1746648000000,,5165.400308257126,5165.400308257126,0,0,0
2025-05-08,1746734400000,,5165.400308257126,5165.400308257126,0,0,0
2025-05-09,1746820800000,,5165.400308257126,5165.400308257126,0,0,0
2025-05-12,1747080000000,,5165.400308257126,5165.400308257126,0,0,0
2025-05-13,1747166400000,,5096.549496847871,903.6162387912301,4192.933258056641,5,2
2025-05-14,1747252800000,,5073.885234194748,1856.825160342209,3217.060073852539,4,1
2025-05-15,1747339200000,,5172.633980769562,989.9439554399723,4182.69002532959,5,2
2025-05-16,1747425600000,,5179.737918740128,4284.687938576554,895.0499801635742,1,1
2025-05-19,1747684800000,,5181.0624492342995,5181.0624492342995,0,0,0
2025-05-20,1747771200000,,5181.0624492342995,5181.0624492342995,0,0,0
2025-05-21,1747857600000,,5116.29285378505,2452.172873926652,2664.1199798583984,3,2
2025-05-22,1747944000000,,5111.492599316713,906.8925817691055,4204.600017547607,5,2
2025-05-23,1748030400000,,5076.992595502015,906.8925817691055,4170.10001373291,5,2
2025-05-27,1748376000000,,5162.992637463685,906.8925817691055,4256.10005569458,5,2
2025-05-28,1748462400000,,5105.202758386393,726.9127536561682,4378.290004730225,5,2
2025-05-29,1748548800000,,5131.717752575432,849.0078221555102,4282.709930419922,5,1
2025-05-30,1748635200000,,5158.069190054253,958.7791662505422,4199.290023803711,5,1
2025-06-02,1748894400000,,5154.201986619004,1337.1719420633399,3817.030044555664,5,2
2025-06-03,1748980800000,,5123.136441471925,1217.1664707688,3905.969970703125,5,2
2025-06-04,1749067200000,,5159.776440861573,1217.1664707688,3942.6099700927734,5,2
2025-06-05,1749153600000,,5153.600504846529,913.2205915164509,4240.379913330078,5,2
2025-06-06,1749240000000,,5186.7433150263005,872.7733748407534,4313.969940185547,5,1
2025-06-09,1749499200000,,5169.543419707254,683.1934555654077,4486.349964141846,5,1
2025-06-10,1749585600000,,5109.26498603833,1452.004899978759,3657.2600860595703,4,1
2025-06-11,1749672000000,,5134.164418187469,550.4444398549493,4583.7199783325195,5,1
2025-06-12,1749758400000,,5165.814423528045,550.4444398549493,4615.369983673096,5,1
2025-06-13,1749844800000,,5185.045411397259,418.75535707596987,4766.290054321289,5,2
2025-06-16,1750104000000,,5207.614749130581,565.6984130710109,4641.91633605957,5,2
2025-06-17,1750190400000,,5178.426470932339,565.6984130710109,4612.728057861328,5,2
2025-06-18,1750276800000,,5164.949969467495,565.6984130710109,4599.251556396484,5,2
2025-06-20,1750449600000,,5156.895075721723,1401.1502637100034,3755.7448120117188,4,2
2025-06-23,1750708800000,,5198.849286209973,517.0021335000121,4681.847152709961,5,2
2025-06-24,1750795200000,,5299.316259372914,1888.5662574655657,3410.7500019073486,4,2
2025-06-25,1750881600000,,5208.402499898786,639.3324773157783,4569.070022583008,5,2
2025-06-26,1750968000000,,5189.88250325572,639.3324773157783,4550.550025939941,5,2
2025-06-27,1751054400000,,5212.052486165876,639.3324773157783,4572.720008850098,5,2
2025-06-30,1751313600000,,5295.044293065928,635.4043127497652,4659.639980316162,5,2
2025-07-01,1751400000000,,5227.707223732156,4239.327234108133,988.3799896240234,1,1
2025-07-02,1751486400000,,5250.340216598086,1401.5902776332418,3848.7499389648438,5,2
2025-07-03,1751572800000,,5233.235989450373,1503.935940622248,3729.300048828125,5,2
2025-07-07,1751918400000,,5218.875943063655,1503.935940622248,3714.9400024414062,5,2
2025-07-08,1752004800000,,5213.915928720393,1503.935940622248,3709.9799880981445,5,2
2025-07-09,1752091200000,,5200.7559600496115,1799.9759841584978,3400.7799758911133,4,1
2025-07-10,1752177600000,,5180.264036424009,950.6840574811378,4229.579978942871,5,2
2025-07-11,1752264000000,,5168.494108445493,950.6840574811378,4217.8100509643555,5,2
2025-07-14,1752523200000,,5232.434482281149,815.2145115780237,4417.219970703125,5,2
2025-07-15,1752609600000,,5189.3920082374625,1289.9521011634884,3899.4399070739746,4,1
2025-07-16,1752696000000,,5187.579234789953,367.1091801634884,4820.470054626465,5,2
2025-07-17,1752782400000,,5188.839133929358,367.1091801634884,4821.729953765869,5,2
2025-07-18,1752868800000,,5167.107301576811,1031.877351625639,4135.229949951172,5,2
2025-07-21,1753128000000,,5167.754271611357,1310.0442496387009,3857.7100219726562,5,2
2025-07-22,1753214400000,,5151.240575726748,782.1605548222068,4369.080020904541,5,2
2025-07-23,1753300800000,,5083.861320541964,613.4314308630088,4470.429889678955,5,2
2025-07-24,1753387200000,,5100.51655763576,1589.8766040224791,3510.6399536132812,4,2
2025-07-25,1753473600000,,5096.704427349841,893.4343925598025,4203.270034790039,5,2
2025-07-28,1753732800000,,5112.959082277485,814.7789675313912,4298.180114746094,5,2
2025-07-29,1753819200000,,5113.853356044011,779.9233557388349,4333.930000305176,5,2
2025-07-30,1753905600000,,5099.3092193653,615.2191772510423,4484.090042114258,5,1
2025-07-31,1753992000000,,5090.476168368718,655.5462214693041,4434.929946899414,5,1
2025-08-01,1754078400000,,5050.319355977243,2650.739293111032,2399.580062866211,3,1
2025-08-04,1754337600000,,5053.363661882216,661.2336913316782,4392.129970550537,5,2
2025-08-05,1754424000000,,5018.236490206694,507.11651225564367,4511.11997795105,5,2
2025-08-06,1754510400000,,5044.696454958891,507.11651225564367,4537.579942703247,5,2
2025-08-07,1754596800000,,5022.100201585028,915.1302270672055,4106.969974517822,5,2
2025-08-08,1754683200000,,5125.170199372504,915.1302270672055,4210.039972305298,5,2
2025-08-11,1754942400000,,5106.548655390654,1100.5586632489299,4005.9899921417236,5,2
2025-08-12,1755028800000,,5168.9286030530075,1100.5586632489299,4068.369939804077,5,2
2025-08-13,1755115200000,,5141.846515853749,521.876575668202,4619.969940185547,5,2
2025-08-14,1755201600000,,5117.342750618092,554.2726975175062,4563.070053100586,5,2
2025-08-15,1755288000000,,5145.088481510792,697.2884479414564,4447.800033569336,5,2
2025-08-18,1755547200000,,5106.694343594709,488.59436800877074,4618.0999755859375,5,1
2025-08-19,1755633600000,,5125.573863475354,1427.013743846448,3698.5601196289062,4,1
2025-08-20,1755720000000,,5127.6835710411815,1500.6935350304393,3626.990036010742,5,2
2025-08-21,1755806400000,,5115.9466050698375,1842.4066423012828,3273.5399627685547,5,2
2025-08-22,1755892800000,,5168.20666061183,1842.4066423012828,3325.800018310547,5,2
2025-08-25,1756152000000,,5094.565296773118,2285.42528212468,2809.1400146484375,4,1
2025-08-26,1756238400000,,5098.236507840318,1024.2165188266458,4074.019989013672,5,2
2025-08-27,1756324800000,,5093.434780503618,498.9747737897502,4594.460006713867,5,2
2025-08-28,1756411200000,,5066.214786912309,498.9747737897502,4567.240013122559,5,2
2025-08-29,1756497600000,,5062.532127209177,389.2621458248991,4673.269981384277,5,2
2025-09-02,1756843200000,,5057.506723314367,380.96674910172055,4676.5399742126465,5,2
2025-09-03,1756929600000,,5059.839377505148,226.78937063869296,4833.050006866455,5,2
2025-09-04,1757016000000,,5074.429392916525,226.78937063869296,4847.640022277832,5,2
2025-09-05,1757102400000,,5080.772800356023,314.1427420674494,4766.630058288574,5,2
2025-09-08,1757361600000,,5071.553488036359,335.74345614549054,4735.810031890869,5,2
2025-09-09,1757448000000,,5090.937136989313,455.16706023760435,4635.770076751709,5,2
2025-09-10,1757534400000,,5101.0626488099615,439.7426910768073,4661.319957733154,5,2
2025-09-11,1757620800000,,5115.601410822009,465.9314469853389,4649.66996383667,5,2
2025-09-12,1757707200000,,5042.664998046053,394.5450258170497,4648.119972229004,5,2
2025-09-15,1757966400000,,5009.102613456702,461.4125423507452,4547.690071105957,5,2
2025-09-16,1758052800000,,5003.337158257321,1866.2070923393524,3137.1300659179688,4,2
2025-09-17,1758139200000,,5009.031160710538,650.1912254078032,4358.839935302734,5,2
2025-09-18,1758225600000,,5009.377730480646,502.69769012114784,4506.680040359497,5,2
2025-09-19,1758312000000,,4946.931812887096,1550.4217821406369,3396.51003074646,4,1
2025-09-22,1758571200000,,4930.220258867814,123.73025718934684,4806.490001678467,5,2
2025-09-23,1758657600000,,4915.120246908013,451.2202015131156,4463.9000453948975,5,2
2025-09-24,1758744000000,,4895.612190882043,569.452200571374,4326.159990310669,5,2
2025-09-25,1758830400000,,4838.746529437509,570.3665779604579,4268.379951477051,5,2
2025-09-26,1758916800000,,4861.19903779271,702.1391356015484,4159.059902191162,5,2
2025-09-29,1759176000000,,4864.481567493192,374.69149219106794,4489.790075302124,5,2
2025-09-30,1759262400000,,4848.067426355436,620.5074612217686,4227.559965133667,5,1
2025-10-01,1759348800000,,4747.2826083683885,1938.4425967717088,2808.8400115966797,3,1
2025-10-02,1759435200000,,4783.248979017215,1531.9090170115992,3251.3399620056152,4,1
2025-10-03,1759521600000,,4792.399057561526,834.795103246341,3957.6039543151855,5,2
2025-10-06,1759780800000,,4764.763087269988,850.5661344501644,3914.196952819824,5,2
2025-10-07,1759867200000,,4780.128176686492,850.5661344501644,3929.562042236328,5,2
2025-10-08,1759953600000,,4765.141803483429,727.311755876007,4037.830047607422,5,2
2025-10-09,1760040000000,,4749.148503908245,1601.7985130635188,3147.3499908447266,4,2
2025-10-10,1760126400000,,4723.940533246973,1537.7304426097655,3186.210090637207,4,2
2025-10-13,1760385600000,,4753.521544037066,981.5415406801318,3771.9800033569336,5,2
2025-10-14,1760472000000,,4786.148474731218,820.1784735105151,3965.970001220703,5,1
2025-10-15,1760558400000,,4776.751710087344,791.8117152753314,3984.9399948120117,5,1
2025-10-16,1760644800000,,4762.558917822878,1676.8889730596945,3085.6699447631836,4,1
2025-10-17,1760731200000,,4791.788091157031,735.9300589304681,4055.8580322265625,5,2
2025-10-20,1760990400000,,4828.646129565272,1314.0981559324591,3514.5479736328125,5,2
2025-10-21,1761076800000,,4789.207023113728,3799.397063702106,989.8099594116211,2,1
2025-10-22,1761163200000,,4745.587422219958,2336.327381936755,2409.260040283203,4,1
2025-10-23,1761249600000,,4766.811173973193,1732.3211913682126,3034.4899826049805,5,1
2025-10-24,1761336000000,,4734.217157018535,1272.747159612529,3461.469997406006,5,2
2025-10-27,1761595200000,,4738.629088256782,1171.8590153197702,3566.7700729370117,5,2
2025-10-28,1761681600000,,4716.935864394141,2018.6558885030277,2698.2799758911133,4,2
2025-10-29,1761768000000,,4634.16013838156,1589.170163405974,3044.989974975586,4,2
2025-10-30,1761854400000,,4636.531433058246,367.76648325966187,4268.764949798584,5,2
2025-10-31,1761940800000,,4565.819516328459,1300.7244998489668,3265.095016479492,4,2
2025-11-03,1762203600000,,4527.512282690332,1117.6972916930176,3409.8149909973145,4,2
2025-11-04,1762290000000,,4551.134400076364,480.0193678803191,4071.115032196045,5,2
2025-11-05,1762376400000,,4595.258809903833,1016.4688395058837,3578.789970397949,5,2
2025-11-06,1762462800000,,4485.111805722208,1717.6617629975985,2767.4500427246094,5,1
2025-11-07,1762549200000,,4481.761807248087,1717.6617629975985,2764.1000442504883,5,1
2025-11-10,1762808400000,,4486.650950293802,1464.110926490091,3022.540023803711,5,2
2025-11-11,1762894800000,,4514.2998792706385,1460.0298673687835,3054.2700119018555,5,1
2025-11-12,1762981200000,,4499.843148929849,2169.703134281412,2330.1400146484375,4,2
2025-11-13,1763067600000,,4426.327875483494,2128.9178565625957,2297.4100189208984,4,2
2025-11-14,1763154000000,,4406.382676172215,1510.4026499270976,2895.980026245117,5,2
2025-11-17,1763413200000,,4380.652695703465,1510.4026499270976,2870.250045776367,5,2
2025-11-18,1763499600000,,4357.596748216001,1875.996696336119,2481.600051879883,4,2
2025-11-19,1763586000000,,4346.371201553862,1427.6212778478073,2918.7499237060547,5,2
2025-11-20,1763672400000,,4306.487237731411,2053.6672914423493,2252.8199462890625,4,2
2025-11-21,1763758800000,,4359.41412882182,1264.6641135630312,3094.750015258789,5,2
2025-11-24,1764018000000,,4385.072206021985,1414.1622176186647,2970.9099884033203,5,2
2025-11-25,1764104400000,,4453.174979480809,2345.625014576024,2107.549964904785,3,1
2025-11-26,1764190800000,,4462.9350350228015,2345.625014576024,2117.3100204467773,3,1
2025-11-28,1764363600000,,4479.760302774175,2832.250308267339,1647.509994506836,2,1
2025-12-01,1764622800000,,4470.089742585004,4470.089742585004,0,0,0
2025-12-02,1764709200000,,4440.808253949872,628.5682331979199,3812.240020751953,5,2
2025-12-03,1764795600000,,4436.906959586164,604.5069351721021,3832.4000244140625,5,2
2025-12-04,1764882000000,,4434.521632762586,718.1415897328017,3716.380043029785,5,2
2025-12-05,1764968400000,,4382.310578150313,742.4106681771678,3639.8999099731445,5,2
2025-12-08,1765227600000,,4363.052829458196,467.4128453273372,3895.6399841308594,5,2
2025-12-09,1765314000000,,4345.03274889179,467.4128453273372,3877.619903564453,5,2
2025-12-10,1765400400000,,4364.942844106634,467.4128453273372,3897.529998779297,5,2
2025-12-11,1765486800000,,4412.717883370374,478.25786902711286,3934.4600143432617,5,2
2025-12-12,1765573200000,,4411.016557019759,845.9765789924149,3565.0399780273438,5,2
2025-12-15,1765832400000,,4445.19663361888,845.9765789924149,3599.220054626465,5,2
2025-12-16,1765918800000,,4396.904901471849,2169.254869428393,2227.650032043457,4,2
2025-12-17,1766005200000,,4334.129233747137,1734.5791849190123,2599.550048828125,5,2
2025-12-18,1766091600000,,4339.229194074285,1734.5791849190123,2604.6500091552734,5,2
2025-12-19,1766178000000,,4382.020942019248,1543.5109475124116,2838.509994506836,5,2
2025-12-22,1766437200000,,4387.006107580619,1546.2260630249546,2840.780044555664,5,2
2025-12-23,1766523600000,,4364.782959822662,1252.2229775228564,3112.5599822998047,5,2
2025-12-24,1766610000000,,4384.303002242095,1252.2229775228564,3132.0800247192383,5,2
2025-12-26,1766782800000,,4378.732994917877,1252.2229775228564,3126.5100173950195,5,2
2025-12-29,1767042000000,,4367.7672195057285,687.807205162467,3679.9600143432617,5,2
2025-12-30,1767128400000,,4344.273672381072,910.0936186701349,3434.1800537109375,5,2
2025-12-31,1767214800000,,4313.431199734741,1226.8711945467526,3086.5600051879883,5,2
2026-01-02,1767387600000,,4287.943864407749,1728.0738616611675,2559.870002746582,4,2
2026-01-05,1767646800000,,4349.543303775578,645.8832390783124,3703.6600646972656,5,2
2026-01-06,1767733200000,,4335.592854479459,325.1728486811187,4010.42000579834,5,2
2026-01-07,1767819600000,,4328.410719420209,413.73071911503314,3914.680000305176,5,2
2026-01-08,1767906000000,,4332.688199405336,431.1081365391244,3901.580062866211,5,2
2026-01-09,1767992400000,,4305.938142184877,431.1081365391244,3874.830005645752,5,2
2026-01-12,1768251600000,,4314.604436745622,565.2644556665199,3749.3399810791016,5,1
2026-01-13,1768338000000,,4326.284313983957,597.0743606758507,3729.2099533081055,5,1
2026-01-14,1768424400000,,4280.716299623902,1481.596319765504,2799.1199798583984,4,2
2026-01-15,1768510800000,,4267.872899596513,448.6128745720989,3819.260025024414,5,2
2026-01-16,1768597200000,,4239.46854116591,519.5085497108317,3719.959991455078,5,2
2026-01-20,1768942800000,,4196.900288938966,561.8502553696301,3635.050033569336,5,2
2026-01-21,1769029200000,,4201.720235228028,561.8502553696301,3639.8699798583984,5,2
2026-01-22,1769115600000,,4237.414167845461,851.3641190173354,3386.050048828125,5,2
2026-01-23,1769202000000,,4219.866685088991,1172.316697296022,3047.5499877929688,5,1
2026-01-26,1769461200000,,4218.074874703081,1064.6648710409713,3153.4100036621094,5,2
2026-01-27,1769547600000,,4167.094016214303,1690.3640510043426,2476.729965209961,4,2
2026-01-28,1769634000000,,4148.395321465478,1403.2353673944333,2745.159954071045,4,2
2026-01-29,1769720400000,,4156.38537838186,707.2053780766844,3449.180000305176,5,2
2026-01-30,1769806800000,,4141.100320576526,1269.5703217972296,2871.529998779297,4,2
2026-02-02,1770066000000,,4137.743222779174,845.3932357491452,3292.3499870300293,5,2
2026-02-03,1770152400000,,4138.099702782471,913.3197116325681,3224.7799911499023,5,2
2026-02-04,1770238800000,,4145.739672959808,959.2296975264585,3186.5099754333496,5,2
2026-02-05,1770325200000,,4097.137367628793,1677.657329939584,2419.480037689209,4,2
2026-02-06,1770411600000,,4173.200357378305,1133.3303164847503,3039.8700408935547,5,2
2026-02-09,1770670800000,,4122.174517396696,1402.3845546281407,2719.7899627685547,4,2
2026-02-10,1770757200000,,4151.222814908476,695.4327911047642,3455.790023803711,5,2
2026-02-11,1770843600000,,4025.7944144581134,3012.664440092879,1013.1299743652344,2,1
2026-02-12,1770930000000,,3960.338405445149,2410.4384210854078,1549.8999843597412,4,2
2026-02-13,1771016400000,,3980.4736702083937,1847.2336818813674,2133.2399883270264,5,2
2026-02-17,1771362000000,,3989.4236595272414,1847.2336818813674,2142.189977645874,5,2
2026-02-18,1771448400000,,4011.033654415547,1847.2336818813674,2163.7999725341797,5,2
2026-02-19,1771534800000,,4000.28741585066,1295.957429278394,2704.3299865722656,5,2
2026-02-20,1771621200000,,4058.940353003431,1197.740371313978,2861.199981689453,5,2
2026-02-23,1771880400000,,4045.2877642519707,509.2378298647633,3536.049934387207,5,2
2026-02-24,1771966800000,,4072.433909626452,714.0239059643422,3358.4100036621094,5,2
2026-02-25,1772053200000,,4048.069283161616,1077.9493033032174,2970.1199798583984,5,2
2026-02-26,1772139600000,,4061.3493200878856,1077.9493033032174,2983.400016784668,5,2
2026-02-27,1772226000000,,4074.543263770472,1128.233304358851,2946.309959411621,5,2
2026-03-02,1772485200000,,4083.292579075287,1557.872574230621,2525.4200048446655,4,2
2026-03-03,1772571600000,,4049.0457866958477,732.1357372573709,3316.9100494384766,5,2
2026-03-04,1772658000000,,4038.805712538133,732.1357372573709,3306.6699752807617,5,2
2026-03-05,1772744400000,,4000.334259195939,1506.7342073160562,2493.600051879883,4,1
2026-03-06,1772830800000,,3954.376028279008,961.0260298048869,2993.349998474121,5,2
2026-03-09,1773086400000,,3924.140613384515,1460.4906042292414,2463.6500091552734,4,1
2026-03-10,1773172800000,,3939.213747411355,1051.4337104850856,2887.7800369262695,5,1
2026-03-11,1773259200000,,3906.825661266397,928.6956640129789,2978.129997253418,5,2
2026-03-12,1773345600000,,3852.6933116633604,1958.3333034236143,1894.360008239746,3,2
2026-03-13,1773432000000,,3844.3768452171935,1266.1468800072328,2578.229965209961,5,2
2026-03-16,1773691200000,,3857.008129048264,1344.8381461381077,2512.1699829101562,5,2
2026-03-17,1773777600000,,3871.0181617020726,1344.8381461381077,2526.180015563965,5,2
2026-03-18,1773864000000,,3802.6408922843493,1366.3128893546618,2436.3280029296875,4,1
2026-03-19,1773950400000,,3793.0799522056523,719.9721336021365,3073.1078186035156,5,1
2026-03-20,1774036800000,,3777.6260067371923,3777.6260067371923,0,0,0
2026-03-23,1774296000000,,3777.6260067371923,3777.6260067371923,0,0,0
2026-03-24,1774382400000,,3777.6260067371923,3777.6260067371923,0,0,0
2026-03-25,1774468800000,,3777.6260067371923,3777.6260067371923,0,0,0
2026-03-26,1774555200000,,3777.6260067371923,3777.6260067371923,0,0,0
2026-03-27,1774641600000,,3777.6260067371923,3777.6260067371923,0,0,0
2026-03-30,1774900800000,,3777.6260067371923,3777.6260067371923,0,0,0
2026-03-31,1774987200000,,3777.6260067371923,3777.6260067371923,0,0,0
2026-04-01,1775073600000,,3777.6260067371923,3777.6260067371923,0,0,0
2026-04-02,1775160000000,,3777.6260067371923,3777.6260067371923,0,0,0
2026-04-06,1775505600000,,3777.6260067371923,3777.6260067371923,0,0,0
2026-04-07,1775592000000,,3777.6260067371923,3777.6260067371923,0,0,0
2026-04-08,1775678400000,,3777.6260067371923,3777.6260067371923,0,0,0
2026-04-09,1775764800000,,3736.8966376204094,1479.4966322798332,2257.400005340576,4,2
2026-04-10,1775851200000,,3688.485523387785,2089.6454965323164,1598.8400268554688,4,2
2026-04-13,1776110400000,,3682.1498442973916,1350.7298766460249,2331.419967651367,5,2
2026-04-14,1776196800000,,3651.1198455180947,1350.7298766460249,2300.3899688720703,5,2
2026-04-15,1776283200000,,3624.4032172795755,1819.3432502385604,1805.0599670410156,4,2
2026-04-16,1776369600000,,3680.3426071694685,1434.7726379922224,2245.569969177246,5,2
2026-04-17,1776456000000,,3644.2705101817673,1495.3611206859175,2148.9093894958496,5,2
2026-04-20,1776715200000,,3636.9340488517573,1023.7539836967285,2613.1800651550293,5,1
2026-04-21,1776801600000,,3613.7134951656467,740.6235446041227,2873.0899505615234,5,1
2026-04-22,1776888000000,,3558.948222005038,1879.248225056796,1679.6999969482422,3,1
2026-04-23,1776974400000,,3584.460083581973,858.6600881596096,2725.7999954223633,5,2
2026-04-24,1777060800000,,3555.391440073676,859.7214152018502,2695.670024871826,5,2
2026-04-27,1777320000000,,3555.451391855903,859.7214152018502,2695.7299766540527,5,2
2026-04-28,1777406400000,,3554.0460976116765,1212.366055344831,2341.6800422668457,4,1
2026-04-29,1777492800000,,3562.91080871784,599.2907830830743,2963.6200256347656,5,1
2026-04-30,1777579200000,,3601.8982524555695,1022.9982204121125,2578.900032043457,4,1
2026-05-01,1777665600000,,3589.3468342929336,509.64688312105875,3079.699951171875,5,2
2026-05-04,1777924800000,,3568.7468320041153,509.64688312105875,3059.0999488830566,5,2
2026-05-05,1778011200000,,3541.864400290523,620.3044370642045,2921.5599632263184,5,2
2026-05-06,1778097600000,,3562.197903039188,981.482841851444,2580.715061187744,5,1
2026-05-07,1778184000000,,3555.7384948877907,632.0085258631324,2923.729969024658,5,2
2026-05-08,1778270400000,,3517.9874385766193,1456.9824184350177,2061.0050201416016,4,1
2026-05-11,1778529600000,,3530.385200877187,743.3751987409565,2787.0100021362305,5,2
2026-05-12,1778616000000,,3528.0245781209924,804.2045784261679,2723.819999694824,5,1
2026-05-13,1778702400000,,3435.821279253282,991.5612771170513,2444.2600021362305,4,2
2026-05-14,1778788800000,,3429.7929068644157,671.7229109842887,2758.069995880127,5,2
2026-05-15,1778875200000,,3399.19285879923,671.7229109842887,2727.4699478149414,5,2
2026-05-18,1779134400000,,3432.7029143412224,671.7229109842887,2760.9800033569336,5,2
2026-05-19,1779220800000,,3418.5669138119556,1001.8169595883234,2416.749954223633,5,2
2026-05-20,1779307200000,,3456.3224486402946,1147.2924498609977,2309.029998779297,5,2
2026-05-21,1779393600000,,3445.792659289846,876.2526354861352,2569.540023803711,5,2
2026-05-22,1779480000000,,3465.4313361989416,948.9213416921059,2516.509994506836,5,2
2026-05-26,1779825600000,,3468.435618025297,1103.0756174149453,2365.3600006103516,5,1
2026-05-27,1779912000000,,3476.7394484101997,986.5794447480905,2490.1600036621094,5,2
2026-05-28,1779998400000,,3476.529434066938,986.5794447480905,2489.9499893188477,5,2
2026-05-29,1780084800000,,3421.486351914473,1429.6463708353708,1991.8399810791016,4,2
2026-06-01,1780344000000,,3414.8486770674326,1855.4587158247568,1559.3899612426758,3,1
2026-06-02,1780430400000,,3421.606781404322,1199.4268230608163,2222.179958343506,4,1
2026-06-03,1780516800000,,3423.264337511374,568.2542743399873,2855.0100631713867,5,2
2026-06-04,1780603200000,,3444.6871533623716,869.0471692315125,2575.6399841308594,5,2
2026-06-05,1780689600000,,3435.054914358775,890.5852679049176,2544.4696464538574,5,2
2026-06-08,1780948800000,,3426.4186516795644,1056.1806717906484,2370.237979888916,5,2
2026-06-09,1781035200000,,3421.7212197634426,1266.8812081667631,2154.8400115966797,4,2
2026-06-10,1781121600000,,3456.6208564417493,964.4308921473157,2492.1899642944336,5,2
2026-06-11,1781208000000,,3502.3140412559355,854.8440171470488,2647.4700241088867,5,1
2026-06-12,1781294400000,,3488.63244133432,741.3924320264588,2747.2400093078613,5,1
2026-06-15,1781553600000,,3495.9122617027283,2064.512237288666,1431.4000244140625,3,1
2026-06-16,1781640000000,,3473.650612538223,1491.5006262711331,1982.1499862670898,5,2
2026-06-17,1781726400000,,3433.5129984672913,1826.812993889654,1606.7000045776367,4,2
2026-06-18,1781812800000,,3402.606262354332,1872.526233820396,1530.0800285339355,4,2
2026-06-22,1782158400000,,3391.4339087485578,1708.1239226340558,1683.309986114502,4,2
2026-06-23,1782244800000,,3390.842836049034,1193.5328308610456,2197.3100051879883,5,2
2026-06-24,1782331200000,,3313.1712113289063,2130.4412079719727,1182.7300033569336,3,1
2026-06-25,1782417600000,,3333.373984537937,1159.4440376385228,2173.929946899414,5,2
2026-06-26,1782504000000,,3348.211309279369,1219.611310805248,2128.599998474121,5,2
2026-06-29,1782763200000,,3349.4705360231587,1428.4305122194478,1921.040023803711,5,2
2026-06-30,1782849600000,,3356.8246236686364,1360.9146352653158,1995.9099884033203,5,2
2026-07-01,1782936000000,,3355.303291812527,1079.5833211094018,2275.719970703125,5,2
2026-07-02,1783022400000,,3361.46323336578,1099.0932535073816,2262.3699798583984,5,2
2026-07-06,1783368000000,,3360.782937416233,1203.4829419938696,2157.2999954223633,5,2
2026-07-07,1783454400000,,3352.9666003737984,1412.0765704665719,1940.8900299072266,5,2
2026-07-08,1783540800000,,3343.216577485615,1412.0765704665719,1931.140007019043,5,2
2026-07-09,1783627200000,,3363.329083352215,1467.0890702296563,1896.2400131225586,5,2
2026-07-10,1783713600000,,3386.168394921322,1373.198393700619,2012.9700012207031,5,2
2026-07-13,1783972800000,,3351.734346173672,1027.9143312200586,2323.8200149536133,5,2
2026-07-14,1784059200000,,3333.474298261074,1027.9143312200586,2305.5599670410156,5,2
2026-07-15,1784145600000,,3336.994317792324,1027.9143312200586,2309.0799865722656,5,2
2026-07-16,1784232000000,,3393.121495343502,846.1014987004357,2547.0199966430664,5,2
2026-07-17,1784318400000,,3409.0249803637053,1307.7150133226896,2101.3099670410156,5,2
2026-07-20,1784577600000,,3410.4349840258146,1307.7150133226896,2102.719970703125,5,2
2026-07-21,1784664000000,,3433.3743632047012,1028.3843805997208,2404.9899826049805,5,2
2026-07-22,1784750400000,,3435.260543071233,655.580512248479,2779.680030822754,5,1
2026-07-23,1784836800000,,3412.2244288314682,932.2744166244365,2479.9500122070312,5,2
2026-07-24,1784923200000,,3448.9244524825913,932.2744166244365,2516.6500358581543,5,2
2026-07-27,1785182400000,,3439.936266194468,1469.6662771807962,1970.2699890136719,4,1
2026-07-28,1785268800000,,3469.1303862909745,868.820449767537,2600.3099365234375,5,2
2026-07-29,1785355200000,,3432.8582473043716,1419.9582228903093,2012.9000244140625,5,2
2026-07-30,1785441600000,,3430.1282058004654,1419.9582228903093,2010.1699829101562,5,2
2026-07-31,1785528000000,,3438.668047659986,888.5380885535407,2550.1299591064453,5,2
2026-08-03,1785787200000,,3458.5980327063726,888.5380885535407,2570.059944152832,5,2
2026-08-04,1785873600000,,3465.853944523359,1382.2138993573433,2083.6400451660156,5,2
2026-08-05,1785960000000,,3445.5141912298886,503.5141664343563,2942.000024795532,5,2
2026-08-06,1786046400000,,3430.779384089478,881.8693727979738,2548.910011291504,5,2
2026-08-07,1786132800000,,3432.301545090962,896.5515870526316,2535.74995803833,5,2
2026-08-10,1786392000000,,3425.8058989973815,1601.4658778639582,1824.3400211334229,4,1
2026-08-11,1786478400000,,3407.6438335896155,939.6338104725494,2468.0100231170654,5,2
2026-08-12,1786564800000,,3432.9263989307547,904.0064083912039,2528.919990539551,5,2
2026-08-13,1786651200000,,3457.7108769959023,1039.3208566254189,2418.3900203704834,5,2
2026-08-14,1786737600000,,3473.2991213382065,878.3991522372546,2594.899969100952,5,2
2026-08-17,1786996800000,,3435.514906532751,1052.934950478064,2382.5799560546875,4,2
2026-08-18,1787083200000,,3434.235211035543,557.3452650516572,2876.8899459838867,5,2
2026-08-19,1787169600000,,3429.344670535299,631.3446323883271,2798.0000381469727,5,2
2026-08-20,1787256000000,,3404.899552522649,642.8995830402284,2761.999969482422,5,2
2026-08-21,1787342400000,,3411.6896373615164,642.8995830402284,2768.790054321289,5,2
2026-08-24,1787601600000,,3427.5586195150663,471.56859876311364,2955.990020751953,5,2
2026-08-25,1787688000000,,3424.1408460187286,1047.4108502911897,2376.729995727539,5,2
2026-08-26,1787774400000,,3428.2975632325047,1263.0975357666844,2165.2000274658203,5,2
2026-08-27,1787860800000,,3450.469468987174,1150.989488518424,2299.47998046875,5,2
2026-08-28,1787947200000,,3445.1170725646507,590.9369978728782,2854.1800746917725,5,2
2026-08-31,1788206400000,,3424.7570280852806,590.9369978728782,2833.8200302124023,5,2
2026-09-01,1788292800000,,3391.199639261001,870.2296380402977,2520.970001220703,5,2
2026-09-02,1788379200000,,3426.3796777131492,870.2296380402977,2556.1500396728516,5,2
2026-09-03,1788465600000,,3415.216992618196,1192.09696698343,2223.1200256347656,4,1
2026-09-04,1788552000000,,3409.445514816316,196.30553068545657,3213.1399841308594,5,2
2026-09-08,1788897600000,,3395.2575154418637,835.3574757690122,2559.9000396728516,4,2
2026-09-09,1788984000000,,3374.271638124611,166.00166818442517,3208.2699699401855,5,2
2026-09-10,1789070400000,,3337.2943770944917,1472.3043601572358,1864.9900169372559,3,1
2026-09-11,1789156800000,,3342.616710113687,672.2867082826326,2670.3300018310547,5,2
2026-09-14,1789416000000,,3370.575945049597,729.705957561804,2640.869987487793,5,2
2026-09-15,1789502400000,,3365.633889283422,826.2839136974851,2539.3499755859375,5,1
2026-09-16,1789588800000,,3342.886959723959,484.36695545149814,2858.520004272461,5,2
2026-09-17,1789675200000,,3336.614131415381,537.2240786199707,2799.39005279541,5,2
2026-09-18,1789761600000,,3331.0945809167238,643.8246224206299,2687.2699584960938,5,2
2026-09-21,1790020800000,,3319.8458967941365,762.6259032028279,2557.2199935913086,5,2
2026-09-22,1790107200000,,3281.736192353413,1782.066197999165,1499.669994354248,3,2
2026-09-23,1790193600000,,3268.568514223252,576.0185073567969,2692.550006866455,5,2
2026-09-24,1790280000000,,3255.5219278658915,763.3819895113991,2492.139938354492,5,2
2026-09-25,1790366400000,,3268.0631867698144,761.6031647971582,2506.4600219726562,5,2
2026-09-28,1790625600000,,3261.4231110862206,761.6031647971582,2499.8199462890625,5,2
2026-09-29,1790712000000,,3252.376558132553,1402.9566057399747,1849.4199523925781,4,2
2026-09-30,1790798400000,,3228.1474380241243,980.5974349723663,2247.550003051758,5,2
2026-10-01,1790884800000,,3270.8511371352083,766.3611926772005,2504.489944458008,5,2
2026-10-02,1790971200000,,3273.4607395147787,593.6107849096762,2679.8499546051025,5,2
