date,at,phase,equity,cash,exposure
2017-10-02,1506951000000,beforeFirstOpen,10000,10000,0
2017-10-02,1506974400000,,10022.977888784153,0,10022.977888784153
2017-10-03,1507060800000,,10044.42819240612,0,10044.42819240612
2017-10-04,1507147200000,,10056.345297142378,0,10056.345297142378
2017-10-05,1507233600000,,10115.930214694547,0,10115.930214694547
2017-10-06,1507320000000,,10104.410124535485,0,10104.410124535485
2017-10-09,1507579200000,,10087.726420356372,0,10087.726420356372
2017-10-10,1507665600000,,10114.340944127513,0,10114.340944127513
2017-10-11,1507752000000,,10130.230619152233,0,10130.230619152233
2017-10-12,1507838400000,,10115.13557941103,0,10115.13557941103
2017-10-13,1507924800000,,10127.449698724484,0,10127.449698724484
2017-10-16,1508184000000,,10140.955467898653,0,10140.955467898653
2017-10-17,1508270400000,,10148.105973192058,0,10148.105973192058
2017-10-18,1508356800000,,10158.036792784087,0,10158.036792784087
2017-10-19,1508443200000,,10160.817107082708,0,10160.817107082708
2017-10-20,1508529600000,,10213.251519341473,0,10213.251519341473
2017-10-23,1508788800000,,10173.528240973359,0,10173.528240973359
2017-10-24,1508875200000,,10191.404201142312,0,10191.404201142312
2017-10-25,1508961600000,,10140.955467898653,0,10140.955467898653
2017-10-26,1509048000000,,10154.064222495625,0,10154.064222495625
2017-10-27,1509134400000,,10237.08572881399,0,10237.08572881399
2017-10-30,1509393600000,,10198.951721012912,0,10198.951721012912
2017-10-31,1509480000000,,10214.840789908507,0,10214.840789908507
2017-11-01,1509566400000,,10228.346559082676,0,10228.346559082676
2017-11-02,1509652800000,,10232.319129371137,0,10232.319129371137
2017-11-03,1509739200000,,10266.481779142005,0,10266.481779142005
2017-11-06,1510002000000,,10282.370848037599,0,10282.370848037599
2017-11-07,1510088400000,,10275.220948873319,0,10275.220948873319
2017-11-08,1510174800000,,10292.698076077697,0,10292.698076077697
2017-11-09,1510261200000,,10255.359309689264,0,10255.359309689264
2017-11-10,1510347600000,,10252.180768555194,0,10252.180768555194
2017-11-13,1510606800000,,10261.713967440899,0,10261.713967440899
2017-11-14,1510693200000,,10237.880970226634,0,10237.880970226634
2017-11-15,1510779600000,,10186.637601699458,0,10186.637601699458
2017-11-16,1510866000000,,10273.234057599962,0,10273.234057599962
2017-11-17,1510952400000,,10243.043978117557,0,10243.043978117557
2017-11-20,1511211600000,,10260.522317580186,0,10260.522317580186
2017-11-21,1511298000000,,10327.654755002957,0,10327.654755002957
2017-11-22,1511384400000,,10318.51917682357,0,10318.51917682357
2017-11-24,1511557200000,,10342.352174037838,0,10342.352174037838
2017-11-27,1511816400000,,10337.189166146914,0,10337.189166146914
2017-11-28,1511902800000,,10442.057990664442,0,10442.057990664442
2017-11-29,1511989200000,,10435.702120654554,0,10435.702120654554
2017-11-30,1512075600000,,10527.066388256162,0,10527.066388256162
2017-12-01,1512162000000,,10505.21785779875,0,10505.21785779875
2017-12-04,1512421200000,,10492.507330037226,0,10492.507330037226
2017-12-05,1512507600000,,10454.769730684218,0,10454.769730684218
2017-12-06,1512594000000,,10456.755409699323,0,10456.755409699323
2017-12-07,1512680400000,,10489.726409609477,0,10489.726409609477
2017-12-08,1512766800000,,10546.928027440219,0,10546.928027440219
2017-12-11,1513026000000,,10578.70616523141,0,10578.70616523141
2017-12-12,1513112400000,,10597.376154554751,0,10597.376154554751
2017-12-13,1513198800000,,10596.184504694038,0,10596.184504694038
2017-12-14,1513285200000,,10552.886276743786,0,10552.886276743786
2017-12-15,1513371600000,,10586.651305808331,0,10586.651305808331
2017-12-18,1513630800000,,10653.783743231103,0,10653.783743231103
2017-12-19,1513717200000,,10612.868815002275,0,10612.868815002275
2017-12-20,1513803600000,,10607.30697414678,0,10607.30697414678
2017-12-21,1513890000000,,10629.154292345942,0,10629.154292345942
2017-12-22,1513976400000,,10626.374584176445,0,10626.374584176445
2017-12-26,1514322000000,,10613.662844156668,0,10613.662844156668
2017-12-27,1514408400000,,10618.827064305842,0,10618.827064305842
2017-12-28,1514494800000,,10640.674382505005,0,10640.674382505005
2017-12-29,1514581200000,,10600.55348343057,0,10600.55348343057
2018-01-02,1514926800000,,10676.425090584657,0,10676.425090584657
2018-01-03,1515013200000,,10743.955148713747,0,10743.955148713747
2018-01-04,1515099600000,,10789.239055679105,0,10789.239055679105
2018-01-05,1515186000000,,10861.13930480298,0,10861.13930480298
2018-01-08,1515445200000,,10881.000943987035,0,10881.000943987035
2018-01-09,1515531600000,,10905.629182613946,0,10905.629182613946
2018-01-10,1515618000000,,10888.944872305708,0,10888.944872305708
2018-01-11,1515704400000,,10968.391429041934,0,10968.391429041934
2018-01-12,1515790800000,,11039.894057459487,0,11039.894057459487
2018-01-16,1516136400000,,11002.15645810648,0,11002.15645810648
2018-01-17,1516222800000,,11107.025282624007,0,11107.025282624007
2018-01-18,1516309200000,,11088.356505558913,0,11088.356505558913
2018-01-19,1516395600000,,11138.804632673447,0,11138.804632673447
2018-01-22,1516654800000,,11229.373658862414,0,11229.373658862414
2018-01-23,1516741200000,,11253.207868334932,0,11253.207868334932
2018-01-24,1516827600000,,11248.837677340149,0,11248.837677340149
2018-01-25,1516914000000,,11253.604276783002,0,11253.604276783002
2018-01-26,1517000400000,,11383.896581340081,0,11383.896581340081
2018-01-29,1517259600000,,11308.422594892318,0,11308.422594892318
2018-01-30,1517346000000,,11192.43130092205,0,11192.43130092205
2018-01-31,1517432400000,,11197.991929519294,0,11197.991929519294
2018-02-01,1517518800000,,11185.280189499517,0,11185.280189499517
2018-02-02,1517605200000,,10941.777511399918,0,10941.777511399918
2018-02-05,1517864400000,,10484.16456875398,0,10484.16456875398
2018-02-06,1517950800000,,10690.726101171467,0,10690.726101171467
2018-02-07,1518037200000,,10632.730454186332,0,10632.730454186332
2018-02-08,1518123600000,,10233.908399938171,0,10233.908399938171
2018-02-09,1518210000000,,10387.637293261447,0,10387.637293261447
2018-02-12,1518469200000,,10540.17453672401,0,10540.17453672401
2018-02-13,1518555600000,,10566.392045917954,0,10566.392045917954
2018-02-14,1518642000000,,10708.998469788488,0,10708.998469788488
2018-02-15,1518728400000,,10845.646644355456,0,10845.646644355456
2018-02-16,1518814800000,,10848.823973231274,0,10848.823973231274
2018-02-20,1519160400000,,10780.897506654112,0,10780.897506654112
2018-02-21,1519246800000,,10727.27083840551,0,10727.27083840551
2018-02-22,1519333200000,,10741.174228286,0,10741.174228286
2018-02-23,1519419600000,,10912.381461071906,0,10912.381461071906
2018-02-26,1519678800000,,11039.098816046844,0,11039.098816046844
2018-02-27,1519765200000,,10901.258991619163,0,10901.258991619163
2018-02-28,1519851600000,,10790.828326246141,0,10790.828326246141
2018-03-01,1519938000000,,10633.922104047046,0,10633.922104047046
2018-03-02,1520024400000,,10688.73920989811,0,10688.73920989811
2018-03-05,1520283600000,,10812.279235997232,0,10812.279235997232
2018-03-06,1520370000000,,10839.68839505189,0,10839.68839505189
2018-03-07,1520456400000,,10835.715824763427,0,10835.715824763427
2018-03-08,1520542800000,,10888.150843151316,0,10888.150843151316
2018-03-09,1520629200000,,11077.630444554243,0,11077.630444554243
2018-03-12,1520884800000,,11063.727054673753,0,11063.727054673753
2018-03-13,1520971200000,,10992.225638514452,0,10992.225638514452
2018-03-14,1521057600000,,10935.8180498381,0,10935.8180498381
2018-03-15,1521144000000,,10923.901551230967,0,10923.901551230967
2018-03-16,1521230400000,,10892.123413439778,0,10892.123413439778
2018-03-19,1521489600000,,10744.74917786814,0,10744.74917786814
2018-03-20,1521576000000,,10763.022758743411,0,10763.022758743411
2018-03-21,1521662400000,,10742.365878146713,0,10742.365878146713
2018-03-22,1521748800000,,10473.837340713882,0,10473.837340713882
2018-03-23,1521835200000,,10250.591497988158,0,10250.591497988158
2018-03-26,1522094400000,,10531.037746286373,0,10531.037746286373
2018-03-27,1522180800000,,10351.886585181795,0,10351.886585181795
2018-03-28,1522267200000,,10321.298884993068,0,10321.298884993068
2018-03-29,1522353600000,,10453.180460117183,0,10453.180460117183
2018-04-02,1522699200000,,10227.552529928284,0,10227.552529928284
2018-04-03,1522785600000,,10358.638863639755,0,10358.638863639755
2018-04-04,1522872000000,,10469.4671497191,0,10469.4671497191
2018-04-05,1522958400000,,10552.092247589395,0,10552.092247589395
2018-04-06,1523044800000,,10316.929906256537,0,10316.929906256537
2018-04-09,1523304000000,,10367.775654077392,0,10367.775654077392
2018-04-10,1523390400000,,10532.627016853408,0,10532.627016853408
2018-04-11,1523476800000,,10477.412290296023,0,10477.412290296023
2018-04-12,1523563200000,,10563.611125490206,0,10563.611125490206
2018-04-13,1523649600000,,10532.627016853408,0,10532.627016853408
2018-04-16,1523908800000,,10619.223472753913,0,10619.223472753913
2018-04-17,1523995200000,,10732.832679261006,0,10732.832679261006
2018-04-18,1524081600000,,10740.77781983793,0,10740.77781983793
2018-04-19,1524168000000,,10681.19290228576,0,10681.19290228576
2018-04-20,1524254400000,,10590.622663838541,0,10590.622663838541
2018-04-23,1524513600000,,10589.034605529758,0,10589.034605529758
2018-04-24,1524600000000,,10446.428181659225,0,10446.428181659225
2018-04-25,1524686400000,,10472.248070146847,0,10472.248070146847
2018-04-26,1524772800000,,10578.70616523141,0,10578.70616523141
2018-04-27,1524859200000,,10588.636984823437,0,10588.636984823437
2018-04-30,1525118400000,,10507.204749072107,0,10507.204749072107
2018-05-01,1525204800000,,10525.874738395449,0,10525.874738395449
2018-05-02,1525291200000,,10455.167351390539,0,10455.167351390539
2018-05-03,1525377600000,,10432.127171072414,0,10432.127171072414
2018-05-04,1525464000000,,10567.186075072346,0,10567.186075072346
2018-05-07,1525723200000,,10602.937995410248,0,10602.937995410248
2018-05-08,1525809600000,,10602.937995410248,0,10602.937995410248
2018-05-09,1525896000000,,10705.423520206348,0,10705.423520206348
2018-05-10,1525982400000,,10805.525745281022,0,10805.525745281022
2018-05-11,1526068800000,,10838.496745191176,0,10838.496745191176
2018-05-14,1526328000000,,10843.66096534035,0,10843.66096534035
2018-05-15,1526414400000,,10768.981008046978,0,10768.981008046978
2018-05-16,1526500800000,,10814.264915012336,0,10814.264915012336
2018-05-17,1526587200000,,10805.129336832952,0,10805.129336832952
2018-05-18,1526673600000,,10778.116586226364,0,10778.116586226364
2018-05-21,1526932800000,,10859.152413529624,0,10859.152413529624
2018-05-22,1527019200000,,10828.962334047217,0,10828.962334047217
2018-05-23,1527105600000,,10858.754792823302,0,10858.754792823302
2018-05-24,1527192000000,,10836.50985391782,0,10836.50985391782
2018-05-25,1527278400000,,10810.689965430196,0,10810.689965430196
2018-05-29,1527624000000,,10686.355910176684,0,10686.355910176684
2018-05-30,1527710400000,,10828.962334047217,0,10828.962334047217
2018-05-31,1527796800000,,10762.62513803709,0,10762.62513803709
2018-06-01,1527883200000,,10868.28920396726,0,10868.28920396726
2018-06-04,1528142400000,,10919.928980942506,0,10919.928980942506
2018-06-05,1528228800000,,10927.87412151943,0,10927.87412151943
2018-06-06,1528315200000,,11019.237176862787,0,11019.237176862787
2018-06-07,1528401600000,,11018.045527002074,0,11018.045527002074
2018-06-08,1528488000000,,11050.618906205907,0,11050.618906205907
2018-06-11,1528747200000,,11065.316325240789,0,11065.316325240789
2018-06-12,1528833600000,,11079.6173358276,0,11079.6173358276
2018-06-13,1528920000000,,11044.263036196018,0,11044.263036196018
2018-06-14,1529006400000,,11072.069815956998,0,11072.069815956998
2018-06-15,1529092800000,,11008.512328116367,0,11008.512328116367
2018-06-18,1529352000000,,10985.869768504563,0,10985.869768504563
2018-06-19,1529438400000,,10943.763190415024,0,10943.763190415024
2018-06-20,1529524800000,,10962.433179738367,0,10962.433179738367
2018-06-21,1529611200000,,10893.711471748562,0,10893.711471748562
2018-06-22,1529697600000,,10913.573110932619,0,10913.573110932619
2018-06-25,1529956800000,,10765.008437758517,0,10765.008437758517
2018-06-26,1530043200000,,10788.842647231035,0,10788.842647231035
2018-06-27,1530129600000,,10699.465270902781,0,10699.465270902781
2018-06-28,1530216000000,,10760.639459021986,0,10760.639459021986
2018-06-29,1530302400000,,10776.130907211258,0,10776.130907211258
2018-07-02,1530561600000,,10799.169875271133,0,10799.169875271133
2018-07-03,1530648000000,,10761.035867470056,0,10761.035867470056
2018-07-05,1530820800000,,10848.823973231274,0,10848.823973231274
2018-07-06,1530907200000,,10940.585861539204,0,10940.585861539204
2018-07-09,1531166400000,,11039.098816046844,0,11039.098816046844
2018-07-10,1531252800000,,11078.822094414956,0,11078.822094414956
2018-07-11,1531339200000,,10997.786267111696,0,10997.786267111696
2018-07-12,1531425600000,,11097.4920837383,0,11097.4920837383
2018-07-13,1531512000000,,11106.231253469614,0,11106.231253469614
2018-07-16,1531771200000,,11096.300433877586,0,11096.300433877586
2018-07-17,1531857600000,,11141.187932394874,0,11141.187932394874
2018-07-18,1531944000000,,11164.62452116107,0,11164.62452116107
2018-07-19,1532030400000,,11122.51794307153,0,11122.51794307153
2018-07-20,1532116800000,,11109.806203051754,0,11109.806203051754
2018-07-23,1532376000000,,11130.463083648454,0,11130.463083648454
2018-07-24,1532462400000,,11186.47183936023,0,11186.47183936023
2018-07-25,1532548800000,,11281.808677250303,0,11281.808677250303
2018-07-26,1532635200000,,11255.193547350036,0,11255.193547350036
2018-07-27,1532721600000,,11178.92553174788,0,11178.92553174788
2018-07-30,1532980800000,,11120.532264056425,0,11120.532264056425
2018-07-31,1533067200000,,11175.34936990749,0,11175.34936990749
2018-08-01,1533153600000,,11156.679380584146,0,11156.679380584146
2018-08-02,1533240000000,,11217.45716025528,0,11217.45716025528
2018-08-03,1533326400000,,11265.521987648386,0,11265.521987648386
2018-08-06,1533585600000,,11306.834536583534,0,11306.834536583534
2018-08-07,1533672000000,,11344.173302971969,0,11344.173302971969
2018-08-08,1533758400000,,11339.406703529115,0,11339.406703529115
2018-08-09,1533844800000,,11323.915255339842,0,11323.915255339842
2018-08-10,1533931200000,,11248.043648185756,0,11248.043648185756
2018-08-13,1534190400000,,11205.937070096217,0,11205.937070096217
2018-08-14,1534276800000,,11277.43848625552,0,11277.43848625552
2018-08-15,1534363200000,,11193.22533007644,0,11193.22533007644
2018-08-16,1534449600000,,11283.794356265407,0,11283.794356265407
2018-08-17,1534536000000,,11323.517634633521,0,11323.517634633521
2018-08-20,1534795200000,,11347.74946481236,0,11347.74946481236
2018-08-21,1534881600000,,11374.363382454374,0,11374.363382454374
2018-08-22,1534968000000,,11367.611103996416,0,11367.611103996416
2018-08-23,1535054400000,,11352.516064255213,0,11352.516064255213
2018-08-24,1535140800000,,11420.840151538696,0,11420.840151538696
2018-08-27,1535400000000,,11511.011557021342,0,11511.011557021342
2018-08-28,1535486400000,,11516.573397876838,0,11516.573397876838
2018-08-29,1535572800000,,11578.541615150434,0,11578.541615150434
2018-08-30,1535659200000,,11531.66722535979,0,11531.66722535979
2018-08-31,1535745600000,,11532.064846066112,0,11532.064846066112
2018-09-04,1536091200000,,11512.203206882055,0,11512.203206882055
2018-09-05,1536177600000,,11481.219098245258,0,11481.219098245258
2018-09-06,1536264000000,,11446.66004002632,0,11446.66004002632
2018-09-07,1536350400000,,11424.415101120836,0,11424.415101120836
2018-09-10,1536609600000,,11444.276740304893,0,11444.276740304893
2018-09-11,1536696000000,,11482.013127399649,0,11482.013127399649
2018-09-12,1536782400000,,11484.794047827398,0,11484.794047827398
2018-09-13,1536868800000,,11552.72051440456,0,11552.72051440456
2018-09-14,1536955200000,,11554.707405677917,0,11554.707405677917
2018-09-17,1537214400000,,11493.533217558712,0,11493.533217558712
2018-09-18,1537300800000,,11555.89905553863,0,11555.89905553863
2018-09-19,1537387200000,,11568.213174852084,0,11568.213174852084
2018-09-20,1537473600000,,11661.959529916869,0,11661.959529916869
2018-09-21,1537560000000,,11598.79966278256,0,11598.79966278256
2018-09-24,1537819200000,,11560.268034275161,0,11560.268034275161
2018-09-25,1537905600000,,11549.54318552874,0,11549.54318552874
2018-09-26,1537992000000,,11514.984127309803,0,11514.984127309803
2018-09-27,1538078400000,,11547.159885807314,0,11547.159885807314
2018-09-28,1538164800000,,11548.351535668027,0,11548.351535668027
2018-10-01,1538424000000,,11588.472434742462,0,11588.472434742462
2018-10-02,1538510400000,,11581.718944026252,0,11581.718944026252
2018-10-03,1538596800000,,11588.074814036141,0,11588.074814036141
2018-10-04,1538683200000,,11497.505787847174,0,11497.505787847174
2018-10-05,1538769600000,,11433.154270852152,0,11433.154270852152
2018-10-08,1539028800000,,11433.154270852152,0,11433.154270852152
2018-10-09,1539115200000,,11416.469960543915,0,11416.469960543915
2018-10-10,1539201600000,,11054.987884942439,0,11054.987884942439
2018-10-11,1539288000000,,10811.485206842839,0,10811.485206842839
2018-10-12,1539374400000,,10961.639150583975,0,10961.639150583975
2018-10-15,1539633600000,,10900.06734175845,0,10900.06734175845
2018-10-16,1539720000000,,11138.407011967125,0,11138.407011967125
2018-10-17,1539806400000,,11140.393903240481,0,11140.393903240481
2018-10-18,1539892800000,,10979.513898494675,0,10979.513898494675
2018-10-19,1539979200000,,10973.555649191108,0,10973.555649191108
2018-10-22,1540238400000,,10924.29917193729,0,10924.29917193729
2018-10-23,1540324800000,,10868.685612415331,0,10868.685612415331
2018-10-24,1540411200000,,10539.380507569618,0,10539.380507569618
2018-10-25,1540497600000,,10728.462488266223,0,10728.462488266223
2018-10-26,1540584000000,,10539.776916017689,0,10539.776916017689
2018-10-29,1540843200000,,10481.383648326233,0,10481.383648326233
2018-10-30,1540929600000,,10636.701812216543,0,10636.701812216543
2018-10-31,1541016000000,,10750.311018723636,0,10750.311018723636
2018-11-01,1541102400000,,10864.71425438512,0,10864.71425438512
2018-11-02,1541188800000,,10800.362737390098,0,10800.362737390098
2018-11-05,1541451600000,,10859.947654942267,0,10859.947654942267
2018-11-06,1541538000000,,10928.66815067382,0,10928.66815067382
2018-11-07,1541624400000,,11162.638842145965,0,11162.638842145965
2018-11-08,1541710800000,,11142.379582255588,0,11142.379582255588
2018-11-09,1541797200000,,11033.538187449598,0,11033.538187449598
2018-11-12,1542056400000,,10827.374275738433,0,10827.374275738433
2018-11-13,1542142800000,,10807.115015848056,0,10807.115015848056
2018-11-14,1542229200000,,10733.230299967327,0,10733.230299967327
2018-11-15,1542315600000,,10845.249023649134,0,10845.249023649134
2018-11-16,1542402000000,,10873.453424116435,0,10873.453424116435
2018-11-19,1542661200000,,10689.534451310754,0,10689.534451310754
2018-11-20,1542747600000,,10491.712088624583,0,10491.712088624583
2018-11-21,1542834000000,,10527.462796704234,0,10527.462796704234
2018-11-23,1543006800000,,10457.153030405645,0,10457.153030405645
2018-11-26,1543266000000,,10625.976963470122,0,10625.976963470122
2018-11-27,1543352400000,,10661.727671549774,0,10661.727671549774
2018-11-28,1543438800000,,10907.21724092273,0,10907.21724092273
2018-11-29,1543525200000,,10883.384243708462,0,10883.384243708462
2018-11-30,1543611600000,,10949.72143971859,0,10949.72143971859
2018-12-03,1543870800000,,11094.71116331055,0,11094.71116331055
2018-12-04,1543957200000,,10735.215978982433,0,10735.215978982433
2018-12-06,1544130000000,,10718.929289380516,0,10718.929289380516
2018-12-07,1544216400000,,10469.86477042542,0,10469.86477042542
2018-12-10,1544475600000,,10489.726409609477,0,10489.726409609477
2018-12-11,1544562000000,,10492.109709330904,0,10492.109709330904
2018-12-12,1544648400000,,10544.941136166863,0,10544.941136166863
2018-12-13,1544734800000,,10541.366186584723,0,10541.366186584723
2018-12-14,1544821200000,,10346.722365032621,0,10346.722365032621
2018-12-17,1545080400000,,10143.7363883264,0,10143.7363883264
2018-12-18,1545166800000,,10132.61391887366,0,10132.61391887366
2018-12-19,1545253200000,,9980.870704565488,0,9980.870704565488
2018-12-20,1545339600000,,9818.402641510898,0,9818.402641510898
2018-12-21,1545426000000,,9561.39298197888,0,9561.39298197888
2018-12-24,1545685200000,,9308.752907312519,0,9308.752907312519
2018-12-26,1545858000000,,9779.076377719983,0,9779.076377719983
2018-12-27,1545944400000,,9854.153955719676,0,9854.153955719676
2018-12-28,1546030800000,,9841.442215699899,0,9841.442215699899
2018-12-31,1546290000000,,9927.641657023209,0,9927.641657023209
2019-01-02,1546462800000,,9937.969491192433,0,9937.969491192433
2019-01-03,1546549200000,,9700.822076973596,0,9700.822076973596
2019-01-04,1546635600000,,10025.758203082776,0,10025.758203082776
2019-01-07,1546894800000,,10104.807745241806,0,10104.807745241806
2019-01-08,1546981200000,,10199.745750167305,0,10199.745750167305
2019-01-09,1547067600000,,10247.41416911234,0,10247.41416911234
2019-01-10,1547154000000,,10283.562497898312,0,10283.562497898312
2019-01-11,1547240400000,,10287.535068186773,0,10287.535068186773
2019-01-14,1547499600000,,10224.771609500536,0,10224.771609500536
2019-01-15,1547586000000,,10341.955765589768,0,10341.955765589768
2019-01-16,1547672400000,,10366.981624922999,0,10366.981624922999
2019-01-17,1547758800000,,10445.632940246582,0,10445.632940246582
2019-01-18,1547845200000,,10584.664414534976,0,10584.664414534976
2019-01-22,1548190800000,,10441.66036995812,0,10441.66036995812
2019-01-23,1548277200000,,10463.508900415532,0,10463.508900415532
2019-01-24,1548363600000,,10469.069529012777,0,10469.069529012777
2019-01-25,1548450000000,,10557.65287618664,0,10557.65287618664
2019-01-28,1548709200000,,10477.412290296023,0,10477.412290296023
2019-01-29,1548795600000,,10463.508900415532,0,10463.508900415532
2019-01-30,1548882000000,,10629.154292345942,0,10629.154292345942
2019-01-31,1548968400000,,10722.504238962656,0,10722.504238962656
2019-02-01,1549054800000,,10727.668459111832,0,10727.668459111832
2019-02-04,1549314000000,,10803.142445559595,0,10803.142445559595
2019-02-05,1549400400000,,10848.427564783204,0,10848.427564783204
2019-02-06,1549486800000,,10834.126554196393,0,10834.126554196393
2019-02-07,1549573200000,,10730.847000245902,0,10730.847000245902
2019-02-08,1549659600000,,10743.955148713747,0,10743.955148713747
2019-02-11,1549918800000,,10749.913398017314,0,10749.913398017314
2019-02-12,1550005200000,,10888.150843151316,0,10888.150843151316
2019-02-13,1550091600000,,10923.503930524646,0,10923.503930524646
2019-02-14,1550178000000,,10899.273312604058,0,10899.273312604058
2019-02-15,1550264400000,,11018.045527002074,0,11018.045527002074
2019-02-19,1550610000000,,11037.113137031738,0,11037.113137031738
2019-02-20,1550696400000,,11059.358075937222,0,11059.358075937222
2019-02-21,1550782800000,,11020.03241827543,0,11020.03241827543
2019-02-22,1550869200000,,11088.356505558913,0,11088.356505558913
2019-02-25,1551128400000,,11103.450333041867,0,11103.450333041867
2019-02-26,1551214800000,,11095.506404723194,0,11095.506404723194
2019-02-27,1551301200000,,11090.73980528034,0,11090.73980528034
2019-02-28,1551387600000,,11070.082924683642,0,11070.082924683642
2019-03-01,1551474000000,,11139.202253379768,0,11139.202253379768
2019-03-04,1551733200000,,11098.683733599013,0,11098.683733599013
2019-03-05,1551819600000,,11083.58869385781,0,11083.58869385781
2019-03-06,1551906000000,,11016.45625643504,0,11016.45625643504
2019-03-07,1551992400000,,10924.29917193729,0,10924.29917193729
2019-03-08,1552078800000,,10902.450641479876,0,10902.450641479876
2019-03-11,1552334400000,,11060.549725797935,0,11060.549725797935
2019-03-12,1552420800000,,11102.258683181153,0,11102.258683181153
2019-03-13,1552507200000,,11175.746990613812,0,11175.746990613812
2019-03-14,1552593600000,,11168.597091449532,0,11168.597091449532
2019-03-15,1552680000000,,11174.555340753099,0,11174.555340753099
2019-03-18,1552939200000,,11215.072648275602,0,11215.072648275602
2019-03-19,1553025600000,,11217.85356870335,0,11217.85356870335
2019-03-20,1553112000000,,11184.088539638804,0,11184.088539638804
2019-03-21,1553198400000,,11310.409486165674,0,11310.409486165674
2019-03-22,1553284800000,,11092.725484295446,0,11092.725484295446
2019-03-25,1553544000000,,11084.383935270453,0,11084.383935270453
2019-03-26,1553630400000,,11167.007820882496,0,11167.007820882496
2019-03-27,1553716800000,,11108.61455319104,0,11108.61455319104
2019-03-28,1553803200000,,11150.721131280581,0,11150.721131280581
2019-03-29,1553889600000,,11221.03210983742,0,11221.03210983742
2019-04-01,1554148800000,,11354.104122563996,0,11354.104122563996
2019-04-02,1554235200000,,11359.665963419493,0,11359.665963419493
2019-04-03,1554321600000,,11377.541923588444,0,11377.541923588444
2019-04-04,1554408000000,,11407.730790812599,0,11407.730790812599
2019-04-05,1554494400000,,11462.946729628236,0,11462.946729628236
2019-04-08,1554753600000,,11471.68589935955,0,11471.68589935955
2019-04-09,1554840000000,,11412.895010961774,0,11412.895010961774
2019-04-10,1554926400000,,11451.824260175494,0,11451.824260175494
2019-04-11,1555012800000,,11448.645719041426,0,11448.645719041426
2019-04-12,1555099200000,,11526.106596762545,0,11526.106596762545
2019-04-15,1555358400000,,11518.559076891943,0,11518.559076891943
2019-04-16,1555444800000,,11526.106596762545,0,11526.106596762545
2019-04-17,1555531200000,,11497.903408553495,0,11497.903408553495
2019-04-18,1555617600000,,11520.544755907049,0,11520.544755907049
2019-04-22,1555963200000,,11530.475575499077,0,11530.475575499077
2019-04-23,1556049600000,,11634.15396241414,0,11634.15396241414
2019-04-24,1556136000000,,11608.334073926519,0,11608.334073926519
2019-04-25,1556222400000,,11601.182962503986,0,11601.182962503986
2019-04-26,1556308800000,,11655.20725145891,0,11655.20725145891
2019-04-29,1556568000000,,11673.479620075932,0,11673.479620075932
2019-04-30,1556654400000,,11679.437869379499,0,11679.437869379499
2019-05-01,1556740800000,,11591.649763618281,0,11591.649763618281
2019-05-02,1556827200000,,11566.62390428505,0,11566.62390428505
2019-05-03,1556913600000,,11679.835490085821,0,11679.835490085821
2019-05-06,1557172800000,,11631.770662692714,0,11631.770662692714
2019-05-07,1557259200000,,11437.523249588683,0,11437.523249588683
2019-05-08,1557345600000,,11421.634180693089,0,11421.634180693089
2019-05-09,1557432000000,,11387.07512247415,0,11387.07512247415
2019-05-10,1557518400000,,11444.276740304893,0,11444.276740304893
2019-05-13,1557777600000,,11156.679380584146,0,11156.679380584146
2019-05-14,1557864000000,,11257.576847071463,0,11257.576847071463
2019-05-15,1557950400000,,11323.517634633521,0,11323.517634633521
2019-05-16,1558036800000,,11428.387671409298,0,11428.387671409298
2019-05-17,1558123200000,,11354.501743270319,0,11354.501743270319
2019-05-20,1558382400000,,11279.425377528876,0,11279.425377528876
2019-05-21,1558468800000,,11381.116873170584,0,11381.116873170584
2019-05-22,1558555200000,,11346.160194245325,0,11346.160194245325
2019-05-23,1558641600000,,11207.526340663251,0,11207.526340663251
2019-05-24,1558728000000,,11232.948608444554,0,11232.948608444554
2019-05-28,1559073600000,,11128.476192375098,0,11128.476192375098
2019-05-29,1559160000000,,11053.796235081725,0,11053.796235081725
2019-05-30,1559246400000,,11083.986314564132,0,11083.986314564132
2019-05-31,1559332800000,,10934.626399977387,0,10934.626399977387
2019-06-03,1559592000000,,10906.82083247466,0,10906.82083247466
2019-06-04,1559678400000,,11143.571232116301,0,11143.571232116301
2019-06-05,1559764800000,,11240.098507608835,0,11240.098507608835
2019-06-06,1559851200000,,11313.189194335171,0,11313.189194335171
2019-06-07,1559937600000,,11426.400780135942,0,11426.400780135942
2019-06-10,1560196800000,,11478.83579852383,0,11478.83579852383
2019-06-11,1560283200000,,11476.054878096083,0,11476.054878096083
2019-06-12,1560369600000,,11455.796830463956,0,11455.796830463956
2019-06-13,1560456000000,,11503.066416444419,0,11503.066416444419
2019-06-14,1560542400000,,11490.355888682894,0,11490.355888682894
2019-06-17,1560801600000,,11494.724867419425,0,11494.724867419425
2019-06-18,1560888000000,,11615.086352384476,0,11615.086352384476
2019-06-19,1560974400000,,11641.30386157842,0,11641.30386157842
2019-06-20,1561060800000,,11752.528556105835,0,11752.528556105835
2019-06-21,1561147200000,,11678.643840225108,0,11678.643840225108
2019-06-24,1561406400000,,11664.344041896547,0,11664.344041896547
2019-06-25,1561492800000,,11549.940806235063,0,11549.940806235063
2019-06-26,1561579200000,,11538.420716076,0,11538.420716076
2019-06-27,1561665600000,,11579.335644304825,0,11579.335644304825
2019-06-28,1561752000000,,11638.920561856994,0,11638.920561856994
2019-07-01,1562011200000,,11744.584627787164,0,11744.584627787164
2019-07-02,1562097600000,,11775.171115717641,0,11775.171115717641
2019-07-03,1562184000000,,11869.315091488746,0,11869.315091488746
2019-07-05,1562356800000,,11855.809322314579,0,11855.809322314579
2019-07-08,1562616000000,,11790.663776165165,0,11790.663776165165
2019-07-09,1562702400000,,11805.361195200046,0,11805.361195200046
2019-07-10,1562788800000,,11861.767571618146,0,11861.767571618146
2019-07-11,1562875200000,,11889.574351379126,0,11889.574351379126
2019-07-12,1562961600000,,11942.803398921405,0,11942.803398921405
2019-07-15,1563220800000,,11946.775969209868,0,11946.775969209868
2019-07-16,1563307200000,,11908.244340702468,0,11908.244340702468
2019-07-17,1563393600000,,11827.208513399208,0,11827.208513399208
2019-07-18,1563480000000,,11870.50674134946,0,11870.50674134946
2019-07-19,1563566400000,,11804.567166045654,0,11804.567166045654
2019-07-22,1563825600000,,11833.564383409097,0,11833.564383409097
2019-07-23,1563912000000,,11918.175160294497,0,11918.175160294497
2019-07-24,1563998400000,,11974.185128264526,0,11974.185128264526
2019-07-25,1564084800000,,11916.983510433784,0,11916.983510433784
2019-07-26,1564171200000,,11996.82768787633,0,11996.82768787633
2019-07-29,1564430400000,,11974.979157418917,0,11974.979157418917
2019-07-30,1564516800000,,11945.584319349155,0,11945.584319349155
2019-07-31,1564603200000,,11814.894394085753,0,11814.894394085753
2019-08-01,1564689600000,,11712.011248583332,0,11712.011248583332
2019-08-02,1564776000000,,11623.825522115792,0,11623.825522115792
2019-08-05,1565035200000,,11274.2611573797,0,11274.2611573797
2019-08-06,1565121600000,,11432.359029439509,0,11432.359029439509
2019-08-07,1565208000000,,11439.112520155719,0,11439.112520155719
2019-08-08,1565294400000,,11663.548800483904,0,11663.548800483904
2019-08-09,1565380800000,,11584.102243747679,0,11584.102243747679
2019-08-12,1565640000000,,11443.08509044418,0,11443.08509044418
2019-08-13,1565726400000,,11621.044601688043,0,11621.044601688043
2019-08-14,1565812800000,,11277.43848625552,0,11277.43848625552
2019-08-15,1565899200000,,11307.230945031604,0,11307.230945031604
2019-08-16,1565985600000,,11474.069199080977,0,11474.069199080977
2019-08-19,1566244800000,,11612.305431956729,0,11612.305431956729
2019-08-20,1566331200000,,11523.325676334796,0,11523.325676334796
2019-08-21,1566417600000,,11617.073243657833,0,11617.073243657833
2019-08-22,1566504000000,,11613.497081817442,0,11613.497081817442
2019-08-23,1566590400000,,11315.176085608528,0,11315.176085608528
2019-08-26,1566849600000,,11440.304170016432,0,11440.304170016432
2019-08-27,1566936000000,,11395.416671499144,0,11395.416671499144
2019-08-28,1567022400000,,11475.658469648011,0,11475.658469648011
2019-08-29,1567108800000,,11622.236251548757,0,11622.236251548757
2019-08-30,1567195200000,,11617.073243657833,0,11617.073243657833
2019-09-03,1567540800000,,11549.14556482242,0,11549.14556482242
2019-09-04,1567627200000,,11680.233110792142,0,11680.233110792142
2019-09-05,1567713600000,,11830.387054533277,0,11830.387054533277
2019-09-06,1567800000000,,11839.522632712662,0,11839.522632712662
2019-09-09,1568059200000,,11845.482094274481,0,11845.482094274481
2019-09-10,1568145600000,,11842.701173846732,0,11842.701173846732
2019-09-11,1568232000000,,11926.914330025811,0,11926.914330025811
2019-09-12,1568318400000,,11968.226878960959,0,11968.226878960959
2019-09-13,1568404800000,,11960.281738384036,0,11960.281738384036
2019-09-16,1568664000000,,11923.339380443671,0,11923.339380443671
2019-09-17,1568750400000,,11953.529459926076,0,11953.529459926076
2019-09-18,1568836800000,,11960.679359090356,0,11960.679359090356
2019-09-19,1568923200000,,11959.884117677713,0,11959.884117677713
2019-09-20,1569009600000,,11848.659423150299,0,11848.659423150299
2019-09-23,1569268800000,,11845.878502722551,0,11845.878502722551
2019-09-24,1569355200000,,11752.926176812158,0,11752.926176812158
2019-09-25,1569441600000,,11822.441913956354,0,11822.441913956354
2019-09-26,1569528000000,,11797.813675329446,0,11797.813675329446
2019-09-27,1569614400000,,11734.256187488814,0,11734.256187488814
2019-09-30,1569873600000,,11788.67688489181,0,11788.67688489181
2019-10-01,1569960000000,,11648.453760742701,0,11648.453760742701
2019-10-02,1570046400000,,11442.687469737859,0,11442.687469737859
2019-10-03,1570132800000,,11536.435037060894,0,11536.435037060894
2019-10-04,1570219200000,,11692.547230105596,0,11692.547230105596
2019-10-07,1570478400000,,11642.097890732814,0,11642.097890732814
2019-10-08,1570564800000,,11461.3574590612,0,11461.3574590612
2019-10-09,1570651200000,,11570.198853867189,0,11570.198853867189
2019-10-10,1570737600000,,11648.453760742701,0,11648.453760742701
2019-10-11,1570824000000,,11769.212866414075,0,11769.212866414075
2019-10-14,1571083200000,,11756.104717946228,0,11756.104717946228
2019-10-15,1571169600000,,11872.493632622816,0,11872.493632622816
2019-10-16,1571256000000,,11853.426022593152,0,11853.426022593152
2019-10-17,1571342400000,,11888.382701518412,0,11888.382701518412
2019-10-18,1571428800000,,11836.345303836844,0,11836.345303836844
2019-10-21,1571688000000,,11916.585889727461,0,11916.585889727461
2019-10-22,1571774400000,,11877.657852771992,0,11877.657852771992
2019-10-23,1571860800000,,11912.21691099093,0,11912.21691099093
2019-10-24,1571947200000,,11931.680929468665,0,11931.680929468665
2019-10-25,1572033600000,,11980.540998274413,0,11980.540998274413
2019-10-28,1572292800000,,12048.069844145253,0,12048.069844145253
2019-10-29,1572379200000,,12044.494894563113,0,12044.494894563113
2019-10-30,1572465600000,,12081.43846476173,0,12081.43846476173
2019-10-31,1572552000000,,12049.261494005967,0,12049.261494005967
2019-11-01,1572638400000,,12160.885021497954,0,12160.885021497954
2019-11-04,1572901200000,,12209.743878045452,0,12209.743878045452
2019-11-05,1572987600000,,12196.238108871285,0,12196.238108871285
2019-11-06,1573074000000,,12199.019029299032,0,12199.019029299032
2019-11-07,1573160400000,,12241.919636542963,0,12241.919636542963
2019-11-08,1573246800000,,12272.10971602537,0,12272.10971602537
2019-11-11,1573506000000,,12248.673127259173,0,12248.673127259173
2019-11-12,1573592400000,,12274.493015746797,0,12274.493015746797
2019-11-13,1573678800000,,12278.465586035258,0,12278.465586035258
2019-11-14,1573765200000,,12296.340333945958,0,12296.340333945958
2019-11-15,1573851600000,,12385.321301826141,0,12385.321301826141
2019-11-18,1574110800000,,12394.456880005526,0,12394.456880005526
2019-11-19,1574197200000,,12390.881930423386,0,12390.881930423386
2019-11-20,1574283600000,,12344.802782045384,0,12344.802782045384
2019-11-21,1574370000000,,12324.94114286133,0,12324.94114286133
2019-11-22,1574456400000,,12352.350301915987,0,12352.350301915987
2019-11-25,1574715600000,,12448.083548254128,0,12448.083548254128
2019-11-26,1574802000000,,12476.286736463178,0,12476.286736463178
2019-11-27,1574888400000,,12531.900295985137,0,12531.900295985137
2019-11-29,1575061200000,,12485.423526900815,0,12485.423526900815
2019-12-02,1575320400000,,12379.363052522574,0,12379.363052522574
2019-12-03,1575406800000,,12296.340333945958,0,12296.340333945958
2019-12-04,1575493200000,,12372.211941100042,0,12372.211941100042
2019-12-05,1575579600000,,12394.456880005526,0,12394.456880005526
2019-12-06,1575666000000,,12507.668465806297,0,12507.668465806297
2019-12-09,1575925200000,,12468.342808144505,0,12468.342808144505
2019-12-10,1576011600000,,12454.439418264017,0,12454.439418264017
2019-12-11,1576098000000,,12489.793717895596,0,12489.793717895596
2019-12-12,1576184400000,,12597.443462840873,0,12597.443462840873
2019-12-13,1576270800000,,12604.990982711473,0,12604.990982711473
2019-12-16,1576530000000,,12691.58743861198,0,12691.58743861198
2019-12-17,1576616400000,,12694.368359039727,0,12694.368359039727
2019-12-18,1576702800000,,12695.16238819412,0,12695.16238819412
2019-12-19,1576789200000,,12747.199785875686,0,12747.199785875686
2019-12-20,1576875600000,,12740.447507417728,0,12740.447507417728
2019-12-23,1577134800000,,12759.911525895463,0,12759.911525895463
2019-12-24,1577221200000,,12760.309146601783,0,12760.309146601783
2019-12-26,1577394000000,,12828.235613178946,0,12828.235613178946
2019-12-27,1577480400000,,12825.057072044876,0,12825.057072044876
2019-12-30,1577739600000,,12754.349685039966,0,12754.349685039966
2019-12-31,1577826000000,,12785.333793676764,0,12785.333793676764
2020-01-02,1577998800000,,12904.901249487424,0,12904.901249487424
2020-01-03,1578085200000,,12807.182324134177,0,12807.182324134177
2020-01-06,1578344400000,,12856.042392939926,0,12856.042392939926
2020-01-07,1578430800000,,12819.894064153952,0,12819.894064153952
2020-01-08,1578517200000,,12888.218151437437,0,12888.218151437437
2020-01-09,1578603600000,,12975.608636492334,0,12975.608636492334
2020-01-10,1578690000000,,12938.268657845647,0,12938.268657845647
2020-01-13,1578949200000,,13027.24962572583,0,13027.24962572583
2020-01-14,1579035600000,,13007.387986541775,0,13007.387986541775
2020-01-15,1579122000000,,13036.782824611537,0,13036.782824611537
2020-01-16,1579208400000,,13145.227810969454,0,13145.227810969454
2020-01-17,1579294800000,,13186.142739198282,0,13186.142739198282
2020-01-21,1579640400000,,13160.321638452408,0,13160.321638452408
2020-01-22,1579726800000,,13161.910909019442,0,13161.910909019442
2020-01-23,1579813200000,,13177.005948760645,0,13177.005948760645
2020-01-24,1579899600000,,13059.821792671411,0,13059.821792671411
2020-01-27,1580158800000,,12850.48055208443,0,12850.48055208443
2020-01-28,1580245200000,,12985.143047636291,0,12985.143047636291
2020-01-29,1580331600000,,12974.41698663162,0,12974.41698663162
2020-01-30,1580418000000,,13016.52356472116,0,13016.52356472116
2020-01-31,1580504400000,,12780.17078578584,0,12780.17078578584
2020-02-03,1580763600000,,12875.10879071134,0,12875.10879071134
2020-02-04,1580850000000,,13071.341882830475,0,13071.341882830475
2020-02-05,1580936400000,,13222.289855726003,0,13222.289855726003
2020-02-06,1581022800000,,13266.780945795219,0,13266.780945795219
2020-02-07,1581109200000,,13196.07355879031,0,13196.07355879031
2020-02-10,1581368400000,,13294.586513297947,0,13294.586513297947
2020-02-11,1581454800000,,13317.626693616074,0,13317.626693616074
2020-02-12,1581541200000,,13403.429120362187,0,13403.429120362187
2020-02-13,1581627600000,,13389.128109775376,0,13389.128109775376
2020-02-14,1581714000000,,13410.579019526467,0,13410.579019526467
2020-02-18,1582059600000,,13376.01996130753,0,13376.01996130753
2020-02-19,1582146000000,,13439.973857596231,0,13439.973857596231
2020-02-20,1582232400000,,13384.759131038843,0,13384.759131038843
2020-02-21,1582318800000,,13246.919306611164,0,13246.919306611164
2020-02-24,1582578000000,,12807.579944840498,0,12807.579944840498
2020-02-25,1582664400000,,12419.482739338757,0,12419.482739338757
2020-02-26,1582750800000,,12373.801211667078,0,12373.801211667078
2020-02-27,1582837200000,,11818.072935219823,0,11818.072935219823
2020-02-28,1582923600000,,11768.418837259682,0,11768.418837259682
2020-03-02,1583182800000,,12278.067965328937,0,12278.067965328937
2020-03-03,1583269200000,,11926.516709319489,0,11926.516709319489
2020-03-04,1583355600000,,12427.82428836375,0,12427.82428836375
2020-03-05,1583442000000,,12014.702435787029,0,12014.702435787029
2020-03-06,1583528400000,,11816.086043946467,0,11816.086043946467
2020-03-09,1583784000000,,10893.315063300492,0,10893.315063300492
2020-03-10,1583870400000,,11456.98848032467,0,11456.98848032467
2020-03-11,1583956800000,,10898.478071191415,0,10898.478071191415
2020-03-12,1584043200000,,9855.742620157585,0,9855.742620157585
2020-03-13,1584129600000,,10698.273621042068,0,10698.273621042068
2020-03-16,1584388800000,,9527.62855904346,0,9527.62855904346
2020-03-17,1584475200000,,10042.044892684693,0,10042.044892684693
2020-03-18,1584561600000,,9533.586808347027,0,9533.586808347027
2020-03-19,1584648000000,,9553.845462108278,0,9553.845462108278
2020-03-20,1584734400000,,9088.68621184999,0,9088.68621184999
2020-03-23,1584993600000,,8856.304790944881,0,8856.304790944881
2020-03-24,1585080000000,,9658.714892754931,0,9658.714892754931
2020-03-25,1585166400000,,9803.307601769695,0,9803.307601769695
2020-03-26,1585252800000,,10375.720794654313,0,10375.720794654313
2020-03-27,1585339200000,,10066.673131311602,0,10066.673131311602
2020-03-30,1585598400000,,10393.595542565014,0,10393.595542565014
2020-03-31,1585684800000,,10238.674999381024,0,10238.674999381024
2020-04-01,1585771200000,,9777.88472785927,0,9777.88472785927
2020-04-02,1585857600000,,10003.513264177294,0,10003.513264177294
2020-04-03,1585944000000,,9858.92055516253,0,9858.92055516253
2020-04-06,1586203200000,,10521.106926694345,0,10521.106926694345
2020-04-07,1586289600000,,10531.832987699016,0,10531.832987699016
2020-04-08,1586376000000,,10885.369922723568,0,10885.369922723568
2020-04-09,1586462400000,,11051.016526912228,0,11051.016526912228
2020-04-13,1586808000000,,10950.119060424911,0,10950.119060424911
2020-04-14,1586894400000,,11273.069507518987,0,11273.069507518987
2020-04-15,1586980800000,,11033.538187449598,0,11033.538187449598
2020-04-16,1587067200000,,11086.76723499188,0,11086.76723499188
2020-04-17,1587153600000,,11386.281093319758,0,11386.281093319758
2020-04-20,1587412800000,,11185.67781020584,0,11185.67781020584
2020-04-21,1587499200000,,10846.044265061777,0,10846.044265061777
2020-04-22,1587585600000,,11086.76723499188,0,11086.76723499188
2020-04-23,1587672000000,,11085.971993579236,0,11085.971993579236
2020-04-24,1587758400000,,11240.496128315155,0,11240.496128315155
2020-04-27,1588017600000,,11402.566570663424,0,11402.566570663424
2020-04-28,1588104000000,,11350.132764533786,0,11350.132764533786
2020-04-29,1588190400000,,11647.262110881988,0,11647.262110881988
2020-04-30,1588276800000,,11538.81833678232,0,11538.81833678232
2020-05-01,1588363200000,,11233.346229150875,0,11233.346229150875
2020-05-04,1588622400000,,11264.330337787673,0,11264.330337787673
2020-05-05,1588708800000,,11368.405133150807,0,11368.405133150807
2020-05-06,1588795200000,,11291.34187613601,0,11291.34187613601
2020-05-07,1588881600000,,11427.592429996655,0,11427.592429996655
2020-05-08,1588968000000,,11616.675622951512,0,11616.675622951512
2020-05-11,1589227200000,,11619.058922672939,0,11619.058922672939
2020-05-12,1589313600000,,11387.472743180471,0,11387.472743180471
2020-05-13,1589400000000,,11186.07543091216,0,11186.07543091216
2020-05-14,1589486400000,,11319.942685051381,0,11319.942685051381
2020-05-15,1589572800000,,11371.980082732947,0,11371.980082732947
2020-05-18,1589832000000,,11718.36711859322,0,11718.36711859322
2020-05-19,1589918400000,,11598.005633628169,0,11598.005633628169
2020-05-20,1590004800000,,11795.032754901697,0,11795.032754901697
2020-05-21,1590091200000,,11713.600519150366,0,11713.600519150366
2020-05-22,1590177600000,,11735.84545805585,0,11735.84545805585
2020-05-26,1590523200000,,11880.43756094149,0,11880.43756094149
2020-05-27,1590609600000,,12057.20663458289,0,12057.20663458289
2020-05-28,1590696000000,,12034.961695677408,0,12034.961695677408
2020-05-29,1590782400000,,12088.58836392601,0,12088.58836392601
2020-06-01,1591041600000,,12137.447220473507,0,12137.447220473507
2020-06-02,1591128000000,,12237.947066254503,0,12237.947066254503
2020-06-03,1591214400000,,12400.812750015413,0,12400.812750015413
2020-06-04,1591300800000,,12368.239370811581,0,12368.239370811581
2020-06-05,1591387200000,,12685.23156860209,0,12685.23156860209
2020-06-08,1591646400000,,12838.564053477296,0,12838.564053477296
2020-06-09,1591732800000,,12742.830807139155,0,12742.830807139155
2020-06-10,1591819200000,,12671.725799427923,0,12671.725799427923
2020-06-11,1591905600000,,11941.214128354371,0,11941.214128354371
2020-06-12,1591992000000,,12084.218172931227,0,12084.218172931227
2020-06-15,1592251200000,,12197.032138025676,0,12197.032138025676
2020-06-16,1592337600000,,12431.796858652211,0,12431.796858652211
2020-06-17,1592424000000,,12380.157081676965,0,12380.157081676965
2020-06-18,1592510400000,,12384.923681119819,0,12384.923681119819
2020-06-19,1592596800000,,12260.193217418237,0,12260.193217418237
2020-06-22,1592856000000,,12338.84453274182,0,12338.84453274182
2020-06-23,1592942400000,,12395.64852986624,0,12395.64852986624
2020-06-24,1593028800000,,12079.451573488373,0,12079.451573488373
2020-06-25,1593115200000,,12208.949848891061,0,12208.949848891061
2020-06-26,1593201600000,,11918.969189448888,0,11918.969189448888
2020-06-29,1593460800000,,12094.148992523254,0,12094.148992523254
2020-06-30,1593547200000,,12249.069535707244,0,12249.069535707244
2020-07-01,1593633600000,,12334.871962453357,0,12334.871962453357
2020-07-02,1593720000000,,12402.79964128877,0,12402.79964128877
2020-07-06,1594065600000,,12594.264921706803,0,12594.264921706803
2020-07-07,1594152000000,,12464.370237856045,0,12464.370237856045
2020-07-08,1594238400000,,12559.705863487865,0,12559.705863487865
2020-07-09,1594324800000,,12488.204447328562,0,12488.204447328562
2020-07-10,1594411200000,,12615.715831457894,0,12615.715831457894
2020-07-13,1594670400000,,12506.476815945583,0,12506.476815945583
2020-07-14,1594756800000,,12668.548470552103,0,12668.548470552103
2020-07-15,1594843200000,,12784.937385228694,0,12784.937385228694
2020-07-16,1594929600000,,12742.830807139155,0,12742.830807139155
2020-07-17,1595016000000,,12779.77316507952,0,12779.77316507952
2020-07-20,1595275200000,,12883.053931288261,0,12883.053931288261
2020-07-21,1595361600000,,12910.463090342919,0,12910.463090342919
2020-07-22,1595448000000,,12983.950185517328,0,12983.950185517328
2020-07-23,1595534400000,,12829.029642333338,0,12829.029642333338
2020-07-24,1595620800000,,12746.405756721295,0,12746.405756721295
2020-07-27,1595880000000,,12839.358082631688,0,12839.358082631688
2020-07-28,1595966400000,,12757.925846880356,0,12757.925846880356
2020-07-29,1596052800000,,12914.832069079452,0,12914.832069079452
2020-07-30,1596139200000,,12868.75292070145,0,12868.75292070145
2020-07-31,1596225600000,,12970.444416343158,0,12970.444416343158
2020-08-03,1596484800000,,13060.617034084054,0,13060.617034084054
2020-08-04,1596571200000,,13111.065161198589,0,13111.065161198589
2020-08-05,1596657600000,,13192.497396949919,0,13192.497396949919
2020-08-06,1596744000000,,13280.683123417459,0,13280.683123417459
2020-08-07,1596830400000,,13290.217534561416,0,13290.217534561416
2020-08-10,1597089600000,,13329.940812929528,0,13329.940812929528
2020-08-11,1597176000000,,13219.906556004576,0,13219.906556004576
2020-08-12,1597262400000,,13404.22314951658,0,13404.22314951658
2020-08-13,1597348800000,,13379.99131933774,0,13379.99131933774
2020-08-14,1597435200000,,13380.388940044062,0,13380.388940044062
2020-08-17,1597694400000,,13422.893138839921,0,13422.893138839921
2020-08-18,1597780800000,,13451.891568461615,0,13451.891568461615
2020-08-19,1597867200000,,13395.881600491586,0,13395.881600491586
2020-08-20,1597953600000,,13437.590557874804,0,13437.590557874804
2020-08-21,1598040000000,,13485.25897681984,0,13485.25897681984
2020-08-24,1598299200000,,13621.907151386806,0,13621.907151386806
2020-08-25,1598385600000,,13669.57435807359,0,13669.57435807359
2020-08-26,1598472000000,,13806.62015334688,0,13806.62015334688
2020-08-27,1598558400000,,13836.809020571034,0,13836.809020571034
2020-08-28,1598644800000,,13926.186396899288,0,13926.186396899288
2020-08-31,1598904000000,,13875.738269784755,0,13875.738269784755
2020-09-01,1598990400000,,14006.428195048156,0,14006.428195048156
2020-09-02,1599076800000,,14209.01715717718,0,14209.01715717718
2020-09-03,1599163200000,,13720.023697446375,0,13720.023697446375
2020-09-04,1599249600000,,13608.003761506317,0,13608.003761506317
2020-09-08,1599595200000,,13236.193245606491,0,13236.193245606491
2020-09-09,1599681600000,,13497.573096133294,0,13497.573096133294
2020-09-10,1599768000000,,13263.205996213079,0,13263.205996213079
2020-09-11,1599854400000,,13269.958274671038,0,13269.958274671038
2020-09-14,1600113600000,,13444.740457039083,0,13444.740457039083
2020-09-15,1600200000000,,13512.668135874497,0,13512.668135874497
2020-09-16,1600286400000,,13459.041467625895,0,13459.041467625895
2020-09-17,1600372800000,,13340.665661675948,0,13340.665661675948
2020-09-18,1600459200000,,13134.501749964784,0,13134.501749964784
2020-09-21,1600718400000,,12988.32037651211,0,12988.32037651211
2020-09-22,1600804800000,,13120.598360084294,0,13120.598360084294
2020-09-23,1600891200000,,12816.319114571812,0,12816.319114571812
2020-09-24,1600977600000,,12850.48055208443,0,12850.48055208443
2020-09-25,1601064000000,,13058.233734362628,0,13058.233734362628
2020-09-28,1601323200000,,13275.122494820213,0,13275.122494820213
2020-09-29,1601409600000,,13202.825837248269,0,13202.825837248269
2020-09-30,1601496000000,,13302.929274581193,0,13302.929274581193
2020-10-01,1601582400000,,13388.334080620984,0,13388.334080620984
2020-10-02,1601668800000,,13261.219104939724,0,13261.219104939724
2020-10-05,1601928000000,,13496.38144627258,0,13496.38144627258
2020-10-06,1602014400000,,13304.517332889976,0,13304.517332889976
2020-10-07,1602100800000,,13536.104724640692,0,13536.104724640692
2020-10-08,1602187200000,,13656.068588899423,0,13656.068588899423
2020-10-09,1602273600000,,13778.019344431508,0,13778.019344431508
2020-10-12,1602532800000,,13999.674704331946,0,13999.674704331946
2020-10-13,1602619200000,,13908.311648988589,0,13908.311648988589
2020-10-14,1602705600000,,13820.91995167544,0,13820.91995167544
2020-10-15,1602792000000,,13803.839232919132,0,13803.839232919132
2020-10-16,1602878400000,,13795.497683894138,0,13795.497683894138
2020-10-19,1603137600000,,13585.758822600834,0,13585.758822600834
2020-10-20,1603224000000,,13640.179520003829,0,13640.179520003829
2020-10-21,1603310400000,,13614.359631516205,0,13614.359631516205
2020-10-22,1603396800000,,13689.038376551325,0,13689.038376551325
2020-10-23,1603483200000,,13735.515145635649,0,13735.515145635649
2020-10-26,1603742400000,,13481.6840272377,0,13481.6840272377
2020-10-27,1603828800000,,13435.207258153378,0,13435.207258153378
2020-10-28,1603915200000,,12976.006257198655,0,12976.006257198655
2020-10-29,1604001600000,,13107.88783232277,0,13107.88783232277
2020-10-30,1604088000000,,12971.239657755801,0,12971.239657755801
2020-11-02,1604350800000,,13116.627002054083,0,13116.627002054083
2020-11-03,1604437200000,,13348.213181546551,0,13348.213181546551
2020-11-04,1604523600000,,13646.535390013716,0,13646.535390013716
2020-11-05,1604610000000,,13912.68062772512,0,13912.68062772512
2020-11-06,1604696400000,,13909.503298849302,0,13909.503298849302
2020-11-09,1604955600000,,14084.285481217346,0,14084.285481217346
2020-11-10,1605042000000,,14063.629812878899,0,14063.629812878899
2020-11-11,1605128400000,,14168.102228948355,0,14168.102228948355
2020-11-12,1605214800000,,14030.658812968744,0,14030.658812968744
2020-11-13,1605301200000,,14224.906226072775,0,14224.906226072775
2020-11-16,1605560400000,,14402.469328868568,0,14402.469328868568
2020-11-17,1605646800000,,14325.008451147449,0,14325.008451147449
2020-11-18,1605733200000,,14152.609568500831,0,14152.609568500831
2020-11-19,1605819600000,,14212.194486053,0,14212.194486053
2020-11-20,1605906000000,,14114.871969147824,0,14114.871969147824
2020-11-23,1606165200000,,14199.482746033224,0,14199.482746033224
2020-11-24,1606251600000,,14428.289217356192,0,14428.289217356192
2020-11-25,1606338000000,,14406.044278450709,0,14406.044278450709
2020-11-27,1606510800000,,14446.165177525143,0,14446.165177525143
2020-11-30,1606770000000,,14382.210068978191,0,14382.210068978191
2020-12-01,1606856400000,,14539.513911883607,0,14539.513911883607
2020-12-02,1606942800000,,14570.101612072334,0,14570.101612072334
2020-12-03,1607029200000,,14566.129041783874,0,14566.129041783874
2020-12-04,1607115600000,,14691.654746898099,0,14691.654746898099
2020-12-07,1607374800000,,14661.464667415692,0,14661.464667415692
2020-12-08,1607461200000,,14704.366486917876,0,14704.366486917876
2020-12-09,1607547600000,,14572.484911793761,0,14572.484911793761
2020-12-10,1607634000000,,14567.718312350908,0,14567.718312350908
2020-12-11,1607720400000,,14550.636381336348,0,14550.636381336348
2020-12-14,1607979600000,,14485.490835186934,0,14485.490835186934
2020-12-15,1608066000000,,14681.326306599749,0,14681.326306599749
2020-12-16,1608152400000,,14704.366486917876,0,14704.366486917876
2020-12-17,1608238800000,,14786.592751823597,0,14786.592751823597
2020-12-18,1608325200000,,14665.039616997832,0,14665.039616997832
2020-12-21,1608584400000,,14612.604598609943,0,14612.604598609943
2020-12-22,1608670800000,,14587.976359983035,0,14587.976359983035
2020-12-23,1608757200000,,14601.085720709132,0,14601.085720709132
2020-12-24,1608843600000,,14657.889717833554,0,14657.889717833554
2020-12-28,1609189200000,,14783.8130436541,0,14783.8130436541
2020-12-29,1609275600000,,14755.608643186799,0,14755.608643186799
2020-12-30,1609362000000,,14776.66193223157,0,14776.66193223157
2020-12-31,1609448400000,,14851.739510231262,0,14851.739510231262
2021-01-04,1609794000000,,14649.54816880856,0,14649.54816880856
2021-01-05,1609880400000,,14750.444423037625,0,14750.444423037625
2021-01-06,1609966800000,,14838.630149505165,0,14838.630149505165
2021-01-07,1610053200000,,15059.09507180314,0,15059.09507180314
2021-01-08,1610139600000,,15144.897498549253,0,15144.897498549253
2021-01-11,1610398800000,,15042.808382201225,0,15042.808382201225
2021-01-12,1610485200000,,15045.985711077043,0,15045.985711077043
2021-01-13,1610571600000,,15086.504230857798,0,15086.504230857798
2021-01-14,1610658000000,,15033.671591763588,0,15033.671591763588
2021-01-15,1610744400000,,14924.036167803208,0,14924.036167803208
2021-01-19,1611090000000,,15041.21911163419,0,15041.21911163419
2021-01-20,1611176400000,,15249.36991461871,0,15249.36991461871
2021-01-21,1611262800000,,15263.272092240948,0,15263.272092240948
2021-01-22,1611349200000,,15209.249015544276,0,15209.249015544276
2021-01-25,1611608400000,,15269.231553802767,0,15269.231553802767
2021-01-26,1611694800000,,15245.39734433025,0,15245.39734433025
2021-01-27,1611781200000,,14872.792799276032,0,14872.792799276032
2021-01-28,1611867600000,,15000.701804111684,0,15000.701804111684
2021-01-29,1611954000000,,14700.393916629413,0,14700.393916629413
2021-02-01,1612213200000,,14945.089456847978,0,14945.089456847978
2021-02-02,1612299600000,,15156.416376450066,0,15156.416376450066
2021-02-03,1612386000000,,15168.33408731545,0,15168.33408731545
2021-02-04,1612472400000,,15340.73296996207,0,15340.73296996207
2021-02-05,1612558800000,,15401.11191666863,0,15401.11191666863
2021-02-08,1612818000000,,15512.337823454296,0,15512.337823454296
2021-02-09,1612904400000,,15502.009383155946,0,15502.009383155946
2021-02-10,1612990800000,,15495.255892439736,0,15495.255892439736
2021-02-11,1613077200000,,15520.281751772967,0,15520.281751772967
2021-02-12,1613163600000,,15596.948600339696,0,15596.948600339696
2021-02-16,1613509200000,,15583.441618907276,0,15583.441618907276
2021-02-17,1613595600000,,15587.017780747667,0,15587.017780747667
2021-02-18,1613682000000,,15520.67937247929,0,15520.67937247929
2021-02-19,1613768400000,,15493.27021342463,0,15493.27021342463
2021-02-22,1614027600000,,15374.100378320292,0,15374.100378320292
2021-02-23,1614114000000,,15392.770367643636,0,15392.770367643636
2021-02-24,1614200400000,,15562.388329862506,0,15562.388329862506
2021-02-25,1614286800000,,15187.400485086864,0,15187.400485086864
2021-02-26,1614373200000,,15109.145578211352,0,15109.145578211352
2021-03-01,1614632400000,,15475.39425325568,0,15475.39425325568
2021-03-02,1614718800000,,15354.636359842558,0,15354.636359842558
2021-03-03,1614805200000,,15151.253368559142,0,15151.253368559142
2021-03-04,1614891600000,,14963.75944617132,0,14963.75944617132
2021-03-05,1614978000000,,15239.04147432036,0,15239.04147432036
2021-03-08,1615237200000,,15163.169867166276,0,15163.169867166276
2021-03-09,1615323600000,,15379.662219175789,0,15379.662219175789
2021-03-10,1615410000000,,15475.39425325568,0,15475.39425325568
2021-03-11,1615496400000,,15632.301687713025,0,15632.301687713025
2021-03-12,1615582800000,,15653.354976757795,0,15653.354976757795
2021-03-15,1615838400000,,15746.70492337451,0,15746.70492337451
2021-03-16,1615924800000,,15726.843284190454,0,15726.843284190454
2021-03-17,1616011200000,,15780.469952439056,0,15780.469952439056
2021-03-18,1616097600000,,15550.869451961695,0,15550.869451961695
2021-03-19,1616184000000,,15471.422895225469,0,15471.422895225469
2021-03-22,1616443200000,,15594.96170906634,0,15594.96170906634
2021-03-23,1616529600000,,15472.216924379862,0,15472.216924379862
2021-03-24,1616616000000,,15393.564396798029,0,15393.564396798029
2021-03-25,1616702400000,,15480.162064956785,0,15480.162064956785
2021-03-26,1616788800000,,15729.624204618201,0,15729.624204618201
2021-03-29,1617048000000,,15721.679064041278,0,15721.679064041278
2021-03-30,1617134400000,,15679.97010665806,0,15679.97010665806
2021-03-31,1617220800000,,15743.52638224044,0,15743.52638224044
2021-04-01,1617307200000,,15913.541965165632,0,15913.541965165632
2021-04-05,1617652800000,,16141.95081578228,0,16141.95081578228
2021-04-06,1617739200000,,16132.417616896573,0,16132.417616896573
2021-04-07,1617825600000,,16151.087606219915,0,16151.087606219915
2021-04-08,1617912000000,,16227.753242528393,0,16227.753242528393
2021-04-09,1617998400000,,16345.731427772018,0,16345.731427772018
2021-04-12,1618257600000,,16351.690889333835,0,16351.690889333835
2021-04-13,1618344000000,,16400.152125175013,0,16400.152125175013
2021-04-14,1618430400000,,16344.143369463234,0,16344.143369463234
2021-04-15,1618516800000,,16519.71958098567,0,16519.71958098567
2021-04-16,1618603200000,,16574.935519801307,0,16574.935519801307
2021-04-19,1618862400000,,16493.502071791725,0,16493.502071791725
2021-04-20,1618948800000,,16372.744178378605,0,16372.744178378605
2021-04-21,1619035200000,,16527.664721562593,0,16527.664721562593
2021-04-22,1619121600000,,16376.715536408816,0,16376.715536408816
2021-04-23,1619208000000,,16554.278639204607,0,16554.278639204607
2021-04-26,1619467200000,,16588.837697423547,0,16588.837697423547
2021-04-27,1619553600000,,16585.262747841407,0,16585.262747841407
2021-04-28,1619640000000,,16580.496148398553,0,16580.496148398553
2021-04-29,1619726400000,,16686.160214328724,0,16686.160214328724
2021-04-30,1619812800000,,16576.523578110093,0,16576.523578110093
2021-05-03,1620072000000,,16612.275498447994,0,16612.275498447994
2021-05-04,1620158400000,,16509.788761393644,0,16509.788761393644
2021-05-05,1620244800000,,16514.952981542818,0,16514.952981542818
2021-05-06,1620331200000,,16646.83455666693,0,16646.83455666693
2021-05-07,1620417600000,,16767.990070786374,0,16767.990070786374
2021-05-10,1620676800000,,16601.947058149643,0,16601.947058149643
2021-05-11,1620763200000,,16453.778793423615,0,16453.778793423615
2021-05-12,1620849600000,,16104.214428687523,0,16104.214428687523
2021-05-13,1620936000000,,16297.66660037891,0,16297.66660037891
2021-05-14,1621022400000,,16547.92276919472,0,16547.92276919472
2021-05-17,1621281600000,,16505.81619110518,0,16505.81619110518
2021-05-18,1621368000000,,16363.607387940969,0,16363.607387940969
2021-05-19,1621454400000,,16320.705568438787,0,16320.705568438787
2021-05-20,1621540800000,,16496.282992219476,0,16496.282992219476
2021-05-21,1621627200000,,16482.777223045305,0,16482.777223045305
2021-05-24,1621886400000,,16650.80712695539,0,16650.80712695539
2021-05-25,1621972800000,,16613.863556756776,0,16613.863556756776
2021-05-26,1622059200000,,16646.83455666693,0,16646.83455666693
2021-05-27,1622145600000,,16655.573726398245,0,16655.573726398245
2021-05-28,1622232000000,,16685.36618517433,0,16685.36618517433
2021-06-01,1622577600000,,16670.66876613945,0,16670.66876613945
2021-06-02,1622664000000,,16696.885063075144,0,16696.885063075144
2021-06-03,1622750400000,,16634.91684580155,0,16634.91684580155
2021-06-04,1622836800000,,16787.05768081604,0,16787.05768081604
2021-06-07,1623096000000,,16770.77099121412,0,16770.77099121412
2021-06-08,1623182400000,,16774.345940796262,0,16774.345940796262
2021-06-09,1623268800000,,16749.320081463033,0,16749.320081463033
2021-06-10,1623355200000,,16827.177367632223,0,16827.177367632223
2021-06-11,1623441600000,,16854.984147393203,0,16854.984147393203
2021-06-14,1623700800000,,16892.721746746207,0,16892.721746746207
2021-06-15,1623787200000,,16861.73763810941,0,16861.73763810941
2021-06-16,1623873600000,,16767.592450080054,0,16767.592450080054
2021-06-17,1623960000000,,16762.031821482808,0,16762.031821482808
2021-06-18,1624046400000,,16481.983193890916,0,16481.983193890916
2021-06-21,1624305600000,,16717.938352119912,0,16717.938352119912
2021-06-22,1624392000000,,16807.315728448164,0,16807.315728448164
2021-06-23,1624478400000,,16787.05768081604,0,16787.05768081604
2021-06-24,1624564800000,,16886.36587673632,0,16886.36587673632
2021-06-25,1624651200000,,16946.34720273656,0,16946.34720273656
2021-06-28,1624910400000,,16980.509852507428,0,16980.509852507428
2021-06-29,1624996800000,,16989.646642945063,0,16989.646642945063
2021-06-30,1625083200000,,17003.946441273623,0,17003.946441273623
2021-07-01,1625169600000,,17098.090417044732,0,17098.090417044732
2021-07-02,1625256000000,,17228.78034230813,0,17228.78034230813
2021-07-06,1625601600000,,17197.39861296501,0,17197.39861296501
2021-07-07,1625688000000,,17258.175180377893,0,17258.175180377893
2021-07-08,1625774400000,,17117.555647780715,0,17117.555647780715
2021-07-09,1625860800000,,17300.281758467434,0,17300.281758467434
2021-07-12,1626120000000,,17362.24997574103,0,17362.24997574103
2021-07-13,1626206400000,,17303.06267889518,0,17303.06267889518
2021-07-14,1626292800000,,17328.882567382803,0,17328.882567382803
2021-07-15,1626379200000,,17269.69527053696,0,17269.69527053696
2021-07-16,1626465600000,,17134.238745830702,0,17134.238745830702
2021-07-19,1626724800000,,16881.201656587145,0,16881.201656587145
2021-07-20,1626811200000,,17123.11627637796,0,17123.11627637796
2021-07-21,1626897600000,,17261.750129960034,0,17261.750129960034
2021-07-22,1626984000000,,17297.898458746007,0,17297.898458746007
2021-07-23,1627070400000,,17475.85918224812,0,17475.85918224812
2021-07-26,1627329600000,,17518.75978949205,0,17518.75978949205
2021-07-27,1627416000000,,17438.91682430776,0,17438.91682430776
2021-07-28,1627502400000,,17431.765712885226,0,17431.765712885226
2021-07-29,1627588800000,,17504.06237045717,0,17504.06237045717
2021-07-30,1627675200000,,17419.0551851237,0,17419.0551851237
2021-08-02,1627934400000,,17382.509235631405,0,17382.509235631405
2021-08-03,1628020800000,,17523.92400964123,0,17523.92400964123
2021-08-04,1628107200000,,17437.725174447045,0,17437.725174447045
2021-08-05,1628193600000,,17548.155839820065,0,17548.155839820065
2021-08-06,1628280000000,,17577.153057183506,0,17577.153057183506
2021-08-09,1628539200000,,17562.85325885495,0,17562.85325885495
2021-08-10,1628625600000,,17584.70057705411,0,17584.70057705411
2021-08-11,1628712000000,,17628.396425710685,0,17628.396425710685
2021-08-12,1628798400000,,17681.227852546643,0,17681.227852546643
2021-08-13,1628884800000,,17713.404823302404,0,17713.404823302404
2021-08-16,1629144000000,,17755.113780685624,0,17755.113780685624
2021-08-17,1629230400000,,17638.724866009034,0,17638.724866009034
2021-08-18,1629316800000,,17445.669102765714,0,17445.669102765714
2021-08-19,1629403200000,,17472.680641114053,0,17472.680641114053
2021-08-20,1629489600000,,17611.712115402446,0,17611.712115402446
2021-08-23,1629748800000,,17766.633870844686,0,17766.633870844686
2021-08-24,1629835200000,,17794.837059053734,0,17794.837059053734
2021-08-25,1629921600000,,17832.17703770042,0,17832.17703770042
2021-08-26,1630008000000,,17726.91059247657,0,17726.91059247657
2021-08-27,1630094400000,,17885.406085242703,0,17885.406085242703
2021-08-30,1630353600000,,17964.058612824534,0,17964.058612824534
2021-08-31,1630440000000,,17937.44348292427,0,17937.44348292427
2021-09-01,1630526400000,,17946.976681809978,0,17946.976681809978
2021-09-02,1630612800000,,18002.192620625614,0,18002.192620625614
2021-09-03,1630699200000,,17997.82242963083,0,17997.82242963083
2021-09-07,1631044800000,,17933.470912635807,0,17933.470912635807
2021-09-08,1631131200000,,17911.623594436645,0,17911.623594436645
2021-09-09,1631217600000,,17834.95795812817,0,17834.95795812817
2021-09-10,1631304000000,,17694.33721327274,0,17694.33721327274
2021-09-13,1631563200000,,17739.6211202381,0,17739.6211202381
2021-09-14,1631649600000,,17643.889086158208,0,17643.889086158208
2021-09-15,1631736000000,,17791.262109471594,0,17791.262109471594
2021-09-16,1631822400000,,17763.058921262545,0,17763.058921262545
2021-09-17,1631908800000,,17533.854829233256,0,17533.854829233256
2021-09-20,1632168000000,,17241.492082327906,0,17241.492082327906
2021-09-21,1632254400000,,17225.20539272599,0,17225.20539272599
2021-09-22,1632340800000,,17393.234084377826,0,17393.234084377826
2021-09-23,1632427200000,,17604.562216238166,0,17604.562216238166
2021-09-24,1632513600000,,17633.56064585986,0,17633.56064585986
2021-09-27,1632772800000,,17583.112518745325,0,17583.112518745325
2021-09-28,1632859200000,,17228.78034230813,0,17228.78034230813
2021-09-29,1632945600000,,17257.778771929825,0,17257.778771929825
2021-09-30,1633032000000,,17046.848260775805,0,17046.848260775805
2021-10-01,1633118400000,,17249.43601064658,0,17249.43601064658
2021-10-04,1633377600000,,17026.98662159175,0,17026.98662159175
2021-10-05,1633464000000,,17204.152103681223,0,17204.152103681223
2021-10-06,1633550400000,,17275.653519840525,0,17275.653519840525
2021-10-07,1633636800000,,17425.013434427266,0,17425.013434427266
2021-10-08,1633723200000,,17393.234084377826,0,17393.234084377826
2021-10-11,1633982400000,,17267.311970815532,0,17267.311970815532
2021-10-12,1634068800000,,17224.80777201967,0,17224.80777201967
2021-10-13,1634155200000,,17286.775989293266,0,17286.775989293266
2021-10-14,1634241600000,,17577.55067788983,0,17577.55067788983
2021-10-15,1634328000000,,17711.41793202905,0,17711.41793202905
2021-10-18,1634587200000,,17763.85295041694,0,17763.85295041694
2021-10-19,1634673600000,,17900.898745690225,0,17900.898745690225
2021-10-20,1634760000000,,17971.208511988814,0,17971.208511988814
2021-10-21,1634846400000,,18018.08168952121,0,18018.08168952121
2021-10-22,1634932800000,,17999.411700197867,0,17999.411700197867
2021-10-25,1635192000000,,18095.9389756904,0,18095.9389756904
2021-10-26,1635278400000,,18112.225665292313,0,18112.225665292313
2021-10-27,1635364800000,,18031.985079401697,0,18031.985079401697
2021-10-28,1635451200000,,18205.97323261535,0,18205.97323261535
2021-10-29,1635537600000,,18242.915590555716,0,18242.915590555716
2021-11-01,1635796800000,,18274.297319898837,0,18274.297319898837
2021-11-02,1635883200000,,18348.182035779562,0,18348.182035779562
2021-11-03,1635969600000,,18460.201971719624,0,18460.201971719624
2021-11-04,1636056000000,,18547.19604832645,0,18547.19604832645
2021-11-05,1636142400000,,18611.54756532147,0,18611.54756532147
2021-11-08,1636405200000,,18627.436634217065,0,18627.436634217065
2021-11-09,1636491600000,,18565.86603764979,0,18565.86603764979
2021-11-10,1636578000000,,18416.50612306305,0,18416.50612306305
2021-11-11,1636664400000,,18422.464372366616,0,18422.464372366616
2021-11-12,1636750800000,,18561.49584665501,0,18561.49584665501
2021-11-15,1637010000000,,18567.851716664896,0,18567.851716664896
2021-11-16,1637096400000,,18641.340024097557,0,18641.340024097557
2021-11-17,1637182800000,,18596.056117132197,0,18596.056117132197
2021-11-18,1637269200000,,18659.215984266506,0,18659.215984266506
2021-11-19,1637355600000,,18625.848575908283,0,18625.848575908283
2021-11-22,1637614800000,,18573.413557520395,0,18573.413557520395
2021-11-23,1637701200000,,18598.041796147303,0,18598.041796147303
2021-11-24,1637787600000,,18647.695894107444,0,18647.695894107444
2021-11-26,1637960400000,,18231.793121102975,0,18231.793121102975
2021-11-29,1638219600000,,18455.43537227677,0,18455.43537227677
2021-11-30,1638306000000,,18096.33659639672,0,18096.33659639672
2021-12-01,1638392400000,,17895.33690483473,0,17895.33690483473
2021-12-02,1638478800000,,18169.427283123056,0,18169.427283123056
2021-12-03,1638565200000,,18011.32941106325,0,18011.32941106325
2021-12-06,1638824400000,,18224.643221938695,0,18224.643221938695
2021-12-07,1638910800000,,18601.616745729443,0,18601.616745729443
2021-12-08,1638997200000,,18650.87322298326,0,18650.87322298326
2021-12-09,1639083600000,,18524.951109420967,0,18524.951109420967
2021-12-10,1639170000000,,18699.33567108269,0,18699.33567108269
2021-12-13,1639429200000,,18533.69027915228,0,18533.69027915228
2021-12-14,1639515600000,,18406.177682764697,0,18406.177682764697
2021-12-15,1639602000000,,18693.775042485446,0,18693.775042485446
2021-12-16,1639688400000,,18528.923679709427,0,18528.923679709427
2021-12-17,1639774800000,,18267.543829182625,0,18267.543829182625
2021-12-20,1640034000000,,18073.297628336844,0,18073.297628336844
2021-12-21,1640120400000,,18394.261184157564,0,18394.261184157564
2021-12-22,1640206800000,,18578.180156963248,0,18578.180156963248
2021-12-23,1640293200000,,18693.775042485446,0,18693.775042485446
2021-12-27,1640638800000,,18958.332221888064,0,18958.332221888064
2021-12-28,1640725200000,,18942.839561440538,0,18942.839561440538
2021-12-29,1640811600000,,18967.071391619378,0,18967.071391619378
2021-12-30,1640898000000,,18914.63637323149,0,18914.63637323149
2021-12-31,1640984400000,,18866.967954286454,0,18866.967954286454
2022-01-03,1641243600000,,18976.206969798764,0,18976.206969798764
2022-01-04,1641330000000,,18969.851099788877,0,18969.851099788877
2022-01-05,1641416400000,,18605.589316017904,0,18605.589316017904
2022-01-06,1641502800000,,18588.110976555276,0,18588.110976555276
2022-01-07,1641589200000,,18514.622669122615,0,18514.622669122615
2022-01-10,1641848400000,,18491.58370106274,0,18491.58370106274
2022-01-11,1641934800000,,18660.0100134209,0,18660.0100134209
2022-01-12,1642021200000,,18710.45814053543,0,18710.45814053543
2022-01-13,1642107600000,,18452.65445184902,0,18452.65445184902
2022-01-14,1642194000000,,18460.201971719624,0,18460.201971719624
2022-01-18,1642539600000,,18133.278954337085,0,18133.278954337085
2022-01-19,1642626000000,,17944.99100279487,0,17944.99100279487
2022-01-20,1642712400000,,17746.37461095431,0,17746.37461095431
2022-01-21,1642798800000,,17398.00189607893,0,17398.00189607893
2022-01-24,1643058000000,,17471.88661195966,0,17471.88661195966
2022-01-25,1643144400000,,17258.572801084214,0,17258.572801084214
2022-01-26,1643230800000,,17215.274573133964,0,17215.274573133964
2022-01-27,1643317200000,,17130.26617554224,0,17130.26617554224
2022-01-28,1643403600000,,17555.70335969067,0,17555.70335969067
2022-01-31,1643662800000,,17871.900316068535,0,17871.900316068535
2022-02-01,1643749200000,,17992.659421739907,0,17992.659421739907
2022-02-02,1643835600000,,18167.441604107953,0,18167.441604107953
2022-02-03,1643922000000,,17740.416361650743,0,17740.416361650743
2022-02-04,1644008400000,,17823.835488675428,0,17823.835488675428
2022-02-07,1644267600000,,17766.633870844686,0,17766.633870844686
2022-02-08,1644354000000,,17912.81524429736,0,17912.81524429736
2022-02-09,1644440400000,,18174.989123978554,0,18174.989123978554
2022-02-10,1644526800000,,17848.463727302336,0,17848.463727302336
2022-02-11,1644613200000,,17496.51485058657,0,17496.51485058657
2022-02-14,1644872400000,,17439.313232755827,0,17439.313232755827
2022-02-15,1644958800000,,17720.554722466684,0,17720.554722466684
2022-02-16,1645045200000,,17740.416361650743,0,17740.416361650743
2022-02-17,1645131600000,,17361.455946586637,0,17361.455946586637
2022-02-18,1645218000000,,17249.039602198507,0,17249.039602198507
2022-02-22,1645563600000,,17063.928979532113,0,17063.928979532113
2022-02-23,1645650000000,,16761.237792328415,0,16761.237792328415
2022-02-24,1645736400000,,17013.47964015933,0,17013.47964015933
2022-02-25,1645822800000,,17388.865105641296,0,17388.865105641296
2022-02-28,1646082000000,,17344.37522783033,0,17344.37522783033
2022-03-01,1646168400000,,17080.21566913403,0,17080.21566913403
2022-03-02,1646254800000,,17394.42694649679,0,17394.42694649679
2022-03-03,1646341200000,,17307.829278338035,0,17307.829278338035
2022-03-04,1646427600000,,17167.209745740856,0,17167.209745740856
2022-03-07,1646686800000,,16661.13435499549,0,16661.13435499549
2022-03-08,1646773200000,,16534.814620726873,0,16534.814620726873
2022-03-09,1646859600000,,16978.126552786,0,16978.126552786
2022-03-10,1646946000000,,16901.460916477525,0,16901.460916477525
2022-03-11,1647032400000,,16686.557835035044,0,16686.557835035044
2022-03-14,1647288000000,,16564.60707950296,0,16564.60707950296
2022-03-15,1647374400000,,16928.87007553218,0,16928.87007553218
2022-03-16,1647460800000,,17304.254328755895,0,17304.254328755895
2022-03-17,1647547200000,,17520.74668076541,0,17520.74668076541
2022-03-18,1647633600000,,17657.791263780447,0,17657.791263780447
2022-03-21,1647892800000,,17652.628255889522,0,17652.628255889522
2022-03-22,1647979200000,,17859.188576048757,0,17859.188576048757
2022-03-23,1648065600000,,17629.190454865075,0,17629.190454865075
2022-03-24,1648152000000,,17894.93928412841,0,17894.93928412841
2022-03-25,1648238400000,,17982.33098144156,0,17982.33098144156
2022-03-28,1648497600000,,18110.23998627721,0,18110.23998627721
2022-03-29,1648584000000,,18334.278645899074,0,18334.278645899074
2022-03-30,1648670400000,,18221.068272356555,0,18221.068272356555
2022-03-31,1648756800000,,17940.62202405834,0,17940.62202405834
2022-04-01,1648843200000,,17991.467771879194,0,17991.467771879194
2022-04-04,1649102400000,,18145.59307365054,0,18145.59307365054
2022-04-05,1649188800000,,17916.3901938795,0,17916.3901938795
2022-04-06,1649275200000,,17737.23782051667,0,17737.23782051667
2022-04-07,1649361600000,,17826.615196844927,0,17826.615196844927
2022-04-08,1649448000000,,17778.94799015814,0,17778.94799015814
2022-04-11,1649707200000,,17475.06515309373,0,17475.06515309373
2022-04-12,1649793600000,,17410.316015392385,0,17410.316015392385
2022-04-13,1649880000000,,17609.72643638734,0,17609.72643638734
2022-04-14,1649966400000,,17390.45437620833,0,17390.45437620833
2022-04-18,1650312000000,,17397.60427537261,0,17397.60427537261
2022-04-19,1650398400000,,17678.448144377147,0,17678.448144377147
2022-04-20,1650484800000,,17665.33878365105,0,17665.33878365105
2022-04-21,1650571200000,,17401.17922495475,0,17401.17922495475
2022-04-22,1650657600000,,16923.705855383007,0,16923.705855383007
2022-04-25,1650916800000,,17021.822401442576,0,17021.822401442576
2022-04-26,1651003200000,,16528.856371423306,0,16528.856371423306
2022-04-27,1651089600000,,16575.33192824938,0,16575.33192824938
2022-04-28,1651176000000,,16994.015621681596,0,16994.015621681596
2022-04-29,1651262400000,,16365.990687662395,0,16365.990687662395
2022-05-02,1651521600000,,16464.504854428284,0,16464.504854428284
2022-05-03,1651608000000,,16539.978840876047,0,16539.978840876047
2022-05-04,1651694400000,,17043.669719641737,0,17043.669719641737
2022-05-05,1651780800000,,16437.88972452802,0,16437.88972452802
2022-05-06,1651867200000,,16339.773178468451,0,16339.773178468451
2022-05-09,1652126400000,,15816.618281225028,0,15816.618281225028
2022-05-10,1652212800000,,15853.16301845907,0,15853.16301845907
2022-05-11,1652299200000,,15601.317579076227,0,15601.317579076227
2022-05-12,1652385600000,,15585.03088947431,0,15585.03088947431
2022-05-13,1652472000000,,15957.635434528527,0,15957.635434528527
2022-05-16,1652731200000,,15892.886296827184,0,15892.886296827184
2022-05-17,1652817600000,,16219.80931420972,0,16219.80931420972
2022-05-18,1652904000000,,15565.963279444646,0,15565.963279444646
2022-05-19,1652990400000,,15470.627653812826,0,15470.627653812826
2022-05-20,1653076800000,,15477.381144529036,0,15477.381144529036
2022-05-23,1653336000000,,15766.964183264887,0,15766.964183264887
2022-05-24,1653422400000,,15646.602698299836,0,15646.602698299836
2022-05-25,1653508800000,,15784.838931175587,0,15784.838931175587
2022-05-26,1653595200000,,16100.241858399062,0,16100.241858399062
2022-05-27,1653681600000,,16495.488963065083,0,16495.488963065083
2022-05-31,1654027200000,,16402.93304560276,0,16402.93304560276
2022-06-01,1654113600000,,16270.257441324253,0,16270.257441324253
2022-06-02,1654200000000,,16580.09973995048,0,16580.09973995048
2022-06-03,1654286400000,,16307.99504067726,0,16307.99504067726
2022-06-06,1654545600000,,16357.649138637402,0,16357.649138637402
2022-06-07,1654632000000,,16514.555360836497,0,16514.555360836497
2022-06-08,1654718400000,,16335.006579025598,0,16335.006579025598
2022-06-09,1654804800000,,15946.512965075786,0,15946.512965075786
2022-06-10,1654891200000,,15484.133422986995,0,15484.133422986995
2022-06-13,1655150400000,,14896.22938804223,0,14896.22938804223
2022-06-14,1655236800000,,14851.341889524942,0,14851.341889524942
2022-06-15,1655323200000,,15063.067642091602,0,15063.067642091602
2022-06-16,1655409600000,,14564.539771216838,0,14564.539771216838
2022-06-17,1655496000000,,14533.15804187372,0,14533.15804187372
2022-06-21,1655841600000,,14899.010308469977,0,14899.010308469977
2022-06-22,1655928000000,,14871.99877012164,0,14871.99877012164
2022-06-23,1656014400000,,15017.782522867992,0,15017.782522867992
2022-06-24,1656100800000,,15495.255892439736,0,15495.255892439736
2022-06-27,1656360000000,,15436.068595593888,0,15436.068595593888
2022-06-28,1656446400000,,15120.665668370415,0,15120.665668370415
2022-06-29,1656532800000,,15108.351549056959,0,15108.351549056959
2022-06-30,1656619200000,,14985.606764370483,0,14985.606764370483
2022-07-01,1656705600000,,15144.10225713661,0,15144.10225713661
2022-07-05,1657051200000,,15172.703066051981,0,15172.703066051981
2022-07-06,1657137600000,,15223.946434579158,0,15223.946434579158
2022-07-07,1657224000000,,15451.957664489484,0,15451.957664489484
2022-07-08,1657310400000,,15439.247136727958,0,15439.247136727958
2022-07-11,1657569600000,,15262.875683792878,0,15262.875683792878
2022-07-12,1657656000000,,15127.815567534695,0,15127.815567534695
2022-07-13,1657742400000,,15048.36901079847,0,15048.36901079847
2022-07-14,1657828800000,,15011.824273564427,0,15011.824273564427
2022-07-15,1657915200000,,15298.626391872529,0,15298.626391872529
2022-07-18,1658174400000,,15172.306657603911,0,15172.306657603911
2022-07-19,1658260800000,,15582.249969046563,0,15582.249969046563
2022-07-20,1658347200000,,15681.558164966844,0,15681.558164966844
2022-07-21,1658433600000,,15841.246519851939,0,15841.246519851939
2022-07-22,1658520000000,,15694.26990498662,0,15694.26990498662
2022-07-25,1658779200000,,15713.337515016285,0,15713.337515016285
2022-07-26,1658865600000,,15527.432863195498,0,15527.432863195498
2022-07-27,1658952000000,,15930.623896180192,0,15930.623896180192
2022-07-28,1659038400000,,16130.431937881467,0,16130.431937881467
2022-07-29,1659124800000,,16365.593066956073,0,16365.593066956073
2022-08-01,1659384000000,,16317.130618856647,0,16317.130618856647
2022-08-02,1659470400000,,16209.48087391137,0,16209.48087391137
2022-08-03,1659556800000,,16463.31320456757,0,16463.31320456757
2022-08-04,1659643200000,,16452.19073511483,0,16452.19073511483
2022-08-05,1659729600000,,16424.38395535385,0,16424.38395535385
2022-08-08,1659988800000,,16405.316345324187,0,16405.316345324187
2022-08-09,1660075200000,,16340.170799174772,0,16340.170799174772
2022-08-10,1660161600000,,16683.379293900973,0,16683.379293900973
2022-08-11,1660248000000,,16683.379293900973,0,16683.379293900973
2022-08-12,1660334400000,,16965.812433472547,0,16965.812433472547
2022-08-15,1660593600000,,17035.724579064812,0,17035.724579064812
2022-08-16,1660680000000,,17069.093199681287,0,17069.093199681287
2022-08-17,1660766400000,,16947.936473303595,0,16947.936473303595
2022-08-18,1660852800000,,16997.194162815664,0,16997.194162815664
2022-08-19,1660939200000,,16768.785312199016,0,16768.785312199016
2022-08-22,1661198400000,,16419.617355910996,0,16419.617355910996
2022-08-23,1661284800000,,16379.894077542885,0,16379.894077542885
2022-08-24,1661371200000,,16432.329095930774,0,16432.329095930774
2022-08-25,1661457600000,,16664.312896129562,0,16664.312896129562
2022-08-26,1661544000000,,16100.241858399062,0,16100.241858399062
2022-08-29,1661803200000,,15993.7837633145,0,15993.7837633145
2022-08-30,1661889600000,,15818.206339533812,0,15818.206339533812
2022-08-31,1661976000000,,15697.84485456876,0,15697.84485456876
2022-09-01,1662062400000,,15747.102544080832,0,15747.102544080832
2022-09-02,1662148800000,,15581.05831918585,0,15581.05831918585
2022-09-06,1662494400000,,15522.268643046324,0,15522.268643046324
2022-09-07,1662580800000,,15801.125620777504,0,15801.125620777504
2022-09-08,1662667200000,,15904.406386986248,0,15904.406386986248
2022-09-09,1662753600000,,16151.485226926237,0,16151.485226926237
2022-09-12,1663012800000,,16325.075759433568,0,16325.075759433568
2022-09-13,1663099200000,,15615.220968956717,0,15615.220968956717
2022-09-14,1663185600000,,15674.805886508886,0,15674.805886508886
2022-09-15,1663272000000,,15496.84516300677,0,15496.84516300677
2022-09-16,1663358400000,,15315.707110628837,0,15315.707110628837
2022-09-19,1663617600000,,15434.479325026854,0,15434.479325026854
2022-09-20,1663704000000,,15257.313842937381,0,15257.313842937381
2022-09-21,1663790400000,,14991.168605225977,0,14991.168605225977
2022-09-22,1663876800000,,14865.245279405432,0,14865.245279405432
2022-09-23,1663963200000,,14616.180760450336,0,14616.180760450336
2022-09-26,1664222400000,,14471.587445306444,0,14471.587445306444
2022-09-27,1664308800000,,14434.64508736608,0,14434.64508736608
2022-09-28,1664395200000,,14718.666285246436,0,14718.666285246436
2022-09-29,1664481600000,,14411.208498599884,0,14411.208498599884
2022-09-30,1664568000000,,14188.36027658048,0,14188.36027658048
2022-10-03,1664827200000,,14562.950500649804,0,14562.950500649804
2022-10-04,1664913600000,,15014.207573285854,0,15014.207573285854
2022-10-05,1665000000000,,14979.250894360594,0,14979.250894360594
2022-10-06,1665086400000,,14824.727971882927,0,14824.727971882927
2022-10-07,1665172800000,,14411.208498599884,0,14411.208498599884
2022-10-10,1665432000000,,14301.174241674931,0,14301.174241674931
2022-10-11,1665518400000,,14210.605215485964,0,14210.605215485964
2022-10-12,1665604800000,,14163.732037953572,0,14163.732037953572
2022-10-13,1665691200000,,14537.528232868503,0,14537.528232868503
2022-10-14,1665777600000,,14206.236236749433,0,14206.236236749433
2022-10-17,1666036800000,,14571.293261933048,0,14571.293261933048
2022-10-18,1666123200000,,14742.500494718954,0,14742.500494718954
2022-10-19,1666209600000,,14638.028078649497,0,14638.028078649497
2022-10-20,1666296000000,,14515.283293963019,0,14515.283293963019
2022-10-21,1666382400000,,14868.026199833179,0,14868.026199833179
2022-10-24,1666641600000,,15049.958281365503,0,15049.958281365503
2022-10-25,1666728000000,,15290.284842847535,0,15290.284842847535
2022-10-26,1666814400000,,15175.086365773408,0,15175.086365773408
2022-10-27,1666900800000,,15094.0517507284,0,15094.0517507284
2022-10-28,1666987200000,,15453.149314350198,0,15453.149314350198
2022-10-31,1667246400000,,15341.52699911646,0,15341.52699911646
2022-11-01,1667332800000,,15274.39456169369,0,15274.39456169369
2022-11-02,1667419200000,,14891.065167893054,0,14891.065167893054
2022-11-03,1667505600000,,14737.7338952761,0,14737.7338952761
2022-11-04,1667592000000,,14949.856056290831,0,14949.856056290831
2022-11-07,1667854800000,,15092.860100867687,0,15092.860100867687
2022-11-08,1667941200000,,15174.292336619017,0,15174.292336619017
2022-11-09,1668027600000,,14861.670329823291,0,14861.670329823291
2022-11-10,1668114000000,,15678.380836091026,0,15678.380836091026
2022-11-11,1668200400000,,15830.124050399196,0,15830.124050399196
2022-11-14,1668459600000,,15695.461554847334,0,15695.461554847334
2022-11-15,1668546000000,,15829.328808986553,0,15829.328808986553
2022-11-16,1668632400000,,15708.570915573431,0,15708.570915573431
2022-11-17,1668718800000,,15660.504875922075,0,15660.504875922075
2022-11-18,1668805200000,,15731.609883633306,0,15731.609883633306
2022-11-21,1669064400000,,15674.408265802564,0,15674.408265802564
2022-11-22,1669150800000,,15885.338776956582,0,15885.338776956582
2022-11-23,1669237200000,,15985.442214289507,0,15985.442214289507
2022-11-25,1669410000000,,15981.866052449115,0,15981.866052449115
2022-11-28,1669669200000,,15726.843284190454,0,15726.843284190454
2022-11-29,1669755600000,,15699.831745842117,0,15699.831745842117
2022-11-30,1669842000000,,16194.385834170169,0,16194.385834170169
2022-12-01,1669928400000,,16182.469335563035,0,16182.469335563035
2022-12-02,1670014800000,,16163.799346239692,0,16163.799346239692
2022-12-05,1670274000000,,15873.024657643127,0,15873.024657643127
2022-12-06,1670360400000,,15644.218186320159,0,15644.218186320159
2022-12-07,1670446800000,,15617.604268678144,0,15617.604268678144
2022-12-08,1670533200000,,15739.9514326583,0,15739.9514326583
2022-12-09,1670619600000,,15622.370868120997,0,15622.370868120997
2022-12-12,1670878800000,,15847.602389861826,0,15847.602389861826
2022-12-13,1670965200000,,15967.566254120555,0,15967.566254120555
2022-12-14,1671051600000,,15865.477137772526,0,15865.477137772526
2022-12-15,1671138000000,,15477.381144529036,0,15477.381144529036
2022-12-16,1671224400000,,15224.74046373355,0,15224.74046373355
2022-12-19,1671483600000,,15095.639809037184,0,15095.639809037184
2022-12-20,1671570000000,,15116.296689633882,0,15116.296689633882
2022-12-21,1671656400000,,15342.322240529104,0,15342.322240529104
2022-12-22,1671742800000,,15123.446588798162,0,15123.446588798162
2022-12-23,1671829200000,,15210.440665404989,0,15210.440665404989
2022-12-27,1672174800000,,15150.4581271465,0,15150.4581271465
2022-12-28,1672261200000,,14962.170175604286,0,14962.170175604286
2022-12-29,1672347600000,,15231.49395444976,0,15231.49395444976
2022-12-30,1672434000000,,15191.373055375325,0,15191.373055375325
2023-01-03,1672779600000,,15127.419159086625,0,15127.419159086625
2023-01-04,1672866000000,,15244.205694469536,0,15244.205694469536
2023-01-05,1672952400000,,15070.217541255883,0,15070.217541255883
2023-01-06,1673038800000,,15415.80933570351,0,15415.80933570351
2023-01-09,1673298000000,,15407.070165972196,0,15407.070165972196
2023-01-10,1673384400000,,15515.117531623793,0,15515.117531623793
2023-01-11,1673470800000,,15711.350623742928,0,15711.350623742928
2023-01-12,1673557200000,,15768.55224157367,0,15768.55224157367
2023-01-13,1673643600000,,15829.726429692875,0,15829.726429692875
2023-01-17,1673989200000,,15800.728000071182,0,15800.728000071182
2023-01-18,1674075600000,,15551.265860409765,0,15551.265860409765
2023-01-19,1674162000000,,15438.055486867244,0,15438.055486867244
2023-01-20,1674248400000,,15725.65163432974,0,15725.65163432974
2023-01-23,1674507600000,,15914.337206578275,0,15914.337206578275
2023-01-24,1674594000000,,15897.256487821967,0,15897.256487821967
2023-01-25,1674680400000,,15903.214737125534,0,15903.214737125534
2023-01-26,1674766800000,,16077.996919493578,0,16077.996919493578
2023-01-27,1674853200000,,16114.939277433943,0,16114.939277433943
2023-01-30,1675112400000,,15912.74793601124,0,15912.74793601124
2023-01-31,1675198800000,,16146.718627483384,0,16146.718627483384
2023-02-01,1675285200000,,16318.32226871736,0,16318.32226871736
2023-02-02,1675371600000,,16555.867909771645,0,16555.867909771645
2023-02-03,1675458000000,,16379.894077542885,0,16379.894077542885
2023-02-06,1675717200000,,16279.79064020996,0,16279.79064020996
2023-02-07,1675803600000,,16492.708042637336,0,16492.708042637336
2023-02-08,1675890000000,,16312.364019413793,0,16312.364019413793
2023-02-09,1675976400000,,16170.949245403972,0,16170.949245403972
2023-02-10,1676062800000,,16208.68684475698,0,16208.68684475698
2023-02-13,1676322000000,,16398.9604753143,0,16398.9604753143
2023-02-14,1676408400000,,16391.414167701947,0,16391.414167701947
2023-02-15,1676494800000,,16444.64321524423,0,16444.64321524423
2023-02-16,1676581200000,,16218.220043642687,0,16218.220043642687
2023-02-17,1676667600000,,16177.702736120182,0,16177.702736120182
2023-02-21,1677013200000,,15853.16301845907,0,15853.16301845907
2023-02-22,1677099600000,,15831.31570025991,0,15831.31570025991
2023-02-23,1677186000000,,15915.528856438988,0,15915.528856438988
2023-02-24,1677272400000,,15745.513273513796,0,15745.513273513796
2023-02-27,1677531600000,,15799.139941762398,0,15799.139941762398
2023-02-28,1677618000000,,15740.746674070942,0,15740.746674070942
2023-03-01,1677704400000,,15680.36651510613,0,15680.36651510613
2023-03-02,1677790800000,,15802.317270638217,0,15802.317270638217
2023-03-03,1677877200000,,16055.751980588097,0,16055.751980588097
2023-03-06,1678136400000,,16066.874450040837,0,16066.874450040837
2023-03-07,1678222800000,,15820.589639255239,0,15820.589639255239
2023-03-08,1678309200000,,15846.410740001113,0,15846.410740001113
2023-03-09,1678395600000,,15554.046780837512,0,15554.046780837512
2023-03-10,1678482000000,,15329.610500509327,0,15329.610500509327
2023-03-13,1678737600000,,15307.761970051915,0,15307.761970051915
2023-03-14,1678824000000,,15560.800271553722,0,15560.800271553722
2023-03-15,1678910400000,,15463.477754648546,0,15463.477754648546
2023-03-16,1678996800000,,15734.787212509125,0,15734.787212509125
2023-03-17,1679083200000,,15491.680942857596,0,15491.680942857596
2023-03-20,1679342400000,,15640.643236738018,0,15640.643236738018
2023-03-21,1679428800000,,15846.013119294792,0,15846.013119294792
2023-03-22,1679515200000,,15575.894099036675,0,15575.894099036675
2023-03-23,1679601600000,,15618.001889384464,0,15618.001889384464
2023-03-24,1679688000000,,15720.487414180565,0,15720.487414180565
2023-03-27,1679947200000,,15749.882252250329,0,15749.882252250329
2023-03-28,1680033600000,,15714.529164876998,0,15714.529164876998
2023-03-29,1680120000000,,15942.938015493646,0,15942.938015493646
2023-03-30,1680206400000,,16036.28796211036,0,16036.28796211036
2023-03-31,1680292800000,,16262.313513005582,0,16262.313513005582
2023-04-03,1680552000000,,16324.281730279177,0,16324.281730279177
2023-04-04,1680638400000,,16233.71270409021,0,16233.71270409021
2023-04-05,1680724800000,,16191.20850529435,0,16191.20850529435
2023-04-06,1680811200000,,16254.368372428658,0,16254.368372428658
2023-04-10,1681156800000,,16271.051470478646,0,16271.051470478646
2023-04-11,1681243200000,,16275.421661473429,0,16275.421661473429
2023-04-12,1681329600000,,16209.08325320505,0,16209.08325320505
2023-04-13,1681416000000,,16424.38395535385,0,16424.38395535385
2023-04-14,1681502400000,,16384.26305627942,0,16384.26305627942
2023-04-17,1681761600000,,16443.053944677195,0,16443.053944677195
2023-04-18,1681848000000,,16453.778793423615,0,16453.778793423615
2023-04-19,1681934400000,,16450.999085254116,0,16450.999085254116
2023-04-20,1682020800000,,16361.224088219542,0,16361.224088219542
2023-04-21,1682107200000,,16373.935828239319,0,16373.935828239319
2023-04-24,1682366400000,,16391.016546995626,0,16391.016546995626
2023-04-25,1682452800000,,16130.828346329537,0,16130.828346329537
2023-04-26,1682539200000,,16062.504259046054,0,16062.504259046054
2023-04-27,1682625600000,,16382.277377264312,0,16382.277377264312
2023-04-28,1682712000000,,16522.102880707098,0,16522.102880707098
2023-05-01,1682971200000,,16505.41978265711,0,16505.41978265711
2023-05-02,1683057600000,,16319.911539284394,0,16319.911539284394
2023-05-03,1683144000000,,16207.891603344337,0,16207.891603344337
2023-05-04,1683230400000,,16093.091959234782,0,16093.091959234782
2023-05-05,1683316800000,,16391.016546995626,0,16391.016546995626
2023-05-08,1683576000000,,16395.38552573216,0,16395.38552573216
2023-05-09,1683662400000,,16323.486488866534,0,16323.486488866534
2023-05-10,1683748800000,,16399.75571672694,0,16399.75571672694
2023-05-11,1683835200000,,16371.15490781157,0,16371.15490781157
2023-05-12,1683921600000,,16349.703998060479,0,16349.703998060479
2023-05-15,1684180800000,,16406.111586736828,0,16406.111586736828
2023-05-16,1684267200000,,16296.474950518197,0,16296.474950518197
2023-05-17,1684353600000,,16494.29731320437,0,16494.29731320437
2023-05-18,1684440000000,,16653.190426676818,0,16653.190426676818
2023-05-19,1684526400000,,16628.95859649798,0,16628.95859649798
2023-05-22,1684785600000,,16635.71208721419,0,16635.71208721419
2023-05-23,1684872000000,,16449.01219398076,0,16449.01219398076
2023-05-24,1684958400000,,16329.842358876422,0,16329.842358876422
2023-05-25,1685044800000,,16471.257132886243,0,16471.257132886243
2023-05-26,1685131200000,,16684.570943761686,0,16684.570943761686
2023-05-30,1685476800000,,16690.926813771577,0,16690.926813771577
2023-05-31,1685563200000,,16598.372108567502,0,16598.372108567502
2023-06-01,1685649600000,,16756.07357217924,0,16756.07357217924
2023-06-02,1685736000000,,16998.385812676377,0,16998.385812676377
2023-06-05,1685995200000,,16965.812433472547,0,16965.812433472547
2023-06-06,1686081600000,,17002.75479141291,0,17002.75479141291
2023-06-07,1686168000000,,16943.963903015134,0,16943.963903015134
2023-06-08,1686254400000,,17046.450640069485,0,17046.450640069485
2023-06-09,1686340800000,,17077.03712799996,0,17077.03712799996
2023-06-12,1686600000000,,17231.95767118395,0,17231.95767118395
2023-06-13,1686686400000,,17345.566877691042,0,17345.566877691042
2023-06-14,1686772800000,,17366.22254602949,0,17366.22254602949
2023-06-15,1686859200000,,17581.52324817829,0,17581.52324817829
2023-06-16,1686945600000,,17456.791572218455,0,17456.791572218455
2023-06-20,1687291200000,,17366.22254602949,0,17366.22254602949
2023-06-21,1687377600000,,17277.24279040756,0,17277.24279040756
2023-06-22,1687464000000,,17339.608628387476,0,17339.608628387476
2023-06-23,1687550400000,,17208.521082417752,0,17208.521082417752
2023-06-26,1687809600000,,17138.211316119163,0,17138.211316119163
2023-06-27,1687896000000,,17326.102859213308,0,17326.102859213308
2023-06-28,1687982400000,,17334.842028944622,0,17334.842028944622
2023-06-29,1688068800000,,17403.164903969853,0,17403.164903969853
2023-06-30,1688155200000,,17608.534786526627,0,17608.534786526627
2023-07-03,1688414400000,,17628.794046417006,0,17628.794046417006
2023-07-05,1688587200000,,17602.57653722306,0,17602.57653722306
2023-07-06,1688673600000,,17464.73671279538,0,17464.73671279538
2023-07-07,1688760000000,,17420.643243432485,0,17420.643243432485
2023-07-10,1689019200000,,17464.73671279538,0,17464.73671279538
2023-07-11,1689105600000,,17575.961407322793,0,17575.961407322793
2023-07-12,1689192000000,,17717.376181332616,0,17717.376181332616
2023-07-13,1689278400000,,17857.996926188043,0,17857.996926188043
2023-07-14,1689364800000,,17846.874456735302,0,17846.874456735302
2023-07-17,1689624000000,,17908.842674008898,0,17908.842674008898
2023-07-18,1689710400000,,18041.915898993728,0,18041.915898993728
2023-07-19,1689796800000,,18082.03679806816,0,18082.03679806816
2023-07-20,1689883200000,,17962.07172155118,0,17962.07172155118
2023-07-21,1689969600000,,17962.07172155118,0,17962.07172155118
2023-07-24,1690228800000,,18042.31351970005,0,18042.31351970005
2023-07-25,1690315200000,,18091.569996953865,0,18091.569996953865
2023-07-26,1690401600000,,18094.350917381616,0,18094.350917381616
2023-07-27,1690488000000,,17974.385840864634,0,17974.385840864634
2023-07-28,1690574400000,,18150.360885351645,0,18150.360885351645
2023-07-31,1690833600000,,18184.91994357058,0,18184.91994357058
2023-08-01,1690920000000,,18132.882545889013,0,18132.882545889013
2023-08-02,1691006400000,,17880.63948579985,0,17880.63948579985
2023-08-03,1691092800000,,17829.396117272674,0,17829.396117272674
2023-08-04,1691179200000,,17748.757910675737,0,17748.757910675737
2023-08-07,1691438400000,,17903.678453859724,0,17903.678453859724
2023-08-08,1691524800000,,17825.821167690534,0,17825.821167690534
2023-08-09,1691611200000,,17706.651332586196,0,17706.651332586196
2023-08-10,1691697600000,,17713.007202596084,0,17713.007202596084
2023-08-11,1691784000000,,17702.678762297735,0,17702.678762297735
2023-08-14,1692043200000,,17800.39768765098,0,17800.39768765098
2023-08-15,1692129600000,,17593.043338337353,0,17593.043338337353
2023-08-16,1692216000000,,17463.942683640988,0,17463.942683640988
2023-08-17,1692302400000,,17330.86945865616,0,17330.86945865616
2023-08-18,1692388800000,,17339.211007681155,0,17339.211007681155
2023-08-21,1692648000000,,17452.024972775605,0,17452.024972775605
2023-08-22,1692734400000,,17404.75417453689,0,17404.75417453689
2023-08-23,1692820800000,,17598.6039669346,0,17598.6039669346
2023-08-24,1692907200000,,17354.703668128677,0,17354.703668128677
2023-08-25,1692993600000,,17477.050832108835,0,17477.050832108835
2023-08-28,1693252800000,,17587.87911818818,0,17587.87911818818
2023-08-29,1693339200000,,17842.10785729245,0,17842.10785729245
2023-08-30,1693425600000,,17915.59616472511,0,17915.59616472511
2023-08-31,1693512000000,,17889.378655531164,0,17889.378655531164
2023-09-01,1693598400000,,17922.74606388939,0,17922.74606388939
2023-09-05,1693944000000,,17845.28518616827,0,17845.28518616827
2023-09-06,1694030400000,,17725.321321909538,0,17725.321321909538
2023-09-07,1694116800000,,17670.900624506543,0,17670.900624506543
2023-09-08,1694203200000,,17697.514542148558,0,17697.514542148558
2023-09-11,1694462400000,,17813.9046690834,0,17813.9046690834
2023-09-12,1694548800000,,17716.184531471903,0,17716.184531471903
2023-09-13,1694635200000,,17736.841412068603,0,17736.841412068603
2023-09-14,1694721600000,,17889.775063979236,0,17889.775063979236
2023-09-15,1694808000000,,17612.109736108767,0,17612.109736108767
2023-09-18,1695067200000,,17622.43817640712,0,17622.43817640712
2023-09-19,1695153600000,,17585.892226914824,0,17585.892226914824
2023-09-20,1695240000000,,17424.219405272874,0,17424.219405272874
2023-09-21,1695326400000,,17136.22563710406,0,17136.22563710406
2023-09-22,1695412800000,,17097.69400859666,0,17097.69400859666
2023-09-25,1695672000000,,17169.593045462283,0,17169.593045462283
2023-09-26,1695758400000,,16917.34998537312,0,16917.34998537312
2023-09-27,1695844800000,,16924.102263831075,0,16924.102263831075
2023-09-28,1695931200000,,17022.218809890644,0,17022.218809890644
2023-09-29,1696017600000,,16980.90747321375,0,16980.90747321375
2023-10-02,1696276800000,,16974.15398249754,0,16974.15398249754
2023-10-03,1696363200000,,16746.936781741606,0,16746.936781741606
2023-10-04,1696449600000,,16868.88753727369,0,16868.88753727369
2023-10-05,1696536000000,,16862.531667263804,0,16862.531667263804
2023-10-06,1696622400000,,17062.7373296714,0,17062.7373296714
2023-10-09,1696881600000,,17171.97634518371,0,17171.97634518371
2023-10-10,1696968000000,,17261.353721511965,0,17261.353721511965
2023-10-11,1697054400000,,17332.061108516875,0,17332.061108516875
2023-10-12,1697140800000,,17226.397042586705,0,17226.397042586705
2023-10-13,1697227200000,,17140.59461584059,0,17140.59461584059
2023-10-16,1697486400000,,17320.938639064134,0,17320.938639064134
2023-10-17,1697572800000,,17320.14339765149,0,17320.14339765149
2023-10-18,1697659200000,,17089.351247313414,0,17089.351247313414
2023-10-19,1697745600000,,16939.19730357228,0,16939.19730357228
2023-10-20,1697832000000,,16731.04771284601,0,16731.04771284601
2023-10-23,1698091200000,,16702.049283224318,0,16702.049283224318
2023-10-24,1698177600000,,16827.972609044864,0,16827.972609044864
2023-10-25,1698264000000,,16586.45439770212,0,16586.45439770212
2023-10-26,1698350400000,,16387.838005861555,0,16387.838005861555
2023-10-27,1698436800000,,16313.555669274507,0,16313.555669274507
2023-10-30,1698696000000,,16508.59711153293,0,16508.59711153293
2023-10-31,1698782400000,,16612.275498447994,0,16612.275498447994
2023-11-01,1698868800000,,16789.440980537467,0,16789.440980537467
2023-11-02,1698955200000,,17111.199777770827,0,17111.199777770827
2023-11-03,1699041600000,,17267.311970815532,0,17267.311970815532
2023-11-06,1699304400000,,17307.035249183642,0,17307.035249183642
2023-11-07,1699390800000,,17356.291726437463,0,17356.291726437463
2023-11-08,1699477200000,,17369.003466457238,0,17369.003466457238
2023-11-09,1699563600000,,17233.546941750985,0,17233.546941750985
2023-11-10,1699650000000,,17502.473099890136,0,17502.473099890136
2023-11-13,1699909200000,,17485.79000184015,0,17485.79000184015
2023-11-14,1699995600000,,17825.02713853614,0,17825.02713853614
2023-11-15,1700082000000,,17862.763525630897,0,17862.763525630897
2023-11-16,1700168400000,,17884.61205608831,0,17884.61205608831
2023-11-17,1700254800000,,17906.856994993792,0,17906.856994993792
2023-11-20,1700514000000,,18044.696819421475,0,18044.696819421475
2023-11-21,1700600400000,,18005.369949501433,0,18005.369949501433
2023-11-22,1700686800000,,18074.88568664563,0,18074.88568664563
2023-11-24,1700859600000,,18086.00815609837,0,18086.00815609837
2023-11-27,1701118800000,,18053.43598915279,0,18053.43598915279
2023-11-28,1701205200000,,18071.31073706349,0,18071.31073706349
2023-11-29,1701291600000,,18058.59899704371,0,18058.59899704371
2023-11-30,1701378000000,,18129.704004754945,0,18129.704004754945
2023-12-01,1701464400000,,18236.95734125215,0,18236.95734125215
2023-12-04,1701723600000,,18141.224094914007,0,18141.224094914007
2023-12-05,1701810000000,,18137.649145331867,0,18137.649145331867
2023-12-06,1701896400000,,18064.55845860553,0,18064.55845860553
2023-12-07,1701982800000,,18202.39828303321,0,18202.39828303321
2023-12-08,1702069200000,,18280.653189908724,0,18280.653189908724
2023-12-11,1702328400000,,18351.756985361702,0,18351.756985361702
2023-12-12,1702414800000,,18435.57373309271,0,18435.57373309271
2023-12-13,1702501200000,,18689.80247219698,0,18689.80247219698
2023-12-14,1702587600000,,18749.785010455475,0,18749.785010455475
2023-12-15,1702674000000,,18643.32570311266,0,18643.32570311266
2023-12-18,1702933200000,,18748.195739888437,0,18748.195739888437
2023-12-19,1703019600000,,18862.2013548436,0,18862.2013548436
2023-12-20,1703106000000,,18600.82271657505,0,18600.82271657505
2023-12-21,1703192400000,,18777.19416951013,0,18777.19416951013
2023-12-22,1703278800000,,18814.930556604886,0,18814.930556604886
2023-12-26,1703624400000,,18894.377113341114,0,18894.377113341114
2023-12-27,1703710800000,,18928.53976311198,0,18928.53976311198
2023-12-28,1703797200000,,18935.68966227626,0,18935.68966227626
2023-12-29,1703883600000,,18880.871344166946,0,18880.871344166946
2024-01-02,1704229200000,,18775.207278236776,0,18775.207278236776
2024-01-03,1704315600000,,18621.87600561982,0,18621.87600561982
2024-01-04,1704402000000,,18561.89346736133,0,18561.89346736133
2024-01-05,1704488400000,,18587.316947400883,0,18587.316947400883
2024-01-08,1704747600000,,18852.668155957894,0,18852.668155957894
2024-01-09,1704834000000,,18824.067347042524,0,18824.067347042524
2024-01-10,1704920400000,,18930.525442127084,0,18930.525442127084
2024-01-11,1705006800000,,18922.18389310209,0,18922.18389310209
2024-01-12,1705093200000,,18935.292041569937,0,18935.292041569937
2024-01-16,1705438800000,,18865.77630442574,0,18865.77630442574
2024-01-17,1705525200000,,18760.907479908215,0,18760.907479908215
2024-01-18,1705611600000,,18927.744521699336,0,18927.744521699336
2024-01-19,1705698000000,,19163.700892186585,0,19163.700892186585
2024-01-22,1705957200000,,19204.21941196734,0,19204.21941196734
2024-01-23,1706043600000,,19260.22816767912,0,19260.22816767912
2024-01-24,1706130000000,,19281.28266898214,0,19281.28266898214
2024-01-25,1706216400000,,19386.151493499667,0,19386.151493499667
2024-01-26,1706302800000,,19361.523254872758,0,19361.523254872758
2024-01-29,1706562000000,,19514.85452748971,0,19514.85452748971
2024-01-30,1706648400000,,19499.76070000676,0,19499.76070000676
2024-01-31,1706734800000,,19181.576852355538,0,19181.576852355538
2024-02-01,1706821200000,,19432.62826258399,0,19432.62826258399
2024-02-02,1706907600000,,19637.202903728117,0,19637.202903728117
2024-02-05,1707166800000,,19565.700275310566,0,19565.700275310566
2024-02-06,1707253200000,,19622.505484693236,0,19622.505484693236
2024-02-07,1707339600000,,19786.16519760854,0,19786.16519760854
2024-02-08,1707426000000,,19794.904367339856,0,19794.904367339856
2024-02-09,1707512400000,,19909.30760300134,0,19909.30760300134
2024-02-12,1707771600000,,19900.568433270026,0,19900.568433270026
2024-02-13,1707858000000,,19626.47684272345,0,19626.47684272345
2024-02-14,1707944400000,,19804.835186931883,0,19804.835186931883
2024-02-15,1708030800000,,19941.483361498853,0,19941.483361498853
2024-02-16,1708117200000,,19842.17516557857,0,19842.17516557857
2024-02-20,1708462800000,,19732.93615006626,0,19732.93615006626
2024-02-21,1708549200000,,19750.81089797696,0,19750.81089797696
2024-02-22,1708635600000,,20159.56377181715,0,20159.56377181715
2024-02-23,1708722000000,,20173.467161697637,0,20173.467161697637
2024-02-26,1708981200000,,20099.58123355866,0,20099.58123355866
2024-02-27,1709067600000,,20136.921212205343,0,20136.921212205343
2024-02-28,1709154000000,,20110.30729456333,0,20110.30729456333
2024-02-29,1709240400000,,20182.602739877024,0,20182.602739877024
2024-03-01,1709326800000,,20372.08234127995,0,20372.08234127995
2024-03-04,1709586000000,,20350.23502308079,0,20350.23502308079
2024-03-05,1709672400000,,20146.852031797374,0,20146.852031797374
2024-03-06,1709758800000,,20248.941148145404,0,20248.941148145404
2024-03-07,1709845200000,,20449.940839707393,0,20449.940839707393
2024-03-08,1709931600000,,20327.196055020915,0,20327.196055020915
2024-03-11,1710187200000,,20309.717715558283,0,20309.717715558283
2024-03-12,1710273600000,,20528.196958841156,0,20528.196958841156
2024-03-13,1710360000000,,20496.018775827142,0,20496.018775827142
2024-03-14,1710446400000,,20455.502680562888,0,20455.502680562888
2024-03-15,1710532800000,,20252.11847702122,0,20252.11847702122
2024-03-18,1710792000000,,20372.47996198627,0,20372.47996198627
2024-03-19,1710878400000,,20485.692760045295,0,20485.692760045295
2024-03-20,1710964800000,,20675.17114918997,0,20675.17114918997
2024-03-21,1711051200000,,20743.496448731705,0,20743.496448731705
2024-03-22,1711137600000,,20704.170791069915,0,20704.170791069915
2024-03-25,1711396800000,,20646.969173239173,0,20646.969173239173
2024-03-26,1711483200000,,20608.83395317984,0,20608.83395317984
2024-03-27,1711569600000,,20782.026864980853,0,20782.026864980853
2024-03-28,1711656000000,,20778.055506950644,0,20778.055506950644
2024-04-01,1712001600000,,20741.90596590642,0,20741.90596590642
2024-04-02,1712088000000,,20610.026815298806,0,20610.026815298806
2024-04-03,1712174400000,,20632.66695039411,0,20632.66695039411
2024-04-04,1712260800000,,20380.822723269517,0,20380.822723269517
2024-04-05,1712347200000,,20593.73891343864,0,20593.73891343864
2024-04-08,1712606400000,,20605.257791339453,0,20605.257791339453
2024-04-09,1712692800000,,20629.09321307022,0,20629.09321307022
2024-04-10,1712779200000,,20422.531680652733,0,20422.531680652733
2024-04-11,1712865600000,,20576.65819468233,0,20576.65819468233
2024-04-12,1712952000000,,20292.636996801975,0,20292.636996801975
2024-04-15,1713211200000,,20038.408257697705,0,20038.408257697705
2024-04-16,1713297600000,,20001.86230820541,0,20001.86230820541
2024-04-17,1713384000000,,19883.486502255466,0,19883.486502255466
2024-04-18,1713470400000,,19842.57157402664,0,19842.57157402664
2024-04-19,1713556800000,,19669.37866222563,0,19669.37866222563
2024-04-22,1713816000000,,19850.516714603564,0,19850.516714603564
2024-04-23,1713902400000,,20086.075464384492,0,20086.075464384492
2024-04-24,1713988800000,,20076.542265498785,0,20076.542265498785
2024-04-25,1714075200000,,20000.273037638377,0,20000.273037638377
2024-04-26,1714161600000,,20189.753851299556,0,20189.753851299556
2024-04-29,1714420800000,,20261.25526745886,0,20261.25526745886
2024-04-30,1714507200000,,19940.29171163814,0,19940.29171163814
2024-05-01,1714593600000,,19875.542573936793,0,19875.542573936793
2024-05-02,1714680000000,,20061.44722575758,0,20061.44722575758
2024-05-03,1714766400000,,20310.115336264607,0,20310.115336264607
2024-05-06,1715025600000,,20519.85419755791,0,20519.85419755791
2024-05-07,1715112000000,,20542.496757169716,0,20542.496757169716
2024-05-08,1715198400000,,20544.482436184822,0,20544.482436184822
2024-05-09,1715284800000,,20662.857029876515,0,20662.857029876515
2024-05-10,1715371200000,,20689.473372035034,0,20689.473372035034
2024-05-13,1715630400000,,20692.251867946277,0,20692.251867946277
2024-05-14,1715716800000,,20787.191085130027,0,20787.191085130027
2024-05-15,1715803200000,,21044.59957762662,0,21044.59957762662
2024-05-16,1715889600000,,21001.300137418115,0,21001.300137418115
2024-05-17,1715976000000,,21031.49021690052,0,21031.49021690052
2024-05-20,1716235200000,,21055.72083482111,0,21055.72083482111
2024-05-21,1716321600000,,21107.360611796357,0,21107.360611796357
2024-05-22,1716408000000,,21046.585256641723,0,21046.585256641723
2024-05-23,1716494400000,,20892.85636331845,0,20892.85636331845
2024-05-24,1716580800000,,21031.0925961942,0,21031.0925961942
2024-05-28,1716926400000,,21045.790015229082,0,21045.790015229082
2024-05-29,1717012800000,,20898.415779657444,0,20898.415779657444
2024-05-30,1717099200000,,20759.78192607537,0,20759.78192607537
2024-05-31,1717185600000,,20948.865119030226,0,20948.865119030226
2024-06-03,1717444800000,,20965.945837786534,0,20965.945837786534
2024-06-04,1717531200000,,20989.38363881098,0,20989.38363881098
2024-06-05,1717617600000,,21238.84456621415,0,21238.84456621415
2024-06-06,1717704000000,,21238.446945507825,0,21238.446945507825
2024-06-07,1717790400000,,21212.628269278455,0,21212.628269278455
2024-06-10,1718049600000,,21278.17022387594,0,21278.17022387594
2024-06-11,1718136000000,,21329.414804661366,0,21329.414804661366
2024-06-12,1718222400000,,21504.59339547748,0,21504.59339547748
2024-06-13,1718308800000,,21547.892835685987,0,21547.892835685987
2024-06-14,1718395200000,,21561.002196412082,0,21561.002196412082
2024-06-17,1718654400000,,21732.60462538781,0,21732.60462538781
2024-06-18,1718740800000,,21787.820564203445,0,21787.820564203445
2024-06-20,1718913600000,,21728.633267357596,0,21728.633267357596
2024-06-21,1719000000000,,21629.722692143638,0,21629.722692143638
2024-06-24,1719259200000,,21559.411713586796,0,21559.411713586796
2024-06-25,1719345600000,,21642.434432163413,0,21642.434432163413
2024-06-26,1719432000000,,21669.44597051175,0,21669.44597051175
2024-06-27,1719518400000,,21703.607408024367,0,21703.607408024367
2024-06-28,1719604800000,,21618.201389726324,0,21618.201389726324
2024-07-01,1719864000000,,21662.693692053792,0,21662.693692053792
2024-07-02,1719950400000,,21808.477444800144,0,21808.477444800144
2024-07-03,1720036800000,,21905.79996170532,0,21905.79996170532
2024-07-05,1720209600000,,22032.11969597394,0,22032.11969597394
2024-07-08,1720468800000,,22057.543176013492,0,22057.543176013492
2024-07-09,1720555200000,,22078.99287350633,0,22078.99287350633
2024-07-10,1720641600000,,22297.47090453095,0,22297.47090453095
2024-07-11,1720728000000,,22105.209170442024,0,22105.209170442024
2024-07-12,1720814400000,,22244.63826543674,0,22244.63826543674
2024-07-15,1721073600000,,22305.813665814196,0,22305.813665814196
2024-07-16,1721160000000,,22438.09043712813,0,22438.09043712813
2024-07-17,1721246400000,,22123.482751317297,0,22123.482751317297
2024-07-18,1721332800000,,21953.465956133852,0,21953.465956133852
2024-07-19,1721419200000,,21807.6822033875,0,21807.6822033875
2024-07-22,1721678400000,,22032.51731668026,0,22032.51731668026
2024-07-23,1721764800000,,21997.958258461324,0,21997.958258461324
2024-07-24,1721851200000,,21499.429175328307,0,21499.429175328307
2024-07-25,1721937600000,,21387.40923938825,0,21387.40923938825
2024-07-26,1722024000000,,21626.94177171589,0,21626.94177171589
2024-07-29,1722283200000,,21639.653511735665,0,21639.653511735665
2024-07-30,1722369600000,,21530.016875517034,0,21530.016875517034
2024-07-31,1722456000000,,21879.978860959447,0,21879.978860959447
2024-08-01,1722542400000,,21570.13777459147,0,21570.13777459147
2024-08-02,1722628800000,,21168.53601217381,0,21168.53601217381
2024-08-05,1722888000000,,20552.029956055423,0,20552.029956055423
2024-08-06,1722974400000,,20741.5107697166,0,20741.5107697166
2024-08-07,1723060800000,,20602.874491618026,0,20602.874491618026
2024-08-08,1723147200000,,21079.158635845557,0,21079.158635845557
2024-08-09,1723233600000,,21172.1097494977,0,21172.1097494977
2024-08-12,1723492800000,,21183.233431208693,0,21183.233431208693
2024-08-13,1723579200000,,21531.604933825816,0,21531.604933825816
2024-08-14,1723665600000,,21599.53261266123,0,21599.53261266123
2024-08-15,1723752000000,,21969.753857994023,0,21969.753857994023
2024-08-16,1723838400000,,22019.01033524784,0,22019.01033524784
2024-08-19,1724097600000,,22229.543225695536,0,22229.543225695536
2024-08-20,1724184000000,,22193.396109167814,0,22193.396109167814
2024-08-21,1724270400000,,22269.66412476997,0,22269.66412476997
2024-08-22,1724356800000,,22094.880730143675,0,22094.880730143675
2024-08-23,1724443200000,,22329.646663028463,0,22329.646663028463
2024-08-26,1724702400000,,22276.41640322793,0,22276.41640322793
2024-08-27,1724788800000,,22307.004103416657,0,22307.004103416657
2024-08-28,1724875200000,,22177.50582801397,0,22177.50582801397
2024-08-29,1724961600000,,22179.491507029074,0,22179.491507029074
2024-08-30,1725048000000,,22391.217259595735,0,22391.217259595735
2024-09-03,1725393600000,,21930.42820033223,0,21930.42820033223
2024-09-04,1725480000000,,21885.54070181494,0,21885.54070181494
2024-09-05,1725566400000,,21832.310442014412,0,21832.310442014412
2024-09-06,1725652800000,,21464.87011710937,0,21464.87011710937
2024-09-09,1725912000000,,21705.19546633315,0,21705.19546633315
2024-09-10,1725998400000,,21799.73706281058,0,21799.73706281058
2024-09-11,1726084800000,,22023.379313984373,0,22023.379313984373
2024-09-12,1726171200000,,22208.88876961534,0,22208.88876961534
2024-09-13,1726257600000,,22324.88006358561,0,22324.88006358561
2024-09-16,1726516800000,,22357.85106349576,0,22357.85106349576
2024-09-17,1726603200000,,22366.986641675147,0,22366.986641675147
2024-09-18,1726689600000,,22300.649445665018,0,22300.649445665018
2024-09-19,1726776000000,,22681.196706779658,0,22681.196706779658
2024-09-20,1726862400000,,22572.75293267999,0,22572.75293267999
2024-09-23,1727121600000,,22629.15930909809,0,22629.15930909809
2024-09-24,1727208000000,,22693.908446799433,0,22693.908446799433
2024-09-25,1727294400000,,22643.85672813297,0,22643.85672813297
2024-09-26,1727380800000,,22733.631725167546,0,22733.631725167546
2024-09-27,1727467200000,,22700.660725257392,0,22700.660725257392
2024-09-30,1727726400000,,22791.62858441093,0,22791.62858441093
2024-10-01,1727812800000,,22587.450351714873,0,22587.450351714873
2024-10-02,1727899200000,,22596.98355060058,0,22596.98355060058
2024-10-03,1727985600000,,22555.67221392368,0,22555.67221392368
2024-10-04,1728072000000,,22760.64326351588,0,22760.64326351588
2024-10-07,1728331200000,,22554.87697251104,0,22554.87697251104
2024-10-08,1728417600000,,22768.190783386483,0,22768.190783386483
2024-10-09,1728504000000,,22925.893459256473,0,22925.893459256473
2024-10-10,1728590400000,,22885.77256018204,0,22885.77256018204
2024-10-11,1728676800000,,23022.818355455325,0,23022.818355455325
2024-10-14,1728936000000,,23211.10630699754,0,23211.10630699754
2024-10-15,1729022400000,,23030.76349603225,0,23030.76349603225
2024-10-16,1729108800000,,23130.864508848674,0,23130.864508848674
2024-10-17,1729195200000,,23132.850187863776,0,23132.850187863776
2024-10-18,1729281600000,,23221.83236800221,0,23221.83236800221
2024-10-21,1729540800000,,23183.697147942883,0,23183.697147942883
2024-10-22,1729627200000,,23171.38302862943,0,23171.38302862943
2024-10-23,1729713600000,,22959.657276062768,0,22959.657276062768
2024-10-24,1729800000000,,23009.31137402291,0,23009.31137402291
2024-10-25,1729886400000,,23001.366233445984,0,23001.366233445984
2024-10-28,1730145600000,,23072.472453415467,0,23072.472453415467
2024-10-29,1730232000000,,23109.812432062154,0,23109.812432062154
2024-10-30,1730318400000,,23039.899074211637,0,23039.899074211637
2024-10-31,1730404800000,,22588.245593127514,0,22588.245593127514
2024-11-01,1730491200000,,22683.580006501084,0,22683.580006501084
2024-11-04,1730754000000,,22634.721149953584,0,22634.721149953584
2024-11-05,1730840400000,,22908.41511979384,0,22908.41511979384
2024-11-06,1730926800000,,23478.045573863335,0,23478.045573863335
2024-11-07,1731013200000,,23659.58124694759,0,23659.58124694759
2024-11-08,1731099600000,,23762.06798400194,0,23762.06798400194
2024-11-11,1731358800000,,23784.710543613746,0,23784.710543613746
2024-11-12,1731445200000,,23710.825827733017,0,23710.825827733017
2024-11-13,1731531600000,,23722.34470563383,0,23722.34470563383
2024-11-14,1731618000000,,23569.806249913017,0,23569.806249913017
2024-11-15,1731704400000,,23267.91030412196,0,23267.91030412196
2024-11-18,1731963600000,,23363.24714201203,0,23363.24714201203
2024-11-19,1732050000000,,23448.650735793573,0,23448.650735793573
2024-11-20,1732136400000,,23456.595876370495,0,23456.595876370495
2024-11-21,1732222800000,,23582.517989932792,0,23582.517989932792
2024-11-22,1732309200000,,23655.60988891738,0,23655.60988891738
2024-11-25,1732568400000,,23735.85168706625,0,23735.85168706625
2024-11-26,1732654800000,,23859.78812161344,0,23859.78812161344
2024-11-27,1732741200000,,23787.491464041494,0,23787.491464041494
2024-11-29,1732914000000,,23935.260895802952,0,23935.260895802952
2024-12-02,1733173200000,,23978.162715305134,0,23978.162715305134
2024-12-03,1733259600000,,23989.283972499627,0,23989.283972499627
2024-12-04,1733346000000,,24138.246266380047,0,24138.246266380047
2024-12-05,1733432400000,,24098.522988011933,0,24098.522988011933
2024-12-06,1733518800000,,24144.205727941866,0,24144.205727941866
2024-12-09,1733778000000,,24019.871672688354,0,24019.871672688354
2024-12-10,1733864400000,,23945.19171539498,0,23945.19171539498
2024-12-11,1733950800000,,24130.303550319626,0,24130.303550319626
2024-12-12,1734037200000,,24005.969495066114,0,24005.969495066114
2024-12-13,1734123600000,,24001.20289562326,0,24001.20289562326
2024-12-16,1734382800000,,24103.68720816111,0,24103.68720816111
2024-12-17,1734469200000,,24004.379012240828,0,24004.379012240828
2024-12-18,1734555600000,,23288.96480542498,0,23288.96480542498
2024-12-19,1734642000000,,23281.8124817442,0,23281.8124817442
2024-12-20,1734728400000,,23482.41697711637,0,23482.41697711637
2024-12-23,1734987600000,,23623.036509713547,0,23623.036509713547
2024-12-24,1735074000000,,23885.60679784281,0,23885.60679784281
2024-12-26,1735246800000,,23887.197280668097,0,23887.197280668097
2024-12-27,1735333200000,,23635.748249733326,0,23635.748249733326
2024-12-30,1735592400000,,23366.025637923278,0,23366.025637923278
2024-12-31,1735678800000,,23281.01966484806,0,23281.01966484806
2025-01-02,1735851600000,,23223.818047017317,0,23223.818047017317
2025-01-03,1735938000000,,23514.19511490756,0,23514.19511490756
2025-01-06,1736197200000,,23649.650427355562,0,23649.650427355562
2025-01-07,1736283600000,,23382.313539783445,0,23382.313539783445
2025-01-08,1736370000000,,23416.47497729606,0,23416.47497729606
2025-01-10,1736542800000,,23058.965471983047,0,23058.965471983047
2025-01-13,1736802000000,,23094.717392320952,0,23094.717392320952
2025-01-14,1736888400000,,23126.49553011214,0,23126.49553011214
2025-01-15,1736974800000,,23547.16611481771,0,23547.16611481771
2025-01-16,1737061200000,,23501.880995594103,0,23501.880995594103
2025-01-17,1737147600000,,23737.837366081352,0,23737.837366081352
2025-01-21,1737493200000,,23955.122534987007,0,23955.122534987007
2025-01-22,1737579600000,,24089.78503053887,0,24089.78503053887
2025-01-23,1737666000000,,24221.268984956663,0,24221.268984956663
2025-01-24,1737752400000,,24150.5603856935,0,24150.5603856935
2025-01-27,1738011600000,,23808.941161534334,0,23808.941161534334
2025-01-28,1738098000000,,24013.517014936715,0,24013.517014936715
2025-01-29,1738184400000,,23905.86605773319,0,23905.86605773319
2025-01-30,1738270800000,,24034.17147101691,0,24034.17147101691
2025-01-31,1738357200000,,23906.26367843951,0,23906.26367843951
2025-02-03,1738616400000,,23745.384885951957,0,23745.384885951957
2025-02-04,1738702800000,,23904.675620130725,0,23904.675620130725
2025-02-05,1738789200000,,24001.59809181308,0,24001.59809181308
2025-02-06,1738875600000,,24085.018431096018,0,24085.018431096018
2025-02-07,1738962000000,,23864.554721056295,0,23864.554721056295
2025-02-10,1739221200000,,24026.62395114631,0,24026.62395114631
2025-02-11,1739307600000,,24044.897532021583,0,24044.897532021583
2025-02-12,1739394000000,,23967.436654300465,0,23967.436654300465
2025-02-13,1739480400000,,24220.473743544022,0,24220.473743544022
2025-02-14,1739566800000,,24219.283305941557,0,24219.283305941557
2025-02-18,1739912400000,,24290.38710139454,0,24290.38710139454
2025-02-19,1739998800000,,24347.58871922528,0,24347.58871922528
2025-02-20,1740085200000,,24246.294844289896,0,24246.294844289896
2025-02-21,1740171600000,,23831.58372114614,0,23831.58372114614
2025-02-24,1740430800000,,23723.13994704647,0,23723.13994704647
2025-02-25,1740517200000,,23605.1605495446,0,23605.1605495446
2025-02-26,1740603600000,,23617.07704815173,0,23617.07704815173
2025-02-27,1740690000000,,23240.10352436098,0,23240.10352436098
2025-02-28,1740776400000,,23602.77724982317,0,23602.77724982317
2025-03-03,1741035600000,,23189.258988798378,0,23189.258988798378
2025-03-04,1741122000000,,22914.76977754548,0,22914.76977754548
2025-03-05,1741208400000,,23161.054588331077,0,23161.054588331077
2025-03-06,1741294800000,,22749.919627027713,0,22749.919627027713
2025-03-07,1741381200000,,22877.429798898793,0,22877.429798898793
2025-03-10,1741636800000,,22268.076066461188,0,22268.076066461188
2025-03-11,1741723200000,,22082.96423153654,0,22082.96423153654
2025-03-12,1741809600000,,22200.148387625773,0,22200.148387625773
2025-03-13,1741896000000,,21904.209478880035,0,21904.209478880035
2025-03-14,1741982400000,,22356.6582013768,0,22356.6582013768
2025-03-17,1742241600000,,22529.058296281666,0,22529.058296281666
2025-03-18,1742328000000,,22285.554405923816,0,22285.554405923816
2025-03-19,1742414400000,,22528.263054869025,0,22528.263054869025
2025-03-20,1742500800000,,22463.116296461358,0,22463.116296461358
2025-03-21,1742587200000,,22403.13375820287,0,22403.13375820287
2025-03-24,1742846400000,,22804.34032443071,0,22804.34032443071
2025-03-25,1742932800000,,22859.158642540024,0,22859.158642540024
2025-03-26,1743019200000,,22586.25991411241,0,22586.25991411241
2025-03-27,1743105600000,,22526.27737585392,0,22526.27737585392
2025-03-28,1743192000000,,22072.63579123819,0,22072.63579123819
2025-03-31,1743451200000,,22220.805268222473,0,22220.805268222473
2025-04-01,1743537600000,,22283.56630239221,0,22283.56630239221
2025-04-02,1743624000000,,22424.58588021221,0,22424.58588021221
2025-04-03,1743710400000,,21319.48398506934,0,21319.48398506934
2025-04-04,1743796800000,,20071.378045349607,0,20071.378045349607
2025-04-07,1744056000000,,20035.627337269958,0,20035.627337269958
2025-04-08,1744142400000,,19721.81368061352,0,19721.81368061352
2025-04-09,1744228800000,,21792.98478435262,0,21792.98478435262
2025-04-10,1744315200000,,20838.038045209134,0,20838.038045209134
2025-04-11,1744401600000,,21209.847348850708,0,21209.847348850708
2025-04-14,1744660800000,,21415.61363985555,0,21415.61363985555
2025-04-15,1744747200000,,21355.63110159706,0,21355.63110159706
2025-04-16,1744833600000,,20880.93744019481,0,20880.93744019481
2025-04-17,1744920000000,,20910.729898970898,0,20910.729898970898
2025-04-21,1745265600000,,20412.998481767027,0,20412.998481767027
2025-04-22,1745352000000,,20944.098519587373,0,20944.098519587373
2025-04-23,1745438400000,,21268.637024990232,0,21268.637024990232
2025-04-24,1745524800000,,21716.319148044142,0,21716.319148044142
2025-04-25,1745611200000,,21873.226582501487,0,21873.226582501487
2025-04-28,1745870400000,,21881.56691926823,0,21881.56691926823
2025-04-29,1745956800000,,22019.40795595416,0,22019.40795595416
2025-04-30,1746043200000,,22028.145913427226,0,22028.145913427226
2025-05-01,1746129600000,,22184.258106471927,0,22184.258106471927
2025-05-02,1746216000000,,22513.565635834144,0,22513.565635834144
2025-05-05,1746475200000,,22384.46498113778,0,22384.46498113778
2025-05-06,1746561600000,,22197.367467198026,0,22197.367467198026
2025-05-07,1746648000000,,22290.71862607299,0,22290.71862607299
2025-05-08,1746734400000,,22446.03557770505,0,22446.03557770505
2025-05-09,1746820800000,,22417.43598104793,0,22417.43598104793
2025-05-12,1747080000000,,23158.27366790333,0,23158.27366790333
2025-05-13,1747166400000,,23311.209744330463,0,23311.209744330463
2025-05-14,1747252800000,,23341.00220310655,0,23341.00220310655
2025-05-15,1747339200000,,23455.007818061713,0,23455.007818061713
2025-05-16,1747425600000,,23603.572491235813,0,23603.572491235813
2025-05-19,1747684800000,,23629.391167465186,0,23629.391167465186
2025-05-20,1747771200000,,23549.94461072896,0,23549.94461072896
2025-05-21,1747857600000,,23153.109447754156,0,23153.109447754156
2025-05-22,1747944000000,,23162.247450450042,0,23162.247450450042
2025-05-23,1748030400000,,23004.14715387373,0,23004.14715387373
2025-05-27,1748376000000,,23482.41697711637,0,23482.41697711637
2025-05-28,1748462400000,,23346.561619445543,0,23346.561619445543
2025-05-29,1748548800000,,23438.719916201546,0,23438.719916201546
2025-05-30,1748635200000,,23412.50361926585,0,23412.50361926585
2025-06-02,1748894400000,,23544.385194389964,0,23544.385194389964
2025-06-03,1748980800000,,23678.650069235508,0,23678.650069235508
2025-06-04,1749067200000,,23672.292986967368,0,23672.292986967368
2025-06-05,1749153600000,,23557.889751305884,0,23557.889751305884
2025-06-06,1749240000000,,23799.805583354948,0,23799.805583354948
2025-06-09,1749499200000,,23821.25528084779,0,23821.25528084779
2025-06-10,1749585600000,,23956.315397105973,0,23956.315397105973
2025-06-11,1749672000000,,23887.990097564238,0,23887.990097564238
2025-06-12,1749758400000,,23982.929314747988,0,23982.929314747988
2025-06-13,1749844800000,,23714.79718576323,0,23714.79718576323
2025-06-16,1750104000000,,23940.425115952126,0,23940.425115952126
2025-06-17,1750190400000,,23735.85168706625,0,23735.85168706625
2025-06-18,1750276800000,,23732.275525225858,0,23732.275525225858
2025-06-20,1750449600000,,23606.75103236988,0,23606.75103236988
2025-06-23,1750708800000,,23839.926482429382,0,23839.926482429382
2025-06-24,1750795200000,,24103.29201197129,0,24103.29201197129
2025-06-25,1750881600000,,24116.796568887206,0,24116.796568887206
2025-06-26,1750968000000,,24305.48214113574,0,24305.48214113574
2025-06-27,1751054400000,,24426.240034548864,0,24426.240034548864
2025-06-30,1751313600000,,24543.026569931775,0,24543.026569931775
2025-07-01,1751400000000,,24535.083853871354,0,24535.083853871354
2025-07-02,1751486400000,,24646.30854839877,0,24646.30854839877
2025-07-03,1751572800000,,24840.5559615028,0,24840.5559615028
2025-07-07,1751918400000,,24655.444126578153,0,24655.444126578153
2025-07-08,1752004800000,,24641.939569662238,0,24641.939569662238
2025-07-09,1752091200000,,24789.709001423696,0,24789.709001423696
2025-07-10,1752177600000,,24859.622359274214,0,24859.622359274214
2025-07-11,1752264000000,,24772.230661961064,0,24772.230661961064
2025-07-14,1752523200000,,24819.50146019978,0,24819.50146019978
2025-07-15,1752609600000,,24713.44098582154,0,24713.44098582154
2025-07-16,1752696000000,,24796.063659175332,0,24796.063659175332
2025-07-17,1752782400000,,24947.806873483503,0,24947.806873483503
2025-07-18,1752868800000,,24929.53571712473,0,24929.53571712473
2025-07-21,1753128000000,,24976.806515363445,0,24976.806515363445
2025-07-22,1753214400000,,24980.380252687333,0,24980.380252687333
2025-07-23,1753300800000,,25192.90124666664,0,25192.90124666664
2025-07-24,1753387200000,,25201.24158343338,0,25201.24158343338
2025-07-25,1753473600000,,25307.699678517944,0,25307.699678517944
2025-07-28,1753732800000,,25301.345020766305,0,25301.345020766305
2025-07-29,1753819200000,,25234.610204049855,0,25234.610204049855
2025-07-30,1753905600000,,25202.832066258667,0,25202.832066258667
2025-07-31,1753992000000,,25108.290469781237,0,25108.290469781237
2025-08-01,1754078400000,,24696.75546325505,0,24696.75546325505
2025-08-04,1754337600000,,25072.140928737015,0,25072.140928737015
2025-08-05,1754424000000,,24945.025953055756,0,24945.025953055756
2025-08-06,1754510400000,,25136.097249542217,0,25136.097249542217
2025-08-07,1754596800000,,25115.042748239197,0,25115.042748239197
2025-08-08,1754683200000,,25310.87821965201,0,25310.87821965201
2025-08-11,1754942400000,,25260.82650098555,0,25260.82650098555
2025-08-12,1755028800000,,25529.753871382953,0,25529.753871382953
2025-08-13,1755115200000,,25617.1455686961,0,25617.1455686961
2025-08-14,1755201600000,,25619.52886841753,0,25619.52886841753
2025-08-15,1755288000000,,25559.54633015904,0,25559.54633015904
2025-08-18,1755547200000,,25553.98448930354,0,25553.98448930354
2025-08-19,1755633600000,,25415.35063572147,0,25415.35063572147
2025-08-20,1755720000000,,25347.820577592378,0,25347.820577592378
2025-08-21,1755806400000,,25246.12908195067,0,25246.12908195067
2025-08-22,1755892800000,,25633.82866674609,0,25633.82866674609
2025-08-25,1756152000000,,25521.013489393386,0,25521.013489393386
2025-08-26,1756238400000,,25627.86920518427,0,25627.86920518427
2025-08-27,1756324800000,,25686.263685133978,0,25686.263685133978
2025-08-28,1756411200000,,25777.229119771015,0,25777.229119771015
2025-08-29,1756497600000,,25623.500226447737,0,25623.500226447737
2025-09-02,1756843200000,,25433.62421659674,0,25433.62421659674
2025-09-03,1756929600000,,25571.462828766173,0,25571.462828766173
2025-09-04,1757016000000,,25785.174260347936,0,25785.174260347936
2025-09-05,1757102400000,,25710.494303054566,0,25710.494303054566
2025-09-08,1757361600000,,25773.655382447127,0,25773.655382447127
2025-09-09,1757448000000,,25833.240299999296,0,25833.240299999296
2025-09-10,1757534400000,,25907.920257292666,0,25907.920257292666
2025-09-11,1757620800000,,26123.219747183215,0,26123.219747183215
2025-09-12,1757707200000,,26114.47936519365,0,26114.47936519365
2025-09-15,1757966400000,,26253.510839482045,0,26253.510839482045
2025-09-16,1758052800000,,26217.363722954324,0,26217.363722954324
2025-09-17,1758139200000,,26184.79034375049,0,26184.79034375049
2025-09-18,1758225600000,,26307.138719988896,0,26307.138719988896
2025-09-19,1758312000000,,26364.340337819638,0,26364.340337819638
2025-09-22,1758571200000,,26489.072013779474,0,26489.072013779474
2025-09-23,1758657600000,,26344.876319341904,0,26344.876319341904
2025-09-24,1758744000000,,26261.058359352646,0,26261.058359352646
2025-09-25,1758830400000,,26139.902845233202,0,26139.902845233202
2025-09-26,1758916800000,,26289.660380526268,0,26289.660380526268
2025-09-29,1759176000000,,26363.545096406997,0,26363.545096406997
2025-09-30,1759262400000,,26462.85329232728,0,26462.85329232728
2025-10-01,1759348800000,,26553.025910068172,0,26553.025910068172
2025-10-02,1759435200000,,26583.6111857404,0,26583.6111857404
2025-10-03,1759521600000,,26583.21598955058,0,26583.21598955058
2025-10-06,1759780800000,,26678.55040292415,0,26678.55040292415
2025-10-07,1759867200000,,26579.63982771019,0,26579.63982771019
2025-10-08,1759953600000,,26738.135320476318,0,26738.135320476318
2025-10-09,1760040000000,,26660.674442755197,0,26660.674442755197
2025-10-10,1760126400000,,25940.096015790175,0,25940.096015790175
2025-10-13,1760385600000,,26338.121616367443,0,26338.121616367443
2025-10-14,1760472000000,,26305.945857869934,0,26305.945857869934
2025-10-15,1760558400000,,26422.732393252845,0,26422.732393252845
2025-10-16,1760644800000,,26242.787202993874,0,26242.787202993874
2025-10-17,1760731200000,,26391.749496874298,0,26391.749496874298
2025-10-20,1760990400000,,26666.236283610695,0,26666.236283610695
2025-10-21,1761076800000,,26665.838662904374,0,26665.838662904374
2025-10-22,1761163200000,,26527.2048093223,0,26527.2048093223
2025-10-23,1761249600000,,26684.509864485968,0,26684.509864485968
2025-10-24,1761336000000,,26902.590274804264,0,26902.590274804264
2025-10-27,1761595200000,,27219.978881042844,0,27219.978881042844
2025-10-28,1761681600000,,27292.27553861479,0,27292.27553861479
2025-10-29,1761768000000,,27305.384899340886,0,27305.384899340886
2025-10-30,1761854400000,,27005.077011858615,0,27005.077011858615
2025-10-31,1761940800000,,27093.659146774226,0,27093.659146774226
2025-11-03,1762203600000,,27144.506106853332,0,27144.506106853332
2025-11-04,1762290000000,,26822.746097361716,0,26822.746097361716
2025-11-05,1762376400000,,26915.699635530364,0,26915.699635530364
2025-11-06,1762462800000,,26626.9106259489,0,26626.9106259489
2025-11-07,1762549200000,,26653.126922884596,0,26653.126922884596
2025-11-10,1762808400000,,27069.030908147317,0,27069.030908147317
2025-11-11,1762894800000,,27130.999125420913,0,27130.999125420913
2025-11-12,1762981200000,,27146.094165162114,0,27146.094165162114
2025-11-13,1763067600000,,26695.631121680457,0,26695.631121680457
2025-11-14,1763154000000,,26691.262142943924,0,26691.262142943924
2025-11-17,1763413200000,,26442.5940324369,0,26442.5940324369
2025-11-18,1763499600000,,26220.54226408839,0,26220.54226408839
2025-11-19,1763586000000,,26321.836139023777,0,26321.836139023777
2025-11-20,1763672400000,,25920.63199731244,0,25920.63199731244
2025-11-21,1763758800000,,26178.833306705175,0,26178.833306705175
2025-11-24,1764018000000,,26564.147167262665,0,26564.147167262665
2025-11-25,1764104400000,,26814.008139888654,0,26814.008139888654
2025-11-26,1764190800000,,26999.1175502968,0,26999.1175502968
2025-11-28,1764363600000,,27146.491785868435,0,27146.491785868435
2025-12-01,1764622800000,,27022.555351321247,0,27022.555351321247
2025-12-02,1764709200000,,27072.60706998771,0,27072.60706998771
2025-12-03,1764795600000,,27166.353425052494,0,27166.353425052494
2025-12-04,1764882000000,,27186.21506423655,0,27186.21506423655
2025-12-05,1764968400000,,27237.854841211796,0,27237.854841211796
2025-12-08,1765227600000,,27156.02498475414,0,27156.02498475414
2025-12-09,1765314000000,,27132.587183729695,0,27132.587183729695
2025-12-10,1765400400000,,27312.534798505167,0,27312.534798505167
2025-12-11,1765486800000,,27376.091074087548,0,27376.091074087548
2025-12-12,1765573200000,,27081.742648167092,0,27081.742648167092
2025-12-15,1765832400000,,27040.826507680016,0,27040.826507680016
2025-12-16,1765918800000,,26966.941791799287,0,26966.941791799287
2025-12-17,1766005200000,,26670.210066157408,0,26670.210066157408
2025-12-18,1766091600000,,26871.604953909216,0,26871.604953909216
2025-12-19,1766178000000,,27035.267091341022,0,27035.267091341022
2025-12-22,1766437200000,,27203.69340369918,0,27203.69340369918
2025-12-23,1766523600000,,27328.027458952693,0,27328.027458952693
2025-12-24,1766610000000,,27424.157113738904,0,27424.157113738904
2025-12-26,1766782800000,,27421.376193311156,0,27421.376193311156
2025-12-29,1767042000000,,27323.65605569966,0,27323.65605569966
2025-12-30,1767128400000,,27290.289859599685,0,27290.289859599685
2025-12-31,1767214800000,,27088.09730591873,0,27088.09730591873
2026-01-02,1767387600000,,27137.751403878872,0,27137.751403878872
2026-01-05,1767646800000,,27318.49183555048,0,27318.49183555048
2026-01-06,1767733200000,,27480.961110863325,0,27480.961110863325
2026-01-07,1767819600000,,27392.378975947715,0,27392.378975947715
2026-01-08,1767906000000,,27389.598055519964,0,27389.598055519964
2026-01-09,1767992400000,,27570.736107897897,0,27570.736107897897
2026-01-12,1768251600000,,27614.0331235899,0,27614.0331235899
2026-01-13,1768338000000,,27558.819609290767,0,27558.819609290767
2026-01-14,1768424400000,,27423.36187232626,0,27423.36187232626
2026-01-15,1768510800000,,27498.041829619633,0,27498.041829619633
2026-01-16,1768597200000,,27475.001649301506,0,27475.001649301506
2026-01-20,1768942800000,,26915.699635530364,0,26915.699635530364
2026-01-21,1769029200000,,27226.335963310983,0,27226.335963310983
2026-01-22,1769115600000,,27368.543554216943,0,27368.543554216943
2026-01-23,1769202000000,,27378.474373808975,0,27378.474373808975
2026-01-26,1769461200000,,27517.505848097368,0,27517.505848097368
2026-01-27,1769547600000,,27627.142484316,0,27627.142484316
2026-01-28,1769634000000,,27624.36156388825,0,27624.36156388825
2026-01-29,1769720400000,,27569.543245778936,0,27569.543245778936
2026-01-30,1769806800000,,27487.31576861496,0,27487.31576861496
2026-02-02,1770066000000,,27623.96394318193,0,27623.96394318193
2026-02-03,1770152400000,,27390.39329693261,0,27390.39329693261
2026-02-04,1770238800000,,27257.71648039585,0,27257.71648039585
2026-02-05,1770325200000,,26917.287693839146,0,26917.287693839146
2026-02-06,1770411600000,,27433.69031262461,0,27433.69031262461
2026-02-09,1770670800000,,27565.969508455044,0,27565.969508455044
2026-02-10,1770757200000,,27493.27523017678,0,27493.27523017678
2026-02-11,1770843600000,,27486.92057242514,0,27486.92057242514
2026-02-12,1770930000000,,27062.278629689357,0,27062.278629689357
2026-02-13,1771016400000,,27081.34502746077,0,27081.34502746077
2026-02-17,1771362000000,,27125.039663859094,0,27125.039663859094
2026-02-18,1771448400000,,27261.687838426064,0,27261.687838426064
2026-02-19,1771534800000,,27189.788801560437,0,27189.788801560437
2026-02-20,1771621200000,,27386.419514385896,0,27386.419514385896
2026-02-23,1771880400000,,27106.768507500325,0,27106.768507500325
2026-02-24,1771966800000,,27303.7944165156,0,27303.7944165156
2026-02-25,1772053200000,,27534.191370663855,0,27534.191370663855
2026-02-26,1772139600000,,27381.255294236722,0,27381.255294236722
2026-02-27,1772226000000,,27249.77133981893,0,27249.77133981893
2026-03-02,1772485200000,,27265.264000266452,0,27265.264000266452
2026-03-03,1772571600000,,27024.938651042674,0,27024.938651042674
2026-03-04,1772658000000,,27215.60990230631,0,27215.60990230631
2026-03-05,1772744400000,,27063.866687998143,0,27063.866687998143
2026-03-06,1772830800000,,26709.138103112877,0,26709.138103112877
2026-03-09,1773086400000,,26943.10879458502,0,26943.10879458502
2026-03-10,1773172800000,,26899.809354376517,0,26899.809354376517
2026-03-11,1773259200000,,26866.045537570222,0,26866.045537570222
2026-03-12,1773345600000,,26458.086692884426,0,26458.086692884426
2026-03-13,1773432000000,,26308.32915759136,0,26308.32915759136
2026-03-16,1773691200000,,26576.0660903863,0,26576.0660903863
2026-03-17,1773777600000,,26645.977023720316,0,26645.977023720316
2026-03-18,1773864000000,,26274.16772007874,0,26274.16772007874
2026-03-19,1773950400000,,26209.4185823774,0,26209.4185823774
2026-03-20,1774036800000,,25763.326942148775,0,25763.326942148775
2026-03-23,1774296000000,,26033.842370854964,0,26033.842370854964
2026-03-24,1774382400000,,25946.450673541814,0,25946.450673541814
2026-03-25,1774468800000,,26091.043988685706,0,26091.043988685706
2026-03-26,1774555200000,,25625.090709273023,0,25625.090709273023
2026-03-27,1774641600000,,25188.134647223786,0,25188.134647223786
2026-03-30,1774900800000,,25103.919066528204,0,25103.919066528204
2026-03-31,1774987200000,,25833.637920705616,0,25833.637920705616
2026-04-01,1775073600000,,26028.280529999465,0,26028.280529999465
2026-04-02,1775160000000,,26051.718331023912,0,26051.718331023912
2026-04-06,1775505600000,,26174.859524158463,0,26174.859524158463
2026-04-07,1775592000000,,26186.378402059272,0,26186.378402059272
2026-04-08,1775678400000,,26853.333797550444,0,26853.333797550444
2026-04-09,1775764800000,,27008.253128476183,0,27008.253128476183
2026-04-10,1775851200000,,26990.379592823734,0,26990.379592823734
2026-04-13,1776110400000,,27254.14031855546,0,27254.14031855546
2026-04-14,1776196800000,,27586.228768345423,0,27586.228768345423
2026-04-15,1776283200000,,27803.9115579574,0,27803.9115579574
2026-04-16,1776369600000,,27872.234432982634,0,27872.234432982634
2026-04-17,1776456000000,,28209.089482215448,0,28209.089482215448
2026-04-20,1776715200000,,28152.680681280846,0,28152.680681280846
2026-04-21,1776801600000,,27968.366512285345,0,27968.366512285345
2026-04-22,1776888000000,,28251.59368101131,0,28251.59368101131
2026-04-23,1776974400000,,28141.957044792678,0,28141.957044792678
2026-04-24,1777060800000,,28360.037455110978,0,28360.037455110978
2026-04-27,1777320000000,,28408.896311658475,0,28408.896311658475
2026-04-28,1777406400000,,28270.660078782723,0,28270.660078782723
2026-04-29,1777492800000,,28266.29110004619,0,28266.29110004619
2026-04-30,1777579200000,,28547.530165240547,0,28547.530165240547
2026-05-01,1777665600000,,28626.581525786954,0,28626.581525786954
2026-05-04,1777924800000,,28521.711489011173,0,28521.711489011173
2026-05-05,1778011200000,,28750.517960334142,0,28750.517960334142
2026-05-06,1778097600000,,29150.134043736696,0,29150.134043736696
2026-05-07,1778184000000,,29060.756667408445,0,29060.756667408445
2026-05-08,1778270400000,,29300.684395925902,0,29300.684395925902
2026-05-11,1778529600000,,29367.41921264235,0,29367.41921264235
2026-05-12,1778616000000,,29322.929334831384,0,29322.929334831384
2026-05-13,1778702400000,,29486.98666845301,0,29486.98666845301
2026-05-14,1778788800000,,29719.76449780619,0,29719.76449780619
2026-05-15,1778875200000,,29362.254992493177,0,29362.254992493177
2026-05-18,1779134400000,,29341.60053641298,0,29341.60053641298
2026-05-19,1779220800000,,29146.160261189983,0,29146.160261189983
2026-05-20,1779307200000,,29444.880090363473,0,29444.880090363473
2026-05-21,1779393600000,,29503.272145796676,0,29503.272145796676
2026-05-22,1779480000000,,29619.265864283447,0,29619.265864283447
2026-05-26,1779825600000,,29815.896577108906,0,29815.896577108906
2026-05-27,1779912000000,,29810.73235695973,0,29810.73235695973
2026-05-28,1779998400000,,29975.184886771174,0,29975.184886771174
2026-05-29,1780084800000,,30049.864844064545,0,30049.864844064545
2026-06-01,1780344000000,,30131.6947005222,0,30131.6947005222
2026-06-02,1780430400000,,30172.610841009275,0,30172.610841009275
2026-06-03,1780516800000,,29960.885088442614,0,29960.885088442614
2026-06-04,1780603200000,,30074.097886501637,0,30074.097886501637
2026-06-05,1780689600000,,29297.903475498155,0,29297.903475498155
2026-06-08,1780948800000,,29364.240671508283,0,29364.240671508283
2026-06-09,1781035200000,,29278.0418363141,0,29278.0418363141
2026-06-10,1781121600000,,28816.45753563795,0,28816.45753563795
2026-06-11,1781208000000,,29306.2462367814,0,29306.2462367814
2026-06-12,1781294400000,,29464.741729547528,0,29464.741729547528
2026-06-15,1781553600000,,29984.32288946706,0,29984.32288946706
2026-06-16,1781640000000,,29805.568136810554,0,29805.568136810554
2026-06-17,1781726400000,,29433.36121246266,0,29433.36121246266
2026-06-18,1781812800000,,29662.96050068177,0,29662.96050068177
2026-06-22,1782158400000,,29569.611766323305,0,29569.611766323305
2026-06-23,1782244800000,,29140.20322414467,0,29140.20322414467
2026-06-24,1782331200000,,29126.69624271225,0,29126.69624271225
2026-06-25,1782417600000,,29168.80282080179,0,29168.80282080179
2026-06-26,1782504000000,,28957.87230964777,0,28957.87230964777
2026-06-29,1782763200000,,29434.949270771445,0,29434.949270771445
2026-06-30,1782849600000,,29664.153362800735,0,29664.153362800735
2026-07-01,1782936000000,,29624.0324637263,0,29624.0324637263
2026-07-02,1783022400000,,29585.10442677083,0,29585.10442677083
2026-07-06,1783368000000,,29843.305736163562,0,29843.305736163562
2026-07-07,1783454400000,,29701.493341447418,0,29701.493341447418
2026-07-08,1783540800000,,29609.73266539774,0,29609.73266539774
2026-07-09,1783627200000,,29860.38645491987,0,29860.38645491987
2026-07-10,1783713600000,,29989.089488909915,0,29989.089488909915
2026-07-13,1783972800000,,29759.487776174305,0,29759.487776174305
2026-07-14,1784059200000,,29865.153054362723,0,29865.153054362723
2026-07-15,1784145600000,,29983.52764805442,0,29983.52764805442
2026-07-16,1784232000000,,29821.058372741576,0,29821.058372741576
2026-07-17,1784318400000,,29525.914705408482,0,29525.914705408482
2026-07-20,1784577600000,,29478.248710979948,0,29478.248710979948
2026-07-21,1784664000000,,29724.135901059224,0,29724.135901059224
2026-07-22,1784750400000,,29689.574418323784,0,29689.574418323784
2026-07-23,1784836800000,,29322.929334831384,0,29322.929334831384
2026-07-24,1784923200000,,29352.72179360747,0,29352.72179360747
2026-07-27,1785182400000,,29359.07887587561,0,29359.07887587561
2026-07-28,1785268800000,,29429.387429915947,0,29429.387429915947
2026-07-29,1785355200000,,28976.543511229364,0,28976.543511229364
2026-07-30,1785441600000,,29462.3584298261,0,29462.3584298261
2026-07-31,1785528000000,,29674.481803099083,0,29674.481803099083
2026-08-03,1785787200000,,30097.13564230326,0,30097.13564230326
2026-08-04,1785873600000,,30639.75698254092,0,30639.75698254092
2026-08-05,1785960000000,,30578.581582163464,0,30578.581582163464
2026-08-06,1786046400000,,30529.722725615968,0,30529.722725615968
2026-08-07,1786132800000,,30716.422618849396,0,30716.422618849396
2026-08-10,1786392000000,,30707.287040670013,0,30707.287040670013
2026-08-11,1786478400000,,30609.16928235219,0,30609.16928235219
2026-08-12,1786564800000,,30685.83491866067,0,30685.83491866067
2026-08-13,1786651200000,,30899.943970948756,0,30899.943970948756
2026-08-14,1786737600000,,30838.770995087805,0,30838.770995087805
2026-08-17,1786996800000,,30692.98481782495,0,30692.98481782495
2026-08-18,1787083200000,,30485.63046851132,0,30485.63046851132
2026-08-19,1787169600000,,30549.584364800023,0,30549.584364800023
2026-08-20,1787256000000,,30292.971113716074,0,30292.971113716074
2026-08-21,1787342400000,,30416.907548263265,0,30416.907548263265
2026-08-24,1787601600000,,30327.530171935014,0,30327.530171935014
2026-08-25,1787688000000,,30424.455068133866,0,30424.455068133866
2026-08-26,1787774400000,,30431.20977110833,0,30431.20977110833
2026-08-27,1787860800000,,30630.618979845032,0,30630.618979845032
2026-08-28,1787947200000,,30561.103242700836,0,30561.103242700836
2026-08-31,1788206400000,,30469.740187357478,0,30469.740187357478
2026-09-01,1788292800000,,30260.400159028744,0,30260.400159028744
2026-09-02,1788379200000,,30394.662609357783,0,30394.662609357783
2026-09-03,1788465600000,,30712.846457009007,0,30712.846457009007
2026-09-04,1788552000000,,30594.47186331731,0,30594.47186331731
2026-09-08,1788897600000,,30426.443171665476,0,30426.443171665476
2026-09-09,1788984000000,,30285.028397655653,0,30285.028397655653
2026-09-10,1789070400000,,30103.4927245714,0,30103.4927245714
2026-09-11,1789156800000,,30360.103551138847,0,30360.103551138847
2026-09-14,1789416000000,,30224.648238690843,0,30224.648238690843
2026-09-15,1789502400000,,30086.01438510877,0,30086.01438510877
2026-09-16,1789588800000,,29953.337568572013,0,29953.337568572013
2026-09-17,1789675200000,,30292.971113716074,0,30292.971113716074
2026-09-18,1789761600000,,30256.823997188352,0,30256.823997188352
2026-09-21,1790020800000,,30725.955817735103,0,30725.955817735103
2026-09-22,1790107200000,,30721.18921829225,0,30721.18921829225
2026-09-23,1790193600000,,30499.93026683988,0,30499.93026683988
2026-09-24,1790280000000,,30474.904407506652,0,30474.904407506652
2026-09-25,1790366400000,,30640.54979943706,0,30640.54979943706
2026-09-28,1790625600000,,30412.538569526736,0,30412.538569526736
2026-09-29,1790712000000,,30356.529813814956,0,30356.529813814956
2026-09-30,1790798400000,,30294.16397583504,0,30294.16397583504
2026-10-01,1790884800000,,30348.187052531714,0,30348.187052531714
2026-10-02,1790971200000,,30572.62454511815,0,30572.62454511815
