symbol,yahooSymbol,shortName,sector,industry,forwardEps,trailingEps,forwardPE,trailingPE,pegRatio,revenueGrowth,earningsGrowth,grossMargins,operatingMargins,profitMargins,debtToEquity,currentRatio,quickRatio,totalDebt,totalCash,beta,marketCap,fiftyTwoWeekHigh,fiftyTwoWeekLow,earningsTimestamp,nextEarningsDate,source,updatedAt,error
MMM,MMM,3M Company,Industrials,Conglomerates,9.81993,5.63,16.289322,28.412079,1.54,0.025,0.328,0.39408,0.20354,0.11902001,437.937,1.24,0.811,13159999488,5303000064,1.058,82494963712,184.9,139.34,1792499400,2026-10-20,Yahoo Finance fundamentals via yfinance/GitHub Actions,2026-10-10T15:55:29+00:00,
AOS,AOS,A.O. Smith Corporation,Industrials,Specialty Industrial Machinery,4.08631,3.59,13.79729,15.704736,1.35,-0.007,-0.15,0.38592,0.18929,0.13149,36.766,1.594,0.976,677200000,181300000,1.11,7662525440,81.87,54.16,1793277000,2026-10-29,Yahoo Finance fundamentals via yfinance/GitHub Actions,2026-10-10T15:55:29+00:00,
ABT,ABT,Abbott Laboratories,Healthcare,Medical Devices,6.06545,3.1,16.420876,32.129032,1.8,0.13,-0.475,0.56847,0.14706999,0.116450004,63.212,1.376,0.797,32719998976,5602999808,0.583,173484589056,133.34,81.97,1792585800,2026-10-21,Yahoo Finance fundamentals via yfinance/GitHub Actions,2026-10-10T15:55:29+00:00,
ABBV,ABBV,AbbVie Inc.,Healthcare,Drug Manufacturers - General,16.25892,3.54,17.004204,78.09887,0.55,0.102,2.904,0.72792,0.40035,0.098000005,,0.809,0.49,70884999168,6568999936,0.228,488554921984,277.6,190.75,1793363400,2026-10-30,Yahoo Finance fundamentals via yfinance/GitHub Actions,2026-10-10T15:55:29+00:00,
ACN,ACN,Accenture plc,Technology,Information Technology Services,15.90406,13.56,13.145071,15.417403,1.83,0.062,0.464,0.3205,0.1533,0.11279,40.283,1.427,1.308,13396989952,12837769216,1.102,127932612608,291.09,118.15,1797510600,2026-12-17,Yahoo Finance fundamentals via yfinance/GitHub Actions,2026-10-10T15:55:29+00:00,
ADBE,ADBE,Adobe Inc.,Technology,Software - Application,27.67328,17.91,8.754654,13.527081,0.58,0.129,0.105,0.89252996,0.34822,0.28048,57.693,0.77,0.65,6786999808,5641999872,1.415,94291484672,363.7,190.12,1796846400,2026-12-09,Yahoo Finance fundamentals via yfinance/GitHub Actions,2026-10-10T15:55:29+00:00,
AMD,AMD,"Advanced Micro Devices, Inc.",Technology,Semiconductors,15.72189,3.92,38.678555,155.12755,0.66,0.501,1.595,0.55724,0.1725,0.15577,6.361,2.609,1.688,4276000000,13111000064,2.454,992708001792,658.52,188.22,1793736000,2026-11-03,Yahoo Finance fundamentals via yfinance/GitHub Actions,2026-10-10T15:55:29+00:00,
AES,AES,The AES Corporation,Utilities,Utilities - Diversified,2.3705,2.67,6.3024673,5.595505,0.81,0.199,,0.2027,0.18673,0.1434,256.886,0.746,0.45,32942999552,1852999936,0.954,10654575616,17.65,13.21,1793822400,2026-11-04,Yahoo Finance fundamentals via yfinance/GitHub Actions,2026-10-10T15:55:29+00:00,
AFL,AFL,AFLAC Incorporated,Financial Services,Insurance - Life,7.58675,9.3,15.097374,12.316129,1.18,-0.01,0.468,0.50888,0.25722998,0.26908,53.365,0.892,0.783,16176000000,8935000064,0.556,57423859712,130.22,105.43,1793822400,2026-11-04,Yahoo Finance fundamentals via yfinance/GitHub Actions,2026-10-10T15:55:29+00:00,
A,A,"Agilent Technologies, Inc.",Healthcare,Diagnostics & Research,6.75811,5.07,25.234865,33.637077,1.4,0.081,0.085,0.53648996,0.25559,0.19533001,56.336,2.05,1.414,4148000000,1758000000,1.208,48080146432,177.05,108.35,1787774400,2026-08-26,Yahoo Finance fundamentals via yfinance/GitHub Actions,2026-10-10T15:55:29+00:00,
APD,APD,"Air Products and Chemicals, Inc",Basic Materials,Specialty Chemicals,14.44026,-0.21,19.47749,,2.02,0.046,,0.32056,0.25536,-0.00375,110.091,1.085,0.752,18271199232,1000000000,0.761,62632534016,314.87,229.11,1793881800,2026-11-05,Yahoo Finance fundamentals via yfinance/GitHub Actions,2026-10-10T15:55:29+00:00,
ABNB,ABNB,"Airbnb, Inc.",Consumer Cyclical,Travel Services,6.18736,4.39,26.807878,37.7836,1.37,0.165,0.334,0.82901,0.21009001,0.2045,32.004,1.408,0.679,2496000000,12069000192,1.244,99320578048,193.453,110.81,1793908800,2026-11-05,Yahoo Finance fundamentals via yfinance/GitHub Actions,2026-10-10T15:55:29+00:00,
AKAM,AKAM,"Akamai Technologies, Inc.",Technology,Software - Infrastructure,6.84798,2.76,15.6177435,38.75,1.26,0.054,-0.268,0.57452,0.076290004,0.09507,196.672,1.637,1.517,9338986496,3355386880,0.616,15370490880,165.45,70.82,1793908800,2026-11-05,Yahoo Finance fundamentals via yfinance/GitHub Actions,2026-10-10T15:55:29+00:00,
ALB,ALB,Albemarle Corporation,Basic Materials,Specialty Chemicals,11.1429,0.27,9.088298,375.07404,0.79,0.311,,0.23959999,0.2771,0.03795,18.976,2.086,1.248,1998937984,1631687936,1.359,11950371840,221.0,88.01,1793822400,2026-11-04,Yahoo Finance fundamentals via yfinance/GitHub Actions,2026-10-10T15:55:29+00:00,
ARE,ARE,Alexandria Real Estate Equities,Real Estate,REIT - Office,-0.81,-6.05,-56.185184,,3.24,-0.119,,0.68198997,0.17282,-0.36078998,68.67,2.35,1.977,13167778816,470448992,1.178,7832055808,78.54,39.41,1793044800,2026-10-26,Yahoo Finance fundamentals via yfinance/GitHub Actions,2026-10-10T15:55:29+00:00,
ALGN,ALGN,"Align Technology, Inc.",Healthcare,Medical Instruments & Supplies,12.44839,5.75,11.464133,24.819132,0.6,0.043,-0.121,0.70741,0.18247,0.09991,2.855,1.395,1.204,120842000,1102590976,1.673,10138098688,200.44,126.26,1793217600,2026-10-28,Yahoo Finance fundamentals via yfinance/GitHub Actions,2026-10-10T15:55:29+00:00,
ALLE,ALLE,Allegion plc,Industrials,Security & Protection Services,9.78221,7.63,15.383026,19.722149,1.96,0.127,0.162,0.44801,0.22102,0.15357,104.895,1.93,1.133,2222299904,320600000,0.823,12796335104,183.11,125.0,1792672200,2026-10-22,Yahoo Finance fundamentals via yfinance/GitHub Actions,2026-10-10T15:55:29+00:00,
LNT,LNT,Alliant Energy Corporation,Utilities,Utilities - Regulated Electric,3.68723,3.19,17.858934,20.642632,2.02,0.01,-0.04,0.44502,0.19053,0.18447,160.951,0.466,0.173,12117999616,25000000,0.515,17073897472,78.81,62.54,1793304000,2026-10-29,Yahoo Finance fundamentals via yfinance/GitHub Actions,2026-10-10T15:55:29+00:00,
ALL,ALL,Allstate Corporation (The),Financial Services,Insurance - Property & Casualty,28.0522,49.72,8.17868,4.6144404,1.65,0.118,0.612,0.36800998,0.22827,0.18971,22.261,0.363,0.243,7496999936,5714999808,0.138,58013196288,277.22,188.08,1793822400,2026-11-04,Yahoo Finance fundamentals via yfinance/GitHub Actions,2026-10-10T15:55:29+00:00,
GOOGL,GOOGL,Alphabet Inc.,Communication Services,Internet Content & Information,15.21313,19.93,23.115559,17.644756,1.24,0.242,2.94,0.60897,0.34033,0.54771,18.859,2.724,2.471,120790999040,242473992192,1.211,4300779028480,408.61,239.71,1793217600,2026-10-28,Yahoo Finance fundamentals via yfinance/GitHub Actions,2026-10-10T15:55:29+00:00,
GOOG,GOOG,Alphabet Inc.,Communication Services,Internet Content & Information,15.21313,19.93,22.865774,17.454088,1.23,0.242,2.94,0.60897,0.34033,0.54771,18.859,2.724,2.471,120790999040,242473992192,1.211,4254305091584,404.47,240.75,1793217600,2026-10-28,Yahoo Finance fundamentals via yfinance/GitHub Actions,2026-10-10T15:55:29+00:00,
MO,MO,"Altria Group, Inc.",Consumer Defensive,Tobacco,5.86546,4.75,12.2206955,15.090527,2.63,0.012,-0.027,0.87008005,0.76363,0.38999,,0.518,0.344,24576999424,2367000064,0.461,119687241728,77.06,54.7,1793277000,2026-10-29,Yahoo Finance fundamentals via yfinance/GitHub Actions,2026-10-10T15:55:29+00:00,
AMZN,AMZN,"Amazon.com, Inc.",Consumer Cyclical,Internet Retail,10.46643,12.84,25.073498,20.438473,1.52,0.196,2.423,0.5077,0.13689,0.1744,45.617,1.033,0.843,251635007488,122988003328,1.456,2830652145664,287.2,196.0,1785441600,2026-07-30,Yahoo Finance fundamentals via yfinance/GitHub Actions,2026-10-10T15:55:29+00:00,
AMCR,AMCR,Amcor plc,Consumer Cyclical,Packaging & Containers,4.32667,2.38,9.642519,17.529411,0.97,0.259,,0.19951999,0.09691,0.04705,128.294,1.254,0.639,15139999744,1115000064,0.576,19272374272,50.94,36.25,1786537800,2026-08-12,Yahoo Finance fundamentals via yfinance/GitHub Actions,2026-10-10T15:55:29+00:00,
AEE,AEE,Ameren Corporation,Utilities,Utilities - Regulated Electric,5.80127,5.68,17.615108,17.991198,2.51,-0.062,0.119,0.52408004,0.25236,0.18583,157.846,0.531,0.259,21808001024,12000000,0.451,28290613248,118.32,96.57,1785441600,2026-07-30,Yahoo Finance fundamentals via yfinance/GitHub Actions,2026-10-10T15:55:29+00:00,
AEP,AEP,American Electric Power Company,Utilities,Utilities - Regulated Electric,6.85684,5.77,17.910582,21.28423,2.21,0.07,-0.432,0.46352002,0.23251,0.13781999,160.789,0.504,0.277,53525000192,603000000,0.469,66857439232,140.58,112.54,1793190600,2026-10-28,Yahoo Finance fundamentals via yfinance/GitHub Actions,2026-10-10T15:55:29+00:00,
AXP,AXP,American Express Company,Financial Services,Credit Services,20.17547,16.48,15.274489,18.699636,1.22,0.128,0.11,0.62338,0.2032,0.16141,172.38,1.553,1.542,59092000768,45752000512,1.085,208110239744,387.49,290.97,1792758600,2026-10-23,Yahoo Finance fundamentals via yfinance/GitHub Actions,2026-10-10T15:55:29+00:00,
AIG,AIG,"American International Group, I",Financial Services,Insurance - Diversified,8.79292,5.46,8.761595,14.10989,0.63,0.005,-0.101,0.35087,0.19414,0.11089,22.466,0.612,0.218,9127000064,10494999552,0.528,40283693056,87.29,71.25,1793736000,2026-11-03,Yahoo Finance fundamentals via yfinance/GitHub Actions,2026-10-10T15:55:29+00:00,
AMT,AMT,American Tower Corporation (REI,Real Estate,REIT - Specialty,7.01004,7.27,25.997,25.067402,1.56,0.047,1.385,0.73774004,0.45411,0.31083,438.721,0.352,0.299,44979900416,1762499968,0.885,84916568064,196.08,160.06,1793104200,2026-10-27,Yahoo Finance fundamentals via yfinance/GitHub Actions,2026-10-10T15:55:29+00:00,
AWK,AWK,"American Water Works Company, I",Utilities,Utilities - Regulated Water,6.56585,5.77,19.628838,22.336224,2.27,0.062,0.086,0.61469,0.40664002,0.21347,137.745,0.523,0.396,16067999744,227000000,0.569,25612193792,145.64,120.57,1793217600,2026-10-28,Yahoo Finance fundamentals via yfinance/GitHub Actions,2026-10-10T15:55:29+00:00,
AMP,AMP,"Ameriprise Financial, Inc.",Financial Services,Asset Management,51.78308,41.42,9.665512,12.083776,1.4,0.116,0.117,0.54932,0.30719998,0.199,67.578,2.182,1.314,4302000128,10298999808,1.156,44245086208,572.56,422.37,1793277000,2026-10-29,Yahoo Finance fundamentals via yfinance/GitHub Actions,2026-10-10T15:55:29+00:00,
AME,AME,"AMETEK, Inc.",Industrials,Specialty Industrial Machinery,9.53671,6.84,26.065594,36.342106,2.88,0.15,0.142,0.36905998,0.26182,0.20044,20.522,1.214,0.645,2310944000,495446016,0.962,56975282176,261.16,179.79,1785846600,2026-08-04,Yahoo Finance fundamentals via yfinance/GitHub Actions,2026-10-10T15:55:29+00:00,
AMGN,AMGN,Amgen Inc.,Healthcare,Drug Manufacturers - General,24.48379,16.1,16.944681,25.768322,2.43,0.095,0.649,0.71891,0.35548002,0.22951001,490.281,1.371,0.95,57303998464,13989000192,0.407,224291995648,447.03,288.0,1793736000,2026-11-03,Yahoo Finance fundamentals via yfinance/GitHub Actions,2026-10-10T15:55:29+00:00,
APH,APH,Amphenol Corporation,Technology,Electronic Components,3.33044,2.0,26.194736,43.62,1.01,0.55,0.593,0.38952,0.29779,0.17729001,120.415,1.888,1.294,18811299840,5419100160,1.235,215130947584,89.93,59.005,1793190600,2026-10-28,Yahoo Finance fundamentals via yfinance/GitHub Actions,2026-10-10T15:55:29+00:00,
ADI,ADI,"Analog Devices, Inc.",Technology,Semiconductors,16.34812,8.42,24.846283,48.241093,0.63,0.396,1.635,0.65800005,0.39503,0.29787,27.314,1.25,0.834,9164060672,2324933888,1.231,196825645056,445.91,223.47,1787142600,2026-08-19,Yahoo Finance fundamentals via yfinance/GitHub Actions,2026-10-10T15:55:29+00:00,
AON,AON,Aon plc,Financial Services,Insurance Brokers,20.23459,17.9,13.514976,15.277654,2.15,0.022,-0.03,0.48154,0.23457001,0.22268,163.481,1.033,0.242,15873999872,1096999936,0.691,58009944064,382.34,266.33,1793190600,2026-10-28,Yahoo Finance fundamentals via yfinance/GitHub Actions,2026-10-10T15:55:29+00:00,
APA,APA,APA Corporation,Energy,Oil & Gas E&P,4.63658,4.73,9.895225,9.699789,1.19,0.092,0.263,0.78255,0.56331,0.19564,48.854,0.946,0.692,3880999936,444000000,0.421,16074128384,47.44,21.63,1793822400,2026-11-04,Yahoo Finance fundamentals via yfinance/GitHub Actions,2026-10-10T15:55:29+00:00,
APO,APO,"Apollo Global Management, Inc. ",Financial Services,Asset Management,10.69593,2.87,11.093005,41.341465,0.43,0.638,0.637,0.36141998,0.21952,0.052670002,100.969,1.948,1.897,41884000256,47616000000,1.58,70067945472,153.29,99.56,1793709000,2026-11-03,Yahoo Finance fundamentals via yfinance/GitHub Actions,2026-10-10T15:55:29+00:00,
AAPL,AAPL,Apple Inc.,Technology,Consumer Electronics,9.58768,8.72,35.11173,38.605507,2.67,0.164,0.287,0.48653,0.32623002,0.27618998,78.445,1.003,0.812,84343996416,62399000576,1.069,4912984883200,345.34,243.42,1793649600,2026-11-02,Yahoo Finance fundamentals via yfinance/GitHub Actions,2026-10-10T15:55:29+00:00,
AMAT,AMAT,"Applied Materials, Inc.",Technology,Semiconductor Equipment & Materials,18.47523,11.59,27.443773,43.747196,1.05,0.248,0.428,0.49398,0.33736,0.30052,28.666,2.423,1.634,7345999872,9233000448,1.591,402377703424,739.67,203.4,1794513600,2026-11-12,Yahoo Finance fundamentals via yfinance/GitHub Actions,2026-10-10T15:55:29+00:00,
APP,APP,Applovin Corporation,Communication Services,Advertising Agencies,20.77733,13.01,13.333763,21.29439,0.6,0.528,0.57,0.88464,0.77678,0.64575994,111.13,4.3,4.166,3515072000,3053306112,2.557,92711583744,738.01,266.84,1793822400,2026-11-04,Yahoo Finance fundamentals via yfinance/GitHub Actions,2026-10-10T15:55:29+00:00,
APTV,APTV,Aptiv PLC,Consumer Cyclical,Auto Parts,6.48659,1.01,6.7523923,43.366337,0.95,0.023,-0.353,0.19251,0.12675999,0.010720001,64.938,2.018,1.273,5683999744,761000000,1.365,9268978688,88.93,42.56,1793709000,2026-11-03,Yahoo Finance fundamentals via yfinance/GitHub Actions,2026-10-10T15:55:29+00:00,
ACGL,ACGL,Arch Capital Group Ltd.,Financial Services,Insurance - Diversified,9.78647,12.78,9.765523,7.478091,1.05,-0.105,-0.071,0.38758,0.26584998,0.24396999,17.836,0.589,0.288,4286000128,4464000000,0.256,32589369344,107.09,82.45,1793131200,2026-10-27,Yahoo Finance fundamentals via yfinance/GitHub Actions,2026-10-10T15:55:29+00:00,
ADM,ADM,Archer-Daniels-Midland Company,Consumer Defensive,Farm Products,5.70649,3.65,13.999849,21.88767,1.02,0.072,3.156,0.0687,0.04008,0.021559998,39.134,1.389,0.301,9342000128,1092999936,0.629,38503505920,88.75,55.58,1793709000,2026-11-03,Yahoo Finance fundamentals via yfinance/GitHub Actions,2026-10-10T15:55:29+00:00,
ARES,ARES,Ares Management Corporation,Financial Services,Asset Management,7.14065,2.17,16.415873,54.018433,0.87,0.096,0.065,1.0,0.09473,0.121149994,172.378,0.62,0.534,14872607744,1852358016,1.554,38890774528,181.19,95.8,1793277000,2026-10-29,Yahoo Finance fundamentals via yfinance/GitHub Actions,2026-10-10T15:55:29+00:00,
ANET,ANET,"Arista Networks, Inc.",Technology,Computer Hardware,5.21686,3.17,41.546066,68.37224,1.61,0.377,0.357,0.63004,0.45393002,0.38371,,2.957,2.289,0,13343299584,1.605,273357848576,217.41,114.52,1793736000,2026-11-03,Yahoo Finance fundamentals via yfinance/GitHub Actions,2026-10-10T15:55:29+00:00,
AJG,AJG,Arthur J. Gallagher & Co.,Financial Services,Insurance Brokers,14.80461,6.0,15.718077,38.783333,0.68,0.309,-0.107,0.43186,0.1916,0.10378,59.401,1.053,0.173,14106000384,1386000000,0.547,59650547712,304.57,190.75,1793304000,2026-10-29,Yahoo Finance fundamentals via yfinance/GitHub Actions,2026-10-10T15:55:29+00:00,
AIZ,AIZ,"Assurant, Inc.",Financial Services,Insurance - Property & Casualty,23.43346,20.89,11.3722,12.756822,2.16,0.094,0.305,0.13272999,0.11734,0.07903,36.211,0.382,0.147,2208100096,2033900032,0.525,13144290304,303.94,206.03,1793736000,2026-11-03,Yahoo Finance fundamentals via yfinance/GitHub Actions,2026-10-10T15:55:29+00:00,
T,T,AT&T Inc.,Communication Services,Telecom Services,2.56855,3.03,8.6352215,7.3201323,1.48,0.023,0.062,0.59721,0.24786,0.16943,129.054,0.971,0.602,165755994112,17570000896,0.442,151985913856,29.44,19.89,1792585800,2026-10-21,Yahoo Finance fundamentals via yfinance/GitHub Actions,2026-10-10T15:55:29+00:00,
ATO,ATO,Atmos Energy Corporation,Utilities,Utilities - Regulated Gas,9.03064,8.44,17.90128,19.15403,1.93,0.048,0.233,0.62212,0.37223998,0.28496,67.662,0.814,0.537,10323866624,520952992,0.567,27318691840,192.51,154.72,1793822400,2026-11-04,Yahoo Finance fundamentals via yfinance/GitHub Actions,2026-10-10T15:55:29+00:00,
ADSK,ADSK,"Autodesk, Inc.",Technology,Software - Application,14.19939,7.77,16.574656,30.289576,0.78,0.161,0.596,0.92503,0.29228002,0.21078,109.518,0.855,0.73,3704999936,4155000064,1.327,49188151296,320.0,185.5,1787860800,2026-08-27,Yahoo Finance fundamentals via yfinance/GitHub Actions,2026-10-10T15:55:29+00:00,
ADP,ADP,"Automatic Data Processing, Inc.",Technology,Software - Application,13.40233,10.94,20.21141,24.760513,2.45,0.068,0.098,0.48653,0.23459,0.20109,91.436,1.051,0.155,5514699776,4230099968,0.841,107336622080,288.0,188.16,1793190600,2026-10-28,Yahoo Finance fundamentals via yfinance/GitHub Actions,2026-10-10T15:55:29+00:00,
AZO,AZO,"AutoZone, Inc.",Consumer Cyclical,Auto Parts,192.37119,152.55,15.282175,19.271387,1.22,0.056,0.15,0.52339,0.19969,0.1265,,0.901,0.032,12864766976,326115008,0.398,47546195968,4146.42,2730.65,1790080200,2026-09-22,Yahoo Finance fundamentals via yfinance/GitHub Actions,2026-10-10T15:55:29+00:00,
AVY,AVY,Avery Dennison Corporation,Consumer Cyclical,Packaging & Containers,11.18564,9.13,15.003165,18.38116,1.92,0.109,0.108,0.28978002,0.13586001,0.076220006,158.653,1.132,0.688,3685199872,274700000,0.8,12836617216,199.54,152.42,1793277000,2026-10-29,Yahoo Finance fundamentals via yfinance/GitHub Actions,2026-10-10T15:55:29+00:00,
AXON,AXON,"Axon Enterprise, Inc.",Industrials,Aerospace & Defense,10.54389,2.41,40.10759,175.47302,1.52,0.353,-0.182,0.59525,0.0517,0.06191,50.363,2.149,1.582,1850605952,692532992,1.439,34354491392,764.02,339.01,1785960000,2026-08-05,Yahoo Finance fundamentals via yfinance/GitHub Actions,2026-10-10T15:55:29+00:00,
BKR,BKR,Baker Hughes Company,Energy,Oil & Gas Equipment & Services,2.95512,3.11,19.187038,18.231512,1.59,-0.024,-0.042,0.23657,0.1283,0.111669995,80.925,2.095,1.622,16252999680,17024000000,1.035,56284618752,70.41,43.92,1793131200,2026-10-27,Yahoo Finance fundamentals via yfinance/GitHub Actions,2026-10-10T15:55:29+00:00,
BALL,BALL,Ball Corporation,Consumer Cyclical,Packaging & Containers,4.52255,3.51,12.926335,16.65527,0.97,0.197,0.092,0.1863,0.09232,0.0661,131.495,1.069,0.605,7582000128,500000000,0.961,15564771328,68.29,44.83,1793709000,2026-11-03,Yahoo Finance fundamentals via yfinance/GitHub Actions,2026-10-10T15:55:29+00:00,
BAC,BAC,Bank of America Corporation,Financial Services,Banks - Diversified,5.23698,4.33,10.37239,12.545034,0.85,0.168,0.341,0.0,0.38305,0.29524,,,,788985020416,868142022656,1.214,379846098944,65.23,46.12,1791981000,2026-10-14,Yahoo Finance fundamentals via yfinance/GitHub Actions,2026-10-10T15:55:29+00:00,
BAX,BAX,Baxter International Inc.,Healthcare,Medical Instruments & Supplies,2.03958,-1.88,11.938732,,36.68,0.053,0.368,0.34098,0.14425999,-0.09268,156.449,1.946,1.133,9667000320,2150000128,0.651,12588853248,30.0,15.73,1793277000,2026-10-29,Yahoo Finance fundamentals via yfinance/GitHub Actions,2026-10-10T15:55:29+00:00,
BDX,BDX,"Becton, Dickinson and Company",Healthcare,Medical Instruments & Supplies,13.30239,4.3,13.813307,42.732555,1.11,0.054,-0.314,0.46936,0.15732999,0.0419,68.84,0.865,0.327,16807999488,709000000,0.279,50051076096,193.07,127.58648,1793881800,2026-11-05,Yahoo Finance fundamentals via yfinance/GitHub Actions,2026-10-10T15:55:29+00:00,
BRK.B,BRK-B,Berkshire Hathaway Inc. New,Financial Services,Insurance - Diversified,21.6619,39.76,23.803083,12.96831,10.06,0.1,1.078,0.30332002,0.32561,0.22296,17.142,2.891,2.693,128598999040,365513998336,0.595,1103792701440,537.74,464.01,1786219200,2026-08-08,Yahoo Finance fundamentals via yfinance/GitHub Actions,2026-10-10T15:55:29+00:00,
BBY,BBY,"Best Buy Co., Inc.",Consumer Cyclical,Specialty Retail,7.21321,6.01,12.062591,14.477537,1.66,0.036,0.701,0.22597,0.03896,0.03014,130.097,1.117,0.373,4140999936,2409999872,1.282,18248407040,96.53,55.1,1795523400,2026-11-24,Yahoo Finance fundamentals via yfinance/GitHub Actions,2026-10-10T15:55:29+00:00,
TECH,TECH,Bio-Techne Corp,Healthcare,Biotechnology,2.31258,1.16,31.332968,62.46552,2.11,0.013,,0.66243,0.27871,0.14968,13.712,4.547,2.945,289087008,265479008,1.295,11363049472,72.69,43.2,1786537800,2026-08-12,Yahoo Finance fundamentals via yfinance/GitHub Actions,2026-10-10T15:55:29+00:00,
BIIB,BIIB,Biogen Inc.,Healthcare,Drug Manufacturers - General,16.54,5.63,13.646312,40.090588,2.3,0.034,-0.848,0.78322,0.25058,0.083229996,44.329,1.865,0.94,8355100160,1284999936,0.092,33349556224,230.49,138.0,1793190600,2026-10-28,Yahoo Finance fundamentals via yfinance/GitHub Actions,2026-10-10T15:55:29+00:00,
BLK,BLK,"BlackRock, Inc.",Financial Services,Asset Management,64.11827,41.78,16.881147,25.906895,0.9,0.306,0.196,0.47152,0.35079,0.24089001,23.192,2.447,1.846,14968000512,13843000320,1.421,175862611968,1219.94,917.39,1791981000,2026-10-14,Yahoo Finance fundamentals via yfinance/GitHub Actions,2026-10-10T15:55:29+00:00,
BX,BX,Blackstone Inc.,Financial Services,Asset Management,7.42042,4.47,15.402093,25.568233,1.11,0.286,0.573,1.0,0.54357,0.22728,68.185,0.872,0.828,15296067584,2655296000,1.587,136610586624,166.39,101.73,1792672200,2026-10-22,Yahoo Finance fundamentals via yfinance/GitHub Actions,2026-10-10T15:55:29+00:00,
XYZ,XYZ,"Block, Inc.",Technology,Software - Infrastructure,5.19724,0.56,14.861734,137.92857,0.59,0.093,-0.833,0.46572,0.06999,0.01426,32.58,2.209,1.077,7171312128,6738176000,2.553,46405406720,86.92,48.21,1793736000,2026-11-03,Yahoo Finance fundamentals via yfinance/GitHub Actions,2026-10-10T15:55:29+00:00,
BE,BE,Bloom Energy Corporation,Industrials,Electrical Equipment & Parts,4.9421,0.76,56.757248,369.07895,0.67,1.655,,0.31651,0.17106001,0.07868,171.578,4.087,3.213,2815023104,2716858880,3.776,82614927360,351.28,75.7,1785268800,2026-07-28,Yahoo Finance fundamentals via yfinance/GitHub Actions,2026-10-10T15:55:29+00:00,
BNY,BNY,The Bank of New York Mellon Cor,Financial Services,Banks - Diversified,10.2703,8.57,13.895408,16.652277,1.09,0.131,0.269,0.0,0.40046,0.29413998,,,,90116997120,221603004416,1.051,96829325312,165.84,103.11,1792067400,2026-10-15,Yahoo Finance fundamentals via yfinance/GitHub Actions,2026-10-10T15:55:29+00:00,
BA,BA,Boeing Company (The),Industrials,Aerospace & Defense,3.98809,2.8,47.734627,67.98929,1.36,0.08,,0.0471,4.0000003e-05,0.025910001,790.875,1.138,0.296,48362000384,19295000576,1.257,150352789504,254.35,176.77,1793104200,2026-10-27,Yahoo Finance fundamentals via yfinance/GitHub Actions,2026-10-10T15:55:29+00:00,
BKNG,BKNG,Booking Holdings Inc. Common St,Consumer Cyclical,Travel Services,12.37827,9.02,12.953344,17.776052,0.87,0.081,1.3,0.87227994,0.34412,0.25527,,1.094,1.023,20924000256,17213999104,1.128,124244008960,220.806,150.14,1793736000,2026-11-03,Yahoo Finance fundamentals via yfinance/GitHub Actions,2026-10-10T15:55:29+00:00,
BSX,BSX,Boston Scientific Corporation,Healthcare,Medical Devices,3.38218,2.47,12.633863,17.299595,0.59,0.075,0.151,0.69189,0.22895999,0.17499,50.151,1.24,0.558,12624000000,539000000,0.575,61925580800,105.65,41.39,1793190600,2026-10-28,Yahoo Finance fundamentals via yfinance/GitHub Actions,2026-10-10T15:55:29+00:00,
BMY,BMY,Bristol-Myers Squibb Company,Healthcare,Drug Manufacturers - General,6.61302,4.54,8.9399395,13.022026,16.59,0.057,1.531,0.71661,0.34418,0.18871,201.859,1.532,1.29,45053001728,11066999808,0.184,120765284352,68.64,42.52,1793277000,2026-10-29,Yahoo Finance fundamentals via yfinance/GitHub Actions,2026-10-10T15:55:29+00:00,
AVGO,AVGO,Broadcom Inc.,Technology,Semiconductors,19.39382,7.83,18.642021,46.17369,0.37,0.855,2.153,0.75515,0.54307,0.42944,59.604,2.504,2.153,59419000832,23975000064,1.476,1725858185216,495.0,289.96,1796846400,2026-12-09,Yahoo Finance fundamentals via yfinance/GitHub Actions,2026-10-10T15:55:29+00:00,
BR,BR,"Broadridge Financial Solutions,",Technology,Information Technology Services,11.57471,9.6,14.294094,17.234373,1.72,0.075,0.084,0.31780002,0.24609,0.15037,123.939,1.236,1.084,3520499968,403800000,0.932,18679310336,236.02,133.83,1785846600,2026-08-04,Yahoo Finance fundamentals via yfinance/GitHub Actions,2026-10-10T15:55:29+00:00,
BRO,BRO,"Brown & Brown, Inc.",Financial Services,Insurance Brokers,4.8265,3.17,13.028074,19.835962,1.51,0.324,0.071,0.56281,0.41838002,0.18084998,63.975,1.127,0.396,8065999872,918000000,0.593,21040300032,95.69,53.81,1793044800,2026-10-26,Yahoo Finance fundamentals via yfinance/GitHub Actions,2026-10-10T15:55:29+00:00,
BF.B,BF-B,Brown Forman Inc,Consumer Defensive,Beverages - Wineries & Distilleries,1.71385,1.54,15.39808,17.136364,2.01,-0.014,0.057,0.60664004,0.27552,0.18416001,61.502,3.263,0.926,2440999936,301000000,0.324,12109427712,31.92,22.61,1788352200,2026-09-02,Yahoo Finance fundamentals via yfinance/GitHub Actions,2026-10-10T15:55:29+00:00,
BG,BG,Bunge Limited,Consumer Defensive,Farm Products,11.23912,4.78,9.140396,21.491632,1.37,0.883,0.33,0.049239997,0.04617,0.01097,97.995,1.567,0.331,17061000192,788000000,0.719,19736397824,134.87,79.11,1793277000,2026-10-29,Yahoo Finance fundamentals via yfinance/GitHub Actions,2026-10-10T15:55:29+00:00,
BXP,BXP,"BXP, Inc.",Real Estate,REIT - Office,2.08575,1.86,28.311157,31.74731,2.22,0.037,-0.232,0.56452,0.28755,0.09304,211.631,0.506,0.448,16358486016,495528000,1.054,10680811520,74.96,49.72,1793131200,2026-10-27,Yahoo Finance fundamentals via yfinance/GitHub Actions,2026-10-10T15:55:29+00:00,
CHRW,CHRW,"C.H. Robinson Worldwide, Inc.",Industrials,Integrated Freight & Logistics,7.48362,5.24,19.016197,27.158398,1.64,0.193,0.238,0.08447,0.05337,0.03726,121.188,1.582,1.528,1972571008,154590000,0.949,16600240128,210.33,123.64,1793190600,2026-10-28,Yahoo Finance fundamentals via yfinance/GitHub Actions,2026-10-10T15:55:29+00:00,
CDNS,CDNS,"Cadence Design Systems, Inc.",Technology,Software - Application,9.5677,5.03,36.878246,70.14711,2.75,0.242,1.254,0.85871005,0.28575,0.23605,38.661,1.743,1.426,2651358976,1531835008,1.128,97318920192,416.69,262.75,1793044800,2026-10-26,Yahoo Finance fundamentals via yfinance/GitHub Actions,2026-10-10T15:55:29+00:00,
CPT,CPT,Camden Property Trust,Real Estate,REIT - Residential,1.09,3.03,89.522934,32.20462,9.17,-0.008,-0.757,0.61619,0.16104001,0.20622,125.648,0.352,0.027,4873028096,44717000,0.806,9810630656,119.81,95.3,1793908800,2026-11-05,Yahoo Finance fundamentals via yfinance/GitHub Actions,2026-10-10T15:55:29+00:00,
COF,COF,Capital One Financial Corporati,Financial Services,Credit Services,24.09597,15.57,8.269432,12.797688,0.17,11.11,,0.0,0.33629,0.21867001,,,,48994000896,56639000576,1.04,122246012928,259.64,174.24,1792526400,2026-10-20,Yahoo Finance fundamentals via yfinance/GitHub Actions,2026-10-10T15:55:29+00:00,
CAH,CAH,"Cardinal Health, Inc.",Healthcare,Medical Distribution,14.05687,7.23,16.900633,32.85892,1.17,0.058,0.688,0.03844,0.013300001,0.00674,,0.883,0.425,9998000128,4856000000,0.501,55011553280,258.3,151.87,1793881800,2026-11-05,Yahoo Finance fundamentals via yfinance/GitHub Actions,2026-10-10T15:55:29+00:00,
CCL,CCL,Carnival Corporation Ltd.,Consumer Cyclical,Travel Services,2.56098,2.27,10.28903,11.60793,0.91,0.035,0.05,0.5538,0.26426,0.113690004,177.11,0.274,0.152,25162000384,1220000000,2.381,35430477824,34.03,21.45,1790685000,2026-09-29,Yahoo Finance fundamentals via yfinance/GitHub Actions,2026-10-10T15:55:29+00:00,
CARR,CARR,Carrier Global Corporation,Industrials,Building Products & Equipment,3.29751,1.38,16.849077,40.26087,1.09,0.039,-0.118,0.24691999,0.13069001,0.055180002,91.998,1.02,0.547,12394000384,1344000000,1.288,46147047424,76.76,50.24,1793277000,2026-10-29,Yahoo Finance fundamentals via yfinance/GitHub Actions,2026-10-10T15:55:29+00:00,
CVNA,CVNA,Carvana Co.,Consumer Cyclical,Auto & Truck Dealerships,2.26985,1.89,28.076744,33.719578,,0.524,0.615,0.19371,0.09219,0.06257,110.88,3.926,1.724,5696999936,3132000000,3.548,70642393088,97.378,54.464,1793217600,2026-10-28,Yahoo Finance fundamentals via yfinance/GitHub Actions,2026-10-10T15:55:29+00:00,
CASY,CASY,"Caseys General Stores, Inc.",Consumer Cyclical,Specialty Retail,23.45296,20.76,27.556011,31.13054,2.81,0.243,0.277,0.2382,0.065,0.041389998,70.547,1.019,0.565,2888147968,524059008,0.585,23886247936,927.85,497.38,1788897600,2026-09-08,Yahoo Finance fundamentals via yfinance/GitHub Actions,2026-10-10T15:55:29+00:00,
CAT,CAT,"Caterpillar, Inc.",Industrials,Farm & Heavy Construction Machinery,32.41743,23.23,24.69258,34.458458,1.51,0.24,0.682,0.29713,0.22183001,0.14511,232.783,1.368,0.78,45146001408,5944999936,1.58,367955935232,1073.46,495.45,1793277000,2026-10-29,Yahoo Finance fundamentals via yfinance/GitHub Actions,2026-10-10T15:55:29+00:00,
CBOE,CBOE,"Cboe Global Markets, Inc.",Financial Services,Financial Data & Stock Exchanges,15.19973,12.83,20.010881,23.706938,2.46,0.229,0.502,0.54078996,0.34634,0.26734,28.09,1.565,0.793,1580300032,2354500096,0.414,31763738624,371.18,227.15,1793363400,2026-10-30,Yahoo Finance fundamentals via yfinance/GitHub Actions,2026-10-10T15:55:29+00:00,
CBRE,CBRE,CBRE Group Inc,Real Estate,Real Estate Services,9.06369,4.37,14.431209,29.93135,0.7,0.155,-0.042,0.18574,0.03608,0.029760001,117.789,1.141,0.971,10805999616,1488999936,1.234,37876449280,174.27,121.69,1792672200,2026-10-22,Yahoo Finance fundamentals via yfinance/GitHub Actions,2026-10-10T15:55:29+00:00,
CDW,CDW,CDW Corporation,Technology,Information Technology Services,12.03661,8.32,11.811465,17.08774,1.33,0.1,0.049,0.21360001,0.07345,0.04597,263.278,1.167,1.011,6429499904,361800000,0.941,17773727744,161.1,97.12,1785933000,2026-08-05,Yahoo Finance fundamentals via yfinance/GitHub Actions,2026-10-10T15:55:29+00:00,
COR,COR,"Cencora, Inc.",Healthcare,Medical Distribution,19.80166,13.47,16.354689,24.042316,0.66,0.051,0.119,0.03961,0.014149999,0.00789,446.516,0.935,0.477,14463047680,2815290880,0.581,61799378944,377.54,244.82,1793795400,2026-11-04,Yahoo Finance fundamentals via yfinance/GitHub Actions,2026-10-10T15:55:29+00:00,
CNC,CNC,Centene Corporation,Healthcare,Healthcare Plans,5.34776,-10.44,12.221939,,0.78,0.046,,0.11415,0.0376,-0.02829,71.082,1.145,1.106,16104999936,27057000448,1.13,32287514624,69.63,31.63,1793104200,2026-10-27,Yahoo Finance fundamentals via yfinance/GitHub Actions,2026-10-10T15:55:29+00:00,
CNP,CNP,"CenterPoint Energy, Inc (Holdin",Utilities,Utilities - Regulated Electric,2.08694,1.69,18.49598,22.840235,1.95,0.107,0.233,0.47027,0.24489,0.11611,210.256,1.123,0.353,24642000896,453000000,0.459,25426599936,45.26,36.37,1793104200,2026-10-27,Yahoo Finance fundamentals via yfinance/GitHub Actions,2026-10-10T15:55:29+00:00,
CF,CF,"CF Industries Holdings, Inc.",Basic Materials,Agricultural Inputs,11.07724,13.24,10.069295,8.424472,0.5,0.176,0.996,0.42486,0.49325,0.27122,40.504,4.86,4.142,3612999936,2480000000,0.527,16880254976,141.96,75.42,1793822400,2026-11-04,Yahoo Finance fundamentals via yfinance/GitHub Actions,2026-10-10T15:55:29+00:00,
CRL,CRL,Charles River Laboratories Inte,Healthcare,Diagnostics & Research,12.77576,-4.8,23.62208,,0.12,-0.027,,0.34585,0.15113,-0.05963,105.047,1.348,0.796,3034319104,192024992,1.404,14407114752,333.3,146.2,1793795400,2026-11-04,Yahoo Finance fundamentals via yfinance/GitHub Actions,2026-10-10T15:55:29+00:00,
SCHW,SCHW,Charles Schwab Corporation (The,Financial Services,Capital Markets,7.92453,5.49,12.202616,17.613844,0.82,0.209,0.426,0.97495,0.52277,0.38793,151.106,0.655,0.655,75775000576,96355999744,0.782,167226753024,114.53,83.96,1792067400,2026-10-15,Yahoo Finance fundamentals via yfinance/GitHub Actions,2026-10-10T15:55:29+00:00,
CHTR,CHTR,"Charter Communications, Inc.",Communication Services,Telecom Services,47.04,38.41,2.197704,2.6914866,0.62,-0.017,0.161,0.55189997,0.23503,0.09052,441.578,0.361,0.302,96710000640,509000000,0.693,13435016192,268.77,102.37,1793968200,2026-11-06,Yahoo Finance fundamentals via yfinance/GitHub Actions,2026-10-10T15:55:29+00:00,
CVX,CVX,Chevron Corporation,Energy,Oil & Gas Integrated,14.76176,10.39,14.360076,20.40231,0.91,0.535,3.219,0.44267,0.21866,0.09834,18.959,1.252,0.843,37075001344,8529999872,0.523,415820677120,217.78,146.49,1793363400,2026-10-30,Yahoo Finance fundamentals via yfinance/GitHub Actions,2026-10-10T15:55:29+00:00,
CMG,CMG,"Chipotle Mexican Grill, Inc.",Consumer Cyclical,Restaurants,1.36869,1.09,23.080463,28.981651,1.38,0.093,-0.013,0.39361998,0.16108,0.114250004,246.35,0.715,0.592,5419195904,677857024,0.958,39974555648,42.82,28.04,1793217600,2026-10-28,Yahoo Finance fundamentals via yfinance/GitHub Actions,2026-10-10T15:55:29+00:00,
CB,CB,Chubb Limited,Financial Services,Insurance - Property & Casualty,29.23972,28.02,11.669059,12.177016,2.51,0.061,-0.007,0.31129998,0.23527001,0.18070999,30.941,0.41,0.203,25013999616,7968000000,0.365,131634921472,365.91,265.3,1792526400,2026-10-20,Yahoo Finance fundamentals via yfinance/GitHub Actions,2026-10-10T15:55:29+00:00,
CHD,CHD,"Church & Dwight Company, Inc.",Consumer Defensive,Household & Personal Products,4.03581,3.12,24.309866,31.445515,2.71,0.016,0.09,0.45562,0.18065001,0.119569995,55.851,1.147,0.642,2428300032,254800000,0.482,23272075264,106.04,81.33,1793363400,2026-10-30,Yahoo Finance fundamentals via yfinance/GitHub Actions,2026-10-10T15:55:29+00:00,
CIEN,CIEN,Ciena Corporation,Technology,Communication Equipment,11.82833,4.47,38.024807,100.61969,0.45,0.37,4.229,0.44072,0.18076,0.10869,107.496,3.797,2.904,3285876992,2630000896,1.289,63781220352,637.51,159.01,1788438600,2026-09-03,Yahoo Finance fundamentals via yfinance/GitHub Actions,2026-10-10T15:55:29+00:00,
CI,CI,The Cigna Group,Healthcare,Healthcare Plans,33.48462,24.19,8.434619,11.675486,0.75,0.067,0.102,0.091359995,0.03985,0.022720002,74.29,0.846,0.687,31878000640,7256999936,0.298,74629439488,311.34,239.51,1793881800,2026-11-05,Yahoo Finance fundamentals via yfinance/GitHub Actions,2026-10-10T15:55:29+00:00,
CINF,CINF,Cincinnati Financial Corporatio,Financial Services,Insurance - Property & Casualty,9.05963,21.18,18.034952,7.714353,2.19,0.316,0.855,0.31066,0.37202,0.23843001,5.255,1.151,0.972,876000000,1892000000,0.528,25076779008,194.81,150.0,1793044800,2026-10-26,Yahoo Finance fundamentals via yfinance/GitHub Actions,2026-10-10T15:55:29+00:00,
CTAS,CTAS,Cintas Corporation,Industrials,Specialty Business Services,6.16096,5.07,32.853645,39.923077,3.07,0.109,0.133,0.50990003,0.24098,0.17824,52.096,1.454,0.677,2711374080,243599008,0.917,80371974144,219.17,161.16,1790166600,2026-09-23,Yahoo Finance fundamentals via yfinance/GitHub Actions,2026-10-10T15:55:29+00:00,
CSCO,CSCO,"Cisco Systems, Inc.",Technology,Communication Equipment,5.62092,3.33,21.062387,35.552555,1.09,0.176,0.521,0.64524,0.27719,0.20951,62.017,0.931,0.691,31185000448,15918000128,0.979,466762858496,130.37,66.81,1794513600,2026-11-12,Yahoo Finance fundamentals via yfinance/GitHub Actions,2026-10-10T15:55:29+00:00,
C,C,"Citigroup, Inc.",Financial Services,Banks - Diversified,12.95007,9.26,10.0107565,14.0,0.61,0.155,0.61,0.0,0.36229,0.21832001,,,,881620025344,1095719976960,1.111,217462898688,147.96,95.0,1791894600,2026-10-13,Yahoo Finance fundamentals via yfinance/GitHub Actions,2026-10-10T15:55:29+00:00,
CFG,CFG,"Citizens Financial Group, Inc.",Financial Services,Banks - Regional,6.51682,4.59,9.754758,13.849672,1.65,0.147,0.413,0.0,0.35132998,0.26051,,,,16348999680,13866999808,1.062,26774208512,75.33,47.955,1792153800,2026-10-16,Yahoo Finance fundamentals via yfinance/GitHub Actions,2026-10-10T15:55:29+00:00,
CLX,CLX,Clorox Company (The),Consumer Defensive,Household & Personal Products,6.24415,4.81,13.420562,17.422039,1.05,-0.02,-0.501,0.42321,0.12885,0.087349996,2221.429,0.658,0.337,5598000128,143000000,0.574,10134620160,128.9,79.12,1785787200,2026-08-03,Yahoo Finance fundamentals via yfinance/GitHub Actions,2026-10-10T15:55:29+00:00,
CME,CME,CME Group Inc.,Financial Services,Financial Data & Stock Exchanges,12.99032,11.79,21.59762,23.796438,4.7,0.008,0.025,1.0,0.65036005,0.63443,14.587,1.018,0.019,3868499968,2275599872,0.27,100883554304,329.16,218.31,1792585800,2026-10-21,Yahoo Finance fundamentals via yfinance/GitHub Actions,2026-10-10T15:55:29+00:00,
CMS,CMS,CMS Energy Corporation,Utilities,Utilities - Regulated Electric,4.1555,3.33,15.759836,19.666666,2.35,-0.005,-0.439,0.40315,0.17167999,0.11642,185.604,0.936,0.413,19300999168,241000000,0.314,20231145472,80.36,62.29,1793104200,2026-10-27,Yahoo Finance fundamentals via yfinance/GitHub Actions,2026-10-10T15:55:29+00:00,
KO,KO,Coca-Cola Company (The),Consumer Defensive,Beverages - Non-Alcoholic,3.52639,3.33,24.968878,26.441442,3.91,0.067,0.169,0.61888003,0.34873,0.28558,115.519,1.305,0.798,44260999168,16371000320,0.318,378839465984,92.49,66.0,1793104200,2026-10-27,Yahoo Finance fundamentals via yfinance/GitHub Actions,2026-10-10T15:55:29+00:00,
CTSH,CTSH,Cognizant Technology Solutions ,Technology,Information Technology Services,6.33896,4.65,9.339071,12.731183,0.83,0.045,0.038,0.3344,0.17479,0.10258,14.479,2.182,1.683,2094000000,1051000000,0.851,28001599488,87.03,37.08,1793277000,2026-10-29,Yahoo Finance fundamentals via yfinance/GitHub Actions,2026-10-10T15:55:29+00:00,
COHR,COHR,Coherent Corp.,Technology,Scientific & Technical Instruments,14.04555,4.12,22.257582,75.87864,0.92,0.337,,0.37495998,0.118269995,0.11309,31.612,2.427,1.168,3552666880,1990018048,2.113,61564620800,440.0,108.19,1786564800,2026-08-12,Yahoo Finance fundamentals via yfinance/GitHub Actions,2026-10-10T15:55:29+00:00,
COIN,COIN,"Coinbase Global, Inc.",Financial Services,Financial Data & Stock Exchanges,3.04983,-3.84,58.81967,,1.88,-0.173,,0.8581,-0.13922,-0.16344,50.982,2.423,1.276,6668290048,8788842496,3.409,47329705984,373.25,139.11,1785441600,2026-07-30,Yahoo Finance fundamentals via yfinance/GitHub Actions,2026-10-10T15:55:29+00:00,
CL,CL,Colgate-Palmolive Company,Consumer Defensive,Household & Personal Products,4.09552,2.54,21.552818,34.75197,1.59,0.049,-0.055,0.60431,0.20966,0.096829996,1388.163,1.026,0.555,7856999936,1452999936,0.322,70366437376,99.33,74.55,1793363400,2026-10-30,Yahoo Finance fundamentals via yfinance/GitHub Actions,2026-10-10T15:55:29+00:00,
CMCSA,CMCSA,Comcast Corporation,Communication Services,Telecom Services,3.59003,3.1,5.7548265,6.6645164,142.98,-0.012,-0.668,0.6939,0.17233999,0.08966,100.474,0.796,0.653,90381000704,7661000192,0.669,73314836480,32.86,20.48,1792672200,2026-10-22,Yahoo Finance fundamentals via yfinance/GitHub Actions,2026-10-10T15:55:29+00:00,
FIX,FIX,"Comfort Systems USA, Inc.",Industrials,Engineering & Construction,60.17848,40.86,28.510025,41.989475,0.61,0.503,0.919,0.25661,0.17062001,0.12775,11.498,1.214,1.172,369908992,1906397952,1.659,60382556160,2073.99,770.47,1784836800,2026-07-23,Yahoo Finance fundamentals via yfinance/GitHub Actions,2026-10-10T15:55:29+00:00,
COP,COP,ConocoPhillips,Energy,Oil & Gas E&P,10.05347,7.55,13.338679,17.76159,1.09,0.355,1.07,0.47574002,0.3151,0.144,35.639,1.542,1.176,23289999360,7692000256,0.244,161099366400,141.62,85.57,1793881800,2026-11-05,Yahoo Finance fundamentals via yfinance/GitHub Actions,2026-10-10T15:55:29+00:00,
ED,ED,"Consolidated Edison, Inc.",Utilities,Utilities - Regulated Electric,6.49989,6.07,16.323353,17.479406,2.08,0.132,0.221,0.53372,0.16540001,0.12533,110.113,1.268,0.967,28320000000,1470000000,0.25,39238819840,116.23,94.96,1786046400,2026-08-06,Yahoo Finance fundamentals via yfinance/GitHub Actions,2026-10-10T15:55:29+00:00,
STZ,STZ,"Constellation Brands, Inc.",Consumer Defensive,Beverages - Brewers,12.16363,11.08,10.082517,11.068592,1.47,0.061,0.253,0.52748,0.32465,0.20895,116.176,0.999,0.262,10315700224,98500000,,20753657856,168.6,110.6,1791316800,2026-10-06,Yahoo Finance fundamentals via yfinance/GitHub Actions,2026-10-10T15:55:29+00:00,
CEG,CEG,Constellation Energy Corporatio,Utilities,Utilities - Independent Power Producers,13.32016,10.23,22.37736,29.136854,3.74,0.23,-0.468,0.22107,0.086619996,0.110810004,76.419,1.455,0.471,24700000256,697000000,1.129,105608404992,412.7,228.63,1794227400,2026-11-09,Yahoo Finance fundamentals via yfinance/GitHub Actions,2026-10-10T15:55:29+00:00,
COO,COO,"The Cooper Companies, Inc.",Healthcare,Medical Instruments & Supplies,4.69251,2.91,11.586549,18.683847,0.53,0.006,3.571,0.65928,0.20822,0.1346,33.634,1.222,0.506,2801200128,154700000,0.825,10338743296,89.83,51.01,1788984000,2026-09-09,Yahoo Finance fundamentals via yfinance/GitHub Actions,2026-10-10T15:55:29+00:00,
CPRT,CPRT,"Copart, Inc.",Industrials,Specialty Business Services,1.75062,1.55,15.6059,17.625807,2.64,0.024,-0.15,0.45291,0.32011002,0.31809,0.97,7.912,6.806,88367000,4489802240,1.058,25307346944,45.89,26.39,1789070400,2026-09-10,Yahoo Finance fundamentals via yfinance/GitHub Actions,2026-10-10T15:55:29+00:00,
GLW,GLW,Corning Incorporated,Technology,Electronic Components,4.37158,2.18,35.840588,71.87155,1.01,0.166,0.185,0.36395,0.15649,0.111999996,71.448,1.813,0.978,9379000320,2504000000,1.123,134688047104,271.78,77.39,1793104200,2026-10-27,Yahoo Finance fundamentals via yfinance/GitHub Actions,2026-10-10T15:55:29+00:00,
CPAY,CPAY,"Corpay, Inc.",Technology,Software - Infrastructure,31.50614,16.28,12.62992,24.44226,0.78,0.215,-0.07,0.80539,0.4692,0.22723,275.291,0.972,0.48,10741731328,3183238912,0.894,26127269888,427.46,252.84,1785960000,2026-08-05,Yahoo Finance fundamentals via yfinance/GitHub Actions,2026-10-10T15:55:29+00:00,
CSGP,CSGP,"CoStar Group, Inc.",Real Estate,Real Estate Services,1.77241,0.18,16.73992,164.83333,0.1,0.184,12.61,0.78683996,0.082159996,0.02081,14.537,2.214,2.064,1155000064,1266000000,0.796,12022212608,79.08,25.89,1793131200,2026-10-27,Yahoo Finance fundamentals via yfinance/GitHub Actions,2026-10-10T15:55:29+00:00,
COST,COST,Costco Wholesale Corporation,Consumer Defensive,Discount Stores,24.96817,20.74,37.925087,45.6567,4.71,0.111,0.15,0.12765999,0.037890002,0.03043,28.436,1.06,0.575,10181000192,21301000192,0.87,419608035328,1096.5,844.06,1796932800,2026-12-10,Yahoo Finance fundamentals via yfinance/GitHub Actions,2026-10-10T15:55:29+00:00,
CRH,CRH,CRH PLC,Basic Materials,Building Materials,6.46144,5.66,12.619478,14.406361,1.51,0.056,0.139,0.3625,0.19022,0.099350005,77.592,1.579,1.005,19812999168,3024999936,1.191,54247297024,131.55,80.13,1785414600,2026-07-30,Yahoo Finance fundamentals via yfinance/GitHub Actions,2026-10-10T15:55:29+00:00,
CRWD,CRWD,"CrowdStrike Holdings, Inc.",Technology,Software - Infrastructure,1.60591,0.06,171.2674,4584.0005,7.2,0.258,,0.75185996,-0.02259,0.00834,15.958,1.57,1.366,820179008,5013847040,1.197,281623035904,286.99,85.68,1787774400,2026-08-26,Yahoo Finance fundamentals via yfinance/GitHub Actions,2026-10-10T15:55:29+00:00,
CCI,CCI,Crown Castle Inc.,Real Estate,REIT - Specialty,2.89994,2.46,27.462637,32.37398,0.54,-0.049,-0.675,0.73732,0.46825,0.20716,,0.522,0.429,23403999232,1042000000,0.961,33883269120,100.5,65.32,1792612800,2026-10-21,Yahoo Finance fundamentals via yfinance/GitHub Actions,2026-10-10T15:55:29+00:00,
CSX,CSX,CSX Corporation,Industrials,Railroads,2.27623,1.72,20.7624,27.476744,1.71,0.101,0.227,0.47070998,0.38424,0.22208999,138.068,0.82,0.685,19451000832,1390000000,1.203,87547961344,53.6,33.63,1792612800,2026-10-21,Yahoo Finance fundamentals via yfinance/GitHub Actions,2026-10-10T15:55:29+00:00,
CMI,CMI,Cummins Inc.,Industrials,Specialty Industrial Machinery,34.8042,19.57,15.038128,26.744509,1.08,0.094,0.047,0.25772,0.11896,0.07822,59.586,1.727,0.985,8286000128,3924000000,1.238,72222105600,737.76,400.72,1793881800,2026-11-05,Yahoo Finance fundamentals via yfinance/GitHub Actions,2026-10-10T15:55:29+00:00,
CVS,CVS,CVS Health Corporation,Healthcare,Healthcare Plans,8.53442,3.73,10.09559,23.099197,0.2,0.071,1.888,0.13645001,0.03861,0.011849999,95.503,0.866,0.623,76305997824,13957999616,0.596,110196088832,110.68,69.51,1793795400,2026-11-04,Yahoo Finance fundamentals via yfinance/GitHub Actions,2026-10-10T15:55:29+00:00,
DHR,DHR,Danaher Corporation,Healthcare,Diagnostics & Research,9.29977,5.61,23.636066,39.181816,1.29,0.055,0.597,0.58752996,0.19777,0.15948,52.97,1.651,1.149,27857999872,4348000256,0.797,154523369472,242.8,160.93,1792585800,2026-10-21,Yahoo Finance fundamentals via yfinance/GitHub Actions,2026-10-10T15:55:29+00:00,
DRI,DRI,"Darden Restaurants, Inc.",Consumer Cyclical,Restaurants,12.39987,10.3,15.94049,19.19029,2.08,0.051,-0.067,0.21659,0.09854999,0.08845,415.302,0.298,0.106,8590100480,220500000,0.618,22363889664,229.76,169.0,1797597000,2026-12-18,Yahoo Finance fundamentals via yfinance/GitHub Actions,2026-10-10T15:55:29+00:00,
DDOG,DDOG,"Datadog, Inc.",Technology,Software - Application,2.97448,0.5,98.592026,586.52,1.44,0.356,14.985,0.79536,0.00666,0.044770002,29.259,3.205,3.1,1277800960,4985438208,1.512,105302343680,294.0,98.01,1786019400,2026-08-06,Yahoo Finance fundamentals via yfinance/GitHub Actions,2026-10-10T15:55:29+00:00,
DVA,DVA,DaVita Inc.,Healthcare,Medical Care Facilities,17.14358,11.84,10.45581,15.139358,0.44,0.052,0.558,0.32364,0.16061,0.060489997,1241.986,1.467,1.333,13406474240,688876992,0.795,11505161216,247.49,101.0,1785873600,2026-08-04,Yahoo Finance fundamentals via yfinance/GitHub Actions,2026-10-10T15:55:29+00:00,
DECK,DECK,Deckers Outdoor Corporation,Consumer Cyclical,Footwear & Accessories,8.32562,7.07,9.956016,11.724186,1.0,0.057,0.011,0.57804,0.15233,0.18361,20.521,2.747,1.866,472334016,1602589056,1.121,11288114176,122.29,77.2,1784836800,2026-07-23,Yahoo Finance fundamentals via yfinance/GitHub Actions,2026-10-10T15:55:29+00:00,
DE,DE,Deere & Company,Industrials,Farm & Heavy Construction Machinery,22.77321,17.12,27.265808,36.26927,1.58,0.049,0.074,0.25184,0.13372,0.10168,230.298,2.132,1.911,64577998848,6940000256,0.872,167418494976,721.22,433.0,1795609800,2026-11-25,Yahoo Finance fundamentals via yfinance/GitHub Actions,2026-10-10T15:55:29+00:00,
DELL,DELL,Dell Technologies Inc.,Technology,Computer Hardware,29.11713,17.54,20.12767,33.41277,0.58,0.577,2.729,0.19910999,0.12020001,0.07525,,0.962,0.565,35284000768,11569999872,1.442,372624424960,595.51,110.22,1788292800,2026-09-01,Yahoo Finance fundamentals via yfinance/GitHub Actions,2026-10-10T15:55:29+00:00,
DAL,DAL,"Delta Air Lines, Inc.",Industrials,Airlines,7.60874,6.03,10.799422,13.626864,0.21,0.187,-0.254,0.187,0.07921,0.05784,96.649,0.424,0.267,21084000256,4664999936,1.336,54036885504,95.68,55.03,1791549000,2026-10-09,Yahoo Finance fundamentals via yfinance/GitHub Actions,2026-10-10T15:55:29+00:00,
DVN,DVN,Devon Energy Corporation,Energy,Oil & Gas E&P,5.50023,4.53,8.7741785,10.65342,2.92,0.642,0.44,0.50349,0.41077,0.17464,28.488,0.717,0.584,11893000192,950000000,0.536,53085999104,52.71,31.47,1793908800,2026-11-05,Yahoo Finance fundamentals via yfinance/GitHub Actions,2026-10-10T15:55:29+00:00,
DXCM,DXCM,"DexCom, Inc.",Healthcare,Medical Devices,3.1269,2.52,26.898846,33.376984,1.28,0.131,0.436,0.62473,0.24327,0.20118,53.346,1.733,1.37,1398400000,1947000064,1.477,31739813888,92.59,54.11,1793304000,2026-10-29,Yahoo Finance fundamentals via yfinance/GitHub Actions,2026-10-10T15:55:29+00:00,
FANG,FANG,"Diamondback Energy, Inc.",Energy,Oil & Gas E&P,18.74769,5.25,10.248196,36.59619,20.5,0.525,1.795,0.72353995,0.48466998,0.09029,28.678,0.467,0.421,12613999616,462000000,0.537,54048727040,216.9,137.03,1793649600,2026-11-02,Yahoo Finance fundamentals via yfinance/GitHub Actions,2026-10-10T15:55:29+00:00,
DLR,DLR,"Digital Realty Trust, Inc.",Real Estate,REIT - Specialty,2.76208,2.06,64.71934,86.776695,11.93,0.299,-0.587,0.56994,0.25882,0.11825,67.944,0.89,0.889,20074991616,1907729024,1.011,67511164928,208.14,146.23,1793304000,2026-10-29,Yahoo Finance fundamentals via yfinance/GitHub Actions,2026-10-10T15:55:29+00:00,
DG,DG,Dollar General Corporation,Consumer Defensive,Discount Stores,8.31085,7.7,15.308904,16.523378,1.54,0.052,0.333,0.31160998,0.06813,0.03903,169.811,1.209,0.229,15773100032,1589590016,0.226,28069074944,158.23,95.11,1787833800,2026-08-27,Yahoo Finance fundamentals via yfinance/GitHub Actions,2026-10-10T15:55:29+00:00,
DLTR,DLTR,"Dollar Tree, Inc.",Consumer Defensive,Discount Stores,7.90997,8.21,14.998793,14.45067,1.18,0.07,1.972,0.3718,0.062090002,0.08035,223.945,1.134,0.32,7670799872,1058099968,0.716,22260459520,142.4,85.88,1787833800,2026-08-27,Yahoo Finance fundamentals via yfinance/GitHub Actions,2026-10-10T15:55:29+00:00,
D,D,"Dominion Energy, Inc.",Utilities,Utilities - Regulated Electric,3.81423,2.89,16.160536,21.328718,2.41,0.176,-0.58,0.46222,0.29219,0.13984999,160.459,0.809,0.317,53931999232,298000000,0.619,54213980160,72.99,55.85,1793363400,2026-10-30,Yahoo Finance fundamentals via yfinance/GitHub Actions,2026-10-10T15:55:29+00:00,
DPZ,DPZ,Domino's Pizza Inc,Consumer Cyclical,Restaurants,20.87071,17.64,14.822686,17.537415,1.38,0.043,0.068,0.28709,0.19084999,0.118640006,,1.538,0.795,5122852864,164836000,0.951,10234165248,442.35,282.0,1791894600,2026-10-13,Yahoo Finance fundamentals via yfinance/GitHub Actions,2026-10-10T15:55:29+00:00,
DASH,DASH,"DoorDash, Inc.",Consumer Cyclical,Internet Retail,8.25163,1.9,23.813477,103.42105,1.07,0.356,-0.3,0.52225,0.03862,0.05292,33.276,1.368,1.083,3304999936,5346999808,1.893,85143044096,285.5,143.3,1793822400,2026-11-04,Yahoo Finance fundamentals via yfinance/GitHub Actions,2026-10-10T15:55:29+00:00,
DOV,DOV,Dover Corporation,Industrials,Specialty Industrial Machinery,11.63368,8.27,16.231321,22.83313,1.49,0.069,0.141,0.40092,0.18691999,0.13475999,42.316,1.979,1.31,3259987968,1755970944,1.126,25431666688,237.54,158.97,1792672200,2026-10-22,Yahoo Finance fundamentals via yfinance/GitHub Actions,2026-10-10T15:55:29+00:00,
DOW,DOW,Dow Inc.,Basic Materials,Chemicals,1.72546,-1.84,16.47097,,38.89,0.197,,0.09787,0.11594,-0.03129,111.913,1.749,0.894,19435999232,4236000000,0.409,20528924672,42.74,20.89,1792672200,2026-10-22,Yahoo Finance fundamentals via yfinance/GitHub Actions,2026-10-10T15:55:29+00:00,
DHI,DHI,"D.R. Horton, Inc.",Consumer Cyclical,Residential Construction,11.50439,10.49,11.72422,12.857961,1.15,0.0,-0.048,0.21298,0.1299,0.09154,29.451,6.011,0.423,7187899904,2078700032,1.351,37726109696,170.79,131.75,1793277000,2026-10-29,Yahoo Finance fundamentals via yfinance/GitHub Actions,2026-10-10T15:55:29+00:00,
DTE,DTE,DTE Energy Company,Utilities,Utilities - Regulated Electric,8.36462,6.3,15.1710415,20.142857,1.65,-0.015,0.224,0.29347,0.13623999,0.07999,229.06,0.802,0.395,27840000000,42000000,0.375,26406375424,155.75,119.68,1785241800,2026-07-28,Yahoo Finance fundamentals via yfinance/GitHub Actions,2026-10-10T15:55:29+00:00,
DUK,DUK,Duke Energy Corporation (Holdin,Utilities,Utilities - Regulated Electric,7.17142,6.64,16.265955,17.567772,2.15,0.011,0.106,0.51971,0.27503002,0.15995,162.155,0.661,0.259,92205998080,673000000,0.345,90952261632,134.49,112.4,1793881800,2026-11-05,Yahoo Finance fundamentals via yfinance/GitHub Actions,2026-10-10T15:55:29+00:00,
DD,DD,"DuPont de Nemours, Inc.",Basic Materials,Specialty Chemicals,7.97355,3.72,16.303905,34.946236,1.72,0.04,1.496,0.35132,0.14239,0.00787,22.902,2.427,1.636,3179000064,1740000000,1.079,17552523264,157.98,93.70293,1793709000,2026-11-03,Yahoo Finance fundamentals via yfinance/GitHub Actions,2026-10-10T15:55:29+00:00,
ETN,ETN,"Eaton Corporation, PLC",Industrials,Specialty Industrial Machinery,16.2461,9.83,26.446348,43.708035,2.7,0.214,-0.159,0.36022,0.16563,0.12752,105.059,1.24,0.704,21326000128,695000000,1.128,166833094656,478.0,311.92,1785501000,2026-07-31,Yahoo Finance fundamentals via yfinance/GitHub Actions,2026-10-10T15:55:29+00:00,
EBAY,EBAY,eBay Inc.,Consumer Cyclical,Internet Retail,6.71256,4.75,16.713444,23.618948,1.5,0.148,0.55,0.72052,0.2157,0.18571,153.012,1.019,0.915,7137999872,3307000064,1.322,49924550656,119.31,78.03,1785960000,2026-08-05,Yahoo Finance fundamentals via yfinance/GitHub Actions,2026-10-10T15:55:29+00:00,
ECHO,ECHO,EchoStar Corporation,Communication Services,Telecom Services,22.73,-24.77,4.172459,,1.33,-0.04,,0.29540002,0.14279,-0.38712,123.757,5.201,0.367,17575225344,496192992,0.992,27580973056,147.25,65.76,1785760200,2026-08-03,Yahoo Finance fundamentals via yfinance/GitHub Actions,2026-10-10T15:55:29+00:00,
ECL,ECL,Ecolab Inc.,Basic Materials,Specialty Chemicals,9.4063,7.45,29.961834,37.82953,2.53,0.097,0.033,0.44210997,0.18521999,0.12566,138.023,1.841,1.501,13918799872,5135300096,0.879,79005007872,309.27,243.15,1793104200,2026-10-27,Yahoo Finance fundamentals via yfinance/GitHub Actions,2026-10-10T15:55:29+00:00,
EIX,EIX,Edison International,Utilities,Utilities - Regulated Electric,6.50285,9.88,8.503963,5.597166,2.41,-0.041,0.551,0.61005,0.26899,0.19281,228.042,0.662,0.28,43540000768,242000000,0.609,21280212992,81.62,51.1,1793304000,2026-10-29,Yahoo Finance fundamentals via yfinance/GitHub Actions,2026-10-10T15:55:29+00:00,
EW,EW,Edwards Lifesciences Corporatio,Healthcare,Medical Devices,3.37714,1.68,25.23141,50.720238,1.84,0.136,-0.254,0.77839,0.29839,0.15431,6.568,4.522,3.454,704400000,4252699904,0.864,49063915520,96.29,72.3,1793822400,2026-11-04,Yahoo Finance fundamentals via yfinance/GitHub Actions,2026-10-10T15:55:29+00:00,
ELV,ELV,"Elevance Health, Inc.",Healthcare,Healthcare Plans,29.58869,22.59,13.947898,18.269146,1.31,0.014,-0.131,0.2599,0.04559,0.02468,68.953,1.518,1.374,31043999744,37513998336,0.711,89501958144,436.24,274.84,1792585800,2026-10-21,Yahoo Finance fundamentals via yfinance/GitHub Actions,2026-10-10T15:55:29+00:00,
EME,EME,"EMCOR Group, Inc.",Industrials,Engineering & Construction,36.75424,32.12,21.479156,24.578146,0.32,0.198,0.348,0.19426,0.10618,0.07738,13.432,1.277,1.232,548028032,924411008,1.119,34822561792,951.96,564.92,1785414600,2026-07-30,Yahoo Finance fundamentals via yfinance/GitHub Actions,2026-10-10T15:55:29+00:00,
EMR,EMR,Emerson Electric Company,Industrials,Specialty Industrial Machinery,7.26872,4.57,22.263893,35.411377,1.86,0.07,0.23,0.53161,0.26924,0.13828,67.677,0.896,0.618,13802000384,2180000000,1.207,90640982016,166.35,122.64,1785873600,2026-08-04,Yahoo Finance fundamentals via yfinance/GitHub Actions,2026-10-10T15:55:29+00:00,
ETR,ETR,Entergy Corporation,Utilities,Utilities - Regulated Electric,5.1044,3.91,20.139488,26.291561,1.59,0.059,-0.019,0.47000998,0.24458,0.13329001,186.77,0.912,0.618,34627321856,3855045120,0.448,49115525120,118.45,90.87,1793622600,2026-11-02,Yahoo Finance fundamentals via yfinance/GitHub Actions,2026-10-10T15:55:29+00:00,
EOG,EOG,"EOG Resources, Inc.",Energy,Oil & Gas E&P,15.33707,12.85,9.6602545,11.529961,1.27,0.587,1.094,0.62636,0.40717998,0.25733,25.891,1.851,1.581,8249999872,4906999808,0.371,78914248704,154.16,101.59,1793908800,2026-11-05,Yahoo Finance fundamentals via yfinance/GitHub Actions,2026-10-10T15:55:29+00:00,
EQT,EQT,EQT Corporation,Energy,Oil & Gas E&P,3.77104,4.31,14.009398,12.257542,1.54,-0.039,-0.74,0.80748004,0.23372999,0.29176,19.595,0.673,0.542,5655713792,112863000,0.652,33046013952,68.24,47.94,1793131200,2026-10-27,Yahoo Finance fundamentals via yfinance/GitHub Actions,2026-10-10T15:55:29+00:00,
EFX,EFX,"Equifax, Inc.",Industrials,Consulting Services,10.05518,5.68,14.498,25.665493,1.19,0.106,0.007,0.55542,0.17305,0.10729,120.956,0.602,0.508,5467100160,170100000,1.341,17126947840,238.94,137.01,1792499400,2026-10-20,Yahoo Finance fundamentals via yfinance/GitHub Actions,2026-10-10T15:55:29+00:00,
EQIX,EQIX,"Equinix, Inc.",Real Estate,REIT - Specialty,18.5275,15.77,55.380383,65.06405,2.95,0.167,0.288,0.51979,0.27021998,0.15479,162.217,1.129,0.607,23356000256,979000000,0.97,101243076608,1128.68,720.62,1793217600,2026-10-28,Yahoo Finance fundamentals via yfinance/GitHub Actions,2026-10-10T15:55:29+00:00,
ERIE,ERIE,Erie Indemnity Company,Financial Services,Insurance Brokers,14.01,11.03,15.848679,20.130552,2.67,0.028,0.032,0.17904,0.19096,0.14007,2.56,1.246,1.107,63157000,305008992,0.331,11610441728,330.54,204.63,1793304000,2026-10-29,Yahoo Finance fundamentals via yfinance/GitHub Actions,2026-10-10T15:55:29+00:00,
ESS,ESS,"Essex Property Trust, Inc.",Real Estate,REIT - Residential,6.29964,6.5,43.108814,41.780003,7.02,0.031,-0.718,0.68771005,0.33975,0.20893,122.409,0.249,0.091,6748253184,67527000,0.715,18718285824,303.35,238.46,1793131200,2026-10-27,Yahoo Finance fundamentals via yfinance/GitHub Actions,2026-10-10T15:55:29+00:00,
EL,EL,"Estee Lauder Companies, Inc. (T",Consumer Defensive,Household & Personal Products,3.92737,0.5,24.965816,196.1,2.12,0.063,,0.75487,0.07003,0.01209,242.932,1.222,0.805,9246000128,3497999872,1.265,35525750784,121.64,66.22,1793622600,2026-11-02,Yahoo Finance fundamentals via yfinance/GitHub Actions,2026-10-10T15:55:29+00:00,
EG,EG,"Everest Group, Ltd.",Financial Services,Insurance - Reinsurance,59.88879,47.28,6.146385,7.7912436,0.97,-0.113,-0.115,0.15281,0.19132,0.11376,23.26,0.388,0.241,3588999936,3620000000,0.259,14124313600,401.07,302.44,1793217600,2026-10-28,Yahoo Finance fundamentals via yfinance/GitHub Actions,2026-10-10T15:55:29+00:00,
EVRG,EVRG,"Evergy, Inc.",Utilities,Utilities - Regulated Electric,4.55711,3.93,17.765646,20.600508,2.07,0.044,0.23,0.52696997,0.25238,0.15192,160.554,0.359,0.074,16497999872,21800000,0.482,18666717184,88.62,71.41,1786019400,2026-08-06,Yahoo Finance fundamentals via yfinance/GitHub Actions,2026-10-10T15:55:29+00:00,
P,P,"Everpure, Inc.",Technology,Computer Hardware,4.22137,0.73,36.597122,211.63014,1.7,0.377,0.5,0.69734,0.053260002,0.05943,14.622,1.511,1.338,225307008,1007891008,1.396,51480281088,157.05,56.78,1787774400,2026-08-26,Yahoo Finance fundamentals via yfinance/GitHub Actions,2026-10-10T15:55:29+00:00,
ES,ES,Eversource Energy (D/B/A),Utilities,Utilities - Regulated Electric,4.93135,3.86,13.329007,17.0285,2.23,0.023,-0.854,0.52752,0.23923,0.10354,180.7,0.8,0.463,29807785984,1819319040,0.679,24758833152,76.57,62.72,1785441600,2026-07-30,Yahoo Finance fundamentals via yfinance/GitHub Actions,2026-10-10T15:55:29+00:00,
EXC,EXC,Exelon Corporation,Utilities,Utilities - Regulated Electric,3.0383,2.72,13.744528,15.352941,2.24,0.099,-0.002,0.42363998,0.16590999,0.10989001,177.362,1.088,0.716,52672999424,1812999936,0.402,43023405056,50.65,39.73,1793363400,2026-10-30,Yahoo Finance fundamentals via yfinance/GitHub Actions,2026-10-10T15:55:29+00:00,
EXE,EXE,Expand Energy Corporation,Energy,Oil & Gas E&P,8.3041,11.6,10.623668,7.605172,0.81,-0.106,-0.455,0.47069,0.26323998,0.2197,19.207,0.959,0.594,3728000000,663000000,0.395,21104769024,126.621,83.25,1785268800,2026-07-28,Yahoo Finance fundamentals via yfinance/GitHub Actions,2026-10-10T15:55:29+00:00,
EXPE,EXPE,"Expedia Group, Inc.",Consumer Cyclical,Travel Services,24.54034,16.01,11.174254,17.128044,0.68,0.14,1.887,0.90433,0.1898,0.12968001,230.271,0.801,0.637,5689999872,7127000064,1.362,32911704064,342.0,185.34,1793822400,2026-11-04,Yahoo Finance fundamentals via yfinance/GitHub Actions,2026-10-10T15:55:29+00:00,
EXPD,EXPD,Expeditors International of Was,Industrials,Integrated Freight & Logistics,8.07923,6.87,23.918121,28.128094,3.04,0.321,0.515,0.13549,0.107080005,0.07634,26.745,1.566,1.431,567284992,1031448000,1.064,25119389696,195.73,113.06,1793709000,2026-11-03,Yahoo Finance fundamentals via yfinance/GitHub Actions,2026-10-10T15:55:29+00:00,
EXR,EXR,Extra Space Storage Inc,Real Estate,REIT - Industrial,4.85188,4.53,27.752127,29.724058,5.32,0.038,0.06,0.74919,0.45882,0.2728,101.674,0.886,0.305,14414687232,696604032,1.166,29717596160,158.88,125.71,1793131200,2026-10-27,Yahoo Finance fundamentals via yfinance/GitHub Actions,2026-10-10T15:55:29+00:00,
XOM,XOM,ExxonMobil Holdings Corporation,Energy,Oil & Gas Integrated,11.45978,7.77,14.741994,21.7426,1.45,0.441,1.128,0.29767,0.15859,0.09072,15.921,1.135,0.801,42368000000,10588000256,0.209,694666395648,176.41,110.39,1785501000,2026-07-31,Yahoo Finance fundamentals via yfinance/GitHub Actions,2026-10-10T15:55:29+00:00,
FFIV,FFIV,"F5, Inc.",Technology,Software - Infrastructure,18.07676,12.55,26.544027,38.233463,1.68,0.109,0.114,0.81865996,0.24649,0.21952999,6.546,1.665,1.479,252380000,1605782016,1.028,27171420160,482.47,223.76,1793131200,2026-10-27,Yahoo Finance fundamentals via yfinance/GitHub Actions,2026-10-10T15:55:29+00:00,
FDS,FDS,FactSet Research Systems Inc.,Financial Services,Financial Data & Stock Exchanges,21.7022,14.57,13.232759,19.710363,1.21,0.063,-0.152,0.50605,0.24677,0.21544,77.049,0.599,0.519,1542413952,265332000,0.766,10213712896,320.48,185.0,1790771400,2026-09-30,Yahoo Finance fundamentals via yfinance/GitHub Actions,2026-10-10T15:55:29+00:00,
FICO,FICO,Fair Isaac Corporation,Technology,Software - Application,50.19888,34.54,13.298703,19.327736,0.61,0.257,0.412,0.851,0.53787,0.3405,,1.183,1.129,5598009856,248444000,1.341,14418150400,1858.91,586.05,1785355200,2026-07-29,Yahoo Finance fundamentals via yfinance/GitHub Actions,2026-10-10T15:55:29+00:00,
FAST,FAST,Fastenal Company,Industrials,Industrial Distribution,1.40001,1.17,36.24974,43.37607,3.38,0.147,0.146,0.44701,0.21023001,0.15454,10.851,4.18,1.998,441500000,204700000,0.69,58235502592,52.92,38.97,1791981000,2026-10-14,Yahoo Finance fundamentals via yfinance/GitHub Actions,2026-10-10T15:55:29+00:00,
FRT,FRT,Federal Realty Investment Trust,Real Estate,REIT - Retail,3.22607,4.95,32.906914,21.446466,3.59,0.072,-0.456,0.68136,0.35035,0.32663,134.114,0.564,0.553,4851821056,115276000,0.935,9227257856,128.21,90.03,1793363400,2026-10-30,Yahoo Finance fundamentals via yfinance/GitHub Actions,2026-10-10T15:55:29+00:00,
FDX,FDX,FedEx Corporation,Industrials,Integrated Freight & Logistics,20.70566,18.55,14.088418,15.725607,1.22,0.125,-0.043,0.27318,0.11129,0.0468,135.697,1.475,1.387,42944000000,13550999552,1.328,69039128576,345.37,182.21596,1793217600,2026-10-28,Yahoo Finance fundamentals via yfinance/GitHub Actions,2026-10-10T15:55:29+00:00,
FDXF,FDXF,"FedEx Freight Holding Company, ",Industrials,Integrated Freight & Logistics,5.15,4.38,22.421358,26.363014,,0.048,-0.611,0.29278,-0.057719998,0.07447,,1.517,1.415,6365000192,251000000,,17264859136,200.0,107.67,1793304000,2026-10-29,Yahoo Finance fundamentals via yfinance/GitHub Actions,2026-10-10T15:55:29+00:00,
FERG,FERG,Ferguson Enterprises Inc.,Industrials,Industrial Distribution,12.7058,10.16,17.318075,21.65748,1.39,0.046,0.069,0.30633,0.10159001,0.063200004,111.063,1.729,0.736,6887000064,437000000,1.121,42567335936,271.64,212.13,1794227400,2026-11-09,Yahoo Finance fundamentals via yfinance/GitHub Actions,2026-10-10T15:55:29+00:00,
FIS,FIS,Fidelity National Information S,Technology,Information Technology Services,6.68473,6.51,5.0922027,5.2288785,0.18,0.291,,0.35836,0.20669001,0.27648002,132.51,0.535,0.38,21255999488,744000000,0.828,17594566656,68.98,32.1,1785846600,2026-08-04,Yahoo Finance fundamentals via yfinance/GitHub Actions,2026-10-10T15:55:29+00:00,
FITB,FITB,Fifth Third Bancorp,Financial Services,Banks - Regional,4.94828,2.97,10.233859,17.050505,1.62,0.518,-0.057,0.0,0.39078,0.23239,,,,24935000064,8705000448,0.986,45908856832,59.5,40.05,1792413000,2026-10-19,Yahoo Finance fundamentals via yfinance/GitHub Actions,2026-10-10T15:55:29+00:00,
FSLR,FSLR,"First Solar, Inc.",Technology,Solar,23.18319,16.22,7.670213,10.96301,0.33,-0.037,0.233,0.44015998,0.42641997,0.32465,1.88,2.518,1.701,194010000,1726963968,1.794,19110279168,320.95,168.6,1785441600,2026-07-30,Yahoo Finance fundamentals via yfinance/GitHub Actions,2026-10-10T15:55:29+00:00,
FE,FE,FirstEnergy Corp.,Utilities,Utilities - Regulated Electric,2.94785,1.87,15.265363,24.06417,1.47,0.088,0.083,0.68605006,0.19304001,0.06939,200.908,0.541,0.35,28982999040,63000000,0.418,26029402112,52.34,42.67,1793131200,2026-10-27,Yahoo Finance fundamentals via yfinance/GitHub Actions,2026-10-10T15:55:29+00:00,
FISV,FISV,"Fiserv, Inc.",,,,,5.6958256,8.758158,,,,,,,,,,,,,24264515584,128.78,43.87,1793709000,2026-11-03,Yahoo Finance fundamentals via yfinance/GitHub Actions,2026-10-10T15:55:29+00:00,
FLEX,FLEX,Flex Ltd.,Technology,Electronic Components,7.05748,2.59,16.979149,46.26641,0.94,0.206,0.52,0.0953,0.0497,0.03325,107.818,1.38,0.701,5929999872,2840000000,1.658,44272447488,166.86,53.07,1793190600,2026-10-28,Yahoo Finance fundamentals via yfinance/GitHub Actions,2026-10-10T15:55:29+00:00,
F,F,Ford Motor Company,Consumer Cyclical,Auto Manufacturers,1.95621,-1.88,6.2212133,,8.48,-0.038,,0.07115,0.018819999,-0.03935,456.708,1.089,0.877,163296002048,22119999488,1.939,48529039360,17.78,11.11,1793217600,2026-10-28,Yahoo Finance fundamentals via yfinance/GitHub Actions,2026-10-10T15:55:29+00:00,
FTNT,FTNT,"Fortinet, Inc.",Technology,Software - Infrastructure,3.77777,2.83,51.551575,68.81625,2.11,0.256,0.439,0.80204004,0.33595002,0.28173,36.194,1.282,1.141,561400000,4069600000,1.037,142890729472,194.95,73.55,1793217600,2026-10-28,Yahoo Finance fundamentals via yfinance/GitHub Actions,2026-10-10T15:55:29+00:00,
FTV,FTV,Fortive Corporation,Technology,Scientific & Technical Instruments,3.25235,1.9,17.60573,30.13684,0.98,0.079,0.04,0.6323,0.19137,0.12382,59.283,1.241,0.802,3598099968,374200000,0.986,17456340992,64.56,47.95,1793190600,2026-10-28,Yahoo Finance fundamentals via yfinance/GitHub Actions,2026-10-10T15:55:29+00:00,
FOXA,FOXA,Fox Corporation,Communication Services,Entertainment,5.8377,3.84,10.690854,16.252605,1.11,0.281,0.031,0.36629,0.25214002,0.09839,64.06,3.169,2.872,7568000000,4204999936,0.613,26316650496,76.39,48.34,1786019400,2026-08-06,Yahoo Finance fundamentals via yfinance/GitHub Actions,2026-10-10T15:55:29+00:00,
FOX,FOX,Fox Corporation,Communication Services,Entertainment,5.745,3.84,9.728459,14.5546875,,0.281,0.031,0.36629,0.25214002,0.09839,64.06,3.169,2.872,7568000000,4204999936,0.613,23567339520,68.175,44.08,1786019400,2026-08-06,Yahoo Finance fundamentals via yfinance/GitHub Actions,2026-10-10T15:55:29+00:00,
BEN,BEN,"Franklin Templeton, Inc.",Financial Services,Asset Management,3.16639,1.47,10.106146,21.768707,0.4,0.143,1.067,0.37707,0.12979001,0.08717,24.805,5.486,1.114,3572100096,2670299904,1.576,16258460672,36.28,21.11,1793968200,2026-11-06,Yahoo Finance fundamentals via yfinance/GitHub Actions,2026-10-10T15:55:29+00:00,
FCX,FCX,"Freeport-McMoRan, Inc.",Basic Materials,Copper,4.31287,2.03,17.086071,36.300495,4.54,-0.073,0.281,0.38275,0.33404,0.113850005,32.149,2.066,0.795,10359000064,4080000000,1.389,105820135424,80.24,38.54,1793104200,2026-10-27,Yahoo Finance fundamentals via yfinance/GitHub Actions,2026-10-10T15:55:29+00:00,
GRMN,GRMN,Garmin Ltd.,Technology,Scientific & Technical Instruments,11.13434,9.69,24.10201,27.69453,2.97,0.114,0.353,0.60081,0.30438998,0.24471001,2.513,3.028,1.845,226856992,2666190080,0.83,51754889216,314.28,186.67,1793190600,2026-10-28,Yahoo Finance fundamentals via yfinance/GitHub Actions,2026-10-10T15:55:29+00:00,
IT,IT,"Gartner, Inc.",Technology,Information Technology Services,16.385,11.06,11.666158,17.283,0.73,-0.006,0.331,0.69629997,0.22623,0.11996,,0.88,0.75,3329496064,1488706048,0.978,12070926336,261.1,124.25,1785846600,2026-08-04,Yahoo Finance fundamentals via yfinance/GitHub Actions,2026-10-10T15:55:29+00:00,
GE,GE,GE Aerospace,Industrials,Aerospace & Defense,9.10003,8.48,33.868023,36.34434,3.93,0.211,0.194,0.31051,0.20571,0.17716,113.225,0.982,0.632,20230000640,9944999936,1.374,319776784384,388.84,268.91,1792499400,2026-10-20,Yahoo Finance fundamentals via yfinance/GitHub Actions,2026-10-10T15:55:29+00:00,
GEHC,GEHC,GE HealthCare Technologies Inc.,Healthcare,Medical Devices,5.40991,4.35,12.1517725,15.112643,1.62,0.058,0.168,0.39528,0.14976,0.093339995,93.965,1.264,0.831,10540999680,2079000064,0.848,29904584704,89.77,58.75,1793190600,2026-10-28,Yahoo Finance fundamentals via yfinance/GitHub Actions,2026-10-10T15:55:29+00:00,
GEV,GEV,GE Vernova Inc.,Industrials,Specialty Industrial Machinery,25.2703,34.88,39.759323,28.80533,2.01,0.219,0.328,0.2057,0.07466,0.23035,28.364,0.85,0.563,3720000000,12720000000,0.967,267593334784,1195.94,530.16,1793190600,2026-10-28,Yahoo Finance fundamentals via yfinance/GitHub Actions,2026-10-10T15:55:29+00:00,
GEN,GEN,Gen Digital Inc.,Technology,Software - Infrastructure,3.3091,1.71,7.0260797,13.596491,1.14,0.063,0.64,0.78007007,0.35554,0.20732,307.831,0.466,0.278,8176000000,533000000,1.257,13917148160,31.65,17.78,1793217600,2026-10-28,Yahoo Finance fundamentals via yfinance/GitHub Actions,2026-10-10T15:55:29+00:00,
GNRC,GNRC,Generac Holdlings Inc.,Industrials,Specialty Industrial Machinery,12.96999,4.35,17.343113,51.710346,0.63,0.106,0.92,0.39539,0.17932,0.05817,49.003,2.045,0.88,1410317952,271264000,1.916,13285841920,296.44,134.8,1785328200,2026-07-29,Yahoo Finance fundamentals via yfinance/GitHub Actions,2026-10-10T15:55:29+00:00,
GD,GD,General Dynamics Corporation,Industrials,Aerospace & Defense,18.63036,16.39,17.78119,20.211714,2.05,0.081,0.134,0.15375,0.1038,0.08179,35.335,1.441,0.852,9479000064,4333000192,0.329,89627475968,400.0,306.77,1793363400,2026-10-30,Yahoo Finance fundamentals via yfinance/GitHub Actions,2026-10-10T15:55:29+00:00,
GIS,GIS,"General Mills, Inc.",Consumer Defensive,Packaged Foods,3.15332,-1.64,10.240001,,11.74,-0.028,-0.667,0.33728,0.15243,-0.04891,182.422,0.704,0.318,13615599616,433100000,0.02,17265047552,49.71,31.18,1790166600,2026-09-23,Yahoo Finance fundamentals via yfinance/GitHub Actions,2026-10-10T15:55:29+00:00,
GM,GM,General Motors Company,Consumer Cyclical,Auto Manufacturers,15.11809,2.23,5.4722524,37.098656,0.29,0.019,-0.262,0.10177,0.03202,0.01051,202.341,1.136,0.892,128771997696,24718999552,1.4,72591564800,91.85,54.33,1792499400,2026-10-20,Yahoo Finance fundamentals via yfinance/GitHub Actions,2026-10-10T15:55:29+00:00,
GPC,GPC,Genuine Parts Company,Consumer Cyclical,Auto Parts,8.31394,0.25,15.277954,508.08,1.32,0.06,-0.098,0.37564,0.06562,0.00131,146.415,1.159,0.419,6652785152,559118016,0.677,17510946816,151.57,90.78,1792499400,2026-10-20,Yahoo Finance fundamentals via yfinance/GitHub Actions,2026-10-10T15:55:29+00:00,
GILD,GILD,"Gilead Sciences, Inc.",Healthcare,Drug Manufacturers - General,9.91842,-2.65,15.241339,,2.14,0.102,,0.79603994,0.33679,-0.10637999,223.465,1.265,0.902,26246000640,4881999872,0.332,187444019200,157.29,114.02,1785873600,2026-08-04,Yahoo Finance fundamentals via yfinance/GitHub Actions,2026-10-10T15:55:29+00:00,
GPN,GPN,Global Payments Inc.,Industrials,Specialty Business Services,16.03747,2.13,5.1254964,38.591545,0.2,0.686,-0.952,0.63959,0.16108,-0.091529995,98.273,0.825,0.494,23555809280,5408962048,0.805,21751629824,95.88,61.16,1785933000,2026-08-05,Yahoo Finance fundamentals via yfinance/GitHub Actions,2026-10-10T15:55:29+00:00,
GL,GL,Globe Life Inc.,Financial Services,Insurance - Life,16.49824,15.07,9.950759,10.893829,1.3,0.08,0.197,0.33905998,0.24642,0.19577,55.675,0.795,0.64,3427248896,455380992,0.439,12616373248,191.55,127.85,1792612800,2026-10-21,Yahoo Finance fundamentals via yfinance/GitHub Actions,2026-10-10T15:55:29+00:00,
GDDY,GDDY,GoDaddy Inc.,Technology,Software - Infrastructure,11.0275,6.72,9.462707,15.528275,0.54,0.066,0.298,0.63802,0.27056998,0.17834999,57334.33,0.632,0.415,3841400064,1202499968,0.94,13215687680,137.927,71.59,1793304000,2026-10-29,Yahoo Finance fundamentals via yfinance/GitHub Actions,2026-10-10T15:55:29+00:00,
GS,GS,"Goldman Sachs Group, Inc. (The)",Financial Services,Capital Markets,72.16346,64.75,12.406834,13.827336,1.13,0.425,0.923,0.82075995,0.42176998,0.31039,725.381,1.563,1.407,897484980224,1156854054912,1.284,260691574784,1153.99,740.01,1791894600,2026-10-13,Yahoo Finance fundamentals via yfinance/GitHub Actions,2026-10-10T15:55:29+00:00,
HAL,HAL,Halliburton Company,Energy,Oil & Gas Equipment & Services,2.90016,1.9,11.223518,17.131578,0.68,0.037,0.161,0.15076,0.12793,0.0716,74.186,2.018,1.252,8199000064,2048000000,0.839,27192197120,43.59,21.46,1792499400,2026-10-20,Yahoo Finance fundamentals via yfinance/GitHub Actions,2026-10-10T15:55:29+00:00,
HIG,HIG,"The Hartford Insurance Group, I",Financial Services,Insurance - Diversified,13.72861,14.13,9.4044485,9.137297,0.12,0.081,0.361,0.37868,0.17615,0.1489,22.33,1.772,0.999,4384000000,3991000064,0.493,34972282880,146.07,120.33,1793044800,2026-10-26,Yahoo Finance fundamentals via yfinance/GitHub Actions,2026-10-10T15:55:29+00:00,
HAS,HAS,"Hasbro, Inc.",Consumer Cyclical,Leisure,6.50255,5.59,14.351293,16.694096,1.66,0.162,,0.63822,0.22157,0.15968001,531.042,1.661,1.295,3878200064,1378200064,0.441,13162269696,106.98,69.5,1792499400,2026-10-20,Yahoo Finance fundamentals via yfinance/GitHub Actions,2026-10-10T15:55:29+00:00,
HCA,HCA,"HCA Healthcare, Inc.",Healthcare,Medical Care Facilities,32.0063,29.83,14.093787,15.122025,1.32,0.087,0.116,0.42580003,0.15161,0.08768,,0.993,0.775,51552002048,1130000000,1.11,100069720064,556.52,353.99,1793104200,2026-10-27,Yahoo Finance fundamentals via yfinance/GitHub Actions,2026-10-10T15:55:29+00:00,
DOC,DOC,"Healthpeak Properties, Inc.",Real Estate,REIT - Healthcare Facilities,0.14,0.35,134.2857,53.714283,4.32,0.111,0.682,0.57648,0.1599,0.08248,108.653,2.286,1.928,10320379904,1640912000,0.988,13328207872,22.95,15.7,1793649600,2026-11-02,Yahoo Finance fundamentals via yfinance/GitHub Actions,2026-10-10T15:55:29+00:00,
HSIC,HSIC,"Henry Schein, Inc.",Healthcare,Medical Distribution,5.98307,3.41,14.041287,24.636364,1.69,0.067,0.171,0.31319,0.057550002,0.02963,80.733,1.319,0.55,3812999936,157000000,0.843,9570147328,92.18,61.95,1785846600,2026-08-04,Yahoo Finance fundamentals via yfinance/GitHub Actions,2026-10-10T15:55:29+00:00,
HSY,HSY,The Hershey Company,Consumer Defensive,Confectioners,9.85867,7.32,16.507298,22.23224,0.81,0.066,6.31,0.38377,0.23119,0.12242,129.821,1.18,0.507,5923312128,791212992,0.089,32698644480,239.48,156.16,1793277000,2026-10-29,Yahoo Finance fundamentals via yfinance/GitHub Actions,2026-10-10T15:55:29+00:00,
HPE,HPE,Hewlett Packard Enterprise Comp,Technology,Communication Equipment,4.70878,1.94,15.600644,37.86598,0.56,0.337,4.102,0.36622003,0.12560001,0.06666,76.464,1.113,0.534,20320999424,6216000000,1.404,97515569152,73.56,19.84,1788379200,2026-09-02,Yahoo Finance fundamentals via yfinance/GitHub Actions,2026-10-10T15:55:29+00:00,
HLT,HLT,Hilton Worldwide Holdings Inc.,Consumer Cyclical,Lodging,10.45504,6.82,31.234695,47.882698,1.33,0.025,0.141,0.79036003,0.62987,0.31034002,,0.649,0.551,14023000064,1009000000,1.105,73497198592,358.0,253.54,1793104200,2026-10-27,Yahoo Finance fundamentals via yfinance/GitHub Actions,2026-10-10T15:55:29+00:00,
HD,HD,"Home Depot, Inc. (The)",Consumer Cyclical,Home Improvement Retail,16.0248,14.29,18.143127,20.345695,1.51,0.057,0.046,0.32801,0.12858,0.0841,380.261,1.078,0.259,63188000768,2084999936,0.999,290068267008,397.63,277.15,1794918600,2026-11-17,Yahoo Finance fundamentals via yfinance/GitHub Actions,2026-10-10T15:55:29+00:00,
HONA,HONA,Honeywell Aerospace Inc.,Industrials,Aerospace & Defense,8.92452,3.28,17.697311,48.15244,1.01,0.054,-0.709,0.34535,0.14684,0.10862,,1.526,0.764,16149000192,1057000000,,50059513856,297.5,149.19,1793217600,2026-10-28,Yahoo Finance fundamentals via yfinance/GitHub Actions,2026-10-10T15:55:29+00:00,
HON,HON,Honeywell International Inc.,Industrials,Conglomerates,9.84157,27.09,21.107405,7.668143,3.48,0.043,2.639,0.36511,0.20249,0.21581,185.369,1.211,0.756,34955001856,9196000256,0.888,65837944832,260.28317,195.86786,1792672200,2026-10-22,Yahoo Finance fundamentals via yfinance/GitHub Actions,2026-10-10T15:55:29+00:00,
HRL,HRL,Hormel Foods Corporation,Consumer Defensive,Packaged Foods,1.56567,0.62,12.256734,30.951614,1.37,-0.024,-0.672,0.15741,0.08615,0.028210001,36.326,1.882,0.886,2855122944,868446016,0.289,10561231872,26.6,19.16,1787833800,2026-08-27,Yahoo Finance fundamentals via yfinance/GitHub Actions,2026-10-10T15:55:29+00:00,
HST,HST,"Host Hotels & Resorts, Inc.",Real Estate,REIT - Hotel & Motel,1.05559,1.48,21.457193,15.304053,3.41,0.036,0.084,0.29195,0.18215,0.16474001,85.298,1.671,1.669,5645000192,1952999936,1.117,15735554048,25.71,15.61,1793822400,2026-11-04,Yahoo Finance fundamentals via yfinance/GitHub Actions,2026-10-10T15:55:29+00:00,
HWM,HWM,Howmet Aerospace Inc.,Industrials,Aerospace & Defense,6.49309,4.7,34.692265,47.92766,0.8,0.241,0.33,0.36032,0.28504,0.20522,81.368,1.818,0.695,4664000000,563000000,1.204,89834004480,310.0,185.83,1793277000,2026-10-29,Yahoo Finance fundamentals via yfinance/GitHub Actions,2026-10-10T15:55:29+00:00,
HPQ,HPQ,HP Inc.,Technology,Computer Hardware,3.13797,2.62,9.624057,11.526718,3.39,0.125,-0.113,0.1966,0.05396,0.04143,,0.788,0.44,10339000320,4168999936,1.19,27234088960,36.23,17.56,1787774400,2026-08-26,Yahoo Finance fundamentals via yfinance/GitHub Actions,2026-10-10T15:55:29+00:00,
HUBB,HUBB,Hubbell Inc,Industrials,Electrical Equipment & Parts,22.96434,16.89,20.645487,28.070456,2.02,0.153,-0.009,0.35338002,0.21666999,0.14491999,141.642,1.609,0.826,5556599808,394700000,0.846,25052813312,565.4999,403.82,1785241800,2026-07-28,Yahoo Finance fundamentals via yfinance/GitHub Actions,2026-10-10T15:55:29+00:00,
HUM,HUM,Humana Inc.,Healthcare,Healthcare Plans,16.59234,10.58,26.028275,40.81947,1.35,0.262,0.271,0.13653,0.034649998,0.00878,76.485,1.742,1.285,14744000512,23871000576,0.744,51859079168,456.5,163.11,1793968200,2026-11-06,Yahoo Finance fundamentals via yfinance/GitHub Actions,2026-10-10T15:55:29+00:00,
HBAN,HBAN,Huntington Bancshares Incorpora,Financial Services,Banks - Regional,1.76956,1.3,8.657519,11.7846155,1.83,0.476,-0.029,0.0,0.41932,0.26131,,,,22609999872,16606999552,0.972,30952755200,19.46,14.82,1792672200,2026-10-22,Yahoo Finance fundamentals via yfinance/GitHub Actions,2026-10-10T15:55:29+00:00,
HII,HII,"Huntington Ingalls Industries, ",Industrials,Aerospace & Defense,20.96186,16.78,12.632465,15.78069,0.81,0.109,0.365,0.124,0.0708,0.05013,55.252,1.23,1.1,2935000064,12000000,0.21,10434337792,460.0,256.79,1793277000,2026-10-29,Yahoo Finance fundamentals via yfinance/GitHub Actions,2026-10-10T15:55:29+00:00,
IBM,IBM,International Business Machines,Technology,Information Technology Services,13.15241,11.25,17.26908,20.189333,2.09,0.011,-0.018,0.58098,0.16548,0.15522,188.97,0.791,0.609,65272000512,8131999744,0.724,213986983936,332.46,199.19,1792612800,2026-10-21,Yahoo Finance fundamentals via yfinance/GitHub Actions,2026-10-10T15:55:29+00:00,
IEX,IEX,IDEX Corporation,Industrials,Specialty Industrial Machinery,9.62906,6.95,24.331554,33.710793,1.8,0.064,0.109,0.4473,0.2217,0.1449,47.06,3.049,2.01,1885500032,621299968,0.96,17271834624,243.8,159.27,1793190600,2026-10-28,Yahoo Finance fundamentals via yfinance/GitHub Actions,2026-10-10T15:55:29+00:00,
IDXX,IDXX,"IDEXX Laboratories, Inc.",Healthcare,Diagnostics & Research,16.73722,14.23,30.948986,36.40197,2.82,0.097,0.176,0.62446,0.3498,0.25030002,67.971,1.172,0.729,1096081024,196932992,1.548,40861392896,769.98,500.61,1793622600,2026-11-02,Yahoo Finance fundamentals via yfinance/GitHub Actions,2026-10-10T15:55:29+00:00,
ITW,ITW,Illinois Tool Works Inc.,Industrials,Specialty Industrial Machinery,12.33685,11.03,21.409842,23.94651,2.48,0.061,0.101,0.44162,0.26900998,0.19393998,334.853,1.109,0.74,9694000128,839000000,0.975,75224227840,303.16,238.82,1785241800,2026-07-28,Yahoo Finance fundamentals via yfinance/GitHub Actions,2026-10-10T15:55:29+00:00,
ILMN,ILMN,"Illumina, Inc.",Healthcare,Diagnostics & Research,6.11835,5.36,45.464874,51.89739,3.38,0.094,-0.094,0.67934996,0.21139,0.18336001,89.042,1.796,1.248,2527000064,1168000000,1.416,42003673088,309.35,88.0,1793304000,2026-10-29,Yahoo Finance fundamentals via yfinance/GitHub Actions,2026-10-10T15:55:29+00:00,
INCY,INCY,Incyte Corporation,Healthcare,Biotechnology,8.73405,7.85,12.913826,14.368154,10.82,0.377,0.377,0.55659,0.41899,0.27706,0.603,4.593,4.314,38267000,4535739904,0.739,22862278656,132.6,82.82,1793277000,2026-10-29,Yahoo Finance fundamentals via yfinance/GitHub Actions,2026-10-10T15:55:29+00:00,
IR,IR,Ingersoll Rand Inc.,Industrials,Specialty Industrial Machinery,3.91157,2.43,20.13258,32.407406,0.64,0.085,,0.42821,0.16882999,0.12076,47.903,1.616,1.016,4906699776,1181699968,1.152,30554953728,100.96,68.07,1793304000,2026-10-29,Yahoo Finance fundamentals via yfinance/GitHub Actions,2026-10-10T15:55:29+00:00,
PODD,PODD,Insulet Corporation,Healthcare,Medical Devices,7.73103,5.37,17.498316,25.191807,1.06,0.235,3.286,0.71075,0.16178,0.12291,66.685,2.485,1.51,948400000,534900000,1.101,9382236160,354.88,126.4,1793795400,2026-11-04,Yahoo Finance fundamentals via yfinance/GitHub Actions,2026-10-10T15:55:29+00:00,
INTC,INTC,Intel Corporation,Technology,Semiconductors,2.08267,-2.12,50.272007,,1.36,0.254,,0.38873002,0.12189999,-0.19794,48.997,1.604,1.157,50537000960,29727000576,2.23,553455190016,142.35,32.89,1793304000,2026-10-29,Yahoo Finance fundamentals via yfinance/GitHub Actions,2026-10-10T15:55:29+00:00,
IBKR,IBKR,"Interactive Brokers Group, Inc.",Financial Services,Capital Markets,3.25555,2.52,26.990833,34.86905,1.46,0.263,0.353,0.93036,0.76532996,0.16474001,205.748,1.093,1.093,45779001344,130858999808,1.37,149714272256,98.75,58.95,1792094400,2026-10-15,Yahoo Finance fundamentals via yfinance/GitHub Actions,2026-10-10T15:55:29+00:00,
ICE,ICE,Intercontinental Exchange Inc.,Financial Services,Financial Data & Stock Exchanges,8.87586,7.09,17.597168,22.02962,2.12,0.048,0.142,1.0,0.52626,0.38246,69.226,1.012,0.024,20526999552,1067000000,0.944,87684210688,176.05,121.79,1793277000,2026-10-29,Yahoo Finance fundamentals via yfinance/GitHub Actions,2026-10-10T15:55:29+00:00,
IFF,IFF,International Flavors & Fragran,Basic Materials,Specialty Chemicals,3.96497,1.01,21.324247,83.712875,1.73,0.018,-0.916,0.36583,0.08495,0.02569,44.821,2.061,0.491,6279000064,569000000,0.928,21585909760,89.32,59.5,1785873600,2026-08-04,Yahoo Finance fundamentals via yfinance/GitHub Actions,2026-10-10T15:55:29+00:00,
IP,IP,International Paper Company,Consumer Cyclical,Packaging & Containers,3.02552,-5.17,10.616356,,1.58,-0.022,,0.29608,0.02298,-0.14205,68.509,1.098,0.682,9902999552,726000000,0.889,17009783808,50.25,29.26,1793190600,2026-10-28,Yahoo Finance fundamentals via yfinance/GitHub Actions,2026-10-10T15:55:29+00:00,
INTU,INTU,Intuit Inc.,Technology,Software - Application,27.07542,16.46,11.181728,18.393076,0.92,0.137,-0.014,0.80982,0.17638999,0.21289,44.34,1.507,0.782,8421000192,7200000000,1.009,80905699328,689.17,252.84,1787688000,2026-08-25,Yahoo Finance fundamentals via yfinance/GitHub Actions,2026-10-10T15:55:29+00:00,
ISRG,ISRG,"Intuitive Surgical, Inc.",Healthcare,Medical Instruments & Supplies,12.11179,8.72,35.00391,48.619263,1.88,0.185,0.265,0.66679,0.33603,0.28445998,,4.963,3.636,0,5216200192,1.463,149775761408,603.88,328.57,1792526400,2026-10-20,Yahoo Finance fundamentals via yfinance/GitHub Actions,2026-10-10T15:55:29+00:00,
IVZ,IVZ,Invesco Ltd,Financial Services,Asset Management,3.27635,-0.68,9.006974,,0.9,0.205,,0.2952,0.19950001,-0.00934,12.056,0.708,0.708,1624000000,915400000,1.631,13028658176,33.66,20.67,1793104200,2026-10-27,Yahoo Finance fundamentals via yfinance/GitHub Actions,2026-10-10T15:55:29+00:00,
INVH,INVH,Invitation Homes Inc.,Real Estate,REIT - Residential,0.71089,1.09,37.685158,24.577982,13.14,0.101,0.605,0.56262,0.25115,0.23197001,94.425,0.43,0.142,8585699840,113062000,0.833,15822796800,30.893,24.25,1793217600,2026-10-28,Yahoo Finance fundamentals via yfinance/GitHub Actions,2026-10-10T15:55:29+00:00,
IQV,IQV,"IQVIA Holdings, Inc.",Healthcare,Diagnostics & Research,14.43085,8.05,18.008642,32.28323,0.95,0.087,-0.006,0.32968,0.13027,0.08096,257.975,0.706,0.62,16254999552,2080000000,1.174,42776248320,277.4,154.5,1793104200,2026-10-27,Yahoo Finance fundamentals via yfinance/GitHub Actions,2026-10-10T15:55:29+00:00,
IRM,IRM,Iron Mountain Incorporated (Del,Real Estate,REIT - Specialty,2.72684,1.4,41.993664,81.79286,2.7,0.185,,0.5421,0.19059,0.055359997,,0.726,0.584,19947120640,204792992,1.189,34089949184,134.68,77.77,1785933000,2026-08-05,Yahoo Finance fundamentals via yfinance/GitHub Actions,2026-10-10T15:55:29+00:00,
JBHT,JBHT,"J.B. Hunt Transport Services, I",Industrials,Integrated Freight & Logistics,9.89429,7.03,23.17094,32.611664,1.63,0.194,0.458,0.18505,0.07423,0.05311,38.373,1.255,1.014,1403336960,4162000,1.311,21527513088,299.76,136.51,1792094400,2026-10-15,Yahoo Finance fundamentals via yfinance/GitHub Actions,2026-10-10T15:55:29+00:00,
JBL,JBL,Jabil Inc.,Technology,Electronic Components,22.16809,9.75,13.816256,31.413334,0.82,0.286,0.89,0.092259996,0.0585,0.02898,248.609,0.993,0.441,4020000000,1739000064,1.295,32094189568,428.93,189.6,1790771400,2026-09-30,Yahoo Finance fundamentals via yfinance/GitHub Actions,2026-10-10T15:55:29+00:00,
JKHY,JKHY,"Jack Henry & Associates, Inc.",Technology,Information Technology Services,7.90385,6.98,18.890793,21.391117,1.76,0.047,-0.104,0.43897998,0.22503,0.19760999,3.793,1.167,0.734,77821000,12056000,0.563,10468422656,193.39,121.04,1787083200,2026-08-18,Yahoo Finance fundamentals via yfinance/GitHub Actions,2026-10-10T15:55:29+00:00,
J,J,Jacobs Solutions Inc.,Industrials,Engineering & Construction,8.26198,3.01,16.842209,46.229233,0.42,0.345,-0.254,0.22067,0.07387,0.0238,124.734,1.287,1.25,4054662912,1179111936,0.698,16430953472,168.44,105.68,1785873600,2026-08-04,Yahoo Finance fundamentals via yfinance/GitHub Actions,2026-10-10T15:55:29+00:00,
JNJ,JNJ,Johnson & Johnson,Healthcare,Drug Manufacturers - General,12.138,8.63,21.538969,30.294321,2.67,0.066,-0.009,0.6814,0.2919,0.21482,57.709,1.089,0.725,49036001280,20757999616,0.206,630043836416,281.07,184.66,1791894600,2026-10-13,Yahoo Finance fundamentals via yfinance/GitHub Actions,2026-10-10T15:55:29+00:00,
JCI,JCI,Johnson Controls International ,Industrials,Building Products & Equipment,6.10377,3.54,25.793896,44.47458,1.81,0.093,0.153,0.36651,0.15875,0.14319,70.107,1.0,0.675,9475000320,641000000,1.28,95367929856,160.41,104.49,1793104200,2026-10-27,Yahoo Finance fundamentals via yfinance/GitHub Actions,2026-10-10T15:55:29+00:00,
JPM,JPM,JP Morgan Chase & Co.,Financial Services,Banks - Diversified,25.12247,23.34,13.254667,14.266923,1.53,0.304,0.469,0.0,0.50394,0.34921002,,,,1343306989568,1526419030016,1.015,885149401088,366.5,279.1,1791894600,2026-10-13,Yahoo Finance fundamentals via yfinance/GitHub Actions,2026-10-10T15:55:29+00:00,
KVUE,KVUE,Kenvue Inc.,Consumer Defensive,Household & Personal Products,1.23981,0.86,14.2763815,20.581396,1.4,0.03,0.085,0.58437,0.19418,0.107609995,81.617,1.005,0.611,8613000192,1110000000,0.447,33997692928,20.13,14.02,1786019400,2026-08-06,Yahoo Finance fundamentals via yfinance/GitHub Actions,2026-10-10T15:55:29+00:00,
KDP,KDP,Keurig Dr Pepper Inc.,Consumer Defensive,Beverages - Non-Alcoholic,2.53047,0.99,12.551028,32.080807,0.96,0.756,-0.9,0.50956,0.12888,0.07103,99.649,0.479,0.2,33528000512,1526000000,0.41,43219832832,33.82,24.88,1793709000,2026-11-03,Yahoo Finance fundamentals via yfinance/GitHub Actions,2026-10-10T15:55:29+00:00,
KEY,KEY,KeyCorp,Financial Services,Banks - Regional,2.15189,1.72,9.280213,11.610464,1.31,0.101,0.253,0.0,0.3471,0.2754,,,,15345999872,2843000064,1.087,21310556160,24.07,16.47,1792499400,2026-10-20,Yahoo Finance fundamentals via yfinance/GitHub Actions,2026-10-10T15:55:29+00:00,
KEYS,KEYS,Keysight Technologies Inc.,Technology,Scientific & Technical Instruments,13.93407,7.55,27.468643,50.695362,0.77,0.365,1.091,0.63278997,0.25677,0.19143,42.094,2.024,1.43,2766000128,2604999936,1.177,65161179136,389.93,160.51,1787083200,2026-08-18,Yahoo Finance fundamentals via yfinance/GitHub Actions,2026-10-10T15:55:29+00:00,
KMB,KMB,Kimberly-Clark Corporation,Consumer Defensive,Household & Personal Products,7.44698,5.07,13.104641,19.24852,1.98,0.006,-0.323,0.37612998,0.19002001,0.1179,348.933,0.909,0.403,6538999808,956000000,0.275,32394057728,123.09,92.42,1785846600,2026-08-04,Yahoo Finance fundamentals via yfinance/GitHub Actions,2026-10-10T15:55:29+00:00,
KIM,KIM,Kimco Realty Corporation (HC),Real Estate,REIT - Retail,0.9,0.85,24.622223,26.070587,3.37,0.049,-0.058,0.68933,0.36565,0.27759,84.993,0.971,0.97,8858840064,702396032,0.965,14864692224,26.65,19.76,1793277000,2026-10-29,Yahoo Finance fundamentals via yfinance/GitHub Actions,2026-10-10T15:55:29+00:00,
KMI,KMI,"Kinder Morgan, Inc.",Energy,Oil & Gas Midstream,1.54454,1.55,21.035389,20.961292,3.28,0.108,0.212,0.49407002,0.30065,0.19305,98.619,0.458,0.293,32425000960,91000000,0.583,72284594176,34.81,25.6,1784750400,2026-07-22,Yahoo Finance fundamentals via yfinance/GitHub Actions,2026-10-10T15:55:29+00:00,
KKR,KKR,KKR & Co. Inc.,Financial Services,Asset Management,7.4091,3.13,12.275445,29.057507,0.39,0.078,0.4,0.54767,0.2065,0.12201,69.812,0.856,0.817,56163958784,47556554752,1.827,84000555008,144.84,82.67,1794227400,2026-11-09,Yahoo Finance fundamentals via yfinance/GitHub Actions,2026-10-10T15:55:29+00:00,
KLAC,KLAC,KLA Corporation,Technology,Semiconductor Equipment & Materials,6.74039,3.66,29.014643,53.434425,1.89,0.152,0.138,0.61301,0.42486,0.35574,96.88,2.876,1.841,6151712768,4902408192,1.447,255220121600,307.37,99.855,1793217600,2026-10-28,Yahoo Finance fundamentals via yfinance/GitHub Actions,2026-10-10T15:55:29+00:00,
KHC,KHC,The Kraft Heinz Company,Consumer Defensive,Packaged Foods,2.08157,-2.87,10.698656,,0.99,-0.014,,0.33498,0.1549,-0.13639,52.591,1.061,0.57,19000999936,2680999936,0.111,26408294400,28.09,21.035,1785933000,2026-08-05,Yahoo Finance fundamentals via yfinance/GitHub Actions,2026-10-10T15:55:29+00:00,
KR,KR,Kroger Company (The),Consumer Defensive,Grocery Stores,5.50414,1.8,11.198843,34.244446,0.56,0.02,0.153,0.23900999,0.029779999,0.0072600003,413.24,0.702,0.21,24157999104,1676000000,0.353,36403884032,76.58,54.15,1789129800,2026-09-11,Yahoo Finance fundamentals via yfinance/GitHub Actions,2026-10-10T15:55:29+00:00,
LHX,LHX,"L3Harris Technologies, Inc.",Industrials,Aerospace & Defense,13.53933,9.92,17.502344,23.888105,1.18,0.084,0.283,0.25484,0.12566,0.08172,52.753,1.184,0.839,10999000064,1520999936,0.505,44127281152,379.23,232.34,1793277000,2026-10-29,Yahoo Finance fundamentals via yfinance/GitHub Actions,2026-10-10T15:55:29+00:00,
LH,LH,Labcorp Holdings Inc.,Healthcare,Diagnostics & Research,19.83635,12.09,15.736262,25.818857,1.21,0.058,0.282,0.28882998,0.1224,0.069860004,79.124,1.796,1.246,6823000064,141800000,0.846,25315364864,341.8,244.52,1793190600,2026-10-28,Yahoo Finance fundamentals via yfinance/GitHub Actions,2026-10-10T15:55:29+00:00,
LRCX,LRCX,Lam Research Corporation,Technology,Semiconductor Equipment & Materials,11.76415,5.76,27.10268,55.354164,1.55,0.3,0.348,0.50469,0.37390998,0.31272,33.049,2.629,1.839,4121564928,5579170816,1.854,399004139520,438.5,134.04,1792612800,2026-10-21,Yahoo Finance fundamentals via yfinance/GitHub Actions,2026-10-10T15:55:29+00:00,
LVS,LVS,Las Vegas Sands Corp.,Consumer Cyclical,Resorts & Casinos,3.49883,2.57,10.337741,14.07393,0.77,-0.007,-0.198,0.79335,0.19658001,0.12588,1703.902,0.997,0.927,15283999744,3376000000,0.768,23427350528,70.45,35.28,1784750400,2026-07-22,Yahoo Finance fundamentals via yfinance/GitHub Actions,2026-10-10T15:55:29+00:00,
LDOS,LDOS,"Leidos Holdings, Inc.",Technology,Information Technology Services,12.73937,10.93,9.551493,11.132662,2.46,0.072,-0.067,0.17795,0.11715999,0.07803,123.276,1.629,1.154,6577999872,748000000,0.59,15305575424,205.77,98.86,1793709000,2026-11-03,Yahoo Finance fundamentals via yfinance/GitHub Actions,2026-10-10T15:55:29+00:00,
LEN,LEN,Lennar Corporation,Consumer Cyclical,Residential Construction,5.25814,5.28,14.585006,14.524621,11.3,-0.087,-0.482,0.16014999,0.056929998,0.04092,28.201,10.135,1.092,6118689792,1200945024,1.376,18244569088,133.76,73.75,1789588800,2026-09-16,Yahoo Finance fundamentals via yfinance/GitHub Actions,2026-10-10T15:55:29+00:00,
LII,LII,"Lennox International, Inc.",Industrials,Building Products & Equipment,25.92793,22.68,13.747337,15.716049,0.93,0.03,0.001,0.33330002,0.22856002,0.14871,156.082,1.569,0.674,2024700032,52100000,1.163,12318807040,587.27,350.22,1793190600,2026-10-28,Yahoo Finance fundamentals via yfinance/GitHub Actions,2026-10-10T15:55:29+00:00,
LLY,LLY,Eli Lilly and Company,Healthcare,Drug Manufacturers - General,47.59245,29.79,24.778511,39.5861,1.12,0.477,0.262,0.83399004,0.54222,0.33528998,162.071,1.355,0.679,54907998208,8949999616,0.453,1051150647296,1292.65,783.85,1793277000,2026-10-29,Yahoo Finance fundamentals via yfinance/GitHub Actions,2026-10-10T15:55:29+00:00,
LIN,LIN,Linde plc,Basic Materials,Specialty Chemicals,19.57572,15.49,24.710714,31.228537,1.9,0.093,0.113,0.48348,0.28119,0.20435,68.947,0.879,0.68,28013000704,4897999872,0.713,222989942784,548.2,387.78,1793277000,2026-10-29,Yahoo Finance fundamentals via yfinance/GitHub Actions,2026-10-10T15:55:29+00:00,
LYV,LYV,"Live Nation Entertainment, Inc.",Communication Services,Entertainment,1.93235,-1.11,88.14655,,4.48,0.094,1.562,0.25777,0.06696,0.00513,620.214,0.852,0.681,11282711552,9071948800,1.171,39679991808,189.25,125.34,1785441600,2026-07-30,Yahoo Finance fundamentals via yfinance/GitHub Actions,2026-10-10T15:55:29+00:00,
LMT,LMT,Lockheed Martin Corporation,Industrials,Aerospace & Defense,32.65202,27.13,15.606691,18.783266,0.96,0.105,4.438,0.11798,0.119569995,0.08163,234.238,1.193,0.974,20537999360,3791000064,0.095,117608660992,692.0,437.25,1792672200,2026-10-22,Yahoo Finance fundamentals via yfinance/GitHub Actions,2026-10-10T15:55:29+00:00,
L,L,Loews Corporation,Financial Services,Insurance - Property & Casualty,2.9,8.16,36.789654,13.074756,1.32,0.039,0.156,0.36290002,0.14533,0.09024,44.609,0.507,0.507,8935999488,6397000192,0.503,21810393088,121.01,97.38,1785760200,2026-08-03,Yahoo Finance fundamentals via yfinance/GitHub Actions,2026-10-10T15:55:29+00:00,
LOW,LOW,"Lowe's Companies, Inc.",Consumer Cyclical,Home Improvement Retail,13.0,11.83,14.307693,15.722739,1.17,0.083,0.0,0.32994,0.13365,0.073460005,,1.105,0.209,42031001600,3172000000,0.878,104356044800,293.06,178.45,1795005000,2026-11-18,Yahoo Finance fundamentals via yfinance/GitHub Actions,2026-10-10T15:55:29+00:00,
LULU,LULU,lululemon athletica inc.,Consumer Cyclical,Apparel Retail,8.64621,12.15,10.929645,7.777778,0.94,-0.043,-0.059,0.54895,0.13212,0.12782,44.689,2.19,0.866,2141127040,1389736960,0.922,10945555456,225.98,90.38,1788465600,2026-09-03,Yahoo Finance fundamentals via yfinance/GitHub Actions,2026-10-10T15:55:29+00:00,
LITE,LITE,Lumentum Holdings Inc.,Technology,Communication Equipment,35.60381,-92.96,30.98966,,0.63,1.093,,0.44244,0.27954,-2.3009598,35.987,1.678,1.318,1671200000,2738400000,1.536,99944595456,1143.0,152.54,1793908800,2026-11-05,Yahoo Finance fundamentals via yfinance/GitHub Actions,2026-10-10T15:55:29+00:00,
LYB,LYB,LyondellBasell Industries NV,Basic Materials,Specialty Chemicals,6.21803,-0.83,9.654183,,1.53,0.198,3.96,0.12888,0.17924999,-0.01132,132.759,1.641,0.931,14330000384,2648999936,0.346,19391967232,83.94,41.58,1793363400,2026-10-30,Yahoo Finance fundamentals via yfinance/GitHub Actions,2026-10-10T15:55:29+00:00,
MTB,MTB,M&T Bank Corporation,Financial Services,Banks - Regional,21.04615,18.92,10.333957,11.495243,1.3,0.062,0.255,0.0,0.45108002,0.32092,,,,18684999680,17679998976,0.615,31521476608,255.95,174.76,1792153800,2026-10-16,Yahoo Finance fundamentals via yfinance/GitHub Actions,2026-10-10T15:55:29+00:00,
MPC,MPC,Marathon Petroleum Corporation,Energy,Oil & Gas Refining & Marketing,52.2832,28.88,8.703178,15.755887,1.0,0.537,3.48,0.12819,0.13561,0.05549,133.328,1.25,0.857,34292000768,7768000000,0.541,132839931904,470.0,161.93,1793709000,2026-11-03,Yahoo Finance fundamentals via yfinance/GitHub Actions,2026-10-10T15:55:29+00:00,
MAR,MAR,Marriott International,Consumer Cyclical,Lodging,13.15768,9.66,27.807335,37.87578,1.81,0.111,0.043,0.79241997,0.65276,0.35029998,,0.535,0.481,17774000128,462000000,1.167,95409168384,410.98,256.76,1793622600,2026-11-02,Yahoo Finance fundamentals via yfinance/GitHub Actions,2026-10-10T15:55:29+00:00,
MRSH,MRSH,Marsh,Financial Services,Insurance Brokers,11.42204,8.18,15.387794,21.486551,1.51,0.062,0.073,0.43994,0.26323998,0.14241,145.027,1.139,0.528,22382000128,1700000000,0.585,83874652160,207.28,156.6,1792067400,2026-10-15,Yahoo Finance fundamentals via yfinance/GitHub Actions,2026-10-10T15:55:29+00:00,
MLM,MLM,"Martin Marietta Materials, Inc.",Basic Materials,Building Materials,21.61219,15.38,22.133343,31.102081,1.83,0.21,-0.232,0.2823,0.20185,0.36737,54.945,1.407,0.651,6344999936,112000000,1.085,33972123648,710.97,470.19,1785414600,2026-07-30,Yahoo Finance fundamentals via yfinance/GitHub Actions,2026-10-10T15:55:29+00:00,
MRVL,MRVL,"Marvell Technology, Inc.",Technology,Semiconductors,7.28277,3.04,37.798805,90.552635,0.96,0.365,0.5,0.52216,0.16679001,0.27934998,28.525,3.168,2.461,5286099968,3932800000,2.26,247395418112,329.88,70.69,1787860800,2026-08-27,Yahoo Finance fundamentals via yfinance/GitHub Actions,2026-10-10T15:55:29+00:00,
MAS,MAS,Masco Corporation,Industrials,Building Products & Equipment,4.65513,4.34,14.768653,15.841013,1.6,-0.029,0.245,0.37205002,0.23645,0.11614,,1.865,1.148,3492999936,548000000,1.291,13556635648,83.64,58.16,1793190600,2026-10-28,Yahoo Finance fundamentals via yfinance/GitHub Actions,2026-10-10T15:55:29+00:00,
MA,MA,Mastercard Incorporated,Financial Services,Credit Services,23.03455,18.18,25.576363,32.40594,1.48,0.141,0.221,1.0,0.61108,0.46339,439.583,1.061,0.666,24643000320,11608999936,0.76,516092493824,601.23,464.52,1793277000,2026-10-29,Yahoo Finance fundamentals via yfinance/GitHub Actions,2026-10-10T15:55:29+00:00,
MKC,MKC,"McCormick & Company, Incorporat",Consumer Defensive,Packaged Foods,3.21443,6.01,13.940263,7.455907,1.77,0.174,-0.571,0.38914,0.1776,0.19393,66.141,0.657,0.263,5018200064,331100000,0.641,12056779776,72.41,43.25,1790857800,2026-10-01,Yahoo Finance fundamentals via yfinance/GitHub Actions,2026-10-10T15:55:29+00:00,
MCD,MCD,McDonald's Corporation,Consumer Cyclical,Restaurants,13.76586,12.31,17.087927,19.108854,2.45,0.037,0.057,0.57382,0.46485,0.3172,,1.081,0.823,54604001280,822000000,0.447,166458523648,341.75,229.2,1793795400,2026-11-04,Yahoo Finance fundamentals via yfinance/GitHub Actions,2026-10-10T15:55:29+00:00,
MCK,MCK,McKesson Corporation,Healthcare,Medical Distribution,50.41448,37.31,18.622429,25.163227,1.73,0.077,-0.176,0.03633,0.01348,0.01117,,0.893,0.504,11795999744,5164000256,0.298,109459693568,999.0,723.68,1793822400,2026-11-04,Yahoo Finance fundamentals via yfinance/GitHub Actions,2026-10-10T15:55:29+00:00,
MDT,MDT,Medtronic plc.,Healthcare,Medical Devices,6.41455,4.07,13.793642,21.739557,1.56,0.137,0.407,0.65271,0.19332,0.13934,55.365,2.067,1.286,28152999936,8819000320,0.567,113178124288,106.33,73.31,1788265800,2026-09-01,Yahoo Finance fundamentals via yfinance/GitHub Actions,2026-10-10T15:55:29+00:00,
MRK,MRK,"Merck & Company, Inc.",Healthcare,Drug Manufacturers - General,9.46926,1.26,15.37607,115.555565,2.59,0.051,,0.759,-0.00241,0.047659997,128.408,1.323,0.742,53910999040,7141000192,0.222,359220183040,156.92,82.01,1793277000,2026-10-29,Yahoo Finance fundamentals via yfinance/GitHub Actions,2026-10-10T15:55:29+00:00,
META,META,"Meta Platforms, Inc.",Communication Services,Internet Content & Information,34.54533,26.54,20.80368,27.078747,0.98,0.28,-0.134,0.81747,0.34827,0.29834998,42.997,2.226,1.987,112317997056,90259996672,1.185,1830816186368,779.82,520.26,1785355200,2026-07-29,Yahoo Finance fundamentals via yfinance/GitHub Actions,2026-10-10T15:55:29+00:00,
MET,MET,"MetLife, Inc.",Financial Services,Insurance - Life,11.12458,5.22,8.838985,18.837166,0.51,0.105,0.058,0.23951,0.055180002,0.04567,179.933,2.027,1.705,50311000064,27317000192,0.775,62486446080,100.93,67.33,1793822400,2026-11-04,Yahoo Finance fundamentals via yfinance/GitHub Actions,2026-10-10T15:55:29+00:00,
MTD,MTD,"Mettler-Toledo International, I",Healthcare,Diagnostics & Research,51.76691,44.37,29.941713,34.93329,2.85,0.045,0.183,0.60256,0.312,0.21907,16668.447,1.122,0.66,2137394944,51383000,1.187,31056467968,1585.72,1023.05,1793908800,2026-11-05,Yahoo Finance fundamentals via yfinance/GitHub Actions,2026-10-10T15:55:29+00:00,
MGM,MGM,MGM Resorts International,Consumer Cyclical,Resorts & Casinos,1.97512,1.62,14.819353,18.067902,0.39,0.01,5.194,0.44157,0.067880005,0.02398,893.311,1.335,1.207,30158688256,2760552960,1.351,7364120064,51.59,29.19,1793217600,2026-10-28,Yahoo Finance fundamentals via yfinance/GitHub Actions,2026-10-10T15:55:29+00:00,
MCHP,MCHP,Microchip Technology Incorporat,Technology,Semiconductors,4.58355,0.68,16.482859,111.10294,0.24,0.38,,0.60194,0.23958,0.0934,83.688,1.921,0.958,5398700032,272300000,1.759,41024307200,105.91,48.52,1786046400,2026-08-06,Yahoo Finance fundamentals via yfinance/GitHub Actions,2026-10-10T15:55:29+00:00,
MU,MU,"Micron Technology, Inc.",Technology,Semiconductors,206.33243,74.33,4.9870977,13.84367,0.16,3.793,10.601,0.80716,0.80678004,0.63796,3.743,3.314,2.898,5178999808,43434000384,2.226,1164234457088,1255.0,186.25,1790798400,2026-09-30,Yahoo Finance fundamentals via yfinance/GitHub Actions,2026-10-10T15:55:29+00:00,
MSFT,MSFT,Microsoft Corporation,Technology,Software - Infrastructure,23.67732,17.95,22.59842,29.808912,1.72,0.177,0.317,0.67944,0.45111,0.40305,29.118,1.23,1.099,128812998656,76842999808,1.099,3973186846720,553.72,349.2,1793217600,2026-10-28,Yahoo Finance fundamentals via yfinance/GitHub Actions,2026-10-10T15:55:29+00:00,
MAA,MAA,Mid-America Apartment Communiti,Real Estate,REIT - Residential,3.27957,3.42,35.63272,34.16959,7.03,0.01,0.137,0.58392,0.25356,0.18173,102.377,0.048,0.032,5715268096,51836000,0.732,13944511488,144.41,113.95,1793217600,2026-10-28,Yahoo Finance fundamentals via yfinance/GitHub Actions,2026-10-10T15:55:29+00:00,
MRNA,MRNA,"Moderna, Inc.",Healthcare,Biotechnology,-4.43761,-7.98,-50.70297,,,0.021,,-0.66023004,-5.5793104,-1.41427,19.036,2.295,2.068,1287000064,5137999872,1.095,89828081664,225.0,22.28,1785501000,2026-07-31,Yahoo Finance fundamentals via yfinance/GitHub Actions,2026-10-10T15:55:29+00:00,
MDLZ,MDLZ,"Mondelez International, Inc.",Consumer Defensive,Confectioners,3.3628,2.72,17.964197,22.209558,0.88,0.041,1.449,0.31146,0.21978001,0.08862001,82.643,0.599,0.311,22058999808,1716000000,0.391,77545283584,66.65,51.2,1785268800,2026-07-28,Yahoo Finance fundamentals via yfinance/GitHub Actions,2026-10-10T15:55:29+00:00,
MPWR,MPWR,"Monolithic Power Systems, Inc.",Technology,Semiconductors,34.97536,16.64,39.63619,83.3107,1.11,0.476,0.858,0.55195,0.30989,0.24500999,0.486,4.975,3.529,18934000,1413761024,1.681,68126449664,1714.09,833.18,1793304000,2026-10-29,Yahoo Finance fundamentals via yfinance/GitHub Actions,2026-10-10T15:55:29+00:00,
MNST,MNST,Monster Beverage Corporation,Consumer Defensive,Beverages - Non-Alcoholic,1.30821,1.08,33.35856,40.407406,2.22,0.202,0.18,0.55546004,0.2918,0.23079,0.992,3.729,3.099,92932000,3419256064,0.492,85493014528,50.17,32.94,1786046400,2026-08-06,Yahoo Finance fundamentals via yfinance/GitHub Actions,2026-10-10T15:55:29+00:00,
MCO,MCO,Moody's Corporation,Financial Services,Financial Data & Stock Exchanges,18.9289,15.76,24.524933,29.456219,1.58,0.151,0.567,0.74974996,0.49473998,0.34252,240.682,1.19,1.043,7619999744,1496000000,1.346,80395812864,546.88,402.28,1792585800,2026-10-21,Yahoo Finance fundamentals via yfinance/GitHub Actions,2026-10-10T15:55:29+00:00,
MS,MS,Morgan Stanley,Financial Services,Capital Markets,13.57353,12.55,13.999306,15.141036,1.65,0.28,0.624,0.87641,0.41567,0.25897,517.282,1.999,1.603,607495979008,739076014080,1.214,298439016448,232.25,151.88,1791981000,2026-10-14,Yahoo Finance fundamentals via yfinance/GitHub Actions,2026-10-10T15:55:29+00:00,
MOS,MOS,Mosaic Company (The),Basic Materials,Agricultural Inputs,1.57292,-2.01,11.914147,,2.02,-0.06,,0.11236,-0.00117,-0.05213,52.249,1.337,0.354,6079099904,294000000,0.918,5957364224,32.25,18.68,1785873600,2026-08-04,Yahoo Finance fundamentals via yfinance/GitHub Actions,2026-10-10T15:55:29+00:00,
MSI,MSI,"Motorola Solutions, Inc.",Technology,Communication Equipment,19.43068,12.7,22.859726,34.974804,2.01,0.133,0.095,0.52112,0.27354,0.17438999,357.85,1.099,0.778,9619000320,710000000,0.886,73509027840,494.85,359.36,1785960000,2026-08-05,Yahoo Finance fundamentals via yfinance/GitHub Actions,2026-10-10T15:55:29+00:00,
MSCI,MSCI,MSCI Inc.,Financial Services,Financial Data & Stock Exchanges,22.49202,18.3,25.125357,30.880875,1.89,0.122,0.196,0.82975,0.56298,0.40735,,0.894,0.77,6544200192,352700000,1.237,41084223488,644.77,501.08,1792499400,2026-10-20,Yahoo Finance fundamentals via yfinance/GitHub Actions,2026-10-10T15:55:29+00:00,
NDAQ,NDAQ,"Nasdaq, Inc.",Financial Services,Financial Data & Stock Exchanges,4.67274,3.43,20.041775,27.303207,1.47,0.149,0.141,1.0,0.49333,0.35037,77.687,1.006,0.386,9317000192,555000000,0.998,52348227584,101.79,76.55,1792672200,2026-10-22,Yahoo Finance fundamentals via yfinance/GitHub Actions,2026-10-10T15:55:29+00:00,
NTAP,NTAP,"NetApp, Inc.",Technology,Software - Infrastructure,11.15568,7.09,21.258228,33.448517,2.53,0.299,0.635,0.70625997,0.26667,0.19184999,169.498,1.242,0.994,2534000128,3576000000,1.45,46580764672,238.08,93.69,1796155200,2026-12-01,Yahoo Finance fundamentals via yfinance/GitHub Actions,2026-10-10T15:55:29+00:00,
NFLX,NFLX,"Netflix, Inc.",Communication Services,Entertainment,3.80662,3.18,18.467829,22.106918,1.17,0.134,0.111,0.49118,0.33381,0.28219,55.236,1.142,0.917,16654660608,9127910400,1.613,292724965376,124.86,65.08,1792526400,2026-10-20,Yahoo Finance fundamentals via yfinance/GitHub Actions,2026-10-10T15:55:29+00:00,
NEM,NEM,Newmont Corporation,Basic Materials,Gold,10.14154,7.93,11.619537,14.860025,2.78,0.151,0.114,0.68041,0.51569,0.33363998,15.807,2.546,1.949,5598000128,9009000448,0.53,124167094272,135.29,76.05,1792699200,2026-10-22,Yahoo Finance fundamentals via yfinance/GitHub Actions,2026-10-10T15:55:29+00:00,
NWSA,NWSA,News Corporation,Communication Services,Entertainment,1.51172,1.03,19.262827,28.271847,2.56,0.108,-0.749,0.57167,0.12537,0.06347,31.561,1.623,1.403,2915000064,2100999936,0.976,15690264576,31.66,22.2,1785960000,2026-08-05,Yahoo Finance fundamentals via yfinance/GitHub Actions,2026-10-10T15:55:29+00:00,
NWS,NWS,News Corporation,Communication Services,Entertainment,1.51172,1.03,21.174557,31.07767,2.83,0.108,-0.749,0.57167,0.12537,0.06347,31.561,1.623,1.403,2915000064,2100999936,0.976,17247434752,35.76,25.49,1785960000,2026-08-05,Yahoo Finance fundamentals via yfinance/GitHub Actions,2026-10-10T15:55:29+00:00,
NEE,NEE,"NextEra Energy, Inc.",Utilities,Utilities - Regulated Electric,4.37634,4.45,17.68144,17.388763,1.59,0.124,0.531,0.61024,0.31524,0.32401,161.676,0.534,0.348,110196998144,2865999872,0.639,161384136704,98.75,74.41,1792585800,2026-10-21,Yahoo Finance fundamentals via yfinance/GitHub Actions,2026-10-10T15:55:29+00:00,
NKE,NKE,"Nike, Inc.",Consumer Cyclical,Footwear & Accessories,1.69088,2.08,20.527773,16.6875,1.47,-0.043,-0.021,0.43407002,0.07919,0.0674,73.095,2.075,1.193,11125000192,8368000000,1.099,51555065856,70.44,31.97,1790884800,2026-10-01,Yahoo Finance fundamentals via yfinance/GitHub Actions,2026-10-10T15:55:29+00:00,
NI,NI,NiSource Inc,Utilities,Utilities - Regulated Gas,2.25108,1.88,18.106863,21.680851,2.09,0.046,-0.584,0.50971,0.17156,0.13153,146.649,0.498,0.218,17443000320,70000000,0.548,19546867712,49.21,38.42,1785933000,2026-08-05,Yahoo Finance fundamentals via yfinance/GitHub Actions,2026-10-10T15:55:29+00:00,
NDSN,NDSN,Nordson Corporation,Industrials,Specialty Industrial Machinery,12.98286,9.88,25.277174,33.215588,1.9,0.103,0.23,0.55391,0.27403998,0.18631001,55.619,1.823,1.047,1818211968,113924000,0.992,18284959744,339.12,223.29,1787169600,2026-08-19,Yahoo Finance fundamentals via yfinance/GitHub Actions,2026-10-10T15:55:29+00:00,
NSC,NSC,Norfolk Southern Corporation,Industrials,Railroads,14.29668,11.72,22.228237,27.115189,3.73,0.114,-0.044,0.45159,0.35296002,0.21021,105.519,0.831,0.666,17150000128,1069000000,1.283,71378296832,358.6,277.8,1792672200,2026-10-22,Yahoo Finance fundamentals via yfinance/GitHub Actions,2026-10-10T15:55:29+00:00,
NTRS,NTRS,Northern Trust Corporation,Financial Services,Asset Management,12.8499,11.62,13.090375,14.475904,0.96,0.364,0.986,0.0,0.42496,0.2467,,,,16345100288,10004799488,1.253,30774970368,195.78,121.12,1792585800,2026-10-21,Yahoo Finance fundamentals via yfinance/GitHub Actions,2026-10-10T15:55:29+00:00,
NOC,NOC,Northrop Grumman Corporation,Industrials,Aerospace & Defense,30.40182,31.46,15.812212,15.280356,3.63,0.051,-0.058,0.2006,0.11604,0.104820006,95.348,1.168,1.014,17052000256,2307000064,-0.112,68292538368,774.0,470.06,1792499400,2026-10-20,Yahoo Finance fundamentals via yfinance/GitHub Actions,2026-10-10T15:55:29+00:00,
NCLH,NCLH,Norwegian Cruise Line Holdings ,Consumer Cyclical,Travel Services,1.6145,1.62,9.643852,9.611111,1.3,0.049,6.163,0.42457,0.14042,0.07492,621.051,0.2,0.078,15978818560,218100000,1.956,7149554688,25.13,13.63,1785414600,2026-07-30,Yahoo Finance fundamentals via yfinance/GitHub Actions,2026-10-10T15:55:29+00:00,
NRG,NRG,"NRG Energy, Inc.",Utilities,Utilities - Independent Power Producers,11.18918,3.82,9.649501,28.264399,0.4,0.11,,0.18795,0.12765999,0.02563,483.357,0.968,0.371,23466999808,162000000,1.161,22696425472,189.96,93.36,1785846600,2026-08-04,Yahoo Finance fundamentals via yfinance/GitHub Actions,2026-10-10T15:55:29+00:00,
NUE,NUE,Nucor Corporation,Basic Materials,Steel,20.13295,12.54,12.433846,19.96252,5.21,0.23,0.938,0.15554,0.15668,0.07989,30.512,2.508,1.284,7098999808,2692000000,1.852,56793788416,280.11,131.32,1793044800,2026-10-26,Yahoo Finance fundamentals via yfinance/GitHub Actions,2026-10-10T15:55:29+00:00,
NVDA,NVDA,NVIDIA Corporation,Technology,Semiconductors,15.9146,7.91,14.406897,28.986094,0.29,1.059,1.278,0.74674004,0.66236997,0.63663,16.971,4.589,2.918,38860001280,62469001216,2.216,5536424132608,243.37,164.27,1794945600,2026-11-17,Yahoo Finance fundamentals via yfinance/GitHub Actions,2026-10-10T15:55:29+00:00,
NVR,NVR,"NVR, Inc.",Consumer Cyclical,Residential Construction,391.99045,384.93,15.049245,15.32528,4.97,-0.109,-0.226,0.2184,0.13889,0.1185,32.15,5.67,1.754,1090254976,1093735936,0.902,15720435712,8200.0,5501.01,1792672200,2026-10-22,Yahoo Finance fundamentals via yfinance/GitHub Actions,2026-10-10T15:55:29+00:00,
NXPI,NXPI,NXP Semiconductors N.V.,Technology,Semiconductors,18.13491,11.71,12.545968,19.429548,0.49,0.195,0.726,0.56102,0.30406,0.22564,93.325,2.04,1.194,10976000000,3222000128,1.811,57372393472,339.95,183.0,1793131200,2026-10-27,Yahoo Finance fundamentals via yfinance/GitHub Actions,2026-10-10T15:55:29+00:00,
ORLY,ORLY,"O'Reilly Automotive, Inc.",Consumer Cyclical,Auto Parts,3.65082,3.15,23.679611,27.444443,2.09,0.081,0.103,0.51636004,0.2015,0.1427,,0.752,0.093,9587433472,262180992,0.542,69934653440,104.06,82.59,1793217600,2026-10-28,Yahoo Finance fundamentals via yfinance/GitHub Actions,2026-10-10T15:55:29+00:00,
OXY,OXY,Occidental Petroleum Corporatio,Energy,Oil & Gas E&P,4.08531,3.52,14.713694,17.076704,1.17,0.534,9.649,0.73318,0.45443,0.30318,34.511,1.411,1.038,14625999872,4150000128,0.245,60088205312,67.45,38.8,1794254400,2026-11-09,Yahoo Finance fundamentals via yfinance/GitHub Actions,2026-10-10T15:55:29+00:00,
ODFL,ODFL,"Old Dominion Freight Line, Inc.",Industrials,Trucking,6.71092,5.2,27.115507,34.994232,2.17,0.104,0.323,0.39566,0.28835,0.19443001,0.44,1.889,1.713,19997000,283939008,1.203,37732683776,252.03,126.01,1793190600,2026-10-28,Yahoo Finance fundamentals via yfinance/GitHub Actions,2026-10-10T15:55:29+00:00,
OMC,OMC,Omnicom Group Inc.,Communication Services,Advertising Agencies,11.65681,0.38,6.560972,201.26317,15.97,0.634,0.588,0.18959999,0.15384,0.017439999,107.744,0.924,0.668,11411200000,3336199936,0.703,21797275648,89.57,66.33,1785268800,2026-07-28,Yahoo Finance fundamentals via yfinance/GitHub Actions,2026-10-10T15:55:29+00:00,
ON,ON,ON Semiconductor Corporation,Technology,Semiconductors,4.5288,1.55,17.119326,50.019356,0.19,0.092,0.366,0.42776,0.19532,0.10168,65.055,3.464,2.287,4709000192,3864499968,2.052,30183872512,134.92,44.56,1785787200,2026-08-03,Yahoo Finance fundamentals via yfinance/GitHub Actions,2026-10-10T15:55:29+00:00,
OKE,OKE,"ONEOK, Inc.",Energy,Oil & Gas Midstream,6.23849,5.79,14.394509,15.5095,1.69,0.528,0.142,0.27214,0.13254,0.09287,143.07,0.737,0.515,33021999104,161000000,0.798,56610750464,99.85,64.02,1793131200,2026-10-27,Yahoo Finance fundamentals via yfinance/GitHub Actions,2026-10-10T15:55:29+00:00,
ORCL,ORCL,Oracle Corporation,Technology,Software - Infrastructure,10.99899,6.38,12.855725,22.163008,0.81,0.296,0.545,0.63957,0.35632,0.2636,251.716,1.171,1.02,169142992896,37077000192,1.77,428654231552,322.54,114.5,1797278400,2026-12-14,Yahoo Finance fundamentals via yfinance/GitHub Actions,2026-10-10T15:55:29+00:00,
OTIS,OTIS,Otis Worldwide Corporation,Industrials,Specialty Industrial Machinery,4.52966,3.89,14.55959,16.953726,1.5,0.073,0.13,0.30313,0.15133001,0.10167,,0.831,0.684,8846000128,813000000,0.859,25105141760,94.565,63.575,1793190600,2026-10-28,Yahoo Finance fundamentals via yfinance/GitHub Actions,2026-10-10T15:55:29+00:00,
PCAR,PCAR,PACCAR Inc.,Industrials,Farm & Heavy Construction Machinery,7.16239,4.75,15.08435,22.745264,0.77,0.005,0.042,0.13715,0.12024,0.09003,72.91,5.519,4.888,14816300032,8667400192,0.988,56868470784,139.24,92.25,1793104200,2026-10-27,Yahoo Finance fundamentals via yfinance/GitHub Actions,2026-10-10T15:55:29+00:00,
PKG,PKG,Packaging Corporation of Americ,Consumer Cyclical,Packaging & Containers,13.25271,7.69,17.393423,29.975292,1.48,0.147,-0.195,0.21385999,0.13121,0.07256,94.474,2.941,1.767,4404299776,593800000,0.771,20538048512,259.98,191.5,1792612800,2026-10-21,Yahoo Finance fundamentals via yfinance/GitHub Actions,2026-10-10T15:55:29+00:00,
PLTR,PLTR,Palantir Technologies Inc.,Technology,Software - Infrastructure,2.34416,1.16,89.17906,180.21553,1.66,0.928,2.154,0.84796,0.47120997,0.49005002,2.139,7.228,7.095,211400000,9409098752,1.602,502359359488,209.58,106.37,1785787200,2026-08-03,Yahoo Finance fundamentals via yfinance/GitHub Actions,2026-10-10T15:55:29+00:00,
PANW,PANW,"Palo Alto Networks, Inc.",Technology,Software - Infrastructure,4.87907,0.4,85.83193,1046.95,2.14,0.345,,0.70383,0.05396,0.02674,9.337,0.871,0.735,2567000064,3071000064,0.933,342562045952,432.33,139.57,1788292800,2026-09-01,Yahoo Finance fundamentals via yfinance/GitHub Actions,2026-10-10T15:55:29+00:00,
PH,PH,Parker-Hannifin Corporation,Industrials,Specialty Industrial Machinery,39.65474,28.48,24.273518,33.797752,3.3,0.098,0.193,0.37546003,0.23458,0.16968,56.66,1.262,0.674,8732999680,501000000,1.119,121390768128,1099.94,717.02,1786019400,2026-08-06,Yahoo Finance fundamentals via yfinance/GitHub Actions,2026-10-10T15:55:29+00:00,
PAYX,PAYX,"Paychex, Inc.",Technology,Software - Application,6.38856,5.04,16.275969,20.630953,1.88,0.059,0.139,0.74391997,0.38504001,0.27353,124.704,1.277,0.516,4620899840,934200000,0.848,37014851584,129.24,85.45,1790166600,2026-09-23,Yahoo Finance fundamentals via yfinance/GitHub Actions,2026-10-10T15:55:29+00:00,
PYPL,PYPL,"PayPal Holdings, Inc.",Financial Services,Credit Services,5.78532,5.29,9.598432,10.497165,0.96,0.048,-0.031,0.40477002,0.16966,0.14364,71.751,1.288,0.251,14220999680,11256000512,1.28,47866859520,79.215,38.46,1793104200,2026-10-27,Yahoo Finance fundamentals via yfinance/GitHub Actions,2026-10-10T15:55:29+00:00,
PNR,PNR,Pentair plc.,Industrials,Specialty Industrial Machinery,5.22,3.88,10.051724,13.523196,0.85,-0.17,-0.111,0.41388,0.2344,0.16237,47.067,1.451,0.659,1764700032,91800000,1.031,8479442432,112.13,51.13,1785241800,2026-07-28,Yahoo Finance fundamentals via yfinance/GitHub Actions,2026-10-10T15:55:29+00:00,
PEP,PEP,"Pepsico, Inc.",Consumer Defensive,Beverages - Non-Alcoholic,8.68665,7.95,14.501562,15.8452835,1.27,0.064,1.37,0.54171,0.16836001,0.10785,238.949,0.934,0.69,53213999104,10716000256,0.364,171664506880,171.48,123.47,1791462600,2026-10-08,Yahoo Finance fundamentals via yfinance/GitHub Actions,2026-10-10T15:55:29+00:00,
PFE,PFE,"Pfizer, Inc.",Healthcare,Drug Manufacturers - General,2.90004,0.76,9.75159,37.21053,12.58,0.026,,0.74716,0.27877,0.06804,74.253,1.267,0.854,63480000512,11704000512,0.276,161186775040,29.21,23.62,1793709000,2026-11-03,Yahoo Finance fundamentals via yfinance/GitHub Actions,2026-10-10T15:55:29+00:00,
PCG,PCG,Pacific Gas & Electric Co.,Utilities,Utilities - Regulated Electric,1.80162,1.38,7.287885,9.514493,0.52,0.001,0.398,0.39823002,0.24788,0.11828,189.45,1.216,0.52,64703000576,972000000,0.279,39421079552,19.16,11.77,1792672200,2026-10-22,Yahoo Finance fundamentals via yfinance/GitHub Actions,2026-10-10T15:55:29+00:00,
PM,PM,Philip Morris International Inc,Consumer Defensive,Tobacco,9.18175,6.96,21.911945,28.906609,2.29,0.104,-0.075,0.67481005,0.40002,0.25559,,0.98,0.47,49138999296,6002999808,0.36,313577439232,207.76,142.11,1792585800,2026-10-21,Yahoo Finance fundamentals via yfinance/GitHub Actions,2026-10-10T15:55:29+00:00,
PSX,PSX,Phillips 66,Energy,Oil & Gas Refining & Marketing,27.26056,17.5,10.204486,15.896,0.86,0.531,3.449,0.13098,0.08529,0.046609998,62.884,1.32,0.862,20565000192,4099000064,0.701,110999642112,286.574,126.92,1793190600,2026-10-28,Yahoo Finance fundamentals via yfinance/GitHub Actions,2026-10-10T15:55:29+00:00,
PNW,PNW,Pinnacle West Capital Corporati,Utilities,Utilities - Regulated Electric,5.58601,5.21,17.708525,18.986565,3.76,0.071,-0.095,0.43352002,0.21341999,0.11525,233.288,0.594,0.311,16505294848,9124000,0.424,11988830208,111.16,86.18,1793709000,2026-11-03,Yahoo Finance fundamentals via yfinance/GitHub Actions,2026-10-10T15:55:29+00:00,
PNC,PNC,"PNC Financial Services Group, I",Financial Services,Banks - Regional,21.43721,18.16,10.2256775,12.071035,1.54,0.236,0.249,0.0,0.38689,0.31366,,,,87963000832,13459000320,0.931,87452450816,258.96,176.88,1792067400,2026-10-15,Yahoo Finance fundamentals via yfinance/GitHub Actions,2026-10-10T15:55:29+00:00,
PPG,PPG,"PPG Industries, Inc.",Basic Materials,Specialty Chemicals,8.64408,6.96,12.026728,14.936781,1.52,0.072,-0.015,0.41202998,0.14016,0.09573,86.938,1.58,1.055,7468000256,1607000064,1.05,23110307840,133.43,93.39,1793131200,2026-10-27,Yahoo Finance fundamentals via yfinance/GitHub Actions,2026-10-10T15:55:29+00:00,
PPL,PPL,PPL Corporation,Utilities,Utilities - Regulated Electric,2.11915,1.69,16.162142,20.266272,1.23,0.042,0.212,0.44094002,0.23591,0.13471,135.434,0.905,0.571,20376000512,332000000,0.577,25774659584,40.11,31.56,1786105800,2026-08-07,Yahoo Finance fundamentals via yfinance/GitHub Actions,2026-10-10T15:55:29+00:00,
PFG,PFG,Principal Financial Group Inc,Financial Services,Asset Management,10.25107,7.02,10.461347,15.276353,1.06,0.064,0.028,0.47345,0.12336001,0.09932999,35.307,1.586,0.38,4550900224,6367699968,0.871,22960580608,121.18,77.9,1793044800,2026-10-26,Yahoo Finance fundamentals via yfinance/GitHub Actions,2026-10-10T15:55:29+00:00,
PG,PG,Procter & Gamble Company (The),Consumer Defensive,Household & Personal Products,7.39652,6.62,20.4461,22.84441,3.8,0.015,-0.155,0.50873,0.22084999,0.18437,64.49,0.677,0.413,35024998400,9941999616,0.377,351524028416,167.25,137.62,1792672200,2026-10-22,Yahoo Finance fundamentals via yfinance/GitHub Actions,2026-10-10T15:55:29+00:00,
PGR,PGR,Progressive Corporation (The),Financial Services,Insurance - Property & Casualty,16.36587,19.94,13.285575,10.904212,65.03,0.073,0.05,0.18521,0.18208,0.12849,24.428,0.293,0.234,8386999808,2156000000,0.235,126196367360,241.01,189.2,1791981000,2026-10-14,Yahoo Finance fundamentals via yfinance/GitHub Actions,2026-10-10T15:55:29+00:00,
PLD,PLD,"Prologis, Inc.",Real Estate,REIT - Industrial,3.33333,4.5,38.847042,28.775557,112.02,0.123,0.853,0.75549006,0.43030998,0.43575,63.823,0.649,0.488,37093756928,1766716032,1.324,125876117504,153.35,111.38,1792067400,2026-10-15,Yahoo Finance fundamentals via yfinance/GitHub Actions,2026-10-10T15:55:29+00:00,
PRU,PRU,"Prudential Financial, Inc.",Financial Services,Insurance - Life,14.83504,11.04,7.6231675,10.243659,0.66,0.141,0.892,0.29015,0.075219996,0.06007,163.891,0.777,0.681,56684998656,39136002048,0.84,39016050688,127.72,91.89,1793736000,2026-11-03,Yahoo Finance fundamentals via yfinance/GitHub Actions,2026-10-10T15:55:29+00:00,
PEG,PEG,Public Service Enterprise Group,Utilities,Utilities - Regulated Electric,4.67242,4.02,15.4695,17.980099,3.39,-0.089,-0.427,0.33333,0.18872,0.16041,142.409,0.877,0.487,24678000640,192000000,0.518,36018671616,87.63,66.15,1785846600,2026-08-04,Yahoo Finance fundamentals via yfinance/GitHub Actions,2026-10-10T15:55:29+00:00,
PTC,PTC,PTC Inc.,Technology,Software - Application,8.91773,10.31,21.804874,18.860329,1.81,-0.068,-0.12,0.84501,0.28232,0.41429,46.335,1.025,0.889,1607693952,351454016,0.995,21123534848,206.82,108.5,1785355200,2026-07-29,Yahoo Finance fundamentals via yfinance/GitHub Actions,2026-10-10T15:55:29+00:00,
PSA,PSA,Public Storage,Real Estate,REIT - Industrial,9.85394,10.47,29.415644,27.684813,3.83,0.033,0.451,0.7442,0.45703998,0.41632998,109.632,0.22,0.13,10180214784,259936000,0.929,54161002496,335.55,256.54,1793044800,2026-10-26,Yahoo Finance fundamentals via yfinance/GitHub Actions,2026-10-10T15:55:29+00:00,
PHM,PHM,"PulteGroup, Inc.",Consumer Cyclical,Residential Construction,10.89306,9.8,10.292792,11.440816,0.97,-0.096,-0.182,0.25565,0.15685001,0.1162,19.065,7.272,0.608,2481007104,1337081984,1.164,21357330432,144.5,108.49,1792672200,2026-10-22,Yahoo Finance fundamentals via yfinance/GitHub Actions,2026-10-10T15:55:29+00:00,
PWR,PWR,"Quanta Services, Inc.",Industrials,Engineering & Construction,19.77394,8.73,35.700523,80.86369,1.61,0.411,0.947,0.15456,0.07217,0.04032,67.78,1.098,0.979,6603134976,506431008,1.267,106133413888,788.75,404.51,1785414600,2026-07-30,Yahoo Finance fundamentals via yfinance/GitHub Actions,2026-10-10T15:55:29+00:00,
QCOM,QCOM,QUALCOMM Incorporated,Technology,Semiconductors,10.19665,8.64,17.211536,20.3125,0.8,-0.04,-0.23,0.54226,0.18528,0.21013,55.21,2.016,1.137,15269999616,8304000000,1.651,187405828096,259.92,121.99,1793822400,2026-11-04,Yahoo Finance fundamentals via yfinance/GitHub Actions,2026-10-10T15:55:29+00:00,
DGX,DGX,Quest Diagnostics Incorporated,Healthcare,Diagnostics & Research,12.05896,9.42,19.153393,24.519108,1.49,0.102,0.15,0.33192003,0.15248,0.09187,81.074,1.591,1.282,6403999744,626000000,0.54,25492934656,248.84,171.18,1792672200,2026-10-22,Yahoo Finance fundamentals via yfinance/GitHub Actions,2026-10-10T15:55:29+00:00,
Q,Q,"Qnity Electronics, Inc.",Technology,Semiconductor Equipment & Materials,5.37814,2.8,23.539736,45.214287,1.41,0.221,-0.343,0.46219003,0.22323,0.11248,59.992,2.008,1.202,4527000064,961000000,,26502342656,177.28,70.5,1793795400,2026-11-04,Yahoo Finance fundamentals via yfinance/GitHub Actions,2026-10-10T15:55:29+00:00,
RL,RL,Ralph Lauren Corporation,Consumer Cyclical,Apparel Manufacturing,20.96744,15.87,17.707455,23.395084,1.98,0.14,0.216,0.70268995,0.18395,0.117639996,110.373,2.045,1.325,3003899904,1941600000,1.355,22121693184,421.6,306.55,1793881800,2026-11-05,Yahoo Finance fundamentals via yfinance/GitHub Actions,2026-10-10T15:55:29+00:00,
RJF,RJF,"Raymond James Financial, Inc.",Financial Services,Asset Management,14.24414,11.47,11.118959,13.808195,0.78,0.151,0.42,0.93156,0.19301,0.15131,47.594,2.109,2.097,6083999744,16019999744,0.946,30466248704,182.73,138.82,1793217600,2026-10-28,Yahoo Finance fundamentals via yfinance/GitHub Actions,2026-10-10T15:55:29+00:00,
RDDT,RDDT,"Reddit, Inc.",Communication Services,Internet Content & Information,9.68749,4.39,16.506855,36.42597,0.74,0.611,1.778,0.91442,0.28788,0.31348,0.635,10.486,10.175,20867000,2786356992,2.053,30766127104,263.5,119.27,1785441600,2026-07-30,Yahoo Finance fundamentals via yfinance/GitHub Actions,2026-10-10T15:55:29+00:00,
RTX,RTX,RTX Corporation,Industrials,Aerospace & Defense,7.86635,5.68,23.641205,32.7412,2.13,0.145,0.287,0.20347,0.12696,0.08276,57.02,1.011,0.652,38855999488,8304999936,0.308,250642579456,226.88,155.64,1792499400,2026-10-20,Yahoo Finance fundamentals via yfinance/GitHub Actions,2026-10-10T15:55:29+00:00,
O,O,Realty Income Corporation,Real Estate,REIT - Retail,1.55302,1.38,34.886868,39.260868,2.74,0.096,0.692,0.9268,0.46965998,0.20898001,74.722,1.528,0.741,31333789696,569948032,0.696,51266093056,67.94,53.15,1793649600,2026-11-02,Yahoo Finance fundamentals via yfinance/GitHub Actions,2026-10-10T15:55:29+00:00,
REG,REG,Regency Centers Corporation,Real Estate,REIT - Retail,2.51433,2.97,28.655748,24.25926,2.61,0.089,0.089,0.71539,0.39643002,0.32996,71.972,0.964,0.888,5143966208,193275008,0.823,13470377984,83.66,66.86,1793908800,2026-11-05,Yahoo Finance fundamentals via yfinance/GitHub Actions,2026-10-10T15:55:29+00:00,
REGN,REGN,"Regeneron Pharmaceuticals, Inc.",Healthcare,Biotechnology,61.66655,40.44,12.106076,18.460436,1.26,0.167,-0.045,0.44458,0.33106,0.27865,8.535,3.335,2.633,2706599936,7994599936,0.153,76860014592,859.34,541.0,1793363400,2026-10-30,Yahoo Finance fundamentals via yfinance/GitHub Actions,2026-10-10T15:55:29+00:00,
RF,RF,Regions Financial Corporation,Financial Services,Banks - Regional,2.84811,2.45,9.490504,11.032653,1.41,0.034,0.085,0.0,0.39314997,0.30837,,,,9484999680,5001999872,1.06,23027656704,32.47,22.7,1792153800,2026-10-16,Yahoo Finance fundamentals via yfinance/GitHub Actions,2026-10-10T15:55:29+00:00,
RSG,RSG,"Republic Services, Inc.",Industrials,Waste Management,8.06031,7.05,26.907152,30.76312,2.77,0.046,0.051,0.43035,0.20429,0.12942,118.798,0.644,0.579,14295000064,107000000,0.397,66411474944,233.42,196.41,1793304000,2026-10-29,Yahoo Finance fundamentals via yfinance/GitHub Actions,2026-10-10T15:55:29+00:00,
RMD,RMD,ResMed Inc.,Healthcare,Medical Instruments & Supplies,13.23012,10.43,17.388353,22.056568,1.28,0.086,0.024,0.61618,0.30857,0.26945,12.542,3.1,1.831,825918976,1469234048,0.75,32354060288,277.67,180.27,1793304000,2026-10-29,Yahoo Finance fundamentals via yfinance/GitHub Actions,2026-10-10T15:55:29+00:00,
RVTY,RVTY,"Revvity, Inc.",Healthcare,Diagnostics & Research,5.88855,2.09,26.183016,73.77033,0.73,0.013,0.012,0.54976004,0.17052999,0.08158,46.225,1.8,1.357,3341516032,1022942976,1.064,17204389888,166.25,81.22,1793709000,2026-11-03,Yahoo Finance fundamentals via yfinance/GitHub Actions,2026-10-10T15:55:29+00:00,
HOOD,HOOD,"Robinhood Markets, Inc.",Financial Services,Capital Markets,3.43718,2.27,31.717861,48.026432,1.9,0.323,0.476,0.9189,0.43884,0.42011002,240.279,1.116,1.066,22925000704,23904999424,2.354,98017951744,150.47,63.515,1793131200,2026-10-27,Yahoo Finance fundamentals via yfinance/GitHub Actions,2026-10-10T15:55:29+00:00,
ROK,ROK,"Rockwell Automation, Inc.",Industrials,Specialty Industrial Machinery,14.91499,10.68,29.003706,40.50468,1.99,0.079,0.404,0.49091998,0.20968,0.13385001,103.347,1.075,0.658,3612999936,479000000,1.501,48038543360,497.36,335.17,1785846600,2026-08-04,Yahoo Finance fundamentals via yfinance/GitHub Actions,2026-10-10T15:55:29+00:00,
ROL,ROL,"Rollins, Inc.",Consumer Cyclical,Personal Services,1.28943,1.1,24.801655,29.072725,2.44,0.079,0.031,0.52366,0.18799,0.1355,78.015,0.629,0.424,1115303040,109085000,0.731,15387029504,66.14,29.29,1792612800,2026-10-21,Yahoo Finance fundamentals via yfinance/GitHub Actions,2026-10-10T15:55:29+00:00,
ROP,ROP,"Roper Technologies, Inc.",Technology,Software - Application,24.37902,24.0,14.934562,15.170417,1.43,0.085,2.33,0.69525003,0.27725,0.30244,60.531,0.553,0.438,11319400448,364900000,0.751,36008816640,519.1,305.96,1792672200,2026-10-22,Yahoo Finance fundamentals via yfinance/GitHub Actions,2026-10-10T15:55:29+00:00,
ROST,ROST,"Ross Stores, Inc.",Consumer Cyclical,Apparel Retail,8.97296,8.17,24.786692,27.222767,2.06,0.133,0.705,0.33385,0.13578,0.10848,70.281,1.612,0.929,4739150848,4288123904,0.837,71049568256,257.0,148.58,1787256000,2026-08-20,Yahoo Finance fundamentals via yfinance/GitHub Actions,2026-10-10T15:55:29+00:00,
RCL,RCL,Royal Caribbean Cruises Ltd.,Consumer Cyclical,Travel Services,20.43253,16.25,13.814247,17.369846,1.17,0.065,-0.046,0.50284,0.2707,0.23541,224.816,0.209,0.113,23517999104,876000000,1.822,75491024896,356.39,222.22,1793104200,2026-10-27,Yahoo Finance fundamentals via yfinance/GitHub Actions,2026-10-10T15:55:29+00:00,
SPGI,SPGI,S&P Global Inc.,Financial Services,Financial Data & Stock Exchanges,20.18818,16.43,20.20093,24.821667,1.89,0.104,0.177,0.70903,0.4479,0.30536,42.98,0.954,0.83,15747999744,4134000128,1.095,120225341440,522.46924,361.03122,1793104200,2026-10-27,Yahoo Finance fundamentals via yfinance/GitHub Actions,2026-10-10T15:55:29+00:00,
CRM,CRM,"Salesforce, Inc.",Technology,Software - Application,16.0207,10.93,14.302121,20.963404,0.8,0.108,1.189,0.77282,0.21375,0.2199,110.417,0.839,0.673,42375999488,11402999808,1.256,188573990912,269.11,146.32,1787774400,2026-08-26,Yahoo Finance fundamentals via yfinance/GitHub Actions,2026-10-10T15:55:29+00:00,
SNDK,SNDK,Sandisk Corporation,Technology,Computer Hardware,266.2971,73.76,5.9400573,21.445498,,3.716,,0.71474,0.78472,0.56465,1.277,2.29,1.707,201000000,4761999872,,228616585216,2354.39,120.96,1793304000,2026-10-29,Yahoo Finance fundamentals via yfinance/GitHub Actions,2026-10-10T15:55:29+00:00,
SBAC,SBAC,SBA Communications Corporation,Real Estate,REIT - Specialty,8.18047,9.27,22.308008,19.686083,9.85,0.023,-0.105,0.742,0.52165,0.34512,,0.165,0.122,15209066496,327051008,0.994,19360020480,224.46,156.6,1785787200,2026-08-03,Yahoo Finance fundamentals via yfinance/GitHub Actions,2026-10-10T15:55:29+00:00,
SLB,SLB,SLB Limited,Energy,Oil & Gas Equipment & Services,3.20743,2.07,15.26144,23.647345,1.32,0.05,-0.297,0.16991,0.12706,0.08527,47.002,1.439,0.942,12810000384,4124000000,0.839,72648810496,60.46,31.64,1792758600,2026-10-23,Yahoo Finance fundamentals via yfinance/GitHub Actions,2026-10-10T15:55:29+00:00,
STX,STX,Seagate Technology Holdings PLC,Technology,Computer Hardware,56.41985,13.9,13.878095,56.330936,0.46,0.485,1.488,0.45576,0.4307,0.26108998,179.88,1.67,1.075,3897999872,1704000000,2.081,178048729088,1145.0,209.0,1785268800,2026-07-28,Yahoo Finance fundamentals via yfinance/GitHub Actions,2026-10-10T15:55:29+00:00,
SRE,SRE,DBA Sempra,Utilities,Utilities - Diversified,5.5398,3.46,14.682839,23.508669,0.7,-0.001,0.713,0.43994,0.28328,0.16824,84.663,1.642,0.089,36664000512,48000000,0.56,53188251648,101.04,76.21,1786019400,2026-08-06,Yahoo Finance fundamentals via yfinance/GitHub Actions,2026-10-10T15:55:29+00:00,
NOW,NOW,"ServiceNow, Inc.",Technology,Software - Application,5.00551,1.62,28.14099,86.950615,0.99,0.24,-0.219,0.74768996,0.04063,0.11336,67.538,0.701,0.565,8453000192,4664000000,0.99,145629806592,192.966,81.24,1793217600,2026-10-28,Yahoo Finance fundamentals via yfinance/GitHub Actions,2026-10-10T15:55:29+00:00,
SHW,SHW,Sherwin-Williams Company (The),Basic Materials,Specialty Chemicals,13.54297,10.85,23.581238,29.4341,2.07,0.075,0.143,0.48981997,0.18124,0.11013,389.958,0.727,0.413,15031700480,293500000,1.083,77527236608,377.77,289.86,1793104200,2026-10-27,Yahoo Finance fundamentals via yfinance/GitHub Actions,2026-10-10T15:55:29+00:00,
SPG,SPG,"Simon Property Group, Inc.",Real Estate,REIT - Retail,6.77333,14.17,29.441942,14.073394,4.58,0.195,-0.125,0.81426,0.46023998,0.66571,503.504,0.266,0.264,29437509632,1019091008,1.333,75704516608,238.5,172.19,1793908800,2026-11-05,Yahoo Finance fundamentals via yfinance/GitHub Actions,2026-10-10T15:55:29+00:00,
SKYD,SKYD,Paramount Skydance Corporation,Communication Services,Entertainment,0.6,-0.02,15.266665,,1.07,0.009,-0.541,0.33328998,0.09345,-0.021329999,126.479,1.04,0.736,16202000384,1627000064,1.547,46186348544,17.68,7.62,1794254400,2026-11-09,Yahoo Finance fundamentals via yfinance/GitHub Actions,2026-10-10T15:55:29+00:00,
SWKS,SWKS,"Skyworks Solutions, Inc.",Technology,Semiconductors,5.696,1.93,13.404142,39.559586,11.72,-0.031,-0.686,0.40734002,0.08825,0.072270006,11.869,3.101,1.312,681100032,799200000,1.478,17954889728,92.8,51.93,1785268800,2026-07-28,Yahoo Finance fundamentals via yfinance/GitHub Actions,2026-10-10T15:55:29+00:00,
SJM,SJM,The J.M. Smucker Company,Consumer Defensive,Packaged Foods,10.92178,2.14,10.971655,55.995327,2.17,0.05,,0.37951002,0.17898001,0.02506,120.682,0.87,0.288,6940199936,43200000,0.266,12800622592,135.89,88.25,1787747400,2026-08-26,Yahoo Finance fundamentals via yfinance/GitHub Actions,2026-10-10T15:55:29+00:00,
SW,SW,Smurfit WestRock plc,Consumer Cyclical,Packaging & Containers,3.43435,0.95,12.022654,43.463158,0.26,0.011,,0.18160999,0.05466,0.01587,78.427,1.447,0.773,14163999744,677000000,0.914,21657550848,52.65,32.729,1785328200,2026-07-29,Yahoo Finance fundamentals via yfinance/GitHub Actions,2026-10-10T15:55:29+00:00,
SNA,SNA,Snap-On Incorporated,Industrials,Tools & Accessories,21.47286,19.62,16.78258,18.367481,1.89,0.042,0.051,0.5183,0.25397,0.19597,21.595,3.433,2.508,1310000000,1644199936,0.7,18640904192,423.02,320.8,1792672200,2026-10-22,Yahoo Finance fundamentals via yfinance/GitHub Actions,2026-10-10T15:55:29+00:00,
SOLV,SOLV,Solventum Corporation,Healthcare,Medical Instruments & Supplies,7.23032,8.17,12.072771,10.684211,1.22,0.022,0.039,0.54777,0.09778,0.17256,110.313,1.021,0.501,5295000064,403000000,0.703,14858829824,94.16,62.38,1785960000,2026-08-05,Yahoo Finance fundamentals via yfinance/GitHub Actions,2026-10-10T15:55:29+00:00,
SO,SO,Southern Company (The),Utilities,Utilities - Regulated Electric,4.92321,4.15,17.502808,20.763855,2.02,0.001,0.304,0.48289,0.29612,0.15435,182.058,0.787,0.441,77086998528,2984000000,0.301,99126779904,100.84,81.69,1793881800,2026-11-05,Yahoo Finance fundamentals via yfinance/GitHub Actions,2026-10-10T15:55:29+00:00,
LUV,LUV,Southwest Airlines Company,Industrials,Airlines,4.35908,1.6,9.557063,26.0375,0.2,0.164,0.205,0.22399001,0.033800002,0.02783,97.275,0.489,0.378,6888999936,3791000064,1.155,20380413952,55.11,29.26,1792612800,2026-10-21,Yahoo Finance fundamentals via yfinance/GitHub Actions,2026-10-10T15:55:29+00:00,
SWK,SWK,"Stanley Black & Decker, Inc.",Industrials,Tools & Accessories,6.3483,4.09,13.951767,21.655256,1.39,0.004,2.478,0.32213002,0.08443,0.040689997,58.172,1.432,0.466,5211500032,592400000,1.17,13375543296,104.68,61.9,1793795400,2026-11-04,Yahoo Finance fundamentals via yfinance/GitHub Actions,2026-10-10T15:55:29+00:00,
SBUX,SBUX,Starbucks Corporation,Consumer Cyclical,Restaurants,3.12519,1.73,29.038235,52.456646,1.06,-0.014,0.857,0.22341,0.12919,0.05172,,0.76,0.496,22453100544,3610299904,0.975,103454998528,110.51,77.99,1793304000,2026-10-29,Yahoo Finance fundamentals via yfinance/GitHub Actions,2026-10-10T15:55:29+00:00,
STT,STT,State Street Corporation,Financial Services,Asset Management,15.48486,11.34,11.298779,15.428572,0.64,0.184,0.682,0.0,0.34313,0.23005,,,,57440002048,168210006016,1.418,48061820928,195.93,104.64,1791981000,2026-10-14,Yahoo Finance fundamentals via yfinance/GitHub Actions,2026-10-10T15:55:29+00:00,
STLD,STLD,"Steel Dynamics, Inc.",Basic Materials,Steel,20.30185,11.03,11.741788,21.611969,11.95,0.334,0.836,0.14652,0.114989996,0.07825,46.924,3.183,1.316,4393537024,567708032,1.486,34166552576,288.74,140.87,1792440000,2026-10-19,Yahoo Finance fundamentals via yfinance/GitHub Actions,2026-10-10T15:55:29+00:00,
STE,STE,STERIS plc (Ireland),Healthcare,Medical Devices,12.24711,8.18,17.50617,26.210268,1.74,0.073,0.14,0.44422,0.19153,0.13333,28.312,1.906,1.165,2044499968,482300000,0.925,20904024064,269.44,195.14,1785960000,2026-08-05,Yahoo Finance fundamentals via yfinance/GitHub Actions,2026-10-10T15:55:29+00:00,
SYK,SYK,Stryker Corporation,Healthcare,Medical Devices,16.69924,9.65,16.607342,28.73886,1.3,0.094,0.441,0.65588,0.27015,0.14433,64.391,2.157,1.08,15445999616,3476000000,0.781,106376306688,392.55,267.0,1793304000,2026-10-29,Yahoo Finance fundamentals via yfinance/GitHub Actions,2026-10-10T15:55:29+00:00,
SMCI,SMCI,"Super Micro Computer, Inc.",Technology,Computer Hardware,5.32592,3.19,7.858736,13.120689,0.91,0.932,4.347,0.108219996,0.13382,0.0571,63.951,3.872,1.928,9259886592,7544584192,2.009,27074869248,56.6,19.48,1786478400,2026-08-11,Yahoo Finance fundamentals via yfinance/GitHub Actions,2026-10-10T15:55:29+00:00,
SYF,SYF,Synchrony Financial,Financial Services,Credit Services,10.46322,9.77,6.9577055,7.4513817,0.88,0.006,0.036,0.0,0.50219,0.35507,,,,16432000000,16193000448,1.339,23686998016,88.77,63.08,1792499400,2026-10-20,Yahoo Finance fundamentals via yfinance/GitHub Actions,2026-10-10T15:55:29+00:00,
SNPS,SNPS,"Synopsys, Inc.",Technology,Software - Infrastructure,18.58301,5.66,27.443886,90.10424,2.71,0.424,0.893,0.82921,0.14521,0.11432999,34.804,1.337,1.166,10841789440,3607668992,1.208,97732771840,539.48,362.55,1787774400,2026-08-26,Yahoo Finance fundamentals via yfinance/GitHub Actions,2026-10-10T15:55:29+00:00,
SYY,SYY,Sysco Corporation,Consumer Defensive,Food Distribution,5.36524,3.66,14.564119,21.349726,1.08,0.047,0.053,0.18496001,0.048449997,0.02078,564.591,1.277,0.729,15052000256,1787000064,0.64,38438154240,91.85,68.19,1785846600,2026-08-04,Yahoo Finance fundamentals via yfinance/GitHub Actions,2026-10-10T15:55:29+00:00,
TMUS,TMUS,"T-Mobile US, Inc.",Communication Services,Telecom Services,14.43712,9.57,10.291526,15.525601,0.59,0.079,0.053,0.63054,0.2522,0.11455,214.035,0.924,0.585,120427003904,2824999936,0.317,159377555456,230.65,147.9,1793217600,2026-10-28,Yahoo Finance fundamentals via yfinance/GitHub Actions,2026-10-10T15:55:29+00:00,
TROW,TROW,"T. Rowe Price Group, Inc.",Financial Services,Asset Management,10.24242,9.96,10.267105,10.558233,2.14,0.107,0.286,0.51614,0.28688,0.29262,3.702,4.039,4.039,450600000,3234299904,1.471,22432296960,122.0,85.22,1793277000,2026-10-29,Yahoo Finance fundamentals via yfinance/GitHub Actions,2026-10-10T15:55:29+00:00,
TTWO,TTWO,"Take-Two Interactive Software, ",Communication Services,Electronic Gaming & Multimedia,10.29217,-1.73,20.738096,,2.77,0.02,,0.57126,0.0051499996,-0.04792,81.607,1.062,0.899,2944699904,1826599936,0.974,39909105664,265.94,187.63,1786105800,2026-08-07,Yahoo Finance fundamentals via yfinance/GitHub Actions,2026-10-10T15:55:29+00:00,
TPR,TPR,"Tapestry, Inc.",Consumer Cyclical,Luxury Goods,8.89953,7.27,13.061363,15.988996,1.67,0.089,,0.76595,0.19823,0.19086,571.608,1.752,1.008,3956100096,1152000000,1.429,23066124288,164.8,93.0,1793881800,2026-11-05,Yahoo Finance fundamentals via yfinance/GitHub Actions,2026-10-10T15:55:29+00:00,
TRGP,TRGP,"Targa Resources, Inc.",Energy,Oil & Gas Midstream,12.04283,10.46,23.806696,27.40918,1.25,0.042,0.233,0.43192002,0.27803,0.13545,515.794,0.771,0.611,19577999360,132300000,0.796,61477376000,307.94,144.14,1786019400,2026-08-06,Yahoo Finance fundamentals via yfinance/GitHub Actions,2026-10-10T15:55:29+00:00,
TGT,TGT,Target Corporation,Consumer Defensive,Discount Stores,9.54525,9.63,16.095964,15.954309,2.11,0.053,1.005,0.2838,0.06044,0.04078,107.583,0.988,0.255,19196000256,5410999808,0.981,69797339136,170.75,83.44,1795005000,2026-11-18,Yahoo Finance fundamentals via yfinance/GitHub Actions,2026-10-10T15:55:29+00:00,
TEL,TEL,TE Connectivity plc,Technology,Electronic Components,12.96712,10.4,16.834116,20.989424,0.94,0.138,0.192,0.36119,0.20775,0.15609,43.441,1.876,1.07,5817999872,1239000064,1.14,63291146240,252.56,190.27,1793190600,2026-10-28,Yahoo Finance fundamentals via yfinance/GitHub Actions,2026-10-10T15:55:29+00:00,
TDY,TDY,Teledyne Technologies Incorpora,Technology,Scientific & Technical Instruments,26.78646,20.67,22.909334,29.688437,1.4,0.098,0.212,0.43339002,0.20198,0.15292,18.565,2.181,1.161,2027000064,340100000,0.895,28430336000,697.67,483.02,1784723400,2026-07-22,Yahoo Finance fundamentals via yfinance/GitHub Actions,2026-10-10T15:55:29+00:00,
TER,TER,"Teradyne, Inc.",Technology,Semiconductor Equipment & Materials,11.65247,7.28,34.55748,55.313183,0.79,1.039,3.858,0.59242,0.33161,0.25766,2.883,2.125,1.315,100127000,354828992,1.747,62955294720,487.91,135.0,1785268800,2026-07-28,Yahoo Finance fundamentals via yfinance/GitHub Actions,2026-10-10T15:55:29+00:00,
TSLA,TSLA,"Tesla, Inc.",Consumer Cyclical,Auto Manufacturers,2.18245,1.08,175.3534,354.35184,4.55,0.255,-0.03,0.18852,0.014099999,0.03671,18.373,1.941,1.347,16080000000,43524001792,1.916,1511491895296,498.83,297.38,1792612800,2026-10-21,Yahoo Finance fundamentals via yfinance/GitHub Actions,2026-10-10T15:55:29+00:00,
TXN,TXN,Texas Instruments Incorporated,Technology,Semiconductors,10.64485,6.57,26.655142,43.187214,1.06,0.228,0.518,0.58325,0.42576998,0.31111,78.036,4.857,3.245,14051999744,7000999936,1.339,259124887552,334.03,152.73,1792612800,2026-10-21,Yahoo Finance fundamentals via yfinance/GitHub Actions,2026-10-10T15:55:29+00:00,
TPL,TPL,Texas Pacific Land Corporation,Energy,Oil & Gas E&P,73.12,7.91,4.936816,45.635906,7.33,0.312,0.327,0.93336,0.78177,0.60322,1.077,4.552,4.498,18016000,248612000,0.588,24898480128,547.2,269.23334,1793822400,2026-11-04,Yahoo Finance fundamentals via yfinance/GitHub Actions,2026-10-10T15:55:29+00:00,
TXT,TXT,Textron Inc.,Industrials,Aerospace & Defense,7.22028,5.31,10.2710705,13.966103,0.88,0.03,0.052,0.17628999,0.08701,0.06125,52.285,1.861,0.653,4211000064,1436000000,0.908,12895606784,101.57,71.87,1793277000,2026-10-29,Yahoo Finance fundamentals via yfinance/GitHub Actions,2026-10-10T15:55:29+00:00,
TMO,TMO,Thermo Fisher Scientific Inc,Healthcare,Diagnostics & Research,27.57597,18.58,23.862082,35.4155,1.96,0.105,0.094,0.40987998,0.18751,0.15036,80.575,1.551,1.009,42548998144,4064000000,0.877,243301122048,694.33,435.27,1792585800,2026-10-21,Yahoo Finance fundamentals via yfinance/GitHub Actions,2026-10-10T15:55:29+00:00,
TJX,TJX,"TJX Companies, Inc. (The)",Consumer Cyclical,Apparel Retail,5.77352,5.4,24.033865,25.696295,2.43,0.054,0.236,0.31467,0.10909,0.09729,134.419,1.147,0.504,14316999680,6003999744,0.561,153288769536,170.0,122.78,1795005000,2026-11-18,Yahoo Finance fundamentals via yfinance/GitHub Actions,2026-10-10T15:55:29+00:00,
TKO,TKO,"TKO Group Holdings, Inc.",Communication Services,Entertainment,4.68126,2.85,38.026085,62.45965,1.48,0.182,0.144,0.59455,0.32388002,0.0433,59.216,1.278,0.724,4953576960,592484992,0.692,33691899904,226.94,171.19,1793822400,2026-11-04,Yahoo Finance fundamentals via yfinance/GitHub Actions,2026-10-10T15:55:29+00:00,
TSCO,TSCO,Tractor Supply Company,Consumer Cyclical,Specialty Retail,2.04386,1.92,16.488409,17.552084,2.03,0.023,-0.15,0.36499,0.120740004,0.06425,248.71,1.334,0.137,6544977920,231588000,0.514,17559052288,58.21,28.36,1792672200,2026-10-22,Yahoo Finance fundamentals via yfinance/GitHub Actions,2026-10-10T15:55:29+00:00,
TT,TT,Trane Technologies plc,Industrials,Building Products & Equipment,17.60357,13.42,27.09564,35.542473,1.68,0.106,0.071,0.35389,0.19251,0.13278,53.404,1.073,0.742,4616800256,1318300032,1.157,104946663424,505.87,348.06,1793277000,2026-10-29,Yahoo Finance fundamentals via yfinance/GitHub Actions,2026-10-10T15:55:29+00:00,
TDG,TDG,Transdigm Group Incorporated,Industrials,Aerospace & Defense,48.43281,32.97,22.876846,33.606003,3.05,0.225,0.109,0.59824,0.46005002,0.21277,,3.019,1.919,33485000704,2780000000,0.935,61973852160,1463.03,1071.25,1785846600,2026-08-04,Yahoo Finance fundamentals via yfinance/GitHub Actions,2026-10-10T15:55:29+00:00,
TRV,TRV,"The Travelers Companies, Inc.",Financial Services,Insurance - Property & Casualty,30.43495,37.23,12.116005,9.904647,2.36,0.003,0.571,0.34730998,0.23698,0.16951999,27.378,0.323,0.19,9068000256,5061000192,0.437,76912041984,398.7,252.26,1792153800,2026-10-16,Yahoo Finance fundamentals via yfinance/GitHub Actions,2026-10-10T15:55:29+00:00,
TRMB,TRMB,Trimble Inc.,Technology,Scientific & Technical Instruments,4.13702,-0.48,14.524947,,1.44,0.11,,0.71773005,0.15134,-0.027679998,28.553,0.954,0.576,1459299968,214400000,1.343,14011777024,84.42,47.92,1786537800,2026-08-12,Yahoo Finance fundamentals via yfinance/GitHub Actions,2026-10-10T15:55:29+00:00,
TFC,TFC,Truist Financial Corporation,Financial Services,Banks - Regional,4.98428,4.35,9.251085,10.6,1.05,0.082,0.367,0.0,0.39815,0.30692,,,,73295003648,50461999104,0.906,56329187328,56.2,40.78,1792153800,2026-10-16,Yahoo Finance fundamentals via yfinance/GitHub Actions,2026-10-10T15:55:29+00:00,
TWLO,TWLO,Twilio Inc.,Technology,Software - Infrastructure,6.79898,7.23,42.575504,40.037346,0.43,0.22,46.715,0.48561,0.078260005,0.20615,11.868,4.621,4.214,1065518976,2656329984,1.357,44455419904,308.4,104.5,1793304000,2026-10-29,Yahoo Finance fundamentals via yfinance/GitHub Actions,2026-10-10T15:55:29+00:00,
TYL,TYL,"Tyler Technologies, Inc.",Technology,Software - Application,15.32328,7.6,21.50649,43.36184,1.38,0.082,0.155,0.47205,0.14741,0.13361,47.906,1.554,1.47,1455030016,970035008,0.849,13495820288,524.43,270.71,1793217600,2026-10-28,Yahoo Finance fundamentals via yfinance/GitHub Actions,2026-10-10T15:55:29+00:00,
TSN,TSN,"Tyson Foods, Inc.",Consumer Defensive,Farm Products,4.06703,1.62,13.137351,32.981483,1.04,-0.001,2.041,0.06554,0.02711,0.01031,44.025,1.433,0.484,8006000128,740000000,0.395,18796754944,69.48,49.96,1794832200,2026-11-16,Yahoo Finance fundamentals via yfinance/GitHub Actions,2026-10-10T15:55:29+00:00,
USB,USB,U.S. Bancorp,Financial Services,Banks - Regional,5.80511,5.01,9.832717,11.393213,1.72,0.104,0.216,0.0,0.39646998,0.29896,,,,99696001024,70379003904,1.019,88933580800,66.08,45.02,1792067400,2026-10-15,Yahoo Finance fundamentals via yfinance/GitHub Actions,2026-10-10T15:55:29+00:00,
UBER,UBER,"Uber Technologies, Inc.",Technology,Software - Application,4.41503,4.64,16.196945,15.411639,5.89,0.122,0.855,0.40752,0.13317999,0.17345,51.872,0.843,0.652,14730999808,5391000064,1.265,146063474688,100.35,65.41,1793795400,2026-11-04,Yahoo Finance fundamentals via yfinance/GitHub Actions,2026-10-10T15:55:29+00:00,
UDR,UDR,"UDR, Inc.",Real Estate,REIT - Residential,0.56,1.58,60.92857,21.594936,8.17,-0.001,0.909,0.66581,0.20177999,0.29563,156.144,0.178,0.002,5994848256,2830000,0.707,12641993728,42.0,32.94,1785182400,2026-07-27,Yahoo Finance fundamentals via yfinance/GitHub Actions,2026-10-10T15:55:29+00:00,
ULTA,ULTA,"Ulta Beauty, Inc.",Consumer Cyclical,Specialty Retail,32.08722,27.44,17.775614,20.786077,1.72,0.089,0.133,0.43097,0.12505999,0.0934,95.472,1.345,0.203,2524030976,213451008,0.838,24387579904,714.97,443.6,1796328000,2026-12-03,Yahoo Finance fundamentals via yfinance/GitHub Actions,2026-10-10T15:55:29+00:00,
UNP,UNP,Union Pacific Corporation,Industrials,Railroads,14.22628,12.34,19.565199,22.555916,2.75,0.115,0.066,0.56285,0.40982,0.28847,150.772,0.986,0.756,31168999424,2114000000,0.954,165354979328,315.99,215.53,1792672200,2026-10-22,Yahoo Finance fundamentals via yfinance/GitHub Actions,2026-10-10T15:55:29+00:00,
UAL,UAL,"United Airlines Holdings, Inc.",Industrials,Airlines,14.5621,10.68,7.3790865,10.06133,6.5,0.16,-0.172,0.31816,0.05534,0.05558,201.641,0.78,0.688,33667999744,16636999680,1.304,34878148608,138.77,84.64,1792526400,2026-10-20,Yahoo Finance fundamentals via yfinance/GitHub Actions,2026-10-10T15:55:29+00:00,
UPS,UPS,"United Parcel Service, Inc.",Industrials,Integrated Freight & Logistics,8.05997,5.38,11.7332945,17.578066,1.32,0.076,-0.53,0.22413,0.09052,0.050819997,189.9,1.179,1.052,28672999424,4653000192,1.046,80458416128,122.41,82.0,1793104200,2026-10-27,Yahoo Finance fundamentals via yfinance/GitHub Actions,2026-10-10T15:55:29+00:00,
URI,URI,"United Rentals, Inc.",Industrials,Rental & Leasing Services,57.31793,41.59,18.43001,25.399614,1.4,0.118,0.255,0.3848,0.25986,0.15673,166.793,0.764,0.619,15384999936,112000000,1.826,65751097344,1179.18,701.59,1792612800,2026-10-21,Yahoo Finance fundamentals via yfinance/GitHub Actions,2026-10-10T15:55:29+00:00,
UNH,UNH,UnitedHealth Group Incorporated,Healthcare,Healthcare Plans,22.61019,15.55,16.775621,24.392282,1.02,0.004,0.615,0.19723,0.071329996,0.03135,69.211,0.777,0.695,73328001024,31467999232,0.615,340457717760,461.62,255.97,1791894600,2026-10-13,Yahoo Finance fundamentals via yfinance/GitHub Actions,2026-10-10T15:55:29+00:00,
UHS,UHS,"Universal Health Services, Inc.",Healthcare,Medical Care Facilities,23.99874,24.52,7.3899717,7.232871,1.19,0.083,0.101,0.44607,0.1114,0.08424,68.74,1.116,0.892,5262175232,138800000,1.029,10452391936,246.33,140.08,1793131200,2026-10-27,Yahoo Finance fundamentals via yfinance/GitHub Actions,2026-10-10T15:55:29+00:00,
VLO,VLO,Valero Energy Corporation,Energy,Oil & Gas Refining & Marketing,43.1387,23.99,10.054777,18.08045,2.06,0.517,4.535,0.16118999,0.12269,0.05446,40.148,1.636,1.047,11349000192,7873999872,0.592,124888530944,449.77,155.29,1792672200,2026-10-22,Yahoo Finance fundamentals via yfinance/GitHub Actions,2026-10-10T15:55:29+00:00,
VEEV,VEEV,Veeva Systems Inc.,Healthcare,Health Information Services,10.25064,6.1,28.88893,48.545902,1.09,0.176,0.395,0.74961,0.29637,0.29345,2.041,5.458,5.363,151695008,7242947072,0.934,47946067968,302.17,148.05,1787774400,2026-08-26,Yahoo Finance fundamentals via yfinance/GitHub Actions,2026-10-10T15:55:29+00:00,
VTR,VTR,"Ventas, Inc.",Real Estate,REIT - Healthcare Facilities,0.79,0.54,103.8481,151.92592,4.67,0.217,-0.067,0.39970002,0.14807999,0.04093,84.928,0.295,0.261,12918999040,198956000,0.741,42082119680,101.6,66.93,1793131200,2026-10-27,Yahoo Finance fundamentals via yfinance/GitHub Actions,2026-10-10T15:55:29+00:00,
VLTO,VLTO,Veralto Corp,Industrials,Pollution & Treatment Controls,4.78141,3.97,20.272263,24.415617,2.28,0.075,0.101,0.60183,0.21370001,0.17346,115.978,1.775,1.478,3592999936,2119000064,0.775,23630888960,105.75,80.03,1785268800,2026-07-28,Yahoo Finance fundamentals via yfinance/GitHub Actions,2026-10-10T15:55:29+00:00,
VRSN,VRSN,"VeriSign, Inc.",Technology,Software - Infrastructure,11.06173,9.21,27.458633,32.97937,2.16,0.06,0.077,0.88465,0.68178004,0.49769002,,0.591,0.557,2340300032,1034099968,0.692,27458095104,312.48,208.86,1792699200,2026-10-22,Yahoo Finance fundamentals via yfinance/GitHub Actions,2026-10-10T15:55:29+00:00,
VRSK,VRSK,"Verisk Analytics, Inc.",Industrials,Consulting Services,8.70235,6.51,20.41173,27.285713,1.39,0.044,-0.034,0.70179003,0.45106998,0.28237,,1.005,0.903,4617099776,552200000,0.692,23273410560,245.69,155.94,1793881800,2026-11-05,Yahoo Finance fundamentals via yfinance/GitHub Actions,2026-10-10T15:55:29+00:00,
VZ,VZ,Verizon Communications Inc.,Communication Services,Telecom Services,5.27771,3.84,7.8916807,10.8463545,0.82,-0.007,-0.22,0.59453,0.22999,0.11643,184.081,0.604,0.462,193646002176,1796000000,0.248,173046398976,51.68,38.39,1793017800,2026-10-26,Yahoo Finance fundamentals via yfinance/GitHub Actions,2026-10-10T15:55:29+00:00,
VRTX,VRTX,Vertex Pharmaceuticals Incorpor,Healthcare,Biotechnology,20.10614,17.17,25.369364,29.707628,1.96,0.125,0.08,0.54957,0.38055,0.34997,9.767,3.185,2.536,1977600000,7852400128,0.281,129203257344,560.25,402.58,1793649600,2026-11-02,Yahoo Finance fundamentals via yfinance/GitHub Actions,2026-10-10T15:55:29+00:00,
VRT,VRT,"Vertiv Holdings, LLC",Industrials,Electrical Equipment & Parts,9.17851,4.42,26.450916,54.9276,0.85,0.241,0.53,0.38039002,0.20362,0.15088001,70.166,1.379,0.947,3338200064,3110599936,2.048,93467426816,379.935,147.82,1785328200,2026-07-29,Yahoo Finance fundamentals via yfinance/GitHub Actions,2026-10-10T15:55:29+00:00,
VTRS,VTRS,Viatris Inc.,Healthcare,Drug Manufacturers - Specialty & Generic,2.67463,-0.36,6.5953045,,3.19,0.049,,0.40307,0.12550999,-0.02787,95.535,1.585,0.816,13623700480,1510499968,0.858,20261142528,18.43,9.73,1793881800,2026-11-05,Yahoo Finance fundamentals via yfinance/GitHub Actions,2026-10-10T15:55:29+00:00,
VICI,VICI,VICI Properties Inc.,Real Estate,REIT - Diversified,2.99,2.57,7.6521735,8.902723,,0.057,-0.414,0.99271005,0.70182997,0.67496,60.277,11.236,11.235,17843673088,300947008,0.674,25192652800,31.69,22.425,1793217600,2026-10-28,Yahoo Finance fundamentals via yfinance/GitHub Actions,2026-10-10T15:55:29+00:00,
V,V,Visa Inc.,Financial Services,Credit Services,15.00256,12.07,25.692284,31.934551,1.68,0.144,0.102,0.97725,0.66130996,0.50782,67.821,0.985,0.627,23857999872,13792000000,0.771,723626622976,386.84,293.89,1793131200,2026-10-27,Yahoo Finance fundamentals via yfinance/GitHub Actions,2026-10-10T15:55:29+00:00,
VST,VST,Vistra Corp.,Utilities,Utilities - Independent Power Producers,10.41634,6.13,15.502566,26.342577,0.44,-0.055,-0.062,0.38309,0.13766,0.1155,373.28,0.973,0.258,20508000256,435000000,1.384,54198370304,217.1,132.66,1793968200,2026-11-06,Yahoo Finance fundamentals via yfinance/GitHub Actions,2026-10-10T15:55:29+00:00,
VMRK,VMRK,Vivmark Residential,Real Estate,REIT - Residential,1.4702,2.66,41.599785,22.992481,7.17,0.033,,0.62325,0.29499,0.33253,75.129,0.348,0.044,9187223552,90121000,0.568,47324332032,71.5,57.57,1793822400,2026-11-04,Yahoo Finance fundamentals via yfinance/GitHub Actions,2026-10-10T15:55:29+00:00,
VMC,VMC,Vulcan Materials Company (Holdi,Basic Materials,Building Materials,10.43469,8.48,23.439123,28.841984,1.68,0.025,0.027,0.27506,0.21611,0.13748,58.22,1.757,1.051,4942099968,194200000,1.046,31692367872,331.09,237.03,1785328200,2026-07-29,Yahoo Finance fundamentals via yfinance/GitHub Actions,2026-10-10T15:55:29+00:00,
VYLR,VYLR,Vylor Inc.,Financial Services,Shell Companies,4.05585,0.7,18.035677,104.50001,,-0.012,-0.099,0.4954,0.3013,0.056649998,19.191,1.516,0.989,4874999808,2364999936,0.577,52049588224,75.49,65.0,1794427200,2026-11-11,Yahoo Finance fundamentals via yfinance/GitHub Actions,2026-10-10T15:55:29+00:00,
WRB,WRB,W.R. Berkley Corporation,Financial Services,Insurance - Property & Casualty,4.88594,4.87,14.717742,14.765915,4.59,0.012,0.15,0.43785998,0.16385001,0.12943,31.527,0.406,0.249,3103180032,3898912000,0.271,26694971392,78.96,62.87,1792440000,2026-10-19,Yahoo Finance fundamentals via yfinance/GitHub Actions,2026-10-10T15:55:29+00:00,
GWW,GWW,"W.W. Grainger, Inc.",Industrials,Industrial Distribution,51.00123,39.86,25.289392,32.358,1.74,0.103,0.205,0.39395002,0.16072,0.09923001,61.977,2.805,1.597,2796999936,589000000,1.013,60895010816,1419.91,906.52,1793795400,2026-11-04,Yahoo Finance fundamentals via yfinance/GitHub Actions,2026-10-10T15:55:29+00:00,
WAB,WAB,Westinghouse Air Brake Technolo,Industrials,Railroads,12.48469,7.44,22.862402,38.364246,1.37,0.175,0.189,0.35735,0.19188,0.10593,61.686,1.121,0.525,6936000000,660000000,0.917,48212221952,306.64,186.06,1792585800,2026-10-21,Yahoo Finance fundamentals via yfinance/GitHub Actions,2026-10-10T15:55:29+00:00,
WMT,WMT,Walmart Inc.,Consumer Defensive,Discount Stores,3.22354,2.76,34.54277,40.344204,3.64,0.059,-0.091,0.24836999,0.0345,0.03,71.653,0.767,0.195,75092000768,11528999936,0.578,883422593024,135.16,98.88,1795091400,2026-11-19,Yahoo Finance fundamentals via yfinance/GitHub Actions,2026-10-10T15:55:29+00:00,
DIS,DIS,Walt Disney Company (The),Communication Services,Entertainment,7.47509,4.85,14.454676,22.27835,3.39,0.068,-0.483,0.37595,0.19301,0.086990006,39.404,0.709,0.562,46041001984,5184999936,1.417,186568523776,117.09,92.19,1785933000,2026-08-05,Yahoo Finance fundamentals via yfinance/GitHub Actions,2026-10-10T15:55:29+00:00,
WM,WM,"Waste Management, Inc.",Industrials,Waste Management,9.0843,7.06,22.988012,29.57932,1.9,0.04,0.083,0.40601003,0.18986,0.11115,235.301,0.907,0.801,23356000256,557000000,0.43,83472523264,248.13,194.11,1793131200,2026-10-27,Yahoo Finance fundamentals via yfinance/GitHub Actions,2026-10-10T15:55:29+00:00,
WAT,WAT,Waters Corporation,Healthcare,Diagnostics & Research,16.53947,3.95,26.226353,109.815186,1.62,1.134,,0.56337,0.09422,0.03588,36.045,1.861,1.053,5477000192,539000000,1.149,42590076928,454.54,282.77,1793709000,2026-11-03,Yahoo Finance fundamentals via yfinance/GitHub Actions,2026-10-10T15:55:29+00:00,
WEC,WEC,"WEC Energy Group, Inc.",Utilities,Utilities - Regulated Electric,5.9989,5.15,17.29317,20.143688,2.03,0.026,0.197,0.41909,0.21802999,0.16686001,157.985,0.534,0.303,23023200256,50000000,0.442,33803614208,119.91,99.8,1793277000,2026-10-29,Yahoo Finance fundamentals via yfinance/GitHub Actions,2026-10-10T15:55:29+00:00,
WFC,WFC,Wells Fargo & Company,Financial Services,Banks - Diversified,8.02991,6.88,10.404849,12.143895,1.27,0.095,0.25,0.0,0.37387002,0.27232,,,,478470012928,496412000256,0.952,252655140864,97.76,72.78,1791894600,2026-10-13,Yahoo Finance fundamentals via yfinance/GitHub Actions,2026-10-10T15:55:29+00:00,
WELL,WELL,Welltower Inc.,Real Estate,REIT - Healthcare Facilities,3.18,2.23,70.90251,101.10762,3.66,0.391,0.356,0.39560002,0.16561002,0.12149999,41.375,1.317,0.946,19720804352,1965164032,0.747,162467381248,255.2,163.75,1793044800,2026-10-26,Yahoo Finance fundamentals via yfinance/GitHub Actions,2026-10-10T15:55:29+00:00,
WST,WST,"West Pharmaceutical Services, I",Healthcare,Medical Instruments & Supplies,9.98307,7.81,36.662067,46.862995,2.9,0.138,0.181,0.36786,0.22469,0.1698,10.585,2.822,1.819,316500000,435800000,1.125,25757528064,386.0,223.83,1793277000,2026-10-29,Yahoo Finance fundamentals via yfinance/GitHub Actions,2026-10-10T15:55:29+00:00,
WDC,WDC,Western Digital Corporation,Technology,Computer Hardware,32.04353,27.19,12.398135,14.757801,0.78,0.438,9.841,0.48851,0.43608,0.72947,13.436,1.329,0.85,1191000064,1579000064,2.169,148711145472,799.87,112.52,1792699200,2026-10-22,Yahoo Finance fundamentals via yfinance/GitHub Actions,2026-10-10T15:55:29+00:00,
WY,WY,Weyerhaeuser Company,Real Estate,REIT - Specialty,0.62295,0.65,30.660566,29.384617,1.86,-0.009,0.871,0.14507,0.080340005,0.06888,57.625,1.816,1.004,5448999936,527000000,0.933,13766057984,27.75,18.26,1793304000,2026-10-29,Yahoo Finance fundamentals via yfinance/GitHub Actions,2026-10-10T15:55:29+00:00,
WSM,WSM,"Williams-Sonoma, Inc.",Consumer Cyclical,Specialty Retail,10.51412,9.75,22.995743,24.797949,2.51,0.067,0.42,0.45692003,0.17272,0.14729,71.369,1.447,0.619,1527945984,1028936000,1.469,28473946112,254.89,165.51,1787747400,2026-08-26,Yahoo Finance fundamentals via yfinance/GitHub Actions,2026-10-10T15:55:29+00:00,
WMB,WMB,"Williams Companies, Inc. (The)",Energy,Oil & Gas Midstream,2.64672,2.51,27.456625,28.95219,2.08,0.078,0.512,0.63637,0.39540002,0.24937001,200.371,0.477,0.309,30793000960,203000000,0.663,88887582720,80.08,56.19,1785787200,2026-08-03,Yahoo Finance fundamentals via yfinance/GitHub Actions,2026-10-10T15:55:29+00:00,
WTW,WTW,Willis Towers Watson Public Lim,Financial Services,Insurance Brokers,22.85365,16.16,12.963357,18.332922,1.27,0.091,-0.268,0.42516,0.17559,0.15492,91.39,1.098,0.301,7101000192,1660999936,0.469,27514241024,351.51,240.61,1793277000,2026-10-29,Yahoo Finance fundamentals via yfinance/GitHub Actions,2026-10-10T15:55:29+00:00,
WDAY,WDAY,"Workday, Inc.",Technology,Software - Application,13.23298,4.91,14.100376,38.002037,0.56,0.128,2.06,0.75795,0.11816,0.12319,58.39,0.908,0.81,3772000000,3403000064,1.074,44968189952,247.4,110.36,1787860800,2026-08-27,Yahoo Finance fundamentals via yfinance/GitHub Actions,2026-10-10T15:55:29+00:00,
WYNN,WYNN,"Wynn Resorts, Limited",Consumer Cyclical,Resorts & Casinos,5.0962,4.17,14.746282,18.021584,0.68,0.069,1.061,0.683,0.16537,0.060549997,,0.912,0.838,12342463488,2100722944,0.952,7738487808,134.72,73.98,1793908800,2026-11-05,Yahoo Finance fundamentals via yfinance/GitHub Actions,2026-10-10T15:55:29+00:00,
XEL,XEL,Xcel Energy Inc.,Utilities,Utilities - Regulated Electric,4.53767,3.65,16.258345,20.212328,1.83,-0.051,0.24,0.46825,0.22700001,0.15278,173.135,0.701,0.477,41650999296,2018000000,0.373,46082396160,84.23,68.72,1793277000,2026-10-29,Yahoo Finance fundamentals via yfinance/GitHub Actions,2026-10-10T15:55:29+00:00,
XYL,XYL,Xylem Inc.,Industrials,Specialty Industrial Machinery,6.22571,4.23,16.497717,24.281324,1.27,0.015,0.195,0.39240003,0.16995001,0.111549996,28.642,1.613,1.161,3055000064,1276000000,0.991,23981430784,154.27,98.58,1793104200,2026-10-27,Yahoo Finance fundamentals via yfinance/GitHub Actions,2026-10-10T15:55:29+00:00,
YUM,YUM,"Yum! Brands, Inc.",Consumer Cyclical,Restaurants,6.9678,7.94,20.78418,18.239296,1.79,0.122,1.316,0.45311,0.32779998,0.25406998,,0.592,0.33,13413999616,683000000,0.546,39521538048,170.14,134.26,1793709000,2026-11-03,Yahoo Finance fundamentals via yfinance/GitHub Actions,2026-10-10T15:55:29+00:00,
ZBRA,ZBRA,Zebra Technologies Corporation,Technology,Communication Equipment,22.2529,10.91,17.39908,35.48854,0.65,0.204,1.215,0.49581,0.21259001,0.092180006,86.23,0.516,0.301,2961999872,157000000,1.584,18442696704,390.8,199.05,1793709000,2026-11-03,Yahoo Finance fundamentals via yfinance/GitHub Actions,2026-10-10T15:55:29+00:00,
ZBH,ZBH,"Zimmer Biomet Holdings, Inc.",Healthcare,Medical Devices,9.06961,4.12,9.828427,21.635923,0.56,0.048,0.338,0.69524,0.17959999,0.09481,60.175,1.691,0.741,7601699840,464500000,0.485,17002357760,106.88,79.12,1793795400,2026-11-04,Yahoo Finance fundamentals via yfinance/GitHub Actions,2026-10-10T15:55:29+00:00,
ZTS,ZTS,Zoetis Inc.,Healthcare,Drug Manufacturers - Specialty & Generic,6.54458,6.08,11.430833,12.304276,6.64,-0.002,0.012,0.71738,0.40721,0.27685,293.996,3.084,1.575,9255000064,1676000000,0.74,30913257472,148.3,68.77,1793881800,2026-11-05,Yahoo Finance fundamentals via yfinance/GitHub Actions,2026-10-10T15:55:29+00:00,
